split	font	cp
train	UN2000008	u0030
train	UN2000008	u0031
train	UN2000008	u0032
train	UN2000008	u0033
train	UN2000008	u0034
train	UN2000008	u0035
train	UN2000008	u0036
train	UN2000008	u0037
train	UN2000008	u0038
train	UN2000008	u0039
train	UN2000008	u0041
train	UN2000008	u0042
train	UN2000008	u0043
train	UN2000008	u0044
train	UN2000008	u0045
train	UN2000008	u0046
train	UN2000008	u0047
train	UN2000008	u0048
train	UN2000008	u0049
train	UN2000008	u004A
train	UN2000008	u004B
train	UN2000008	u004C
train	UN2000008	u004D
train	UN2000008	u004E
train	UN2000008	u004F
train	UN2000008	u0050
train	UN2000008	u0051
train	UN2000008	u0052
train	UN2000008	u0053
train	UN2000008	u0054
train	UN2000008	u0055
train	UN2000008	u0056
train	UN2000008	u0057
train	UN2000008	u0058
train	UN2000008	u0059
train	UN2000008	u005A
train	UN2000008	u0061
train	UN2000008	u0062
train	UN2000008	u0063
train	UN2000008	u0064
train	UN2000008	u0065
train	UN2000008	u0066
train	UN2000008	u0067
train	UN2000008	u0068
train	UN2000008	u0069
train	UN2000008	u006A
train	UN2000008	u006B
train	UN2000008	u006C
train	UN2000008	u006D
train	UN2000008	u006E
train	UN2000008	u006F
train	UN2000008	u0070
train	UN2000008	u0071
train	UN2000008	u0072
train	UN2000008	u0073
train	UN2000008	u0074
train	UN2000008	u0075
train	UN2000008	u0076
train	UN2000008	u0077
train	UN2000008	u0078
train	UN2000008	u0079
train	UN2000008	u007A
train	UN2000008	u00E0
train	UN2000008	u00E1
train	UN2000008	u00E8
train	UN2000008	u00E9
train	UN2000008	u00EA
train	UN2000008	u00ED
train	UN2000008	u00F2
train	UN2000008	u00F3
train	UN2000008	u00F9
train	UN2000008	u00FA
train	UN2000008	u00FC
train	UN2000008	u0101
train	UN2000008	u0113
train	UN2000008	u011B
train	UN2000008	u012B
train	UN2000008	u0144
train	UN2000008	u0148
train	UN2000008	u014D
train	UN2000008	u016B
train	UN2000008	u01CE
train	UN2000008	u01D0
train	UN2000008	u01D2
train	UN2000008	u01D4
train	UN2000008	u01D6
train	UN2000008	u01D8
train	UN2000008	u01DA
train	UN2000008	u01DC
train	UN2000043	u0030
train	UN2000043	u0031
train	UN2000043	u0032
train	UN2000043	u0033
train	UN2000043	u0034
train	UN2000043	u0035
train	UN2000043	u0036
train	UN2000043	u0037
train	UN2000043	u0038
train	UN2000043	u0039
train	UN2000043	u0041
train	UN2000043	u0042
train	UN2000043	u0043
train	UN2000043	u0044
train	UN2000043	u0045
train	UN2000043	u0046
train	UN2000043	u0047
train	UN2000043	u0048
train	UN2000043	u0049
train	UN2000043	u004A
train	UN2000043	u004B
train	UN2000043	u004C
train	UN2000043	u004D
train	UN2000043	u004E
train	UN2000043	u004F
train	UN2000043	u0050
train	UN2000043	u0051
train	UN2000043	u0052
train	UN2000043	u0053
train	UN2000043	u0054
train	UN2000043	u0055
train	UN2000043	u0056
train	UN2000043	u0057
train	UN2000043	u0058
train	UN2000043	u0059
train	UN2000043	u005A
train	UN2000043	u0061
train	UN2000043	u0062
train	UN2000043	u0063
train	UN2000043	u0064
train	UN2000043	u0065
train	UN2000043	u0066
train	UN2000043	u0067
train	UN2000043	u0068
train	UN2000043	u0069
train	UN2000043	u006A
train	UN2000043	u006B
train	UN2000043	u006C
train	UN2000043	u006D
train	UN2000043	u006E
train	UN2000043	u006F
train	UN2000043	u0070
train	UN2000043	u0071
train	UN2000043	u0072
train	UN2000043	u0073
train	UN2000043	u0074
train	UN2000043	u0075
train	UN2000043	u0076
train	UN2000043	u0077
train	UN2000043	u0078
train	UN2000043	u0079
train	UN2000043	u007A
train	UN2000043	u00E0
train	UN2000043	u00E1
train	UN2000043	u00E8
train	UN2000043	u00E9
train	UN2000043	u00EA
train	UN2000043	u00ED
train	UN2000043	u00F2
train	UN2000043	u00F3
train	UN2000043	u00F9
train	UN2000043	u00FA
train	UN2000043	u00FC
train	UN2000043	u0101
train	UN2000043	u0113
train	UN2000043	u011B
train	UN2000043	u012B
train	UN2000043	u0144
train	UN2000043	u0148
train	UN2000043	u014D
train	UN2000043	u016B
train	UN2000043	u01CE
train	UN2000043	u01D0
train	UN2000043	u01D2
train	UN2000043	u01D4
train	UN2000043	u01D6
train	UN2000043	u01D8
train	UN2000043	u01DA
train	UN2000043	u01DC
train	UN2000060	u0030
train	UN2000060	u0031
train	UN2000060	u0032
train	UN2000060	u0033
train	UN2000060	u0034
train	UN2000060	u0035
train	UN2000060	u0036
train	UN2000060	u0037
train	UN2000060	u0038
train	UN2000060	u0039
train	UN2000060	u0041
train	UN2000060	u0042
train	UN2000060	u0043
train	UN2000060	u0044
train	UN2000060	u0045
train	UN2000060	u0046
train	UN2000060	u0047
train	UN2000060	u0048
train	UN2000060	u0049
train	UN2000060	u004A
train	UN2000060	u004B
train	UN2000060	u004C
train	UN2000060	u004D
train	UN2000060	u004E
train	UN2000060	u004F
train	UN2000060	u0050
train	UN2000060	u0051
train	UN2000060	u0052
train	UN2000060	u0053
train	UN2000060	u0054
train	UN2000060	u0055
train	UN2000060	u0056
train	UN2000060	u0057
train	UN2000060	u0058
train	UN2000060	u0059
train	UN2000060	u005A
train	UN2000060	u0061
train	UN2000060	u0062
train	UN2000060	u0063
train	UN2000060	u0064
train	UN2000060	u0065
train	UN2000060	u0066
train	UN2000060	u0067
train	UN2000060	u0068
train	UN2000060	u0069
train	UN2000060	u006A
train	UN2000060	u006B
train	UN2000060	u006C
train	UN2000060	u006D
train	UN2000060	u006E
train	UN2000060	u006F
train	UN2000060	u0070
train	UN2000060	u0071
train	UN2000060	u0072
train	UN2000060	u0073
train	UN2000060	u0074
train	UN2000060	u0075
train	UN2000060	u0076
train	UN2000060	u0077
train	UN2000060	u0078
train	UN2000060	u0079
train	UN2000060	u007A
train	UN2000596	u0030
train	UN2000596	u0031
train	UN2000596	u0032
train	UN2000596	u0033
train	UN2000596	u0034
train	UN2000596	u0035
train	UN2000596	u0036
train	UN2000596	u0037
train	UN2000596	u0038
train	UN2000596	u0039
train	UN2000596	u0041
train	UN2000596	u0042
train	UN2000596	u0043
train	UN2000596	u0044
train	UN2000596	u0045
train	UN2000596	u0046
train	UN2000596	u0047
train	UN2000596	u0048
train	UN2000596	u0049
train	UN2000596	u004A
train	UN2000596	u004B
train	UN2000596	u004C
train	UN2000596	u004D
train	UN2000596	u004E
train	UN2000596	u004F
train	UN2000596	u0050
train	UN2000596	u0051
train	UN2000596	u0052
train	UN2000596	u0053
train	UN2000596	u0054
train	UN2000596	u0055
train	UN2000596	u0056
train	UN2000596	u0057
train	UN2000596	u0058
train	UN2000596	u0059
train	UN2000596	u005A
train	UN2000596	u0061
train	UN2000596	u0062
train	UN2000596	u0063
train	UN2000596	u0064
train	UN2000596	u0065
train	UN2000596	u0066
train	UN2000596	u0067
train	UN2000596	u0068
train	UN2000596	u0069
train	UN2000596	u006A
train	UN2000596	u006B
train	UN2000596	u006C
train	UN2000596	u006D
train	UN2000596	u006E
train	UN2000596	u006F
train	UN2000596	u0070
train	UN2000596	u0071
train	UN2000596	u0072
train	UN2000596	u0073
train	UN2000596	u0074
train	UN2000596	u0075
train	UN2000596	u0076
train	UN2000596	u0077
train	UN2000596	u0078
train	UN2000596	u0079
train	UN2000596	u007A
train	UN2000600	u0030
train	UN2000600	u0031
train	UN2000600	u0032
train	UN2000600	u0033
train	UN2000600	u0034
train	UN2000600	u0035
train	UN2000600	u0036
train	UN2000600	u0037
train	UN2000600	u0038
train	UN2000600	u0039
train	UN2000600	u0041
train	UN2000600	u0042
train	UN2000600	u0043
train	UN2000600	u0044
train	UN2000600	u0045
train	UN2000600	u0046
train	UN2000600	u0047
train	UN2000600	u0048
train	UN2000600	u0049
train	UN2000600	u004A
train	UN2000600	u004B
train	UN2000600	u004C
train	UN2000600	u004D
train	UN2000600	u004E
train	UN2000600	u004F
train	UN2000600	u0050
train	UN2000600	u0051
train	UN2000600	u0052
train	UN2000600	u0053
train	UN2000600	u0054
train	UN2000600	u0055
train	UN2000600	u0056
train	UN2000600	u0057
train	UN2000600	u0058
train	UN2000600	u0059
train	UN2000600	u005A
train	UN2000600	u0061
train	UN2000600	u0062
train	UN2000600	u0063
train	UN2000600	u0064
train	UN2000600	u0065
train	UN2000600	u0066
train	UN2000600	u0067
train	UN2000600	u0068
train	UN2000600	u0069
train	UN2000600	u006A
train	UN2000600	u006B
train	UN2000600	u006C
train	UN2000600	u006D
train	UN2000600	u006E
train	UN2000600	u006F
train	UN2000600	u0070
train	UN2000600	u0071
train	UN2000600	u0072
train	UN2000600	u0073
train	UN2000600	u0074
train	UN2000600	u0075
train	UN2000600	u0076
train	UN2000600	u0077
train	UN2000600	u0078
train	UN2000600	u0079
train	UN2000600	u007A
train	UN2000621	u0030
train	UN2000621	u0031
train	UN2000621	u0032
train	UN2000621	u0033
train	UN2000621	u0034
train	UN2000621	u0035
train	UN2000621	u0036
train	UN2000621	u0037
train	UN2000621	u0038
train	UN2000621	u0039
train	UN2000621	u0041
train	UN2000621	u0042
train	UN2000621	u0043
train	UN2000621	u0044
train	UN2000621	u0045
train	UN2000621	u0046
train	UN2000621	u0047
train	UN2000621	u0048
train	UN2000621	u0049
train	UN2000621	u004A
train	UN2000621	u004B
train	UN2000621	u004C
train	UN2000621	u004D
train	UN2000621	u004E
train	UN2000621	u004F
train	UN2000621	u0050
train	UN2000621	u0051
train	UN2000621	u0052
train	UN2000621	u0053
train	UN2000621	u0054
train	UN2000621	u0055
train	UN2000621	u0056
train	UN2000621	u0057
train	UN2000621	u0058
train	UN2000621	u0059
train	UN2000621	u005A
train	UN2000621	u0061
train	UN2000621	u0062
train	UN2000621	u0063
train	UN2000621	u0064
train	UN2000621	u0065
train	UN2000621	u0066
train	UN2000621	u0067
train	UN2000621	u0068
train	UN2000621	u0069
train	UN2000621	u006A
train	UN2000621	u006B
train	UN2000621	u006C
train	UN2000621	u006D
train	UN2000621	u006E
train	UN2000621	u006F
train	UN2000621	u0070
train	UN2000621	u0071
train	UN2000621	u0072
train	UN2000621	u0073
train	UN2000621	u0074
train	UN2000621	u0075
train	UN2000621	u0076
train	UN2000621	u0077
train	UN2000621	u0078
train	UN2000621	u0079
train	UN2000621	u007A
train	UN2000631	u0030
train	UN2000631	u0031
train	UN2000631	u0032
train	UN2000631	u0033
train	UN2000631	u0034
train	UN2000631	u0035
train	UN2000631	u0036
train	UN2000631	u0037
train	UN2000631	u0038
train	UN2000631	u0039
train	UN2000631	u0041
train	UN2000631	u0042
train	UN2000631	u0043
train	UN2000631	u0044
train	UN2000631	u0045
train	UN2000631	u0046
train	UN2000631	u0047
train	UN2000631	u0048
train	UN2000631	u0049
train	UN2000631	u004A
train	UN2000631	u004B
train	UN2000631	u004C
train	UN2000631	u004D
train	UN2000631	u004E
train	UN2000631	u004F
train	UN2000631	u0050
train	UN2000631	u0051
train	UN2000631	u0052
train	UN2000631	u0053
train	UN2000631	u0054
train	UN2000631	u0055
train	UN2000631	u0056
train	UN2000631	u0057
train	UN2000631	u0058
train	UN2000631	u0059
train	UN2000631	u005A
train	UN2000631	u0061
train	UN2000631	u0062
train	UN2000631	u0063
train	UN2000631	u0064
train	UN2000631	u0065
train	UN2000631	u0066
train	UN2000631	u0067
train	UN2000631	u0068
train	UN2000631	u0069
train	UN2000631	u006A
train	UN2000631	u006B
train	UN2000631	u006C
train	UN2000631	u006D
train	UN2000631	u006E
train	UN2000631	u006F
train	UN2000631	u0070
train	UN2000631	u0071
train	UN2000631	u0072
train	UN2000631	u0073
train	UN2000631	u0074
train	UN2000631	u0075
train	UN2000631	u0076
train	UN2000631	u0077
train	UN2000631	u0078
train	UN2000631	u0079
train	UN2000631	u007A
train	UN2000645	u0030
train	UN2000645	u0031
train	UN2000645	u0032
train	UN2000645	u0033
train	UN2000645	u0034
train	UN2000645	u0035
train	UN2000645	u0036
train	UN2000645	u0037
train	UN2000645	u0038
train	UN2000645	u0039
train	UN2000645	u0041
train	UN2000645	u0042
train	UN2000645	u0043
train	UN2000645	u0044
train	UN2000645	u0045
train	UN2000645	u0046
train	UN2000645	u0047
train	UN2000645	u0048
train	UN2000645	u0049
train	UN2000645	u004A
train	UN2000645	u004B
train	UN2000645	u004C
train	UN2000645	u004D
train	UN2000645	u004E
train	UN2000645	u004F
train	UN2000645	u0050
train	UN2000645	u0051
train	UN2000645	u0052
train	UN2000645	u0053
train	UN2000645	u0054
train	UN2000645	u0055
train	UN2000645	u0056
train	UN2000645	u0057
train	UN2000645	u0058
train	UN2000645	u0059
train	UN2000645	u005A
train	UN2000645	u0061
train	UN2000645	u0062
train	UN2000645	u0063
train	UN2000645	u0064
train	UN2000645	u0065
train	UN2000645	u0066
train	UN2000645	u0067
train	UN2000645	u0068
train	UN2000645	u0069
train	UN2000645	u006A
train	UN2000645	u006B
train	UN2000645	u006C
train	UN2000645	u006D
train	UN2000645	u006E
train	UN2000645	u006F
train	UN2000645	u0070
train	UN2000645	u0071
train	UN2000645	u0072
train	UN2000645	u0073
train	UN2000645	u0074
train	UN2000645	u0075
train	UN2000645	u0076
train	UN2000645	u0077
train	UN2000645	u0078
train	UN2000645	u0079
train	UN2000645	u007A
train	UN2000645	u00E0
train	UN2000645	u00E1
train	UN2000645	u00E8
train	UN2000645	u00E9
train	UN2000645	u00EA
train	UN2000645	u00ED
train	UN2000645	u00F2
train	UN2000645	u00F3
train	UN2000645	u00F9
train	UN2000645	u00FA
train	UN2000645	u00FC
train	UN2000645	u0101
train	UN2000645	u0113
train	UN2000645	u011B
train	UN2000645	u012B
train	UN2000645	u0144
train	UN2000645	u0148
train	UN2000645	u014D
train	UN2000645	u016B
train	UN2000652	u0030
train	UN2000652	u0031
train	UN2000652	u0032
train	UN2000652	u0033
train	UN2000652	u0034
train	UN2000652	u0035
train	UN2000652	u0036
train	UN2000652	u0037
train	UN2000652	u0038
train	UN2000652	u0039
train	UN2000652	u0041
train	UN2000652	u0042
train	UN2000652	u0043
train	UN2000652	u0044
train	UN2000652	u0045
train	UN2000652	u0046
train	UN2000652	u0047
train	UN2000652	u0048
train	UN2000652	u0049
train	UN2000652	u004A
train	UN2000652	u004B
train	UN2000652	u004C
train	UN2000652	u004D
train	UN2000652	u004E
train	UN2000652	u004F
train	UN2000652	u0050
train	UN2000652	u0051
train	UN2000652	u0052
train	UN2000652	u0053
train	UN2000652	u0054
train	UN2000652	u0055
train	UN2000652	u0056
train	UN2000652	u0057
train	UN2000652	u0058
train	UN2000652	u0059
train	UN2000652	u005A
train	UN2000652	u0061
train	UN2000652	u0062
train	UN2000652	u0063
train	UN2000652	u0064
train	UN2000652	u0065
train	UN2000652	u0066
train	UN2000652	u0067
train	UN2000652	u0068
train	UN2000652	u0069
train	UN2000652	u006A
train	UN2000652	u006B
train	UN2000652	u006C
train	UN2000652	u006D
train	UN2000652	u006E
train	UN2000652	u006F
train	UN2000652	u0070
train	UN2000652	u0071
train	UN2000652	u0072
train	UN2000652	u0073
train	UN2000652	u0074
train	UN2000652	u0075
train	UN2000652	u0076
train	UN2000652	u0077
train	UN2000652	u0078
train	UN2000652	u0079
train	UN2000652	u007A
train	UN2000652	u00E0
train	UN2000652	u00E1
train	UN2000652	u00E8
train	UN2000652	u00E9
train	UN2000652	u00EA
train	UN2000652	u00ED
train	UN2000652	u00F2
train	UN2000652	u00F3
train	UN2000652	u00F9
train	UN2000652	u00FA
train	UN2000652	u00FC
train	UN2000652	u0101
train	UN2000652	u0113
train	UN2000652	u011B
train	UN2000652	u012B
train	UN2000652	u0144
train	UN2000652	u0148
train	UN2000652	u014D
train	UN2000652	u016B
train	UN2000693	u0030
train	UN2000693	u0031
train	UN2000693	u0032
train	UN2000693	u0033
train	UN2000693	u0034
train	UN2000693	u0035
train	UN2000693	u0036
train	UN2000693	u0037
train	UN2000693	u0038
train	UN2000693	u0039
train	UN2000693	u0041
train	UN2000693	u0042
train	UN2000693	u0043
train	UN2000693	u0044
train	UN2000693	u0045
train	UN2000693	u0046
train	UN2000693	u0047
train	UN2000693	u0048
train	UN2000693	u0049
train	UN2000693	u004A
train	UN2000693	u004B
train	UN2000693	u004C
train	UN2000693	u004D
train	UN2000693	u004E
train	UN2000693	u004F
train	UN2000693	u0050
train	UN2000693	u0051
train	UN2000693	u0052
train	UN2000693	u0053
train	UN2000693	u0054
train	UN2000693	u0055
train	UN2000693	u0056
train	UN2000693	u0057
train	UN2000693	u0058
train	UN2000693	u0059
train	UN2000693	u005A
train	UN2000693	u0061
train	UN2000693	u0062
train	UN2000693	u0063
train	UN2000693	u0064
train	UN2000693	u0065
train	UN2000693	u0066
train	UN2000693	u0067
train	UN2000693	u0068
train	UN2000693	u0069
train	UN2000693	u006A
train	UN2000693	u006B
train	UN2000693	u006C
train	UN2000693	u006D
train	UN2000693	u006E
train	UN2000693	u006F
train	UN2000693	u0070
train	UN2000693	u0071
train	UN2000693	u0072
train	UN2000693	u0073
train	UN2000693	u0074
train	UN2000693	u0075
train	UN2000693	u0076
train	UN2000693	u0077
train	UN2000693	u0078
train	UN2000693	u0079
train	UN2000693	u007A
train	UN2000699	u0030
train	UN2000699	u0031
train	UN2000699	u0032
train	UN2000699	u0033
train	UN2000699	u0034
train	UN2000699	u0035
train	UN2000699	u0036
train	UN2000699	u0037
train	UN2000699	u0038
train	UN2000699	u0039
train	UN2000699	u0041
train	UN2000699	u0042
train	UN2000699	u0043
train	UN2000699	u0044
train	UN2000699	u0045
train	UN2000699	u0046
train	UN2000699	u0047
train	UN2000699	u0048
train	UN2000699	u0049
train	UN2000699	u004A
train	UN2000699	u004B
train	UN2000699	u004C
train	UN2000699	u004D
train	UN2000699	u004E
train	UN2000699	u004F
train	UN2000699	u0050
train	UN2000699	u0051
train	UN2000699	u0052
train	UN2000699	u0053
train	UN2000699	u0054
train	UN2000699	u0055
train	UN2000699	u0056
train	UN2000699	u0057
train	UN2000699	u0058
train	UN2000699	u0059
train	UN2000699	u005A
train	UN2000699	u0061
train	UN2000699	u0062
train	UN2000699	u0063
train	UN2000699	u0064
train	UN2000699	u0065
train	UN2000699	u0066
train	UN2000699	u0067
train	UN2000699	u0068
train	UN2000699	u0069
train	UN2000699	u006A
train	UN2000699	u006B
train	UN2000699	u006C
train	UN2000699	u006D
train	UN2000699	u006E
train	UN2000699	u006F
train	UN2000699	u0070
train	UN2000699	u0071
train	UN2000699	u0072
train	UN2000699	u0073
train	UN2000699	u0074
train	UN2000699	u0075
train	UN2000699	u0076
train	UN2000699	u0077
train	UN2000699	u0078
train	UN2000699	u0079
train	UN2000699	u007A
train	UN2000703	u0030
train	UN2000703	u0031
train	UN2000703	u0032
train	UN2000703	u0033
train	UN2000703	u0034
train	UN2000703	u0035
train	UN2000703	u0036
train	UN2000703	u0037
train	UN2000703	u0038
train	UN2000703	u0039
train	UN2000703	u0041
train	UN2000703	u0042
train	UN2000703	u0043
train	UN2000703	u0044
train	UN2000703	u0045
train	UN2000703	u0046
train	UN2000703	u0047
train	UN2000703	u0048
train	UN2000703	u0049
train	UN2000703	u004A
train	UN2000703	u004B
train	UN2000703	u004C
train	UN2000703	u004D
train	UN2000703	u004E
train	UN2000703	u004F
train	UN2000703	u0050
train	UN2000703	u0051
train	UN2000703	u0052
train	UN2000703	u0053
train	UN2000703	u0054
train	UN2000703	u0055
train	UN2000703	u0056
train	UN2000703	u0057
train	UN2000703	u0058
train	UN2000703	u0059
train	UN2000703	u005A
train	UN2000703	u0061
train	UN2000703	u0062
train	UN2000703	u0063
train	UN2000703	u0064
train	UN2000703	u0065
train	UN2000703	u0066
train	UN2000703	u0067
train	UN2000703	u0068
train	UN2000703	u0069
train	UN2000703	u006A
train	UN2000703	u006B
train	UN2000703	u006C
train	UN2000703	u006D
train	UN2000703	u006E
train	UN2000703	u006F
train	UN2000703	u0070
train	UN2000703	u0071
train	UN2000703	u0072
train	UN2000703	u0073
train	UN2000703	u0074
train	UN2000703	u0075
train	UN2000703	u0076
train	UN2000703	u0077
train	UN2000703	u0078
train	UN2000703	u0079
train	UN2000703	u007A
train	UN2000703	u00E0
train	UN2000703	u00E1
train	UN2000703	u00E8
train	UN2000703	u00E9
train	UN2000703	u00EA
train	UN2000703	u00ED
train	UN2000703	u00F2
train	UN2000703	u00F3
train	UN2000703	u00F9
train	UN2000703	u00FA
train	UN2000703	u00FC
train	UN2000703	u0101
train	UN2000703	u0113
train	UN2000703	u011B
train	UN2000703	u012B
train	UN2000703	u0144
train	UN2000703	u0148
train	UN2000703	u014D
train	UN2000703	u016B
train	UN2000703	u01CE
train	UN2000703	u01D0
train	UN2000703	u01D2
train	UN2000703	u01D4
train	UN2000703	u01D6
train	UN2000703	u01D8
train	UN2000703	u01DA
train	UN2000703	u01DC
train	UN2000703	u3041
train	UN2000703	u3042
train	UN2000703	u3043
train	UN2000703	u3044
train	UN2000703	u3045
train	UN2000703	u3046
train	UN2000703	u3047
train	UN2000703	u3048
train	UN2000703	u3049
train	UN2000703	u304A
train	UN2000703	u304B
train	UN2000703	u304C
train	UN2000703	u304D
train	UN2000703	u304E
train	UN2000703	u304F
train	UN2000703	u3050
train	UN2000703	u3051
train	UN2000703	u3052
train	UN2000703	u3053
train	UN2000703	u3054
train	UN2000703	u3055
train	UN2000703	u3056
train	UN2000703	u3057
train	UN2000703	u3058
train	UN2000703	u3059
train	UN2000703	u305A
train	UN2000703	u305B
train	UN2000703	u305C
train	UN2000703	u305D
train	UN2000703	u305E
train	UN2000703	u305F
train	UN2000703	u3060
train	UN2000703	u3061
train	UN2000703	u3062
train	UN2000703	u3063
train	UN2000703	u3064
train	UN2000703	u3065
train	UN2000703	u3066
train	UN2000703	u3067
train	UN2000703	u3068
train	UN2000703	u3069
train	UN2000703	u306A
train	UN2000703	u306B
train	UN2000703	u306C
train	UN2000703	u306D
train	UN2000703	u306E
train	UN2000703	u306F
train	UN2000703	u3070
train	UN2000703	u3071
train	UN2000703	u3072
train	UN2000703	u3073
train	UN2000703	u3074
train	UN2000703	u3075
train	UN2000703	u3076
train	UN2000703	u3077
train	UN2000703	u3078
train	UN2000703	u3079
train	UN2000703	u307A
train	UN2000703	u307B
train	UN2000703	u307C
train	UN2000703	u307D
train	UN2000703	u307E
train	UN2000703	u307F
train	UN2000703	u3080
train	UN2000703	u3081
train	UN2000703	u3082
train	UN2000703	u3083
train	UN2000703	u3084
train	UN2000703	u3085
train	UN2000703	u3086
train	UN2000703	u3087
train	UN2000703	u3088
train	UN2000703	u3089
train	UN2000703	u308A
train	UN2000703	u308B
train	UN2000703	u308C
train	UN2000703	u308D
train	UN2000703	u308E
train	UN2000703	u308F
train	UN2000703	u3090
train	UN2000703	u3091
train	UN2000703	u3092
train	UN2000703	u3093
train	UN2000703	u30A1
train	UN2000703	u30A2
train	UN2000703	u30A3
train	UN2000703	u30A4
train	UN2000703	u30A5
train	UN2000703	u30A6
train	UN2000703	u30A7
train	UN2000703	u30A8
train	UN2000703	u30A9
train	UN2000703	u30AA
train	UN2000703	u30AB
train	UN2000703	u30AC
train	UN2000703	u30AD
train	UN2000703	u30AE
train	UN2000703	u30AF
train	UN2000703	u30B0
train	UN2000703	u30B1
train	UN2000703	u30B2
train	UN2000703	u30B3
train	UN2000703	u30B4
train	UN2000703	u30B5
train	UN2000703	u30B6
train	UN2000703	u30B7
train	UN2000703	u30B8
train	UN2000703	u30B9
train	UN2000703	u30BA
train	UN2000703	u30BB
train	UN2000703	u30BC
train	UN2000703	u30BD
train	UN2000703	u30BE
train	UN2000703	u30BF
train	UN2000703	u30C0
train	UN2000703	u30C1
train	UN2000703	u30C2
train	UN2000703	u30C3
train	UN2000703	u30C4
train	UN2000703	u30C5
train	UN2000703	u30C6
train	UN2000703	u30C7
train	UN2000703	u30C8
train	UN2000703	u30C9
train	UN2000703	u30CA
train	UN2000703	u30CB
train	UN2000703	u30CC
train	UN2000703	u30CD
train	UN2000703	u30CE
train	UN2000703	u30CF
train	UN2000703	u30D0
train	UN2000703	u30D1
train	UN2000703	u30D2
train	UN2000703	u30D3
train	UN2000703	u30D4
train	UN2000703	u30D5
train	UN2000703	u30D6
train	UN2000703	u30D7
train	UN2000703	u30D8
train	UN2000703	u30D9
train	UN2000703	u30DA
train	UN2000703	u30DB
train	UN2000703	u30DC
train	UN2000703	u30DD
train	UN2000703	u30DE
train	UN2000703	u30DF
train	UN2000703	u30E0
train	UN2000703	u30E1
train	UN2000703	u30E2
train	UN2000703	u30E3
train	UN2000703	u30E4
train	UN2000703	u30E5
train	UN2000703	u30E6
train	UN2000703	u30E7
train	UN2000703	u30E8
train	UN2000703	u30E9
train	UN2000703	u30EA
train	UN2000703	u30EB
train	UN2000703	u30EC
train	UN2000703	u30ED
train	UN2000703	u30EE
train	UN2000703	u30EF
train	UN2000703	u30F0
train	UN2000703	u30F1
train	UN2000703	u30F2
train	UN2000703	u30F3
train	UN2000703	u30F4
train	UN2000703	u30F5
train	UN2000703	u30F6
train	UN2000703	u3105
train	UN2000703	u3106
train	UN2000703	u3107
train	UN2000703	u3108
train	UN2000703	u3109
train	UN2000703	u310A
train	UN2000703	u310B
train	UN2000703	u310C
train	UN2000703	u310D
train	UN2000703	u310E
train	UN2000703	u310F
train	UN2000703	u3110
train	UN2000703	u3111
train	UN2000703	u3112
train	UN2000703	u3113
train	UN2000703	u3114
train	UN2000703	u3115
train	UN2000703	u3116
train	UN2000703	u3117
train	UN2000703	u3118
train	UN2000703	u3119
train	UN2000703	u311A
train	UN2000703	u311B
train	UN2000703	u311C
train	UN2000703	u311D
train	UN2000703	u311E
train	UN2000703	u311F
train	UN2000703	u3120
train	UN2000703	u3121
train	UN2000703	u3122
train	UN2000703	u3123
train	UN2000703	u3124
train	UN2000703	u3125
train	UN2000703	u3126
train	UN2000703	u3127
train	UN2000703	u3128
train	UN2000703	u3129
train	UN2010627	u0030
train	UN2010627	u0031
train	UN2010627	u0032
train	UN2010627	u0033
train	UN2010627	u0034
train	UN2010627	u0035
train	UN2010627	u0036
train	UN2010627	u0037
train	UN2010627	u0038
train	UN2010627	u0039
train	UN2010627	u0041
train	UN2010627	u0042
train	UN2010627	u0043
train	UN2010627	u0044
train	UN2010627	u0045
train	UN2010627	u0046
train	UN2010627	u0047
train	UN2010627	u0048
train	UN2010627	u0049
train	UN2010627	u004A
train	UN2010627	u004B
train	UN2010627	u004C
train	UN2010627	u004D
train	UN2010627	u004E
train	UN2010627	u004F
train	UN2010627	u0050
train	UN2010627	u0051
train	UN2010627	u0052
train	UN2010627	u0053
train	UN2010627	u0054
train	UN2010627	u0055
train	UN2010627	u0056
train	UN2010627	u0057
train	UN2010627	u0058
train	UN2010627	u0059
train	UN2010627	u005A
train	UN2010627	u0061
train	UN2010627	u0062
train	UN2010627	u0063
train	UN2010627	u0064
train	UN2010627	u0065
train	UN2010627	u0066
train	UN2010627	u0067
train	UN2010627	u0068
train	UN2010627	u0069
train	UN2010627	u006A
train	UN2010627	u006B
train	UN2010627	u006C
train	UN2010627	u006D
train	UN2010627	u006E
train	UN2010627	u006F
train	UN2010627	u0070
train	UN2010627	u0071
train	UN2010627	u0072
train	UN2010627	u0073
train	UN2010627	u0074
train	UN2010627	u0075
train	UN2010627	u0076
train	UN2010627	u0077
train	UN2010627	u0078
train	UN2010627	u0079
train	UN2010627	u007A
train	UN2010627	u00E0
train	UN2010627	u00E1
train	UN2010627	u00E8
train	UN2010627	u00E9
train	UN2010627	u00EA
train	UN2010627	u00ED
train	UN2010627	u00F2
train	UN2010627	u00F3
train	UN2010627	u00F9
train	UN2010627	u00FA
train	UN2010627	u00FC
train	UN2010627	u0101
train	UN2010627	u0113
train	UN2010627	u011B
train	UN2010627	u012B
train	UN2010627	u0144
train	UN2010627	u0148
train	UN2010627	u014D
train	UN2010627	u016B
train	UN2010627	u01CE
train	UN2010627	u01D0
train	UN2010627	u01D2
train	UN2010627	u01D4
train	UN2010627	u01D6
train	UN2010627	u01D8
train	UN2010627	u01DA
train	UN2010627	u01DC
train	UN2010629	u0030
train	UN2010629	u0031
train	UN2010629	u0032
train	UN2010629	u0033
train	UN2010629	u0034
train	UN2010629	u0035
train	UN2010629	u0036
train	UN2010629	u0037
train	UN2010629	u0038
train	UN2010629	u0039
train	UN2010629	u0041
train	UN2010629	u0042
train	UN2010629	u0043
train	UN2010629	u0044
train	UN2010629	u0045
train	UN2010629	u0046
train	UN2010629	u0047
train	UN2010629	u0048
train	UN2010629	u0049
train	UN2010629	u004A
train	UN2010629	u004B
train	UN2010629	u004C
train	UN2010629	u004D
train	UN2010629	u004E
train	UN2010629	u004F
train	UN2010629	u0050
train	UN2010629	u0051
train	UN2010629	u0052
train	UN2010629	u0053
train	UN2010629	u0054
train	UN2010629	u0055
train	UN2010629	u0056
train	UN2010629	u0057
train	UN2010629	u0058
train	UN2010629	u0059
train	UN2010629	u005A
train	UN2010629	u0061
train	UN2010629	u0062
train	UN2010629	u0063
train	UN2010629	u0064
train	UN2010629	u0065
train	UN2010629	u0066
train	UN2010629	u0067
train	UN2010629	u0068
train	UN2010629	u0069
train	UN2010629	u006A
train	UN2010629	u006B
train	UN2010629	u006C
train	UN2010629	u006D
train	UN2010629	u006E
train	UN2010629	u006F
train	UN2010629	u0070
train	UN2010629	u0071
train	UN2010629	u0072
train	UN2010629	u0073
train	UN2010629	u0074
train	UN2010629	u0075
train	UN2010629	u0076
train	UN2010629	u0077
train	UN2010629	u0078
train	UN2010629	u0079
train	UN2010629	u007A
train	UN2010629	u00E0
train	UN2010629	u00E1
train	UN2010629	u00E8
train	UN2010629	u00E9
train	UN2010629	u00EA
train	UN2010629	u00ED
train	UN2010629	u00F2
train	UN2010629	u00F3
train	UN2010629	u00F9
train	UN2010629	u00FA
train	UN2010629	u00FC
train	UN2010629	u0101
train	UN2010629	u0113
train	UN2010629	u011B
train	UN2010629	u012B
train	UN2010629	u0144
train	UN2010629	u0148
train	UN2010629	u014D
train	UN2010629	u016B
train	UN2010629	u01CE
train	UN2010629	u01D0
train	UN2010629	u01D2
train	UN2010629	u01D4
train	UN2010629	u01D6
train	UN2010629	u01D8
train	UN2010629	u01DA
train	UN2010629	u01DC
train	UN2010754	u0030
train	UN2010754	u0031
train	UN2010754	u0032
train	UN2010754	u0033
train	UN2010754	u0034
train	UN2010754	u0035
train	UN2010754	u0036
train	UN2010754	u0037
train	UN2010754	u0038
train	UN2010754	u0039
train	UN2010754	u0041
train	UN2010754	u0042
train	UN2010754	u0043
train	UN2010754	u0044
train	UN2010754	u0045
train	UN2010754	u0046
train	UN2010754	u0047
train	UN2010754	u0048
train	UN2010754	u0049
train	UN2010754	u004A
train	UN2010754	u004B
train	UN2010754	u004C
train	UN2010754	u004D
train	UN2010754	u004E
train	UN2010754	u004F
train	UN2010754	u0050
train	UN2010754	u0051
train	UN2010754	u0052
train	UN2010754	u0053
train	UN2010754	u0054
train	UN2010754	u0055
train	UN2010754	u0056
train	UN2010754	u0057
train	UN2010754	u0058
train	UN2010754	u0059
train	UN2010754	u005A
train	UN2010754	u0061
train	UN2010754	u0062
train	UN2010754	u0063
train	UN2010754	u0064
train	UN2010754	u0065
train	UN2010754	u0066
train	UN2010754	u0067
train	UN2010754	u0068
train	UN2010754	u0069
train	UN2010754	u006A
train	UN2010754	u006B
train	UN2010754	u006C
train	UN2010754	u006D
train	UN2010754	u006E
train	UN2010754	u006F
train	UN2010754	u0070
train	UN2010754	u0071
train	UN2010754	u0072
train	UN2010754	u0073
train	UN2010754	u0074
train	UN2010754	u0075
train	UN2010754	u0076
train	UN2010754	u0077
train	UN2010754	u0078
train	UN2010754	u0079
train	UN2010754	u007A
train	UN2010754	u00E0
train	UN2010754	u00E1
train	UN2010754	u00E8
train	UN2010754	u00E9
train	UN2010754	u00EA
train	UN2010754	u00ED
train	UN2010754	u00F2
train	UN2010754	u00F3
train	UN2010754	u00F9
train	UN2010754	u00FA
train	UN2010754	u00FC
train	UN2010754	u0101
train	UN2010754	u0113
train	UN2010754	u011B
train	UN2010754	u012B
train	UN2010754	u0144
train	UN2010754	u0148
train	UN2010754	u014D
train	UN2010754	u016B
train	UN2010754	u01CE
train	UN2010754	u01D0
train	UN2010754	u01D2
train	UN2010754	u01D4
train	UN2010754	u01D6
train	UN2010754	u01D8
train	UN2010754	u01DA
train	UN2010754	u01DC
train	UN2010755	u0030
train	UN2010755	u0031
train	UN2010755	u0032
train	UN2010755	u0033
train	UN2010755	u0034
train	UN2010755	u0035
train	UN2010755	u0036
train	UN2010755	u0037
train	UN2010755	u0038
train	UN2010755	u0039
train	UN2010755	u0041
train	UN2010755	u0042
train	UN2010755	u0043
train	UN2010755	u0044
train	UN2010755	u0045
train	UN2010755	u0046
train	UN2010755	u0047
train	UN2010755	u0048
train	UN2010755	u0049
train	UN2010755	u004A
train	UN2010755	u004B
train	UN2010755	u004C
train	UN2010755	u004D
train	UN2010755	u004E
train	UN2010755	u004F
train	UN2010755	u0050
train	UN2010755	u0051
train	UN2010755	u0052
train	UN2010755	u0053
train	UN2010755	u0054
train	UN2010755	u0055
train	UN2010755	u0056
train	UN2010755	u0057
train	UN2010755	u0058
train	UN2010755	u0059
train	UN2010755	u005A
train	UN2010755	u0061
train	UN2010755	u0062
train	UN2010755	u0063
train	UN2010755	u0064
train	UN2010755	u0065
train	UN2010755	u0066
train	UN2010755	u0067
train	UN2010755	u0068
train	UN2010755	u0069
train	UN2010755	u006A
train	UN2010755	u006B
train	UN2010755	u006C
train	UN2010755	u006D
train	UN2010755	u006E
train	UN2010755	u006F
train	UN2010755	u0070
train	UN2010755	u0071
train	UN2010755	u0072
train	UN2010755	u0073
train	UN2010755	u0074
train	UN2010755	u0075
train	UN2010755	u0076
train	UN2010755	u0077
train	UN2010755	u0078
train	UN2010755	u0079
train	UN2010755	u007A
train	UN2010755	u00E0
train	UN2010755	u00E1
train	UN2010755	u00E8
train	UN2010755	u00E9
train	UN2010755	u00EA
train	UN2010755	u00ED
train	UN2010755	u00F2
train	UN2010755	u00F3
train	UN2010755	u00F9
train	UN2010755	u00FA
train	UN2010755	u00FC
train	UN2010755	u0101
train	UN2010755	u0113
train	UN2010755	u011B
train	UN2010755	u012B
train	UN2010755	u0144
train	UN2010755	u0148
train	UN2010755	u014D
train	UN2010755	u016B
train	UN2010755	u01CE
train	UN2010755	u01D0
train	UN2010755	u01D2
train	UN2010755	u01D4
train	UN2010755	u01D6
train	UN2010755	u01D8
train	UN2010755	u01DA
train	UN2010755	u01DC
train	UN2010757	u0030
train	UN2010757	u0031
train	UN2010757	u0032
train	UN2010757	u0033
train	UN2010757	u0034
train	UN2010757	u0035
train	UN2010757	u0036
train	UN2010757	u0037
train	UN2010757	u0038
train	UN2010757	u0039
train	UN2010757	u0041
train	UN2010757	u0042
train	UN2010757	u0043
train	UN2010757	u0044
train	UN2010757	u0045
train	UN2010757	u0046
train	UN2010757	u0047
train	UN2010757	u0048
train	UN2010757	u0049
train	UN2010757	u004A
train	UN2010757	u004B
train	UN2010757	u004C
train	UN2010757	u004D
train	UN2010757	u004E
train	UN2010757	u004F
train	UN2010757	u0050
train	UN2010757	u0051
train	UN2010757	u0052
train	UN2010757	u0053
train	UN2010757	u0054
train	UN2010757	u0055
train	UN2010757	u0056
train	UN2010757	u0057
train	UN2010757	u0058
train	UN2010757	u0059
train	UN2010757	u005A
train	UN2010757	u0061
train	UN2010757	u0062
train	UN2010757	u0063
train	UN2010757	u0064
train	UN2010757	u0065
train	UN2010757	u0066
train	UN2010757	u0067
train	UN2010757	u0068
train	UN2010757	u0069
train	UN2010757	u006A
train	UN2010757	u006B
train	UN2010757	u006C
train	UN2010757	u006D
train	UN2010757	u006E
train	UN2010757	u006F
train	UN2010757	u0070
train	UN2010757	u0071
train	UN2010757	u0072
train	UN2010757	u0073
train	UN2010757	u0074
train	UN2010757	u0075
train	UN2010757	u0076
train	UN2010757	u0077
train	UN2010757	u0078
train	UN2010757	u0079
train	UN2010757	u007A
train	UN2010757	u00E0
train	UN2010757	u00E1
train	UN2010757	u00E8
train	UN2010757	u00E9
train	UN2010757	u00EA
train	UN2010757	u00ED
train	UN2010757	u00F2
train	UN2010757	u00F3
train	UN2010757	u00F9
train	UN2010757	u00FA
train	UN2010757	u00FC
train	UN2010757	u0101
train	UN2010757	u0113
train	UN2010757	u011B
train	UN2010757	u012B
train	UN2010757	u0144
train	UN2010757	u0148
train	UN2010757	u014D
train	UN2010757	u016B
train	UN2010757	u01CE
train	UN2010757	u01D0
train	UN2010757	u01D2
train	UN2010757	u01D4
train	UN2010757	u01D6
train	UN2010757	u01D8
train	UN2010757	u01DA
train	UN2010757	u01DC
train	UN2010758	u0030
train	UN2010758	u0031
train	UN2010758	u0032
train	UN2010758	u0033
train	UN2010758	u0034
train	UN2010758	u0035
train	UN2010758	u0036
train	UN2010758	u0037
train	UN2010758	u0038
train	UN2010758	u0039
train	UN2010758	u0041
train	UN2010758	u0042
train	UN2010758	u0043
train	UN2010758	u0044
train	UN2010758	u0045
train	UN2010758	u0046
train	UN2010758	u0047
train	UN2010758	u0048
train	UN2010758	u0049
train	UN2010758	u004A
train	UN2010758	u004B
train	UN2010758	u004C
train	UN2010758	u004D
train	UN2010758	u004E
train	UN2010758	u004F
train	UN2010758	u0050
train	UN2010758	u0051
train	UN2010758	u0052
train	UN2010758	u0053
train	UN2010758	u0054
train	UN2010758	u0055
train	UN2010758	u0056
train	UN2010758	u0057
train	UN2010758	u0058
train	UN2010758	u0059
train	UN2010758	u005A
train	UN2010758	u0061
train	UN2010758	u0062
train	UN2010758	u0063
train	UN2010758	u0064
train	UN2010758	u0065
train	UN2010758	u0066
train	UN2010758	u0067
train	UN2010758	u0068
train	UN2010758	u0069
train	UN2010758	u006A
train	UN2010758	u006B
train	UN2010758	u006C
train	UN2010758	u006D
train	UN2010758	u006E
train	UN2010758	u006F
train	UN2010758	u0070
train	UN2010758	u0071
train	UN2010758	u0072
train	UN2010758	u0073
train	UN2010758	u0074
train	UN2010758	u0075
train	UN2010758	u0076
train	UN2010758	u0077
train	UN2010758	u0078
train	UN2010758	u0079
train	UN2010758	u007A
train	UN2010758	u00E0
train	UN2010758	u00E1
train	UN2010758	u00E8
train	UN2010758	u00E9
train	UN2010758	u00EA
train	UN2010758	u00ED
train	UN2010758	u00F2
train	UN2010758	u00F3
train	UN2010758	u00F9
train	UN2010758	u00FA
train	UN2010758	u00FC
train	UN2010758	u0101
train	UN2010758	u0113
train	UN2010758	u011B
train	UN2010758	u012B
train	UN2010758	u0144
train	UN2010758	u0148
train	UN2010758	u014D
train	UN2010758	u016B
train	UN2010758	u01CE
train	UN2010758	u01D0
train	UN2010758	u01D2
train	UN2010758	u01D4
train	UN2010758	u01D6
train	UN2010758	u01D8
train	UN2010758	u01DA
train	UN2010758	u01DC
train	UN2010925	u0030
train	UN2010925	u0031
train	UN2010925	u0032
train	UN2010925	u0033
train	UN2010925	u0034
train	UN2010925	u0035
train	UN2010925	u0036
train	UN2010925	u0037
train	UN2010925	u0038
train	UN2010925	u0039
train	UN2010925	u0041
train	UN2010925	u0042
train	UN2010925	u0043
train	UN2010925	u0044
train	UN2010925	u0045
train	UN2010925	u0046
train	UN2010925	u0047
train	UN2010925	u0048
train	UN2010925	u0049
train	UN2010925	u004A
train	UN2010925	u004B
train	UN2010925	u004C
train	UN2010925	u004D
train	UN2010925	u004E
train	UN2010925	u004F
train	UN2010925	u0050
train	UN2010925	u0051
train	UN2010925	u0052
train	UN2010925	u0053
train	UN2010925	u0054
train	UN2010925	u0055
train	UN2010925	u0056
train	UN2010925	u0057
train	UN2010925	u0058
train	UN2010925	u0059
train	UN2010925	u005A
train	UN2010925	u0061
train	UN2010925	u0062
train	UN2010925	u0063
train	UN2010925	u0064
train	UN2010925	u0065
train	UN2010925	u0066
train	UN2010925	u0067
train	UN2010925	u0068
train	UN2010925	u0069
train	UN2010925	u006A
train	UN2010925	u006B
train	UN2010925	u006C
train	UN2010925	u006D
train	UN2010925	u006E
train	UN2010925	u006F
train	UN2010925	u0070
train	UN2010925	u0071
train	UN2010925	u0072
train	UN2010925	u0073
train	UN2010925	u0074
train	UN2010925	u0075
train	UN2010925	u0076
train	UN2010925	u0077
train	UN2010925	u0078
train	UN2010925	u0079
train	UN2010925	u007A
train	UN2010925	u00E0
train	UN2010925	u00E1
train	UN2010925	u00E8
train	UN2010925	u00E9
train	UN2010925	u00EA
train	UN2010925	u00ED
train	UN2010925	u00F2
train	UN2010925	u00F3
train	UN2010925	u00F9
train	UN2010925	u00FA
train	UN2010925	u00FC
train	UN2010925	u0101
train	UN2010925	u0113
train	UN2010925	u011B
train	UN2010925	u012B
train	UN2010925	u0144
train	UN2010925	u0148
train	UN2010925	u014D
train	UN2010925	u016B
train	UN2010925	u01CE
train	UN2010925	u01D0
train	UN2010925	u01D2
train	UN2010925	u01D4
train	UN2010925	u01D6
train	UN2010925	u01D8
train	UN2010925	u01DA
train	UN2010925	u01DC
train	UN2010926	u0030
train	UN2010926	u0031
train	UN2010926	u0032
train	UN2010926	u0033
train	UN2010926	u0034
train	UN2010926	u0035
train	UN2010926	u0036
train	UN2010926	u0037
train	UN2010926	u0038
train	UN2010926	u0039
train	UN2010926	u0041
train	UN2010926	u0042
train	UN2010926	u0043
train	UN2010926	u0044
train	UN2010926	u0045
train	UN2010926	u0046
train	UN2010926	u0047
train	UN2010926	u0048
train	UN2010926	u0049
train	UN2010926	u004A
train	UN2010926	u004B
train	UN2010926	u004C
train	UN2010926	u004D
train	UN2010926	u004E
train	UN2010926	u004F
train	UN2010926	u0050
train	UN2010926	u0051
train	UN2010926	u0052
train	UN2010926	u0053
train	UN2010926	u0054
train	UN2010926	u0055
train	UN2010926	u0056
train	UN2010926	u0057
train	UN2010926	u0058
train	UN2010926	u0059
train	UN2010926	u005A
train	UN2010926	u0061
train	UN2010926	u0062
train	UN2010926	u0063
train	UN2010926	u0064
train	UN2010926	u0065
train	UN2010926	u0066
train	UN2010926	u0067
train	UN2010926	u0068
train	UN2010926	u0069
train	UN2010926	u006A
train	UN2010926	u006B
train	UN2010926	u006C
train	UN2010926	u006D
train	UN2010926	u006E
train	UN2010926	u006F
train	UN2010926	u0070
train	UN2010926	u0071
train	UN2010926	u0072
train	UN2010926	u0073
train	UN2010926	u0074
train	UN2010926	u0075
train	UN2010926	u0076
train	UN2010926	u0077
train	UN2010926	u0078
train	UN2010926	u0079
train	UN2010926	u007A
train	UN2010926	u00E0
train	UN2010926	u00E1
train	UN2010926	u00E8
train	UN2010926	u00E9
train	UN2010926	u00EA
train	UN2010926	u00ED
train	UN2010926	u00F2
train	UN2010926	u00F3
train	UN2010926	u00F9
train	UN2010926	u00FA
train	UN2010926	u00FC
train	UN2010926	u0101
train	UN2010926	u0113
train	UN2010926	u011B
train	UN2010926	u012B
train	UN2010926	u0144
train	UN2010926	u0148
train	UN2010926	u014D
train	UN2010926	u016B
train	UN2010926	u01CE
train	UN2010926	u01D0
train	UN2010926	u01D2
train	UN2010926	u01D4
train	UN2010926	u01D6
train	UN2010926	u01D8
train	UN2010926	u01DA
train	UN2010926	u01DC
train	UN2010928	u0030
train	UN2010928	u0031
train	UN2010928	u0032
train	UN2010928	u0033
train	UN2010928	u0034
train	UN2010928	u0035
train	UN2010928	u0036
train	UN2010928	u0037
train	UN2010928	u0038
train	UN2010928	u0039
train	UN2010928	u0041
train	UN2010928	u0042
train	UN2010928	u0043
train	UN2010928	u0044
train	UN2010928	u0045
train	UN2010928	u0046
train	UN2010928	u0047
train	UN2010928	u0048
train	UN2010928	u0049
train	UN2010928	u004A
train	UN2010928	u004B
train	UN2010928	u004C
train	UN2010928	u004D
train	UN2010928	u004E
train	UN2010928	u004F
train	UN2010928	u0050
train	UN2010928	u0051
train	UN2010928	u0052
train	UN2010928	u0053
train	UN2010928	u0054
train	UN2010928	u0055
train	UN2010928	u0056
train	UN2010928	u0057
train	UN2010928	u0058
train	UN2010928	u0059
train	UN2010928	u005A
train	UN2010928	u0061
train	UN2010928	u0062
train	UN2010928	u0063
train	UN2010928	u0064
train	UN2010928	u0065
train	UN2010928	u0066
train	UN2010928	u0067
train	UN2010928	u0068
train	UN2010928	u0069
train	UN2010928	u006A
train	UN2010928	u006B
train	UN2010928	u006C
train	UN2010928	u006D
train	UN2010928	u006E
train	UN2010928	u006F
train	UN2010928	u0070
train	UN2010928	u0071
train	UN2010928	u0072
train	UN2010928	u0073
train	UN2010928	u0074
train	UN2010928	u0075
train	UN2010928	u0076
train	UN2010928	u0077
train	UN2010928	u0078
train	UN2010928	u0079
train	UN2010928	u007A
train	UN2010928	u00E0
train	UN2010928	u00E1
train	UN2010928	u00E8
train	UN2010928	u00E9
train	UN2010928	u00EA
train	UN2010928	u00ED
train	UN2010928	u00F2
train	UN2010928	u00F3
train	UN2010928	u00F9
train	UN2010928	u00FA
train	UN2010928	u00FC
train	UN2010928	u0101
train	UN2010928	u0113
train	UN2010928	u011B
train	UN2010928	u012B
train	UN2010928	u0144
train	UN2010928	u0148
train	UN2010928	u014D
train	UN2010928	u016B
train	UN2010928	u01CE
train	UN2010928	u01D0
train	UN2010928	u01D2
train	UN2010928	u01D4
train	UN2010928	u01D6
train	UN2010928	u01D8
train	UN2010928	u01DA
train	UN2010928	u01DC
train	UN2011163	u0030
train	UN2011163	u0031
train	UN2011163	u0032
train	UN2011163	u0033
train	UN2011163	u0034
train	UN2011163	u0035
train	UN2011163	u0036
train	UN2011163	u0037
train	UN2011163	u0038
train	UN2011163	u0039
train	UN2011163	u0041
train	UN2011163	u0042
train	UN2011163	u0043
train	UN2011163	u0044
train	UN2011163	u0045
train	UN2011163	u0046
train	UN2011163	u0047
train	UN2011163	u0048
train	UN2011163	u0049
train	UN2011163	u004A
train	UN2011163	u004B
train	UN2011163	u004C
train	UN2011163	u004D
train	UN2011163	u004E
train	UN2011163	u004F
train	UN2011163	u0050
train	UN2011163	u0051
train	UN2011163	u0052
train	UN2011163	u0053
train	UN2011163	u0054
train	UN2011163	u0055
train	UN2011163	u0056
train	UN2011163	u0057
train	UN2011163	u0058
train	UN2011163	u0059
train	UN2011163	u005A
train	UN2011163	u0061
train	UN2011163	u0062
train	UN2011163	u0063
train	UN2011163	u0064
train	UN2011163	u0065
train	UN2011163	u0066
train	UN2011163	u0067
train	UN2011163	u0068
train	UN2011163	u0069
train	UN2011163	u006A
train	UN2011163	u006B
train	UN2011163	u006C
train	UN2011163	u006D
train	UN2011163	u006E
train	UN2011163	u006F
train	UN2011163	u0070
train	UN2011163	u0071
train	UN2011163	u0072
train	UN2011163	u0073
train	UN2011163	u0074
train	UN2011163	u0075
train	UN2011163	u0076
train	UN2011163	u0077
train	UN2011163	u0078
train	UN2011163	u0079
train	UN2011163	u007A
train	UN2011163	u00E0
train	UN2011163	u00E1
train	UN2011163	u00E8
train	UN2011163	u00E9
train	UN2011163	u00EA
train	UN2011163	u00ED
train	UN2011163	u00F2
train	UN2011163	u00F3
train	UN2011163	u00F9
train	UN2011163	u00FA
train	UN2011163	u00FC
train	UN2011163	u0101
train	UN2011163	u0113
train	UN2011163	u011B
train	UN2011163	u012B
train	UN2011163	u0144
train	UN2011163	u0148
train	UN2011163	u014D
train	UN2011163	u016B
train	UN2011163	u01CE
train	UN2011163	u01D0
train	UN2011163	u01D2
train	UN2011163	u01D4
train	UN2011163	u01D6
train	UN2011163	u01D8
train	UN2011163	u01DA
train	UN2011163	u01DC
train	UN2011164	u0030
train	UN2011164	u0031
train	UN2011164	u0032
train	UN2011164	u0033
train	UN2011164	u0034
train	UN2011164	u0035
train	UN2011164	u0036
train	UN2011164	u0037
train	UN2011164	u0038
train	UN2011164	u0039
train	UN2011164	u0041
train	UN2011164	u0042
train	UN2011164	u0043
train	UN2011164	u0044
train	UN2011164	u0045
train	UN2011164	u0046
train	UN2011164	u0047
train	UN2011164	u0048
train	UN2011164	u0049
train	UN2011164	u004A
train	UN2011164	u004B
train	UN2011164	u004C
train	UN2011164	u004D
train	UN2011164	u004E
train	UN2011164	u004F
train	UN2011164	u0050
train	UN2011164	u0051
train	UN2011164	u0052
train	UN2011164	u0053
train	UN2011164	u0054
train	UN2011164	u0055
train	UN2011164	u0056
train	UN2011164	u0057
train	UN2011164	u0058
train	UN2011164	u0059
train	UN2011164	u005A
train	UN2011164	u0061
train	UN2011164	u0062
train	UN2011164	u0063
train	UN2011164	u0064
train	UN2011164	u0065
train	UN2011164	u0066
train	UN2011164	u0067
train	UN2011164	u0068
train	UN2011164	u0069
train	UN2011164	u006A
train	UN2011164	u006B
train	UN2011164	u006C
train	UN2011164	u006D
train	UN2011164	u006E
train	UN2011164	u006F
train	UN2011164	u0070
train	UN2011164	u0071
train	UN2011164	u0072
train	UN2011164	u0073
train	UN2011164	u0074
train	UN2011164	u0075
train	UN2011164	u0076
train	UN2011164	u0077
train	UN2011164	u0078
train	UN2011164	u0079
train	UN2011164	u007A
train	UN2011164	u00E0
train	UN2011164	u00E1
train	UN2011164	u00E8
train	UN2011164	u00E9
train	UN2011164	u00EA
train	UN2011164	u00ED
train	UN2011164	u00F2
train	UN2011164	u00F3
train	UN2011164	u00F9
train	UN2011164	u00FA
train	UN2011164	u00FC
train	UN2011164	u0101
train	UN2011164	u0113
train	UN2011164	u011B
train	UN2011164	u012B
train	UN2011164	u0144
train	UN2011164	u0148
train	UN2011164	u014D
train	UN2011164	u016B
train	UN2011164	u01CE
train	UN2011164	u01D0
train	UN2011164	u01D2
train	UN2011164	u01D4
train	UN2011164	u01D6
train	UN2011164	u01D8
train	UN2011164	u01DA
train	UN2011164	u01DC
train	UN2011165	u0030
train	UN2011165	u0031
train	UN2011165	u0032
train	UN2011165	u0033
train	UN2011165	u0034
train	UN2011165	u0035
train	UN2011165	u0036
train	UN2011165	u0037
train	UN2011165	u0038
train	UN2011165	u0039
train	UN2011165	u0041
train	UN2011165	u0042
train	UN2011165	u0043
train	UN2011165	u0044
train	UN2011165	u0045
train	UN2011165	u0046
train	UN2011165	u0047
train	UN2011165	u0048
train	UN2011165	u0049
train	UN2011165	u004A
train	UN2011165	u004B
train	UN2011165	u004C
train	UN2011165	u004D
train	UN2011165	u004E
train	UN2011165	u004F
train	UN2011165	u0050
train	UN2011165	u0051
train	UN2011165	u0052
train	UN2011165	u0053
train	UN2011165	u0054
train	UN2011165	u0055
train	UN2011165	u0056
train	UN2011165	u0057
train	UN2011165	u0058
train	UN2011165	u0059
train	UN2011165	u005A
train	UN2011165	u0061
train	UN2011165	u0062
train	UN2011165	u0063
train	UN2011165	u0064
train	UN2011165	u0065
train	UN2011165	u0066
train	UN2011165	u0067
train	UN2011165	u0068
train	UN2011165	u0069
train	UN2011165	u006A
train	UN2011165	u006B
train	UN2011165	u006C
train	UN2011165	u006D
train	UN2011165	u006E
train	UN2011165	u006F
train	UN2011165	u0070
train	UN2011165	u0071
train	UN2011165	u0072
train	UN2011165	u0073
train	UN2011165	u0074
train	UN2011165	u0075
train	UN2011165	u0076
train	UN2011165	u0077
train	UN2011165	u0078
train	UN2011165	u0079
train	UN2011165	u007A
train	UN2011165	u00E0
train	UN2011165	u00E1
train	UN2011165	u00E8
train	UN2011165	u00E9
train	UN2011165	u00EA
train	UN2011165	u00ED
train	UN2011165	u00F2
train	UN2011165	u00F3
train	UN2011165	u00F9
train	UN2011165	u00FA
train	UN2011165	u00FC
train	UN2011165	u0101
train	UN2011165	u0113
train	UN2011165	u011B
train	UN2011165	u012B
train	UN2011165	u0144
train	UN2011165	u0148
train	UN2011165	u014D
train	UN2011165	u016B
train	UN2011165	u01CE
train	UN2011165	u01D0
train	UN2011165	u01D2
train	UN2011165	u01D4
train	UN2011165	u01D6
train	UN2011165	u01D8
train	UN2011165	u01DA
train	UN2011165	u01DC
train	UN2011170	u0030
train	UN2011170	u0031
train	UN2011170	u0032
train	UN2011170	u0033
train	UN2011170	u0034
train	UN2011170	u0035
train	UN2011170	u0036
train	UN2011170	u0037
train	UN2011170	u0038
train	UN2011170	u0039
train	UN2011170	u0041
train	UN2011170	u0042
train	UN2011170	u0043
train	UN2011170	u0044
train	UN2011170	u0045
train	UN2011170	u0046
train	UN2011170	u0047
train	UN2011170	u0048
train	UN2011170	u0049
train	UN2011170	u004A
train	UN2011170	u004B
train	UN2011170	u004C
train	UN2011170	u004D
train	UN2011170	u004E
train	UN2011170	u004F
train	UN2011170	u0050
train	UN2011170	u0051
train	UN2011170	u0052
train	UN2011170	u0053
train	UN2011170	u0054
train	UN2011170	u0055
train	UN2011170	u0056
train	UN2011170	u0057
train	UN2011170	u0058
train	UN2011170	u0059
train	UN2011170	u005A
train	UN2011170	u0061
train	UN2011170	u0062
train	UN2011170	u0063
train	UN2011170	u0064
train	UN2011170	u0065
train	UN2011170	u0066
train	UN2011170	u0067
train	UN2011170	u0068
train	UN2011170	u0069
train	UN2011170	u006A
train	UN2011170	u006B
train	UN2011170	u006C
train	UN2011170	u006D
train	UN2011170	u006E
train	UN2011170	u006F
train	UN2011170	u0070
train	UN2011170	u0071
train	UN2011170	u0072
train	UN2011170	u0073
train	UN2011170	u0074
train	UN2011170	u0075
train	UN2011170	u0076
train	UN2011170	u0077
train	UN2011170	u0078
train	UN2011170	u0079
train	UN2011170	u007A
train	UN2011170	u00E0
train	UN2011170	u00E1
train	UN2011170	u00E8
train	UN2011170	u00E9
train	UN2011170	u00EA
train	UN2011170	u00ED
train	UN2011170	u00F2
train	UN2011170	u00F3
train	UN2011170	u00F9
train	UN2011170	u00FA
train	UN2011170	u00FC
train	UN2011170	u0101
train	UN2011170	u0113
train	UN2011170	u011B
train	UN2011170	u012B
train	UN2011170	u0144
train	UN2011170	u0148
train	UN2011170	u014D
train	UN2011170	u016B
train	UN2011170	u01CE
train	UN2011170	u01D0
train	UN2011170	u01D2
train	UN2011170	u01D4
train	UN2011170	u01D6
train	UN2011170	u01D8
train	UN2011170	u01DA
train	UN2011170	u01DC
train	UN2011174	u0030
train	UN2011174	u0031
train	UN2011174	u0032
train	UN2011174	u0033
train	UN2011174	u0034
train	UN2011174	u0035
train	UN2011174	u0036
train	UN2011174	u0037
train	UN2011174	u0038
train	UN2011174	u0039
train	UN2011174	u0041
train	UN2011174	u0042
train	UN2011174	u0043
train	UN2011174	u0044
train	UN2011174	u0045
train	UN2011174	u0046
train	UN2011174	u0047
train	UN2011174	u0048
train	UN2011174	u0049
train	UN2011174	u004A
train	UN2011174	u004B
train	UN2011174	u004C
train	UN2011174	u004D
train	UN2011174	u004E
train	UN2011174	u004F
train	UN2011174	u0050
train	UN2011174	u0051
train	UN2011174	u0052
train	UN2011174	u0053
train	UN2011174	u0054
train	UN2011174	u0055
train	UN2011174	u0056
train	UN2011174	u0057
train	UN2011174	u0058
train	UN2011174	u0059
train	UN2011174	u005A
train	UN2011174	u0061
train	UN2011174	u0062
train	UN2011174	u0063
train	UN2011174	u0064
train	UN2011174	u0065
train	UN2011174	u0066
train	UN2011174	u0067
train	UN2011174	u0068
train	UN2011174	u0069
train	UN2011174	u006A
train	UN2011174	u006B
train	UN2011174	u006C
train	UN2011174	u006D
train	UN2011174	u006E
train	UN2011174	u006F
train	UN2011174	u0070
train	UN2011174	u0071
train	UN2011174	u0072
train	UN2011174	u0073
train	UN2011174	u0074
train	UN2011174	u0075
train	UN2011174	u0076
train	UN2011174	u0077
train	UN2011174	u0078
train	UN2011174	u0079
train	UN2011174	u007A
train	UN2011188	u0030
train	UN2011188	u0031
train	UN2011188	u0032
train	UN2011188	u0033
train	UN2011188	u0034
train	UN2011188	u0035
train	UN2011188	u0036
train	UN2011188	u0037
train	UN2011188	u0038
train	UN2011188	u0039
train	UN2011188	u0041
train	UN2011188	u0042
train	UN2011188	u0043
train	UN2011188	u0044
train	UN2011188	u0045
train	UN2011188	u0046
train	UN2011188	u0047
train	UN2011188	u0048
train	UN2011188	u0049
train	UN2011188	u004A
train	UN2011188	u004B
train	UN2011188	u004C
train	UN2011188	u004D
train	UN2011188	u004E
train	UN2011188	u004F
train	UN2011188	u0050
train	UN2011188	u0051
train	UN2011188	u0052
train	UN2011188	u0053
train	UN2011188	u0054
train	UN2011188	u0055
train	UN2011188	u0056
train	UN2011188	u0057
train	UN2011188	u0058
train	UN2011188	u0059
train	UN2011188	u005A
train	UN2011188	u0061
train	UN2011188	u0062
train	UN2011188	u0063
train	UN2011188	u0064
train	UN2011188	u0065
train	UN2011188	u0066
train	UN2011188	u0067
train	UN2011188	u0068
train	UN2011188	u0069
train	UN2011188	u006A
train	UN2011188	u006B
train	UN2011188	u006C
train	UN2011188	u006D
train	UN2011188	u006E
train	UN2011188	u006F
train	UN2011188	u0070
train	UN2011188	u0071
train	UN2011188	u0072
train	UN2011188	u0073
train	UN2011188	u0074
train	UN2011188	u0075
train	UN2011188	u0076
train	UN2011188	u0077
train	UN2011188	u0078
train	UN2011188	u0079
train	UN2011188	u007A
train	UN2011188	u00E0
train	UN2011188	u00E1
train	UN2011188	u00E8
train	UN2011188	u00E9
train	UN2011188	u00EA
train	UN2011188	u00ED
train	UN2011188	u00F2
train	UN2011188	u00F3
train	UN2011188	u00F9
train	UN2011188	u00FA
train	UN2011188	u00FC
train	UN2011188	u0101
train	UN2011188	u0113
train	UN2011188	u011B
train	UN2011188	u012B
train	UN2011188	u0144
train	UN2011188	u0148
train	UN2011188	u014D
train	UN2011188	u016B
train	UN2011188	u01CE
train	UN2011188	u01D0
train	UN2011188	u01D2
train	UN2011188	u01D4
train	UN2011188	u01D6
train	UN2011188	u01D8
train	UN2011188	u01DA
train	UN2011188	u01DC
train	UN2011188	u3041
train	UN2011188	u3042
train	UN2011188	u3043
train	UN2011188	u3044
train	UN2011188	u3045
train	UN2011188	u3046
train	UN2011188	u3047
train	UN2011188	u3048
train	UN2011188	u3049
train	UN2011188	u304A
train	UN2011188	u304B
train	UN2011188	u304C
train	UN2011188	u304D
train	UN2011188	u304E
train	UN2011188	u304F
train	UN2011188	u3050
train	UN2011188	u3051
train	UN2011188	u3052
train	UN2011188	u3053
train	UN2011188	u3054
train	UN2011188	u3055
train	UN2011188	u3056
train	UN2011188	u3057
train	UN2011188	u3058
train	UN2011188	u3059
train	UN2011188	u305A
train	UN2011188	u305B
train	UN2011188	u305C
train	UN2011188	u305D
train	UN2011188	u305E
train	UN2011188	u305F
train	UN2011188	u3060
train	UN2011188	u3061
train	UN2011188	u3062
train	UN2011188	u3063
train	UN2011188	u3064
train	UN2011188	u3065
train	UN2011188	u3066
train	UN2011188	u3067
train	UN2011188	u3068
train	UN2011188	u3069
train	UN2011188	u306A
train	UN2011188	u306B
train	UN2011188	u306C
train	UN2011188	u306D
train	UN2011188	u306E
train	UN2011188	u306F
train	UN2011188	u3070
train	UN2011188	u3071
train	UN2011188	u3072
train	UN2011188	u3073
train	UN2011188	u3074
train	UN2011188	u3075
train	UN2011188	u3076
train	UN2011188	u3077
train	UN2011188	u3078
train	UN2011188	u3079
train	UN2011188	u307A
train	UN2011188	u307B
train	UN2011188	u307C
train	UN2011188	u307D
train	UN2011188	u307E
train	UN2011188	u307F
train	UN2011188	u3080
train	UN2011188	u3081
train	UN2011188	u3082
train	UN2011188	u3083
train	UN2011188	u3084
train	UN2011188	u3085
train	UN2011188	u3086
train	UN2011188	u3087
train	UN2011188	u3088
train	UN2011188	u3089
train	UN2011188	u308A
train	UN2011188	u308B
train	UN2011188	u308C
train	UN2011188	u308D
train	UN2011188	u308E
train	UN2011188	u308F
train	UN2011188	u3090
train	UN2011188	u3091
train	UN2011188	u3092
train	UN2011188	u3093
train	UN2011193	u0030
train	UN2011193	u0031
train	UN2011193	u0032
train	UN2011193	u0033
train	UN2011193	u0034
train	UN2011193	u0035
train	UN2011193	u0036
train	UN2011193	u0037
train	UN2011193	u0038
train	UN2011193	u0039
train	UN2011193	u0041
train	UN2011193	u0042
train	UN2011193	u0043
train	UN2011193	u0044
train	UN2011193	u0045
train	UN2011193	u0046
train	UN2011193	u0047
train	UN2011193	u0048
train	UN2011193	u0049
train	UN2011193	u004A
train	UN2011193	u004B
train	UN2011193	u004C
train	UN2011193	u004D
train	UN2011193	u004E
train	UN2011193	u004F
train	UN2011193	u0050
train	UN2011193	u0051
train	UN2011193	u0052
train	UN2011193	u0053
train	UN2011193	u0054
train	UN2011193	u0055
train	UN2011193	u0056
train	UN2011193	u0057
train	UN2011193	u0058
train	UN2011193	u0059
train	UN2011193	u005A
train	UN2011193	u0061
train	UN2011193	u0062
train	UN2011193	u0063
train	UN2011193	u0064
train	UN2011193	u0065
train	UN2011193	u0066
train	UN2011193	u0067
train	UN2011193	u0068
train	UN2011193	u0069
train	UN2011193	u006A
train	UN2011193	u006B
train	UN2011193	u006C
train	UN2011193	u006D
train	UN2011193	u006E
train	UN2011193	u006F
train	UN2011193	u0070
train	UN2011193	u0071
train	UN2011193	u0072
train	UN2011193	u0073
train	UN2011193	u0074
train	UN2011193	u0075
train	UN2011193	u0076
train	UN2011193	u0077
train	UN2011193	u0078
train	UN2011193	u0079
train	UN2011193	u007A
train	UN2011193	u00E0
train	UN2011193	u00E1
train	UN2011193	u00E8
train	UN2011193	u00E9
train	UN2011193	u00EA
train	UN2011193	u00ED
train	UN2011193	u00F2
train	UN2011193	u00F3
train	UN2011193	u00F9
train	UN2011193	u00FA
train	UN2011193	u00FC
train	UN2011193	u0101
train	UN2011193	u0113
train	UN2011193	u011B
train	UN2011193	u012B
train	UN2011193	u0144
train	UN2011193	u0148
train	UN2011193	u014D
train	UN2011193	u016B
train	UN2011193	u01CE
train	UN2011193	u01D0
train	UN2011193	u01D2
train	UN2011193	u01D4
train	UN2011193	u01D6
train	UN2011193	u01D8
train	UN2011193	u01DA
train	UN2011193	u01DC
train	UN2011195	u0030
train	UN2011195	u0031
train	UN2011195	u0032
train	UN2011195	u0033
train	UN2011195	u0034
train	UN2011195	u0035
train	UN2011195	u0036
train	UN2011195	u0037
train	UN2011195	u0038
train	UN2011195	u0039
train	UN2011195	u0041
train	UN2011195	u0042
train	UN2011195	u0043
train	UN2011195	u0044
train	UN2011195	u0045
train	UN2011195	u0046
train	UN2011195	u0047
train	UN2011195	u0048
train	UN2011195	u0049
train	UN2011195	u004A
train	UN2011195	u004B
train	UN2011195	u004C
train	UN2011195	u004D
train	UN2011195	u004E
train	UN2011195	u004F
train	UN2011195	u0050
train	UN2011195	u0051
train	UN2011195	u0052
train	UN2011195	u0053
train	UN2011195	u0054
train	UN2011195	u0055
train	UN2011195	u0056
train	UN2011195	u0057
train	UN2011195	u0058
train	UN2011195	u0059
train	UN2011195	u005A
train	UN2011195	u0061
train	UN2011195	u0062
train	UN2011195	u0063
train	UN2011195	u0064
train	UN2011195	u0065
train	UN2011195	u0066
train	UN2011195	u0067
train	UN2011195	u0068
train	UN2011195	u0069
train	UN2011195	u006A
train	UN2011195	u006B
train	UN2011195	u006C
train	UN2011195	u006D
train	UN2011195	u006E
train	UN2011195	u006F
train	UN2011195	u0070
train	UN2011195	u0071
train	UN2011195	u0072
train	UN2011195	u0073
train	UN2011195	u0074
train	UN2011195	u0075
train	UN2011195	u0076
train	UN2011195	u0077
train	UN2011195	u0078
train	UN2011195	u0079
train	UN2011195	u007A
train	UN2011195	u00E0
train	UN2011195	u00E1
train	UN2011195	u00E8
train	UN2011195	u00E9
train	UN2011195	u00EA
train	UN2011195	u00ED
train	UN2011195	u00F2
train	UN2011195	u00F3
train	UN2011195	u00F9
train	UN2011195	u00FA
train	UN2011195	u00FC
train	UN2011195	u0101
train	UN2011195	u0113
train	UN2011195	u011B
train	UN2011195	u012B
train	UN2011195	u0144
train	UN2011195	u0148
train	UN2011195	u014D
train	UN2011195	u016B
train	UN2011195	u01CE
train	UN2011195	u01D0
train	UN2011195	u01D2
train	UN2011195	u01D4
train	UN2011195	u01D6
train	UN2011195	u01D8
train	UN2011195	u01DA
train	UN2011195	u01DC
train	UN2011969	u0030
train	UN2011969	u0031
train	UN2011969	u0032
train	UN2011969	u0033
train	UN2011969	u0034
train	UN2011969	u0035
train	UN2011969	u0036
train	UN2011969	u0037
train	UN2011969	u0038
train	UN2011969	u0039
train	UN2011969	u0041
train	UN2011969	u0042
train	UN2011969	u0043
train	UN2011969	u0044
train	UN2011969	u0045
train	UN2011969	u0046
train	UN2011969	u0047
train	UN2011969	u0048
train	UN2011969	u0049
train	UN2011969	u004A
train	UN2011969	u004B
train	UN2011969	u004C
train	UN2011969	u004D
train	UN2011969	u004E
train	UN2011969	u004F
train	UN2011969	u0050
train	UN2011969	u0051
train	UN2011969	u0052
train	UN2011969	u0053
train	UN2011969	u0054
train	UN2011969	u0055
train	UN2011969	u0056
train	UN2011969	u0057
train	UN2011969	u0058
train	UN2011969	u0059
train	UN2011969	u005A
train	UN2011969	u0061
train	UN2011969	u0062
train	UN2011969	u0063
train	UN2011969	u0064
train	UN2011969	u0065
train	UN2011969	u0066
train	UN2011969	u0067
train	UN2011969	u0068
train	UN2011969	u0069
train	UN2011969	u006A
train	UN2011969	u006B
train	UN2011969	u006C
train	UN2011969	u006D
train	UN2011969	u006E
train	UN2011969	u006F
train	UN2011969	u0070
train	UN2011969	u0071
train	UN2011969	u0072
train	UN2011969	u0073
train	UN2011969	u0074
train	UN2011969	u0075
train	UN2011969	u0076
train	UN2011969	u0077
train	UN2011969	u0078
train	UN2011969	u0079
train	UN2011969	u007A
train	UN2011969	u00E0
train	UN2011969	u00E1
train	UN2011969	u00E8
train	UN2011969	u00E9
train	UN2011969	u00EA
train	UN2011969	u00ED
train	UN2011969	u00F2
train	UN2011969	u00F3
train	UN2011969	u00F9
train	UN2011969	u00FA
train	UN2011969	u00FC
train	UN2011969	u0101
train	UN2011969	u0113
train	UN2011969	u011B
train	UN2011969	u012B
train	UN2011969	u0144
train	UN2011969	u0148
train	UN2011969	u014D
train	UN2011969	u016B
train	UN2011969	u01CE
train	UN2011969	u01D0
train	UN2011969	u01D2
train	UN2011969	u01D4
train	UN2011969	u01D6
train	UN2011969	u01D8
train	UN2011969	u01DA
train	UN2011969	u01DC
train	UN2011972	u0030
train	UN2011972	u0031
train	UN2011972	u0032
train	UN2011972	u0033
train	UN2011972	u0034
train	UN2011972	u0035
train	UN2011972	u0036
train	UN2011972	u0037
train	UN2011972	u0038
train	UN2011972	u0039
train	UN2011972	u0041
train	UN2011972	u0042
train	UN2011972	u0043
train	UN2011972	u0044
train	UN2011972	u0045
train	UN2011972	u0046
train	UN2011972	u0047
train	UN2011972	u0048
train	UN2011972	u0049
train	UN2011972	u004A
train	UN2011972	u004B
train	UN2011972	u004C
train	UN2011972	u004D
train	UN2011972	u004E
train	UN2011972	u004F
train	UN2011972	u0050
train	UN2011972	u0051
train	UN2011972	u0052
train	UN2011972	u0053
train	UN2011972	u0054
train	UN2011972	u0055
train	UN2011972	u0056
train	UN2011972	u0057
train	UN2011972	u0058
train	UN2011972	u0059
train	UN2011972	u005A
train	UN2011972	u0061
train	UN2011972	u0062
train	UN2011972	u0063
train	UN2011972	u0064
train	UN2011972	u0065
train	UN2011972	u0066
train	UN2011972	u0067
train	UN2011972	u0068
train	UN2011972	u0069
train	UN2011972	u006A
train	UN2011972	u006B
train	UN2011972	u006C
train	UN2011972	u006D
train	UN2011972	u006E
train	UN2011972	u006F
train	UN2011972	u0070
train	UN2011972	u0071
train	UN2011972	u0072
train	UN2011972	u0073
train	UN2011972	u0074
train	UN2011972	u0075
train	UN2011972	u0076
train	UN2011972	u0077
train	UN2011972	u0078
train	UN2011972	u0079
train	UN2011972	u007A
train	UN2011972	u00E0
train	UN2011972	u00E1
train	UN2011972	u00E8
train	UN2011972	u00E9
train	UN2011972	u00EA
train	UN2011972	u00ED
train	UN2011972	u00F2
train	UN2011972	u00F3
train	UN2011972	u00F9
train	UN2011972	u00FA
train	UN2011972	u00FC
train	UN2011972	u0101
train	UN2011972	u0113
train	UN2011972	u011B
train	UN2011972	u012B
train	UN2011972	u0144
train	UN2011972	u0148
train	UN2011972	u014D
train	UN2011972	u016B
train	UN2011972	u01CE
train	UN2011972	u01D0
train	UN2011972	u01D2
train	UN2011972	u01D4
train	UN2011972	u01D6
train	UN2011972	u01D8
train	UN2011972	u01DA
train	UN2011972	u01DC
train	UN2011974	u0030
train	UN2011974	u0031
train	UN2011974	u0032
train	UN2011974	u0033
train	UN2011974	u0034
train	UN2011974	u0035
train	UN2011974	u0036
train	UN2011974	u0037
train	UN2011974	u0038
train	UN2011974	u0039
train	UN2011974	u0041
train	UN2011974	u0042
train	UN2011974	u0043
train	UN2011974	u0044
train	UN2011974	u0045
train	UN2011974	u0046
train	UN2011974	u0047
train	UN2011974	u0048
train	UN2011974	u0049
train	UN2011974	u004A
train	UN2011974	u004B
train	UN2011974	u004C
train	UN2011974	u004D
train	UN2011974	u004E
train	UN2011974	u004F
train	UN2011974	u0050
train	UN2011974	u0051
train	UN2011974	u0052
train	UN2011974	u0053
train	UN2011974	u0054
train	UN2011974	u0055
train	UN2011974	u0056
train	UN2011974	u0057
train	UN2011974	u0058
train	UN2011974	u0059
train	UN2011974	u005A
train	UN2011974	u0061
train	UN2011974	u0062
train	UN2011974	u0063
train	UN2011974	u0064
train	UN2011974	u0065
train	UN2011974	u0066
train	UN2011974	u0067
train	UN2011974	u0068
train	UN2011974	u0069
train	UN2011974	u006A
train	UN2011974	u006B
train	UN2011974	u006C
train	UN2011974	u006D
train	UN2011974	u006E
train	UN2011974	u006F
train	UN2011974	u0070
train	UN2011974	u0071
train	UN2011974	u0072
train	UN2011974	u0073
train	UN2011974	u0074
train	UN2011974	u0075
train	UN2011974	u0076
train	UN2011974	u0077
train	UN2011974	u0078
train	UN2011974	u0079
train	UN2011974	u007A
train	UN2011974	u00E0
train	UN2011974	u00E1
train	UN2011974	u00E8
train	UN2011974	u00E9
train	UN2011974	u00EA
train	UN2011974	u00ED
train	UN2011974	u00F2
train	UN2011974	u00F3
train	UN2011974	u00F9
train	UN2011974	u00FA
train	UN2011974	u00FC
train	UN2011974	u0101
train	UN2011974	u0113
train	UN2011974	u011B
train	UN2011974	u012B
train	UN2011974	u0144
train	UN2011974	u0148
train	UN2011974	u014D
train	UN2011974	u016B
train	UN2011974	u01CE
train	UN2011974	u01D0
train	UN2011974	u01D2
train	UN2011974	u01D4
train	UN2011974	u01D6
train	UN2011974	u01D8
train	UN2011974	u01DA
train	UN2011974	u01DC
train	UN2011976	u0030
train	UN2011976	u0031
train	UN2011976	u0032
train	UN2011976	u0033
train	UN2011976	u0034
train	UN2011976	u0035
train	UN2011976	u0036
train	UN2011976	u0037
train	UN2011976	u0038
train	UN2011976	u0039
train	UN2011976	u0041
train	UN2011976	u0042
train	UN2011976	u0043
train	UN2011976	u0044
train	UN2011976	u0045
train	UN2011976	u0046
train	UN2011976	u0047
train	UN2011976	u0048
train	UN2011976	u0049
train	UN2011976	u004A
train	UN2011976	u004B
train	UN2011976	u004C
train	UN2011976	u004D
train	UN2011976	u004E
train	UN2011976	u004F
train	UN2011976	u0050
train	UN2011976	u0051
train	UN2011976	u0052
train	UN2011976	u0053
train	UN2011976	u0054
train	UN2011976	u0055
train	UN2011976	u0056
train	UN2011976	u0057
train	UN2011976	u0058
train	UN2011976	u0059
train	UN2011976	u005A
train	UN2011976	u0061
train	UN2011976	u0062
train	UN2011976	u0063
train	UN2011976	u0064
train	UN2011976	u0065
train	UN2011976	u0066
train	UN2011976	u0067
train	UN2011976	u0068
train	UN2011976	u0069
train	UN2011976	u006A
train	UN2011976	u006B
train	UN2011976	u006C
train	UN2011976	u006D
train	UN2011976	u006E
train	UN2011976	u006F
train	UN2011976	u0070
train	UN2011976	u0071
train	UN2011976	u0072
train	UN2011976	u0073
train	UN2011976	u0074
train	UN2011976	u0075
train	UN2011976	u0076
train	UN2011976	u0077
train	UN2011976	u0078
train	UN2011976	u0079
train	UN2011976	u007A
train	UN2011976	u00E0
train	UN2011976	u00E1
train	UN2011976	u00E8
train	UN2011976	u00E9
train	UN2011976	u00EA
train	UN2011976	u00ED
train	UN2011976	u00F2
train	UN2011976	u00F3
train	UN2011976	u00F9
train	UN2011976	u00FA
train	UN2011976	u00FC
train	UN2011976	u0101
train	UN2011976	u0113
train	UN2011976	u011B
train	UN2011976	u012B
train	UN2011976	u0144
train	UN2011976	u0148
train	UN2011976	u014D
train	UN2011976	u016B
train	UN2011976	u01CE
train	UN2011976	u01D0
train	UN2011976	u01D2
train	UN2011976	u01D4
train	UN2011976	u01D6
train	UN2011976	u01D8
train	UN2011976	u01DA
train	UN2011976	u01DC
train	UN2011977	u0030
train	UN2011977	u0031
train	UN2011977	u0032
train	UN2011977	u0033
train	UN2011977	u0034
train	UN2011977	u0035
train	UN2011977	u0036
train	UN2011977	u0037
train	UN2011977	u0038
train	UN2011977	u0039
train	UN2011977	u0041
train	UN2011977	u0042
train	UN2011977	u0043
train	UN2011977	u0044
train	UN2011977	u0045
train	UN2011977	u0046
train	UN2011977	u0047
train	UN2011977	u0048
train	UN2011977	u0049
train	UN2011977	u004A
train	UN2011977	u004B
train	UN2011977	u004C
train	UN2011977	u004D
train	UN2011977	u004E
train	UN2011977	u004F
train	UN2011977	u0050
train	UN2011977	u0051
train	UN2011977	u0052
train	UN2011977	u0053
train	UN2011977	u0054
train	UN2011977	u0055
train	UN2011977	u0056
train	UN2011977	u0057
train	UN2011977	u0058
train	UN2011977	u0059
train	UN2011977	u005A
train	UN2011977	u0061
train	UN2011977	u0062
train	UN2011977	u0063
train	UN2011977	u0064
train	UN2011977	u0065
train	UN2011977	u0066
train	UN2011977	u0067
train	UN2011977	u0068
train	UN2011977	u0069
train	UN2011977	u006A
train	UN2011977	u006B
train	UN2011977	u006C
train	UN2011977	u006D
train	UN2011977	u006E
train	UN2011977	u006F
train	UN2011977	u0070
train	UN2011977	u0071
train	UN2011977	u0072
train	UN2011977	u0073
train	UN2011977	u0074
train	UN2011977	u0075
train	UN2011977	u0076
train	UN2011977	u0077
train	UN2011977	u0078
train	UN2011977	u0079
train	UN2011977	u007A
train	UN2011977	u00E0
train	UN2011977	u00E1
train	UN2011977	u00E8
train	UN2011977	u00E9
train	UN2011977	u00EA
train	UN2011977	u00ED
train	UN2011977	u00F2
train	UN2011977	u00F3
train	UN2011977	u00F9
train	UN2011977	u00FA
train	UN2011977	u00FC
train	UN2011977	u0101
train	UN2011977	u0113
train	UN2011977	u011B
train	UN2011977	u012B
train	UN2011977	u0144
train	UN2011977	u0148
train	UN2011977	u014D
train	UN2011977	u016B
train	UN2011977	u01CE
train	UN2011977	u01D0
train	UN2011977	u01D2
train	UN2011977	u01D4
train	UN2011977	u01D6
train	UN2011977	u01D8
train	UN2011977	u01DA
train	UN2011977	u01DC
train	UN2011979	u0030
train	UN2011979	u0031
train	UN2011979	u0032
train	UN2011979	u0033
train	UN2011979	u0034
train	UN2011979	u0035
train	UN2011979	u0036
train	UN2011979	u0037
train	UN2011979	u0038
train	UN2011979	u0039
train	UN2011979	u0041
train	UN2011979	u0042
train	UN2011979	u0043
train	UN2011979	u0044
train	UN2011979	u0045
train	UN2011979	u0046
train	UN2011979	u0047
train	UN2011979	u0048
train	UN2011979	u0049
train	UN2011979	u004A
train	UN2011979	u004B
train	UN2011979	u004C
train	UN2011979	u004D
train	UN2011979	u004E
train	UN2011979	u004F
train	UN2011979	u0050
train	UN2011979	u0051
train	UN2011979	u0052
train	UN2011979	u0053
train	UN2011979	u0054
train	UN2011979	u0055
train	UN2011979	u0056
train	UN2011979	u0057
train	UN2011979	u0058
train	UN2011979	u0059
train	UN2011979	u005A
train	UN2011979	u0061
train	UN2011979	u0062
train	UN2011979	u0063
train	UN2011979	u0064
train	UN2011979	u0065
train	UN2011979	u0066
train	UN2011979	u0067
train	UN2011979	u0068
train	UN2011979	u0069
train	UN2011979	u006A
train	UN2011979	u006B
train	UN2011979	u006C
train	UN2011979	u006D
train	UN2011979	u006E
train	UN2011979	u006F
train	UN2011979	u0070
train	UN2011979	u0071
train	UN2011979	u0072
train	UN2011979	u0073
train	UN2011979	u0074
train	UN2011979	u0075
train	UN2011979	u0076
train	UN2011979	u0077
train	UN2011979	u0078
train	UN2011979	u0079
train	UN2011979	u007A
train	UN2011979	u00E0
train	UN2011979	u00E1
train	UN2011979	u00E8
train	UN2011979	u00E9
train	UN2011979	u00EA
train	UN2011979	u00ED
train	UN2011979	u00F2
train	UN2011979	u00F3
train	UN2011979	u00F9
train	UN2011979	u00FA
train	UN2011979	u00FC
train	UN2011979	u0101
train	UN2011979	u0113
train	UN2011979	u011B
train	UN2011979	u012B
train	UN2011979	u0144
train	UN2011979	u0148
train	UN2011979	u014D
train	UN2011979	u016B
train	UN2011979	u01CE
train	UN2011979	u01D0
train	UN2011979	u01D2
train	UN2011979	u01D4
train	UN2011979	u01D6
train	UN2011979	u01D8
train	UN2011979	u01DA
train	UN2011979	u01DC
train	UN2011981	u0030
train	UN2011981	u0031
train	UN2011981	u0032
train	UN2011981	u0033
train	UN2011981	u0034
train	UN2011981	u0035
train	UN2011981	u0036
train	UN2011981	u0037
train	UN2011981	u0038
train	UN2011981	u0039
train	UN2011981	u0041
train	UN2011981	u0042
train	UN2011981	u0043
train	UN2011981	u0044
train	UN2011981	u0045
train	UN2011981	u0046
train	UN2011981	u0047
train	UN2011981	u0048
train	UN2011981	u0049
train	UN2011981	u004A
train	UN2011981	u004B
train	UN2011981	u004C
train	UN2011981	u004D
train	UN2011981	u004E
train	UN2011981	u004F
train	UN2011981	u0050
train	UN2011981	u0051
train	UN2011981	u0052
train	UN2011981	u0053
train	UN2011981	u0054
train	UN2011981	u0055
train	UN2011981	u0056
train	UN2011981	u0057
train	UN2011981	u0058
train	UN2011981	u0059
train	UN2011981	u005A
train	UN2011981	u0061
train	UN2011981	u0062
train	UN2011981	u0063
train	UN2011981	u0064
train	UN2011981	u0065
train	UN2011981	u0066
train	UN2011981	u0067
train	UN2011981	u0068
train	UN2011981	u0069
train	UN2011981	u006A
train	UN2011981	u006B
train	UN2011981	u006C
train	UN2011981	u006D
train	UN2011981	u006E
train	UN2011981	u006F
train	UN2011981	u0070
train	UN2011981	u0071
train	UN2011981	u0072
train	UN2011981	u0073
train	UN2011981	u0074
train	UN2011981	u0075
train	UN2011981	u0076
train	UN2011981	u0077
train	UN2011981	u0078
train	UN2011981	u0079
train	UN2011981	u007A
train	UN2011981	u00E0
train	UN2011981	u00E1
train	UN2011981	u00E8
train	UN2011981	u00E9
train	UN2011981	u00EA
train	UN2011981	u00ED
train	UN2011981	u00F2
train	UN2011981	u00F3
train	UN2011981	u00F9
train	UN2011981	u00FA
train	UN2011981	u00FC
train	UN2011981	u0101
train	UN2011981	u0113
train	UN2011981	u011B
train	UN2011981	u012B
train	UN2011981	u0144
train	UN2011981	u0148
train	UN2011981	u014D
train	UN2011981	u016B
train	UN2011981	u01CE
train	UN2011981	u01D0
train	UN2011981	u01D2
train	UN2011981	u01D4
train	UN2011981	u01D6
train	UN2011981	u01D8
train	UN2011981	u01DA
train	UN2011981	u01DC
train	UN2011987	u0030
train	UN2011987	u0031
train	UN2011987	u0032
train	UN2011987	u0033
train	UN2011987	u0034
train	UN2011987	u0035
train	UN2011987	u0036
train	UN2011987	u0037
train	UN2011987	u0038
train	UN2011987	u0039
train	UN2011987	u0041
train	UN2011987	u0042
train	UN2011987	u0043
train	UN2011987	u0044
train	UN2011987	u0045
train	UN2011987	u0046
train	UN2011987	u0047
train	UN2011987	u0048
train	UN2011987	u0049
train	UN2011987	u004A
train	UN2011987	u004B
train	UN2011987	u004C
train	UN2011987	u004D
train	UN2011987	u004E
train	UN2011987	u004F
train	UN2011987	u0050
train	UN2011987	u0051
train	UN2011987	u0052
train	UN2011987	u0053
train	UN2011987	u0054
train	UN2011987	u0055
train	UN2011987	u0056
train	UN2011987	u0057
train	UN2011987	u0058
train	UN2011987	u0059
train	UN2011987	u005A
train	UN2011987	u0061
train	UN2011987	u0062
train	UN2011987	u0063
train	UN2011987	u0064
train	UN2011987	u0065
train	UN2011987	u0066
train	UN2011987	u0067
train	UN2011987	u0068
train	UN2011987	u0069
train	UN2011987	u006A
train	UN2011987	u006B
train	UN2011987	u006C
train	UN2011987	u006D
train	UN2011987	u006E
train	UN2011987	u006F
train	UN2011987	u0070
train	UN2011987	u0071
train	UN2011987	u0072
train	UN2011987	u0073
train	UN2011987	u0074
train	UN2011987	u0075
train	UN2011987	u0076
train	UN2011987	u0077
train	UN2011987	u0078
train	UN2011987	u0079
train	UN2011987	u007A
train	UN2011987	u00E0
train	UN2011987	u00E1
train	UN2011987	u00E8
train	UN2011987	u00E9
train	UN2011987	u00EA
train	UN2011987	u00ED
train	UN2011987	u00F2
train	UN2011987	u00F3
train	UN2011987	u00F9
train	UN2011987	u00FA
train	UN2011987	u00FC
train	UN2011987	u0101
train	UN2011987	u0113
train	UN2011987	u011B
train	UN2011987	u012B
train	UN2011987	u0144
train	UN2011987	u0148
train	UN2011987	u014D
train	UN2011987	u016B
train	UN2011987	u01CE
train	UN2011987	u01D0
train	UN2011987	u01D2
train	UN2011987	u01D4
train	UN2011987	u01D6
train	UN2011987	u01D8
train	UN2011987	u01DA
train	UN2011987	u01DC
train	UN2011992	u0030
train	UN2011992	u0031
train	UN2011992	u0032
train	UN2011992	u0033
train	UN2011992	u0034
train	UN2011992	u0035
train	UN2011992	u0036
train	UN2011992	u0037
train	UN2011992	u0038
train	UN2011992	u0039
train	UN2011992	u0041
train	UN2011992	u0042
train	UN2011992	u0043
train	UN2011992	u0044
train	UN2011992	u0045
train	UN2011992	u0046
train	UN2011992	u0047
train	UN2011992	u0048
train	UN2011992	u0049
train	UN2011992	u004A
train	UN2011992	u004B
train	UN2011992	u004C
train	UN2011992	u004D
train	UN2011992	u004E
train	UN2011992	u004F
train	UN2011992	u0050
train	UN2011992	u0051
train	UN2011992	u0052
train	UN2011992	u0053
train	UN2011992	u0054
train	UN2011992	u0055
train	UN2011992	u0056
train	UN2011992	u0057
train	UN2011992	u0058
train	UN2011992	u0059
train	UN2011992	u005A
train	UN2011992	u0061
train	UN2011992	u0062
train	UN2011992	u0063
train	UN2011992	u0064
train	UN2011992	u0065
train	UN2011992	u0066
train	UN2011992	u0067
train	UN2011992	u0068
train	UN2011992	u0069
train	UN2011992	u006A
train	UN2011992	u006B
train	UN2011992	u006C
train	UN2011992	u006D
train	UN2011992	u006E
train	UN2011992	u006F
train	UN2011992	u0070
train	UN2011992	u0071
train	UN2011992	u0072
train	UN2011992	u0073
train	UN2011992	u0074
train	UN2011992	u0075
train	UN2011992	u0076
train	UN2011992	u0077
train	UN2011992	u0078
train	UN2011992	u0079
train	UN2011992	u007A
train	UN2011992	u00E0
train	UN2011992	u00E1
train	UN2011992	u00E8
train	UN2011992	u00E9
train	UN2011992	u00EA
train	UN2011992	u00ED
train	UN2011992	u00F2
train	UN2011992	u00F3
train	UN2011992	u00F9
train	UN2011992	u00FA
train	UN2011992	u00FC
train	UN2011992	u0101
train	UN2011992	u0113
train	UN2011992	u011B
train	UN2011992	u012B
train	UN2011992	u0144
train	UN2011992	u0148
train	UN2011992	u014D
train	UN2011992	u016B
train	UN2011992	u01CE
train	UN2011992	u01D0
train	UN2011992	u01D2
train	UN2011992	u01D4
train	UN2011992	u01D6
train	UN2011992	u01D8
train	UN2011992	u01DA
train	UN2011992	u01DC
train	UN2011995	u0030
train	UN2011995	u0031
train	UN2011995	u0032
train	UN2011995	u0033
train	UN2011995	u0034
train	UN2011995	u0035
train	UN2011995	u0036
train	UN2011995	u0037
train	UN2011995	u0038
train	UN2011995	u0039
train	UN2011995	u0041
train	UN2011995	u0042
train	UN2011995	u0043
train	UN2011995	u0044
train	UN2011995	u0045
train	UN2011995	u0046
train	UN2011995	u0047
train	UN2011995	u0048
train	UN2011995	u0049
train	UN2011995	u004A
train	UN2011995	u004B
train	UN2011995	u004C
train	UN2011995	u004D
train	UN2011995	u004E
train	UN2011995	u004F
train	UN2011995	u0050
train	UN2011995	u0051
train	UN2011995	u0052
train	UN2011995	u0053
train	UN2011995	u0054
train	UN2011995	u0055
train	UN2011995	u0056
train	UN2011995	u0057
train	UN2011995	u0058
train	UN2011995	u0059
train	UN2011995	u005A
train	UN2011995	u0061
train	UN2011995	u0062
train	UN2011995	u0063
train	UN2011995	u0064
train	UN2011995	u0065
train	UN2011995	u0066
train	UN2011995	u0067
train	UN2011995	u0068
train	UN2011995	u0069
train	UN2011995	u006A
train	UN2011995	u006B
train	UN2011995	u006C
train	UN2011995	u006D
train	UN2011995	u006E
train	UN2011995	u006F
train	UN2011995	u0070
train	UN2011995	u0071
train	UN2011995	u0072
train	UN2011995	u0073
train	UN2011995	u0074
train	UN2011995	u0075
train	UN2011995	u0076
train	UN2011995	u0077
train	UN2011995	u0078
train	UN2011995	u0079
train	UN2011995	u007A
train	UN2011995	u00E0
train	UN2011995	u00E1
train	UN2011995	u00E8
train	UN2011995	u00E9
train	UN2011995	u00EA
train	UN2011995	u00ED
train	UN2011995	u00F2
train	UN2011995	u00F3
train	UN2011995	u00F9
train	UN2011995	u00FA
train	UN2011995	u00FC
train	UN2011995	u0101
train	UN2011995	u0113
train	UN2011995	u011B
train	UN2011995	u012B
train	UN2011995	u0144
train	UN2011995	u0148
train	UN2011995	u014D
train	UN2011995	u016B
train	UN2011995	u01CE
train	UN2011995	u01D0
train	UN2011995	u01D2
train	UN2011995	u01D4
train	UN2011995	u01D6
train	UN2011995	u01D8
train	UN2011995	u01DA
train	UN2011995	u01DC
train	UN2012000	u0030
train	UN2012000	u0031
train	UN2012000	u0032
train	UN2012000	u0033
train	UN2012000	u0034
train	UN2012000	u0035
train	UN2012000	u0036
train	UN2012000	u0037
train	UN2012000	u0038
train	UN2012000	u0039
train	UN2012000	u0041
train	UN2012000	u0042
train	UN2012000	u0043
train	UN2012000	u0044
train	UN2012000	u0045
train	UN2012000	u0046
train	UN2012000	u0047
train	UN2012000	u0048
train	UN2012000	u0049
train	UN2012000	u004A
train	UN2012000	u004B
train	UN2012000	u004C
train	UN2012000	u004D
train	UN2012000	u004E
train	UN2012000	u004F
train	UN2012000	u0050
train	UN2012000	u0051
train	UN2012000	u0052
train	UN2012000	u0053
train	UN2012000	u0054
train	UN2012000	u0055
train	UN2012000	u0056
train	UN2012000	u0057
train	UN2012000	u0058
train	UN2012000	u0059
train	UN2012000	u005A
train	UN2012000	u0061
train	UN2012000	u0062
train	UN2012000	u0063
train	UN2012000	u0064
train	UN2012000	u0065
train	UN2012000	u0066
train	UN2012000	u0067
train	UN2012000	u0068
train	UN2012000	u0069
train	UN2012000	u006A
train	UN2012000	u006B
train	UN2012000	u006C
train	UN2012000	u006D
train	UN2012000	u006E
train	UN2012000	u006F
train	UN2012000	u0070
train	UN2012000	u0071
train	UN2012000	u0072
train	UN2012000	u0073
train	UN2012000	u0074
train	UN2012000	u0075
train	UN2012000	u0076
train	UN2012000	u0077
train	UN2012000	u0078
train	UN2012000	u0079
train	UN2012000	u007A
train	UN2012000	u00E0
train	UN2012000	u00E1
train	UN2012000	u00E8
train	UN2012000	u00E9
train	UN2012000	u00EA
train	UN2012000	u00ED
train	UN2012000	u00F2
train	UN2012000	u00F3
train	UN2012000	u00F9
train	UN2012000	u00FA
train	UN2012000	u00FC
train	UN2012000	u0101
train	UN2012000	u0113
train	UN2012000	u011B
train	UN2012000	u012B
train	UN2012000	u0144
train	UN2012000	u0148
train	UN2012000	u014D
train	UN2012000	u016B
train	UN2012000	u01CE
train	UN2012000	u01D0
train	UN2012000	u01D2
train	UN2012000	u01D4
train	UN2012000	u01D6
train	UN2012000	u01D8
train	UN2012000	u01DA
train	UN2012000	u01DC
train	UN2012005	u0030
train	UN2012005	u0031
train	UN2012005	u0032
train	UN2012005	u0033
train	UN2012005	u0034
train	UN2012005	u0035
train	UN2012005	u0036
train	UN2012005	u0037
train	UN2012005	u0038
train	UN2012005	u0039
train	UN2012005	u0041
train	UN2012005	u0042
train	UN2012005	u0043
train	UN2012005	u0044
train	UN2012005	u0045
train	UN2012005	u0046
train	UN2012005	u0047
train	UN2012005	u0048
train	UN2012005	u0049
train	UN2012005	u004A
train	UN2012005	u004B
train	UN2012005	u004C
train	UN2012005	u004D
train	UN2012005	u004E
train	UN2012005	u004F
train	UN2012005	u0050
train	UN2012005	u0051
train	UN2012005	u0052
train	UN2012005	u0053
train	UN2012005	u0054
train	UN2012005	u0055
train	UN2012005	u0056
train	UN2012005	u0057
train	UN2012005	u0058
train	UN2012005	u0059
train	UN2012005	u005A
train	UN2012005	u0061
train	UN2012005	u0062
train	UN2012005	u0063
train	UN2012005	u0064
train	UN2012005	u0065
train	UN2012005	u0066
train	UN2012005	u0067
train	UN2012005	u0068
train	UN2012005	u0069
train	UN2012005	u006A
train	UN2012005	u006B
train	UN2012005	u006C
train	UN2012005	u006D
train	UN2012005	u006E
train	UN2012005	u006F
train	UN2012005	u0070
train	UN2012005	u0071
train	UN2012005	u0072
train	UN2012005	u0073
train	UN2012005	u0074
train	UN2012005	u0075
train	UN2012005	u0076
train	UN2012005	u0077
train	UN2012005	u0078
train	UN2012005	u0079
train	UN2012005	u007A
train	UN2012005	u00E0
train	UN2012005	u00E1
train	UN2012005	u00E8
train	UN2012005	u00E9
train	UN2012005	u00EA
train	UN2012005	u00ED
train	UN2012005	u00F2
train	UN2012005	u00F3
train	UN2012005	u00F9
train	UN2012005	u00FA
train	UN2012005	u00FC
train	UN2012005	u0101
train	UN2012005	u0113
train	UN2012005	u011B
train	UN2012005	u012B
train	UN2012005	u0144
train	UN2012005	u0148
train	UN2012005	u014D
train	UN2012005	u016B
train	UN2012005	u01CE
train	UN2012005	u01D0
train	UN2012005	u01D2
train	UN2012005	u01D4
train	UN2012005	u01D6
train	UN2012005	u01D8
train	UN2012005	u01DA
train	UN2012005	u01DC
train	UN2012007	u0030
train	UN2012007	u0031
train	UN2012007	u0032
train	UN2012007	u0033
train	UN2012007	u0034
train	UN2012007	u0035
train	UN2012007	u0036
train	UN2012007	u0037
train	UN2012007	u0038
train	UN2012007	u0039
train	UN2012007	u0041
train	UN2012007	u0042
train	UN2012007	u0043
train	UN2012007	u0044
train	UN2012007	u0045
train	UN2012007	u0046
train	UN2012007	u0047
train	UN2012007	u0048
train	UN2012007	u0049
train	UN2012007	u004A
train	UN2012007	u004B
train	UN2012007	u004C
train	UN2012007	u004D
train	UN2012007	u004E
train	UN2012007	u004F
train	UN2012007	u0050
train	UN2012007	u0051
train	UN2012007	u0052
train	UN2012007	u0053
train	UN2012007	u0054
train	UN2012007	u0055
train	UN2012007	u0056
train	UN2012007	u0057
train	UN2012007	u0058
train	UN2012007	u0059
train	UN2012007	u005A
train	UN2012007	u0061
train	UN2012007	u0062
train	UN2012007	u0063
train	UN2012007	u0064
train	UN2012007	u0065
train	UN2012007	u0066
train	UN2012007	u0067
train	UN2012007	u0068
train	UN2012007	u0069
train	UN2012007	u006A
train	UN2012007	u006B
train	UN2012007	u006C
train	UN2012007	u006D
train	UN2012007	u006E
train	UN2012007	u006F
train	UN2012007	u0070
train	UN2012007	u0071
train	UN2012007	u0072
train	UN2012007	u0073
train	UN2012007	u0074
train	UN2012007	u0075
train	UN2012007	u0076
train	UN2012007	u0077
train	UN2012007	u0078
train	UN2012007	u0079
train	UN2012007	u007A
train	UN2012007	u00E0
train	UN2012007	u00E1
train	UN2012007	u00E8
train	UN2012007	u00E9
train	UN2012007	u00EA
train	UN2012007	u00ED
train	UN2012007	u00F2
train	UN2012007	u00F3
train	UN2012007	u00F9
train	UN2012007	u00FA
train	UN2012007	u00FC
train	UN2012007	u0101
train	UN2012007	u0113
train	UN2012007	u011B
train	UN2012007	u012B
train	UN2012007	u0144
train	UN2012007	u0148
train	UN2012007	u014D
train	UN2012007	u016B
train	UN2012007	u01CE
train	UN2012007	u01D0
train	UN2012007	u01D2
train	UN2012007	u01D4
train	UN2012007	u01D6
train	UN2012007	u01D8
train	UN2012007	u01DA
train	UN2012007	u01DC
train	UN2012008	u0030
train	UN2012008	u0031
train	UN2012008	u0032
train	UN2012008	u0033
train	UN2012008	u0034
train	UN2012008	u0035
train	UN2012008	u0036
train	UN2012008	u0037
train	UN2012008	u0038
train	UN2012008	u0039
train	UN2012008	u0041
train	UN2012008	u0042
train	UN2012008	u0043
train	UN2012008	u0044
train	UN2012008	u0045
train	UN2012008	u0046
train	UN2012008	u0047
train	UN2012008	u0048
train	UN2012008	u0049
train	UN2012008	u004A
train	UN2012008	u004B
train	UN2012008	u004C
train	UN2012008	u004D
train	UN2012008	u004E
train	UN2012008	u004F
train	UN2012008	u0050
train	UN2012008	u0051
train	UN2012008	u0052
train	UN2012008	u0053
train	UN2012008	u0054
train	UN2012008	u0055
train	UN2012008	u0056
train	UN2012008	u0057
train	UN2012008	u0058
train	UN2012008	u0059
train	UN2012008	u005A
train	UN2012008	u0061
train	UN2012008	u0062
train	UN2012008	u0063
train	UN2012008	u0064
train	UN2012008	u0065
train	UN2012008	u0066
train	UN2012008	u0067
train	UN2012008	u0068
train	UN2012008	u0069
train	UN2012008	u006A
train	UN2012008	u006B
train	UN2012008	u006C
train	UN2012008	u006D
train	UN2012008	u006E
train	UN2012008	u006F
train	UN2012008	u0070
train	UN2012008	u0071
train	UN2012008	u0072
train	UN2012008	u0073
train	UN2012008	u0074
train	UN2012008	u0075
train	UN2012008	u0076
train	UN2012008	u0077
train	UN2012008	u0078
train	UN2012008	u0079
train	UN2012008	u007A
train	UN2012008	u00E0
train	UN2012008	u00E1
train	UN2012008	u00E8
train	UN2012008	u00E9
train	UN2012008	u00EA
train	UN2012008	u00ED
train	UN2012008	u00F2
train	UN2012008	u00F3
train	UN2012008	u00F9
train	UN2012008	u00FA
train	UN2012008	u00FC
train	UN2012019	u0030
train	UN2012019	u0031
train	UN2012019	u0032
train	UN2012019	u0033
train	UN2012019	u0034
train	UN2012019	u0035
train	UN2012019	u0036
train	UN2012019	u0037
train	UN2012019	u0038
train	UN2012019	u0039
train	UN2012019	u0041
train	UN2012019	u0042
train	UN2012019	u0043
train	UN2012019	u0044
train	UN2012019	u0045
train	UN2012019	u0046
train	UN2012019	u0047
train	UN2012019	u0048
train	UN2012019	u0049
train	UN2012019	u004A
train	UN2012019	u004B
train	UN2012019	u004C
train	UN2012019	u004D
train	UN2012019	u004E
train	UN2012019	u004F
train	UN2012019	u0050
train	UN2012019	u0051
train	UN2012019	u0052
train	UN2012019	u0053
train	UN2012019	u0054
train	UN2012019	u0055
train	UN2012019	u0056
train	UN2012019	u0057
train	UN2012019	u0058
train	UN2012019	u0059
train	UN2012019	u005A
train	UN2012019	u0061
train	UN2012019	u0062
train	UN2012019	u0063
train	UN2012019	u0064
train	UN2012019	u0065
train	UN2012019	u0066
train	UN2012019	u0067
train	UN2012019	u0068
train	UN2012019	u0069
train	UN2012019	u006A
train	UN2012019	u006B
train	UN2012019	u006C
train	UN2012019	u006D
train	UN2012019	u006E
train	UN2012019	u006F
train	UN2012019	u0070
train	UN2012019	u0071
train	UN2012019	u0072
train	UN2012019	u0073
train	UN2012019	u0074
train	UN2012019	u0075
train	UN2012019	u0076
train	UN2012019	u0077
train	UN2012019	u0078
train	UN2012019	u0079
train	UN2012019	u007A
train	UN2012019	u00E0
train	UN2012019	u00E1
train	UN2012019	u00E8
train	UN2012019	u00E9
train	UN2012019	u00EA
train	UN2012019	u00ED
train	UN2012019	u00F2
train	UN2012019	u00F3
train	UN2012019	u00F9
train	UN2012019	u00FA
train	UN2012019	u00FC
train	UN2012019	u0101
train	UN2012019	u0113
train	UN2012019	u011B
train	UN2012019	u012B
train	UN2012019	u0144
train	UN2012019	u0148
train	UN2012019	u014D
train	UN2012019	u016B
train	UN2012019	u01CE
train	UN2012019	u01D0
train	UN2012019	u01D2
train	UN2012019	u01D4
train	UN2012019	u01D6
train	UN2012019	u01D8
train	UN2012019	u01DA
train	UN2012019	u01DC
train	UN2012020	u0030
train	UN2012020	u0031
train	UN2012020	u0032
train	UN2012020	u0033
train	UN2012020	u0034
train	UN2012020	u0035
train	UN2012020	u0036
train	UN2012020	u0037
train	UN2012020	u0038
train	UN2012020	u0039
train	UN2012020	u0041
train	UN2012020	u0042
train	UN2012020	u0043
train	UN2012020	u0044
train	UN2012020	u0045
train	UN2012020	u0046
train	UN2012020	u0047
train	UN2012020	u0048
train	UN2012020	u0049
train	UN2012020	u004A
train	UN2012020	u004B
train	UN2012020	u004C
train	UN2012020	u004D
train	UN2012020	u004E
train	UN2012020	u004F
train	UN2012020	u0050
train	UN2012020	u0051
train	UN2012020	u0052
train	UN2012020	u0053
train	UN2012020	u0054
train	UN2012020	u0055
train	UN2012020	u0056
train	UN2012020	u0057
train	UN2012020	u0058
train	UN2012020	u0059
train	UN2012020	u005A
train	UN2012020	u0061
train	UN2012020	u0062
train	UN2012020	u0063
train	UN2012020	u0064
train	UN2012020	u0065
train	UN2012020	u0066
train	UN2012020	u0067
train	UN2012020	u0068
train	UN2012020	u0069
train	UN2012020	u006A
train	UN2012020	u006B
train	UN2012020	u006C
train	UN2012020	u006D
train	UN2012020	u006E
train	UN2012020	u006F
train	UN2012020	u0070
train	UN2012020	u0071
train	UN2012020	u0072
train	UN2012020	u0073
train	UN2012020	u0074
train	UN2012020	u0075
train	UN2012020	u0076
train	UN2012020	u0077
train	UN2012020	u0078
train	UN2012020	u0079
train	UN2012020	u007A
train	UN2012020	u00E0
train	UN2012020	u00E1
train	UN2012020	u00E8
train	UN2012020	u00E9
train	UN2012020	u00EA
train	UN2012020	u00ED
train	UN2012020	u00F2
train	UN2012020	u00F3
train	UN2012020	u00F9
train	UN2012020	u00FA
train	UN2012020	u00FC
train	UN2012020	u0101
train	UN2012020	u0113
train	UN2012020	u011B
train	UN2012020	u012B
train	UN2012020	u0144
train	UN2012020	u0148
train	UN2012020	u014D
train	UN2012020	u016B
train	UN2012020	u01CE
train	UN2012020	u01D0
train	UN2012020	u01D2
train	UN2012020	u01D4
train	UN2012020	u01D6
train	UN2012020	u01D8
train	UN2012020	u01DA
train	UN2012020	u01DC
train	UN2012021	u0030
train	UN2012021	u0031
train	UN2012021	u0032
train	UN2012021	u0033
train	UN2012021	u0034
train	UN2012021	u0035
train	UN2012021	u0036
train	UN2012021	u0037
train	UN2012021	u0038
train	UN2012021	u0039
train	UN2012021	u0041
train	UN2012021	u0042
train	UN2012021	u0043
train	UN2012021	u0044
train	UN2012021	u0045
train	UN2012021	u0046
train	UN2012021	u0047
train	UN2012021	u0048
train	UN2012021	u0049
train	UN2012021	u004A
train	UN2012021	u004B
train	UN2012021	u004C
train	UN2012021	u004D
train	UN2012021	u004E
train	UN2012021	u004F
train	UN2012021	u0050
train	UN2012021	u0051
train	UN2012021	u0052
train	UN2012021	u0053
train	UN2012021	u0054
train	UN2012021	u0055
train	UN2012021	u0056
train	UN2012021	u0057
train	UN2012021	u0058
train	UN2012021	u0059
train	UN2012021	u005A
train	UN2012021	u0061
train	UN2012021	u0062
train	UN2012021	u0063
train	UN2012021	u0064
train	UN2012021	u0065
train	UN2012021	u0066
train	UN2012021	u0067
train	UN2012021	u0068
train	UN2012021	u0069
train	UN2012021	u006A
train	UN2012021	u006B
train	UN2012021	u006C
train	UN2012021	u006D
train	UN2012021	u006E
train	UN2012021	u006F
train	UN2012021	u0070
train	UN2012021	u0071
train	UN2012021	u0072
train	UN2012021	u0073
train	UN2012021	u0074
train	UN2012021	u0075
train	UN2012021	u0076
train	UN2012021	u0077
train	UN2012021	u0078
train	UN2012021	u0079
train	UN2012021	u007A
train	UN2012021	u00E0
train	UN2012021	u00E1
train	UN2012021	u00E8
train	UN2012021	u00E9
train	UN2012021	u00EA
train	UN2012021	u00ED
train	UN2012021	u00F2
train	UN2012021	u00F3
train	UN2012021	u00F9
train	UN2012021	u00FA
train	UN2012021	u00FC
train	UN2012021	u0101
train	UN2012021	u0113
train	UN2012021	u011B
train	UN2012021	u012B
train	UN2012021	u0144
train	UN2012021	u0148
train	UN2012021	u014D
train	UN2012021	u016B
train	UN2012021	u01CE
train	UN2012021	u01D0
train	UN2012021	u01D2
train	UN2012021	u01D4
train	UN2012021	u01D6
train	UN2012021	u01D8
train	UN2012021	u01DA
train	UN2012021	u01DC
train	UN2012023	u0030
train	UN2012023	u0031
train	UN2012023	u0032
train	UN2012023	u0033
train	UN2012023	u0034
train	UN2012023	u0035
train	UN2012023	u0036
train	UN2012023	u0037
train	UN2012023	u0038
train	UN2012023	u0039
train	UN2012023	u0041
train	UN2012023	u0042
train	UN2012023	u0043
train	UN2012023	u0044
train	UN2012023	u0045
train	UN2012023	u0046
train	UN2012023	u0047
train	UN2012023	u0048
train	UN2012023	u0049
train	UN2012023	u004A
train	UN2012023	u004B
train	UN2012023	u004C
train	UN2012023	u004D
train	UN2012023	u004E
train	UN2012023	u004F
train	UN2012023	u0050
train	UN2012023	u0051
train	UN2012023	u0052
train	UN2012023	u0053
train	UN2012023	u0054
train	UN2012023	u0055
train	UN2012023	u0056
train	UN2012023	u0057
train	UN2012023	u0058
train	UN2012023	u0059
train	UN2012023	u005A
train	UN2012023	u0061
train	UN2012023	u0062
train	UN2012023	u0063
train	UN2012023	u0064
train	UN2012023	u0065
train	UN2012023	u0066
train	UN2012023	u0067
train	UN2012023	u0068
train	UN2012023	u0069
train	UN2012023	u006A
train	UN2012023	u006B
train	UN2012023	u006C
train	UN2012023	u006D
train	UN2012023	u006E
train	UN2012023	u006F
train	UN2012023	u0070
train	UN2012023	u0071
train	UN2012023	u0072
train	UN2012023	u0073
train	UN2012023	u0074
train	UN2012023	u0075
train	UN2012023	u0076
train	UN2012023	u0077
train	UN2012023	u0078
train	UN2012023	u0079
train	UN2012023	u007A
train	UN2012023	u00E0
train	UN2012023	u00E1
train	UN2012023	u00E8
train	UN2012023	u00E9
train	UN2012023	u00EA
train	UN2012023	u00ED
train	UN2012023	u00F2
train	UN2012023	u00F3
train	UN2012023	u00F9
train	UN2012023	u00FA
train	UN2012023	u00FC
train	UN2012023	u0101
train	UN2012023	u0113
train	UN2012023	u011B
train	UN2012023	u012B
train	UN2012023	u0144
train	UN2012023	u0148
train	UN2012023	u014D
train	UN2012023	u016B
train	UN2012023	u01CE
train	UN2012023	u01D0
train	UN2012023	u01D2
train	UN2012023	u01D4
train	UN2012023	u01D6
train	UN2012023	u01D8
train	UN2012023	u01DA
train	UN2012023	u01DC
train	UN2012025	u0030
train	UN2012025	u0031
train	UN2012025	u0032
train	UN2012025	u0033
train	UN2012025	u0034
train	UN2012025	u0035
train	UN2012025	u0036
train	UN2012025	u0037
train	UN2012025	u0038
train	UN2012025	u0039
train	UN2012025	u0041
train	UN2012025	u0042
train	UN2012025	u0043
train	UN2012025	u0044
train	UN2012025	u0045
train	UN2012025	u0046
train	UN2012025	u0047
train	UN2012025	u0048
train	UN2012025	u0049
train	UN2012025	u004A
train	UN2012025	u004B
train	UN2012025	u004C
train	UN2012025	u004D
train	UN2012025	u004E
train	UN2012025	u004F
train	UN2012025	u0050
train	UN2012025	u0051
train	UN2012025	u0052
train	UN2012025	u0053
train	UN2012025	u0054
train	UN2012025	u0055
train	UN2012025	u0056
train	UN2012025	u0057
train	UN2012025	u0058
train	UN2012025	u0059
train	UN2012025	u005A
train	UN2012025	u0061
train	UN2012025	u0062
train	UN2012025	u0063
train	UN2012025	u0064
train	UN2012025	u0065
train	UN2012025	u0066
train	UN2012025	u0067
train	UN2012025	u0068
train	UN2012025	u0069
train	UN2012025	u006A
train	UN2012025	u006B
train	UN2012025	u006C
train	UN2012025	u006D
train	UN2012025	u006E
train	UN2012025	u006F
train	UN2012025	u0070
train	UN2012025	u0071
train	UN2012025	u0072
train	UN2012025	u0073
train	UN2012025	u0074
train	UN2012025	u0075
train	UN2012025	u0076
train	UN2012025	u0077
train	UN2012025	u0078
train	UN2012025	u0079
train	UN2012025	u007A
train	UN2012025	u00E0
train	UN2012025	u00E1
train	UN2012025	u00E8
train	UN2012025	u00E9
train	UN2012025	u00EA
train	UN2012025	u00ED
train	UN2012025	u00F2
train	UN2012025	u00F3
train	UN2012025	u00F9
train	UN2012025	u00FA
train	UN2012025	u00FC
train	UN2012025	u0101
train	UN2012025	u0113
train	UN2012025	u011B
train	UN2012025	u012B
train	UN2012025	u0144
train	UN2012025	u0148
train	UN2012025	u014D
train	UN2012025	u016B
train	UN2012025	u01CE
train	UN2012025	u01D0
train	UN2012025	u01D2
train	UN2012025	u01D4
train	UN2012025	u01D6
train	UN2012025	u01D8
train	UN2012025	u01DA
train	UN2012025	u01DC
train	UN2012027	u0030
train	UN2012027	u0031
train	UN2012027	u0032
train	UN2012027	u0033
train	UN2012027	u0034
train	UN2012027	u0035
train	UN2012027	u0036
train	UN2012027	u0037
train	UN2012027	u0038
train	UN2012027	u0039
train	UN2012027	u0041
train	UN2012027	u0042
train	UN2012027	u0043
train	UN2012027	u0044
train	UN2012027	u0045
train	UN2012027	u0046
train	UN2012027	u0047
train	UN2012027	u0048
train	UN2012027	u0049
train	UN2012027	u004A
train	UN2012027	u004B
train	UN2012027	u004C
train	UN2012027	u004D
train	UN2012027	u004E
train	UN2012027	u004F
train	UN2012027	u0050
train	UN2012027	u0051
train	UN2012027	u0052
train	UN2012027	u0053
train	UN2012027	u0054
train	UN2012027	u0055
train	UN2012027	u0056
train	UN2012027	u0057
train	UN2012027	u0058
train	UN2012027	u0059
train	UN2012027	u005A
train	UN2012027	u0061
train	UN2012027	u0062
train	UN2012027	u0063
train	UN2012027	u0064
train	UN2012027	u0065
train	UN2012027	u0066
train	UN2012027	u0067
train	UN2012027	u0068
train	UN2012027	u0069
train	UN2012027	u006A
train	UN2012027	u006B
train	UN2012027	u006C
train	UN2012027	u006D
train	UN2012027	u006E
train	UN2012027	u006F
train	UN2012027	u0070
train	UN2012027	u0071
train	UN2012027	u0072
train	UN2012027	u0073
train	UN2012027	u0074
train	UN2012027	u0075
train	UN2012027	u0076
train	UN2012027	u0077
train	UN2012027	u0078
train	UN2012027	u0079
train	UN2012027	u007A
train	UN2012027	u00E0
train	UN2012027	u00E1
train	UN2012027	u00E8
train	UN2012027	u00E9
train	UN2012027	u00EA
train	UN2012027	u00ED
train	UN2012027	u00F2
train	UN2012027	u00F3
train	UN2012027	u00F9
train	UN2012027	u00FA
train	UN2012027	u00FC
train	UN2012027	u0101
train	UN2012027	u0113
train	UN2012027	u011B
train	UN2012027	u012B
train	UN2012027	u0144
train	UN2012027	u0148
train	UN2012027	u014D
train	UN2012027	u016B
train	UN2012027	u01CE
train	UN2012027	u01D0
train	UN2012027	u01D2
train	UN2012027	u01D4
train	UN2012027	u01D6
train	UN2012027	u01D8
train	UN2012027	u01DA
train	UN2012027	u01DC
train	UN2012031	u0030
train	UN2012031	u0031
train	UN2012031	u0032
train	UN2012031	u0033
train	UN2012031	u0034
train	UN2012031	u0035
train	UN2012031	u0036
train	UN2012031	u0037
train	UN2012031	u0038
train	UN2012031	u0039
train	UN2012031	u0041
train	UN2012031	u0042
train	UN2012031	u0043
train	UN2012031	u0044
train	UN2012031	u0045
train	UN2012031	u0046
train	UN2012031	u0047
train	UN2012031	u0048
train	UN2012031	u0049
train	UN2012031	u004A
train	UN2012031	u004B
train	UN2012031	u004C
train	UN2012031	u004D
train	UN2012031	u004E
train	UN2012031	u004F
train	UN2012031	u0050
train	UN2012031	u0051
train	UN2012031	u0052
train	UN2012031	u0053
train	UN2012031	u0054
train	UN2012031	u0055
train	UN2012031	u0056
train	UN2012031	u0057
train	UN2012031	u0058
train	UN2012031	u0059
train	UN2012031	u005A
train	UN2012031	u0061
train	UN2012031	u0062
train	UN2012031	u0063
train	UN2012031	u0064
train	UN2012031	u0065
train	UN2012031	u0066
train	UN2012031	u0067
train	UN2012031	u0068
train	UN2012031	u0069
train	UN2012031	u006A
train	UN2012031	u006B
train	UN2012031	u006C
train	UN2012031	u006D
train	UN2012031	u006E
train	UN2012031	u006F
train	UN2012031	u0070
train	UN2012031	u0071
train	UN2012031	u0072
train	UN2012031	u0073
train	UN2012031	u0074
train	UN2012031	u0075
train	UN2012031	u0076
train	UN2012031	u0077
train	UN2012031	u0078
train	UN2012031	u0079
train	UN2012031	u007A
train	UN2012031	u00E0
train	UN2012031	u00E1
train	UN2012031	u00E8
train	UN2012031	u00E9
train	UN2012031	u00EA
train	UN2012031	u00ED
train	UN2012031	u00F2
train	UN2012031	u00F3
train	UN2012031	u00F9
train	UN2012031	u00FA
train	UN2012031	u00FC
train	UN2012031	u0101
train	UN2012031	u0113
train	UN2012031	u011B
train	UN2012031	u012B
train	UN2012031	u0144
train	UN2012031	u0148
train	UN2012031	u014D
train	UN2012031	u016B
train	UN2012031	u01CE
train	UN2012031	u01D0
train	UN2012031	u01D2
train	UN2012031	u01D4
train	UN2012031	u01D6
train	UN2012031	u01D8
train	UN2012031	u01DA
train	UN2012031	u01DC
train	UN2012032	u0030
train	UN2012032	u0031
train	UN2012032	u0032
train	UN2012032	u0033
train	UN2012032	u0034
train	UN2012032	u0035
train	UN2012032	u0036
train	UN2012032	u0037
train	UN2012032	u0038
train	UN2012032	u0039
train	UN2012032	u0041
train	UN2012032	u0042
train	UN2012032	u0043
train	UN2012032	u0044
train	UN2012032	u0045
train	UN2012032	u0046
train	UN2012032	u0047
train	UN2012032	u0048
train	UN2012032	u0049
train	UN2012032	u004A
train	UN2012032	u004B
train	UN2012032	u004C
train	UN2012032	u004D
train	UN2012032	u004E
train	UN2012032	u004F
train	UN2012032	u0050
train	UN2012032	u0051
train	UN2012032	u0052
train	UN2012032	u0053
train	UN2012032	u0054
train	UN2012032	u0055
train	UN2012032	u0056
train	UN2012032	u0057
train	UN2012032	u0058
train	UN2012032	u0059
train	UN2012032	u005A
train	UN2012032	u0061
train	UN2012032	u0062
train	UN2012032	u0063
train	UN2012032	u0064
train	UN2012032	u0065
train	UN2012032	u0066
train	UN2012032	u0067
train	UN2012032	u0068
train	UN2012032	u0069
train	UN2012032	u006A
train	UN2012032	u006B
train	UN2012032	u006C
train	UN2012032	u006D
train	UN2012032	u006E
train	UN2012032	u006F
train	UN2012032	u0070
train	UN2012032	u0071
train	UN2012032	u0072
train	UN2012032	u0073
train	UN2012032	u0074
train	UN2012032	u0075
train	UN2012032	u0076
train	UN2012032	u0077
train	UN2012032	u0078
train	UN2012032	u0079
train	UN2012032	u007A
train	UN2012032	u00E0
train	UN2012032	u00E1
train	UN2012032	u00E8
train	UN2012032	u00E9
train	UN2012032	u00EA
train	UN2012032	u00ED
train	UN2012032	u00F2
train	UN2012032	u00F3
train	UN2012032	u00F9
train	UN2012032	u00FA
train	UN2012032	u00FC
train	UN2012032	u0101
train	UN2012032	u0113
train	UN2012032	u011B
train	UN2012032	u012B
train	UN2012032	u0144
train	UN2012032	u0148
train	UN2012032	u014D
train	UN2012032	u016B
train	UN2012032	u01CE
train	UN2012032	u01D0
train	UN2012032	u01D2
train	UN2012032	u01D4
train	UN2012032	u01D6
train	UN2012032	u01D8
train	UN2012032	u01DA
train	UN2012032	u01DC
train	UN2012033	u0030
train	UN2012033	u0031
train	UN2012033	u0032
train	UN2012033	u0033
train	UN2012033	u0034
train	UN2012033	u0035
train	UN2012033	u0036
train	UN2012033	u0037
train	UN2012033	u0038
train	UN2012033	u0039
train	UN2012033	u0041
train	UN2012033	u0042
train	UN2012033	u0043
train	UN2012033	u0044
train	UN2012033	u0045
train	UN2012033	u0046
train	UN2012033	u0047
train	UN2012033	u0048
train	UN2012033	u0049
train	UN2012033	u004A
train	UN2012033	u004B
train	UN2012033	u004C
train	UN2012033	u004D
train	UN2012033	u004E
train	UN2012033	u004F
train	UN2012033	u0050
train	UN2012033	u0051
train	UN2012033	u0052
train	UN2012033	u0053
train	UN2012033	u0054
train	UN2012033	u0055
train	UN2012033	u0056
train	UN2012033	u0057
train	UN2012033	u0058
train	UN2012033	u0059
train	UN2012033	u005A
train	UN2012033	u0061
train	UN2012033	u0062
train	UN2012033	u0063
train	UN2012033	u0064
train	UN2012033	u0065
train	UN2012033	u0066
train	UN2012033	u0067
train	UN2012033	u0068
train	UN2012033	u0069
train	UN2012033	u006A
train	UN2012033	u006B
train	UN2012033	u006C
train	UN2012033	u006D
train	UN2012033	u006E
train	UN2012033	u006F
train	UN2012033	u0070
train	UN2012033	u0071
train	UN2012033	u0072
train	UN2012033	u0073
train	UN2012033	u0074
train	UN2012033	u0075
train	UN2012033	u0076
train	UN2012033	u0077
train	UN2012033	u0078
train	UN2012033	u0079
train	UN2012033	u007A
train	UN2012033	u00E0
train	UN2012033	u00E1
train	UN2012033	u00E8
train	UN2012033	u00E9
train	UN2012033	u00EA
train	UN2012033	u00ED
train	UN2012033	u00F2
train	UN2012033	u00F3
train	UN2012033	u00F9
train	UN2012033	u00FA
train	UN2012033	u00FC
train	UN2012033	u0101
train	UN2012033	u0113
train	UN2012033	u011B
train	UN2012033	u012B
train	UN2012033	u0144
train	UN2012033	u0148
train	UN2012033	u014D
train	UN2012033	u016B
train	UN2012033	u01CE
train	UN2012033	u01D0
train	UN2012033	u01D2
train	UN2012033	u01D4
train	UN2012033	u01D6
train	UN2012033	u01D8
train	UN2012033	u01DA
train	UN2012033	u01DC
train	UN2012070	u0030
train	UN2012070	u0031
train	UN2012070	u0032
train	UN2012070	u0033
train	UN2012070	u0034
train	UN2012070	u0035
train	UN2012070	u0036
train	UN2012070	u0037
train	UN2012070	u0038
train	UN2012070	u0039
train	UN2012070	u0041
train	UN2012070	u0042
train	UN2012070	u0043
train	UN2012070	u0044
train	UN2012070	u0045
train	UN2012070	u0046
train	UN2012070	u0047
train	UN2012070	u0048
train	UN2012070	u0049
train	UN2012070	u004A
train	UN2012070	u004B
train	UN2012070	u004C
train	UN2012070	u004D
train	UN2012070	u004E
train	UN2012070	u004F
train	UN2012070	u0050
train	UN2012070	u0051
train	UN2012070	u0052
train	UN2012070	u0053
train	UN2012070	u0054
train	UN2012070	u0055
train	UN2012070	u0056
train	UN2012070	u0057
train	UN2012070	u0058
train	UN2012070	u0059
train	UN2012070	u005A
train	UN2012070	u0061
train	UN2012070	u0062
train	UN2012070	u0063
train	UN2012070	u0064
train	UN2012070	u0065
train	UN2012070	u0066
train	UN2012070	u0067
train	UN2012070	u0068
train	UN2012070	u0069
train	UN2012070	u006A
train	UN2012070	u006B
train	UN2012070	u006C
train	UN2012070	u006D
train	UN2012070	u006E
train	UN2012070	u006F
train	UN2012070	u0070
train	UN2012070	u0071
train	UN2012070	u0072
train	UN2012070	u0073
train	UN2012070	u0074
train	UN2012070	u0075
train	UN2012070	u0076
train	UN2012070	u0077
train	UN2012070	u0078
train	UN2012070	u0079
train	UN2012070	u007A
train	UN2012070	u00E0
train	UN2012070	u00E1
train	UN2012070	u00E8
train	UN2012070	u00E9
train	UN2012070	u00EA
train	UN2012070	u00ED
train	UN2012070	u00F2
train	UN2012070	u00F3
train	UN2012070	u00F9
train	UN2012070	u00FA
train	UN2012070	u00FC
train	UN2012070	u0101
train	UN2012070	u0113
train	UN2012070	u011B
train	UN2012070	u012B
train	UN2012070	u0144
train	UN2012070	u0148
train	UN2012070	u014D
train	UN2012070	u016B
train	UN2012070	u01CE
train	UN2012070	u01D0
train	UN2012070	u01D2
train	UN2012070	u01D4
train	UN2012070	u01D6
train	UN2012070	u01D8
train	UN2012070	u01DA
train	UN2012070	u01DC
train	UN2012071	u0030
train	UN2012071	u0031
train	UN2012071	u0032
train	UN2012071	u0033
train	UN2012071	u0034
train	UN2012071	u0035
train	UN2012071	u0036
train	UN2012071	u0037
train	UN2012071	u0038
train	UN2012071	u0039
train	UN2012071	u0041
train	UN2012071	u0042
train	UN2012071	u0043
train	UN2012071	u0044
train	UN2012071	u0045
train	UN2012071	u0046
train	UN2012071	u0047
train	UN2012071	u0048
train	UN2012071	u0049
train	UN2012071	u004A
train	UN2012071	u004B
train	UN2012071	u004C
train	UN2012071	u004D
train	UN2012071	u004E
train	UN2012071	u004F
train	UN2012071	u0050
train	UN2012071	u0051
train	UN2012071	u0052
train	UN2012071	u0053
train	UN2012071	u0054
train	UN2012071	u0055
train	UN2012071	u0056
train	UN2012071	u0057
train	UN2012071	u0058
train	UN2012071	u0059
train	UN2012071	u005A
train	UN2012071	u0061
train	UN2012071	u0062
train	UN2012071	u0063
train	UN2012071	u0064
train	UN2012071	u0065
train	UN2012071	u0066
train	UN2012071	u0067
train	UN2012071	u0068
train	UN2012071	u0069
train	UN2012071	u006A
train	UN2012071	u006B
train	UN2012071	u006C
train	UN2012071	u006D
train	UN2012071	u006E
train	UN2012071	u006F
train	UN2012071	u0070
train	UN2012071	u0071
train	UN2012071	u0072
train	UN2012071	u0073
train	UN2012071	u0074
train	UN2012071	u0075
train	UN2012071	u0076
train	UN2012071	u0077
train	UN2012071	u0078
train	UN2012071	u0079
train	UN2012071	u007A
train	UN2012071	u00E0
train	UN2012071	u00E1
train	UN2012071	u00E8
train	UN2012071	u00E9
train	UN2012071	u00EA
train	UN2012071	u00ED
train	UN2012071	u00F2
train	UN2012071	u00F3
train	UN2012071	u00F9
train	UN2012071	u00FA
train	UN2012071	u00FC
train	UN2012071	u0101
train	UN2012071	u0113
train	UN2012071	u011B
train	UN2012071	u012B
train	UN2012071	u0144
train	UN2012071	u0148
train	UN2012071	u014D
train	UN2012071	u016B
train	UN2012071	u01CE
train	UN2012071	u01D0
train	UN2012071	u01D2
train	UN2012071	u01D4
train	UN2012071	u01D6
train	UN2012071	u01D8
train	UN2012071	u01DA
train	UN2012071	u01DC
train	UN2012072	u0030
train	UN2012072	u0031
train	UN2012072	u0032
train	UN2012072	u0033
train	UN2012072	u0034
train	UN2012072	u0035
train	UN2012072	u0036
train	UN2012072	u0037
train	UN2012072	u0038
train	UN2012072	u0039
train	UN2012072	u0041
train	UN2012072	u0042
train	UN2012072	u0043
train	UN2012072	u0044
train	UN2012072	u0045
train	UN2012072	u0046
train	UN2012072	u0047
train	UN2012072	u0048
train	UN2012072	u0049
train	UN2012072	u004A
train	UN2012072	u004B
train	UN2012072	u004C
train	UN2012072	u004D
train	UN2012072	u004E
train	UN2012072	u004F
train	UN2012072	u0050
train	UN2012072	u0051
train	UN2012072	u0052
train	UN2012072	u0053
train	UN2012072	u0054
train	UN2012072	u0055
train	UN2012072	u0056
train	UN2012072	u0057
train	UN2012072	u0058
train	UN2012072	u0059
train	UN2012072	u005A
train	UN2012072	u0061
train	UN2012072	u0062
train	UN2012072	u0063
train	UN2012072	u0064
train	UN2012072	u0065
train	UN2012072	u0066
train	UN2012072	u0067
train	UN2012072	u0068
train	UN2012072	u0069
train	UN2012072	u006A
train	UN2012072	u006B
train	UN2012072	u006C
train	UN2012072	u006D
train	UN2012072	u006E
train	UN2012072	u006F
train	UN2012072	u0070
train	UN2012072	u0071
train	UN2012072	u0072
train	UN2012072	u0073
train	UN2012072	u0074
train	UN2012072	u0075
train	UN2012072	u0076
train	UN2012072	u0077
train	UN2012072	u0078
train	UN2012072	u0079
train	UN2012072	u007A
train	UN2012072	u00E0
train	UN2012072	u00E1
train	UN2012072	u00E8
train	UN2012072	u00E9
train	UN2012072	u00EA
train	UN2012072	u00ED
train	UN2012072	u00F2
train	UN2012072	u00F3
train	UN2012072	u00F9
train	UN2012072	u00FA
train	UN2012072	u00FC
train	UN2012072	u0101
train	UN2012072	u0113
train	UN2012072	u011B
train	UN2012072	u012B
train	UN2012072	u0144
train	UN2012072	u0148
train	UN2012072	u014D
train	UN2012072	u016B
train	UN2012072	u01CE
train	UN2012072	u01D0
train	UN2012072	u01D2
train	UN2012072	u01D4
train	UN2012072	u01D6
train	UN2012072	u01D8
train	UN2012072	u01DA
train	UN2012072	u01DC
train	UN2012073	u0030
train	UN2012073	u0031
train	UN2012073	u0032
train	UN2012073	u0033
train	UN2012073	u0034
train	UN2012073	u0035
train	UN2012073	u0036
train	UN2012073	u0037
train	UN2012073	u0038
train	UN2012073	u0039
train	UN2012073	u0041
train	UN2012073	u0042
train	UN2012073	u0043
train	UN2012073	u0044
train	UN2012073	u0045
train	UN2012073	u0046
train	UN2012073	u0047
train	UN2012073	u0048
train	UN2012073	u0049
train	UN2012073	u004A
train	UN2012073	u004B
train	UN2012073	u004C
train	UN2012073	u004D
train	UN2012073	u004E
train	UN2012073	u004F
train	UN2012073	u0050
train	UN2012073	u0051
train	UN2012073	u0052
train	UN2012073	u0053
train	UN2012073	u0054
train	UN2012073	u0055
train	UN2012073	u0056
train	UN2012073	u0057
train	UN2012073	u0058
train	UN2012073	u0059
train	UN2012073	u005A
train	UN2012073	u0061
train	UN2012073	u0062
train	UN2012073	u0063
train	UN2012073	u0064
train	UN2012073	u0065
train	UN2012073	u0066
train	UN2012073	u0067
train	UN2012073	u0068
train	UN2012073	u0069
train	UN2012073	u006A
train	UN2012073	u006B
train	UN2012073	u006C
train	UN2012073	u006D
train	UN2012073	u006E
train	UN2012073	u006F
train	UN2012073	u0070
train	UN2012073	u0071
train	UN2012073	u0072
train	UN2012073	u0073
train	UN2012073	u0074
train	UN2012073	u0075
train	UN2012073	u0076
train	UN2012073	u0077
train	UN2012073	u0078
train	UN2012073	u0079
train	UN2012073	u007A
train	UN2012073	u00E0
train	UN2012073	u00E1
train	UN2012073	u00E8
train	UN2012073	u00E9
train	UN2012073	u00EA
train	UN2012073	u00ED
train	UN2012073	u00F2
train	UN2012073	u00F3
train	UN2012073	u00F9
train	UN2012073	u00FA
train	UN2012073	u00FC
train	UN2012073	u0101
train	UN2012073	u0113
train	UN2012073	u011B
train	UN2012073	u012B
train	UN2012073	u0144
train	UN2012073	u0148
train	UN2012073	u014D
train	UN2012073	u016B
train	UN2012073	u01CE
train	UN2012073	u01D0
train	UN2012073	u01D2
train	UN2012073	u01D4
train	UN2012073	u01D6
train	UN2012073	u01D8
train	UN2012073	u01DA
train	UN2012073	u01DC
train	UN2012091	u0030
train	UN2012091	u0031
train	UN2012091	u0032
train	UN2012091	u0033
train	UN2012091	u0034
train	UN2012091	u0035
train	UN2012091	u0036
train	UN2012091	u0037
train	UN2012091	u0038
train	UN2012091	u0039
train	UN2012091	u0041
train	UN2012091	u0042
train	UN2012091	u0043
train	UN2012091	u0044
train	UN2012091	u0045
train	UN2012091	u0046
train	UN2012091	u0047
train	UN2012091	u0048
train	UN2012091	u0049
train	UN2012091	u004A
train	UN2012091	u004B
train	UN2012091	u004C
train	UN2012091	u004D
train	UN2012091	u004E
train	UN2012091	u004F
train	UN2012091	u0050
train	UN2012091	u0051
train	UN2012091	u0052
train	UN2012091	u0053
train	UN2012091	u0054
train	UN2012091	u0055
train	UN2012091	u0056
train	UN2012091	u0057
train	UN2012091	u0058
train	UN2012091	u0059
train	UN2012091	u005A
train	UN2012091	u0061
train	UN2012091	u0062
train	UN2012091	u0063
train	UN2012091	u0064
train	UN2012091	u0065
train	UN2012091	u0066
train	UN2012091	u0067
train	UN2012091	u0068
train	UN2012091	u0069
train	UN2012091	u006A
train	UN2012091	u006B
train	UN2012091	u006C
train	UN2012091	u006D
train	UN2012091	u006E
train	UN2012091	u006F
train	UN2012091	u0070
train	UN2012091	u0071
train	UN2012091	u0072
train	UN2012091	u0073
train	UN2012091	u0074
train	UN2012091	u0075
train	UN2012091	u0076
train	UN2012091	u0077
train	UN2012091	u0078
train	UN2012091	u0079
train	UN2012091	u007A
train	UN2012091	u00E0
train	UN2012091	u00E1
train	UN2012091	u00E8
train	UN2012091	u00E9
train	UN2012091	u00EA
train	UN2012091	u00ED
train	UN2012091	u00F2
train	UN2012091	u00F3
train	UN2012091	u00F9
train	UN2012091	u00FA
train	UN2012091	u00FC
train	UN2012091	u0101
train	UN2012091	u0113
train	UN2012091	u011B
train	UN2012091	u012B
train	UN2012091	u0144
train	UN2012091	u0148
train	UN2012091	u014D
train	UN2012091	u016B
train	UN2012091	u01CE
train	UN2012091	u01D0
train	UN2012091	u01D2
train	UN2012091	u01D4
train	UN2012091	u01D6
train	UN2012091	u01D8
train	UN2012091	u01DA
train	UN2012091	u01DC
train	UN2012100	u0030
train	UN2012100	u0031
train	UN2012100	u0032
train	UN2012100	u0033
train	UN2012100	u0034
train	UN2012100	u0035
train	UN2012100	u0036
train	UN2012100	u0037
train	UN2012100	u0038
train	UN2012100	u0039
train	UN2012100	u0041
train	UN2012100	u0042
train	UN2012100	u0043
train	UN2012100	u0044
train	UN2012100	u0045
train	UN2012100	u0046
train	UN2012100	u0047
train	UN2012100	u0048
train	UN2012100	u0049
train	UN2012100	u004A
train	UN2012100	u004B
train	UN2012100	u004C
train	UN2012100	u004D
train	UN2012100	u004E
train	UN2012100	u004F
train	UN2012100	u0050
train	UN2012100	u0051
train	UN2012100	u0052
train	UN2012100	u0053
train	UN2012100	u0054
train	UN2012100	u0055
train	UN2012100	u0056
train	UN2012100	u0057
train	UN2012100	u0058
train	UN2012100	u0059
train	UN2012100	u005A
train	UN2012100	u0061
train	UN2012100	u0062
train	UN2012100	u0063
train	UN2012100	u0064
train	UN2012100	u0065
train	UN2012100	u0066
train	UN2012100	u0067
train	UN2012100	u0068
train	UN2012100	u0069
train	UN2012100	u006A
train	UN2012100	u006B
train	UN2012100	u006C
train	UN2012100	u006D
train	UN2012100	u006E
train	UN2012100	u006F
train	UN2012100	u0070
train	UN2012100	u0071
train	UN2012100	u0072
train	UN2012100	u0073
train	UN2012100	u0074
train	UN2012100	u0075
train	UN2012100	u0076
train	UN2012100	u0077
train	UN2012100	u0078
train	UN2012100	u0079
train	UN2012100	u007A
train	UN2012100	u00E0
train	UN2012100	u00E1
train	UN2012100	u00E8
train	UN2012100	u00E9
train	UN2012100	u00EA
train	UN2012100	u00ED
train	UN2012100	u00F2
train	UN2012100	u00F3
train	UN2012100	u00F9
train	UN2012100	u00FA
train	UN2012100	u00FC
train	UN2012100	u0101
train	UN2012100	u0113
train	UN2012100	u011B
train	UN2012100	u012B
train	UN2012100	u0144
train	UN2012100	u0148
train	UN2012100	u014D
train	UN2012100	u016B
train	UN2012100	u01CE
train	UN2012100	u01D0
train	UN2012100	u01D2
train	UN2012100	u01D4
train	UN2012100	u01D6
train	UN2012100	u01D8
train	UN2012100	u01DA
train	UN2012100	u01DC
train	UN2012102	u0030
train	UN2012102	u0031
train	UN2012102	u0032
train	UN2012102	u0033
train	UN2012102	u0034
train	UN2012102	u0035
train	UN2012102	u0036
train	UN2012102	u0037
train	UN2012102	u0038
train	UN2012102	u0039
train	UN2012102	u0041
train	UN2012102	u0042
train	UN2012102	u0043
train	UN2012102	u0044
train	UN2012102	u0045
train	UN2012102	u0046
train	UN2012102	u0047
train	UN2012102	u0048
train	UN2012102	u0049
train	UN2012102	u004A
train	UN2012102	u004B
train	UN2012102	u004C
train	UN2012102	u004D
train	UN2012102	u004E
train	UN2012102	u004F
train	UN2012102	u0050
train	UN2012102	u0051
train	UN2012102	u0052
train	UN2012102	u0053
train	UN2012102	u0054
train	UN2012102	u0055
train	UN2012102	u0056
train	UN2012102	u0057
train	UN2012102	u0058
train	UN2012102	u0059
train	UN2012102	u005A
train	UN2012102	u0061
train	UN2012102	u0062
train	UN2012102	u0063
train	UN2012102	u0064
train	UN2012102	u0065
train	UN2012102	u0066
train	UN2012102	u0067
train	UN2012102	u0068
train	UN2012102	u0069
train	UN2012102	u006A
train	UN2012102	u006B
train	UN2012102	u006C
train	UN2012102	u006D
train	UN2012102	u006E
train	UN2012102	u006F
train	UN2012102	u0070
train	UN2012102	u0071
train	UN2012102	u0072
train	UN2012102	u0073
train	UN2012102	u0074
train	UN2012102	u0075
train	UN2012102	u0076
train	UN2012102	u0077
train	UN2012102	u0078
train	UN2012102	u0079
train	UN2012102	u007A
train	UN2012102	u00E0
train	UN2012102	u00E1
train	UN2012102	u00E8
train	UN2012102	u00E9
train	UN2012102	u00EA
train	UN2012102	u00ED
train	UN2012102	u00F2
train	UN2012102	u00F3
train	UN2012102	u00F9
train	UN2012102	u00FA
train	UN2012102	u00FC
train	UN2012102	u0101
train	UN2012102	u0113
train	UN2012102	u011B
train	UN2012102	u012B
train	UN2012102	u0144
train	UN2012102	u0148
train	UN2012102	u014D
train	UN2012102	u016B
train	UN2012102	u01CE
train	UN2012102	u01D0
train	UN2012102	u01D2
train	UN2012102	u01D4
train	UN2012102	u01D6
train	UN2012102	u01D8
train	UN2012102	u01DA
train	UN2012102	u01DC
train	UN2012112	u0030
train	UN2012112	u0031
train	UN2012112	u0032
train	UN2012112	u0033
train	UN2012112	u0034
train	UN2012112	u0035
train	UN2012112	u0036
train	UN2012112	u0037
train	UN2012112	u0038
train	UN2012112	u0039
train	UN2012112	u0041
train	UN2012112	u0042
train	UN2012112	u0043
train	UN2012112	u0044
train	UN2012112	u0045
train	UN2012112	u0046
train	UN2012112	u0047
train	UN2012112	u0048
train	UN2012112	u0049
train	UN2012112	u004A
train	UN2012112	u004B
train	UN2012112	u004C
train	UN2012112	u004D
train	UN2012112	u004E
train	UN2012112	u004F
train	UN2012112	u0050
train	UN2012112	u0051
train	UN2012112	u0052
train	UN2012112	u0053
train	UN2012112	u0054
train	UN2012112	u0055
train	UN2012112	u0056
train	UN2012112	u0057
train	UN2012112	u0058
train	UN2012112	u0059
train	UN2012112	u005A
train	UN2012112	u0061
train	UN2012112	u0062
train	UN2012112	u0063
train	UN2012112	u0064
train	UN2012112	u0065
train	UN2012112	u0066
train	UN2012112	u0067
train	UN2012112	u0068
train	UN2012112	u0069
train	UN2012112	u006A
train	UN2012112	u006B
train	UN2012112	u006C
train	UN2012112	u006D
train	UN2012112	u006E
train	UN2012112	u006F
train	UN2012112	u0070
train	UN2012112	u0071
train	UN2012112	u0072
train	UN2012112	u0073
train	UN2012112	u0074
train	UN2012112	u0075
train	UN2012112	u0076
train	UN2012112	u0077
train	UN2012112	u0078
train	UN2012112	u0079
train	UN2012112	u007A
train	UN2012112	u00E0
train	UN2012112	u00E1
train	UN2012112	u00E8
train	UN2012112	u00E9
train	UN2012112	u00EA
train	UN2012112	u00ED
train	UN2012112	u00F2
train	UN2012112	u00F3
train	UN2012112	u00F9
train	UN2012112	u00FA
train	UN2012112	u00FC
train	UN2012112	u0101
train	UN2012112	u0113
train	UN2012112	u011B
train	UN2012112	u012B
train	UN2012112	u0144
train	UN2012112	u0148
train	UN2012112	u014D
train	UN2012112	u016B
train	UN2012112	u01CE
train	UN2012112	u01D0
train	UN2012112	u01D2
train	UN2012112	u01D4
train	UN2012112	u01D6
train	UN2012112	u01D8
train	UN2012112	u01DA
train	UN2012112	u01DC
train	UN2012126	u0030
train	UN2012126	u0031
train	UN2012126	u0032
train	UN2012126	u0033
train	UN2012126	u0034
train	UN2012126	u0035
train	UN2012126	u0036
train	UN2012126	u0037
train	UN2012126	u0038
train	UN2012126	u0039
train	UN2012126	u0041
train	UN2012126	u0042
train	UN2012126	u0043
train	UN2012126	u0044
train	UN2012126	u0045
train	UN2012126	u0046
train	UN2012126	u0047
train	UN2012126	u0048
train	UN2012126	u0049
train	UN2012126	u004A
train	UN2012126	u004B
train	UN2012126	u004C
train	UN2012126	u004D
train	UN2012126	u004E
train	UN2012126	u004F
train	UN2012126	u0050
train	UN2012126	u0051
train	UN2012126	u0052
train	UN2012126	u0053
train	UN2012126	u0054
train	UN2012126	u0055
train	UN2012126	u0056
train	UN2012126	u0057
train	UN2012126	u0058
train	UN2012126	u0059
train	UN2012126	u005A
train	UN2012126	u0061
train	UN2012126	u0062
train	UN2012126	u0063
train	UN2012126	u0064
train	UN2012126	u0065
train	UN2012126	u0066
train	UN2012126	u0067
train	UN2012126	u0068
train	UN2012126	u0069
train	UN2012126	u006A
train	UN2012126	u006B
train	UN2012126	u006C
train	UN2012126	u006D
train	UN2012126	u006E
train	UN2012126	u006F
train	UN2012126	u0070
train	UN2012126	u0071
train	UN2012126	u0072
train	UN2012126	u0073
train	UN2012126	u0074
train	UN2012126	u0075
train	UN2012126	u0076
train	UN2012126	u0077
train	UN2012126	u0078
train	UN2012126	u0079
train	UN2012126	u007A
train	UN2012141	u0030
train	UN2012141	u0031
train	UN2012141	u0032
train	UN2012141	u0033
train	UN2012141	u0034
train	UN2012141	u0035
train	UN2012141	u0036
train	UN2012141	u0037
train	UN2012141	u0038
train	UN2012141	u0039
train	UN2012141	u0041
train	UN2012141	u0042
train	UN2012141	u0043
train	UN2012141	u0044
train	UN2012141	u0045
train	UN2012141	u0046
train	UN2012141	u0047
train	UN2012141	u0048
train	UN2012141	u0049
train	UN2012141	u004A
train	UN2012141	u004B
train	UN2012141	u004C
train	UN2012141	u004D
train	UN2012141	u004E
train	UN2012141	u004F
train	UN2012141	u0050
train	UN2012141	u0051
train	UN2012141	u0052
train	UN2012141	u0053
train	UN2012141	u0054
train	UN2012141	u0055
train	UN2012141	u0056
train	UN2012141	u0057
train	UN2012141	u0058
train	UN2012141	u0059
train	UN2012141	u005A
train	UN2012141	u0061
train	UN2012141	u0062
train	UN2012141	u0063
train	UN2012141	u0064
train	UN2012141	u0065
train	UN2012141	u0066
train	UN2012141	u0067
train	UN2012141	u0068
train	UN2012141	u0069
train	UN2012141	u006A
train	UN2012141	u006B
train	UN2012141	u006C
train	UN2012141	u006D
train	UN2012141	u006E
train	UN2012141	u006F
train	UN2012141	u0070
train	UN2012141	u0071
train	UN2012141	u0072
train	UN2012141	u0073
train	UN2012141	u0074
train	UN2012141	u0075
train	UN2012141	u0076
train	UN2012141	u0077
train	UN2012141	u0078
train	UN2012141	u0079
train	UN2012141	u007A
train	UN2012141	u00E0
train	UN2012141	u00E1
train	UN2012141	u00E8
train	UN2012141	u00E9
train	UN2012141	u00EA
train	UN2012141	u00ED
train	UN2012141	u00F2
train	UN2012141	u00F3
train	UN2012141	u00F9
train	UN2012141	u00FA
train	UN2012141	u00FC
train	UN2012141	u0101
train	UN2012141	u0113
train	UN2012141	u011B
train	UN2012141	u012B
train	UN2012141	u0144
train	UN2012141	u0148
train	UN2012141	u014D
train	UN2012141	u016B
train	UN2012141	u01CE
train	UN2012141	u01D0
train	UN2012141	u01D2
train	UN2012141	u01D4
train	UN2012141	u01D6
train	UN2012141	u01D8
train	UN2012141	u01DA
train	UN2012141	u01DC
train	UN2012163	u0030
train	UN2012163	u0031
train	UN2012163	u0032
train	UN2012163	u0033
train	UN2012163	u0034
train	UN2012163	u0035
train	UN2012163	u0036
train	UN2012163	u0037
train	UN2012163	u0038
train	UN2012163	u0039
train	UN2012163	u0041
train	UN2012163	u0042
train	UN2012163	u0043
train	UN2012163	u0044
train	UN2012163	u0045
train	UN2012163	u0046
train	UN2012163	u0047
train	UN2012163	u0048
train	UN2012163	u0049
train	UN2012163	u004A
train	UN2012163	u004B
train	UN2012163	u004C
train	UN2012163	u004D
train	UN2012163	u004E
train	UN2012163	u004F
train	UN2012163	u0050
train	UN2012163	u0051
train	UN2012163	u0052
train	UN2012163	u0053
train	UN2012163	u0054
train	UN2012163	u0055
train	UN2012163	u0056
train	UN2012163	u0057
train	UN2012163	u0058
train	UN2012163	u0059
train	UN2012163	u005A
train	UN2012163	u0061
train	UN2012163	u0062
train	UN2012163	u0063
train	UN2012163	u0064
train	UN2012163	u0065
train	UN2012163	u0066
train	UN2012163	u0067
train	UN2012163	u0068
train	UN2012163	u0069
train	UN2012163	u006A
train	UN2012163	u006B
train	UN2012163	u006C
train	UN2012163	u006D
train	UN2012163	u006E
train	UN2012163	u006F
train	UN2012163	u0070
train	UN2012163	u0071
train	UN2012163	u0072
train	UN2012163	u0073
train	UN2012163	u0074
train	UN2012163	u0075
train	UN2012163	u0076
train	UN2012163	u0077
train	UN2012163	u0078
train	UN2012163	u0079
train	UN2012163	u007A
train	UN2012164	u0030
train	UN2012164	u0031
train	UN2012164	u0032
train	UN2012164	u0033
train	UN2012164	u0034
train	UN2012164	u0035
train	UN2012164	u0036
train	UN2012164	u0037
train	UN2012164	u0038
train	UN2012164	u0039
train	UN2012164	u0041
train	UN2012164	u0042
train	UN2012164	u0043
train	UN2012164	u0044
train	UN2012164	u0045
train	UN2012164	u0046
train	UN2012164	u0047
train	UN2012164	u0048
train	UN2012164	u0049
train	UN2012164	u004A
train	UN2012164	u004B
train	UN2012164	u004C
train	UN2012164	u004D
train	UN2012164	u004E
train	UN2012164	u004F
train	UN2012164	u0050
train	UN2012164	u0051
train	UN2012164	u0052
train	UN2012164	u0053
train	UN2012164	u0054
train	UN2012164	u0055
train	UN2012164	u0056
train	UN2012164	u0057
train	UN2012164	u0058
train	UN2012164	u0059
train	UN2012164	u005A
train	UN2012164	u0061
train	UN2012164	u0062
train	UN2012164	u0063
train	UN2012164	u0064
train	UN2012164	u0065
train	UN2012164	u0066
train	UN2012164	u0067
train	UN2012164	u0068
train	UN2012164	u0069
train	UN2012164	u006A
train	UN2012164	u006B
train	UN2012164	u006C
train	UN2012164	u006D
train	UN2012164	u006E
train	UN2012164	u006F
train	UN2012164	u0070
train	UN2012164	u0071
train	UN2012164	u0072
train	UN2012164	u0073
train	UN2012164	u0074
train	UN2012164	u0075
train	UN2012164	u0076
train	UN2012164	u0077
train	UN2012164	u0078
train	UN2012164	u0079
train	UN2012164	u007A
train	UN2012164	u00E0
train	UN2012164	u00E1
train	UN2012164	u00E8
train	UN2012164	u00E9
train	UN2012164	u00EA
train	UN2012164	u00ED
train	UN2012164	u00F2
train	UN2012164	u00F3
train	UN2012164	u00F9
train	UN2012164	u00FA
train	UN2012164	u00FC
train	UN2012164	u0101
train	UN2012164	u0113
train	UN2012164	u011B
train	UN2012164	u012B
train	UN2012164	u0144
train	UN2012164	u0148
train	UN2012164	u014D
train	UN2012164	u016B
train	UN2012164	u01CE
train	UN2012164	u01D0
train	UN2012164	u01D2
train	UN2012164	u01D4
train	UN2012164	u01D6
train	UN2012164	u01D8
train	UN2012164	u01DA
train	UN2012164	u01DC
train	UN2012167	u0030
train	UN2012167	u0031
train	UN2012167	u0032
train	UN2012167	u0033
train	UN2012167	u0034
train	UN2012167	u0035
train	UN2012167	u0036
train	UN2012167	u0037
train	UN2012167	u0038
train	UN2012167	u0039
train	UN2012167	u0041
train	UN2012167	u0042
train	UN2012167	u0043
train	UN2012167	u0044
train	UN2012167	u0045
train	UN2012167	u0046
train	UN2012167	u0047
train	UN2012167	u0048
train	UN2012167	u0049
train	UN2012167	u004A
train	UN2012167	u004B
train	UN2012167	u004C
train	UN2012167	u004D
train	UN2012167	u004E
train	UN2012167	u004F
train	UN2012167	u0050
train	UN2012167	u0051
train	UN2012167	u0052
train	UN2012167	u0053
train	UN2012167	u0054
train	UN2012167	u0055
train	UN2012167	u0056
train	UN2012167	u0057
train	UN2012167	u0058
train	UN2012167	u0059
train	UN2012167	u005A
train	UN2012167	u0061
train	UN2012167	u0062
train	UN2012167	u0063
train	UN2012167	u0064
train	UN2012167	u0065
train	UN2012167	u0066
train	UN2012167	u0067
train	UN2012167	u0068
train	UN2012167	u0069
train	UN2012167	u006A
train	UN2012167	u006B
train	UN2012167	u006C
train	UN2012167	u006D
train	UN2012167	u006E
train	UN2012167	u006F
train	UN2012167	u0070
train	UN2012167	u0071
train	UN2012167	u0072
train	UN2012167	u0073
train	UN2012167	u0074
train	UN2012167	u0075
train	UN2012167	u0076
train	UN2012167	u0077
train	UN2012167	u0078
train	UN2012167	u0079
train	UN2012167	u007A
train	UN2012167	u00E0
train	UN2012167	u00E1
train	UN2012167	u00E8
train	UN2012167	u00E9
train	UN2012167	u00EA
train	UN2012167	u00ED
train	UN2012167	u00F2
train	UN2012167	u00F3
train	UN2012167	u00F9
train	UN2012167	u00FA
train	UN2012167	u00FC
train	UN2012167	u0101
train	UN2012167	u0113
train	UN2012167	u011B
train	UN2012167	u012B
train	UN2012167	u0144
train	UN2012167	u0148
train	UN2012167	u014D
train	UN2012167	u016B
train	UN2012167	u01CE
train	UN2012167	u01D0
train	UN2012167	u01D2
train	UN2012167	u01D4
train	UN2012167	u01D6
train	UN2012167	u01D8
train	UN2012167	u01DA
train	UN2012167	u01DC
train	UN2012168	u0030
train	UN2012168	u0031
train	UN2012168	u0032
train	UN2012168	u0033
train	UN2012168	u0034
train	UN2012168	u0035
train	UN2012168	u0036
train	UN2012168	u0037
train	UN2012168	u0038
train	UN2012168	u0039
train	UN2012168	u0041
train	UN2012168	u0042
train	UN2012168	u0043
train	UN2012168	u0044
train	UN2012168	u0045
train	UN2012168	u0046
train	UN2012168	u0047
train	UN2012168	u0048
train	UN2012168	u0049
train	UN2012168	u004A
train	UN2012168	u004B
train	UN2012168	u004C
train	UN2012168	u004D
train	UN2012168	u004E
train	UN2012168	u004F
train	UN2012168	u0050
train	UN2012168	u0051
train	UN2012168	u0052
train	UN2012168	u0053
train	UN2012168	u0054
train	UN2012168	u0055
train	UN2012168	u0056
train	UN2012168	u0057
train	UN2012168	u0058
train	UN2012168	u0059
train	UN2012168	u005A
train	UN2012168	u0061
train	UN2012168	u0062
train	UN2012168	u0063
train	UN2012168	u0064
train	UN2012168	u0065
train	UN2012168	u0066
train	UN2012168	u0067
train	UN2012168	u0068
train	UN2012168	u0069
train	UN2012168	u006A
train	UN2012168	u006B
train	UN2012168	u006C
train	UN2012168	u006D
train	UN2012168	u006E
train	UN2012168	u006F
train	UN2012168	u0070
train	UN2012168	u0071
train	UN2012168	u0072
train	UN2012168	u0073
train	UN2012168	u0074
train	UN2012168	u0075
train	UN2012168	u0076
train	UN2012168	u0077
train	UN2012168	u0078
train	UN2012168	u0079
train	UN2012168	u007A
train	UN2012168	u00E0
train	UN2012168	u00E1
train	UN2012168	u00E8
train	UN2012168	u00E9
train	UN2012168	u00EA
train	UN2012168	u00ED
train	UN2012168	u00F2
train	UN2012168	u00F3
train	UN2012168	u00F9
train	UN2012168	u00FA
train	UN2012168	u00FC
train	UN2012168	u0101
train	UN2012168	u0113
train	UN2012168	u011B
train	UN2012168	u012B
train	UN2012168	u0144
train	UN2012168	u0148
train	UN2012168	u014D
train	UN2012168	u016B
train	UN2012168	u01CE
train	UN2012168	u01D0
train	UN2012168	u01D2
train	UN2012168	u01D4
train	UN2012168	u01D6
train	UN2012168	u01D8
train	UN2012168	u01DA
train	UN2012168	u01DC
train	UN2012179	u0030
train	UN2012179	u0031
train	UN2012179	u0032
train	UN2012179	u0033
train	UN2012179	u0034
train	UN2012179	u0035
train	UN2012179	u0036
train	UN2012179	u0037
train	UN2012179	u0038
train	UN2012179	u0039
train	UN2012179	u0041
train	UN2012179	u0042
train	UN2012179	u0043
train	UN2012179	u0044
train	UN2012179	u0045
train	UN2012179	u0046
train	UN2012179	u0047
train	UN2012179	u0048
train	UN2012179	u0049
train	UN2012179	u004A
train	UN2012179	u004B
train	UN2012179	u004C
train	UN2012179	u004D
train	UN2012179	u004E
train	UN2012179	u004F
train	UN2012179	u0050
train	UN2012179	u0051
train	UN2012179	u0052
train	UN2012179	u0053
train	UN2012179	u0054
train	UN2012179	u0055
train	UN2012179	u0056
train	UN2012179	u0057
train	UN2012179	u0058
train	UN2012179	u0059
train	UN2012179	u005A
train	UN2012179	u0061
train	UN2012179	u0062
train	UN2012179	u0063
train	UN2012179	u0064
train	UN2012179	u0065
train	UN2012179	u0066
train	UN2012179	u0067
train	UN2012179	u0068
train	UN2012179	u0069
train	UN2012179	u006A
train	UN2012179	u006B
train	UN2012179	u006C
train	UN2012179	u006D
train	UN2012179	u006E
train	UN2012179	u006F
train	UN2012179	u0070
train	UN2012179	u0071
train	UN2012179	u0072
train	UN2012179	u0073
train	UN2012179	u0074
train	UN2012179	u0075
train	UN2012179	u0076
train	UN2012179	u0077
train	UN2012179	u0078
train	UN2012179	u0079
train	UN2012179	u007A
train	UN2012179	u00E0
train	UN2012179	u00E1
train	UN2012179	u00E8
train	UN2012179	u00E9
train	UN2012179	u00EA
train	UN2012179	u00ED
train	UN2012179	u00F2
train	UN2012179	u00F3
train	UN2012179	u00F9
train	UN2012179	u00FA
train	UN2012179	u00FC
train	UN2012179	u0101
train	UN2012179	u0113
train	UN2012179	u011B
train	UN2012179	u012B
train	UN2012179	u0144
train	UN2012179	u0148
train	UN2012179	u014D
train	UN2012179	u016B
train	UN2012179	u01CE
train	UN2012179	u01D0
train	UN2012179	u01D2
train	UN2012179	u01D4
train	UN2012179	u01D6
train	UN2012179	u01D8
train	UN2012179	u01DA
train	UN2012179	u01DC
train	UN2012180	u0030
train	UN2012180	u0031
train	UN2012180	u0032
train	UN2012180	u0033
train	UN2012180	u0034
train	UN2012180	u0035
train	UN2012180	u0036
train	UN2012180	u0037
train	UN2012180	u0038
train	UN2012180	u0039
train	UN2012180	u0041
train	UN2012180	u0042
train	UN2012180	u0043
train	UN2012180	u0044
train	UN2012180	u0045
train	UN2012180	u0046
train	UN2012180	u0047
train	UN2012180	u0048
train	UN2012180	u0049
train	UN2012180	u004A
train	UN2012180	u004B
train	UN2012180	u004C
train	UN2012180	u004D
train	UN2012180	u004E
train	UN2012180	u004F
train	UN2012180	u0050
train	UN2012180	u0051
train	UN2012180	u0052
train	UN2012180	u0053
train	UN2012180	u0054
train	UN2012180	u0055
train	UN2012180	u0056
train	UN2012180	u0057
train	UN2012180	u0058
train	UN2012180	u0059
train	UN2012180	u005A
train	UN2012180	u0061
train	UN2012180	u0062
train	UN2012180	u0063
train	UN2012180	u0064
train	UN2012180	u0065
train	UN2012180	u0066
train	UN2012180	u0067
train	UN2012180	u0068
train	UN2012180	u0069
train	UN2012180	u006A
train	UN2012180	u006B
train	UN2012180	u006C
train	UN2012180	u006D
train	UN2012180	u006E
train	UN2012180	u006F
train	UN2012180	u0070
train	UN2012180	u0071
train	UN2012180	u0072
train	UN2012180	u0073
train	UN2012180	u0074
train	UN2012180	u0075
train	UN2012180	u0076
train	UN2012180	u0077
train	UN2012180	u0078
train	UN2012180	u0079
train	UN2012180	u007A
train	UN2012180	u00E0
train	UN2012180	u00E1
train	UN2012180	u00E8
train	UN2012180	u00E9
train	UN2012180	u00EA
train	UN2012180	u00ED
train	UN2012180	u00F2
train	UN2012180	u00F3
train	UN2012180	u00F9
train	UN2012180	u00FA
train	UN2012180	u00FC
train	UN2012180	u0101
train	UN2012180	u0113
train	UN2012180	u011B
train	UN2012180	u012B
train	UN2012180	u0144
train	UN2012180	u0148
train	UN2012180	u014D
train	UN2012180	u016B
train	UN2012180	u01CE
train	UN2012180	u01D0
train	UN2012180	u01D2
train	UN2012180	u01D4
train	UN2012180	u01D6
train	UN2012180	u01D8
train	UN2012180	u01DA
train	UN2012180	u01DC
train	UN2012193	u0030
train	UN2012193	u0031
train	UN2012193	u0032
train	UN2012193	u0033
train	UN2012193	u0034
train	UN2012193	u0035
train	UN2012193	u0036
train	UN2012193	u0037
train	UN2012193	u0038
train	UN2012193	u0039
train	UN2012193	u0041
train	UN2012193	u0042
train	UN2012193	u0043
train	UN2012193	u0044
train	UN2012193	u0045
train	UN2012193	u0046
train	UN2012193	u0047
train	UN2012193	u0048
train	UN2012193	u0049
train	UN2012193	u004A
train	UN2012193	u004B
train	UN2012193	u004C
train	UN2012193	u004D
train	UN2012193	u004E
train	UN2012193	u004F
train	UN2012193	u0050
train	UN2012193	u0051
train	UN2012193	u0052
train	UN2012193	u0053
train	UN2012193	u0054
train	UN2012193	u0055
train	UN2012193	u0056
train	UN2012193	u0057
train	UN2012193	u0058
train	UN2012193	u0059
train	UN2012193	u005A
train	UN2012193	u0061
train	UN2012193	u0062
train	UN2012193	u0063
train	UN2012193	u0064
train	UN2012193	u0065
train	UN2012193	u0066
train	UN2012193	u0067
train	UN2012193	u0068
train	UN2012193	u0069
train	UN2012193	u006A
train	UN2012193	u006B
train	UN2012193	u006C
train	UN2012193	u006D
train	UN2012193	u006E
train	UN2012193	u006F
train	UN2012193	u0070
train	UN2012193	u0071
train	UN2012193	u0072
train	UN2012193	u0073
train	UN2012193	u0074
train	UN2012193	u0075
train	UN2012193	u0076
train	UN2012193	u0077
train	UN2012193	u0078
train	UN2012193	u0079
train	UN2012193	u007A
train	UN2012193	u00E0
train	UN2012193	u00E1
train	UN2012193	u00E8
train	UN2012193	u00E9
train	UN2012193	u00EA
train	UN2012193	u00ED
train	UN2012193	u00F2
train	UN2012193	u00F3
train	UN2012193	u00F9
train	UN2012193	u00FA
train	UN2012193	u00FC
train	UN2012193	u0101
train	UN2012193	u0113
train	UN2012193	u011B
train	UN2012193	u012B
train	UN2012193	u0144
train	UN2012193	u0148
train	UN2012193	u014D
train	UN2012193	u016B
train	UN2012193	u01CE
train	UN2012193	u01D0
train	UN2012193	u01D2
train	UN2012193	u01D4
train	UN2012193	u01D6
train	UN2012193	u01D8
train	UN2012193	u01DA
train	UN2012193	u01DC
train	UN2012216	u0030
train	UN2012216	u0031
train	UN2012216	u0032
train	UN2012216	u0033
train	UN2012216	u0034
train	UN2012216	u0035
train	UN2012216	u0036
train	UN2012216	u0037
train	UN2012216	u0038
train	UN2012216	u0039
train	UN2012216	u0041
train	UN2012216	u0042
train	UN2012216	u0043
train	UN2012216	u0044
train	UN2012216	u0045
train	UN2012216	u0046
train	UN2012216	u0047
train	UN2012216	u0048
train	UN2012216	u0049
train	UN2012216	u004A
train	UN2012216	u004B
train	UN2012216	u004C
train	UN2012216	u004D
train	UN2012216	u004E
train	UN2012216	u004F
train	UN2012216	u0050
train	UN2012216	u0051
train	UN2012216	u0052
train	UN2012216	u0053
train	UN2012216	u0054
train	UN2012216	u0055
train	UN2012216	u0056
train	UN2012216	u0057
train	UN2012216	u0058
train	UN2012216	u0059
train	UN2012216	u005A
train	UN2012216	u0061
train	UN2012216	u0062
train	UN2012216	u0063
train	UN2012216	u0064
train	UN2012216	u0065
train	UN2012216	u0066
train	UN2012216	u0067
train	UN2012216	u0068
train	UN2012216	u0069
train	UN2012216	u006A
train	UN2012216	u006B
train	UN2012216	u006C
train	UN2012216	u006D
train	UN2012216	u006E
train	UN2012216	u006F
train	UN2012216	u0070
train	UN2012216	u0071
train	UN2012216	u0072
train	UN2012216	u0073
train	UN2012216	u0074
train	UN2012216	u0075
train	UN2012216	u0076
train	UN2012216	u0077
train	UN2012216	u0078
train	UN2012216	u0079
train	UN2012216	u007A
train	UN2012216	u00E0
train	UN2012216	u00E1
train	UN2012216	u00E8
train	UN2012216	u00E9
train	UN2012216	u00EA
train	UN2012216	u00ED
train	UN2012216	u00F2
train	UN2012216	u00F3
train	UN2012216	u00F9
train	UN2012216	u00FA
train	UN2012216	u00FC
train	UN2012216	u0101
train	UN2012216	u0113
train	UN2012216	u011B
train	UN2012216	u012B
train	UN2012216	u0144
train	UN2012216	u0148
train	UN2012216	u014D
train	UN2012216	u016B
train	UN2012216	u01CE
train	UN2012216	u01D0
train	UN2012216	u01D2
train	UN2012216	u01D4
train	UN2012216	u01D6
train	UN2012216	u01D8
train	UN2012216	u01DA
train	UN2012216	u01DC
train	UN2012216	u3041
train	UN2012216	u3042
train	UN2012216	u3043
train	UN2012216	u3044
train	UN2012216	u3045
train	UN2012216	u3046
train	UN2012216	u3047
train	UN2012216	u3048
train	UN2012216	u3049
train	UN2012216	u304A
train	UN2012216	u304B
train	UN2012216	u304C
train	UN2012216	u304D
train	UN2012216	u304E
train	UN2012216	u304F
train	UN2012216	u3050
train	UN2012216	u3051
train	UN2012216	u3052
train	UN2012216	u3053
train	UN2012216	u3054
train	UN2012216	u3055
train	UN2012216	u3056
train	UN2012216	u3057
train	UN2012216	u3058
train	UN2012216	u3059
train	UN2012216	u305A
train	UN2012216	u305B
train	UN2012216	u305C
train	UN2012216	u305D
train	UN2012216	u305E
train	UN2012216	u305F
train	UN2012216	u3060
train	UN2012216	u3061
train	UN2012216	u3062
train	UN2012216	u3063
train	UN2012216	u3064
train	UN2012216	u3065
train	UN2012216	u3066
train	UN2012216	u3067
train	UN2012216	u3068
train	UN2012216	u3069
train	UN2012216	u306A
train	UN2012216	u306B
train	UN2012216	u306C
train	UN2012216	u306D
train	UN2012216	u306E
train	UN2012216	u306F
train	UN2012216	u3070
train	UN2012216	u3071
train	UN2012216	u3072
train	UN2012216	u3073
train	UN2012216	u3074
train	UN2012216	u3075
train	UN2012216	u3076
train	UN2012216	u3077
train	UN2012216	u3078
train	UN2012216	u3079
train	UN2012216	u307A
train	UN2012216	u307B
train	UN2012216	u307C
train	UN2012216	u307D
train	UN2012216	u307E
train	UN2012216	u307F
train	UN2012216	u3080
train	UN2012216	u3081
train	UN2012216	u3082
train	UN2012216	u3083
train	UN2012216	u3084
train	UN2012216	u3085
train	UN2012216	u3086
train	UN2012216	u3087
train	UN2012216	u3088
train	UN2012216	u3089
train	UN2012216	u308A
train	UN2012216	u308B
train	UN2012216	u308C
train	UN2012216	u308D
train	UN2012216	u308E
train	UN2012216	u308F
train	UN2012216	u3090
train	UN2012216	u3091
train	UN2012216	u3092
train	UN2012216	u3093
train	UN2012216	u30A1
train	UN2012216	u30A2
train	UN2012216	u30A3
train	UN2012216	u30A4
train	UN2012216	u30A5
train	UN2012216	u30A6
train	UN2012216	u30A7
train	UN2012216	u30A8
train	UN2012216	u30A9
train	UN2012216	u30AA
train	UN2012216	u30AB
train	UN2012216	u30AC
train	UN2012216	u30AD
train	UN2012216	u30AE
train	UN2012216	u30AF
train	UN2012216	u30B0
train	UN2012216	u30B1
train	UN2012216	u30B2
train	UN2012216	u30B3
train	UN2012216	u30B4
train	UN2012216	u30B5
train	UN2012216	u30B6
train	UN2012216	u30B7
train	UN2012216	u30B8
train	UN2012216	u30B9
train	UN2012216	u30BA
train	UN2012216	u30BB
train	UN2012216	u30BC
train	UN2012216	u30BD
train	UN2012216	u30BE
train	UN2012216	u30BF
train	UN2012216	u30C0
train	UN2012216	u30C1
train	UN2012216	u30C2
train	UN2012216	u30C3
train	UN2012216	u30C4
train	UN2012216	u30C5
train	UN2012216	u30C6
train	UN2012216	u30C7
train	UN2012216	u30C8
train	UN2012216	u30C9
train	UN2012216	u30CA
train	UN2012216	u30CB
train	UN2012216	u30CC
train	UN2012216	u30CD
train	UN2012216	u30CE
train	UN2012216	u30CF
train	UN2012216	u30D0
train	UN2012216	u30D1
train	UN2012216	u30D2
train	UN2012216	u30D3
train	UN2012216	u30D4
train	UN2012216	u30D5
train	UN2012216	u30D6
train	UN2012216	u30D7
train	UN2012216	u30D8
train	UN2012216	u30D9
train	UN2012216	u30DA
train	UN2012216	u30DB
train	UN2012216	u30DC
train	UN2012216	u30DD
train	UN2012216	u30DE
train	UN2012216	u30DF
train	UN2012216	u30E0
train	UN2012216	u30E1
train	UN2012216	u30E2
train	UN2012216	u30E3
train	UN2012216	u30E4
train	UN2012216	u30E5
train	UN2012216	u30E6
train	UN2012216	u30E7
train	UN2012216	u30E8
train	UN2012216	u30E9
train	UN2012216	u30EA
train	UN2012216	u30EB
train	UN2012216	u30EC
train	UN2012216	u30ED
train	UN2012216	u30EE
train	UN2012216	u30EF
train	UN2012216	u30F0
train	UN2012216	u30F1
train	UN2012216	u30F2
train	UN2012216	u30F3
train	UN2012216	u30F4
train	UN2012216	u30F5
train	UN2012216	u30F6
train	UN2012216	u3105
train	UN2012216	u3106
train	UN2012216	u3107
train	UN2012216	u3108
train	UN2012216	u3109
train	UN2012216	u310A
train	UN2012216	u310B
train	UN2012216	u310C
train	UN2012216	u310D
train	UN2012216	u310E
train	UN2012216	u310F
train	UN2012216	u3110
train	UN2012216	u3111
train	UN2012216	u3112
train	UN2012216	u3113
train	UN2012216	u3114
train	UN2012216	u3115
train	UN2012216	u3116
train	UN2012216	u3117
train	UN2012216	u3118
train	UN2012216	u3119
train	UN2012216	u311A
train	UN2012216	u311B
train	UN2012216	u311C
train	UN2012216	u311D
train	UN2012216	u311E
train	UN2012216	u311F
train	UN2012216	u3120
train	UN2012216	u3121
train	UN2012216	u3122
train	UN2012216	u3123
train	UN2012216	u3124
train	UN2012216	u3125
train	UN2012216	u3126
train	UN2012216	u3127
train	UN2012216	u3128
train	UN2012216	u3129
train	UN2012220	u0030
train	UN2012220	u0031
train	UN2012220	u0032
train	UN2012220	u0033
train	UN2012220	u0034
train	UN2012220	u0035
train	UN2012220	u0036
train	UN2012220	u0037
train	UN2012220	u0038
train	UN2012220	u0039
train	UN2012220	u0041
train	UN2012220	u0042
train	UN2012220	u0043
train	UN2012220	u0044
train	UN2012220	u0045
train	UN2012220	u0046
train	UN2012220	u0047
train	UN2012220	u0048
train	UN2012220	u0049
train	UN2012220	u004A
train	UN2012220	u004B
train	UN2012220	u004C
train	UN2012220	u004D
train	UN2012220	u004E
train	UN2012220	u004F
train	UN2012220	u0050
train	UN2012220	u0051
train	UN2012220	u0052
train	UN2012220	u0053
train	UN2012220	u0054
train	UN2012220	u0055
train	UN2012220	u0056
train	UN2012220	u0057
train	UN2012220	u0058
train	UN2012220	u0059
train	UN2012220	u005A
train	UN2012220	u0061
train	UN2012220	u0062
train	UN2012220	u0063
train	UN2012220	u0064
train	UN2012220	u0065
train	UN2012220	u0066
train	UN2012220	u0067
train	UN2012220	u0068
train	UN2012220	u0069
train	UN2012220	u006A
train	UN2012220	u006B
train	UN2012220	u006C
train	UN2012220	u006D
train	UN2012220	u006E
train	UN2012220	u006F
train	UN2012220	u0070
train	UN2012220	u0071
train	UN2012220	u0072
train	UN2012220	u0073
train	UN2012220	u0074
train	UN2012220	u0075
train	UN2012220	u0076
train	UN2012220	u0077
train	UN2012220	u0078
train	UN2012220	u0079
train	UN2012220	u007A
train	UN2012220	u00E0
train	UN2012220	u00E1
train	UN2012220	u00E8
train	UN2012220	u00E9
train	UN2012220	u00EA
train	UN2012220	u00ED
train	UN2012220	u00F2
train	UN2012220	u00F3
train	UN2012220	u00F9
train	UN2012220	u00FA
train	UN2012220	u00FC
train	UN2012220	u0101
train	UN2012220	u0113
train	UN2012220	u011B
train	UN2012220	u012B
train	UN2012220	u0144
train	UN2012220	u0148
train	UN2012220	u014D
train	UN2012220	u016B
train	UN2012220	u01CE
train	UN2012220	u01D0
train	UN2012220	u01D2
train	UN2012220	u01D4
train	UN2012220	u01D6
train	UN2012220	u01D8
train	UN2012220	u01DA
train	UN2012220	u01DC
train	UN2012220	u3041
train	UN2012220	u3042
train	UN2012220	u3043
train	UN2012220	u3044
train	UN2012220	u3045
train	UN2012220	u3046
train	UN2012220	u3047
train	UN2012220	u3048
train	UN2012220	u3049
train	UN2012220	u304A
train	UN2012220	u304B
train	UN2012220	u304C
train	UN2012220	u304D
train	UN2012220	u304E
train	UN2012220	u304F
train	UN2012220	u3050
train	UN2012220	u3051
train	UN2012220	u3052
train	UN2012220	u3053
train	UN2012220	u3054
train	UN2012220	u3055
train	UN2012220	u3056
train	UN2012220	u3057
train	UN2012220	u3058
train	UN2012220	u3059
train	UN2012220	u305A
train	UN2012220	u305B
train	UN2012220	u305C
train	UN2012220	u305D
train	UN2012220	u305E
train	UN2012220	u305F
train	UN2012220	u3060
train	UN2012220	u3061
train	UN2012220	u3062
train	UN2012220	u3063
train	UN2012220	u3064
train	UN2012220	u3065
train	UN2012220	u3066
train	UN2012220	u3067
train	UN2012220	u3068
train	UN2012220	u3069
train	UN2012220	u306A
train	UN2012220	u306B
train	UN2012220	u306C
train	UN2012220	u306D
train	UN2012220	u306E
train	UN2012220	u306F
train	UN2012220	u3070
train	UN2012220	u3071
train	UN2012220	u3072
train	UN2012220	u3073
train	UN2012220	u3074
train	UN2012220	u3075
train	UN2012220	u3076
train	UN2012220	u3077
train	UN2012220	u3078
train	UN2012220	u3079
train	UN2012220	u307A
train	UN2012220	u307B
train	UN2012220	u307C
train	UN2012220	u307D
train	UN2012220	u307E
train	UN2012220	u307F
train	UN2012220	u3080
train	UN2012220	u3081
train	UN2012220	u3082
train	UN2012220	u3083
train	UN2012220	u3084
train	UN2012220	u3085
train	UN2012220	u3086
train	UN2012220	u3087
train	UN2012220	u3088
train	UN2012220	u3089
train	UN2012220	u308A
train	UN2012220	u308B
train	UN2012220	u308C
train	UN2012220	u308D
train	UN2012220	u308E
train	UN2012220	u308F
train	UN2012220	u3090
train	UN2012220	u3091
train	UN2012220	u3092
train	UN2012220	u3093
train	UN2012220	u30A1
train	UN2012220	u30A2
train	UN2012220	u30A3
train	UN2012220	u30A4
train	UN2012220	u30A5
train	UN2012220	u30A6
train	UN2012220	u30A7
train	UN2012220	u30A8
train	UN2012220	u30A9
train	UN2012220	u30AA
train	UN2012220	u30AB
train	UN2012220	u30AC
train	UN2012220	u30AD
train	UN2012220	u30AE
train	UN2012220	u30AF
train	UN2012220	u30B0
train	UN2012220	u30B1
train	UN2012220	u30B2
train	UN2012220	u30B3
train	UN2012220	u30B4
train	UN2012220	u30B5
train	UN2012220	u30B6
train	UN2012220	u30B7
train	UN2012220	u30B8
train	UN2012220	u30B9
train	UN2012220	u30BA
train	UN2012220	u30BB
train	UN2012220	u30BC
train	UN2012220	u30BD
train	UN2012220	u30BE
train	UN2012220	u30BF
train	UN2012220	u30C0
train	UN2012220	u30C1
train	UN2012220	u30C2
train	UN2012220	u30C3
train	UN2012220	u30C4
train	UN2012220	u30C5
train	UN2012220	u30C6
train	UN2012220	u30C7
train	UN2012220	u30C8
train	UN2012220	u30C9
train	UN2012220	u30CA
train	UN2012220	u30CB
train	UN2012220	u30CC
train	UN2012220	u30CD
train	UN2012220	u30CE
train	UN2012220	u30CF
train	UN2012220	u30D0
train	UN2012220	u30D1
train	UN2012220	u30D2
train	UN2012220	u30D3
train	UN2012220	u30D4
train	UN2012220	u30D5
train	UN2012220	u30D6
train	UN2012220	u30D7
train	UN2012220	u30D8
train	UN2012220	u30D9
train	UN2012220	u30DA
train	UN2012220	u30DB
train	UN2012220	u30DC
train	UN2012220	u30DD
train	UN2012220	u30DE
train	UN2012220	u30DF
train	UN2012220	u30E0
train	UN2012220	u30E1
train	UN2012220	u30E2
train	UN2012220	u30E3
train	UN2012220	u30E4
train	UN2012220	u30E5
train	UN2012220	u30E6
train	UN2012220	u30E7
train	UN2012220	u30E8
train	UN2012220	u30E9
train	UN2012220	u30EA
train	UN2012220	u30EB
train	UN2012220	u30EC
train	UN2012220	u30ED
train	UN2012220	u30EE
train	UN2012220	u30EF
train	UN2012220	u30F0
train	UN2012220	u30F1
train	UN2012220	u30F2
train	UN2012220	u30F3
train	UN2012220	u30F4
train	UN2012220	u30F5
train	UN2012220	u30F6
train	UN2012220	u3105
train	UN2012220	u3106
train	UN2012220	u3107
train	UN2012220	u3108
train	UN2012220	u3109
train	UN2012220	u310A
train	UN2012220	u310B
train	UN2012220	u310C
train	UN2012220	u310D
train	UN2012220	u310E
train	UN2012220	u310F
train	UN2012220	u3110
train	UN2012220	u3111
train	UN2012220	u3112
train	UN2012220	u3113
train	UN2012220	u3114
train	UN2012220	u3115
train	UN2012220	u3116
train	UN2012220	u3117
train	UN2012220	u3118
train	UN2012220	u3119
train	UN2012220	u311A
train	UN2012220	u311B
train	UN2012220	u311C
train	UN2012220	u311D
train	UN2012220	u311E
train	UN2012220	u311F
train	UN2012220	u3120
train	UN2012220	u3121
train	UN2012220	u3122
train	UN2012220	u3123
train	UN2012220	u3124
train	UN2012220	u3125
train	UN2012220	u3126
train	UN2012220	u3127
train	UN2012220	u3128
train	UN2012220	u3129
train	UN2012221	u0030
train	UN2012221	u0031
train	UN2012221	u0032
train	UN2012221	u0033
train	UN2012221	u0034
train	UN2012221	u0035
train	UN2012221	u0036
train	UN2012221	u0037
train	UN2012221	u0038
train	UN2012221	u0039
train	UN2012221	u0041
train	UN2012221	u0042
train	UN2012221	u0043
train	UN2012221	u0044
train	UN2012221	u0045
train	UN2012221	u0046
train	UN2012221	u0047
train	UN2012221	u0048
train	UN2012221	u0049
train	UN2012221	u004A
train	UN2012221	u004B
train	UN2012221	u004C
train	UN2012221	u004D
train	UN2012221	u004E
train	UN2012221	u004F
train	UN2012221	u0050
train	UN2012221	u0051
train	UN2012221	u0052
train	UN2012221	u0053
train	UN2012221	u0054
train	UN2012221	u0055
train	UN2012221	u0056
train	UN2012221	u0057
train	UN2012221	u0058
train	UN2012221	u0059
train	UN2012221	u005A
train	UN2012221	u0061
train	UN2012221	u0062
train	UN2012221	u0063
train	UN2012221	u0064
train	UN2012221	u0065
train	UN2012221	u0066
train	UN2012221	u0067
train	UN2012221	u0068
train	UN2012221	u0069
train	UN2012221	u006A
train	UN2012221	u006B
train	UN2012221	u006C
train	UN2012221	u006D
train	UN2012221	u006E
train	UN2012221	u006F
train	UN2012221	u0070
train	UN2012221	u0071
train	UN2012221	u0072
train	UN2012221	u0073
train	UN2012221	u0074
train	UN2012221	u0075
train	UN2012221	u0076
train	UN2012221	u0077
train	UN2012221	u0078
train	UN2012221	u0079
train	UN2012221	u007A
train	UN2012225	u0030
train	UN2012225	u0031
train	UN2012225	u0032
train	UN2012225	u0033
train	UN2012225	u0034
train	UN2012225	u0035
train	UN2012225	u0036
train	UN2012225	u0037
train	UN2012225	u0038
train	UN2012225	u0039
train	UN2012225	u0041
train	UN2012225	u0042
train	UN2012225	u0043
train	UN2012225	u0044
train	UN2012225	u0045
train	UN2012225	u0046
train	UN2012225	u0047
train	UN2012225	u0048
train	UN2012225	u0049
train	UN2012225	u004A
train	UN2012225	u004B
train	UN2012225	u004C
train	UN2012225	u004D
train	UN2012225	u004E
train	UN2012225	u004F
train	UN2012225	u0050
train	UN2012225	u0051
train	UN2012225	u0052
train	UN2012225	u0053
train	UN2012225	u0054
train	UN2012225	u0055
train	UN2012225	u0056
train	UN2012225	u0057
train	UN2012225	u0058
train	UN2012225	u0059
train	UN2012225	u005A
train	UN2012225	u0061
train	UN2012225	u0062
train	UN2012225	u0063
train	UN2012225	u0064
train	UN2012225	u0065
train	UN2012225	u0066
train	UN2012225	u0067
train	UN2012225	u0068
train	UN2012225	u0069
train	UN2012225	u006A
train	UN2012225	u006B
train	UN2012225	u006C
train	UN2012225	u006D
train	UN2012225	u006E
train	UN2012225	u006F
train	UN2012225	u0070
train	UN2012225	u0071
train	UN2012225	u0072
train	UN2012225	u0073
train	UN2012225	u0074
train	UN2012225	u0075
train	UN2012225	u0076
train	UN2012225	u0077
train	UN2012225	u0078
train	UN2012225	u0079
train	UN2012225	u007A
train	UN2012225	u00E0
train	UN2012225	u00E1
train	UN2012225	u00E8
train	UN2012225	u00E9
train	UN2012225	u00EA
train	UN2012225	u00ED
train	UN2012225	u00F2
train	UN2012225	u00F3
train	UN2012225	u00F9
train	UN2012225	u00FA
train	UN2012225	u00FC
train	UN2012225	u0101
train	UN2012225	u0113
train	UN2012225	u011B
train	UN2012225	u012B
train	UN2012225	u0144
train	UN2012225	u0148
train	UN2012225	u014D
train	UN2012225	u016B
train	UN2012225	u01CE
train	UN2012225	u01D0
train	UN2012225	u01D2
train	UN2012225	u01D4
train	UN2012225	u01D6
train	UN2012225	u01D8
train	UN2012225	u01DA
train	UN2012225	u01DC
train	UN2012225	u3041
train	UN2012225	u3042
train	UN2012225	u3043
train	UN2012225	u3044
train	UN2012225	u3045
train	UN2012225	u3046
train	UN2012225	u3047
train	UN2012225	u3048
train	UN2012225	u3049
train	UN2012225	u304A
train	UN2012225	u304B
train	UN2012225	u304C
train	UN2012225	u304D
train	UN2012225	u304E
train	UN2012225	u304F
train	UN2012225	u3050
train	UN2012225	u3051
train	UN2012225	u3052
train	UN2012225	u3053
train	UN2012225	u3054
train	UN2012225	u3055
train	UN2012225	u3056
train	UN2012225	u3057
train	UN2012225	u3058
train	UN2012225	u3059
train	UN2012225	u305A
train	UN2012225	u305B
train	UN2012225	u305C
train	UN2012225	u305D
train	UN2012225	u305E
train	UN2012225	u305F
train	UN2012225	u3060
train	UN2012225	u3061
train	UN2012225	u3062
train	UN2012225	u3063
train	UN2012225	u3064
train	UN2012225	u3065
train	UN2012225	u3066
train	UN2012225	u3067
train	UN2012225	u3068
train	UN2012225	u3069
train	UN2012225	u306A
train	UN2012225	u306B
train	UN2012225	u306C
train	UN2012225	u306D
train	UN2012225	u306E
train	UN2012225	u306F
train	UN2012225	u3070
train	UN2012225	u3071
train	UN2012225	u3072
train	UN2012225	u3073
train	UN2012225	u3074
train	UN2012225	u3075
train	UN2012225	u3076
train	UN2012225	u3077
train	UN2012225	u3078
train	UN2012225	u3079
train	UN2012225	u307A
train	UN2012225	u307B
train	UN2012225	u307C
train	UN2012225	u307D
train	UN2012225	u307E
train	UN2012225	u307F
train	UN2012225	u3080
train	UN2012225	u3081
train	UN2012225	u3082
train	UN2012225	u3083
train	UN2012225	u3084
train	UN2012225	u3085
train	UN2012225	u3086
train	UN2012225	u3087
train	UN2012225	u3088
train	UN2012225	u3089
train	UN2012225	u308A
train	UN2012225	u308B
train	UN2012225	u308C
train	UN2012225	u308D
train	UN2012225	u308E
train	UN2012225	u308F
train	UN2012225	u3090
train	UN2012225	u3091
train	UN2012225	u3092
train	UN2012225	u3093
train	UN2012225	u30A1
train	UN2012225	u30A2
train	UN2012225	u30A3
train	UN2012225	u30A4
train	UN2012225	u30A5
train	UN2012225	u30A6
train	UN2012225	u30A7
train	UN2012225	u30A8
train	UN2012225	u30A9
train	UN2012225	u30AA
train	UN2012225	u30AB
train	UN2012225	u30AC
train	UN2012225	u30AD
train	UN2012225	u30AE
train	UN2012225	u30AF
train	UN2012225	u30B0
train	UN2012225	u30B1
train	UN2012225	u30B2
train	UN2012225	u30B3
train	UN2012225	u30B4
train	UN2012225	u30B5
train	UN2012225	u30B6
train	UN2012225	u30B7
train	UN2012225	u30B8
train	UN2012225	u30B9
train	UN2012225	u30BA
train	UN2012225	u30BB
train	UN2012225	u30BC
train	UN2012225	u30BD
train	UN2012225	u30BE
train	UN2012225	u30BF
train	UN2012225	u30C0
train	UN2012225	u30C1
train	UN2012225	u30C2
train	UN2012225	u30C3
train	UN2012225	u30C4
train	UN2012225	u30C5
train	UN2012225	u30C6
train	UN2012225	u30C7
train	UN2012225	u30C8
train	UN2012225	u30C9
train	UN2012225	u30CA
train	UN2012225	u30CB
train	UN2012225	u30CC
train	UN2012225	u30CD
train	UN2012225	u30CE
train	UN2012225	u30CF
train	UN2012225	u30D0
train	UN2012225	u30D1
train	UN2012225	u30D2
train	UN2012225	u30D3
train	UN2012225	u30D4
train	UN2012225	u30D5
train	UN2012225	u30D6
train	UN2012225	u30D7
train	UN2012225	u30D8
train	UN2012225	u30D9
train	UN2012225	u30DA
train	UN2012225	u30DB
train	UN2012225	u30DC
train	UN2012225	u30DD
train	UN2012225	u30DE
train	UN2012225	u30DF
train	UN2012225	u30E0
train	UN2012225	u30E1
train	UN2012225	u30E2
train	UN2012225	u30E3
train	UN2012225	u30E4
train	UN2012225	u30E5
train	UN2012225	u30E6
train	UN2012225	u30E7
train	UN2012225	u30E8
train	UN2012225	u30E9
train	UN2012225	u30EA
train	UN2012225	u30EB
train	UN2012225	u30EC
train	UN2012225	u30ED
train	UN2012225	u30EE
train	UN2012225	u30EF
train	UN2012225	u30F0
train	UN2012225	u30F1
train	UN2012225	u30F2
train	UN2012225	u30F3
train	UN2012225	u30F4
train	UN2012225	u30F5
train	UN2012225	u30F6
train	UN2012225	u3105
train	UN2012225	u3106
train	UN2012225	u3107
train	UN2012225	u3108
train	UN2012225	u3109
train	UN2012225	u310A
train	UN2012225	u310B
train	UN2012225	u310C
train	UN2012225	u310D
train	UN2012225	u310E
train	UN2012225	u310F
train	UN2012225	u3110
train	UN2012225	u3111
train	UN2012225	u3112
train	UN2012225	u3113
train	UN2012225	u3114
train	UN2012225	u3115
train	UN2012225	u3116
train	UN2012225	u3117
train	UN2012225	u3118
train	UN2012225	u3119
train	UN2012225	u311A
train	UN2012225	u311B
train	UN2012225	u311C
train	UN2012225	u311D
train	UN2012225	u311E
train	UN2012225	u311F
train	UN2012225	u3120
train	UN2012225	u3121
train	UN2012225	u3122
train	UN2012225	u3123
train	UN2012225	u3124
train	UN2012225	u3125
train	UN2012225	u3126
train	UN2012225	u3127
train	UN2012225	u3128
train	UN2012225	u3129
train	UN2012245	u0030
train	UN2012245	u0031
train	UN2012245	u0032
train	UN2012245	u0033
train	UN2012245	u0034
train	UN2012245	u0035
train	UN2012245	u0036
train	UN2012245	u0037
train	UN2012245	u0038
train	UN2012245	u0039
train	UN2012245	u0041
train	UN2012245	u0042
train	UN2012245	u0043
train	UN2012245	u0044
train	UN2012245	u0045
train	UN2012245	u0046
train	UN2012245	u0047
train	UN2012245	u0048
train	UN2012245	u0049
train	UN2012245	u004A
train	UN2012245	u004B
train	UN2012245	u004C
train	UN2012245	u004D
train	UN2012245	u004E
train	UN2012245	u004F
train	UN2012245	u0050
train	UN2012245	u0051
train	UN2012245	u0052
train	UN2012245	u0053
train	UN2012245	u0054
train	UN2012245	u0055
train	UN2012245	u0056
train	UN2012245	u0057
train	UN2012245	u0058
train	UN2012245	u0059
train	UN2012245	u005A
train	UN2012245	u0061
train	UN2012245	u0062
train	UN2012245	u0063
train	UN2012245	u0064
train	UN2012245	u0065
train	UN2012245	u0066
train	UN2012245	u0067
train	UN2012245	u0068
train	UN2012245	u0069
train	UN2012245	u006A
train	UN2012245	u006B
train	UN2012245	u006C
train	UN2012245	u006D
train	UN2012245	u006E
train	UN2012245	u006F
train	UN2012245	u0070
train	UN2012245	u0071
train	UN2012245	u0072
train	UN2012245	u0073
train	UN2012245	u0074
train	UN2012245	u0075
train	UN2012245	u0076
train	UN2012245	u0077
train	UN2012245	u0078
train	UN2012245	u0079
train	UN2012245	u007A
train	UN2012245	u00E0
train	UN2012245	u00E1
train	UN2012245	u00E8
train	UN2012245	u00E9
train	UN2012245	u00EA
train	UN2012245	u00ED
train	UN2012245	u00F2
train	UN2012245	u00F3
train	UN2012245	u00F9
train	UN2012245	u00FA
train	UN2012245	u00FC
train	UN2012245	u0101
train	UN2012245	u0113
train	UN2012245	u011B
train	UN2012245	u012B
train	UN2012245	u0144
train	UN2012245	u0148
train	UN2012245	u014D
train	UN2012245	u016B
train	UN2012245	u01CE
train	UN2012245	u01D0
train	UN2012245	u01D2
train	UN2012245	u01D4
train	UN2012245	u01D6
train	UN2012245	u01D8
train	UN2012245	u01DA
train	UN2012245	u01DC
train	UN2012252	u0030
train	UN2012252	u0031
train	UN2012252	u0032
train	UN2012252	u0033
train	UN2012252	u0034
train	UN2012252	u0035
train	UN2012252	u0036
train	UN2012252	u0037
train	UN2012252	u0038
train	UN2012252	u0039
train	UN2012252	u0041
train	UN2012252	u0042
train	UN2012252	u0043
train	UN2012252	u0044
train	UN2012252	u0045
train	UN2012252	u0046
train	UN2012252	u0047
train	UN2012252	u0048
train	UN2012252	u0049
train	UN2012252	u004A
train	UN2012252	u004B
train	UN2012252	u004C
train	UN2012252	u004D
train	UN2012252	u004E
train	UN2012252	u004F
train	UN2012252	u0050
train	UN2012252	u0051
train	UN2012252	u0052
train	UN2012252	u0053
train	UN2012252	u0054
train	UN2012252	u0055
train	UN2012252	u0056
train	UN2012252	u0057
train	UN2012252	u0058
train	UN2012252	u0059
train	UN2012252	u005A
train	UN2012252	u0061
train	UN2012252	u0062
train	UN2012252	u0063
train	UN2012252	u0064
train	UN2012252	u0065
train	UN2012252	u0066
train	UN2012252	u0067
train	UN2012252	u0068
train	UN2012252	u0069
train	UN2012252	u006A
train	UN2012252	u006B
train	UN2012252	u006C
train	UN2012252	u006D
train	UN2012252	u006E
train	UN2012252	u006F
train	UN2012252	u0070
train	UN2012252	u0071
train	UN2012252	u0072
train	UN2012252	u0073
train	UN2012252	u0074
train	UN2012252	u0075
train	UN2012252	u0076
train	UN2012252	u0077
train	UN2012252	u0078
train	UN2012252	u0079
train	UN2012252	u007A
train	UN2012252	u00E0
train	UN2012252	u00E1
train	UN2012252	u00E8
train	UN2012252	u00E9
train	UN2012252	u00EA
train	UN2012252	u00ED
train	UN2012252	u00F2
train	UN2012252	u00F3
train	UN2012252	u00F9
train	UN2012252	u00FA
train	UN2012252	u00FC
train	UN2012252	u0101
train	UN2012252	u0113
train	UN2012252	u011B
train	UN2012252	u012B
train	UN2012252	u0144
train	UN2012252	u0148
train	UN2012252	u014D
train	UN2012252	u016B
train	UN2012252	u01CE
train	UN2012252	u01D0
train	UN2012252	u01D2
train	UN2012252	u01D4
train	UN2012252	u01D6
train	UN2012252	u01D8
train	UN2012252	u01DA
train	UN2012252	u01DC
train	UN2012270	u0030
train	UN2012270	u0031
train	UN2012270	u0032
train	UN2012270	u0033
train	UN2012270	u0034
train	UN2012270	u0035
train	UN2012270	u0036
train	UN2012270	u0037
train	UN2012270	u0038
train	UN2012270	u0039
train	UN2012270	u0041
train	UN2012270	u0042
train	UN2012270	u0043
train	UN2012270	u0044
train	UN2012270	u0045
train	UN2012270	u0046
train	UN2012270	u0047
train	UN2012270	u0048
train	UN2012270	u0049
train	UN2012270	u004A
train	UN2012270	u004B
train	UN2012270	u004C
train	UN2012270	u004D
train	UN2012270	u004E
train	UN2012270	u004F
train	UN2012270	u0050
train	UN2012270	u0051
train	UN2012270	u0052
train	UN2012270	u0053
train	UN2012270	u0054
train	UN2012270	u0055
train	UN2012270	u0056
train	UN2012270	u0057
train	UN2012270	u0058
train	UN2012270	u0059
train	UN2012270	u005A
train	UN2012270	u0061
train	UN2012270	u0062
train	UN2012270	u0063
train	UN2012270	u0064
train	UN2012270	u0065
train	UN2012270	u0066
train	UN2012270	u0067
train	UN2012270	u0068
train	UN2012270	u0069
train	UN2012270	u006A
train	UN2012270	u006B
train	UN2012270	u006C
train	UN2012270	u006D
train	UN2012270	u006E
train	UN2012270	u006F
train	UN2012270	u0070
train	UN2012270	u0071
train	UN2012270	u0072
train	UN2012270	u0073
train	UN2012270	u0074
train	UN2012270	u0075
train	UN2012270	u0076
train	UN2012270	u0077
train	UN2012270	u0078
train	UN2012270	u0079
train	UN2012270	u007A
train	UN2012270	u00E0
train	UN2012270	u00E1
train	UN2012270	u00E8
train	UN2012270	u00E9
train	UN2012270	u00EA
train	UN2012270	u00ED
train	UN2012270	u00F2
train	UN2012270	u00F3
train	UN2012270	u00F9
train	UN2012270	u00FA
train	UN2012270	u00FC
train	UN2012270	u0101
train	UN2012270	u0113
train	UN2012270	u011B
train	UN2012270	u012B
train	UN2012270	u0144
train	UN2012270	u0148
train	UN2012270	u014D
train	UN2012270	u016B
train	UN2012270	u01CE
train	UN2012270	u01D0
train	UN2012270	u01D2
train	UN2012270	u01D4
train	UN2012270	u01D6
train	UN2012270	u01D8
train	UN2012270	u01DA
train	UN2012270	u01DC
train	UN2012313	u0030
train	UN2012313	u0031
train	UN2012313	u0032
train	UN2012313	u0033
train	UN2012313	u0034
train	UN2012313	u0035
train	UN2012313	u0036
train	UN2012313	u0037
train	UN2012313	u0038
train	UN2012313	u0039
train	UN2012313	u0041
train	UN2012313	u0042
train	UN2012313	u0043
train	UN2012313	u0044
train	UN2012313	u0045
train	UN2012313	u0046
train	UN2012313	u0047
train	UN2012313	u0048
train	UN2012313	u0049
train	UN2012313	u004A
train	UN2012313	u004B
train	UN2012313	u004C
train	UN2012313	u004D
train	UN2012313	u004E
train	UN2012313	u004F
train	UN2012313	u0050
train	UN2012313	u0051
train	UN2012313	u0052
train	UN2012313	u0053
train	UN2012313	u0054
train	UN2012313	u0055
train	UN2012313	u0056
train	UN2012313	u0057
train	UN2012313	u0058
train	UN2012313	u0059
train	UN2012313	u005A
train	UN2012313	u0061
train	UN2012313	u0062
train	UN2012313	u0063
train	UN2012313	u0064
train	UN2012313	u0065
train	UN2012313	u0066
train	UN2012313	u0067
train	UN2012313	u0068
train	UN2012313	u0069
train	UN2012313	u006A
train	UN2012313	u006B
train	UN2012313	u006C
train	UN2012313	u006D
train	UN2012313	u006E
train	UN2012313	u006F
train	UN2012313	u0070
train	UN2012313	u0071
train	UN2012313	u0072
train	UN2012313	u0073
train	UN2012313	u0074
train	UN2012313	u0075
train	UN2012313	u0076
train	UN2012313	u0077
train	UN2012313	u0078
train	UN2012313	u0079
train	UN2012313	u007A
train	UN2012328	u0030
train	UN2012328	u0031
train	UN2012328	u0032
train	UN2012328	u0033
train	UN2012328	u0034
train	UN2012328	u0035
train	UN2012328	u0036
train	UN2012328	u0037
train	UN2012328	u0038
train	UN2012328	u0039
train	UN2012328	u0041
train	UN2012328	u0042
train	UN2012328	u0043
train	UN2012328	u0044
train	UN2012328	u0045
train	UN2012328	u0046
train	UN2012328	u0047
train	UN2012328	u0048
train	UN2012328	u0049
train	UN2012328	u004A
train	UN2012328	u004B
train	UN2012328	u004C
train	UN2012328	u004D
train	UN2012328	u004E
train	UN2012328	u004F
train	UN2012328	u0050
train	UN2012328	u0051
train	UN2012328	u0052
train	UN2012328	u0053
train	UN2012328	u0054
train	UN2012328	u0055
train	UN2012328	u0056
train	UN2012328	u0057
train	UN2012328	u0058
train	UN2012328	u0059
train	UN2012328	u005A
train	UN2012328	u0061
train	UN2012328	u0062
train	UN2012328	u0063
train	UN2012328	u0064
train	UN2012328	u0065
train	UN2012328	u0066
train	UN2012328	u0067
train	UN2012328	u0068
train	UN2012328	u0069
train	UN2012328	u006A
train	UN2012328	u006B
train	UN2012328	u006C
train	UN2012328	u006D
train	UN2012328	u006E
train	UN2012328	u006F
train	UN2012328	u0070
train	UN2012328	u0071
train	UN2012328	u0072
train	UN2012328	u0073
train	UN2012328	u0074
train	UN2012328	u0075
train	UN2012328	u0076
train	UN2012328	u0077
train	UN2012328	u0078
train	UN2012328	u0079
train	UN2012328	u007A
train	UN2012328	u00E0
train	UN2012328	u00E1
train	UN2012328	u00E8
train	UN2012328	u00E9
train	UN2012328	u00EA
train	UN2012328	u00ED
train	UN2012328	u00F2
train	UN2012328	u00F3
train	UN2012328	u00F9
train	UN2012328	u00FA
train	UN2012328	u00FC
train	UN2012328	u0101
train	UN2012328	u0113
train	UN2012328	u011B
train	UN2012328	u012B
train	UN2012328	u0144
train	UN2012328	u0148
train	UN2012328	u014D
train	UN2012328	u016B
train	UN2012328	u01CE
train	UN2012328	u01D0
train	UN2012328	u01D2
train	UN2012328	u01D4
train	UN2012328	u01D6
train	UN2012328	u01D8
train	UN2012328	u01DA
train	UN2012328	u01DC
train	UN2012340	u0030
train	UN2012340	u0031
train	UN2012340	u0032
train	UN2012340	u0033
train	UN2012340	u0034
train	UN2012340	u0035
train	UN2012340	u0036
train	UN2012340	u0037
train	UN2012340	u0038
train	UN2012340	u0039
train	UN2012340	u0041
train	UN2012340	u0042
train	UN2012340	u0043
train	UN2012340	u0044
train	UN2012340	u0045
train	UN2012340	u0046
train	UN2012340	u0047
train	UN2012340	u0048
train	UN2012340	u0049
train	UN2012340	u004A
train	UN2012340	u004B
train	UN2012340	u004C
train	UN2012340	u004D
train	UN2012340	u004E
train	UN2012340	u004F
train	UN2012340	u0050
train	UN2012340	u0051
train	UN2012340	u0052
train	UN2012340	u0053
train	UN2012340	u0054
train	UN2012340	u0055
train	UN2012340	u0056
train	UN2012340	u0057
train	UN2012340	u0058
train	UN2012340	u0059
train	UN2012340	u005A
train	UN2012340	u0061
train	UN2012340	u0062
train	UN2012340	u0063
train	UN2012340	u0064
train	UN2012340	u0065
train	UN2012340	u0066
train	UN2012340	u0067
train	UN2012340	u0068
train	UN2012340	u0069
train	UN2012340	u006A
train	UN2012340	u006B
train	UN2012340	u006C
train	UN2012340	u006D
train	UN2012340	u006E
train	UN2012340	u006F
train	UN2012340	u0070
train	UN2012340	u0071
train	UN2012340	u0072
train	UN2012340	u0073
train	UN2012340	u0074
train	UN2012340	u0075
train	UN2012340	u0076
train	UN2012340	u0077
train	UN2012340	u0078
train	UN2012340	u0079
train	UN2012340	u007A
train	UN2012340	u00E0
train	UN2012340	u00E1
train	UN2012340	u00E8
train	UN2012340	u00E9
train	UN2012340	u00EA
train	UN2012340	u00ED
train	UN2012340	u00F2
train	UN2012340	u00F3
train	UN2012340	u00F9
train	UN2012340	u00FA
train	UN2012340	u00FC
train	UN2012340	u0101
train	UN2012340	u0113
train	UN2012340	u011B
train	UN2012340	u012B
train	UN2012340	u0144
train	UN2012340	u0148
train	UN2012340	u014D
train	UN2012340	u016B
train	UN2012349	u0030
train	UN2012349	u0031
train	UN2012349	u0032
train	UN2012349	u0033
train	UN2012349	u0034
train	UN2012349	u0035
train	UN2012349	u0036
train	UN2012349	u0037
train	UN2012349	u0038
train	UN2012349	u0039
train	UN2012349	u0041
train	UN2012349	u0042
train	UN2012349	u0043
train	UN2012349	u0044
train	UN2012349	u0045
train	UN2012349	u0046
train	UN2012349	u0047
train	UN2012349	u0048
train	UN2012349	u0049
train	UN2012349	u004A
train	UN2012349	u004B
train	UN2012349	u004C
train	UN2012349	u004D
train	UN2012349	u004E
train	UN2012349	u004F
train	UN2012349	u0050
train	UN2012349	u0051
train	UN2012349	u0052
train	UN2012349	u0053
train	UN2012349	u0054
train	UN2012349	u0055
train	UN2012349	u0056
train	UN2012349	u0057
train	UN2012349	u0058
train	UN2012349	u0059
train	UN2012349	u005A
train	UN2012349	u0061
train	UN2012349	u0062
train	UN2012349	u0063
train	UN2012349	u0064
train	UN2012349	u0065
train	UN2012349	u0066
train	UN2012349	u0067
train	UN2012349	u0068
train	UN2012349	u0069
train	UN2012349	u006A
train	UN2012349	u006B
train	UN2012349	u006C
train	UN2012349	u006D
train	UN2012349	u006E
train	UN2012349	u006F
train	UN2012349	u0070
train	UN2012349	u0071
train	UN2012349	u0072
train	UN2012349	u0073
train	UN2012349	u0074
train	UN2012349	u0075
train	UN2012349	u0076
train	UN2012349	u0077
train	UN2012349	u0078
train	UN2012349	u0079
train	UN2012349	u007A
train	UN2012355	u0030
train	UN2012355	u0031
train	UN2012355	u0032
train	UN2012355	u0033
train	UN2012355	u0034
train	UN2012355	u0035
train	UN2012355	u0036
train	UN2012355	u0037
train	UN2012355	u0038
train	UN2012355	u0039
train	UN2012355	u0041
train	UN2012355	u0042
train	UN2012355	u0043
train	UN2012355	u0044
train	UN2012355	u0045
train	UN2012355	u0046
train	UN2012355	u0047
train	UN2012355	u0048
train	UN2012355	u0049
train	UN2012355	u004A
train	UN2012355	u004B
train	UN2012355	u004C
train	UN2012355	u004D
train	UN2012355	u004E
train	UN2012355	u004F
train	UN2012355	u0050
train	UN2012355	u0051
train	UN2012355	u0052
train	UN2012355	u0053
train	UN2012355	u0054
train	UN2012355	u0055
train	UN2012355	u0056
train	UN2012355	u0057
train	UN2012355	u0058
train	UN2012355	u0059
train	UN2012355	u005A
train	UN2012355	u0061
train	UN2012355	u0062
train	UN2012355	u0063
train	UN2012355	u0064
train	UN2012355	u0065
train	UN2012355	u0066
train	UN2012355	u0067
train	UN2012355	u0068
train	UN2012355	u0069
train	UN2012355	u006A
train	UN2012355	u006B
train	UN2012355	u006C
train	UN2012355	u006D
train	UN2012355	u006E
train	UN2012355	u006F
train	UN2012355	u0070
train	UN2012355	u0071
train	UN2012355	u0072
train	UN2012355	u0073
train	UN2012355	u0074
train	UN2012355	u0075
train	UN2012355	u0076
train	UN2012355	u0077
train	UN2012355	u0078
train	UN2012355	u0079
train	UN2012355	u007A
train	UN2012390	u0030
train	UN2012390	u0031
train	UN2012390	u0032
train	UN2012390	u0033
train	UN2012390	u0034
train	UN2012390	u0035
train	UN2012390	u0036
train	UN2012390	u0037
train	UN2012390	u0038
train	UN2012390	u0039
train	UN2012390	u0041
train	UN2012390	u0042
train	UN2012390	u0043
train	UN2012390	u0044
train	UN2012390	u0045
train	UN2012390	u0046
train	UN2012390	u0047
train	UN2012390	u0048
train	UN2012390	u0049
train	UN2012390	u004A
train	UN2012390	u004B
train	UN2012390	u004C
train	UN2012390	u004D
train	UN2012390	u004E
train	UN2012390	u004F
train	UN2012390	u0050
train	UN2012390	u0051
train	UN2012390	u0052
train	UN2012390	u0053
train	UN2012390	u0054
train	UN2012390	u0055
train	UN2012390	u0056
train	UN2012390	u0057
train	UN2012390	u0058
train	UN2012390	u0059
train	UN2012390	u005A
train	UN2012390	u0061
train	UN2012390	u0062
train	UN2012390	u0063
train	UN2012390	u0064
train	UN2012390	u0065
train	UN2012390	u0066
train	UN2012390	u0067
train	UN2012390	u0068
train	UN2012390	u0069
train	UN2012390	u006A
train	UN2012390	u006B
train	UN2012390	u006C
train	UN2012390	u006D
train	UN2012390	u006E
train	UN2012390	u006F
train	UN2012390	u0070
train	UN2012390	u0071
train	UN2012390	u0072
train	UN2012390	u0073
train	UN2012390	u0074
train	UN2012390	u0075
train	UN2012390	u0076
train	UN2012390	u0077
train	UN2012390	u0078
train	UN2012390	u0079
train	UN2012390	u007A
train	UN2012403	u0030
train	UN2012403	u0031
train	UN2012403	u0032
train	UN2012403	u0033
train	UN2012403	u0034
train	UN2012403	u0035
train	UN2012403	u0036
train	UN2012403	u0037
train	UN2012403	u0038
train	UN2012403	u0039
train	UN2012403	u0041
train	UN2012403	u0042
train	UN2012403	u0043
train	UN2012403	u0044
train	UN2012403	u0045
train	UN2012403	u0046
train	UN2012403	u0047
train	UN2012403	u0048
train	UN2012403	u0049
train	UN2012403	u004A
train	UN2012403	u004B
train	UN2012403	u004C
train	UN2012403	u004D
train	UN2012403	u004E
train	UN2012403	u004F
train	UN2012403	u0050
train	UN2012403	u0051
train	UN2012403	u0052
train	UN2012403	u0053
train	UN2012403	u0054
train	UN2012403	u0055
train	UN2012403	u0056
train	UN2012403	u0057
train	UN2012403	u0058
train	UN2012403	u0059
train	UN2012403	u005A
train	UN2012403	u0061
train	UN2012403	u0062
train	UN2012403	u0063
train	UN2012403	u0064
train	UN2012403	u0065
train	UN2012403	u0066
train	UN2012403	u0067
train	UN2012403	u0068
train	UN2012403	u0069
train	UN2012403	u006A
train	UN2012403	u006B
train	UN2012403	u006C
train	UN2012403	u006D
train	UN2012403	u006E
train	UN2012403	u006F
train	UN2012403	u0070
train	UN2012403	u0071
train	UN2012403	u0072
train	UN2012403	u0073
train	UN2012403	u0074
train	UN2012403	u0075
train	UN2012403	u0076
train	UN2012403	u0077
train	UN2012403	u0078
train	UN2012403	u0079
train	UN2012403	u007A
train	UN2012413	u0030
train	UN2012413	u0031
train	UN2012413	u0032
train	UN2012413	u0033
train	UN2012413	u0034
train	UN2012413	u0035
train	UN2012413	u0036
train	UN2012413	u0037
train	UN2012413	u0038
train	UN2012413	u0039
train	UN2012413	u0041
train	UN2012413	u0042
train	UN2012413	u0043
train	UN2012413	u0044
train	UN2012413	u0045
train	UN2012413	u0046
train	UN2012413	u0047
train	UN2012413	u0048
train	UN2012413	u0049
train	UN2012413	u004A
train	UN2012413	u004B
train	UN2012413	u004C
train	UN2012413	u004D
train	UN2012413	u004E
train	UN2012413	u004F
train	UN2012413	u0050
train	UN2012413	u0051
train	UN2012413	u0052
train	UN2012413	u0053
train	UN2012413	u0054
train	UN2012413	u0055
train	UN2012413	u0056
train	UN2012413	u0057
train	UN2012413	u0058
train	UN2012413	u0059
train	UN2012413	u005A
train	UN2012413	u0061
train	UN2012413	u0062
train	UN2012413	u0063
train	UN2012413	u0064
train	UN2012413	u0065
train	UN2012413	u0066
train	UN2012413	u0067
train	UN2012413	u0068
train	UN2012413	u0069
train	UN2012413	u006A
train	UN2012413	u006B
train	UN2012413	u006C
train	UN2012413	u006D
train	UN2012413	u006E
train	UN2012413	u006F
train	UN2012413	u0070
train	UN2012413	u0071
train	UN2012413	u0072
train	UN2012413	u0073
train	UN2012413	u0074
train	UN2012413	u0075
train	UN2012413	u0076
train	UN2012413	u0077
train	UN2012413	u0078
train	UN2012413	u0079
train	UN2012413	u007A
train	UN2012425	u0030
train	UN2012425	u0031
train	UN2012425	u0032
train	UN2012425	u0033
train	UN2012425	u0034
train	UN2012425	u0035
train	UN2012425	u0036
train	UN2012425	u0037
train	UN2012425	u0038
train	UN2012425	u0039
train	UN2012425	u0041
train	UN2012425	u0042
train	UN2012425	u0043
train	UN2012425	u0044
train	UN2012425	u0045
train	UN2012425	u0046
train	UN2012425	u0047
train	UN2012425	u0048
train	UN2012425	u0049
train	UN2012425	u004A
train	UN2012425	u004B
train	UN2012425	u004C
train	UN2012425	u004D
train	UN2012425	u004E
train	UN2012425	u004F
train	UN2012425	u0050
train	UN2012425	u0051
train	UN2012425	u0052
train	UN2012425	u0053
train	UN2012425	u0054
train	UN2012425	u0055
train	UN2012425	u0056
train	UN2012425	u0057
train	UN2012425	u0058
train	UN2012425	u0059
train	UN2012425	u005A
train	UN2012425	u0061
train	UN2012425	u0062
train	UN2012425	u0063
train	UN2012425	u0064
train	UN2012425	u0065
train	UN2012425	u0066
train	UN2012425	u0067
train	UN2012425	u0068
train	UN2012425	u0069
train	UN2012425	u006A
train	UN2012425	u006B
train	UN2012425	u006C
train	UN2012425	u006D
train	UN2012425	u006E
train	UN2012425	u006F
train	UN2012425	u0070
train	UN2012425	u0071
train	UN2012425	u0072
train	UN2012425	u0073
train	UN2012425	u0074
train	UN2012425	u0075
train	UN2012425	u0076
train	UN2012425	u0077
train	UN2012425	u0078
train	UN2012425	u0079
train	UN2012425	u007A
train	UN2012429	u0030
train	UN2012429	u0031
train	UN2012429	u0032
train	UN2012429	u0033
train	UN2012429	u0034
train	UN2012429	u0035
train	UN2012429	u0036
train	UN2012429	u0037
train	UN2012429	u0038
train	UN2012429	u0039
train	UN2012429	u0041
train	UN2012429	u0042
train	UN2012429	u0043
train	UN2012429	u0044
train	UN2012429	u0045
train	UN2012429	u0046
train	UN2012429	u0047
train	UN2012429	u0048
train	UN2012429	u0049
train	UN2012429	u004A
train	UN2012429	u004B
train	UN2012429	u004C
train	UN2012429	u004D
train	UN2012429	u004E
train	UN2012429	u004F
train	UN2012429	u0050
train	UN2012429	u0051
train	UN2012429	u0052
train	UN2012429	u0053
train	UN2012429	u0054
train	UN2012429	u0055
train	UN2012429	u0056
train	UN2012429	u0057
train	UN2012429	u0058
train	UN2012429	u0059
train	UN2012429	u005A
train	UN2012429	u0061
train	UN2012429	u0062
train	UN2012429	u0063
train	UN2012429	u0064
train	UN2012429	u0065
train	UN2012429	u0066
train	UN2012429	u0067
train	UN2012429	u0068
train	UN2012429	u0069
train	UN2012429	u006A
train	UN2012429	u006B
train	UN2012429	u006C
train	UN2012429	u006D
train	UN2012429	u006E
train	UN2012429	u006F
train	UN2012429	u0070
train	UN2012429	u0071
train	UN2012429	u0072
train	UN2012429	u0073
train	UN2012429	u0074
train	UN2012429	u0075
train	UN2012429	u0076
train	UN2012429	u0077
train	UN2012429	u0078
train	UN2012429	u0079
train	UN2012429	u007A
train	UN2012446	u0030
train	UN2012446	u0031
train	UN2012446	u0032
train	UN2012446	u0033
train	UN2012446	u0034
train	UN2012446	u0035
train	UN2012446	u0036
train	UN2012446	u0037
train	UN2012446	u0038
train	UN2012446	u0039
train	UN2012446	u0041
train	UN2012446	u0042
train	UN2012446	u0043
train	UN2012446	u0044
train	UN2012446	u0045
train	UN2012446	u0046
train	UN2012446	u0047
train	UN2012446	u0048
train	UN2012446	u0049
train	UN2012446	u004A
train	UN2012446	u004B
train	UN2012446	u004C
train	UN2012446	u004D
train	UN2012446	u004E
train	UN2012446	u004F
train	UN2012446	u0050
train	UN2012446	u0051
train	UN2012446	u0052
train	UN2012446	u0053
train	UN2012446	u0054
train	UN2012446	u0055
train	UN2012446	u0056
train	UN2012446	u0057
train	UN2012446	u0058
train	UN2012446	u0059
train	UN2012446	u005A
train	UN2012446	u0061
train	UN2012446	u0062
train	UN2012446	u0063
train	UN2012446	u0064
train	UN2012446	u0065
train	UN2012446	u0066
train	UN2012446	u0067
train	UN2012446	u0068
train	UN2012446	u0069
train	UN2012446	u006A
train	UN2012446	u006B
train	UN2012446	u006C
train	UN2012446	u006D
train	UN2012446	u006E
train	UN2012446	u006F
train	UN2012446	u0070
train	UN2012446	u0071
train	UN2012446	u0072
train	UN2012446	u0073
train	UN2012446	u0074
train	UN2012446	u0075
train	UN2012446	u0076
train	UN2012446	u0077
train	UN2012446	u0078
train	UN2012446	u0079
train	UN2012446	u007A
train	UN2012452	u0030
train	UN2012452	u0031
train	UN2012452	u0032
train	UN2012452	u0033
train	UN2012452	u0034
train	UN2012452	u0035
train	UN2012452	u0036
train	UN2012452	u0037
train	UN2012452	u0038
train	UN2012452	u0039
train	UN2012452	u0041
train	UN2012452	u0042
train	UN2012452	u0043
train	UN2012452	u0044
train	UN2012452	u0045
train	UN2012452	u0046
train	UN2012452	u0047
train	UN2012452	u0048
train	UN2012452	u0049
train	UN2012452	u004A
train	UN2012452	u004B
train	UN2012452	u004C
train	UN2012452	u004D
train	UN2012452	u004E
train	UN2012452	u004F
train	UN2012452	u0050
train	UN2012452	u0051
train	UN2012452	u0052
train	UN2012452	u0053
train	UN2012452	u0054
train	UN2012452	u0055
train	UN2012452	u0056
train	UN2012452	u0057
train	UN2012452	u0058
train	UN2012452	u0059
train	UN2012452	u005A
train	UN2012452	u0061
train	UN2012452	u0062
train	UN2012452	u0063
train	UN2012452	u0064
train	UN2012452	u0065
train	UN2012452	u0066
train	UN2012452	u0067
train	UN2012452	u0068
train	UN2012452	u0069
train	UN2012452	u006A
train	UN2012452	u006B
train	UN2012452	u006C
train	UN2012452	u006D
train	UN2012452	u006E
train	UN2012452	u006F
train	UN2012452	u0070
train	UN2012452	u0071
train	UN2012452	u0072
train	UN2012452	u0073
train	UN2012452	u0074
train	UN2012452	u0075
train	UN2012452	u0076
train	UN2012452	u0077
train	UN2012452	u0078
train	UN2012452	u0079
train	UN2012452	u007A
train	UN2012452	u00E0
train	UN2012452	u00E1
train	UN2012452	u00E8
train	UN2012452	u00E9
train	UN2012452	u00EA
train	UN2012452	u00ED
train	UN2012452	u00F2
train	UN2012452	u00F3
train	UN2012452	u00F9
train	UN2012452	u00FA
train	UN2012452	u00FC
train	UN2012452	u0101
train	UN2012452	u0113
train	UN2012452	u011B
train	UN2012452	u012B
train	UN2012452	u0144
train	UN2012452	u0148
train	UN2012452	u014D
train	UN2012452	u016B
train	UN2012452	u01CE
train	UN2012452	u01D0
train	UN2012452	u01D2
train	UN2012452	u01D4
train	UN2012452	u01D6
train	UN2012452	u01D8
train	UN2012452	u01DA
train	UN2012452	u01DC
train	UN2012453	u0030
train	UN2012453	u0031
train	UN2012453	u0032
train	UN2012453	u0033
train	UN2012453	u0034
train	UN2012453	u0035
train	UN2012453	u0036
train	UN2012453	u0037
train	UN2012453	u0038
train	UN2012453	u0039
train	UN2012453	u0041
train	UN2012453	u0042
train	UN2012453	u0043
train	UN2012453	u0044
train	UN2012453	u0045
train	UN2012453	u0046
train	UN2012453	u0047
train	UN2012453	u0048
train	UN2012453	u0049
train	UN2012453	u004A
train	UN2012453	u004B
train	UN2012453	u004C
train	UN2012453	u004D
train	UN2012453	u004E
train	UN2012453	u004F
train	UN2012453	u0050
train	UN2012453	u0051
train	UN2012453	u0052
train	UN2012453	u0053
train	UN2012453	u0054
train	UN2012453	u0055
train	UN2012453	u0056
train	UN2012453	u0057
train	UN2012453	u0058
train	UN2012453	u0059
train	UN2012453	u005A
train	UN2012453	u0061
train	UN2012453	u0062
train	UN2012453	u0063
train	UN2012453	u0064
train	UN2012453	u0065
train	UN2012453	u0066
train	UN2012453	u0067
train	UN2012453	u0068
train	UN2012453	u0069
train	UN2012453	u006A
train	UN2012453	u006B
train	UN2012453	u006C
train	UN2012453	u006D
train	UN2012453	u006E
train	UN2012453	u006F
train	UN2012453	u0070
train	UN2012453	u0071
train	UN2012453	u0072
train	UN2012453	u0073
train	UN2012453	u0074
train	UN2012453	u0075
train	UN2012453	u0076
train	UN2012453	u0077
train	UN2012453	u0078
train	UN2012453	u0079
train	UN2012453	u007A
train	UN2012453	u00E0
train	UN2012453	u00E1
train	UN2012453	u00E8
train	UN2012453	u00E9
train	UN2012453	u00EA
train	UN2012453	u00ED
train	UN2012453	u00F2
train	UN2012453	u00F3
train	UN2012453	u00F9
train	UN2012453	u00FA
train	UN2012453	u00FC
train	UN2012453	u0101
train	UN2012453	u0113
train	UN2012453	u011B
train	UN2012453	u012B
train	UN2012453	u0144
train	UN2012453	u0148
train	UN2012453	u014D
train	UN2012453	u016B
train	UN2012453	u01CE
train	UN2012453	u01D0
train	UN2012453	u01D2
train	UN2012453	u01D4
train	UN2012453	u01D6
train	UN2012453	u01D8
train	UN2012453	u01DA
train	UN2012453	u01DC
train	UN2012465	u0030
train	UN2012465	u0031
train	UN2012465	u0032
train	UN2012465	u0033
train	UN2012465	u0034
train	UN2012465	u0035
train	UN2012465	u0036
train	UN2012465	u0037
train	UN2012465	u0038
train	UN2012465	u0039
train	UN2012465	u0041
train	UN2012465	u0042
train	UN2012465	u0043
train	UN2012465	u0044
train	UN2012465	u0045
train	UN2012465	u0046
train	UN2012465	u0047
train	UN2012465	u0048
train	UN2012465	u0049
train	UN2012465	u004A
train	UN2012465	u004B
train	UN2012465	u004C
train	UN2012465	u004D
train	UN2012465	u004E
train	UN2012465	u004F
train	UN2012465	u0050
train	UN2012465	u0051
train	UN2012465	u0052
train	UN2012465	u0053
train	UN2012465	u0054
train	UN2012465	u0055
train	UN2012465	u0056
train	UN2012465	u0057
train	UN2012465	u0058
train	UN2012465	u0059
train	UN2012465	u005A
train	UN2012465	u0061
train	UN2012465	u0062
train	UN2012465	u0063
train	UN2012465	u0064
train	UN2012465	u0065
train	UN2012465	u0066
train	UN2012465	u0067
train	UN2012465	u0068
train	UN2012465	u0069
train	UN2012465	u006A
train	UN2012465	u006B
train	UN2012465	u006C
train	UN2012465	u006D
train	UN2012465	u006E
train	UN2012465	u006F
train	UN2012465	u0070
train	UN2012465	u0071
train	UN2012465	u0072
train	UN2012465	u0073
train	UN2012465	u0074
train	UN2012465	u0075
train	UN2012465	u0076
train	UN2012465	u0077
train	UN2012465	u0078
train	UN2012465	u0079
train	UN2012465	u007A
train	UN2012475	u0030
train	UN2012475	u0031
train	UN2012475	u0032
train	UN2012475	u0033
train	UN2012475	u0034
train	UN2012475	u0035
train	UN2012475	u0036
train	UN2012475	u0037
train	UN2012475	u0038
train	UN2012475	u0039
train	UN2012475	u0041
train	UN2012475	u0042
train	UN2012475	u0043
train	UN2012475	u0044
train	UN2012475	u0045
train	UN2012475	u0046
train	UN2012475	u0047
train	UN2012475	u0048
train	UN2012475	u0049
train	UN2012475	u004A
train	UN2012475	u004B
train	UN2012475	u004C
train	UN2012475	u004D
train	UN2012475	u004E
train	UN2012475	u004F
train	UN2012475	u0050
train	UN2012475	u0051
train	UN2012475	u0052
train	UN2012475	u0053
train	UN2012475	u0054
train	UN2012475	u0055
train	UN2012475	u0056
train	UN2012475	u0057
train	UN2012475	u0058
train	UN2012475	u0059
train	UN2012475	u005A
train	UN2012475	u0061
train	UN2012475	u0062
train	UN2012475	u0063
train	UN2012475	u0064
train	UN2012475	u0065
train	UN2012475	u0066
train	UN2012475	u0067
train	UN2012475	u0068
train	UN2012475	u0069
train	UN2012475	u006A
train	UN2012475	u006B
train	UN2012475	u006C
train	UN2012475	u006D
train	UN2012475	u006E
train	UN2012475	u006F
train	UN2012475	u0070
train	UN2012475	u0071
train	UN2012475	u0072
train	UN2012475	u0073
train	UN2012475	u0074
train	UN2012475	u0075
train	UN2012475	u0076
train	UN2012475	u0077
train	UN2012475	u0078
train	UN2012475	u0079
train	UN2012475	u007A
train	UN2012509	u0030
train	UN2012509	u0031
train	UN2012509	u0032
train	UN2012509	u0033
train	UN2012509	u0034
train	UN2012509	u0035
train	UN2012509	u0036
train	UN2012509	u0037
train	UN2012509	u0038
train	UN2012509	u0039
train	UN2012509	u0041
train	UN2012509	u0042
train	UN2012509	u0043
train	UN2012509	u0044
train	UN2012509	u0045
train	UN2012509	u0046
train	UN2012509	u0047
train	UN2012509	u0048
train	UN2012509	u0049
train	UN2012509	u004A
train	UN2012509	u004B
train	UN2012509	u004C
train	UN2012509	u004D
train	UN2012509	u004E
train	UN2012509	u004F
train	UN2012509	u0050
train	UN2012509	u0051
train	UN2012509	u0052
train	UN2012509	u0053
train	UN2012509	u0054
train	UN2012509	u0055
train	UN2012509	u0056
train	UN2012509	u0057
train	UN2012509	u0058
train	UN2012509	u0059
train	UN2012509	u005A
train	UN2012509	u0061
train	UN2012509	u0062
train	UN2012509	u0063
train	UN2012509	u0064
train	UN2012509	u0065
train	UN2012509	u0066
train	UN2012509	u0067
train	UN2012509	u0068
train	UN2012509	u0069
train	UN2012509	u006A
train	UN2012509	u006B
train	UN2012509	u006C
train	UN2012509	u006D
train	UN2012509	u006E
train	UN2012509	u006F
train	UN2012509	u0070
train	UN2012509	u0071
train	UN2012509	u0072
train	UN2012509	u0073
train	UN2012509	u0074
train	UN2012509	u0075
train	UN2012509	u0076
train	UN2012509	u0077
train	UN2012509	u0078
train	UN2012509	u0079
train	UN2012509	u007A
train	UN2012509	u00E0
train	UN2012509	u00E1
train	UN2012509	u00E8
train	UN2012509	u00E9
train	UN2012509	u00EA
train	UN2012509	u00ED
train	UN2012509	u00F2
train	UN2012509	u00F3
train	UN2012509	u00F9
train	UN2012509	u00FA
train	UN2012509	u00FC
train	UN2012509	u0101
train	UN2012509	u0113
train	UN2012509	u011B
train	UN2012509	u012B
train	UN2012509	u0144
train	UN2012509	u0148
train	UN2012509	u014D
train	UN2012509	u016B
train	UN2012520	u0030
train	UN2012520	u0031
train	UN2012520	u0032
train	UN2012520	u0033
train	UN2012520	u0034
train	UN2012520	u0035
train	UN2012520	u0036
train	UN2012520	u0037
train	UN2012520	u0038
train	UN2012520	u0039
train	UN2012520	u0041
train	UN2012520	u0042
train	UN2012520	u0043
train	UN2012520	u0044
train	UN2012520	u0045
train	UN2012520	u0046
train	UN2012520	u0047
train	UN2012520	u0048
train	UN2012520	u0049
train	UN2012520	u004A
train	UN2012520	u004B
train	UN2012520	u004C
train	UN2012520	u004D
train	UN2012520	u004E
train	UN2012520	u004F
train	UN2012520	u0050
train	UN2012520	u0051
train	UN2012520	u0052
train	UN2012520	u0053
train	UN2012520	u0054
train	UN2012520	u0055
train	UN2012520	u0056
train	UN2012520	u0057
train	UN2012520	u0058
train	UN2012520	u0059
train	UN2012520	u005A
train	UN2012520	u0061
train	UN2012520	u0062
train	UN2012520	u0063
train	UN2012520	u0064
train	UN2012520	u0065
train	UN2012520	u0066
train	UN2012520	u0067
train	UN2012520	u0068
train	UN2012520	u0069
train	UN2012520	u006A
train	UN2012520	u006B
train	UN2012520	u006C
train	UN2012520	u006D
train	UN2012520	u006E
train	UN2012520	u006F
train	UN2012520	u0070
train	UN2012520	u0071
train	UN2012520	u0072
train	UN2012520	u0073
train	UN2012520	u0074
train	UN2012520	u0075
train	UN2012520	u0076
train	UN2012520	u0077
train	UN2012520	u0078
train	UN2012520	u0079
train	UN2012520	u007A
train	UN2012520	u00E0
train	UN2012520	u00E1
train	UN2012520	u00E8
train	UN2012520	u00E9
train	UN2012520	u00EA
train	UN2012520	u00ED
train	UN2012520	u00F2
train	UN2012520	u00F3
train	UN2012520	u00F9
train	UN2012520	u00FA
train	UN2012520	u00FC
train	UN2012520	u0101
train	UN2012520	u0113
train	UN2012520	u011B
train	UN2012520	u012B
train	UN2012520	u0144
train	UN2012520	u0148
train	UN2012520	u014D
train	UN2012520	u016B
train	UN2012520	u01CE
train	UN2012520	u01D0
train	UN2012520	u01D2
train	UN2012520	u01D4
train	UN2012520	u01D6
train	UN2012520	u01D8
train	UN2012520	u01DA
train	UN2012520	u01DC
train	UN2012520	u3041
train	UN2012520	u3042
train	UN2012520	u3043
train	UN2012520	u3044
train	UN2012520	u3045
train	UN2012520	u3046
train	UN2012520	u3047
train	UN2012520	u3048
train	UN2012520	u3049
train	UN2012520	u304A
train	UN2012520	u304B
train	UN2012520	u304C
train	UN2012520	u304D
train	UN2012520	u304E
train	UN2012520	u304F
train	UN2012520	u3050
train	UN2012520	u3051
train	UN2012520	u3052
train	UN2012520	u3053
train	UN2012520	u3054
train	UN2012520	u3055
train	UN2012520	u3056
train	UN2012520	u3057
train	UN2012520	u3058
train	UN2012520	u3059
train	UN2012520	u305A
train	UN2012520	u305B
train	UN2012520	u305C
train	UN2012520	u305D
train	UN2012520	u305E
train	UN2012520	u305F
train	UN2012520	u3060
train	UN2012520	u3061
train	UN2012520	u3062
train	UN2012520	u3063
train	UN2012520	u3064
train	UN2012520	u3065
train	UN2012520	u3066
train	UN2012520	u3067
train	UN2012520	u3068
train	UN2012520	u3069
train	UN2012520	u306A
train	UN2012520	u306B
train	UN2012520	u306C
train	UN2012520	u306D
train	UN2012520	u306E
train	UN2012520	u306F
train	UN2012520	u3070
train	UN2012520	u3071
train	UN2012520	u3072
train	UN2012520	u3073
train	UN2012520	u3074
train	UN2012520	u3075
train	UN2012520	u3076
train	UN2012520	u3077
train	UN2012520	u3078
train	UN2012520	u3079
train	UN2012520	u307A
train	UN2012520	u307B
train	UN2012520	u307C
train	UN2012520	u307D
train	UN2012520	u307E
train	UN2012520	u307F
train	UN2012520	u3080
train	UN2012520	u3081
train	UN2012520	u3082
train	UN2012520	u3083
train	UN2012520	u3084
train	UN2012520	u3085
train	UN2012520	u3086
train	UN2012520	u3087
train	UN2012520	u3088
train	UN2012520	u3089
train	UN2012520	u308A
train	UN2012520	u308B
train	UN2012520	u308C
train	UN2012520	u308D
train	UN2012520	u308E
train	UN2012520	u308F
train	UN2012520	u3090
train	UN2012520	u3091
train	UN2012520	u3092
train	UN2012520	u3093
train	UN2012520	u30A1
train	UN2012520	u30A2
train	UN2012520	u30A3
train	UN2012520	u30A4
train	UN2012520	u30A5
train	UN2012520	u30A6
train	UN2012520	u30A7
train	UN2012520	u30A8
train	UN2012520	u30A9
train	UN2012520	u30AA
train	UN2012520	u30AB
train	UN2012520	u30AC
train	UN2012520	u30AD
train	UN2012520	u30AE
train	UN2012520	u30AF
train	UN2012520	u30B0
train	UN2012520	u30B1
train	UN2012520	u30B2
train	UN2012520	u30B3
train	UN2012520	u30B4
train	UN2012520	u30B5
train	UN2012520	u30B6
train	UN2012520	u30B7
train	UN2012520	u30B8
train	UN2012520	u30B9
train	UN2012520	u30BA
train	UN2012520	u30BB
train	UN2012520	u30BC
train	UN2012520	u30BD
train	UN2012520	u30BE
train	UN2012520	u30BF
train	UN2012520	u30C0
train	UN2012520	u30C1
train	UN2012520	u30C2
train	UN2012520	u30C3
train	UN2012520	u30C4
train	UN2012520	u30C5
train	UN2012520	u30C6
train	UN2012520	u30C7
train	UN2012520	u30C8
train	UN2012520	u30C9
train	UN2012520	u30CA
train	UN2012520	u30CB
train	UN2012520	u30CC
train	UN2012520	u30CD
train	UN2012520	u30CE
train	UN2012520	u30CF
train	UN2012520	u30D0
train	UN2012520	u30D1
train	UN2012520	u30D2
train	UN2012520	u30D3
train	UN2012520	u30D4
train	UN2012520	u30D5
train	UN2012520	u30D6
train	UN2012520	u30D7
train	UN2012520	u30D8
train	UN2012520	u30D9
train	UN2012520	u30DA
train	UN2012520	u30DB
train	UN2012520	u30DC
train	UN2012520	u30DD
train	UN2012520	u30DE
train	UN2012520	u30DF
train	UN2012520	u30E0
train	UN2012520	u30E1
train	UN2012520	u30E2
train	UN2012520	u30E3
train	UN2012520	u30E4
train	UN2012520	u30E5
train	UN2012520	u30E6
train	UN2012520	u30E7
train	UN2012520	u30E8
train	UN2012520	u30E9
train	UN2012520	u30EA
train	UN2012520	u30EB
train	UN2012520	u30EC
train	UN2012520	u30ED
train	UN2012520	u30EE
train	UN2012520	u30EF
train	UN2012520	u30F0
train	UN2012520	u30F1
train	UN2012520	u30F2
train	UN2012520	u30F3
train	UN2012520	u30F4
train	UN2012520	u30F5
train	UN2012520	u30F6
train	UN2012520	u3105
train	UN2012520	u3106
train	UN2012520	u3107
train	UN2012520	u3108
train	UN2012520	u3109
train	UN2012520	u310A
train	UN2012520	u310B
train	UN2012520	u310C
train	UN2012520	u310D
train	UN2012520	u310E
train	UN2012520	u310F
train	UN2012520	u3110
train	UN2012520	u3111
train	UN2012520	u3112
train	UN2012520	u3113
train	UN2012520	u3114
train	UN2012520	u3115
train	UN2012520	u3116
train	UN2012520	u3117
train	UN2012520	u3118
train	UN2012520	u3119
train	UN2012520	u311A
train	UN2012520	u311B
train	UN2012520	u311C
train	UN2012520	u311D
train	UN2012520	u311E
train	UN2012520	u311F
train	UN2012520	u3120
train	UN2012520	u3121
train	UN2012520	u3122
train	UN2012520	u3123
train	UN2012520	u3124
train	UN2012520	u3125
train	UN2012520	u3126
train	UN2012520	u3127
train	UN2012520	u3128
train	UN2012520	u3129
train	UN2012555	u0030
train	UN2012555	u0031
train	UN2012555	u0032
train	UN2012555	u0033
train	UN2012555	u0034
train	UN2012555	u0035
train	UN2012555	u0036
train	UN2012555	u0037
train	UN2012555	u0038
train	UN2012555	u0039
train	UN2012555	u0041
train	UN2012555	u0042
train	UN2012555	u0043
train	UN2012555	u0044
train	UN2012555	u0045
train	UN2012555	u0046
train	UN2012555	u0047
train	UN2012555	u0048
train	UN2012555	u0049
train	UN2012555	u004A
train	UN2012555	u004B
train	UN2012555	u004C
train	UN2012555	u004D
train	UN2012555	u004E
train	UN2012555	u004F
train	UN2012555	u0050
train	UN2012555	u0051
train	UN2012555	u0052
train	UN2012555	u0053
train	UN2012555	u0054
train	UN2012555	u0055
train	UN2012555	u0056
train	UN2012555	u0057
train	UN2012555	u0058
train	UN2012555	u0059
train	UN2012555	u005A
train	UN2012555	u0061
train	UN2012555	u0062
train	UN2012555	u0063
train	UN2012555	u0064
train	UN2012555	u0065
train	UN2012555	u0066
train	UN2012555	u0067
train	UN2012555	u0068
train	UN2012555	u0069
train	UN2012555	u006A
train	UN2012555	u006B
train	UN2012555	u006C
train	UN2012555	u006D
train	UN2012555	u006E
train	UN2012555	u006F
train	UN2012555	u0070
train	UN2012555	u0071
train	UN2012555	u0072
train	UN2012555	u0073
train	UN2012555	u0074
train	UN2012555	u0075
train	UN2012555	u0076
train	UN2012555	u0077
train	UN2012555	u0078
train	UN2012555	u0079
train	UN2012555	u007A
train	UN2012560	u0030
train	UN2012560	u0031
train	UN2012560	u0032
train	UN2012560	u0033
train	UN2012560	u0034
train	UN2012560	u0035
train	UN2012560	u0036
train	UN2012560	u0037
train	UN2012560	u0038
train	UN2012560	u0039
train	UN2012560	u0041
train	UN2012560	u0042
train	UN2012560	u0043
train	UN2012560	u0044
train	UN2012560	u0045
train	UN2012560	u0046
train	UN2012560	u0047
train	UN2012560	u0048
train	UN2012560	u0049
train	UN2012560	u004A
train	UN2012560	u004B
train	UN2012560	u004C
train	UN2012560	u004D
train	UN2012560	u004E
train	UN2012560	u004F
train	UN2012560	u0050
train	UN2012560	u0051
train	UN2012560	u0052
train	UN2012560	u0053
train	UN2012560	u0054
train	UN2012560	u0055
train	UN2012560	u0056
train	UN2012560	u0057
train	UN2012560	u0058
train	UN2012560	u0059
train	UN2012560	u005A
train	UN2012560	u0061
train	UN2012560	u0062
train	UN2012560	u0063
train	UN2012560	u0064
train	UN2012560	u0065
train	UN2012560	u0066
train	UN2012560	u0067
train	UN2012560	u0068
train	UN2012560	u0069
train	UN2012560	u006A
train	UN2012560	u006B
train	UN2012560	u006C
train	UN2012560	u006D
train	UN2012560	u006E
train	UN2012560	u006F
train	UN2012560	u0070
train	UN2012560	u0071
train	UN2012560	u0072
train	UN2012560	u0073
train	UN2012560	u0074
train	UN2012560	u0075
train	UN2012560	u0076
train	UN2012560	u0077
train	UN2012560	u0078
train	UN2012560	u0079
train	UN2012560	u007A
train	UN2012564	u0030
train	UN2012564	u0031
train	UN2012564	u0032
train	UN2012564	u0033
train	UN2012564	u0034
train	UN2012564	u0035
train	UN2012564	u0036
train	UN2012564	u0037
train	UN2012564	u0038
train	UN2012564	u0039
train	UN2012564	u0041
train	UN2012564	u0042
train	UN2012564	u0043
train	UN2012564	u0044
train	UN2012564	u0045
train	UN2012564	u0046
train	UN2012564	u0047
train	UN2012564	u0048
train	UN2012564	u0049
train	UN2012564	u004A
train	UN2012564	u004B
train	UN2012564	u004C
train	UN2012564	u004D
train	UN2012564	u004E
train	UN2012564	u004F
train	UN2012564	u0050
train	UN2012564	u0051
train	UN2012564	u0052
train	UN2012564	u0053
train	UN2012564	u0054
train	UN2012564	u0055
train	UN2012564	u0056
train	UN2012564	u0057
train	UN2012564	u0058
train	UN2012564	u0059
train	UN2012564	u005A
train	UN2012564	u0061
train	UN2012564	u0062
train	UN2012564	u0063
train	UN2012564	u0064
train	UN2012564	u0065
train	UN2012564	u0066
train	UN2012564	u0067
train	UN2012564	u0068
train	UN2012564	u0069
train	UN2012564	u006A
train	UN2012564	u006B
train	UN2012564	u006C
train	UN2012564	u006D
train	UN2012564	u006E
train	UN2012564	u006F
train	UN2012564	u0070
train	UN2012564	u0071
train	UN2012564	u0072
train	UN2012564	u0073
train	UN2012564	u0074
train	UN2012564	u0075
train	UN2012564	u0076
train	UN2012564	u0077
train	UN2012564	u0078
train	UN2012564	u0079
train	UN2012564	u007A
train	UN2012572	u0030
train	UN2012572	u0031
train	UN2012572	u0032
train	UN2012572	u0033
train	UN2012572	u0034
train	UN2012572	u0035
train	UN2012572	u0036
train	UN2012572	u0037
train	UN2012572	u0038
train	UN2012572	u0039
train	UN2012572	u0041
train	UN2012572	u0042
train	UN2012572	u0043
train	UN2012572	u0044
train	UN2012572	u0045
train	UN2012572	u0046
train	UN2012572	u0047
train	UN2012572	u0048
train	UN2012572	u0049
train	UN2012572	u004A
train	UN2012572	u004B
train	UN2012572	u004C
train	UN2012572	u004D
train	UN2012572	u004E
train	UN2012572	u004F
train	UN2012572	u0050
train	UN2012572	u0051
train	UN2012572	u0052
train	UN2012572	u0053
train	UN2012572	u0054
train	UN2012572	u0055
train	UN2012572	u0056
train	UN2012572	u0057
train	UN2012572	u0058
train	UN2012572	u0059
train	UN2012572	u005A
train	UN2012572	u0061
train	UN2012572	u0062
train	UN2012572	u0063
train	UN2012572	u0064
train	UN2012572	u0065
train	UN2012572	u0066
train	UN2012572	u0067
train	UN2012572	u0068
train	UN2012572	u0069
train	UN2012572	u006A
train	UN2012572	u006B
train	UN2012572	u006C
train	UN2012572	u006D
train	UN2012572	u006E
train	UN2012572	u006F
train	UN2012572	u0070
train	UN2012572	u0071
train	UN2012572	u0072
train	UN2012572	u0073
train	UN2012572	u0074
train	UN2012572	u0075
train	UN2012572	u0076
train	UN2012572	u0077
train	UN2012572	u0078
train	UN2012572	u0079
train	UN2012572	u007A
train	UN2012587	u0030
train	UN2012587	u0031
train	UN2012587	u0032
train	UN2012587	u0033
train	UN2012587	u0034
train	UN2012587	u0035
train	UN2012587	u0036
train	UN2012587	u0037
train	UN2012587	u0038
train	UN2012587	u0039
train	UN2012587	u0041
train	UN2012587	u0042
train	UN2012587	u0043
train	UN2012587	u0044
train	UN2012587	u0045
train	UN2012587	u0046
train	UN2012587	u0047
train	UN2012587	u0048
train	UN2012587	u0049
train	UN2012587	u004A
train	UN2012587	u004B
train	UN2012587	u004C
train	UN2012587	u004D
train	UN2012587	u004E
train	UN2012587	u004F
train	UN2012587	u0050
train	UN2012587	u0051
train	UN2012587	u0052
train	UN2012587	u0053
train	UN2012587	u0054
train	UN2012587	u0055
train	UN2012587	u0056
train	UN2012587	u0057
train	UN2012587	u0058
train	UN2012587	u0059
train	UN2012587	u005A
train	UN2012587	u0061
train	UN2012587	u0062
train	UN2012587	u0063
train	UN2012587	u0064
train	UN2012587	u0065
train	UN2012587	u0066
train	UN2012587	u0067
train	UN2012587	u0068
train	UN2012587	u0069
train	UN2012587	u006A
train	UN2012587	u006B
train	UN2012587	u006C
train	UN2012587	u006D
train	UN2012587	u006E
train	UN2012587	u006F
train	UN2012587	u0070
train	UN2012587	u0071
train	UN2012587	u0072
train	UN2012587	u0073
train	UN2012587	u0074
train	UN2012587	u0075
train	UN2012587	u0076
train	UN2012587	u0077
train	UN2012587	u0078
train	UN2012587	u0079
train	UN2012587	u007A
train	UN2012587	u00E0
train	UN2012587	u00E1
train	UN2012587	u00E8
train	UN2012587	u00E9
train	UN2012587	u00EA
train	UN2012587	u00ED
train	UN2012587	u00F2
train	UN2012587	u00F3
train	UN2012587	u00F9
train	UN2012587	u00FA
train	UN2012587	u00FC
train	UN2012587	u0101
train	UN2012587	u0113
train	UN2012587	u011B
train	UN2012587	u012B
train	UN2012587	u0144
train	UN2012587	u0148
train	UN2012587	u014D
train	UN2012587	u016B
train	UN2012611	u0030
train	UN2012611	u0031
train	UN2012611	u0032
train	UN2012611	u0033
train	UN2012611	u0034
train	UN2012611	u0035
train	UN2012611	u0036
train	UN2012611	u0037
train	UN2012611	u0038
train	UN2012611	u0039
train	UN2012611	u0041
train	UN2012611	u0042
train	UN2012611	u0043
train	UN2012611	u0044
train	UN2012611	u0045
train	UN2012611	u0046
train	UN2012611	u0047
train	UN2012611	u0048
train	UN2012611	u0049
train	UN2012611	u004A
train	UN2012611	u004B
train	UN2012611	u004C
train	UN2012611	u004D
train	UN2012611	u004E
train	UN2012611	u004F
train	UN2012611	u0050
train	UN2012611	u0051
train	UN2012611	u0052
train	UN2012611	u0053
train	UN2012611	u0054
train	UN2012611	u0055
train	UN2012611	u0056
train	UN2012611	u0057
train	UN2012611	u0058
train	UN2012611	u0059
train	UN2012611	u005A
train	UN2012611	u0061
train	UN2012611	u0062
train	UN2012611	u0063
train	UN2012611	u0064
train	UN2012611	u0065
train	UN2012611	u0066
train	UN2012611	u0067
train	UN2012611	u0068
train	UN2012611	u0069
train	UN2012611	u006A
train	UN2012611	u006B
train	UN2012611	u006C
train	UN2012611	u006D
train	UN2012611	u006E
train	UN2012611	u006F
train	UN2012611	u0070
train	UN2012611	u0071
train	UN2012611	u0072
train	UN2012611	u0073
train	UN2012611	u0074
train	UN2012611	u0075
train	UN2012611	u0076
train	UN2012611	u0077
train	UN2012611	u0078
train	UN2012611	u0079
train	UN2012611	u007A
train	UN2012623	u0030
train	UN2012623	u0031
train	UN2012623	u0032
train	UN2012623	u0033
train	UN2012623	u0034
train	UN2012623	u0035
train	UN2012623	u0036
train	UN2012623	u0037
train	UN2012623	u0038
train	UN2012623	u0039
train	UN2012623	u0041
train	UN2012623	u0042
train	UN2012623	u0043
train	UN2012623	u0044
train	UN2012623	u0045
train	UN2012623	u0046
train	UN2012623	u0047
train	UN2012623	u0048
train	UN2012623	u0049
train	UN2012623	u004A
train	UN2012623	u004B
train	UN2012623	u004C
train	UN2012623	u004D
train	UN2012623	u004E
train	UN2012623	u004F
train	UN2012623	u0050
train	UN2012623	u0051
train	UN2012623	u0052
train	UN2012623	u0053
train	UN2012623	u0054
train	UN2012623	u0055
train	UN2012623	u0056
train	UN2012623	u0057
train	UN2012623	u0058
train	UN2012623	u0059
train	UN2012623	u005A
train	UN2012623	u0061
train	UN2012623	u0062
train	UN2012623	u0063
train	UN2012623	u0064
train	UN2012623	u0065
train	UN2012623	u0066
train	UN2012623	u0067
train	UN2012623	u0068
train	UN2012623	u0069
train	UN2012623	u006A
train	UN2012623	u006B
train	UN2012623	u006C
train	UN2012623	u006D
train	UN2012623	u006E
train	UN2012623	u006F
train	UN2012623	u0070
train	UN2012623	u0071
train	UN2012623	u0072
train	UN2012623	u0073
train	UN2012623	u0074
train	UN2012623	u0075
train	UN2012623	u0076
train	UN2012623	u0077
train	UN2012623	u0078
train	UN2012623	u0079
train	UN2012623	u007A
train	UN2012628	u0030
train	UN2012628	u0031
train	UN2012628	u0032
train	UN2012628	u0033
train	UN2012628	u0034
train	UN2012628	u0035
train	UN2012628	u0036
train	UN2012628	u0037
train	UN2012628	u0038
train	UN2012628	u0039
train	UN2012628	u0041
train	UN2012628	u0042
train	UN2012628	u0043
train	UN2012628	u0044
train	UN2012628	u0045
train	UN2012628	u0046
train	UN2012628	u0047
train	UN2012628	u0048
train	UN2012628	u0049
train	UN2012628	u004A
train	UN2012628	u004B
train	UN2012628	u004C
train	UN2012628	u004D
train	UN2012628	u004E
train	UN2012628	u004F
train	UN2012628	u0050
train	UN2012628	u0051
train	UN2012628	u0052
train	UN2012628	u0053
train	UN2012628	u0054
train	UN2012628	u0055
train	UN2012628	u0056
train	UN2012628	u0057
train	UN2012628	u0058
train	UN2012628	u0059
train	UN2012628	u005A
train	UN2012628	u0061
train	UN2012628	u0062
train	UN2012628	u0063
train	UN2012628	u0064
train	UN2012628	u0065
train	UN2012628	u0066
train	UN2012628	u0067
train	UN2012628	u0068
train	UN2012628	u0069
train	UN2012628	u006A
train	UN2012628	u006B
train	UN2012628	u006C
train	UN2012628	u006D
train	UN2012628	u006E
train	UN2012628	u006F
train	UN2012628	u0070
train	UN2012628	u0071
train	UN2012628	u0072
train	UN2012628	u0073
train	UN2012628	u0074
train	UN2012628	u0075
train	UN2012628	u0076
train	UN2012628	u0077
train	UN2012628	u0078
train	UN2012628	u0079
train	UN2012628	u007A
train	UN2012628	u00E0
train	UN2012628	u00E1
train	UN2012628	u00E8
train	UN2012628	u00E9
train	UN2012628	u00EA
train	UN2012628	u00ED
train	UN2012628	u00F2
train	UN2012628	u00F3
train	UN2012628	u00F9
train	UN2012628	u00FA
train	UN2012628	u00FC
train	UN2012628	u0101
train	UN2012628	u0113
train	UN2012628	u011B
train	UN2012628	u012B
train	UN2012628	u0144
train	UN2012628	u0148
train	UN2012628	u014D
train	UN2012628	u016B
train	UN2012628	u01CE
train	UN2012628	u01D0
train	UN2012628	u01D2
train	UN2012628	u01D4
train	UN2012628	u01D6
train	UN2012628	u01D8
train	UN2012628	u01DA
train	UN2012628	u01DC
train	UN2012638	u0030
train	UN2012638	u0031
train	UN2012638	u0032
train	UN2012638	u0033
train	UN2012638	u0034
train	UN2012638	u0035
train	UN2012638	u0036
train	UN2012638	u0037
train	UN2012638	u0038
train	UN2012638	u0039
train	UN2012638	u0041
train	UN2012638	u0042
train	UN2012638	u0043
train	UN2012638	u0044
train	UN2012638	u0045
train	UN2012638	u0046
train	UN2012638	u0047
train	UN2012638	u0048
train	UN2012638	u0049
train	UN2012638	u004A
train	UN2012638	u004B
train	UN2012638	u004C
train	UN2012638	u004D
train	UN2012638	u004E
train	UN2012638	u004F
train	UN2012638	u0050
train	UN2012638	u0051
train	UN2012638	u0052
train	UN2012638	u0053
train	UN2012638	u0054
train	UN2012638	u0055
train	UN2012638	u0056
train	UN2012638	u0057
train	UN2012638	u0058
train	UN2012638	u0059
train	UN2012638	u005A
train	UN2012638	u0061
train	UN2012638	u0062
train	UN2012638	u0063
train	UN2012638	u0064
train	UN2012638	u0065
train	UN2012638	u0066
train	UN2012638	u0067
train	UN2012638	u0068
train	UN2012638	u0069
train	UN2012638	u006A
train	UN2012638	u006B
train	UN2012638	u006C
train	UN2012638	u006D
train	UN2012638	u006E
train	UN2012638	u006F
train	UN2012638	u0070
train	UN2012638	u0071
train	UN2012638	u0072
train	UN2012638	u0073
train	UN2012638	u0074
train	UN2012638	u0075
train	UN2012638	u0076
train	UN2012638	u0077
train	UN2012638	u0078
train	UN2012638	u0079
train	UN2012638	u007A
train	UN2012646	u0030
train	UN2012646	u0031
train	UN2012646	u0032
train	UN2012646	u0033
train	UN2012646	u0034
train	UN2012646	u0035
train	UN2012646	u0036
train	UN2012646	u0037
train	UN2012646	u0038
train	UN2012646	u0039
train	UN2012646	u0041
train	UN2012646	u0042
train	UN2012646	u0043
train	UN2012646	u0044
train	UN2012646	u0045
train	UN2012646	u0046
train	UN2012646	u0047
train	UN2012646	u0048
train	UN2012646	u0049
train	UN2012646	u004A
train	UN2012646	u004B
train	UN2012646	u004C
train	UN2012646	u004D
train	UN2012646	u004E
train	UN2012646	u004F
train	UN2012646	u0050
train	UN2012646	u0051
train	UN2012646	u0052
train	UN2012646	u0053
train	UN2012646	u0054
train	UN2012646	u0055
train	UN2012646	u0056
train	UN2012646	u0057
train	UN2012646	u0058
train	UN2012646	u0059
train	UN2012646	u005A
train	UN2012646	u0061
train	UN2012646	u0062
train	UN2012646	u0063
train	UN2012646	u0064
train	UN2012646	u0065
train	UN2012646	u0066
train	UN2012646	u0067
train	UN2012646	u0068
train	UN2012646	u0069
train	UN2012646	u006A
train	UN2012646	u006B
train	UN2012646	u006C
train	UN2012646	u006D
train	UN2012646	u006E
train	UN2012646	u006F
train	UN2012646	u0070
train	UN2012646	u0071
train	UN2012646	u0072
train	UN2012646	u0073
train	UN2012646	u0074
train	UN2012646	u0075
train	UN2012646	u0076
train	UN2012646	u0077
train	UN2012646	u0078
train	UN2012646	u0079
train	UN2012646	u007A
train	UN2012663	u0030
train	UN2012663	u0031
train	UN2012663	u0032
train	UN2012663	u0033
train	UN2012663	u0034
train	UN2012663	u0035
train	UN2012663	u0036
train	UN2012663	u0037
train	UN2012663	u0038
train	UN2012663	u0039
train	UN2012663	u0041
train	UN2012663	u0042
train	UN2012663	u0043
train	UN2012663	u0044
train	UN2012663	u0045
train	UN2012663	u0046
train	UN2012663	u0047
train	UN2012663	u0048
train	UN2012663	u0049
train	UN2012663	u004A
train	UN2012663	u004B
train	UN2012663	u004C
train	UN2012663	u004D
train	UN2012663	u004E
train	UN2012663	u004F
train	UN2012663	u0050
train	UN2012663	u0051
train	UN2012663	u0052
train	UN2012663	u0053
train	UN2012663	u0054
train	UN2012663	u0055
train	UN2012663	u0056
train	UN2012663	u0057
train	UN2012663	u0058
train	UN2012663	u0059
train	UN2012663	u005A
train	UN2012663	u0061
train	UN2012663	u0062
train	UN2012663	u0063
train	UN2012663	u0064
train	UN2012663	u0065
train	UN2012663	u0066
train	UN2012663	u0067
train	UN2012663	u0068
train	UN2012663	u0069
train	UN2012663	u006A
train	UN2012663	u006B
train	UN2012663	u006C
train	UN2012663	u006D
train	UN2012663	u006E
train	UN2012663	u006F
train	UN2012663	u0070
train	UN2012663	u0071
train	UN2012663	u0072
train	UN2012663	u0073
train	UN2012663	u0074
train	UN2012663	u0075
train	UN2012663	u0076
train	UN2012663	u0077
train	UN2012663	u0078
train	UN2012663	u0079
train	UN2012663	u007A
train	UN2012667	u0030
train	UN2012667	u0031
train	UN2012667	u0032
train	UN2012667	u0033
train	UN2012667	u0034
train	UN2012667	u0035
train	UN2012667	u0036
train	UN2012667	u0037
train	UN2012667	u0038
train	UN2012667	u0039
train	UN2012667	u0041
train	UN2012667	u0042
train	UN2012667	u0043
train	UN2012667	u0044
train	UN2012667	u0045
train	UN2012667	u0046
train	UN2012667	u0047
train	UN2012667	u0048
train	UN2012667	u0049
train	UN2012667	u004A
train	UN2012667	u004B
train	UN2012667	u004C
train	UN2012667	u004D
train	UN2012667	u004E
train	UN2012667	u004F
train	UN2012667	u0050
train	UN2012667	u0051
train	UN2012667	u0052
train	UN2012667	u0053
train	UN2012667	u0054
train	UN2012667	u0055
train	UN2012667	u0056
train	UN2012667	u0057
train	UN2012667	u0058
train	UN2012667	u0059
train	UN2012667	u005A
train	UN2012667	u0061
train	UN2012667	u0062
train	UN2012667	u0063
train	UN2012667	u0064
train	UN2012667	u0065
train	UN2012667	u0066
train	UN2012667	u0067
train	UN2012667	u0068
train	UN2012667	u0069
train	UN2012667	u006A
train	UN2012667	u006B
train	UN2012667	u006C
train	UN2012667	u006D
train	UN2012667	u006E
train	UN2012667	u006F
train	UN2012667	u0070
train	UN2012667	u0071
train	UN2012667	u0072
train	UN2012667	u0073
train	UN2012667	u0074
train	UN2012667	u0075
train	UN2012667	u0076
train	UN2012667	u0077
train	UN2012667	u0078
train	UN2012667	u0079
train	UN2012667	u007A
train	UN2012667	u00E0
train	UN2012667	u00E1
train	UN2012667	u00E8
train	UN2012667	u00E9
train	UN2012667	u00EA
train	UN2012667	u00ED
train	UN2012667	u00F2
train	UN2012667	u00F3
train	UN2012667	u00F9
train	UN2012667	u00FA
train	UN2012667	u00FC
train	UN2012667	u0101
train	UN2012667	u0113
train	UN2012667	u011B
train	UN2012667	u012B
train	UN2012667	u0144
train	UN2012667	u0148
train	UN2012667	u014D
train	UN2012667	u016B
train	UN2012667	u01CE
train	UN2012667	u01D0
train	UN2012667	u01D2
train	UN2012667	u01D4
train	UN2012667	u01D6
train	UN2012667	u01D8
train	UN2012667	u01DA
train	UN2012667	u01DC
train	UN2012667	u3041
train	UN2012667	u3042
train	UN2012667	u3043
train	UN2012667	u3044
train	UN2012667	u3045
train	UN2012667	u3046
train	UN2012667	u3047
train	UN2012667	u3048
train	UN2012667	u3049
train	UN2012667	u304A
train	UN2012667	u304B
train	UN2012667	u304C
train	UN2012667	u304D
train	UN2012667	u304E
train	UN2012667	u304F
train	UN2012667	u3050
train	UN2012667	u3051
train	UN2012667	u3052
train	UN2012667	u3053
train	UN2012667	u3054
train	UN2012667	u3055
train	UN2012667	u3056
train	UN2012667	u3057
train	UN2012667	u3058
train	UN2012667	u3059
train	UN2012667	u305A
train	UN2012667	u305B
train	UN2012667	u305C
train	UN2012667	u305D
train	UN2012667	u305E
train	UN2012667	u305F
train	UN2012667	u3060
train	UN2012667	u3061
train	UN2012667	u3062
train	UN2012667	u3063
train	UN2012667	u3064
train	UN2012667	u3065
train	UN2012667	u3066
train	UN2012667	u3067
train	UN2012667	u3068
train	UN2012667	u3069
train	UN2012667	u306A
train	UN2012667	u306B
train	UN2012667	u306C
train	UN2012667	u306D
train	UN2012667	u306E
train	UN2012667	u306F
train	UN2012667	u3070
train	UN2012667	u3071
train	UN2012667	u3072
train	UN2012667	u3073
train	UN2012667	u3074
train	UN2012667	u3075
train	UN2012667	u3076
train	UN2012667	u3077
train	UN2012667	u3078
train	UN2012667	u3079
train	UN2012667	u307A
train	UN2012667	u307B
train	UN2012667	u307C
train	UN2012667	u307D
train	UN2012667	u307E
train	UN2012667	u307F
train	UN2012667	u3080
train	UN2012667	u3081
train	UN2012667	u3082
train	UN2012667	u3083
train	UN2012667	u3084
train	UN2012667	u3085
train	UN2012667	u3086
train	UN2012667	u3087
train	UN2012667	u3088
train	UN2012667	u3089
train	UN2012667	u308A
train	UN2012667	u308B
train	UN2012667	u308C
train	UN2012667	u308D
train	UN2012667	u308E
train	UN2012667	u308F
train	UN2012667	u3090
train	UN2012667	u3091
train	UN2012667	u3092
train	UN2012667	u3093
train	UN2012667	u30A1
train	UN2012667	u30A2
train	UN2012667	u30A3
train	UN2012667	u30A4
train	UN2012667	u30A5
train	UN2012667	u30A6
train	UN2012667	u30A7
train	UN2012667	u30A8
train	UN2012667	u30A9
train	UN2012667	u30AA
train	UN2012667	u30AB
train	UN2012667	u30AC
train	UN2012667	u30AD
train	UN2012667	u30AE
train	UN2012667	u30AF
train	UN2012667	u30B0
train	UN2012667	u30B1
train	UN2012667	u30B2
train	UN2012667	u30B3
train	UN2012667	u30B4
train	UN2012667	u30B5
train	UN2012667	u30B6
train	UN2012667	u30B7
train	UN2012667	u30B8
train	UN2012667	u30B9
train	UN2012667	u30BA
train	UN2012667	u30BB
train	UN2012667	u30BC
train	UN2012667	u30BD
train	UN2012667	u30BE
train	UN2012667	u30BF
train	UN2012667	u30C0
train	UN2012667	u30C1
train	UN2012667	u30C2
train	UN2012667	u30C3
train	UN2012667	u30C4
train	UN2012667	u30C5
train	UN2012667	u30C6
train	UN2012667	u30C7
train	UN2012667	u30C8
train	UN2012667	u30C9
train	UN2012667	u30CA
train	UN2012667	u30CB
train	UN2012667	u30CC
train	UN2012667	u30CD
train	UN2012667	u30CE
train	UN2012667	u30CF
train	UN2012667	u30D0
train	UN2012667	u30D1
train	UN2012667	u30D2
train	UN2012667	u30D3
train	UN2012667	u30D4
train	UN2012667	u30D5
train	UN2012667	u30D6
train	UN2012667	u30D7
train	UN2012667	u30D8
train	UN2012667	u30D9
train	UN2012667	u30DA
train	UN2012667	u30DB
train	UN2012667	u30DC
train	UN2012667	u30DD
train	UN2012667	u30DE
train	UN2012667	u30DF
train	UN2012667	u30E0
train	UN2012667	u30E1
train	UN2012667	u30E2
train	UN2012667	u30E3
train	UN2012667	u30E4
train	UN2012667	u30E5
train	UN2012667	u30E6
train	UN2012667	u30E7
train	UN2012667	u30E8
train	UN2012667	u30E9
train	UN2012667	u30EA
train	UN2012667	u30EB
train	UN2012667	u30EC
train	UN2012667	u30ED
train	UN2012667	u30EE
train	UN2012667	u30EF
train	UN2012667	u30F0
train	UN2012667	u30F1
train	UN2012667	u30F2
train	UN2012667	u30F3
train	UN2012667	u30F4
train	UN2012667	u30F5
train	UN2012667	u30F6
train	UN2012667	u3105
train	UN2012667	u3106
train	UN2012667	u3107
train	UN2012667	u3108
train	UN2012667	u3109
train	UN2012667	u310A
train	UN2012667	u310B
train	UN2012667	u310C
train	UN2012667	u310D
train	UN2012667	u310E
train	UN2012667	u310F
train	UN2012667	u3110
train	UN2012667	u3111
train	UN2012667	u3112
train	UN2012667	u3113
train	UN2012667	u3114
train	UN2012667	u3115
train	UN2012667	u3116
train	UN2012667	u3117
train	UN2012667	u3118
train	UN2012667	u3119
train	UN2012667	u311A
train	UN2012667	u311B
train	UN2012667	u311C
train	UN2012667	u311D
train	UN2012667	u311E
train	UN2012667	u311F
train	UN2012667	u3120
train	UN2012667	u3121
train	UN2012667	u3122
train	UN2012667	u3123
train	UN2012667	u3124
train	UN2012667	u3125
train	UN2012667	u3126
train	UN2012667	u3127
train	UN2012667	u3128
train	UN2012667	u3129
train	UN2012686	u0030
train	UN2012686	u0031
train	UN2012686	u0032
train	UN2012686	u0033
train	UN2012686	u0034
train	UN2012686	u0035
train	UN2012686	u0036
train	UN2012686	u0037
train	UN2012686	u0038
train	UN2012686	u0039
train	UN2012686	u0041
train	UN2012686	u0042
train	UN2012686	u0043
train	UN2012686	u0044
train	UN2012686	u0045
train	UN2012686	u0046
train	UN2012686	u0047
train	UN2012686	u0048
train	UN2012686	u0049
train	UN2012686	u004A
train	UN2012686	u004B
train	UN2012686	u004C
train	UN2012686	u004D
train	UN2012686	u004E
train	UN2012686	u004F
train	UN2012686	u0050
train	UN2012686	u0051
train	UN2012686	u0052
train	UN2012686	u0053
train	UN2012686	u0054
train	UN2012686	u0055
train	UN2012686	u0056
train	UN2012686	u0057
train	UN2012686	u0058
train	UN2012686	u0059
train	UN2012686	u005A
train	UN2012686	u0061
train	UN2012686	u0062
train	UN2012686	u0063
train	UN2012686	u0064
train	UN2012686	u0065
train	UN2012686	u0066
train	UN2012686	u0067
train	UN2012686	u0068
train	UN2012686	u0069
train	UN2012686	u006A
train	UN2012686	u006B
train	UN2012686	u006C
train	UN2012686	u006D
train	UN2012686	u006E
train	UN2012686	u006F
train	UN2012686	u0070
train	UN2012686	u0071
train	UN2012686	u0072
train	UN2012686	u0073
train	UN2012686	u0074
train	UN2012686	u0075
train	UN2012686	u0076
train	UN2012686	u0077
train	UN2012686	u0078
train	UN2012686	u0079
train	UN2012686	u007A
train	UN2012695	u0030
train	UN2012695	u0031
train	UN2012695	u0032
train	UN2012695	u0033
train	UN2012695	u0034
train	UN2012695	u0035
train	UN2012695	u0036
train	UN2012695	u0037
train	UN2012695	u0038
train	UN2012695	u0039
train	UN2012695	u0041
train	UN2012695	u0042
train	UN2012695	u0043
train	UN2012695	u0044
train	UN2012695	u0045
train	UN2012695	u0046
train	UN2012695	u0047
train	UN2012695	u0048
train	UN2012695	u0049
train	UN2012695	u004A
train	UN2012695	u004B
train	UN2012695	u004C
train	UN2012695	u004D
train	UN2012695	u004E
train	UN2012695	u004F
train	UN2012695	u0050
train	UN2012695	u0051
train	UN2012695	u0052
train	UN2012695	u0053
train	UN2012695	u0054
train	UN2012695	u0055
train	UN2012695	u0056
train	UN2012695	u0057
train	UN2012695	u0058
train	UN2012695	u0059
train	UN2012695	u005A
train	UN2012695	u0061
train	UN2012695	u0062
train	UN2012695	u0063
train	UN2012695	u0064
train	UN2012695	u0065
train	UN2012695	u0066
train	UN2012695	u0067
train	UN2012695	u0068
train	UN2012695	u0069
train	UN2012695	u006A
train	UN2012695	u006B
train	UN2012695	u006C
train	UN2012695	u006D
train	UN2012695	u006E
train	UN2012695	u006F
train	UN2012695	u0070
train	UN2012695	u0071
train	UN2012695	u0072
train	UN2012695	u0073
train	UN2012695	u0074
train	UN2012695	u0075
train	UN2012695	u0076
train	UN2012695	u0077
train	UN2012695	u0078
train	UN2012695	u0079
train	UN2012695	u007A
train	UN2012695	u00E0
train	UN2012695	u00E1
train	UN2012695	u00E8
train	UN2012695	u00E9
train	UN2012695	u00EA
train	UN2012695	u00ED
train	UN2012695	u00F2
train	UN2012695	u00F3
train	UN2012695	u00F9
train	UN2012695	u00FA
train	UN2012695	u00FC
train	UN2012695	u0101
train	UN2012695	u0113
train	UN2012695	u011B
train	UN2012695	u012B
train	UN2012695	u0144
train	UN2012695	u0148
train	UN2012695	u014D
train	UN2012695	u016B
train	UN2012695	u01CE
train	UN2012695	u01D0
train	UN2012695	u01D2
train	UN2012695	u01D4
train	UN2012695	u01D6
train	UN2012695	u01D8
train	UN2012695	u01DA
train	UN2012695	u01DC
train	UN2012714	u0030
train	UN2012714	u0031
train	UN2012714	u0032
train	UN2012714	u0033
train	UN2012714	u0034
train	UN2012714	u0035
train	UN2012714	u0036
train	UN2012714	u0037
train	UN2012714	u0038
train	UN2012714	u0039
train	UN2012714	u0041
train	UN2012714	u0042
train	UN2012714	u0043
train	UN2012714	u0044
train	UN2012714	u0045
train	UN2012714	u0046
train	UN2012714	u0047
train	UN2012714	u0048
train	UN2012714	u0049
train	UN2012714	u004A
train	UN2012714	u004B
train	UN2012714	u004C
train	UN2012714	u004D
train	UN2012714	u004E
train	UN2012714	u004F
train	UN2012714	u0050
train	UN2012714	u0051
train	UN2012714	u0052
train	UN2012714	u0053
train	UN2012714	u0054
train	UN2012714	u0055
train	UN2012714	u0056
train	UN2012714	u0057
train	UN2012714	u0058
train	UN2012714	u0059
train	UN2012714	u005A
train	UN2012714	u0061
train	UN2012714	u0062
train	UN2012714	u0063
train	UN2012714	u0064
train	UN2012714	u0065
train	UN2012714	u0066
train	UN2012714	u0067
train	UN2012714	u0068
train	UN2012714	u0069
train	UN2012714	u006A
train	UN2012714	u006B
train	UN2012714	u006C
train	UN2012714	u006D
train	UN2012714	u006E
train	UN2012714	u006F
train	UN2012714	u0070
train	UN2012714	u0071
train	UN2012714	u0072
train	UN2012714	u0073
train	UN2012714	u0074
train	UN2012714	u0075
train	UN2012714	u0076
train	UN2012714	u0077
train	UN2012714	u0078
train	UN2012714	u0079
train	UN2012714	u007A
train	UN2012726	u0030
train	UN2012726	u0031
train	UN2012726	u0032
train	UN2012726	u0033
train	UN2012726	u0034
train	UN2012726	u0035
train	UN2012726	u0036
train	UN2012726	u0037
train	UN2012726	u0038
train	UN2012726	u0039
train	UN2012726	u0041
train	UN2012726	u0042
train	UN2012726	u0043
train	UN2012726	u0044
train	UN2012726	u0045
train	UN2012726	u0046
train	UN2012726	u0047
train	UN2012726	u0048
train	UN2012726	u0049
train	UN2012726	u004A
train	UN2012726	u004B
train	UN2012726	u004C
train	UN2012726	u004D
train	UN2012726	u004E
train	UN2012726	u004F
train	UN2012726	u0050
train	UN2012726	u0051
train	UN2012726	u0052
train	UN2012726	u0053
train	UN2012726	u0054
train	UN2012726	u0055
train	UN2012726	u0056
train	UN2012726	u0057
train	UN2012726	u0058
train	UN2012726	u0059
train	UN2012726	u005A
train	UN2012726	u0061
train	UN2012726	u0062
train	UN2012726	u0063
train	UN2012726	u0064
train	UN2012726	u0065
train	UN2012726	u0066
train	UN2012726	u0067
train	UN2012726	u0068
train	UN2012726	u0069
train	UN2012726	u006A
train	UN2012726	u006B
train	UN2012726	u006C
train	UN2012726	u006D
train	UN2012726	u006E
train	UN2012726	u006F
train	UN2012726	u0070
train	UN2012726	u0071
train	UN2012726	u0072
train	UN2012726	u0073
train	UN2012726	u0074
train	UN2012726	u0075
train	UN2012726	u0076
train	UN2012726	u0077
train	UN2012726	u0078
train	UN2012726	u0079
train	UN2012726	u007A
train	UN2012737	u0030
train	UN2012737	u0031
train	UN2012737	u0032
train	UN2012737	u0033
train	UN2012737	u0034
train	UN2012737	u0035
train	UN2012737	u0036
train	UN2012737	u0037
train	UN2012737	u0038
train	UN2012737	u0039
train	UN2012737	u0041
train	UN2012737	u0042
train	UN2012737	u0043
train	UN2012737	u0044
train	UN2012737	u0045
train	UN2012737	u0046
train	UN2012737	u0047
train	UN2012737	u0048
train	UN2012737	u0049
train	UN2012737	u004A
train	UN2012737	u004B
train	UN2012737	u004C
train	UN2012737	u004D
train	UN2012737	u004E
train	UN2012737	u004F
train	UN2012737	u0050
train	UN2012737	u0051
train	UN2012737	u0052
train	UN2012737	u0053
train	UN2012737	u0054
train	UN2012737	u0055
train	UN2012737	u0056
train	UN2012737	u0057
train	UN2012737	u0058
train	UN2012737	u0059
train	UN2012737	u005A
train	UN2012737	u0061
train	UN2012737	u0062
train	UN2012737	u0063
train	UN2012737	u0064
train	UN2012737	u0065
train	UN2012737	u0066
train	UN2012737	u0067
train	UN2012737	u0068
train	UN2012737	u0069
train	UN2012737	u006A
train	UN2012737	u006B
train	UN2012737	u006C
train	UN2012737	u006D
train	UN2012737	u006E
train	UN2012737	u006F
train	UN2012737	u0070
train	UN2012737	u0071
train	UN2012737	u0072
train	UN2012737	u0073
train	UN2012737	u0074
train	UN2012737	u0075
train	UN2012737	u0076
train	UN2012737	u0077
train	UN2012737	u0078
train	UN2012737	u0079
train	UN2012737	u007A
train	UN2012737	u00E0
train	UN2012737	u00E1
train	UN2012737	u00E8
train	UN2012737	u00E9
train	UN2012737	u00EA
train	UN2012737	u00ED
train	UN2012737	u00F2
train	UN2012737	u00F3
train	UN2012737	u00F9
train	UN2012737	u00FA
train	UN2012737	u00FC
train	UN2012737	u0101
train	UN2012737	u0113
train	UN2012737	u011B
train	UN2012737	u012B
train	UN2012737	u0144
train	UN2012737	u0148
train	UN2012737	u014D
train	UN2012737	u016B
train	UN2012737	u01CE
train	UN2012737	u01D0
train	UN2012737	u01D2
train	UN2012737	u01D4
train	UN2012737	u01D6
train	UN2012737	u01D8
train	UN2012737	u01DA
train	UN2012737	u01DC
train	UN2012756	u0030
train	UN2012756	u0031
train	UN2012756	u0032
train	UN2012756	u0033
train	UN2012756	u0034
train	UN2012756	u0035
train	UN2012756	u0036
train	UN2012756	u0037
train	UN2012756	u0038
train	UN2012756	u0039
train	UN2012756	u0041
train	UN2012756	u0042
train	UN2012756	u0043
train	UN2012756	u0044
train	UN2012756	u0045
train	UN2012756	u0046
train	UN2012756	u0047
train	UN2012756	u0048
train	UN2012756	u0049
train	UN2012756	u004A
train	UN2012756	u004B
train	UN2012756	u004C
train	UN2012756	u004D
train	UN2012756	u004E
train	UN2012756	u004F
train	UN2012756	u0050
train	UN2012756	u0051
train	UN2012756	u0052
train	UN2012756	u0053
train	UN2012756	u0054
train	UN2012756	u0055
train	UN2012756	u0056
train	UN2012756	u0057
train	UN2012756	u0058
train	UN2012756	u0059
train	UN2012756	u005A
train	UN2012756	u0061
train	UN2012756	u0062
train	UN2012756	u0063
train	UN2012756	u0064
train	UN2012756	u0065
train	UN2012756	u0066
train	UN2012756	u0067
train	UN2012756	u0068
train	UN2012756	u0069
train	UN2012756	u006A
train	UN2012756	u006B
train	UN2012756	u006C
train	UN2012756	u006D
train	UN2012756	u006E
train	UN2012756	u006F
train	UN2012756	u0070
train	UN2012756	u0071
train	UN2012756	u0072
train	UN2012756	u0073
train	UN2012756	u0074
train	UN2012756	u0075
train	UN2012756	u0076
train	UN2012756	u0077
train	UN2012756	u0078
train	UN2012756	u0079
train	UN2012756	u007A
train	UN2012765	u0030
train	UN2012765	u0031
train	UN2012765	u0032
train	UN2012765	u0033
train	UN2012765	u0034
train	UN2012765	u0035
train	UN2012765	u0036
train	UN2012765	u0037
train	UN2012765	u0038
train	UN2012765	u0039
train	UN2012765	u0041
train	UN2012765	u0042
train	UN2012765	u0043
train	UN2012765	u0044
train	UN2012765	u0045
train	UN2012765	u0046
train	UN2012765	u0047
train	UN2012765	u0048
train	UN2012765	u0049
train	UN2012765	u004A
train	UN2012765	u004B
train	UN2012765	u004C
train	UN2012765	u004D
train	UN2012765	u004E
train	UN2012765	u004F
train	UN2012765	u0050
train	UN2012765	u0051
train	UN2012765	u0052
train	UN2012765	u0053
train	UN2012765	u0054
train	UN2012765	u0055
train	UN2012765	u0056
train	UN2012765	u0057
train	UN2012765	u0058
train	UN2012765	u0059
train	UN2012765	u005A
train	UN2012765	u0061
train	UN2012765	u0062
train	UN2012765	u0063
train	UN2012765	u0064
train	UN2012765	u0065
train	UN2012765	u0066
train	UN2012765	u0067
train	UN2012765	u0068
train	UN2012765	u0069
train	UN2012765	u006A
train	UN2012765	u006B
train	UN2012765	u006C
train	UN2012765	u006D
train	UN2012765	u006E
train	UN2012765	u006F
train	UN2012765	u0070
train	UN2012765	u0071
train	UN2012765	u0072
train	UN2012765	u0073
train	UN2012765	u0074
train	UN2012765	u0075
train	UN2012765	u0076
train	UN2012765	u0077
train	UN2012765	u0078
train	UN2012765	u0079
train	UN2012765	u007A
train	UN2012768	u0030
train	UN2012768	u0031
train	UN2012768	u0032
train	UN2012768	u0033
train	UN2012768	u0034
train	UN2012768	u0035
train	UN2012768	u0036
train	UN2012768	u0037
train	UN2012768	u0038
train	UN2012768	u0039
train	UN2012768	u0041
train	UN2012768	u0042
train	UN2012768	u0043
train	UN2012768	u0044
train	UN2012768	u0045
train	UN2012768	u0046
train	UN2012768	u0047
train	UN2012768	u0048
train	UN2012768	u0049
train	UN2012768	u004A
train	UN2012768	u004B
train	UN2012768	u004C
train	UN2012768	u004D
train	UN2012768	u004E
train	UN2012768	u004F
train	UN2012768	u0050
train	UN2012768	u0051
train	UN2012768	u0052
train	UN2012768	u0053
train	UN2012768	u0054
train	UN2012768	u0055
train	UN2012768	u0056
train	UN2012768	u0057
train	UN2012768	u0058
train	UN2012768	u0059
train	UN2012768	u005A
train	UN2012768	u0061
train	UN2012768	u0062
train	UN2012768	u0063
train	UN2012768	u0064
train	UN2012768	u0065
train	UN2012768	u0066
train	UN2012768	u0067
train	UN2012768	u0068
train	UN2012768	u0069
train	UN2012768	u006A
train	UN2012768	u006B
train	UN2012768	u006C
train	UN2012768	u006D
train	UN2012768	u006E
train	UN2012768	u006F
train	UN2012768	u0070
train	UN2012768	u0071
train	UN2012768	u0072
train	UN2012768	u0073
train	UN2012768	u0074
train	UN2012768	u0075
train	UN2012768	u0076
train	UN2012768	u0077
train	UN2012768	u0078
train	UN2012768	u0079
train	UN2012768	u007A
train	UN2012782	u0030
train	UN2012782	u0031
train	UN2012782	u0032
train	UN2012782	u0033
train	UN2012782	u0034
train	UN2012782	u0035
train	UN2012782	u0036
train	UN2012782	u0037
train	UN2012782	u0038
train	UN2012782	u0039
train	UN2012782	u0041
train	UN2012782	u0042
train	UN2012782	u0043
train	UN2012782	u0044
train	UN2012782	u0045
train	UN2012782	u0046
train	UN2012782	u0047
train	UN2012782	u0048
train	UN2012782	u0049
train	UN2012782	u004A
train	UN2012782	u004B
train	UN2012782	u004C
train	UN2012782	u004D
train	UN2012782	u004E
train	UN2012782	u004F
train	UN2012782	u0050
train	UN2012782	u0051
train	UN2012782	u0052
train	UN2012782	u0053
train	UN2012782	u0054
train	UN2012782	u0055
train	UN2012782	u0056
train	UN2012782	u0057
train	UN2012782	u0058
train	UN2012782	u0059
train	UN2012782	u005A
train	UN2012782	u0061
train	UN2012782	u0062
train	UN2012782	u0063
train	UN2012782	u0064
train	UN2012782	u0065
train	UN2012782	u0066
train	UN2012782	u0067
train	UN2012782	u0068
train	UN2012782	u0069
train	UN2012782	u006A
train	UN2012782	u006B
train	UN2012782	u006C
train	UN2012782	u006D
train	UN2012782	u006E
train	UN2012782	u006F
train	UN2012782	u0070
train	UN2012782	u0071
train	UN2012782	u0072
train	UN2012782	u0073
train	UN2012782	u0074
train	UN2012782	u0075
train	UN2012782	u0076
train	UN2012782	u0077
train	UN2012782	u0078
train	UN2012782	u0079
train	UN2012782	u007A
train	UN2012802	u0030
train	UN2012802	u0031
train	UN2012802	u0032
train	UN2012802	u0033
train	UN2012802	u0034
train	UN2012802	u0035
train	UN2012802	u0036
train	UN2012802	u0037
train	UN2012802	u0038
train	UN2012802	u0039
train	UN2012802	u0041
train	UN2012802	u0042
train	UN2012802	u0043
train	UN2012802	u0044
train	UN2012802	u0045
train	UN2012802	u0046
train	UN2012802	u0047
train	UN2012802	u0048
train	UN2012802	u0049
train	UN2012802	u004A
train	UN2012802	u004B
train	UN2012802	u004C
train	UN2012802	u004D
train	UN2012802	u004E
train	UN2012802	u004F
train	UN2012802	u0050
train	UN2012802	u0051
train	UN2012802	u0052
train	UN2012802	u0053
train	UN2012802	u0054
train	UN2012802	u0055
train	UN2012802	u0056
train	UN2012802	u0057
train	UN2012802	u0058
train	UN2012802	u0059
train	UN2012802	u005A
train	UN2012802	u0061
train	UN2012802	u0062
train	UN2012802	u0063
train	UN2012802	u0064
train	UN2012802	u0065
train	UN2012802	u0066
train	UN2012802	u0067
train	UN2012802	u0068
train	UN2012802	u0069
train	UN2012802	u006A
train	UN2012802	u006B
train	UN2012802	u006C
train	UN2012802	u006D
train	UN2012802	u006E
train	UN2012802	u006F
train	UN2012802	u0070
train	UN2012802	u0071
train	UN2012802	u0072
train	UN2012802	u0073
train	UN2012802	u0074
train	UN2012802	u0075
train	UN2012802	u0076
train	UN2012802	u0077
train	UN2012802	u0078
train	UN2012802	u0079
train	UN2012802	u007A
train	UN2012802	u00E0
train	UN2012802	u00E1
train	UN2012802	u00E8
train	UN2012802	u00E9
train	UN2012802	u00EA
train	UN2012802	u00ED
train	UN2012802	u00F2
train	UN2012802	u00F3
train	UN2012802	u00F9
train	UN2012802	u00FA
train	UN2012802	u00FC
train	UN2012802	u0101
train	UN2012802	u0113
train	UN2012802	u011B
train	UN2012802	u012B
train	UN2012802	u0144
train	UN2012802	u0148
train	UN2012802	u014D
train	UN2012802	u016B
train	UN2012802	u01CE
train	UN2012802	u01D0
train	UN2012802	u01D2
train	UN2012802	u01D4
train	UN2012802	u01D6
train	UN2012802	u01D8
train	UN2012802	u01DA
train	UN2012802	u01DC
train	UN2012802	u3041
train	UN2012802	u3042
train	UN2012802	u3043
train	UN2012802	u3044
train	UN2012802	u3045
train	UN2012802	u3046
train	UN2012802	u3047
train	UN2012802	u3048
train	UN2012802	u3049
train	UN2012802	u304A
train	UN2012802	u304B
train	UN2012802	u304C
train	UN2012802	u304D
train	UN2012802	u304E
train	UN2012802	u304F
train	UN2012802	u3050
train	UN2012802	u3051
train	UN2012802	u3052
train	UN2012802	u3053
train	UN2012802	u3054
train	UN2012802	u3055
train	UN2012802	u3056
train	UN2012802	u3057
train	UN2012802	u3058
train	UN2012802	u3059
train	UN2012802	u305A
train	UN2012802	u305B
train	UN2012802	u305C
train	UN2012802	u305D
train	UN2012802	u305E
train	UN2012802	u305F
train	UN2012802	u3060
train	UN2012802	u3061
train	UN2012802	u3062
train	UN2012802	u3063
train	UN2012802	u3064
train	UN2012802	u3065
train	UN2012802	u3066
train	UN2012802	u3067
train	UN2012802	u3068
train	UN2012802	u3069
train	UN2012802	u306A
train	UN2012802	u306B
train	UN2012802	u306C
train	UN2012802	u306D
train	UN2012802	u306E
train	UN2012802	u306F
train	UN2012802	u3070
train	UN2012802	u3071
train	UN2012802	u3072
train	UN2012802	u3073
train	UN2012802	u3074
train	UN2012802	u3075
train	UN2012802	u3076
train	UN2012802	u3077
train	UN2012802	u3078
train	UN2012802	u3079
train	UN2012802	u307A
train	UN2012802	u307B
train	UN2012802	u307C
train	UN2012802	u307D
train	UN2012802	u307E
train	UN2012802	u307F
train	UN2012802	u3080
train	UN2012802	u3081
train	UN2012802	u3082
train	UN2012802	u3083
train	UN2012802	u3084
train	UN2012802	u3085
train	UN2012802	u3086
train	UN2012802	u3087
train	UN2012802	u3088
train	UN2012802	u3089
train	UN2012802	u308A
train	UN2012802	u308B
train	UN2012802	u308C
train	UN2012802	u308D
train	UN2012802	u308E
train	UN2012802	u308F
train	UN2012802	u3090
train	UN2012802	u3091
train	UN2012802	u3092
train	UN2012802	u3093
train	UN2012802	u30A1
train	UN2012802	u30A2
train	UN2012802	u30A3
train	UN2012802	u30A4
train	UN2012802	u30A5
train	UN2012802	u30A6
train	UN2012802	u30A7
train	UN2012802	u30A8
train	UN2012802	u30A9
train	UN2012802	u30AA
train	UN2012802	u30AB
train	UN2012802	u30AC
train	UN2012802	u30AD
train	UN2012802	u30AE
train	UN2012802	u30AF
train	UN2012802	u30B0
train	UN2012802	u30B1
train	UN2012802	u30B2
train	UN2012802	u30B3
train	UN2012802	u30B4
train	UN2012802	u30B5
train	UN2012802	u30B6
train	UN2012802	u30B7
train	UN2012802	u30B8
train	UN2012802	u30B9
train	UN2012802	u30BA
train	UN2012802	u30BB
train	UN2012802	u30BC
train	UN2012802	u30BD
train	UN2012802	u30BE
train	UN2012802	u30BF
train	UN2012802	u30C0
train	UN2012802	u30C1
train	UN2012802	u30C2
train	UN2012802	u30C3
train	UN2012802	u30C4
train	UN2012802	u30C5
train	UN2012802	u30C6
train	UN2012802	u30C7
train	UN2012802	u30C8
train	UN2012802	u30C9
train	UN2012802	u30CA
train	UN2012802	u30CB
train	UN2012802	u30CC
train	UN2012802	u30CD
train	UN2012802	u30CE
train	UN2012802	u30CF
train	UN2012802	u30D0
train	UN2012802	u30D1
train	UN2012802	u30D2
train	UN2012802	u30D3
train	UN2012802	u30D4
train	UN2012802	u30D5
train	UN2012802	u30D6
train	UN2012802	u30D7
train	UN2012802	u30D8
train	UN2012802	u30D9
train	UN2012802	u30DA
train	UN2012802	u30DB
train	UN2012802	u30DC
train	UN2012802	u30DD
train	UN2012802	u30DE
train	UN2012802	u30DF
train	UN2012802	u30E0
train	UN2012802	u30E1
train	UN2012802	u30E2
train	UN2012802	u30E3
train	UN2012802	u30E4
train	UN2012802	u30E5
train	UN2012802	u30E6
train	UN2012802	u30E7
train	UN2012802	u30E8
train	UN2012802	u30E9
train	UN2012802	u30EA
train	UN2012802	u30EB
train	UN2012802	u30EC
train	UN2012802	u30ED
train	UN2012802	u30EE
train	UN2012802	u30EF
train	UN2012802	u30F0
train	UN2012802	u30F1
train	UN2012802	u30F2
train	UN2012802	u30F3
train	UN2012802	u30F4
train	UN2012802	u30F5
train	UN2012802	u30F6
train	UN2012802	u3105
train	UN2012802	u3106
train	UN2012802	u3107
train	UN2012802	u3108
train	UN2012802	u3109
train	UN2012802	u310A
train	UN2012802	u310B
train	UN2012802	u310C
train	UN2012802	u310D
train	UN2012802	u310E
train	UN2012802	u310F
train	UN2012802	u3110
train	UN2012802	u3111
train	UN2012802	u3112
train	UN2012802	u3113
train	UN2012802	u3114
train	UN2012802	u3115
train	UN2012802	u3116
train	UN2012802	u3117
train	UN2012802	u3118
train	UN2012802	u3119
train	UN2012802	u311A
train	UN2012802	u311B
train	UN2012802	u311C
train	UN2012802	u311D
train	UN2012802	u311E
train	UN2012802	u311F
train	UN2012802	u3120
train	UN2012802	u3121
train	UN2012802	u3122
train	UN2012802	u3123
train	UN2012802	u3124
train	UN2012802	u3125
train	UN2012802	u3126
train	UN2012802	u3127
train	UN2012802	u3128
train	UN2012802	u3129
train	UN2012809	u0030
train	UN2012809	u0031
train	UN2012809	u0032
train	UN2012809	u0033
train	UN2012809	u0034
train	UN2012809	u0035
train	UN2012809	u0036
train	UN2012809	u0037
train	UN2012809	u0038
train	UN2012809	u0039
train	UN2012809	u0041
train	UN2012809	u0042
train	UN2012809	u0043
train	UN2012809	u0044
train	UN2012809	u0045
train	UN2012809	u0046
train	UN2012809	u0047
train	UN2012809	u0048
train	UN2012809	u0049
train	UN2012809	u004A
train	UN2012809	u004B
train	UN2012809	u004C
train	UN2012809	u004D
train	UN2012809	u004E
train	UN2012809	u004F
train	UN2012809	u0050
train	UN2012809	u0051
train	UN2012809	u0052
train	UN2012809	u0053
train	UN2012809	u0054
train	UN2012809	u0055
train	UN2012809	u0056
train	UN2012809	u0057
train	UN2012809	u0058
train	UN2012809	u0059
train	UN2012809	u005A
train	UN2012809	u0061
train	UN2012809	u0062
train	UN2012809	u0063
train	UN2012809	u0064
train	UN2012809	u0065
train	UN2012809	u0066
train	UN2012809	u0067
train	UN2012809	u0068
train	UN2012809	u0069
train	UN2012809	u006A
train	UN2012809	u006B
train	UN2012809	u006C
train	UN2012809	u006D
train	UN2012809	u006E
train	UN2012809	u006F
train	UN2012809	u0070
train	UN2012809	u0071
train	UN2012809	u0072
train	UN2012809	u0073
train	UN2012809	u0074
train	UN2012809	u0075
train	UN2012809	u0076
train	UN2012809	u0077
train	UN2012809	u0078
train	UN2012809	u0079
train	UN2012809	u007A
train	UN2012809	u00E0
train	UN2012809	u00E1
train	UN2012809	u00E8
train	UN2012809	u00E9
train	UN2012809	u00EA
train	UN2012809	u00ED
train	UN2012809	u00F2
train	UN2012809	u00F3
train	UN2012809	u00F9
train	UN2012809	u00FA
train	UN2012809	u00FC
train	UN2012809	u0101
train	UN2012809	u0113
train	UN2012809	u011B
train	UN2012809	u012B
train	UN2012809	u0144
train	UN2012809	u0148
train	UN2012809	u014D
train	UN2012809	u016B
train	UN2012811	u0030
train	UN2012811	u0031
train	UN2012811	u0032
train	UN2012811	u0033
train	UN2012811	u0034
train	UN2012811	u0035
train	UN2012811	u0036
train	UN2012811	u0037
train	UN2012811	u0038
train	UN2012811	u0039
train	UN2012811	u0041
train	UN2012811	u0042
train	UN2012811	u0043
train	UN2012811	u0044
train	UN2012811	u0045
train	UN2012811	u0046
train	UN2012811	u0047
train	UN2012811	u0048
train	UN2012811	u0049
train	UN2012811	u004A
train	UN2012811	u004B
train	UN2012811	u004C
train	UN2012811	u004D
train	UN2012811	u004E
train	UN2012811	u004F
train	UN2012811	u0050
train	UN2012811	u0051
train	UN2012811	u0052
train	UN2012811	u0053
train	UN2012811	u0054
train	UN2012811	u0055
train	UN2012811	u0056
train	UN2012811	u0057
train	UN2012811	u0058
train	UN2012811	u0059
train	UN2012811	u005A
train	UN2012811	u0061
train	UN2012811	u0062
train	UN2012811	u0063
train	UN2012811	u0064
train	UN2012811	u0065
train	UN2012811	u0066
train	UN2012811	u0067
train	UN2012811	u0068
train	UN2012811	u0069
train	UN2012811	u006A
train	UN2012811	u006B
train	UN2012811	u006C
train	UN2012811	u006D
train	UN2012811	u006E
train	UN2012811	u006F
train	UN2012811	u0070
train	UN2012811	u0071
train	UN2012811	u0072
train	UN2012811	u0073
train	UN2012811	u0074
train	UN2012811	u0075
train	UN2012811	u0076
train	UN2012811	u0077
train	UN2012811	u0078
train	UN2012811	u0079
train	UN2012811	u007A
train	UN2012811	u00E0
train	UN2012811	u00E1
train	UN2012811	u00E8
train	UN2012811	u00E9
train	UN2012811	u00EA
train	UN2012811	u00ED
train	UN2012811	u00F2
train	UN2012811	u00F3
train	UN2012811	u00F9
train	UN2012811	u00FA
train	UN2012811	u00FC
train	UN2012811	u0101
train	UN2012811	u0113
train	UN2012811	u011B
train	UN2012811	u012B
train	UN2012811	u0144
train	UN2012811	u0148
train	UN2012811	u014D
train	UN2012811	u016B
train	UN2012811	u01CE
train	UN2012811	u01D0
train	UN2012811	u01D2
train	UN2012811	u01D4
train	UN2012811	u01D6
train	UN2012811	u01D8
train	UN2012811	u01DA
train	UN2012811	u01DC
train	UN2012811	u3041
train	UN2012811	u3042
train	UN2012811	u3043
train	UN2012811	u3044
train	UN2012811	u3045
train	UN2012811	u3046
train	UN2012811	u3047
train	UN2012811	u3048
train	UN2012811	u3049
train	UN2012811	u304A
train	UN2012811	u304B
train	UN2012811	u304C
train	UN2012811	u304D
train	UN2012811	u304E
train	UN2012811	u304F
train	UN2012811	u3050
train	UN2012811	u3051
train	UN2012811	u3052
train	UN2012811	u3053
train	UN2012811	u3054
train	UN2012811	u3055
train	UN2012811	u3056
train	UN2012811	u3057
train	UN2012811	u3058
train	UN2012811	u3059
train	UN2012811	u305A
train	UN2012811	u305B
train	UN2012811	u305C
train	UN2012811	u305D
train	UN2012811	u305E
train	UN2012811	u305F
train	UN2012811	u3060
train	UN2012811	u3061
train	UN2012811	u3062
train	UN2012811	u3063
train	UN2012811	u3064
train	UN2012811	u3065
train	UN2012811	u3066
train	UN2012811	u3067
train	UN2012811	u3068
train	UN2012811	u3069
train	UN2012811	u306A
train	UN2012811	u306B
train	UN2012811	u306C
train	UN2012811	u306D
train	UN2012811	u306E
train	UN2012811	u306F
train	UN2012811	u3070
train	UN2012811	u3071
train	UN2012811	u3072
train	UN2012811	u3073
train	UN2012811	u3074
train	UN2012811	u3075
train	UN2012811	u3076
train	UN2012811	u3077
train	UN2012811	u3078
train	UN2012811	u3079
train	UN2012811	u307A
train	UN2012811	u307B
train	UN2012811	u307C
train	UN2012811	u307D
train	UN2012811	u307E
train	UN2012811	u307F
train	UN2012811	u3080
train	UN2012811	u3081
train	UN2012811	u3082
train	UN2012811	u3083
train	UN2012811	u3084
train	UN2012811	u3085
train	UN2012811	u3086
train	UN2012811	u3087
train	UN2012811	u3088
train	UN2012811	u3089
train	UN2012811	u308A
train	UN2012811	u308B
train	UN2012811	u308C
train	UN2012811	u308D
train	UN2012811	u308E
train	UN2012811	u308F
train	UN2012811	u3090
train	UN2012811	u3091
train	UN2012811	u3092
train	UN2012811	u3093
train	UN2012811	u30A1
train	UN2012811	u30A2
train	UN2012811	u30A3
train	UN2012811	u30A4
train	UN2012811	u30A5
train	UN2012811	u30A6
train	UN2012811	u30A7
train	UN2012811	u30A8
train	UN2012811	u30A9
train	UN2012811	u30AA
train	UN2012811	u30AB
train	UN2012811	u30AC
train	UN2012811	u30AD
train	UN2012811	u30AE
train	UN2012811	u30AF
train	UN2012811	u30B0
train	UN2012811	u30B1
train	UN2012811	u30B2
train	UN2012811	u30B3
train	UN2012811	u30B4
train	UN2012811	u30B5
train	UN2012811	u30B6
train	UN2012811	u30B7
train	UN2012811	u30B8
train	UN2012811	u30B9
train	UN2012811	u30BA
train	UN2012811	u30BB
train	UN2012811	u30BC
train	UN2012811	u30BD
train	UN2012811	u30BE
train	UN2012811	u30BF
train	UN2012811	u30C0
train	UN2012811	u30C1
train	UN2012811	u30C2
train	UN2012811	u30C3
train	UN2012811	u30C4
train	UN2012811	u30C5
train	UN2012811	u30C6
train	UN2012811	u30C7
train	UN2012811	u30C8
train	UN2012811	u30C9
train	UN2012811	u30CA
train	UN2012811	u30CB
train	UN2012811	u30CC
train	UN2012811	u30CD
train	UN2012811	u30CE
train	UN2012811	u30CF
train	UN2012811	u30D0
train	UN2012811	u30D1
train	UN2012811	u30D2
train	UN2012811	u30D3
train	UN2012811	u30D4
train	UN2012811	u30D5
train	UN2012811	u30D6
train	UN2012811	u30D7
train	UN2012811	u30D8
train	UN2012811	u30D9
train	UN2012811	u30DA
train	UN2012811	u30DB
train	UN2012811	u30DC
train	UN2012811	u30DD
train	UN2012811	u30DE
train	UN2012811	u30DF
train	UN2012811	u30E0
train	UN2012811	u30E1
train	UN2012811	u30E2
train	UN2012811	u30E3
train	UN2012811	u30E4
train	UN2012811	u30E5
train	UN2012811	u30E6
train	UN2012811	u30E7
train	UN2012811	u30E8
train	UN2012811	u30E9
train	UN2012811	u30EA
train	UN2012811	u30EB
train	UN2012811	u30EC
train	UN2012811	u30ED
train	UN2012811	u30EE
train	UN2012811	u30EF
train	UN2012811	u30F0
train	UN2012811	u30F1
train	UN2012811	u30F2
train	UN2012811	u30F3
train	UN2012811	u30F4
train	UN2012811	u30F5
train	UN2012811	u30F6
train	UN2012811	u3105
train	UN2012811	u3106
train	UN2012811	u3107
train	UN2012811	u3108
train	UN2012811	u3109
train	UN2012811	u310A
train	UN2012811	u310B
train	UN2012811	u310C
train	UN2012811	u310D
train	UN2012811	u310E
train	UN2012811	u310F
train	UN2012811	u3110
train	UN2012811	u3111
train	UN2012811	u3112
train	UN2012811	u3113
train	UN2012811	u3114
train	UN2012811	u3115
train	UN2012811	u3116
train	UN2012811	u3117
train	UN2012811	u3118
train	UN2012811	u3119
train	UN2012811	u311A
train	UN2012811	u311B
train	UN2012811	u311C
train	UN2012811	u311D
train	UN2012811	u311E
train	UN2012811	u311F
train	UN2012811	u3120
train	UN2012811	u3121
train	UN2012811	u3122
train	UN2012811	u3123
train	UN2012811	u3124
train	UN2012811	u3125
train	UN2012811	u3126
train	UN2012811	u3127
train	UN2012811	u3128
train	UN2012811	u3129
train	UN2012815	u0030
train	UN2012815	u0031
train	UN2012815	u0032
train	UN2012815	u0033
train	UN2012815	u0034
train	UN2012815	u0035
train	UN2012815	u0036
train	UN2012815	u0037
train	UN2012815	u0038
train	UN2012815	u0039
train	UN2012815	u0041
train	UN2012815	u0042
train	UN2012815	u0043
train	UN2012815	u0044
train	UN2012815	u0045
train	UN2012815	u0046
train	UN2012815	u0047
train	UN2012815	u0048
train	UN2012815	u0049
train	UN2012815	u004A
train	UN2012815	u004B
train	UN2012815	u004C
train	UN2012815	u004D
train	UN2012815	u004E
train	UN2012815	u004F
train	UN2012815	u0050
train	UN2012815	u0051
train	UN2012815	u0052
train	UN2012815	u0053
train	UN2012815	u0054
train	UN2012815	u0055
train	UN2012815	u0056
train	UN2012815	u0057
train	UN2012815	u0058
train	UN2012815	u0059
train	UN2012815	u005A
train	UN2012815	u0061
train	UN2012815	u0062
train	UN2012815	u0063
train	UN2012815	u0064
train	UN2012815	u0065
train	UN2012815	u0066
train	UN2012815	u0067
train	UN2012815	u0068
train	UN2012815	u0069
train	UN2012815	u006A
train	UN2012815	u006B
train	UN2012815	u006C
train	UN2012815	u006D
train	UN2012815	u006E
train	UN2012815	u006F
train	UN2012815	u0070
train	UN2012815	u0071
train	UN2012815	u0072
train	UN2012815	u0073
train	UN2012815	u0074
train	UN2012815	u0075
train	UN2012815	u0076
train	UN2012815	u0077
train	UN2012815	u0078
train	UN2012815	u0079
train	UN2012815	u007A
train	UN2012826	u0030
train	UN2012826	u0031
train	UN2012826	u0032
train	UN2012826	u0033
train	UN2012826	u0034
train	UN2012826	u0035
train	UN2012826	u0036
train	UN2012826	u0037
train	UN2012826	u0038
train	UN2012826	u0039
train	UN2012826	u0041
train	UN2012826	u0042
train	UN2012826	u0043
train	UN2012826	u0044
train	UN2012826	u0045
train	UN2012826	u0046
train	UN2012826	u0047
train	UN2012826	u0048
train	UN2012826	u0049
train	UN2012826	u004A
train	UN2012826	u004B
train	UN2012826	u004C
train	UN2012826	u004D
train	UN2012826	u004E
train	UN2012826	u004F
train	UN2012826	u0050
train	UN2012826	u0051
train	UN2012826	u0052
train	UN2012826	u0053
train	UN2012826	u0054
train	UN2012826	u0055
train	UN2012826	u0056
train	UN2012826	u0057
train	UN2012826	u0058
train	UN2012826	u0059
train	UN2012826	u005A
train	UN2012826	u0061
train	UN2012826	u0062
train	UN2012826	u0063
train	UN2012826	u0064
train	UN2012826	u0065
train	UN2012826	u0066
train	UN2012826	u0067
train	UN2012826	u0068
train	UN2012826	u0069
train	UN2012826	u006A
train	UN2012826	u006B
train	UN2012826	u006C
train	UN2012826	u006D
train	UN2012826	u006E
train	UN2012826	u006F
train	UN2012826	u0070
train	UN2012826	u0071
train	UN2012826	u0072
train	UN2012826	u0073
train	UN2012826	u0074
train	UN2012826	u0075
train	UN2012826	u0076
train	UN2012826	u0077
train	UN2012826	u0078
train	UN2012826	u0079
train	UN2012826	u007A
train	UN2012827	u0030
train	UN2012827	u0031
train	UN2012827	u0032
train	UN2012827	u0033
train	UN2012827	u0034
train	UN2012827	u0035
train	UN2012827	u0036
train	UN2012827	u0037
train	UN2012827	u0038
train	UN2012827	u0039
train	UN2012827	u0041
train	UN2012827	u0042
train	UN2012827	u0043
train	UN2012827	u0044
train	UN2012827	u0045
train	UN2012827	u0046
train	UN2012827	u0047
train	UN2012827	u0048
train	UN2012827	u0049
train	UN2012827	u004A
train	UN2012827	u004B
train	UN2012827	u004C
train	UN2012827	u004D
train	UN2012827	u004E
train	UN2012827	u004F
train	UN2012827	u0050
train	UN2012827	u0051
train	UN2012827	u0052
train	UN2012827	u0053
train	UN2012827	u0054
train	UN2012827	u0055
train	UN2012827	u0056
train	UN2012827	u0057
train	UN2012827	u0058
train	UN2012827	u0059
train	UN2012827	u005A
train	UN2012827	u0061
train	UN2012827	u0062
train	UN2012827	u0063
train	UN2012827	u0064
train	UN2012827	u0065
train	UN2012827	u0066
train	UN2012827	u0067
train	UN2012827	u0068
train	UN2012827	u0069
train	UN2012827	u006A
train	UN2012827	u006B
train	UN2012827	u006C
train	UN2012827	u006D
train	UN2012827	u006E
train	UN2012827	u006F
train	UN2012827	u0070
train	UN2012827	u0071
train	UN2012827	u0072
train	UN2012827	u0073
train	UN2012827	u0074
train	UN2012827	u0075
train	UN2012827	u0076
train	UN2012827	u0077
train	UN2012827	u0078
train	UN2012827	u0079
train	UN2012827	u007A
train	UN2012832	u0030
train	UN2012832	u0031
train	UN2012832	u0032
train	UN2012832	u0033
train	UN2012832	u0034
train	UN2012832	u0035
train	UN2012832	u0036
train	UN2012832	u0037
train	UN2012832	u0038
train	UN2012832	u0039
train	UN2012832	u0041
train	UN2012832	u0042
train	UN2012832	u0043
train	UN2012832	u0044
train	UN2012832	u0045
train	UN2012832	u0046
train	UN2012832	u0047
train	UN2012832	u0048
train	UN2012832	u0049
train	UN2012832	u004A
train	UN2012832	u004B
train	UN2012832	u004C
train	UN2012832	u004D
train	UN2012832	u004E
train	UN2012832	u004F
train	UN2012832	u0050
train	UN2012832	u0051
train	UN2012832	u0052
train	UN2012832	u0053
train	UN2012832	u0054
train	UN2012832	u0055
train	UN2012832	u0056
train	UN2012832	u0057
train	UN2012832	u0058
train	UN2012832	u0059
train	UN2012832	u005A
train	UN2012832	u0061
train	UN2012832	u0062
train	UN2012832	u0063
train	UN2012832	u0064
train	UN2012832	u0065
train	UN2012832	u0066
train	UN2012832	u0067
train	UN2012832	u0068
train	UN2012832	u0069
train	UN2012832	u006A
train	UN2012832	u006B
train	UN2012832	u006C
train	UN2012832	u006D
train	UN2012832	u006E
train	UN2012832	u006F
train	UN2012832	u0070
train	UN2012832	u0071
train	UN2012832	u0072
train	UN2012832	u0073
train	UN2012832	u0074
train	UN2012832	u0075
train	UN2012832	u0076
train	UN2012832	u0077
train	UN2012832	u0078
train	UN2012832	u0079
train	UN2012832	u007A
train	UN2012837	u0030
train	UN2012837	u0031
train	UN2012837	u0032
train	UN2012837	u0033
train	UN2012837	u0034
train	UN2012837	u0035
train	UN2012837	u0036
train	UN2012837	u0037
train	UN2012837	u0038
train	UN2012837	u0039
train	UN2012837	u0041
train	UN2012837	u0042
train	UN2012837	u0043
train	UN2012837	u0044
train	UN2012837	u0045
train	UN2012837	u0046
train	UN2012837	u0047
train	UN2012837	u0048
train	UN2012837	u0049
train	UN2012837	u004A
train	UN2012837	u004B
train	UN2012837	u004C
train	UN2012837	u004D
train	UN2012837	u004E
train	UN2012837	u004F
train	UN2012837	u0050
train	UN2012837	u0051
train	UN2012837	u0052
train	UN2012837	u0053
train	UN2012837	u0054
train	UN2012837	u0055
train	UN2012837	u0056
train	UN2012837	u0057
train	UN2012837	u0058
train	UN2012837	u0059
train	UN2012837	u005A
train	UN2012837	u0061
train	UN2012837	u0062
train	UN2012837	u0063
train	UN2012837	u0064
train	UN2012837	u0065
train	UN2012837	u0066
train	UN2012837	u0067
train	UN2012837	u0068
train	UN2012837	u0069
train	UN2012837	u006A
train	UN2012837	u006B
train	UN2012837	u006C
train	UN2012837	u006D
train	UN2012837	u006E
train	UN2012837	u006F
train	UN2012837	u0070
train	UN2012837	u0071
train	UN2012837	u0072
train	UN2012837	u0073
train	UN2012837	u0074
train	UN2012837	u0075
train	UN2012837	u0076
train	UN2012837	u0077
train	UN2012837	u0078
train	UN2012837	u0079
train	UN2012837	u007A
train	UN2012838	u0030
train	UN2012838	u0031
train	UN2012838	u0032
train	UN2012838	u0033
train	UN2012838	u0034
train	UN2012838	u0035
train	UN2012838	u0036
train	UN2012838	u0037
train	UN2012838	u0038
train	UN2012838	u0039
train	UN2012838	u0041
train	UN2012838	u0042
train	UN2012838	u0043
train	UN2012838	u0044
train	UN2012838	u0045
train	UN2012838	u0046
train	UN2012838	u0047
train	UN2012838	u0048
train	UN2012838	u0049
train	UN2012838	u004A
train	UN2012838	u004B
train	UN2012838	u004C
train	UN2012838	u004D
train	UN2012838	u004E
train	UN2012838	u004F
train	UN2012838	u0050
train	UN2012838	u0051
train	UN2012838	u0052
train	UN2012838	u0053
train	UN2012838	u0054
train	UN2012838	u0055
train	UN2012838	u0056
train	UN2012838	u0057
train	UN2012838	u0058
train	UN2012838	u0059
train	UN2012838	u005A
train	UN2012838	u0061
train	UN2012838	u0062
train	UN2012838	u0063
train	UN2012838	u0064
train	UN2012838	u0065
train	UN2012838	u0066
train	UN2012838	u0067
train	UN2012838	u0068
train	UN2012838	u0069
train	UN2012838	u006A
train	UN2012838	u006B
train	UN2012838	u006C
train	UN2012838	u006D
train	UN2012838	u006E
train	UN2012838	u006F
train	UN2012838	u0070
train	UN2012838	u0071
train	UN2012838	u0072
train	UN2012838	u0073
train	UN2012838	u0074
train	UN2012838	u0075
train	UN2012838	u0076
train	UN2012838	u0077
train	UN2012838	u0078
train	UN2012838	u0079
train	UN2012838	u007A
train	UN2012844	u0030
train	UN2012844	u0031
train	UN2012844	u0032
train	UN2012844	u0033
train	UN2012844	u0034
train	UN2012844	u0035
train	UN2012844	u0036
train	UN2012844	u0037
train	UN2012844	u0038
train	UN2012844	u0039
train	UN2012844	u0041
train	UN2012844	u0042
train	UN2012844	u0043
train	UN2012844	u0044
train	UN2012844	u0045
train	UN2012844	u0046
train	UN2012844	u0047
train	UN2012844	u0048
train	UN2012844	u0049
train	UN2012844	u004A
train	UN2012844	u004B
train	UN2012844	u004C
train	UN2012844	u004D
train	UN2012844	u004E
train	UN2012844	u004F
train	UN2012844	u0050
train	UN2012844	u0051
train	UN2012844	u0052
train	UN2012844	u0053
train	UN2012844	u0054
train	UN2012844	u0055
train	UN2012844	u0056
train	UN2012844	u0057
train	UN2012844	u0058
train	UN2012844	u0059
train	UN2012844	u005A
train	UN2012844	u0061
train	UN2012844	u0062
train	UN2012844	u0063
train	UN2012844	u0064
train	UN2012844	u0065
train	UN2012844	u0066
train	UN2012844	u0067
train	UN2012844	u0068
train	UN2012844	u0069
train	UN2012844	u006A
train	UN2012844	u006B
train	UN2012844	u006C
train	UN2012844	u006D
train	UN2012844	u006E
train	UN2012844	u006F
train	UN2012844	u0070
train	UN2012844	u0071
train	UN2012844	u0072
train	UN2012844	u0073
train	UN2012844	u0074
train	UN2012844	u0075
train	UN2012844	u0076
train	UN2012844	u0077
train	UN2012844	u0078
train	UN2012844	u0079
train	UN2012844	u007A
train	UN2012844	u00E0
train	UN2012844	u00E1
train	UN2012844	u00E8
train	UN2012844	u00E9
train	UN2012844	u00EA
train	UN2012844	u00ED
train	UN2012844	u00F2
train	UN2012844	u00F3
train	UN2012844	u00F9
train	UN2012844	u00FA
train	UN2012844	u00FC
train	UN2012844	u0101
train	UN2012844	u0113
train	UN2012844	u011B
train	UN2012844	u012B
train	UN2012844	u0144
train	UN2012844	u0148
train	UN2012844	u014D
train	UN2012844	u016B
train	UN2012844	u01CE
train	UN2012844	u01D0
train	UN2012844	u01D2
train	UN2012844	u01D4
train	UN2012844	u01D6
train	UN2012844	u01D8
train	UN2012844	u01DA
train	UN2012844	u01DC
train	UN2012858	u0030
train	UN2012858	u0031
train	UN2012858	u0032
train	UN2012858	u0033
train	UN2012858	u0034
train	UN2012858	u0035
train	UN2012858	u0036
train	UN2012858	u0037
train	UN2012858	u0038
train	UN2012858	u0039
train	UN2012858	u0041
train	UN2012858	u0042
train	UN2012858	u0043
train	UN2012858	u0044
train	UN2012858	u0045
train	UN2012858	u0046
train	UN2012858	u0047
train	UN2012858	u0048
train	UN2012858	u0049
train	UN2012858	u004A
train	UN2012858	u004B
train	UN2012858	u004C
train	UN2012858	u004D
train	UN2012858	u004E
train	UN2012858	u004F
train	UN2012858	u0050
train	UN2012858	u0051
train	UN2012858	u0052
train	UN2012858	u0053
train	UN2012858	u0054
train	UN2012858	u0055
train	UN2012858	u0056
train	UN2012858	u0057
train	UN2012858	u0058
train	UN2012858	u0059
train	UN2012858	u005A
train	UN2012858	u0061
train	UN2012858	u0062
train	UN2012858	u0063
train	UN2012858	u0064
train	UN2012858	u0065
train	UN2012858	u0066
train	UN2012858	u0067
train	UN2012858	u0068
train	UN2012858	u0069
train	UN2012858	u006A
train	UN2012858	u006B
train	UN2012858	u006C
train	UN2012858	u006D
train	UN2012858	u006E
train	UN2012858	u006F
train	UN2012858	u0070
train	UN2012858	u0071
train	UN2012858	u0072
train	UN2012858	u0073
train	UN2012858	u0074
train	UN2012858	u0075
train	UN2012858	u0076
train	UN2012858	u0077
train	UN2012858	u0078
train	UN2012858	u0079
train	UN2012858	u007A
train	UN2012858	u00E0
train	UN2012858	u00E1
train	UN2012858	u00E8
train	UN2012858	u00E9
train	UN2012858	u00EA
train	UN2012858	u00ED
train	UN2012858	u00F2
train	UN2012858	u00F3
train	UN2012858	u00F9
train	UN2012858	u00FA
train	UN2012858	u00FC
train	UN2012858	u0101
train	UN2012858	u0113
train	UN2012858	u011B
train	UN2012858	u012B
train	UN2012858	u0144
train	UN2012858	u0148
train	UN2012858	u014D
train	UN2012858	u016B
train	UN2012861	u0030
train	UN2012861	u0031
train	UN2012861	u0032
train	UN2012861	u0033
train	UN2012861	u0034
train	UN2012861	u0035
train	UN2012861	u0036
train	UN2012861	u0037
train	UN2012861	u0038
train	UN2012861	u0039
train	UN2012861	u0041
train	UN2012861	u0042
train	UN2012861	u0043
train	UN2012861	u0044
train	UN2012861	u0045
train	UN2012861	u0046
train	UN2012861	u0047
train	UN2012861	u0048
train	UN2012861	u0049
train	UN2012861	u004A
train	UN2012861	u004B
train	UN2012861	u004C
train	UN2012861	u004D
train	UN2012861	u004E
train	UN2012861	u004F
train	UN2012861	u0050
train	UN2012861	u0051
train	UN2012861	u0052
train	UN2012861	u0053
train	UN2012861	u0054
train	UN2012861	u0055
train	UN2012861	u0056
train	UN2012861	u0057
train	UN2012861	u0058
train	UN2012861	u0059
train	UN2012861	u005A
train	UN2012861	u0061
train	UN2012861	u0062
train	UN2012861	u0063
train	UN2012861	u0064
train	UN2012861	u0065
train	UN2012861	u0066
train	UN2012861	u0067
train	UN2012861	u0068
train	UN2012861	u0069
train	UN2012861	u006A
train	UN2012861	u006B
train	UN2012861	u006C
train	UN2012861	u006D
train	UN2012861	u006E
train	UN2012861	u006F
train	UN2012861	u0070
train	UN2012861	u0071
train	UN2012861	u0072
train	UN2012861	u0073
train	UN2012861	u0074
train	UN2012861	u0075
train	UN2012861	u0076
train	UN2012861	u0077
train	UN2012861	u0078
train	UN2012861	u0079
train	UN2012861	u007A
train	UN2012864	u0030
train	UN2012864	u0031
train	UN2012864	u0032
train	UN2012864	u0033
train	UN2012864	u0034
train	UN2012864	u0035
train	UN2012864	u0036
train	UN2012864	u0037
train	UN2012864	u0038
train	UN2012864	u0039
train	UN2012864	u0041
train	UN2012864	u0042
train	UN2012864	u0043
train	UN2012864	u0044
train	UN2012864	u0045
train	UN2012864	u0046
train	UN2012864	u0047
train	UN2012864	u0048
train	UN2012864	u0049
train	UN2012864	u004A
train	UN2012864	u004B
train	UN2012864	u004C
train	UN2012864	u004D
train	UN2012864	u004E
train	UN2012864	u004F
train	UN2012864	u0050
train	UN2012864	u0051
train	UN2012864	u0052
train	UN2012864	u0053
train	UN2012864	u0054
train	UN2012864	u0055
train	UN2012864	u0056
train	UN2012864	u0057
train	UN2012864	u0058
train	UN2012864	u0059
train	UN2012864	u005A
train	UN2012864	u0061
train	UN2012864	u0062
train	UN2012864	u0063
train	UN2012864	u0064
train	UN2012864	u0065
train	UN2012864	u0066
train	UN2012864	u0067
train	UN2012864	u0068
train	UN2012864	u0069
train	UN2012864	u006A
train	UN2012864	u006B
train	UN2012864	u006C
train	UN2012864	u006D
train	UN2012864	u006E
train	UN2012864	u006F
train	UN2012864	u0070
train	UN2012864	u0071
train	UN2012864	u0072
train	UN2012864	u0073
train	UN2012864	u0074
train	UN2012864	u0075
train	UN2012864	u0076
train	UN2012864	u0077
train	UN2012864	u0078
train	UN2012864	u0079
train	UN2012864	u007A
train	UN2012873	u0030
train	UN2012873	u0031
train	UN2012873	u0032
train	UN2012873	u0033
train	UN2012873	u0034
train	UN2012873	u0035
train	UN2012873	u0036
train	UN2012873	u0037
train	UN2012873	u0038
train	UN2012873	u0039
train	UN2012873	u0041
train	UN2012873	u0042
train	UN2012873	u0043
train	UN2012873	u0044
train	UN2012873	u0045
train	UN2012873	u0046
train	UN2012873	u0047
train	UN2012873	u0048
train	UN2012873	u0049
train	UN2012873	u004A
train	UN2012873	u004B
train	UN2012873	u004C
train	UN2012873	u004D
train	UN2012873	u004E
train	UN2012873	u004F
train	UN2012873	u0050
train	UN2012873	u0051
train	UN2012873	u0052
train	UN2012873	u0053
train	UN2012873	u0054
train	UN2012873	u0055
train	UN2012873	u0056
train	UN2012873	u0057
train	UN2012873	u0058
train	UN2012873	u0059
train	UN2012873	u005A
train	UN2012873	u0061
train	UN2012873	u0062
train	UN2012873	u0063
train	UN2012873	u0064
train	UN2012873	u0065
train	UN2012873	u0066
train	UN2012873	u0067
train	UN2012873	u0068
train	UN2012873	u0069
train	UN2012873	u006A
train	UN2012873	u006B
train	UN2012873	u006C
train	UN2012873	u006D
train	UN2012873	u006E
train	UN2012873	u006F
train	UN2012873	u0070
train	UN2012873	u0071
train	UN2012873	u0072
train	UN2012873	u0073
train	UN2012873	u0074
train	UN2012873	u0075
train	UN2012873	u0076
train	UN2012873	u0077
train	UN2012873	u0078
train	UN2012873	u0079
train	UN2012873	u007A
train	UN2012878	u0030
train	UN2012878	u0031
train	UN2012878	u0032
train	UN2012878	u0033
train	UN2012878	u0034
train	UN2012878	u0035
train	UN2012878	u0036
train	UN2012878	u0037
train	UN2012878	u0038
train	UN2012878	u0039
train	UN2012878	u0041
train	UN2012878	u0042
train	UN2012878	u0043
train	UN2012878	u0044
train	UN2012878	u0045
train	UN2012878	u0046
train	UN2012878	u0047
train	UN2012878	u0048
train	UN2012878	u0049
train	UN2012878	u004A
train	UN2012878	u004B
train	UN2012878	u004C
train	UN2012878	u004D
train	UN2012878	u004E
train	UN2012878	u004F
train	UN2012878	u0050
train	UN2012878	u0051
train	UN2012878	u0052
train	UN2012878	u0053
train	UN2012878	u0054
train	UN2012878	u0055
train	UN2012878	u0056
train	UN2012878	u0057
train	UN2012878	u0058
train	UN2012878	u0059
train	UN2012878	u005A
train	UN2012878	u0061
train	UN2012878	u0062
train	UN2012878	u0063
train	UN2012878	u0064
train	UN2012878	u0065
train	UN2012878	u0066
train	UN2012878	u0067
train	UN2012878	u0068
train	UN2012878	u0069
train	UN2012878	u006A
train	UN2012878	u006B
train	UN2012878	u006C
train	UN2012878	u006D
train	UN2012878	u006E
train	UN2012878	u006F
train	UN2012878	u0070
train	UN2012878	u0071
train	UN2012878	u0072
train	UN2012878	u0073
train	UN2012878	u0074
train	UN2012878	u0075
train	UN2012878	u0076
train	UN2012878	u0077
train	UN2012878	u0078
train	UN2012878	u0079
train	UN2012878	u007A
train	UN2012881	u0030
train	UN2012881	u0031
train	UN2012881	u0032
train	UN2012881	u0033
train	UN2012881	u0034
train	UN2012881	u0035
train	UN2012881	u0036
train	UN2012881	u0037
train	UN2012881	u0038
train	UN2012881	u0039
train	UN2012881	u0041
train	UN2012881	u0042
train	UN2012881	u0043
train	UN2012881	u0044
train	UN2012881	u0045
train	UN2012881	u0046
train	UN2012881	u0047
train	UN2012881	u0048
train	UN2012881	u0049
train	UN2012881	u004A
train	UN2012881	u004B
train	UN2012881	u004C
train	UN2012881	u004D
train	UN2012881	u004E
train	UN2012881	u004F
train	UN2012881	u0050
train	UN2012881	u0051
train	UN2012881	u0052
train	UN2012881	u0053
train	UN2012881	u0054
train	UN2012881	u0055
train	UN2012881	u0056
train	UN2012881	u0057
train	UN2012881	u0058
train	UN2012881	u0059
train	UN2012881	u005A
train	UN2012881	u0061
train	UN2012881	u0062
train	UN2012881	u0063
train	UN2012881	u0064
train	UN2012881	u0065
train	UN2012881	u0066
train	UN2012881	u0067
train	UN2012881	u0068
train	UN2012881	u0069
train	UN2012881	u006A
train	UN2012881	u006B
train	UN2012881	u006C
train	UN2012881	u006D
train	UN2012881	u006E
train	UN2012881	u006F
train	UN2012881	u0070
train	UN2012881	u0071
train	UN2012881	u0072
train	UN2012881	u0073
train	UN2012881	u0074
train	UN2012881	u0075
train	UN2012881	u0076
train	UN2012881	u0077
train	UN2012881	u0078
train	UN2012881	u0079
train	UN2012881	u007A
train	UN2012887	u0030
train	UN2012887	u0031
train	UN2012887	u0032
train	UN2012887	u0033
train	UN2012887	u0034
train	UN2012887	u0035
train	UN2012887	u0036
train	UN2012887	u0037
train	UN2012887	u0038
train	UN2012887	u0039
train	UN2012887	u0041
train	UN2012887	u0042
train	UN2012887	u0043
train	UN2012887	u0044
train	UN2012887	u0045
train	UN2012887	u0046
train	UN2012887	u0047
train	UN2012887	u0048
train	UN2012887	u0049
train	UN2012887	u004A
train	UN2012887	u004B
train	UN2012887	u004C
train	UN2012887	u004D
train	UN2012887	u004E
train	UN2012887	u004F
train	UN2012887	u0050
train	UN2012887	u0051
train	UN2012887	u0052
train	UN2012887	u0053
train	UN2012887	u0054
train	UN2012887	u0055
train	UN2012887	u0056
train	UN2012887	u0057
train	UN2012887	u0058
train	UN2012887	u0059
train	UN2012887	u005A
train	UN2012887	u0061
train	UN2012887	u0062
train	UN2012887	u0063
train	UN2012887	u0064
train	UN2012887	u0065
train	UN2012887	u0066
train	UN2012887	u0067
train	UN2012887	u0068
train	UN2012887	u0069
train	UN2012887	u006A
train	UN2012887	u006B
train	UN2012887	u006C
train	UN2012887	u006D
train	UN2012887	u006E
train	UN2012887	u006F
train	UN2012887	u0070
train	UN2012887	u0071
train	UN2012887	u0072
train	UN2012887	u0073
train	UN2012887	u0074
train	UN2012887	u0075
train	UN2012887	u0076
train	UN2012887	u0077
train	UN2012887	u0078
train	UN2012887	u0079
train	UN2012887	u007A
train	UN2012888	u0030
train	UN2012888	u0031
train	UN2012888	u0032
train	UN2012888	u0033
train	UN2012888	u0034
train	UN2012888	u0035
train	UN2012888	u0036
train	UN2012888	u0037
train	UN2012888	u0038
train	UN2012888	u0039
train	UN2012888	u0041
train	UN2012888	u0042
train	UN2012888	u0043
train	UN2012888	u0044
train	UN2012888	u0045
train	UN2012888	u0046
train	UN2012888	u0047
train	UN2012888	u0048
train	UN2012888	u0049
train	UN2012888	u004A
train	UN2012888	u004B
train	UN2012888	u004C
train	UN2012888	u004D
train	UN2012888	u004E
train	UN2012888	u004F
train	UN2012888	u0050
train	UN2012888	u0051
train	UN2012888	u0052
train	UN2012888	u0053
train	UN2012888	u0054
train	UN2012888	u0055
train	UN2012888	u0056
train	UN2012888	u0057
train	UN2012888	u0058
train	UN2012888	u0059
train	UN2012888	u005A
train	UN2012888	u0061
train	UN2012888	u0062
train	UN2012888	u0063
train	UN2012888	u0064
train	UN2012888	u0065
train	UN2012888	u0066
train	UN2012888	u0067
train	UN2012888	u0068
train	UN2012888	u0069
train	UN2012888	u006A
train	UN2012888	u006B
train	UN2012888	u006C
train	UN2012888	u006D
train	UN2012888	u006E
train	UN2012888	u006F
train	UN2012888	u0070
train	UN2012888	u0071
train	UN2012888	u0072
train	UN2012888	u0073
train	UN2012888	u0074
train	UN2012888	u0075
train	UN2012888	u0076
train	UN2012888	u0077
train	UN2012888	u0078
train	UN2012888	u0079
train	UN2012888	u007A
train	UN2012930	u0030
train	UN2012930	u0031
train	UN2012930	u0032
train	UN2012930	u0033
train	UN2012930	u0034
train	UN2012930	u0035
train	UN2012930	u0036
train	UN2012930	u0037
train	UN2012930	u0038
train	UN2012930	u0039
train	UN2012930	u0041
train	UN2012930	u0042
train	UN2012930	u0043
train	UN2012930	u0044
train	UN2012930	u0045
train	UN2012930	u0046
train	UN2012930	u0047
train	UN2012930	u0048
train	UN2012930	u0049
train	UN2012930	u004A
train	UN2012930	u004B
train	UN2012930	u004C
train	UN2012930	u004D
train	UN2012930	u004E
train	UN2012930	u004F
train	UN2012930	u0050
train	UN2012930	u0051
train	UN2012930	u0052
train	UN2012930	u0053
train	UN2012930	u0054
train	UN2012930	u0055
train	UN2012930	u0056
train	UN2012930	u0057
train	UN2012930	u0058
train	UN2012930	u0059
train	UN2012930	u005A
train	UN2012930	u0061
train	UN2012930	u0062
train	UN2012930	u0063
train	UN2012930	u0064
train	UN2012930	u0065
train	UN2012930	u0066
train	UN2012930	u0067
train	UN2012930	u0068
train	UN2012930	u0069
train	UN2012930	u006A
train	UN2012930	u006B
train	UN2012930	u006C
train	UN2012930	u006D
train	UN2012930	u006E
train	UN2012930	u006F
train	UN2012930	u0070
train	UN2012930	u0071
train	UN2012930	u0072
train	UN2012930	u0073
train	UN2012930	u0074
train	UN2012930	u0075
train	UN2012930	u0076
train	UN2012930	u0077
train	UN2012930	u0078
train	UN2012930	u0079
train	UN2012930	u007A
train	UN2012944	u0030
train	UN2012944	u0031
train	UN2012944	u0032
train	UN2012944	u0033
train	UN2012944	u0034
train	UN2012944	u0035
train	UN2012944	u0036
train	UN2012944	u0037
train	UN2012944	u0038
train	UN2012944	u0039
train	UN2012944	u0041
train	UN2012944	u0042
train	UN2012944	u0043
train	UN2012944	u0044
train	UN2012944	u0045
train	UN2012944	u0046
train	UN2012944	u0047
train	UN2012944	u0048
train	UN2012944	u0049
train	UN2012944	u004A
train	UN2012944	u004B
train	UN2012944	u004C
train	UN2012944	u004D
train	UN2012944	u004E
train	UN2012944	u004F
train	UN2012944	u0050
train	UN2012944	u0051
train	UN2012944	u0052
train	UN2012944	u0053
train	UN2012944	u0054
train	UN2012944	u0055
train	UN2012944	u0056
train	UN2012944	u0057
train	UN2012944	u0058
train	UN2012944	u0059
train	UN2012944	u005A
train	UN2012944	u0061
train	UN2012944	u0062
train	UN2012944	u0063
train	UN2012944	u0064
train	UN2012944	u0065
train	UN2012944	u0066
train	UN2012944	u0067
train	UN2012944	u0068
train	UN2012944	u0069
train	UN2012944	u006A
train	UN2012944	u006B
train	UN2012944	u006C
train	UN2012944	u006D
train	UN2012944	u006E
train	UN2012944	u006F
train	UN2012944	u0070
train	UN2012944	u0071
train	UN2012944	u0072
train	UN2012944	u0073
train	UN2012944	u0074
train	UN2012944	u0075
train	UN2012944	u0076
train	UN2012944	u0077
train	UN2012944	u0078
train	UN2012944	u0079
train	UN2012944	u007A
train	UN2013030	u0030
train	UN2013030	u0031
train	UN2013030	u0032
train	UN2013030	u0033
train	UN2013030	u0034
train	UN2013030	u0035
train	UN2013030	u0036
train	UN2013030	u0037
train	UN2013030	u0038
train	UN2013030	u0039
train	UN2013030	u0041
train	UN2013030	u0042
train	UN2013030	u0043
train	UN2013030	u0044
train	UN2013030	u0045
train	UN2013030	u0046
train	UN2013030	u0047
train	UN2013030	u0048
train	UN2013030	u0049
train	UN2013030	u004A
train	UN2013030	u004B
train	UN2013030	u004C
train	UN2013030	u004D
train	UN2013030	u004E
train	UN2013030	u004F
train	UN2013030	u0050
train	UN2013030	u0051
train	UN2013030	u0052
train	UN2013030	u0053
train	UN2013030	u0054
train	UN2013030	u0055
train	UN2013030	u0056
train	UN2013030	u0057
train	UN2013030	u0058
train	UN2013030	u0059
train	UN2013030	u005A
train	UN2013030	u0061
train	UN2013030	u0062
train	UN2013030	u0063
train	UN2013030	u0064
train	UN2013030	u0065
train	UN2013030	u0066
train	UN2013030	u0067
train	UN2013030	u0068
train	UN2013030	u0069
train	UN2013030	u006A
train	UN2013030	u006B
train	UN2013030	u006C
train	UN2013030	u006D
train	UN2013030	u006E
train	UN2013030	u006F
train	UN2013030	u0070
train	UN2013030	u0071
train	UN2013030	u0072
train	UN2013030	u0073
train	UN2013030	u0074
train	UN2013030	u0075
train	UN2013030	u0076
train	UN2013030	u0077
train	UN2013030	u0078
train	UN2013030	u0079
train	UN2013030	u007A
train	UN2013039	u0030
train	UN2013039	u0031
train	UN2013039	u0032
train	UN2013039	u0033
train	UN2013039	u0034
train	UN2013039	u0035
train	UN2013039	u0036
train	UN2013039	u0037
train	UN2013039	u0038
train	UN2013039	u0039
train	UN2013039	u0041
train	UN2013039	u0042
train	UN2013039	u0043
train	UN2013039	u0044
train	UN2013039	u0045
train	UN2013039	u0046
train	UN2013039	u0047
train	UN2013039	u0048
train	UN2013039	u0049
train	UN2013039	u004A
train	UN2013039	u004B
train	UN2013039	u004C
train	UN2013039	u004D
train	UN2013039	u004E
train	UN2013039	u004F
train	UN2013039	u0050
train	UN2013039	u0051
train	UN2013039	u0052
train	UN2013039	u0053
train	UN2013039	u0054
train	UN2013039	u0055
train	UN2013039	u0056
train	UN2013039	u0057
train	UN2013039	u0058
train	UN2013039	u0059
train	UN2013039	u005A
train	UN2013039	u0061
train	UN2013039	u0062
train	UN2013039	u0063
train	UN2013039	u0064
train	UN2013039	u0065
train	UN2013039	u0066
train	UN2013039	u0067
train	UN2013039	u0068
train	UN2013039	u0069
train	UN2013039	u006A
train	UN2013039	u006B
train	UN2013039	u006C
train	UN2013039	u006D
train	UN2013039	u006E
train	UN2013039	u006F
train	UN2013039	u0070
train	UN2013039	u0071
train	UN2013039	u0072
train	UN2013039	u0073
train	UN2013039	u0074
train	UN2013039	u0075
train	UN2013039	u0076
train	UN2013039	u0077
train	UN2013039	u0078
train	UN2013039	u0079
train	UN2013039	u007A
train	UN2013039	u00E0
train	UN2013039	u00E1
train	UN2013039	u00E8
train	UN2013039	u00E9
train	UN2013039	u00EA
train	UN2013039	u00ED
train	UN2013039	u00F2
train	UN2013039	u00F3
train	UN2013039	u00F9
train	UN2013039	u00FA
train	UN2013039	u00FC
train	UN2013039	u0101
train	UN2013039	u0113
train	UN2013039	u011B
train	UN2013039	u012B
train	UN2013039	u0144
train	UN2013039	u0148
train	UN2013039	u014D
train	UN2013039	u016B
train	UN2013039	u01CE
train	UN2013039	u01D0
train	UN2013039	u01D2
train	UN2013039	u01D4
train	UN2013039	u01D6
train	UN2013039	u01D8
train	UN2013039	u01DA
train	UN2013039	u01DC
train	UN2013039	u3041
train	UN2013039	u3042
train	UN2013039	u3043
train	UN2013039	u3044
train	UN2013039	u3045
train	UN2013039	u3046
train	UN2013039	u3047
train	UN2013039	u3048
train	UN2013039	u3049
train	UN2013039	u304A
train	UN2013039	u304B
train	UN2013039	u304C
train	UN2013039	u304D
train	UN2013039	u304E
train	UN2013039	u304F
train	UN2013039	u3050
train	UN2013039	u3051
train	UN2013039	u3052
train	UN2013039	u3053
train	UN2013039	u3054
train	UN2013039	u3055
train	UN2013039	u3056
train	UN2013039	u3057
train	UN2013039	u3058
train	UN2013039	u3059
train	UN2013039	u305A
train	UN2013039	u305B
train	UN2013039	u305C
train	UN2013039	u305D
train	UN2013039	u305E
train	UN2013039	u305F
train	UN2013039	u3060
train	UN2013039	u3061
train	UN2013039	u3062
train	UN2013039	u3063
train	UN2013039	u3064
train	UN2013039	u3065
train	UN2013039	u3066
train	UN2013039	u3067
train	UN2013039	u3068
train	UN2013039	u3069
train	UN2013039	u306A
train	UN2013039	u306B
train	UN2013039	u306C
train	UN2013039	u306D
train	UN2013039	u306E
train	UN2013039	u306F
train	UN2013039	u3070
train	UN2013039	u3071
train	UN2013039	u3072
train	UN2013039	u3073
train	UN2013039	u3074
train	UN2013039	u3075
train	UN2013039	u3076
train	UN2013039	u3077
train	UN2013039	u3078
train	UN2013039	u3079
train	UN2013039	u307A
train	UN2013039	u307B
train	UN2013039	u307C
train	UN2013039	u307D
train	UN2013039	u307E
train	UN2013039	u307F
train	UN2013039	u3080
train	UN2013039	u3081
train	UN2013039	u3082
train	UN2013039	u3083
train	UN2013039	u3084
train	UN2013039	u3085
train	UN2013039	u3086
train	UN2013039	u3087
train	UN2013039	u3088
train	UN2013039	u3089
train	UN2013039	u308A
train	UN2013039	u308B
train	UN2013039	u308C
train	UN2013039	u308D
train	UN2013039	u308E
train	UN2013039	u308F
train	UN2013039	u3090
train	UN2013039	u3091
train	UN2013039	u3092
train	UN2013039	u3093
train	UN2013039	u30A1
train	UN2013039	u30A2
train	UN2013039	u30A3
train	UN2013039	u30A4
train	UN2013039	u30A5
train	UN2013039	u30A6
train	UN2013039	u30A7
train	UN2013039	u30A8
train	UN2013039	u30A9
train	UN2013039	u30AA
train	UN2013039	u30AB
train	UN2013039	u30AC
train	UN2013039	u30AD
train	UN2013039	u30AE
train	UN2013039	u30AF
train	UN2013039	u30B0
train	UN2013039	u30B1
train	UN2013039	u30B2
train	UN2013039	u30B3
train	UN2013039	u30B4
train	UN2013039	u30B5
train	UN2013039	u30B6
train	UN2013039	u30B7
train	UN2013039	u30B8
train	UN2013039	u30B9
train	UN2013039	u30BA
train	UN2013039	u30BB
train	UN2013039	u30BC
train	UN2013039	u30BD
train	UN2013039	u30BE
train	UN2013039	u30BF
train	UN2013039	u30C0
train	UN2013039	u30C1
train	UN2013039	u30C2
train	UN2013039	u30C3
train	UN2013039	u30C4
train	UN2013039	u30C5
train	UN2013039	u30C6
train	UN2013039	u30C7
train	UN2013039	u30C8
train	UN2013039	u30C9
train	UN2013039	u30CA
train	UN2013039	u30CB
train	UN2013039	u30CC
train	UN2013039	u30CD
train	UN2013039	u30CE
train	UN2013039	u30CF
train	UN2013039	u30D0
train	UN2013039	u30D1
train	UN2013039	u30D2
train	UN2013039	u30D3
train	UN2013039	u30D4
train	UN2013039	u30D5
train	UN2013039	u30D6
train	UN2013039	u30D7
train	UN2013039	u30D8
train	UN2013039	u30D9
train	UN2013039	u30DA
train	UN2013039	u30DB
train	UN2013039	u30DC
train	UN2013039	u30DD
train	UN2013039	u30DE
train	UN2013039	u30DF
train	UN2013039	u30E0
train	UN2013039	u30E1
train	UN2013039	u30E2
train	UN2013039	u30E3
train	UN2013039	u30E4
train	UN2013039	u30E5
train	UN2013039	u30E6
train	UN2013039	u30E7
train	UN2013039	u30E8
train	UN2013039	u30E9
train	UN2013039	u30EA
train	UN2013039	u30EB
train	UN2013039	u30EC
train	UN2013039	u30ED
train	UN2013039	u30EE
train	UN2013039	u30EF
train	UN2013039	u30F0
train	UN2013039	u30F1
train	UN2013039	u30F2
train	UN2013039	u30F3
train	UN2013039	u30F4
train	UN2013039	u30F5
train	UN2013039	u30F6
train	UN2013039	u3105
train	UN2013039	u3106
train	UN2013039	u3107
train	UN2013039	u3108
train	UN2013039	u3109
train	UN2013039	u310A
train	UN2013039	u310B
train	UN2013039	u310C
train	UN2013039	u310D
train	UN2013039	u310E
train	UN2013039	u310F
train	UN2013039	u3110
train	UN2013039	u3111
train	UN2013039	u3112
train	UN2013039	u3113
train	UN2013039	u3114
train	UN2013039	u3115
train	UN2013039	u3116
train	UN2013039	u3117
train	UN2013039	u3118
train	UN2013039	u3119
train	UN2013039	u311A
train	UN2013039	u311B
train	UN2013039	u311C
train	UN2013039	u311D
train	UN2013039	u311E
train	UN2013039	u311F
train	UN2013039	u3120
train	UN2013039	u3121
train	UN2013039	u3122
train	UN2013039	u3123
train	UN2013039	u3124
train	UN2013039	u3125
train	UN2013039	u3126
train	UN2013039	u3127
train	UN2013039	u3128
train	UN2013039	u3129
train	UN2013119	u0030
train	UN2013119	u0031
train	UN2013119	u0032
train	UN2013119	u0033
train	UN2013119	u0034
train	UN2013119	u0035
train	UN2013119	u0036
train	UN2013119	u0037
train	UN2013119	u0038
train	UN2013119	u0039
train	UN2013119	u0041
train	UN2013119	u0042
train	UN2013119	u0043
train	UN2013119	u0044
train	UN2013119	u0045
train	UN2013119	u0046
train	UN2013119	u0047
train	UN2013119	u0048
train	UN2013119	u0049
train	UN2013119	u004A
train	UN2013119	u004B
train	UN2013119	u004C
train	UN2013119	u004D
train	UN2013119	u004E
train	UN2013119	u004F
train	UN2013119	u0050
train	UN2013119	u0051
train	UN2013119	u0052
train	UN2013119	u0053
train	UN2013119	u0054
train	UN2013119	u0055
train	UN2013119	u0056
train	UN2013119	u0057
train	UN2013119	u0058
train	UN2013119	u0059
train	UN2013119	u005A
train	UN2013119	u0061
train	UN2013119	u0062
train	UN2013119	u0063
train	UN2013119	u0064
train	UN2013119	u0065
train	UN2013119	u0066
train	UN2013119	u0067
train	UN2013119	u0068
train	UN2013119	u0069
train	UN2013119	u006A
train	UN2013119	u006B
train	UN2013119	u006C
train	UN2013119	u006D
train	UN2013119	u006E
train	UN2013119	u006F
train	UN2013119	u0070
train	UN2013119	u0071
train	UN2013119	u0072
train	UN2013119	u0073
train	UN2013119	u0074
train	UN2013119	u0075
train	UN2013119	u0076
train	UN2013119	u0077
train	UN2013119	u0078
train	UN2013119	u0079
train	UN2013119	u007A
train	UN2013119	u00E0
train	UN2013119	u00E1
train	UN2013119	u00E8
train	UN2013119	u00E9
train	UN2013119	u00EA
train	UN2013119	u00ED
train	UN2013119	u00F2
train	UN2013119	u00F3
train	UN2013119	u00F9
train	UN2013119	u00FA
train	UN2013119	u00FC
train	UN2013119	u0101
train	UN2013119	u0113
train	UN2013119	u011B
train	UN2013119	u012B
train	UN2013119	u0144
train	UN2013119	u0148
train	UN2013119	u014D
train	UN2013119	u016B
train	UN2013119	u01CE
train	UN2013119	u01D0
train	UN2013119	u01D2
train	UN2013119	u01D4
train	UN2013119	u01D6
train	UN2013119	u01D8
train	UN2013119	u01DA
train	UN2013119	u01DC
train	UN2013119	u3041
train	UN2013119	u3042
train	UN2013119	u3043
train	UN2013119	u3044
train	UN2013119	u3045
train	UN2013119	u3046
train	UN2013119	u3047
train	UN2013119	u3048
train	UN2013119	u3049
train	UN2013119	u304A
train	UN2013119	u304B
train	UN2013119	u304C
train	UN2013119	u304D
train	UN2013119	u304E
train	UN2013119	u304F
train	UN2013119	u3050
train	UN2013119	u3051
train	UN2013119	u3052
train	UN2013119	u3053
train	UN2013119	u3054
train	UN2013119	u3055
train	UN2013119	u3056
train	UN2013119	u3057
train	UN2013119	u3058
train	UN2013119	u3059
train	UN2013119	u305A
train	UN2013119	u305B
train	UN2013119	u305C
train	UN2013119	u305D
train	UN2013119	u305E
train	UN2013119	u305F
train	UN2013119	u3060
train	UN2013119	u3061
train	UN2013119	u3062
train	UN2013119	u3063
train	UN2013119	u3064
train	UN2013119	u3065
train	UN2013119	u3066
train	UN2013119	u3067
train	UN2013119	u3068
train	UN2013119	u3069
train	UN2013119	u306A
train	UN2013119	u306B
train	UN2013119	u306C
train	UN2013119	u306D
train	UN2013119	u306E
train	UN2013119	u306F
train	UN2013119	u3070
train	UN2013119	u3071
train	UN2013119	u3072
train	UN2013119	u3073
train	UN2013119	u3074
train	UN2013119	u3075
train	UN2013119	u3076
train	UN2013119	u3077
train	UN2013119	u3078
train	UN2013119	u3079
train	UN2013119	u307A
train	UN2013119	u307B
train	UN2013119	u307C
train	UN2013119	u307D
train	UN2013119	u307E
train	UN2013119	u307F
train	UN2013119	u3080
train	UN2013119	u3081
train	UN2013119	u3082
train	UN2013119	u3083
train	UN2013119	u3084
train	UN2013119	u3085
train	UN2013119	u3086
train	UN2013119	u3087
train	UN2013119	u3088
train	UN2013119	u3089
train	UN2013119	u308A
train	UN2013119	u308B
train	UN2013119	u308C
train	UN2013119	u308D
train	UN2013119	u308E
train	UN2013119	u308F
train	UN2013119	u3090
train	UN2013119	u3091
train	UN2013119	u3092
train	UN2013119	u3093
train	UN2013119	u30A1
train	UN2013119	u30A2
train	UN2013119	u30A3
train	UN2013119	u30A4
train	UN2013119	u30A5
train	UN2013119	u30A6
train	UN2013119	u30A7
train	UN2013119	u30A8
train	UN2013119	u30A9
train	UN2013119	u30AA
train	UN2013119	u30AB
train	UN2013119	u30AC
train	UN2013119	u30AD
train	UN2013119	u30AE
train	UN2013119	u30AF
train	UN2013119	u30B0
train	UN2013119	u30B1
train	UN2013119	u30B2
train	UN2013119	u30B3
train	UN2013119	u30B4
train	UN2013119	u30B5
train	UN2013119	u30B6
train	UN2013119	u30B7
train	UN2013119	u30B8
train	UN2013119	u30B9
train	UN2013119	u30BA
train	UN2013119	u30BB
train	UN2013119	u30BC
train	UN2013119	u30BD
train	UN2013119	u30BE
train	UN2013119	u30BF
train	UN2013119	u30C0
train	UN2013119	u30C1
train	UN2013119	u30C2
train	UN2013119	u30C3
train	UN2013119	u30C4
train	UN2013119	u30C5
train	UN2013119	u30C6
train	UN2013119	u30C7
train	UN2013119	u30C8
train	UN2013119	u30C9
train	UN2013119	u30CA
train	UN2013119	u30CB
train	UN2013119	u30CC
train	UN2013119	u30CD
train	UN2013119	u30CE
train	UN2013119	u30CF
train	UN2013119	u30D0
train	UN2013119	u30D1
train	UN2013119	u30D2
train	UN2013119	u30D3
train	UN2013119	u30D4
train	UN2013119	u30D5
train	UN2013119	u30D6
train	UN2013119	u30D7
train	UN2013119	u30D8
train	UN2013119	u30D9
train	UN2013119	u30DA
train	UN2013119	u30DB
train	UN2013119	u30DC
train	UN2013119	u30DD
train	UN2013119	u30DE
train	UN2013119	u30DF
train	UN2013119	u30E0
train	UN2013119	u30E1
train	UN2013119	u30E2
train	UN2013119	u30E3
train	UN2013119	u30E4
train	UN2013119	u30E5
train	UN2013119	u30E6
train	UN2013119	u30E7
train	UN2013119	u30E8
train	UN2013119	u30E9
train	UN2013119	u30EA
train	UN2013119	u30EB
train	UN2013119	u30EC
train	UN2013119	u30ED
train	UN2013119	u30EE
train	UN2013119	u30EF
train	UN2013119	u30F0
train	UN2013119	u30F1
train	UN2013119	u30F2
train	UN2013119	u30F3
train	UN2013119	u30F4
train	UN2013119	u30F5
train	UN2013119	u30F6
train	UN2013119	u3105
train	UN2013119	u3106
train	UN2013119	u3107
train	UN2013119	u3108
train	UN2013119	u3109
train	UN2013119	u310A
train	UN2013119	u310B
train	UN2013119	u310C
train	UN2013119	u310D
train	UN2013119	u310E
train	UN2013119	u310F
train	UN2013119	u3110
train	UN2013119	u3111
train	UN2013119	u3112
train	UN2013119	u3113
train	UN2013119	u3114
train	UN2013119	u3115
train	UN2013119	u3116
train	UN2013119	u3117
train	UN2013119	u3118
train	UN2013119	u3119
train	UN2013119	u311A
train	UN2013119	u311B
train	UN2013119	u311C
train	UN2013119	u311D
train	UN2013119	u311E
train	UN2013119	u311F
train	UN2013119	u3120
train	UN2013119	u3121
train	UN2013119	u3122
train	UN2013119	u3123
train	UN2013119	u3124
train	UN2013119	u3125
train	UN2013119	u3126
train	UN2013119	u3127
train	UN2013119	u3128
train	UN2013119	u3129
train	UN2013130	u0030
train	UN2013130	u0031
train	UN2013130	u0032
train	UN2013130	u0033
train	UN2013130	u0034
train	UN2013130	u0035
train	UN2013130	u0036
train	UN2013130	u0037
train	UN2013130	u0038
train	UN2013130	u0039
train	UN2013130	u0041
train	UN2013130	u0042
train	UN2013130	u0043
train	UN2013130	u0044
train	UN2013130	u0045
train	UN2013130	u0046
train	UN2013130	u0047
train	UN2013130	u0048
train	UN2013130	u0049
train	UN2013130	u004A
train	UN2013130	u004B
train	UN2013130	u004C
train	UN2013130	u004D
train	UN2013130	u004E
train	UN2013130	u004F
train	UN2013130	u0050
train	UN2013130	u0051
train	UN2013130	u0052
train	UN2013130	u0053
train	UN2013130	u0054
train	UN2013130	u0055
train	UN2013130	u0056
train	UN2013130	u0057
train	UN2013130	u0058
train	UN2013130	u0059
train	UN2013130	u005A
train	UN2013130	u0061
train	UN2013130	u0062
train	UN2013130	u0063
train	UN2013130	u0064
train	UN2013130	u0065
train	UN2013130	u0066
train	UN2013130	u0067
train	UN2013130	u0068
train	UN2013130	u0069
train	UN2013130	u006A
train	UN2013130	u006B
train	UN2013130	u006C
train	UN2013130	u006D
train	UN2013130	u006E
train	UN2013130	u006F
train	UN2013130	u0070
train	UN2013130	u0071
train	UN2013130	u0072
train	UN2013130	u0073
train	UN2013130	u0074
train	UN2013130	u0075
train	UN2013130	u0076
train	UN2013130	u0077
train	UN2013130	u0078
train	UN2013130	u0079
train	UN2013130	u007A
train	UN2013130	u00E0
train	UN2013130	u00E1
train	UN2013130	u00E8
train	UN2013130	u00E9
train	UN2013130	u00EA
train	UN2013130	u00ED
train	UN2013130	u00F2
train	UN2013130	u00F3
train	UN2013130	u00F9
train	UN2013130	u00FA
train	UN2013130	u00FC
train	UN2013130	u0101
train	UN2013130	u0113
train	UN2013130	u011B
train	UN2013130	u012B
train	UN2013130	u0144
train	UN2013130	u0148
train	UN2013130	u014D
train	UN2013130	u016B
train	UN2013140	u0030
train	UN2013140	u0031
train	UN2013140	u0032
train	UN2013140	u0033
train	UN2013140	u0034
train	UN2013140	u0035
train	UN2013140	u0036
train	UN2013140	u0037
train	UN2013140	u0038
train	UN2013140	u0039
train	UN2013140	u0041
train	UN2013140	u0042
train	UN2013140	u0043
train	UN2013140	u0044
train	UN2013140	u0045
train	UN2013140	u0046
train	UN2013140	u0047
train	UN2013140	u0048
train	UN2013140	u0049
train	UN2013140	u004A
train	UN2013140	u004B
train	UN2013140	u004C
train	UN2013140	u004D
train	UN2013140	u004E
train	UN2013140	u004F
train	UN2013140	u0050
train	UN2013140	u0051
train	UN2013140	u0052
train	UN2013140	u0053
train	UN2013140	u0054
train	UN2013140	u0055
train	UN2013140	u0056
train	UN2013140	u0057
train	UN2013140	u0058
train	UN2013140	u0059
train	UN2013140	u005A
train	UN2013140	u0061
train	UN2013140	u0062
train	UN2013140	u0063
train	UN2013140	u0064
train	UN2013140	u0065
train	UN2013140	u0066
train	UN2013140	u0067
train	UN2013140	u0068
train	UN2013140	u0069
train	UN2013140	u006A
train	UN2013140	u006B
train	UN2013140	u006C
train	UN2013140	u006D
train	UN2013140	u006E
train	UN2013140	u006F
train	UN2013140	u0070
train	UN2013140	u0071
train	UN2013140	u0072
train	UN2013140	u0073
train	UN2013140	u0074
train	UN2013140	u0075
train	UN2013140	u0076
train	UN2013140	u0077
train	UN2013140	u0078
train	UN2013140	u0079
train	UN2013140	u007A
train	UN2013155	u0030
train	UN2013155	u0031
train	UN2013155	u0032
train	UN2013155	u0033
train	UN2013155	u0034
train	UN2013155	u0035
train	UN2013155	u0036
train	UN2013155	u0037
train	UN2013155	u0038
train	UN2013155	u0039
train	UN2013155	u0041
train	UN2013155	u0042
train	UN2013155	u0043
train	UN2013155	u0044
train	UN2013155	u0045
train	UN2013155	u0046
train	UN2013155	u0047
train	UN2013155	u0048
train	UN2013155	u0049
train	UN2013155	u004A
train	UN2013155	u004B
train	UN2013155	u004C
train	UN2013155	u004D
train	UN2013155	u004E
train	UN2013155	u004F
train	UN2013155	u0050
train	UN2013155	u0051
train	UN2013155	u0052
train	UN2013155	u0053
train	UN2013155	u0054
train	UN2013155	u0055
train	UN2013155	u0056
train	UN2013155	u0057
train	UN2013155	u0058
train	UN2013155	u0059
train	UN2013155	u005A
train	UN2013155	u0061
train	UN2013155	u0062
train	UN2013155	u0063
train	UN2013155	u0064
train	UN2013155	u0065
train	UN2013155	u0066
train	UN2013155	u0067
train	UN2013155	u0068
train	UN2013155	u0069
train	UN2013155	u006A
train	UN2013155	u006B
train	UN2013155	u006C
train	UN2013155	u006D
train	UN2013155	u006E
train	UN2013155	u006F
train	UN2013155	u0070
train	UN2013155	u0071
train	UN2013155	u0072
train	UN2013155	u0073
train	UN2013155	u0074
train	UN2013155	u0075
train	UN2013155	u0076
train	UN2013155	u0077
train	UN2013155	u0078
train	UN2013155	u0079
train	UN2013155	u007A
train	UN2013155	u00E0
train	UN2013155	u00E1
train	UN2013155	u00E8
train	UN2013155	u00E9
train	UN2013155	u00EA
train	UN2013155	u00ED
train	UN2013155	u00F2
train	UN2013155	u00F3
train	UN2013155	u00F9
train	UN2013155	u00FA
train	UN2013155	u00FC
train	UN2013155	u0101
train	UN2013155	u0113
train	UN2013155	u011B
train	UN2013155	u012B
train	UN2013155	u0144
train	UN2013155	u0148
train	UN2013155	u014D
train	UN2013155	u016B
train	UN2013155	u01CE
train	UN2013155	u01D0
train	UN2013155	u01D2
train	UN2013155	u01D4
train	UN2013155	u01D6
train	UN2013155	u01D8
train	UN2013155	u01DA
train	UN2013155	u01DC
train	UN2013164	u0030
train	UN2013164	u0031
train	UN2013164	u0032
train	UN2013164	u0033
train	UN2013164	u0034
train	UN2013164	u0035
train	UN2013164	u0036
train	UN2013164	u0037
train	UN2013164	u0038
train	UN2013164	u0039
train	UN2013164	u0041
train	UN2013164	u0042
train	UN2013164	u0043
train	UN2013164	u0044
train	UN2013164	u0045
train	UN2013164	u0046
train	UN2013164	u0047
train	UN2013164	u0048
train	UN2013164	u0049
train	UN2013164	u004A
train	UN2013164	u004B
train	UN2013164	u004C
train	UN2013164	u004D
train	UN2013164	u004E
train	UN2013164	u004F
train	UN2013164	u0050
train	UN2013164	u0051
train	UN2013164	u0052
train	UN2013164	u0053
train	UN2013164	u0054
train	UN2013164	u0055
train	UN2013164	u0056
train	UN2013164	u0057
train	UN2013164	u0058
train	UN2013164	u0059
train	UN2013164	u005A
train	UN2013164	u0061
train	UN2013164	u0062
train	UN2013164	u0063
train	UN2013164	u0064
train	UN2013164	u0065
train	UN2013164	u0066
train	UN2013164	u0067
train	UN2013164	u0068
train	UN2013164	u0069
train	UN2013164	u006A
train	UN2013164	u006B
train	UN2013164	u006C
train	UN2013164	u006D
train	UN2013164	u006E
train	UN2013164	u006F
train	UN2013164	u0070
train	UN2013164	u0071
train	UN2013164	u0072
train	UN2013164	u0073
train	UN2013164	u0074
train	UN2013164	u0075
train	UN2013164	u0076
train	UN2013164	u0077
train	UN2013164	u0078
train	UN2013164	u0079
train	UN2013164	u007A
train	UN2013218	u0030
train	UN2013218	u0031
train	UN2013218	u0032
train	UN2013218	u0033
train	UN2013218	u0034
train	UN2013218	u0035
train	UN2013218	u0036
train	UN2013218	u0037
train	UN2013218	u0038
train	UN2013218	u0039
train	UN2013218	u0041
train	UN2013218	u0042
train	UN2013218	u0043
train	UN2013218	u0044
train	UN2013218	u0045
train	UN2013218	u0046
train	UN2013218	u0047
train	UN2013218	u0048
train	UN2013218	u0049
train	UN2013218	u004A
train	UN2013218	u004B
train	UN2013218	u004C
train	UN2013218	u004D
train	UN2013218	u004E
train	UN2013218	u004F
train	UN2013218	u0050
train	UN2013218	u0051
train	UN2013218	u0052
train	UN2013218	u0053
train	UN2013218	u0054
train	UN2013218	u0055
train	UN2013218	u0056
train	UN2013218	u0057
train	UN2013218	u0058
train	UN2013218	u0059
train	UN2013218	u005A
train	UN2013218	u0061
train	UN2013218	u0062
train	UN2013218	u0063
train	UN2013218	u0064
train	UN2013218	u0065
train	UN2013218	u0066
train	UN2013218	u0067
train	UN2013218	u0068
train	UN2013218	u0069
train	UN2013218	u006A
train	UN2013218	u006B
train	UN2013218	u006C
train	UN2013218	u006D
train	UN2013218	u006E
train	UN2013218	u006F
train	UN2013218	u0070
train	UN2013218	u0071
train	UN2013218	u0072
train	UN2013218	u0073
train	UN2013218	u0074
train	UN2013218	u0075
train	UN2013218	u0076
train	UN2013218	u0077
train	UN2013218	u0078
train	UN2013218	u0079
train	UN2013218	u007A
train	UN2013218	u00E0
train	UN2013218	u00E1
train	UN2013218	u00E8
train	UN2013218	u00E9
train	UN2013218	u00EA
train	UN2013218	u00ED
train	UN2013218	u00F2
train	UN2013218	u00F3
train	UN2013218	u00F9
train	UN2013218	u00FA
train	UN2013218	u00FC
train	UN2013218	u0101
train	UN2013218	u0113
train	UN2013218	u011B
train	UN2013218	u012B
train	UN2013218	u0144
train	UN2013218	u0148
train	UN2013218	u014D
train	UN2013218	u016B
train	UN2013218	u01CE
train	UN2013218	u01D0
train	UN2013218	u01D2
train	UN2013218	u01D4
train	UN2013218	u01D6
train	UN2013218	u01D8
train	UN2013218	u01DA
train	UN2013218	u01DC
train	UN2013224	u0030
train	UN2013224	u0031
train	UN2013224	u0032
train	UN2013224	u0033
train	UN2013224	u0034
train	UN2013224	u0035
train	UN2013224	u0036
train	UN2013224	u0037
train	UN2013224	u0038
train	UN2013224	u0039
train	UN2013224	u0041
train	UN2013224	u0042
train	UN2013224	u0043
train	UN2013224	u0044
train	UN2013224	u0045
train	UN2013224	u0046
train	UN2013224	u0047
train	UN2013224	u0048
train	UN2013224	u0049
train	UN2013224	u004A
train	UN2013224	u004B
train	UN2013224	u004C
train	UN2013224	u004D
train	UN2013224	u004E
train	UN2013224	u004F
train	UN2013224	u0050
train	UN2013224	u0051
train	UN2013224	u0052
train	UN2013224	u0053
train	UN2013224	u0054
train	UN2013224	u0055
train	UN2013224	u0056
train	UN2013224	u0057
train	UN2013224	u0058
train	UN2013224	u0059
train	UN2013224	u005A
train	UN2013224	u0061
train	UN2013224	u0062
train	UN2013224	u0063
train	UN2013224	u0064
train	UN2013224	u0065
train	UN2013224	u0066
train	UN2013224	u0067
train	UN2013224	u0068
train	UN2013224	u0069
train	UN2013224	u006A
train	UN2013224	u006B
train	UN2013224	u006C
train	UN2013224	u006D
train	UN2013224	u006E
train	UN2013224	u006F
train	UN2013224	u0070
train	UN2013224	u0071
train	UN2013224	u0072
train	UN2013224	u0073
train	UN2013224	u0074
train	UN2013224	u0075
train	UN2013224	u0076
train	UN2013224	u0077
train	UN2013224	u0078
train	UN2013224	u0079
train	UN2013224	u007A
train	UN2013224	u00E0
train	UN2013224	u00E1
train	UN2013224	u00E8
train	UN2013224	u00E9
train	UN2013224	u00EA
train	UN2013224	u00ED
train	UN2013224	u00F2
train	UN2013224	u00F3
train	UN2013224	u00F9
train	UN2013224	u00FA
train	UN2013224	u00FC
train	UN2013224	u0101
train	UN2013224	u0113
train	UN2013224	u011B
train	UN2013224	u012B
train	UN2013224	u0144
train	UN2013224	u0148
train	UN2013224	u014D
train	UN2013224	u016B
train	UN2013224	u01CE
train	UN2013224	u01D0
train	UN2013224	u01D2
train	UN2013224	u01D4
train	UN2013224	u01D6
train	UN2013224	u01D8
train	UN2013224	u01DA
train	UN2013224	u01DC
train	UN2013229	u0030
train	UN2013229	u0031
train	UN2013229	u0032
train	UN2013229	u0033
train	UN2013229	u0034
train	UN2013229	u0035
train	UN2013229	u0036
train	UN2013229	u0037
train	UN2013229	u0038
train	UN2013229	u0039
train	UN2013229	u0041
train	UN2013229	u0042
train	UN2013229	u0043
train	UN2013229	u0044
train	UN2013229	u0045
train	UN2013229	u0046
train	UN2013229	u0047
train	UN2013229	u0048
train	UN2013229	u0049
train	UN2013229	u004A
train	UN2013229	u004B
train	UN2013229	u004C
train	UN2013229	u004D
train	UN2013229	u004E
train	UN2013229	u004F
train	UN2013229	u0050
train	UN2013229	u0051
train	UN2013229	u0052
train	UN2013229	u0053
train	UN2013229	u0054
train	UN2013229	u0055
train	UN2013229	u0056
train	UN2013229	u0057
train	UN2013229	u0058
train	UN2013229	u0059
train	UN2013229	u005A
train	UN2013229	u0061
train	UN2013229	u0062
train	UN2013229	u0063
train	UN2013229	u0064
train	UN2013229	u0065
train	UN2013229	u0066
train	UN2013229	u0067
train	UN2013229	u0068
train	UN2013229	u0069
train	UN2013229	u006A
train	UN2013229	u006B
train	UN2013229	u006C
train	UN2013229	u006D
train	UN2013229	u006E
train	UN2013229	u006F
train	UN2013229	u0070
train	UN2013229	u0071
train	UN2013229	u0072
train	UN2013229	u0073
train	UN2013229	u0074
train	UN2013229	u0075
train	UN2013229	u0076
train	UN2013229	u0077
train	UN2013229	u0078
train	UN2013229	u0079
train	UN2013229	u007A
train	UN2013229	u00E0
train	UN2013229	u00E1
train	UN2013229	u00E8
train	UN2013229	u00E9
train	UN2013229	u00EA
train	UN2013229	u00ED
train	UN2013229	u00F2
train	UN2013229	u00F3
train	UN2013229	u00F9
train	UN2013229	u00FA
train	UN2013229	u00FC
train	UN2013229	u0101
train	UN2013229	u0113
train	UN2013229	u011B
train	UN2013229	u012B
train	UN2013229	u0144
train	UN2013229	u0148
train	UN2013229	u014D
train	UN2013229	u016B
train	UN2013229	u01CE
train	UN2013229	u01D0
train	UN2013229	u01D2
train	UN2013229	u01D4
train	UN2013229	u01D6
train	UN2013229	u01D8
train	UN2013229	u01DA
train	UN2013229	u01DC
train	UN2013229	u3041
train	UN2013229	u3042
train	UN2013229	u3043
train	UN2013229	u3044
train	UN2013229	u3045
train	UN2013229	u3046
train	UN2013229	u3047
train	UN2013229	u3048
train	UN2013229	u3049
train	UN2013229	u304A
train	UN2013229	u304B
train	UN2013229	u304C
train	UN2013229	u304D
train	UN2013229	u304E
train	UN2013229	u304F
train	UN2013229	u3050
train	UN2013229	u3051
train	UN2013229	u3052
train	UN2013229	u3053
train	UN2013229	u3054
train	UN2013229	u3055
train	UN2013229	u3056
train	UN2013229	u3057
train	UN2013229	u3058
train	UN2013229	u3059
train	UN2013229	u305A
train	UN2013229	u305B
train	UN2013229	u305C
train	UN2013229	u305D
train	UN2013229	u305E
train	UN2013229	u305F
train	UN2013229	u3060
train	UN2013229	u3061
train	UN2013229	u3062
train	UN2013229	u3063
train	UN2013229	u3064
train	UN2013229	u3065
train	UN2013229	u3066
train	UN2013229	u3067
train	UN2013229	u3068
train	UN2013229	u3069
train	UN2013229	u306A
train	UN2013229	u306B
train	UN2013229	u306C
train	UN2013229	u306D
train	UN2013229	u306E
train	UN2013229	u306F
train	UN2013229	u3070
train	UN2013229	u3071
train	UN2013229	u3072
train	UN2013229	u3073
train	UN2013229	u3074
train	UN2013229	u3075
train	UN2013229	u3076
train	UN2013229	u3077
train	UN2013229	u3078
train	UN2013229	u3079
train	UN2013229	u307A
train	UN2013229	u307B
train	UN2013229	u307C
train	UN2013229	u307D
train	UN2013229	u307E
train	UN2013229	u307F
train	UN2013229	u3080
train	UN2013229	u3081
train	UN2013229	u3082
train	UN2013229	u3083
train	UN2013229	u3084
train	UN2013229	u3085
train	UN2013229	u3086
train	UN2013229	u3087
train	UN2013229	u3088
train	UN2013229	u3089
train	UN2013229	u308A
train	UN2013229	u308B
train	UN2013229	u308C
train	UN2013229	u308D
train	UN2013229	u308E
train	UN2013229	u308F
train	UN2013229	u3090
train	UN2013229	u3091
train	UN2013229	u3092
train	UN2013229	u3093
train	UN2013229	u30A1
train	UN2013229	u30A2
train	UN2013229	u30A3
train	UN2013229	u30A4
train	UN2013229	u30A5
train	UN2013229	u30A6
train	UN2013229	u30A7
train	UN2013229	u30A8
train	UN2013229	u30A9
train	UN2013229	u30AA
train	UN2013229	u30AB
train	UN2013229	u30AC
train	UN2013229	u30AD
train	UN2013229	u30AE
train	UN2013229	u30AF
train	UN2013229	u30B0
train	UN2013229	u30B1
train	UN2013229	u30B2
train	UN2013229	u30B3
train	UN2013229	u30B4
train	UN2013229	u30B5
train	UN2013229	u30B6
train	UN2013229	u30B7
train	UN2013229	u30B8
train	UN2013229	u30B9
train	UN2013229	u30BA
train	UN2013229	u30BB
train	UN2013229	u30BC
train	UN2013229	u30BD
train	UN2013229	u30BE
train	UN2013229	u30BF
train	UN2013229	u30C0
train	UN2013229	u30C1
train	UN2013229	u30C2
train	UN2013229	u30C3
train	UN2013229	u30C4
train	UN2013229	u30C5
train	UN2013229	u30C6
train	UN2013229	u30C7
train	UN2013229	u30C8
train	UN2013229	u30C9
train	UN2013229	u30CA
train	UN2013229	u30CB
train	UN2013229	u30CC
train	UN2013229	u30CD
train	UN2013229	u30CE
train	UN2013229	u30CF
train	UN2013229	u30D0
train	UN2013229	u30D1
train	UN2013229	u30D2
train	UN2013229	u30D3
train	UN2013229	u30D4
train	UN2013229	u30D5
train	UN2013229	u30D6
train	UN2013229	u30D7
train	UN2013229	u30D8
train	UN2013229	u30D9
train	UN2013229	u30DA
train	UN2013229	u30DB
train	UN2013229	u30DC
train	UN2013229	u30DD
train	UN2013229	u30DE
train	UN2013229	u30DF
train	UN2013229	u30E0
train	UN2013229	u30E1
train	UN2013229	u30E2
train	UN2013229	u30E3
train	UN2013229	u30E4
train	UN2013229	u30E5
train	UN2013229	u30E6
train	UN2013229	u30E7
train	UN2013229	u30E8
train	UN2013229	u30E9
train	UN2013229	u30EA
train	UN2013229	u30EB
train	UN2013229	u30EC
train	UN2013229	u30ED
train	UN2013229	u30EE
train	UN2013229	u30EF
train	UN2013229	u30F0
train	UN2013229	u30F1
train	UN2013229	u30F2
train	UN2013229	u30F3
train	UN2013229	u30F4
train	UN2013229	u30F5
train	UN2013229	u30F6
train	UN2013229	u3105
train	UN2013229	u3106
train	UN2013229	u3107
train	UN2013229	u3108
train	UN2013229	u3109
train	UN2013229	u310A
train	UN2013229	u310B
train	UN2013229	u310C
train	UN2013229	u310D
train	UN2013229	u310E
train	UN2013229	u310F
train	UN2013229	u3110
train	UN2013229	u3111
train	UN2013229	u3112
train	UN2013229	u3113
train	UN2013229	u3114
train	UN2013229	u3115
train	UN2013229	u3116
train	UN2013229	u3117
train	UN2013229	u3118
train	UN2013229	u3119
train	UN2013229	u311A
train	UN2013229	u311B
train	UN2013229	u311C
train	UN2013229	u311D
train	UN2013229	u311E
train	UN2013229	u311F
train	UN2013229	u3120
train	UN2013229	u3121
train	UN2013229	u3122
train	UN2013229	u3123
train	UN2013229	u3124
train	UN2013229	u3125
train	UN2013229	u3126
train	UN2013229	u3127
train	UN2013229	u3128
train	UN2013229	u3129
train	UN2013232	u0030
train	UN2013232	u0031
train	UN2013232	u0032
train	UN2013232	u0033
train	UN2013232	u0034
train	UN2013232	u0035
train	UN2013232	u0036
train	UN2013232	u0037
train	UN2013232	u0038
train	UN2013232	u0039
train	UN2013232	u0041
train	UN2013232	u0042
train	UN2013232	u0043
train	UN2013232	u0044
train	UN2013232	u0045
train	UN2013232	u0046
train	UN2013232	u0047
train	UN2013232	u0048
train	UN2013232	u0049
train	UN2013232	u004A
train	UN2013232	u004B
train	UN2013232	u004C
train	UN2013232	u004D
train	UN2013232	u004E
train	UN2013232	u004F
train	UN2013232	u0050
train	UN2013232	u0051
train	UN2013232	u0052
train	UN2013232	u0053
train	UN2013232	u0054
train	UN2013232	u0055
train	UN2013232	u0056
train	UN2013232	u0057
train	UN2013232	u0058
train	UN2013232	u0059
train	UN2013232	u005A
train	UN2013232	u0061
train	UN2013232	u0062
train	UN2013232	u0063
train	UN2013232	u0064
train	UN2013232	u0065
train	UN2013232	u0066
train	UN2013232	u0067
train	UN2013232	u0068
train	UN2013232	u0069
train	UN2013232	u006A
train	UN2013232	u006B
train	UN2013232	u006C
train	UN2013232	u006D
train	UN2013232	u006E
train	UN2013232	u006F
train	UN2013232	u0070
train	UN2013232	u0071
train	UN2013232	u0072
train	UN2013232	u0073
train	UN2013232	u0074
train	UN2013232	u0075
train	UN2013232	u0076
train	UN2013232	u0077
train	UN2013232	u0078
train	UN2013232	u0079
train	UN2013232	u007A
train	UN2013232	u00E0
train	UN2013232	u00E1
train	UN2013232	u00E8
train	UN2013232	u00E9
train	UN2013232	u00EA
train	UN2013232	u00ED
train	UN2013232	u00F2
train	UN2013232	u00F3
train	UN2013232	u00F9
train	UN2013232	u00FA
train	UN2013232	u00FC
train	UN2013232	u0101
train	UN2013232	u0113
train	UN2013232	u011B
train	UN2013232	u012B
train	UN2013232	u0144
train	UN2013232	u0148
train	UN2013232	u014D
train	UN2013232	u016B
train	UN2013232	u01CE
train	UN2013232	u01D0
train	UN2013232	u01D2
train	UN2013232	u01D4
train	UN2013232	u01D6
train	UN2013232	u01D8
train	UN2013232	u01DA
train	UN2013232	u01DC
train	UN2013232	u3041
train	UN2013232	u3042
train	UN2013232	u3043
train	UN2013232	u3044
train	UN2013232	u3045
train	UN2013232	u3046
train	UN2013232	u3047
train	UN2013232	u3048
train	UN2013232	u3049
train	UN2013232	u304A
train	UN2013232	u304B
train	UN2013232	u304C
train	UN2013232	u304D
train	UN2013232	u304E
train	UN2013232	u304F
train	UN2013232	u3050
train	UN2013232	u3051
train	UN2013232	u3052
train	UN2013232	u3053
train	UN2013232	u3054
train	UN2013232	u3055
train	UN2013232	u3056
train	UN2013232	u3057
train	UN2013232	u3058
train	UN2013232	u3059
train	UN2013232	u305A
train	UN2013232	u305B
train	UN2013232	u305C
train	UN2013232	u305D
train	UN2013232	u305E
train	UN2013232	u305F
train	UN2013232	u3060
train	UN2013232	u3061
train	UN2013232	u3062
train	UN2013232	u3063
train	UN2013232	u3064
train	UN2013232	u3065
train	UN2013232	u3066
train	UN2013232	u3067
train	UN2013232	u3068
train	UN2013232	u3069
train	UN2013232	u306A
train	UN2013232	u306B
train	UN2013232	u306C
train	UN2013232	u306D
train	UN2013232	u306E
train	UN2013232	u306F
train	UN2013232	u3070
train	UN2013232	u3071
train	UN2013232	u3072
train	UN2013232	u3073
train	UN2013232	u3074
train	UN2013232	u3075
train	UN2013232	u3076
train	UN2013232	u3077
train	UN2013232	u3078
train	UN2013232	u3079
train	UN2013232	u307A
train	UN2013232	u307B
train	UN2013232	u307C
train	UN2013232	u307D
train	UN2013232	u307E
train	UN2013232	u307F
train	UN2013232	u3080
train	UN2013232	u3081
train	UN2013232	u3082
train	UN2013232	u3083
train	UN2013232	u3084
train	UN2013232	u3085
train	UN2013232	u3086
train	UN2013232	u3087
train	UN2013232	u3088
train	UN2013232	u3089
train	UN2013232	u308A
train	UN2013232	u308B
train	UN2013232	u308C
train	UN2013232	u308D
train	UN2013232	u308E
train	UN2013232	u308F
train	UN2013232	u3090
train	UN2013232	u3091
train	UN2013232	u3092
train	UN2013232	u3093
train	UN2013232	u30A1
train	UN2013232	u30A2
train	UN2013232	u30A3
train	UN2013232	u30A4
train	UN2013232	u30A5
train	UN2013232	u30A6
train	UN2013232	u30A7
train	UN2013232	u30A8
train	UN2013232	u30A9
train	UN2013232	u30AA
train	UN2013232	u30AB
train	UN2013232	u30AC
train	UN2013232	u30AD
train	UN2013232	u30AE
train	UN2013232	u30AF
train	UN2013232	u30B0
train	UN2013232	u30B1
train	UN2013232	u30B2
train	UN2013232	u30B3
train	UN2013232	u30B4
train	UN2013232	u30B5
train	UN2013232	u30B6
train	UN2013232	u30B7
train	UN2013232	u30B8
train	UN2013232	u30B9
train	UN2013232	u30BA
train	UN2013232	u30BB
train	UN2013232	u30BC
train	UN2013232	u30BD
train	UN2013232	u30BE
train	UN2013232	u30BF
train	UN2013232	u30C0
train	UN2013232	u30C1
train	UN2013232	u30C2
train	UN2013232	u30C3
train	UN2013232	u30C4
train	UN2013232	u30C5
train	UN2013232	u30C6
train	UN2013232	u30C7
train	UN2013232	u30C8
train	UN2013232	u30C9
train	UN2013232	u30CA
train	UN2013232	u30CB
train	UN2013232	u30CC
train	UN2013232	u30CD
train	UN2013232	u30CE
train	UN2013232	u30CF
train	UN2013232	u30D0
train	UN2013232	u30D1
train	UN2013232	u30D2
train	UN2013232	u30D3
train	UN2013232	u30D4
train	UN2013232	u30D5
train	UN2013232	u30D6
train	UN2013232	u30D7
train	UN2013232	u30D8
train	UN2013232	u30D9
train	UN2013232	u30DA
train	UN2013232	u30DB
train	UN2013232	u30DC
train	UN2013232	u30DD
train	UN2013232	u30DE
train	UN2013232	u30DF
train	UN2013232	u30E0
train	UN2013232	u30E1
train	UN2013232	u30E2
train	UN2013232	u30E3
train	UN2013232	u30E4
train	UN2013232	u30E5
train	UN2013232	u30E6
train	UN2013232	u30E7
train	UN2013232	u30E8
train	UN2013232	u30E9
train	UN2013232	u30EA
train	UN2013232	u30EB
train	UN2013232	u30EC
train	UN2013232	u30ED
train	UN2013232	u30EE
train	UN2013232	u30EF
train	UN2013232	u30F0
train	UN2013232	u30F1
train	UN2013232	u30F2
train	UN2013232	u30F3
train	UN2013232	u30F4
train	UN2013232	u30F5
train	UN2013232	u30F6
train	UN2013232	u3105
train	UN2013232	u3106
train	UN2013232	u3107
train	UN2013232	u3108
train	UN2013232	u3109
train	UN2013232	u310A
train	UN2013232	u310B
train	UN2013232	u310C
train	UN2013232	u310D
train	UN2013232	u310E
train	UN2013232	u310F
train	UN2013232	u3110
train	UN2013232	u3111
train	UN2013232	u3112
train	UN2013232	u3113
train	UN2013232	u3114
train	UN2013232	u3115
train	UN2013232	u3116
train	UN2013232	u3117
train	UN2013232	u3118
train	UN2013232	u3119
train	UN2013232	u311A
train	UN2013232	u311B
train	UN2013232	u311C
train	UN2013232	u311D
train	UN2013232	u311E
train	UN2013232	u311F
train	UN2013232	u3120
train	UN2013232	u3121
train	UN2013232	u3122
train	UN2013232	u3123
train	UN2013232	u3124
train	UN2013232	u3125
train	UN2013232	u3126
train	UN2013232	u3127
train	UN2013232	u3128
train	UN2013232	u3129
train	UN2013270	u0030
train	UN2013270	u0031
train	UN2013270	u0032
train	UN2013270	u0033
train	UN2013270	u0034
train	UN2013270	u0035
train	UN2013270	u0036
train	UN2013270	u0037
train	UN2013270	u0038
train	UN2013270	u0039
train	UN2013270	u0041
train	UN2013270	u0042
train	UN2013270	u0043
train	UN2013270	u0044
train	UN2013270	u0045
train	UN2013270	u0046
train	UN2013270	u0047
train	UN2013270	u0048
train	UN2013270	u0049
train	UN2013270	u004A
train	UN2013270	u004B
train	UN2013270	u004C
train	UN2013270	u004D
train	UN2013270	u004E
train	UN2013270	u004F
train	UN2013270	u0050
train	UN2013270	u0051
train	UN2013270	u0052
train	UN2013270	u0053
train	UN2013270	u0054
train	UN2013270	u0055
train	UN2013270	u0056
train	UN2013270	u0057
train	UN2013270	u0058
train	UN2013270	u0059
train	UN2013270	u005A
train	UN2013270	u0061
train	UN2013270	u0062
train	UN2013270	u0063
train	UN2013270	u0064
train	UN2013270	u0065
train	UN2013270	u0066
train	UN2013270	u0067
train	UN2013270	u0068
train	UN2013270	u0069
train	UN2013270	u006A
train	UN2013270	u006B
train	UN2013270	u006C
train	UN2013270	u006D
train	UN2013270	u006E
train	UN2013270	u006F
train	UN2013270	u0070
train	UN2013270	u0071
train	UN2013270	u0072
train	UN2013270	u0073
train	UN2013270	u0074
train	UN2013270	u0075
train	UN2013270	u0076
train	UN2013270	u0077
train	UN2013270	u0078
train	UN2013270	u0079
train	UN2013270	u007A
train	UN2013270	u00E0
train	UN2013270	u00E1
train	UN2013270	u00E8
train	UN2013270	u00E9
train	UN2013270	u00EA
train	UN2013270	u00ED
train	UN2013270	u00F2
train	UN2013270	u00F3
train	UN2013270	u00F9
train	UN2013270	u00FA
train	UN2013270	u00FC
train	UN2013270	u0101
train	UN2013270	u0113
train	UN2013270	u011B
train	UN2013270	u012B
train	UN2013270	u0144
train	UN2013270	u0148
train	UN2013270	u014D
train	UN2013270	u016B
train	UN2013270	u01CE
train	UN2013270	u01D0
train	UN2013270	u01D2
train	UN2013270	u01D4
train	UN2013270	u01D6
train	UN2013270	u01D8
train	UN2013270	u01DA
train	UN2013270	u01DC
train	UN2013275	u0030
train	UN2013275	u0031
train	UN2013275	u0032
train	UN2013275	u0033
train	UN2013275	u0034
train	UN2013275	u0035
train	UN2013275	u0036
train	UN2013275	u0037
train	UN2013275	u0038
train	UN2013275	u0039
train	UN2013275	u0041
train	UN2013275	u0042
train	UN2013275	u0043
train	UN2013275	u0044
train	UN2013275	u0045
train	UN2013275	u0046
train	UN2013275	u0047
train	UN2013275	u0048
train	UN2013275	u0049
train	UN2013275	u004A
train	UN2013275	u004B
train	UN2013275	u004C
train	UN2013275	u004D
train	UN2013275	u004E
train	UN2013275	u004F
train	UN2013275	u0050
train	UN2013275	u0051
train	UN2013275	u0052
train	UN2013275	u0053
train	UN2013275	u0054
train	UN2013275	u0055
train	UN2013275	u0056
train	UN2013275	u0057
train	UN2013275	u0058
train	UN2013275	u0059
train	UN2013275	u005A
train	UN2013275	u0061
train	UN2013275	u0062
train	UN2013275	u0063
train	UN2013275	u0064
train	UN2013275	u0065
train	UN2013275	u0066
train	UN2013275	u0067
train	UN2013275	u0068
train	UN2013275	u0069
train	UN2013275	u006A
train	UN2013275	u006B
train	UN2013275	u006C
train	UN2013275	u006D
train	UN2013275	u006E
train	UN2013275	u006F
train	UN2013275	u0070
train	UN2013275	u0071
train	UN2013275	u0072
train	UN2013275	u0073
train	UN2013275	u0074
train	UN2013275	u0075
train	UN2013275	u0076
train	UN2013275	u0077
train	UN2013275	u0078
train	UN2013275	u0079
train	UN2013275	u007A
train	UN2013275	u00E0
train	UN2013275	u00E1
train	UN2013275	u00E8
train	UN2013275	u00E9
train	UN2013275	u00EA
train	UN2013275	u00ED
train	UN2013275	u00F2
train	UN2013275	u00F3
train	UN2013275	u00F9
train	UN2013275	u00FA
train	UN2013275	u00FC
train	UN2013275	u0101
train	UN2013275	u0113
train	UN2013275	u011B
train	UN2013275	u012B
train	UN2013275	u0144
train	UN2013275	u0148
train	UN2013275	u014D
train	UN2013275	u016B
train	UN2013275	u01CE
train	UN2013275	u01D0
train	UN2013275	u01D2
train	UN2013275	u01D4
train	UN2013275	u01D6
train	UN2013275	u01D8
train	UN2013275	u01DA
train	UN2013275	u01DC
train	UN2013275	u3041
train	UN2013275	u3042
train	UN2013275	u3043
train	UN2013275	u3044
train	UN2013275	u3045
train	UN2013275	u3046
train	UN2013275	u3047
train	UN2013275	u3048
train	UN2013275	u3049
train	UN2013275	u304A
train	UN2013275	u304B
train	UN2013275	u304C
train	UN2013275	u304D
train	UN2013275	u304E
train	UN2013275	u304F
train	UN2013275	u3050
train	UN2013275	u3051
train	UN2013275	u3052
train	UN2013275	u3053
train	UN2013275	u3054
train	UN2013275	u3055
train	UN2013275	u3056
train	UN2013275	u3057
train	UN2013275	u3058
train	UN2013275	u3059
train	UN2013275	u305A
train	UN2013275	u305B
train	UN2013275	u305C
train	UN2013275	u305D
train	UN2013275	u305E
train	UN2013275	u305F
train	UN2013275	u3060
train	UN2013275	u3061
train	UN2013275	u3062
train	UN2013275	u3063
train	UN2013275	u3064
train	UN2013275	u3065
train	UN2013275	u3066
train	UN2013275	u3067
train	UN2013275	u3068
train	UN2013275	u3069
train	UN2013275	u306A
train	UN2013275	u306B
train	UN2013275	u306C
train	UN2013275	u306D
train	UN2013275	u306E
train	UN2013275	u306F
train	UN2013275	u3070
train	UN2013275	u3071
train	UN2013275	u3072
train	UN2013275	u3073
train	UN2013275	u3074
train	UN2013275	u3075
train	UN2013275	u3076
train	UN2013275	u3077
train	UN2013275	u3078
train	UN2013275	u3079
train	UN2013275	u307A
train	UN2013275	u307B
train	UN2013275	u307C
train	UN2013275	u307D
train	UN2013275	u307E
train	UN2013275	u307F
train	UN2013275	u3080
train	UN2013275	u3081
train	UN2013275	u3082
train	UN2013275	u3083
train	UN2013275	u3084
train	UN2013275	u3085
train	UN2013275	u3086
train	UN2013275	u3087
train	UN2013275	u3088
train	UN2013275	u3089
train	UN2013275	u308A
train	UN2013275	u308B
train	UN2013275	u308C
train	UN2013275	u308D
train	UN2013275	u308E
train	UN2013275	u308F
train	UN2013275	u3090
train	UN2013275	u3091
train	UN2013275	u3092
train	UN2013275	u3093
train	UN2013275	u30A1
train	UN2013275	u30A2
train	UN2013275	u30A3
train	UN2013275	u30A4
train	UN2013275	u30A5
train	UN2013275	u30A6
train	UN2013275	u30A7
train	UN2013275	u30A8
train	UN2013275	u30A9
train	UN2013275	u30AA
train	UN2013275	u30AB
train	UN2013275	u30AC
train	UN2013275	u30AD
train	UN2013275	u30AE
train	UN2013275	u30AF
train	UN2013275	u30B0
train	UN2013275	u30B1
train	UN2013275	u30B2
train	UN2013275	u30B3
train	UN2013275	u30B4
train	UN2013275	u30B5
train	UN2013275	u30B6
train	UN2013275	u30B7
train	UN2013275	u30B8
train	UN2013275	u30B9
train	UN2013275	u30BA
train	UN2013275	u30BB
train	UN2013275	u30BC
train	UN2013275	u30BD
train	UN2013275	u30BE
train	UN2013275	u30BF
train	UN2013275	u30C0
train	UN2013275	u30C1
train	UN2013275	u30C2
train	UN2013275	u30C3
train	UN2013275	u30C4
train	UN2013275	u30C5
train	UN2013275	u30C6
train	UN2013275	u30C7
train	UN2013275	u30C8
train	UN2013275	u30C9
train	UN2013275	u30CA
train	UN2013275	u30CB
train	UN2013275	u30CC
train	UN2013275	u30CD
train	UN2013275	u30CE
train	UN2013275	u30CF
train	UN2013275	u30D0
train	UN2013275	u30D1
train	UN2013275	u30D2
train	UN2013275	u30D3
train	UN2013275	u30D4
train	UN2013275	u30D5
train	UN2013275	u30D6
train	UN2013275	u30D7
train	UN2013275	u30D8
train	UN2013275	u30D9
train	UN2013275	u30DA
train	UN2013275	u30DB
train	UN2013275	u30DC
train	UN2013275	u30DD
train	UN2013275	u30DE
train	UN2013275	u30DF
train	UN2013275	u30E0
train	UN2013275	u30E1
train	UN2013275	u30E2
train	UN2013275	u30E3
train	UN2013275	u30E4
train	UN2013275	u30E5
train	UN2013275	u30E6
train	UN2013275	u30E7
train	UN2013275	u30E8
train	UN2013275	u30E9
train	UN2013275	u30EA
train	UN2013275	u30EB
train	UN2013275	u30EC
train	UN2013275	u30ED
train	UN2013275	u30EE
train	UN2013275	u30EF
train	UN2013275	u30F0
train	UN2013275	u30F1
train	UN2013275	u30F2
train	UN2013275	u30F3
train	UN2013275	u30F4
train	UN2013275	u30F5
train	UN2013275	u30F6
train	UN2013275	u3105
train	UN2013275	u3106
train	UN2013275	u3107
train	UN2013275	u3108
train	UN2013275	u3109
train	UN2013275	u310A
train	UN2013275	u310B
train	UN2013275	u310C
train	UN2013275	u310D
train	UN2013275	u310E
train	UN2013275	u310F
train	UN2013275	u3110
train	UN2013275	u3111
train	UN2013275	u3112
train	UN2013275	u3113
train	UN2013275	u3114
train	UN2013275	u3115
train	UN2013275	u3116
train	UN2013275	u3117
train	UN2013275	u3118
train	UN2013275	u3119
train	UN2013275	u311A
train	UN2013275	u311B
train	UN2013275	u311C
train	UN2013275	u311D
train	UN2013275	u311E
train	UN2013275	u311F
train	UN2013275	u3120
train	UN2013275	u3121
train	UN2013275	u3122
train	UN2013275	u3123
train	UN2013275	u3124
train	UN2013275	u3125
train	UN2013275	u3126
train	UN2013275	u3127
train	UN2013275	u3128
train	UN2013275	u3129
train	UN2013278	u0030
train	UN2013278	u0031
train	UN2013278	u0032
train	UN2013278	u0033
train	UN2013278	u0034
train	UN2013278	u0035
train	UN2013278	u0036
train	UN2013278	u0037
train	UN2013278	u0038
train	UN2013278	u0039
train	UN2013278	u0041
train	UN2013278	u0042
train	UN2013278	u0043
train	UN2013278	u0044
train	UN2013278	u0045
train	UN2013278	u0046
train	UN2013278	u0047
train	UN2013278	u0048
train	UN2013278	u0049
train	UN2013278	u004A
train	UN2013278	u004B
train	UN2013278	u004C
train	UN2013278	u004D
train	UN2013278	u004E
train	UN2013278	u004F
train	UN2013278	u0050
train	UN2013278	u0051
train	UN2013278	u0052
train	UN2013278	u0053
train	UN2013278	u0054
train	UN2013278	u0055
train	UN2013278	u0056
train	UN2013278	u0057
train	UN2013278	u0058
train	UN2013278	u0059
train	UN2013278	u005A
train	UN2013278	u0061
train	UN2013278	u0062
train	UN2013278	u0063
train	UN2013278	u0064
train	UN2013278	u0065
train	UN2013278	u0066
train	UN2013278	u0067
train	UN2013278	u0068
train	UN2013278	u0069
train	UN2013278	u006A
train	UN2013278	u006B
train	UN2013278	u006C
train	UN2013278	u006D
train	UN2013278	u006E
train	UN2013278	u006F
train	UN2013278	u0070
train	UN2013278	u0071
train	UN2013278	u0072
train	UN2013278	u0073
train	UN2013278	u0074
train	UN2013278	u0075
train	UN2013278	u0076
train	UN2013278	u0077
train	UN2013278	u0078
train	UN2013278	u0079
train	UN2013278	u007A
train	UN2013293	u0030
train	UN2013293	u0031
train	UN2013293	u0032
train	UN2013293	u0033
train	UN2013293	u0034
train	UN2013293	u0035
train	UN2013293	u0036
train	UN2013293	u0037
train	UN2013293	u0038
train	UN2013293	u0039
train	UN2013293	u0041
train	UN2013293	u0042
train	UN2013293	u0043
train	UN2013293	u0044
train	UN2013293	u0045
train	UN2013293	u0046
train	UN2013293	u0047
train	UN2013293	u0048
train	UN2013293	u0049
train	UN2013293	u004A
train	UN2013293	u004B
train	UN2013293	u004C
train	UN2013293	u004D
train	UN2013293	u004E
train	UN2013293	u004F
train	UN2013293	u0050
train	UN2013293	u0051
train	UN2013293	u0052
train	UN2013293	u0053
train	UN2013293	u0054
train	UN2013293	u0055
train	UN2013293	u0056
train	UN2013293	u0057
train	UN2013293	u0058
train	UN2013293	u0059
train	UN2013293	u005A
train	UN2013293	u0061
train	UN2013293	u0062
train	UN2013293	u0063
train	UN2013293	u0064
train	UN2013293	u0065
train	UN2013293	u0066
train	UN2013293	u0067
train	UN2013293	u0068
train	UN2013293	u0069
train	UN2013293	u006A
train	UN2013293	u006B
train	UN2013293	u006C
train	UN2013293	u006D
train	UN2013293	u006E
train	UN2013293	u006F
train	UN2013293	u0070
train	UN2013293	u0071
train	UN2013293	u0072
train	UN2013293	u0073
train	UN2013293	u0074
train	UN2013293	u0075
train	UN2013293	u0076
train	UN2013293	u0077
train	UN2013293	u0078
train	UN2013293	u0079
train	UN2013293	u007A
train	UN2013293	u00E0
train	UN2013293	u00E1
train	UN2013293	u00E8
train	UN2013293	u00E9
train	UN2013293	u00EA
train	UN2013293	u00ED
train	UN2013293	u00F2
train	UN2013293	u00F3
train	UN2013293	u00F9
train	UN2013293	u00FA
train	UN2013293	u00FC
train	UN2013293	u0101
train	UN2013293	u0113
train	UN2013293	u011B
train	UN2013293	u012B
train	UN2013293	u0144
train	UN2013293	u0148
train	UN2013293	u014D
train	UN2013293	u016B
train	UN2013293	u01CE
train	UN2013293	u01D0
train	UN2013293	u01D2
train	UN2013293	u01D4
train	UN2013293	u01D6
train	UN2013293	u01D8
train	UN2013293	u01DA
train	UN2013293	u01DC
train	UN2013293	u3041
train	UN2013293	u3042
train	UN2013293	u3043
train	UN2013293	u3044
train	UN2013293	u3045
train	UN2013293	u3046
train	UN2013293	u3047
train	UN2013293	u3048
train	UN2013293	u3049
train	UN2013293	u304A
train	UN2013293	u304B
train	UN2013293	u304C
train	UN2013293	u304D
train	UN2013293	u304E
train	UN2013293	u304F
train	UN2013293	u3050
train	UN2013293	u3051
train	UN2013293	u3052
train	UN2013293	u3053
train	UN2013293	u3054
train	UN2013293	u3055
train	UN2013293	u3056
train	UN2013293	u3057
train	UN2013293	u3058
train	UN2013293	u3059
train	UN2013293	u305A
train	UN2013293	u305B
train	UN2013293	u305C
train	UN2013293	u305D
train	UN2013293	u305E
train	UN2013293	u305F
train	UN2013293	u3060
train	UN2013293	u3061
train	UN2013293	u3062
train	UN2013293	u3063
train	UN2013293	u3064
train	UN2013293	u3065
train	UN2013293	u3066
train	UN2013293	u3067
train	UN2013293	u3068
train	UN2013293	u3069
train	UN2013293	u306A
train	UN2013293	u306B
train	UN2013293	u306C
train	UN2013293	u306D
train	UN2013293	u306E
train	UN2013293	u306F
train	UN2013293	u3070
train	UN2013293	u3071
train	UN2013293	u3072
train	UN2013293	u3073
train	UN2013293	u3074
train	UN2013293	u3075
train	UN2013293	u3076
train	UN2013293	u3077
train	UN2013293	u3078
train	UN2013293	u3079
train	UN2013293	u307A
train	UN2013293	u307B
train	UN2013293	u307C
train	UN2013293	u307D
train	UN2013293	u307E
train	UN2013293	u307F
train	UN2013293	u3080
train	UN2013293	u3081
train	UN2013293	u3082
train	UN2013293	u3083
train	UN2013293	u3084
train	UN2013293	u3085
train	UN2013293	u3086
train	UN2013293	u3087
train	UN2013293	u3088
train	UN2013293	u3089
train	UN2013293	u308A
train	UN2013293	u308B
train	UN2013293	u308C
train	UN2013293	u308D
train	UN2013293	u308E
train	UN2013293	u308F
train	UN2013293	u3090
train	UN2013293	u3091
train	UN2013293	u3092
train	UN2013293	u3093
train	UN2013293	u30A1
train	UN2013293	u30A2
train	UN2013293	u30A3
train	UN2013293	u30A4
train	UN2013293	u30A5
train	UN2013293	u30A6
train	UN2013293	u30A7
train	UN2013293	u30A8
train	UN2013293	u30A9
train	UN2013293	u30AA
train	UN2013293	u30AB
train	UN2013293	u30AC
train	UN2013293	u30AD
train	UN2013293	u30AE
train	UN2013293	u30AF
train	UN2013293	u30B0
train	UN2013293	u30B1
train	UN2013293	u30B2
train	UN2013293	u30B3
train	UN2013293	u30B4
train	UN2013293	u30B5
train	UN2013293	u30B6
train	UN2013293	u30B7
train	UN2013293	u30B8
train	UN2013293	u30B9
train	UN2013293	u30BA
train	UN2013293	u30BB
train	UN2013293	u30BC
train	UN2013293	u30BD
train	UN2013293	u30BE
train	UN2013293	u30BF
train	UN2013293	u30C0
train	UN2013293	u30C1
train	UN2013293	u30C2
train	UN2013293	u30C3
train	UN2013293	u30C4
train	UN2013293	u30C5
train	UN2013293	u30C6
train	UN2013293	u30C7
train	UN2013293	u30C8
train	UN2013293	u30C9
train	UN2013293	u30CA
train	UN2013293	u30CB
train	UN2013293	u30CC
train	UN2013293	u30CD
train	UN2013293	u30CE
train	UN2013293	u30CF
train	UN2013293	u30D0
train	UN2013293	u30D1
train	UN2013293	u30D2
train	UN2013293	u30D3
train	UN2013293	u30D4
train	UN2013293	u30D5
train	UN2013293	u30D6
train	UN2013293	u30D7
train	UN2013293	u30D8
train	UN2013293	u30D9
train	UN2013293	u30DA
train	UN2013293	u30DB
train	UN2013293	u30DC
train	UN2013293	u30DD
train	UN2013293	u30DE
train	UN2013293	u30DF
train	UN2013293	u30E0
train	UN2013293	u30E1
train	UN2013293	u30E2
train	UN2013293	u30E3
train	UN2013293	u30E4
train	UN2013293	u30E5
train	UN2013293	u30E6
train	UN2013293	u30E7
train	UN2013293	u30E8
train	UN2013293	u30E9
train	UN2013293	u30EA
train	UN2013293	u30EB
train	UN2013293	u30EC
train	UN2013293	u30ED
train	UN2013293	u30EE
train	UN2013293	u30EF
train	UN2013293	u30F0
train	UN2013293	u30F1
train	UN2013293	u30F2
train	UN2013293	u30F3
train	UN2013293	u30F4
train	UN2013293	u30F5
train	UN2013293	u30F6
train	UN2013293	u3105
train	UN2013293	u3106
train	UN2013293	u3107
train	UN2013293	u3108
train	UN2013293	u3109
train	UN2013293	u310A
train	UN2013293	u310B
train	UN2013293	u310C
train	UN2013293	u310D
train	UN2013293	u310E
train	UN2013293	u310F
train	UN2013293	u3110
train	UN2013293	u3111
train	UN2013293	u3112
train	UN2013293	u3113
train	UN2013293	u3114
train	UN2013293	u3115
train	UN2013293	u3116
train	UN2013293	u3117
train	UN2013293	u3118
train	UN2013293	u3119
train	UN2013293	u311A
train	UN2013293	u311B
train	UN2013293	u311C
train	UN2013293	u311D
train	UN2013293	u311E
train	UN2013293	u311F
train	UN2013293	u3120
train	UN2013293	u3121
train	UN2013293	u3122
train	UN2013293	u3123
train	UN2013293	u3124
train	UN2013293	u3125
train	UN2013293	u3126
train	UN2013293	u3127
train	UN2013293	u3128
train	UN2013293	u3129
train	UN2013302	u0030
train	UN2013302	u0031
train	UN2013302	u0032
train	UN2013302	u0033
train	UN2013302	u0034
train	UN2013302	u0035
train	UN2013302	u0036
train	UN2013302	u0037
train	UN2013302	u0038
train	UN2013302	u0039
train	UN2013302	u0041
train	UN2013302	u0042
train	UN2013302	u0043
train	UN2013302	u0044
train	UN2013302	u0045
train	UN2013302	u0046
train	UN2013302	u0047
train	UN2013302	u0048
train	UN2013302	u0049
train	UN2013302	u004A
train	UN2013302	u004B
train	UN2013302	u004C
train	UN2013302	u004D
train	UN2013302	u004E
train	UN2013302	u004F
train	UN2013302	u0050
train	UN2013302	u0051
train	UN2013302	u0052
train	UN2013302	u0053
train	UN2013302	u0054
train	UN2013302	u0055
train	UN2013302	u0056
train	UN2013302	u0057
train	UN2013302	u0058
train	UN2013302	u0059
train	UN2013302	u005A
train	UN2013302	u0061
train	UN2013302	u0062
train	UN2013302	u0063
train	UN2013302	u0064
train	UN2013302	u0065
train	UN2013302	u0066
train	UN2013302	u0067
train	UN2013302	u0068
train	UN2013302	u0069
train	UN2013302	u006A
train	UN2013302	u006B
train	UN2013302	u006C
train	UN2013302	u006D
train	UN2013302	u006E
train	UN2013302	u006F
train	UN2013302	u0070
train	UN2013302	u0071
train	UN2013302	u0072
train	UN2013302	u0073
train	UN2013302	u0074
train	UN2013302	u0075
train	UN2013302	u0076
train	UN2013302	u0077
train	UN2013302	u0078
train	UN2013302	u0079
train	UN2013302	u007A
train	UN2013302	u00E0
train	UN2013302	u00E1
train	UN2013302	u00E8
train	UN2013302	u00E9
train	UN2013302	u00EA
train	UN2013302	u00ED
train	UN2013302	u00F2
train	UN2013302	u00F3
train	UN2013302	u00F9
train	UN2013302	u00FA
train	UN2013302	u00FC
train	UN2013302	u0101
train	UN2013302	u0113
train	UN2013302	u011B
train	UN2013302	u012B
train	UN2013302	u0144
train	UN2013302	u0148
train	UN2013302	u014D
train	UN2013302	u016B
train	UN2013302	u01CE
train	UN2013302	u01D0
train	UN2013302	u01D2
train	UN2013302	u01D4
train	UN2013302	u01D6
train	UN2013302	u01D8
train	UN2013302	u01DA
train	UN2013302	u01DC
train	UN2013302	u3041
train	UN2013302	u3042
train	UN2013302	u3043
train	UN2013302	u3044
train	UN2013302	u3045
train	UN2013302	u3046
train	UN2013302	u3047
train	UN2013302	u3048
train	UN2013302	u3049
train	UN2013302	u304A
train	UN2013302	u304B
train	UN2013302	u304C
train	UN2013302	u304D
train	UN2013302	u304E
train	UN2013302	u304F
train	UN2013302	u3050
train	UN2013302	u3051
train	UN2013302	u3052
train	UN2013302	u3053
train	UN2013302	u3054
train	UN2013302	u3055
train	UN2013302	u3056
train	UN2013302	u3057
train	UN2013302	u3058
train	UN2013302	u3059
train	UN2013302	u305A
train	UN2013302	u305B
train	UN2013302	u305C
train	UN2013302	u305D
train	UN2013302	u305E
train	UN2013302	u305F
train	UN2013302	u3060
train	UN2013302	u3061
train	UN2013302	u3062
train	UN2013302	u3063
train	UN2013302	u3064
train	UN2013302	u3065
train	UN2013302	u3066
train	UN2013302	u3067
train	UN2013302	u3068
train	UN2013302	u3069
train	UN2013302	u306A
train	UN2013302	u306B
train	UN2013302	u306C
train	UN2013302	u306D
train	UN2013302	u306E
train	UN2013302	u306F
train	UN2013302	u3070
train	UN2013302	u3071
train	UN2013302	u3072
train	UN2013302	u3073
train	UN2013302	u3074
train	UN2013302	u3075
train	UN2013302	u3076
train	UN2013302	u3077
train	UN2013302	u3078
train	UN2013302	u3079
train	UN2013302	u307A
train	UN2013302	u307B
train	UN2013302	u307C
train	UN2013302	u307D
train	UN2013302	u307E
train	UN2013302	u307F
train	UN2013302	u3080
train	UN2013302	u3081
train	UN2013302	u3082
train	UN2013302	u3083
train	UN2013302	u3084
train	UN2013302	u3085
train	UN2013302	u3086
train	UN2013302	u3087
train	UN2013302	u3088
train	UN2013302	u3089
train	UN2013302	u308A
train	UN2013302	u308B
train	UN2013302	u308C
train	UN2013302	u308D
train	UN2013302	u308E
train	UN2013302	u308F
train	UN2013302	u3090
train	UN2013302	u3091
train	UN2013302	u3092
train	UN2013302	u3093
train	UN2013302	u30A1
train	UN2013302	u30A2
train	UN2013302	u30A3
train	UN2013302	u30A4
train	UN2013302	u30A5
train	UN2013302	u30A6
train	UN2013302	u30A7
train	UN2013302	u30A8
train	UN2013302	u30A9
train	UN2013302	u30AA
train	UN2013302	u30AB
train	UN2013302	u30AC
train	UN2013302	u30AD
train	UN2013302	u30AE
train	UN2013302	u30AF
train	UN2013302	u30B0
train	UN2013302	u30B1
train	UN2013302	u30B2
train	UN2013302	u30B3
train	UN2013302	u30B4
train	UN2013302	u30B5
train	UN2013302	u30B6
train	UN2013302	u30B7
train	UN2013302	u30B8
train	UN2013302	u30B9
train	UN2013302	u30BA
train	UN2013302	u30BB
train	UN2013302	u30BC
train	UN2013302	u30BD
train	UN2013302	u30BE
train	UN2013302	u30BF
train	UN2013302	u30C0
train	UN2013302	u30C1
train	UN2013302	u30C2
train	UN2013302	u30C3
train	UN2013302	u30C4
train	UN2013302	u30C5
train	UN2013302	u30C6
train	UN2013302	u30C7
train	UN2013302	u30C8
train	UN2013302	u30C9
train	UN2013302	u30CA
train	UN2013302	u30CB
train	UN2013302	u30CC
train	UN2013302	u30CD
train	UN2013302	u30CE
train	UN2013302	u30CF
train	UN2013302	u30D0
train	UN2013302	u30D1
train	UN2013302	u30D2
train	UN2013302	u30D3
train	UN2013302	u30D4
train	UN2013302	u30D5
train	UN2013302	u30D6
train	UN2013302	u30D7
train	UN2013302	u30D8
train	UN2013302	u30D9
train	UN2013302	u30DA
train	UN2013302	u30DB
train	UN2013302	u30DC
train	UN2013302	u30DD
train	UN2013302	u30DE
train	UN2013302	u30DF
train	UN2013302	u30E0
train	UN2013302	u30E1
train	UN2013302	u30E2
train	UN2013302	u30E3
train	UN2013302	u30E4
train	UN2013302	u30E5
train	UN2013302	u30E6
train	UN2013302	u30E7
train	UN2013302	u30E8
train	UN2013302	u30E9
train	UN2013302	u30EA
train	UN2013302	u30EB
train	UN2013302	u30EC
train	UN2013302	u30ED
train	UN2013302	u30EE
train	UN2013302	u30EF
train	UN2013302	u30F0
train	UN2013302	u30F1
train	UN2013302	u30F2
train	UN2013302	u30F3
train	UN2013302	u30F4
train	UN2013302	u30F5
train	UN2013302	u30F6
train	UN2013302	u3105
train	UN2013302	u3106
train	UN2013302	u3107
train	UN2013302	u3108
train	UN2013302	u3109
train	UN2013302	u310A
train	UN2013302	u310B
train	UN2013302	u310C
train	UN2013302	u310D
train	UN2013302	u310E
train	UN2013302	u310F
train	UN2013302	u3110
train	UN2013302	u3111
train	UN2013302	u3112
train	UN2013302	u3113
train	UN2013302	u3114
train	UN2013302	u3115
train	UN2013302	u3116
train	UN2013302	u3117
train	UN2013302	u3118
train	UN2013302	u3119
train	UN2013302	u311A
train	UN2013302	u311B
train	UN2013302	u311C
train	UN2013302	u311D
train	UN2013302	u311E
train	UN2013302	u311F
train	UN2013302	u3120
train	UN2013302	u3121
train	UN2013302	u3122
train	UN2013302	u3123
train	UN2013302	u3124
train	UN2013302	u3125
train	UN2013302	u3126
train	UN2013302	u3127
train	UN2013302	u3128
train	UN2013302	u3129
train	UN2013312	u0030
train	UN2013312	u0031
train	UN2013312	u0032
train	UN2013312	u0033
train	UN2013312	u0034
train	UN2013312	u0035
train	UN2013312	u0036
train	UN2013312	u0037
train	UN2013312	u0038
train	UN2013312	u0039
train	UN2013312	u0041
train	UN2013312	u0042
train	UN2013312	u0043
train	UN2013312	u0044
train	UN2013312	u0045
train	UN2013312	u0046
train	UN2013312	u0047
train	UN2013312	u0048
train	UN2013312	u0049
train	UN2013312	u004A
train	UN2013312	u004B
train	UN2013312	u004C
train	UN2013312	u004D
train	UN2013312	u004E
train	UN2013312	u004F
train	UN2013312	u0050
train	UN2013312	u0051
train	UN2013312	u0052
train	UN2013312	u0053
train	UN2013312	u0054
train	UN2013312	u0055
train	UN2013312	u0056
train	UN2013312	u0057
train	UN2013312	u0058
train	UN2013312	u0059
train	UN2013312	u005A
train	UN2013312	u0061
train	UN2013312	u0062
train	UN2013312	u0063
train	UN2013312	u0064
train	UN2013312	u0065
train	UN2013312	u0066
train	UN2013312	u0067
train	UN2013312	u0068
train	UN2013312	u0069
train	UN2013312	u006A
train	UN2013312	u006B
train	UN2013312	u006C
train	UN2013312	u006D
train	UN2013312	u006E
train	UN2013312	u006F
train	UN2013312	u0070
train	UN2013312	u0071
train	UN2013312	u0072
train	UN2013312	u0073
train	UN2013312	u0074
train	UN2013312	u0075
train	UN2013312	u0076
train	UN2013312	u0077
train	UN2013312	u0078
train	UN2013312	u0079
train	UN2013312	u007A
train	UN2013312	u00E0
train	UN2013312	u00E1
train	UN2013312	u00E8
train	UN2013312	u00E9
train	UN2013312	u00EA
train	UN2013312	u00ED
train	UN2013312	u00F2
train	UN2013312	u00F3
train	UN2013312	u00F9
train	UN2013312	u00FA
train	UN2013312	u00FC
train	UN2013312	u0101
train	UN2013312	u0113
train	UN2013312	u011B
train	UN2013312	u012B
train	UN2013312	u0144
train	UN2013312	u0148
train	UN2013312	u014D
train	UN2013312	u016B
train	UN2013312	u01CE
train	UN2013312	u01D0
train	UN2013312	u01D2
train	UN2013312	u01D4
train	UN2013312	u01D6
train	UN2013312	u01D8
train	UN2013312	u01DA
train	UN2013312	u01DC
train	UN2013316	u0030
train	UN2013316	u0031
train	UN2013316	u0032
train	UN2013316	u0033
train	UN2013316	u0034
train	UN2013316	u0035
train	UN2013316	u0036
train	UN2013316	u0037
train	UN2013316	u0038
train	UN2013316	u0039
train	UN2013316	u0041
train	UN2013316	u0042
train	UN2013316	u0043
train	UN2013316	u0044
train	UN2013316	u0045
train	UN2013316	u0046
train	UN2013316	u0047
train	UN2013316	u0048
train	UN2013316	u0049
train	UN2013316	u004A
train	UN2013316	u004B
train	UN2013316	u004C
train	UN2013316	u004D
train	UN2013316	u004E
train	UN2013316	u004F
train	UN2013316	u0050
train	UN2013316	u0051
train	UN2013316	u0052
train	UN2013316	u0053
train	UN2013316	u0054
train	UN2013316	u0055
train	UN2013316	u0056
train	UN2013316	u0057
train	UN2013316	u0058
train	UN2013316	u0059
train	UN2013316	u005A
train	UN2013316	u0061
train	UN2013316	u0062
train	UN2013316	u0063
train	UN2013316	u0064
train	UN2013316	u0065
train	UN2013316	u0066
train	UN2013316	u0067
train	UN2013316	u0068
train	UN2013316	u0069
train	UN2013316	u006A
train	UN2013316	u006B
train	UN2013316	u006C
train	UN2013316	u006D
train	UN2013316	u006E
train	UN2013316	u006F
train	UN2013316	u0070
train	UN2013316	u0071
train	UN2013316	u0072
train	UN2013316	u0073
train	UN2013316	u0074
train	UN2013316	u0075
train	UN2013316	u0076
train	UN2013316	u0077
train	UN2013316	u0078
train	UN2013316	u0079
train	UN2013316	u007A
train	UN2013316	u00E0
train	UN2013316	u00E1
train	UN2013316	u00E8
train	UN2013316	u00E9
train	UN2013316	u00EA
train	UN2013316	u00ED
train	UN2013316	u00F2
train	UN2013316	u00F3
train	UN2013316	u00F9
train	UN2013316	u00FA
train	UN2013316	u00FC
train	UN2013316	u0101
train	UN2013316	u0113
train	UN2013316	u011B
train	UN2013316	u012B
train	UN2013316	u0144
train	UN2013316	u0148
train	UN2013316	u014D
train	UN2013316	u016B
train	UN2013316	u01CE
train	UN2013316	u01D0
train	UN2013316	u01D2
train	UN2013316	u01D4
train	UN2013316	u01D6
train	UN2013316	u01D8
train	UN2013316	u01DA
train	UN2013316	u01DC
train	UN2013316	u3041
train	UN2013316	u3042
train	UN2013316	u3043
train	UN2013316	u3044
train	UN2013316	u3045
train	UN2013316	u3046
train	UN2013316	u3047
train	UN2013316	u3048
train	UN2013316	u3049
train	UN2013316	u304A
train	UN2013316	u304B
train	UN2013316	u304C
train	UN2013316	u304D
train	UN2013316	u304E
train	UN2013316	u304F
train	UN2013316	u3050
train	UN2013316	u3051
train	UN2013316	u3052
train	UN2013316	u3053
train	UN2013316	u3054
train	UN2013316	u3055
train	UN2013316	u3056
train	UN2013316	u3057
train	UN2013316	u3058
train	UN2013316	u3059
train	UN2013316	u305A
train	UN2013316	u305B
train	UN2013316	u305C
train	UN2013316	u305D
train	UN2013316	u305E
train	UN2013316	u305F
train	UN2013316	u3060
train	UN2013316	u3061
train	UN2013316	u3062
train	UN2013316	u3063
train	UN2013316	u3064
train	UN2013316	u3065
train	UN2013316	u3066
train	UN2013316	u3067
train	UN2013316	u3068
train	UN2013316	u3069
train	UN2013316	u306A
train	UN2013316	u306B
train	UN2013316	u306C
train	UN2013316	u306D
train	UN2013316	u306E
train	UN2013316	u306F
train	UN2013316	u3070
train	UN2013316	u3071
train	UN2013316	u3072
train	UN2013316	u3073
train	UN2013316	u3074
train	UN2013316	u3075
train	UN2013316	u3076
train	UN2013316	u3077
train	UN2013316	u3078
train	UN2013316	u3079
train	UN2013316	u307A
train	UN2013316	u307B
train	UN2013316	u307C
train	UN2013316	u307D
train	UN2013316	u307E
train	UN2013316	u307F
train	UN2013316	u3080
train	UN2013316	u3081
train	UN2013316	u3082
train	UN2013316	u3083
train	UN2013316	u3084
train	UN2013316	u3085
train	UN2013316	u3086
train	UN2013316	u3087
train	UN2013316	u3088
train	UN2013316	u3089
train	UN2013316	u308A
train	UN2013316	u308B
train	UN2013316	u308C
train	UN2013316	u308D
train	UN2013316	u308E
train	UN2013316	u308F
train	UN2013316	u3090
train	UN2013316	u3091
train	UN2013316	u3092
train	UN2013316	u3093
train	UN2013316	u30A1
train	UN2013316	u30A2
train	UN2013316	u30A3
train	UN2013316	u30A4
train	UN2013316	u30A5
train	UN2013316	u30A6
train	UN2013316	u30A7
train	UN2013316	u30A8
train	UN2013316	u30A9
train	UN2013316	u30AA
train	UN2013316	u30AB
train	UN2013316	u30AC
train	UN2013316	u30AD
train	UN2013316	u30AE
train	UN2013316	u30AF
train	UN2013316	u30B0
train	UN2013316	u30B1
train	UN2013316	u30B2
train	UN2013316	u30B3
train	UN2013316	u30B4
train	UN2013316	u30B5
train	UN2013316	u30B6
train	UN2013316	u30B7
train	UN2013316	u30B8
train	UN2013316	u30B9
train	UN2013316	u30BA
train	UN2013316	u30BB
train	UN2013316	u30BC
train	UN2013316	u30BD
train	UN2013316	u30BE
train	UN2013316	u30BF
train	UN2013316	u30C0
train	UN2013316	u30C1
train	UN2013316	u30C2
train	UN2013316	u30C3
train	UN2013316	u30C4
train	UN2013316	u30C5
train	UN2013316	u30C6
train	UN2013316	u30C7
train	UN2013316	u30C8
train	UN2013316	u30C9
train	UN2013316	u30CA
train	UN2013316	u30CB
train	UN2013316	u30CC
train	UN2013316	u30CD
train	UN2013316	u30CE
train	UN2013316	u30CF
train	UN2013316	u30D0
train	UN2013316	u30D1
train	UN2013316	u30D2
train	UN2013316	u30D3
train	UN2013316	u30D4
train	UN2013316	u30D5
train	UN2013316	u30D6
train	UN2013316	u30D7
train	UN2013316	u30D8
train	UN2013316	u30D9
train	UN2013316	u30DA
train	UN2013316	u30DB
train	UN2013316	u30DC
train	UN2013316	u30DD
train	UN2013316	u30DE
train	UN2013316	u30DF
train	UN2013316	u30E0
train	UN2013316	u30E1
train	UN2013316	u30E2
train	UN2013316	u30E3
train	UN2013316	u30E4
train	UN2013316	u30E5
train	UN2013316	u30E6
train	UN2013316	u30E7
train	UN2013316	u30E8
train	UN2013316	u30E9
train	UN2013316	u30EA
train	UN2013316	u30EB
train	UN2013316	u30EC
train	UN2013316	u30ED
train	UN2013316	u30EE
train	UN2013316	u30EF
train	UN2013316	u30F0
train	UN2013316	u30F1
train	UN2013316	u30F2
train	UN2013316	u30F3
train	UN2013316	u30F4
train	UN2013316	u30F5
train	UN2013316	u30F6
train	UN2013316	u3105
train	UN2013316	u3106
train	UN2013316	u3107
train	UN2013316	u3108
train	UN2013316	u3109
train	UN2013316	u310A
train	UN2013316	u310B
train	UN2013316	u310C
train	UN2013316	u310D
train	UN2013316	u310E
train	UN2013316	u310F
train	UN2013316	u3110
train	UN2013316	u3111
train	UN2013316	u3112
train	UN2013316	u3113
train	UN2013316	u3114
train	UN2013316	u3115
train	UN2013316	u3116
train	UN2013316	u3117
train	UN2013316	u3118
train	UN2013316	u3119
train	UN2013316	u311A
train	UN2013316	u311B
train	UN2013316	u311C
train	UN2013316	u311D
train	UN2013316	u311E
train	UN2013316	u311F
train	UN2013316	u3120
train	UN2013316	u3121
train	UN2013316	u3122
train	UN2013316	u3123
train	UN2013316	u3124
train	UN2013316	u3125
train	UN2013316	u3126
train	UN2013316	u3127
train	UN2013316	u3128
train	UN2013316	u3129
train	UN2013326	u0030
train	UN2013326	u0031
train	UN2013326	u0032
train	UN2013326	u0033
train	UN2013326	u0034
train	UN2013326	u0035
train	UN2013326	u0036
train	UN2013326	u0037
train	UN2013326	u0038
train	UN2013326	u0039
train	UN2013326	u0041
train	UN2013326	u0042
train	UN2013326	u0043
train	UN2013326	u0044
train	UN2013326	u0045
train	UN2013326	u0046
train	UN2013326	u0047
train	UN2013326	u0048
train	UN2013326	u0049
train	UN2013326	u004A
train	UN2013326	u004B
train	UN2013326	u004C
train	UN2013326	u004D
train	UN2013326	u004E
train	UN2013326	u004F
train	UN2013326	u0050
train	UN2013326	u0051
train	UN2013326	u0052
train	UN2013326	u0053
train	UN2013326	u0054
train	UN2013326	u0055
train	UN2013326	u0056
train	UN2013326	u0057
train	UN2013326	u0058
train	UN2013326	u0059
train	UN2013326	u005A
train	UN2013326	u0061
train	UN2013326	u0062
train	UN2013326	u0063
train	UN2013326	u0064
train	UN2013326	u0065
train	UN2013326	u0066
train	UN2013326	u0067
train	UN2013326	u0068
train	UN2013326	u0069
train	UN2013326	u006A
train	UN2013326	u006B
train	UN2013326	u006C
train	UN2013326	u006D
train	UN2013326	u006E
train	UN2013326	u006F
train	UN2013326	u0070
train	UN2013326	u0071
train	UN2013326	u0072
train	UN2013326	u0073
train	UN2013326	u0074
train	UN2013326	u0075
train	UN2013326	u0076
train	UN2013326	u0077
train	UN2013326	u0078
train	UN2013326	u0079
train	UN2013326	u007A
train	UN2013327	u0030
train	UN2013327	u0031
train	UN2013327	u0032
train	UN2013327	u0033
train	UN2013327	u0034
train	UN2013327	u0035
train	UN2013327	u0036
train	UN2013327	u0037
train	UN2013327	u0038
train	UN2013327	u0039
train	UN2013327	u0041
train	UN2013327	u0042
train	UN2013327	u0043
train	UN2013327	u0044
train	UN2013327	u0045
train	UN2013327	u0046
train	UN2013327	u0047
train	UN2013327	u0048
train	UN2013327	u0049
train	UN2013327	u004A
train	UN2013327	u004B
train	UN2013327	u004C
train	UN2013327	u004D
train	UN2013327	u004E
train	UN2013327	u004F
train	UN2013327	u0050
train	UN2013327	u0051
train	UN2013327	u0052
train	UN2013327	u0053
train	UN2013327	u0054
train	UN2013327	u0055
train	UN2013327	u0056
train	UN2013327	u0057
train	UN2013327	u0058
train	UN2013327	u0059
train	UN2013327	u005A
train	UN2013327	u0061
train	UN2013327	u0062
train	UN2013327	u0063
train	UN2013327	u0064
train	UN2013327	u0065
train	UN2013327	u0066
train	UN2013327	u0067
train	UN2013327	u0068
train	UN2013327	u0069
train	UN2013327	u006A
train	UN2013327	u006B
train	UN2013327	u006C
train	UN2013327	u006D
train	UN2013327	u006E
train	UN2013327	u006F
train	UN2013327	u0070
train	UN2013327	u0071
train	UN2013327	u0072
train	UN2013327	u0073
train	UN2013327	u0074
train	UN2013327	u0075
train	UN2013327	u0076
train	UN2013327	u0077
train	UN2013327	u0078
train	UN2013327	u0079
train	UN2013327	u007A
train	UN2013327	u00E0
train	UN2013327	u00E1
train	UN2013327	u00E8
train	UN2013327	u00E9
train	UN2013327	u00EA
train	UN2013327	u00ED
train	UN2013327	u00F2
train	UN2013327	u00F3
train	UN2013327	u00F9
train	UN2013327	u00FA
train	UN2013327	u00FC
train	UN2013327	u0101
train	UN2013327	u0113
train	UN2013327	u011B
train	UN2013327	u012B
train	UN2013327	u0144
train	UN2013327	u0148
train	UN2013327	u014D
train	UN2013327	u016B
train	UN2013327	u01CE
train	UN2013327	u01D0
train	UN2013327	u01D2
train	UN2013327	u01D4
train	UN2013327	u01D6
train	UN2013327	u01D8
train	UN2013327	u01DA
train	UN2013327	u01DC
train	UN2013327	u3041
train	UN2013327	u3042
train	UN2013327	u3043
train	UN2013327	u3044
train	UN2013327	u3045
train	UN2013327	u3046
train	UN2013327	u3047
train	UN2013327	u3048
train	UN2013327	u3049
train	UN2013327	u304A
train	UN2013327	u304B
train	UN2013327	u304C
train	UN2013327	u304D
train	UN2013327	u304E
train	UN2013327	u304F
train	UN2013327	u3050
train	UN2013327	u3051
train	UN2013327	u3052
train	UN2013327	u3053
train	UN2013327	u3054
train	UN2013327	u3055
train	UN2013327	u3056
train	UN2013327	u3057
train	UN2013327	u3058
train	UN2013327	u3059
train	UN2013327	u305A
train	UN2013327	u305B
train	UN2013327	u305C
train	UN2013327	u305D
train	UN2013327	u305E
train	UN2013327	u305F
train	UN2013327	u3060
train	UN2013327	u3061
train	UN2013327	u3062
train	UN2013327	u3063
train	UN2013327	u3064
train	UN2013327	u3065
train	UN2013327	u3066
train	UN2013327	u3067
train	UN2013327	u3068
train	UN2013327	u3069
train	UN2013327	u306A
train	UN2013327	u306B
train	UN2013327	u306C
train	UN2013327	u306D
train	UN2013327	u306E
train	UN2013327	u306F
train	UN2013327	u3070
train	UN2013327	u3071
train	UN2013327	u3072
train	UN2013327	u3073
train	UN2013327	u3074
train	UN2013327	u3075
train	UN2013327	u3076
train	UN2013327	u3077
train	UN2013327	u3078
train	UN2013327	u3079
train	UN2013327	u307A
train	UN2013327	u307B
train	UN2013327	u307C
train	UN2013327	u307D
train	UN2013327	u307E
train	UN2013327	u307F
train	UN2013327	u3080
train	UN2013327	u3081
train	UN2013327	u3082
train	UN2013327	u3083
train	UN2013327	u3084
train	UN2013327	u3085
train	UN2013327	u3086
train	UN2013327	u3087
train	UN2013327	u3088
train	UN2013327	u3089
train	UN2013327	u308A
train	UN2013327	u308B
train	UN2013327	u308C
train	UN2013327	u308D
train	UN2013327	u308E
train	UN2013327	u308F
train	UN2013327	u3090
train	UN2013327	u3091
train	UN2013327	u3092
train	UN2013327	u3093
train	UN2013327	u30A1
train	UN2013327	u30A2
train	UN2013327	u30A3
train	UN2013327	u30A4
train	UN2013327	u30A5
train	UN2013327	u30A6
train	UN2013327	u30A7
train	UN2013327	u30A8
train	UN2013327	u30A9
train	UN2013327	u30AA
train	UN2013327	u30AB
train	UN2013327	u30AC
train	UN2013327	u30AD
train	UN2013327	u30AE
train	UN2013327	u30AF
train	UN2013327	u30B0
train	UN2013327	u30B1
train	UN2013327	u30B2
train	UN2013327	u30B3
train	UN2013327	u30B4
train	UN2013327	u30B5
train	UN2013327	u30B6
train	UN2013327	u30B7
train	UN2013327	u30B8
train	UN2013327	u30B9
train	UN2013327	u30BA
train	UN2013327	u30BB
train	UN2013327	u30BC
train	UN2013327	u30BD
train	UN2013327	u30BE
train	UN2013327	u30BF
train	UN2013327	u30C0
train	UN2013327	u30C1
train	UN2013327	u30C2
train	UN2013327	u30C3
train	UN2013327	u30C4
train	UN2013327	u30C5
train	UN2013327	u30C6
train	UN2013327	u30C7
train	UN2013327	u30C8
train	UN2013327	u30C9
train	UN2013327	u30CA
train	UN2013327	u30CB
train	UN2013327	u30CC
train	UN2013327	u30CD
train	UN2013327	u30CE
train	UN2013327	u30CF
train	UN2013327	u30D0
train	UN2013327	u30D1
train	UN2013327	u30D2
train	UN2013327	u30D3
train	UN2013327	u30D4
train	UN2013327	u30D5
train	UN2013327	u30D6
train	UN2013327	u30D7
train	UN2013327	u30D8
train	UN2013327	u30D9
train	UN2013327	u30DA
train	UN2013327	u30DB
train	UN2013327	u30DC
train	UN2013327	u30DD
train	UN2013327	u30DE
train	UN2013327	u30DF
train	UN2013327	u30E0
train	UN2013327	u30E1
train	UN2013327	u30E2
train	UN2013327	u30E3
train	UN2013327	u30E4
train	UN2013327	u30E5
train	UN2013327	u30E6
train	UN2013327	u30E7
train	UN2013327	u30E8
train	UN2013327	u30E9
train	UN2013327	u30EA
train	UN2013327	u30EB
train	UN2013327	u30EC
train	UN2013327	u30ED
train	UN2013327	u30EE
train	UN2013327	u30EF
train	UN2013327	u30F0
train	UN2013327	u30F1
train	UN2013327	u30F2
train	UN2013327	u30F3
train	UN2013327	u30F4
train	UN2013327	u30F5
train	UN2013327	u30F6
train	UN2013327	u3105
train	UN2013327	u3106
train	UN2013327	u3107
train	UN2013327	u3108
train	UN2013327	u3109
train	UN2013327	u310A
train	UN2013327	u310B
train	UN2013327	u310C
train	UN2013327	u310D
train	UN2013327	u310E
train	UN2013327	u310F
train	UN2013327	u3110
train	UN2013327	u3111
train	UN2013327	u3112
train	UN2013327	u3113
train	UN2013327	u3114
train	UN2013327	u3115
train	UN2013327	u3116
train	UN2013327	u3117
train	UN2013327	u3118
train	UN2013327	u3119
train	UN2013327	u311A
train	UN2013327	u311B
train	UN2013327	u311C
train	UN2013327	u311D
train	UN2013327	u311E
train	UN2013327	u311F
train	UN2013327	u3120
train	UN2013327	u3121
train	UN2013327	u3122
train	UN2013327	u3123
train	UN2013327	u3124
train	UN2013327	u3125
train	UN2013327	u3126
train	UN2013327	u3127
train	UN2013327	u3128
train	UN2013327	u3129
train	UN2013344	u0030
train	UN2013344	u0031
train	UN2013344	u0032
train	UN2013344	u0033
train	UN2013344	u0034
train	UN2013344	u0035
train	UN2013344	u0036
train	UN2013344	u0037
train	UN2013344	u0038
train	UN2013344	u0039
train	UN2013344	u0041
train	UN2013344	u0042
train	UN2013344	u0043
train	UN2013344	u0044
train	UN2013344	u0045
train	UN2013344	u0046
train	UN2013344	u0047
train	UN2013344	u0048
train	UN2013344	u0049
train	UN2013344	u004A
train	UN2013344	u004B
train	UN2013344	u004C
train	UN2013344	u004D
train	UN2013344	u004E
train	UN2013344	u004F
train	UN2013344	u0050
train	UN2013344	u0051
train	UN2013344	u0052
train	UN2013344	u0053
train	UN2013344	u0054
train	UN2013344	u0055
train	UN2013344	u0056
train	UN2013344	u0057
train	UN2013344	u0058
train	UN2013344	u0059
train	UN2013344	u005A
train	UN2013344	u0061
train	UN2013344	u0062
train	UN2013344	u0063
train	UN2013344	u0064
train	UN2013344	u0065
train	UN2013344	u0066
train	UN2013344	u0067
train	UN2013344	u0068
train	UN2013344	u0069
train	UN2013344	u006A
train	UN2013344	u006B
train	UN2013344	u006C
train	UN2013344	u006D
train	UN2013344	u006E
train	UN2013344	u006F
train	UN2013344	u0070
train	UN2013344	u0071
train	UN2013344	u0072
train	UN2013344	u0073
train	UN2013344	u0074
train	UN2013344	u0075
train	UN2013344	u0076
train	UN2013344	u0077
train	UN2013344	u0078
train	UN2013344	u0079
train	UN2013344	u007A
train	UN2013348	u0030
train	UN2013348	u0031
train	UN2013348	u0032
train	UN2013348	u0033
train	UN2013348	u0034
train	UN2013348	u0035
train	UN2013348	u0036
train	UN2013348	u0037
train	UN2013348	u0038
train	UN2013348	u0039
train	UN2013348	u0041
train	UN2013348	u0042
train	UN2013348	u0043
train	UN2013348	u0044
train	UN2013348	u0045
train	UN2013348	u0046
train	UN2013348	u0047
train	UN2013348	u0048
train	UN2013348	u0049
train	UN2013348	u004A
train	UN2013348	u004B
train	UN2013348	u004C
train	UN2013348	u004D
train	UN2013348	u004E
train	UN2013348	u004F
train	UN2013348	u0050
train	UN2013348	u0051
train	UN2013348	u0052
train	UN2013348	u0053
train	UN2013348	u0054
train	UN2013348	u0055
train	UN2013348	u0056
train	UN2013348	u0057
train	UN2013348	u0058
train	UN2013348	u0059
train	UN2013348	u005A
train	UN2013348	u0061
train	UN2013348	u0062
train	UN2013348	u0063
train	UN2013348	u0064
train	UN2013348	u0065
train	UN2013348	u0066
train	UN2013348	u0067
train	UN2013348	u0068
train	UN2013348	u0069
train	UN2013348	u006A
train	UN2013348	u006B
train	UN2013348	u006C
train	UN2013348	u006D
train	UN2013348	u006E
train	UN2013348	u006F
train	UN2013348	u0070
train	UN2013348	u0071
train	UN2013348	u0072
train	UN2013348	u0073
train	UN2013348	u0074
train	UN2013348	u0075
train	UN2013348	u0076
train	UN2013348	u0077
train	UN2013348	u0078
train	UN2013348	u0079
train	UN2013348	u007A
train	UN2013348	u00E0
train	UN2013348	u00E1
train	UN2013348	u00E8
train	UN2013348	u00E9
train	UN2013348	u00EA
train	UN2013348	u00ED
train	UN2013348	u00F2
train	UN2013348	u00F3
train	UN2013348	u00F9
train	UN2013348	u00FA
train	UN2013348	u00FC
train	UN2013348	u0101
train	UN2013348	u0113
train	UN2013348	u011B
train	UN2013348	u012B
train	UN2013348	u0144
train	UN2013348	u0148
train	UN2013348	u014D
train	UN2013348	u016B
train	UN2013348	u01CE
train	UN2013348	u01D0
train	UN2013348	u01D2
train	UN2013348	u01D4
train	UN2013348	u01D6
train	UN2013348	u01D8
train	UN2013348	u01DA
train	UN2013348	u01DC
train	UN2013348	u3041
train	UN2013348	u3042
train	UN2013348	u3043
train	UN2013348	u3044
train	UN2013348	u3045
train	UN2013348	u3046
train	UN2013348	u3047
train	UN2013348	u3048
train	UN2013348	u3049
train	UN2013348	u304A
train	UN2013348	u304B
train	UN2013348	u304C
train	UN2013348	u304D
train	UN2013348	u304E
train	UN2013348	u304F
train	UN2013348	u3050
train	UN2013348	u3051
train	UN2013348	u3052
train	UN2013348	u3053
train	UN2013348	u3054
train	UN2013348	u3055
train	UN2013348	u3056
train	UN2013348	u3057
train	UN2013348	u3058
train	UN2013348	u3059
train	UN2013348	u305A
train	UN2013348	u305B
train	UN2013348	u305C
train	UN2013348	u305D
train	UN2013348	u305E
train	UN2013348	u305F
train	UN2013348	u3060
train	UN2013348	u3061
train	UN2013348	u3062
train	UN2013348	u3063
train	UN2013348	u3064
train	UN2013348	u3065
train	UN2013348	u3066
train	UN2013348	u3067
train	UN2013348	u3068
train	UN2013348	u3069
train	UN2013348	u306A
train	UN2013348	u306B
train	UN2013348	u306C
train	UN2013348	u306D
train	UN2013348	u306E
train	UN2013348	u306F
train	UN2013348	u3070
train	UN2013348	u3071
train	UN2013348	u3072
train	UN2013348	u3073
train	UN2013348	u3074
train	UN2013348	u3075
train	UN2013348	u3076
train	UN2013348	u3077
train	UN2013348	u3078
train	UN2013348	u3079
train	UN2013348	u307A
train	UN2013348	u307B
train	UN2013348	u307C
train	UN2013348	u307D
train	UN2013348	u307E
train	UN2013348	u307F
train	UN2013348	u3080
train	UN2013348	u3081
train	UN2013348	u3082
train	UN2013348	u3083
train	UN2013348	u3084
train	UN2013348	u3085
train	UN2013348	u3086
train	UN2013348	u3087
train	UN2013348	u3088
train	UN2013348	u3089
train	UN2013348	u308A
train	UN2013348	u308B
train	UN2013348	u308C
train	UN2013348	u308D
train	UN2013348	u308E
train	UN2013348	u308F
train	UN2013348	u3090
train	UN2013348	u3091
train	UN2013348	u3092
train	UN2013348	u3093
train	UN2013348	u30A1
train	UN2013348	u30A2
train	UN2013348	u30A3
train	UN2013348	u30A4
train	UN2013348	u30A5
train	UN2013348	u30A6
train	UN2013348	u30A7
train	UN2013348	u30A8
train	UN2013348	u30A9
train	UN2013348	u30AA
train	UN2013348	u30AB
train	UN2013348	u30AC
train	UN2013348	u30AD
train	UN2013348	u30AE
train	UN2013348	u30AF
train	UN2013348	u30B0
train	UN2013348	u30B1
train	UN2013348	u30B2
train	UN2013348	u30B3
train	UN2013348	u30B4
train	UN2013348	u30B5
train	UN2013348	u30B6
train	UN2013348	u30B7
train	UN2013348	u30B8
train	UN2013348	u30B9
train	UN2013348	u30BA
train	UN2013348	u30BB
train	UN2013348	u30BC
train	UN2013348	u30BD
train	UN2013348	u30BE
train	UN2013348	u30BF
train	UN2013348	u30C0
train	UN2013348	u30C1
train	UN2013348	u30C2
train	UN2013348	u30C3
train	UN2013348	u30C4
train	UN2013348	u30C5
train	UN2013348	u30C6
train	UN2013348	u30C7
train	UN2013348	u30C8
train	UN2013348	u30C9
train	UN2013348	u30CA
train	UN2013348	u30CB
train	UN2013348	u30CC
train	UN2013348	u30CD
train	UN2013348	u30CE
train	UN2013348	u30CF
train	UN2013348	u30D0
train	UN2013348	u30D1
train	UN2013348	u30D2
train	UN2013348	u30D3
train	UN2013348	u30D4
train	UN2013348	u30D5
train	UN2013348	u30D6
train	UN2013348	u30D7
train	UN2013348	u30D8
train	UN2013348	u30D9
train	UN2013348	u30DA
train	UN2013348	u30DB
train	UN2013348	u30DC
train	UN2013348	u30DD
train	UN2013348	u30DE
train	UN2013348	u30DF
train	UN2013348	u30E0
train	UN2013348	u30E1
train	UN2013348	u30E2
train	UN2013348	u30E3
train	UN2013348	u30E4
train	UN2013348	u30E5
train	UN2013348	u30E6
train	UN2013348	u30E7
train	UN2013348	u30E8
train	UN2013348	u30E9
train	UN2013348	u30EA
train	UN2013348	u30EB
train	UN2013348	u30EC
train	UN2013348	u30ED
train	UN2013348	u30EE
train	UN2013348	u30EF
train	UN2013348	u30F0
train	UN2013348	u30F1
train	UN2013348	u30F2
train	UN2013348	u30F3
train	UN2013348	u30F4
train	UN2013348	u30F5
train	UN2013348	u30F6
train	UN2013348	u3105
train	UN2013348	u3106
train	UN2013348	u3107
train	UN2013348	u3108
train	UN2013348	u3109
train	UN2013348	u310A
train	UN2013348	u310B
train	UN2013348	u310C
train	UN2013348	u310D
train	UN2013348	u310E
train	UN2013348	u310F
train	UN2013348	u3110
train	UN2013348	u3111
train	UN2013348	u3112
train	UN2013348	u3113
train	UN2013348	u3114
train	UN2013348	u3115
train	UN2013348	u3116
train	UN2013348	u3117
train	UN2013348	u3118
train	UN2013348	u3119
train	UN2013348	u311A
train	UN2013348	u311B
train	UN2013348	u311C
train	UN2013348	u311D
train	UN2013348	u311E
train	UN2013348	u311F
train	UN2013348	u3120
train	UN2013348	u3121
train	UN2013348	u3122
train	UN2013348	u3123
train	UN2013348	u3124
train	UN2013348	u3125
train	UN2013348	u3126
train	UN2013348	u3127
train	UN2013348	u3128
train	UN2013348	u3129
train	UN2013369	u0030
train	UN2013369	u0031
train	UN2013369	u0032
train	UN2013369	u0033
train	UN2013369	u0034
train	UN2013369	u0035
train	UN2013369	u0036
train	UN2013369	u0037
train	UN2013369	u0038
train	UN2013369	u0039
train	UN2013369	u0041
train	UN2013369	u0042
train	UN2013369	u0043
train	UN2013369	u0044
train	UN2013369	u0045
train	UN2013369	u0046
train	UN2013369	u0047
train	UN2013369	u0048
train	UN2013369	u0049
train	UN2013369	u004A
train	UN2013369	u004B
train	UN2013369	u004C
train	UN2013369	u004D
train	UN2013369	u004E
train	UN2013369	u004F
train	UN2013369	u0050
train	UN2013369	u0051
train	UN2013369	u0052
train	UN2013369	u0053
train	UN2013369	u0054
train	UN2013369	u0055
train	UN2013369	u0056
train	UN2013369	u0057
train	UN2013369	u0058
train	UN2013369	u0059
train	UN2013369	u005A
train	UN2013369	u0061
train	UN2013369	u0062
train	UN2013369	u0063
train	UN2013369	u0064
train	UN2013369	u0065
train	UN2013369	u0066
train	UN2013369	u0067
train	UN2013369	u0068
train	UN2013369	u0069
train	UN2013369	u006A
train	UN2013369	u006B
train	UN2013369	u006C
train	UN2013369	u006D
train	UN2013369	u006E
train	UN2013369	u006F
train	UN2013369	u0070
train	UN2013369	u0071
train	UN2013369	u0072
train	UN2013369	u0073
train	UN2013369	u0074
train	UN2013369	u0075
train	UN2013369	u0076
train	UN2013369	u0077
train	UN2013369	u0078
train	UN2013369	u0079
train	UN2013369	u007A
train	UN2013375	u0030
train	UN2013375	u0031
train	UN2013375	u0032
train	UN2013375	u0033
train	UN2013375	u0034
train	UN2013375	u0035
train	UN2013375	u0036
train	UN2013375	u0037
train	UN2013375	u0038
train	UN2013375	u0039
train	UN2013375	u0041
train	UN2013375	u0042
train	UN2013375	u0043
train	UN2013375	u0044
train	UN2013375	u0045
train	UN2013375	u0046
train	UN2013375	u0047
train	UN2013375	u0048
train	UN2013375	u0049
train	UN2013375	u004A
train	UN2013375	u004B
train	UN2013375	u004C
train	UN2013375	u004D
train	UN2013375	u004E
train	UN2013375	u004F
train	UN2013375	u0050
train	UN2013375	u0051
train	UN2013375	u0052
train	UN2013375	u0053
train	UN2013375	u0054
train	UN2013375	u0055
train	UN2013375	u0056
train	UN2013375	u0057
train	UN2013375	u0058
train	UN2013375	u0059
train	UN2013375	u005A
train	UN2013375	u0061
train	UN2013375	u0062
train	UN2013375	u0063
train	UN2013375	u0064
train	UN2013375	u0065
train	UN2013375	u0066
train	UN2013375	u0067
train	UN2013375	u0068
train	UN2013375	u0069
train	UN2013375	u006A
train	UN2013375	u006B
train	UN2013375	u006C
train	UN2013375	u006D
train	UN2013375	u006E
train	UN2013375	u006F
train	UN2013375	u0070
train	UN2013375	u0071
train	UN2013375	u0072
train	UN2013375	u0073
train	UN2013375	u0074
train	UN2013375	u0075
train	UN2013375	u0076
train	UN2013375	u0077
train	UN2013375	u0078
train	UN2013375	u0079
train	UN2013375	u007A
train	UN2013375	u00E0
train	UN2013375	u00E1
train	UN2013375	u00E8
train	UN2013375	u00E9
train	UN2013375	u00EA
train	UN2013375	u00ED
train	UN2013375	u00F2
train	UN2013375	u00F3
train	UN2013375	u00F9
train	UN2013375	u00FA
train	UN2013375	u00FC
train	UN2013375	u0101
train	UN2013375	u0113
train	UN2013375	u011B
train	UN2013375	u012B
train	UN2013375	u0144
train	UN2013375	u0148
train	UN2013375	u014D
train	UN2013375	u016B
train	UN2013375	u01CE
train	UN2013375	u01D0
train	UN2013375	u01D2
train	UN2013375	u01D4
train	UN2013375	u01D6
train	UN2013375	u01D8
train	UN2013375	u01DA
train	UN2013375	u01DC
train	UN2013375	u3041
train	UN2013375	u3042
train	UN2013375	u3043
train	UN2013375	u3044
train	UN2013375	u3045
train	UN2013375	u3046
train	UN2013375	u3047
train	UN2013375	u3048
train	UN2013375	u3049
train	UN2013375	u304A
train	UN2013375	u304B
train	UN2013375	u304C
train	UN2013375	u304D
train	UN2013375	u304E
train	UN2013375	u304F
train	UN2013375	u3050
train	UN2013375	u3051
train	UN2013375	u3052
train	UN2013375	u3053
train	UN2013375	u3054
train	UN2013375	u3055
train	UN2013375	u3056
train	UN2013375	u3057
train	UN2013375	u3058
train	UN2013375	u3059
train	UN2013375	u305A
train	UN2013375	u305B
train	UN2013375	u305C
train	UN2013375	u305D
train	UN2013375	u305E
train	UN2013375	u305F
train	UN2013375	u3060
train	UN2013375	u3061
train	UN2013375	u3062
train	UN2013375	u3063
train	UN2013375	u3064
train	UN2013375	u3065
train	UN2013375	u3066
train	UN2013375	u3067
train	UN2013375	u3068
train	UN2013375	u3069
train	UN2013375	u306A
train	UN2013375	u306B
train	UN2013375	u306C
train	UN2013375	u306D
train	UN2013375	u306E
train	UN2013375	u306F
train	UN2013375	u3070
train	UN2013375	u3071
train	UN2013375	u3072
train	UN2013375	u3073
train	UN2013375	u3074
train	UN2013375	u3075
train	UN2013375	u3076
train	UN2013375	u3077
train	UN2013375	u3078
train	UN2013375	u3079
train	UN2013375	u307A
train	UN2013375	u307B
train	UN2013375	u307C
train	UN2013375	u307D
train	UN2013375	u307E
train	UN2013375	u307F
train	UN2013375	u3080
train	UN2013375	u3081
train	UN2013375	u3082
train	UN2013375	u3083
train	UN2013375	u3084
train	UN2013375	u3085
train	UN2013375	u3086
train	UN2013375	u3087
train	UN2013375	u3088
train	UN2013375	u3089
train	UN2013375	u308A
train	UN2013375	u308B
train	UN2013375	u308C
train	UN2013375	u308D
train	UN2013375	u308E
train	UN2013375	u308F
train	UN2013375	u3090
train	UN2013375	u3091
train	UN2013375	u3092
train	UN2013375	u3093
train	UN2013375	u30A1
train	UN2013375	u30A2
train	UN2013375	u30A3
train	UN2013375	u30A4
train	UN2013375	u30A5
train	UN2013375	u30A6
train	UN2013375	u30A7
train	UN2013375	u30A8
train	UN2013375	u30A9
train	UN2013375	u30AA
train	UN2013375	u30AB
train	UN2013375	u30AC
train	UN2013375	u30AD
train	UN2013375	u30AE
train	UN2013375	u30AF
train	UN2013375	u30B0
train	UN2013375	u30B1
train	UN2013375	u30B2
train	UN2013375	u30B3
train	UN2013375	u30B4
train	UN2013375	u30B5
train	UN2013375	u30B6
train	UN2013375	u30B7
train	UN2013375	u30B8
train	UN2013375	u30B9
train	UN2013375	u30BA
train	UN2013375	u30BB
train	UN2013375	u30BC
train	UN2013375	u30BD
train	UN2013375	u30BE
train	UN2013375	u30BF
train	UN2013375	u30C0
train	UN2013375	u30C1
train	UN2013375	u30C2
train	UN2013375	u30C3
train	UN2013375	u30C4
train	UN2013375	u30C5
train	UN2013375	u30C6
train	UN2013375	u30C7
train	UN2013375	u30C8
train	UN2013375	u30C9
train	UN2013375	u30CA
train	UN2013375	u30CB
train	UN2013375	u30CC
train	UN2013375	u30CD
train	UN2013375	u30CE
train	UN2013375	u30CF
train	UN2013375	u30D0
train	UN2013375	u30D1
train	UN2013375	u30D2
train	UN2013375	u30D3
train	UN2013375	u30D4
train	UN2013375	u30D5
train	UN2013375	u30D6
train	UN2013375	u30D7
train	UN2013375	u30D8
train	UN2013375	u30D9
train	UN2013375	u30DA
train	UN2013375	u30DB
train	UN2013375	u30DC
train	UN2013375	u30DD
train	UN2013375	u30DE
train	UN2013375	u30DF
train	UN2013375	u30E0
train	UN2013375	u30E1
train	UN2013375	u30E2
train	UN2013375	u30E3
train	UN2013375	u30E4
train	UN2013375	u30E5
train	UN2013375	u30E6
train	UN2013375	u30E7
train	UN2013375	u30E8
train	UN2013375	u30E9
train	UN2013375	u30EA
train	UN2013375	u30EB
train	UN2013375	u30EC
train	UN2013375	u30ED
train	UN2013375	u30EE
train	UN2013375	u30EF
train	UN2013375	u30F0
train	UN2013375	u30F1
train	UN2013375	u30F2
train	UN2013375	u30F3
train	UN2013375	u30F4
train	UN2013375	u30F5
train	UN2013375	u30F6
train	UN2013375	u3105
train	UN2013375	u3106
train	UN2013375	u3107
train	UN2013375	u3108
train	UN2013375	u3109
train	UN2013375	u310A
train	UN2013375	u310B
train	UN2013375	u310C
train	UN2013375	u310D
train	UN2013375	u310E
train	UN2013375	u310F
train	UN2013375	u3110
train	UN2013375	u3111
train	UN2013375	u3112
train	UN2013375	u3113
train	UN2013375	u3114
train	UN2013375	u3115
train	UN2013375	u3116
train	UN2013375	u3117
train	UN2013375	u3118
train	UN2013375	u3119
train	UN2013375	u311A
train	UN2013375	u311B
train	UN2013375	u311C
train	UN2013375	u311D
train	UN2013375	u311E
train	UN2013375	u311F
train	UN2013375	u3120
train	UN2013375	u3121
train	UN2013375	u3122
train	UN2013375	u3123
train	UN2013375	u3124
train	UN2013375	u3125
train	UN2013375	u3126
train	UN2013375	u3127
train	UN2013375	u3128
train	UN2013375	u3129
train	UN2013378	u0030
train	UN2013378	u0031
train	UN2013378	u0032
train	UN2013378	u0033
train	UN2013378	u0034
train	UN2013378	u0035
train	UN2013378	u0036
train	UN2013378	u0037
train	UN2013378	u0038
train	UN2013378	u0039
train	UN2013378	u0041
train	UN2013378	u0042
train	UN2013378	u0043
train	UN2013378	u0044
train	UN2013378	u0045
train	UN2013378	u0046
train	UN2013378	u0047
train	UN2013378	u0048
train	UN2013378	u0049
train	UN2013378	u004A
train	UN2013378	u004B
train	UN2013378	u004C
train	UN2013378	u004D
train	UN2013378	u004E
train	UN2013378	u004F
train	UN2013378	u0050
train	UN2013378	u0051
train	UN2013378	u0052
train	UN2013378	u0053
train	UN2013378	u0054
train	UN2013378	u0055
train	UN2013378	u0056
train	UN2013378	u0057
train	UN2013378	u0058
train	UN2013378	u0059
train	UN2013378	u005A
train	UN2013378	u0061
train	UN2013378	u0062
train	UN2013378	u0063
train	UN2013378	u0064
train	UN2013378	u0065
train	UN2013378	u0066
train	UN2013378	u0067
train	UN2013378	u0068
train	UN2013378	u0069
train	UN2013378	u006A
train	UN2013378	u006B
train	UN2013378	u006C
train	UN2013378	u006D
train	UN2013378	u006E
train	UN2013378	u006F
train	UN2013378	u0070
train	UN2013378	u0071
train	UN2013378	u0072
train	UN2013378	u0073
train	UN2013378	u0074
train	UN2013378	u0075
train	UN2013378	u0076
train	UN2013378	u0077
train	UN2013378	u0078
train	UN2013378	u0079
train	UN2013378	u007A
train	UN2013379	u0030
train	UN2013379	u0031
train	UN2013379	u0032
train	UN2013379	u0033
train	UN2013379	u0034
train	UN2013379	u0035
train	UN2013379	u0036
train	UN2013379	u0037
train	UN2013379	u0038
train	UN2013379	u0039
train	UN2013379	u0041
train	UN2013379	u0042
train	UN2013379	u0043
train	UN2013379	u0044
train	UN2013379	u0045
train	UN2013379	u0046
train	UN2013379	u0047
train	UN2013379	u0048
train	UN2013379	u0049
train	UN2013379	u004A
train	UN2013379	u004B
train	UN2013379	u004C
train	UN2013379	u004D
train	UN2013379	u004E
train	UN2013379	u004F
train	UN2013379	u0050
train	UN2013379	u0051
train	UN2013379	u0052
train	UN2013379	u0053
train	UN2013379	u0054
train	UN2013379	u0055
train	UN2013379	u0056
train	UN2013379	u0057
train	UN2013379	u0058
train	UN2013379	u0059
train	UN2013379	u005A
train	UN2013379	u0061
train	UN2013379	u0062
train	UN2013379	u0063
train	UN2013379	u0064
train	UN2013379	u0065
train	UN2013379	u0066
train	UN2013379	u0067
train	UN2013379	u0068
train	UN2013379	u0069
train	UN2013379	u006A
train	UN2013379	u006B
train	UN2013379	u006C
train	UN2013379	u006D
train	UN2013379	u006E
train	UN2013379	u006F
train	UN2013379	u0070
train	UN2013379	u0071
train	UN2013379	u0072
train	UN2013379	u0073
train	UN2013379	u0074
train	UN2013379	u0075
train	UN2013379	u0076
train	UN2013379	u0077
train	UN2013379	u0078
train	UN2013379	u0079
train	UN2013379	u007A
train	UN2013379	u00E0
train	UN2013379	u00E1
train	UN2013379	u00E8
train	UN2013379	u00E9
train	UN2013379	u00EA
train	UN2013379	u00ED
train	UN2013379	u00F2
train	UN2013379	u00F3
train	UN2013379	u00F9
train	UN2013379	u00FA
train	UN2013379	u00FC
train	UN2013379	u0101
train	UN2013379	u0113
train	UN2013379	u011B
train	UN2013379	u012B
train	UN2013379	u0144
train	UN2013379	u0148
train	UN2013379	u014D
train	UN2013379	u016B
train	UN2013379	u01CE
train	UN2013379	u01D0
train	UN2013379	u01D2
train	UN2013379	u01D4
train	UN2013379	u01D6
train	UN2013379	u01D8
train	UN2013379	u01DA
train	UN2013379	u01DC
train	UN2013379	u3041
train	UN2013379	u3042
train	UN2013379	u3043
train	UN2013379	u3044
train	UN2013379	u3045
train	UN2013379	u3046
train	UN2013379	u3047
train	UN2013379	u3048
train	UN2013379	u3049
train	UN2013379	u304A
train	UN2013379	u304B
train	UN2013379	u304C
train	UN2013379	u304D
train	UN2013379	u304E
train	UN2013379	u304F
train	UN2013379	u3050
train	UN2013379	u3051
train	UN2013379	u3052
train	UN2013379	u3053
train	UN2013379	u3054
train	UN2013379	u3055
train	UN2013379	u3056
train	UN2013379	u3057
train	UN2013379	u3058
train	UN2013379	u3059
train	UN2013379	u305A
train	UN2013379	u305B
train	UN2013379	u305C
train	UN2013379	u305D
train	UN2013379	u305E
train	UN2013379	u305F
train	UN2013379	u3060
train	UN2013379	u3061
train	UN2013379	u3062
train	UN2013379	u3063
train	UN2013379	u3064
train	UN2013379	u3065
train	UN2013379	u3066
train	UN2013379	u3067
train	UN2013379	u3068
train	UN2013379	u3069
train	UN2013379	u306A
train	UN2013379	u306B
train	UN2013379	u306C
train	UN2013379	u306D
train	UN2013379	u306E
train	UN2013379	u306F
train	UN2013379	u3070
train	UN2013379	u3071
train	UN2013379	u3072
train	UN2013379	u3073
train	UN2013379	u3074
train	UN2013379	u3075
train	UN2013379	u3076
train	UN2013379	u3077
train	UN2013379	u3078
train	UN2013379	u3079
train	UN2013379	u307A
train	UN2013379	u307B
train	UN2013379	u307C
train	UN2013379	u307D
train	UN2013379	u307E
train	UN2013379	u307F
train	UN2013379	u3080
train	UN2013379	u3081
train	UN2013379	u3082
train	UN2013379	u3083
train	UN2013379	u3084
train	UN2013379	u3085
train	UN2013379	u3086
train	UN2013379	u3087
train	UN2013379	u3088
train	UN2013379	u3089
train	UN2013379	u308A
train	UN2013379	u308B
train	UN2013379	u308C
train	UN2013379	u308D
train	UN2013379	u308E
train	UN2013379	u308F
train	UN2013379	u3090
train	UN2013379	u3091
train	UN2013379	u3092
train	UN2013379	u3093
train	UN2013379	u30A1
train	UN2013379	u30A2
train	UN2013379	u30A3
train	UN2013379	u30A4
train	UN2013379	u30A5
train	UN2013379	u30A6
train	UN2013379	u30A7
train	UN2013379	u30A8
train	UN2013379	u30A9
train	UN2013379	u30AA
train	UN2013379	u30AB
train	UN2013379	u30AC
train	UN2013379	u30AD
train	UN2013379	u30AE
train	UN2013379	u30AF
train	UN2013379	u30B0
train	UN2013379	u30B1
train	UN2013379	u30B2
train	UN2013379	u30B3
train	UN2013379	u30B4
train	UN2013379	u30B5
train	UN2013379	u30B6
train	UN2013379	u30B7
train	UN2013379	u30B8
train	UN2013379	u30B9
train	UN2013379	u30BA
train	UN2013379	u30BB
train	UN2013379	u30BC
train	UN2013379	u30BD
train	UN2013379	u30BE
train	UN2013379	u30BF
train	UN2013379	u30C0
train	UN2013379	u30C1
train	UN2013379	u30C2
train	UN2013379	u30C3
train	UN2013379	u30C4
train	UN2013379	u30C5
train	UN2013379	u30C6
train	UN2013379	u30C7
train	UN2013379	u30C8
train	UN2013379	u30C9
train	UN2013379	u30CA
train	UN2013379	u30CB
train	UN2013379	u30CC
train	UN2013379	u30CD
train	UN2013379	u30CE
train	UN2013379	u30CF
train	UN2013379	u30D0
train	UN2013379	u30D1
train	UN2013379	u30D2
train	UN2013379	u30D3
train	UN2013379	u30D4
train	UN2013379	u30D5
train	UN2013379	u30D6
train	UN2013379	u30D7
train	UN2013379	u30D8
train	UN2013379	u30D9
train	UN2013379	u30DA
train	UN2013379	u30DB
train	UN2013379	u30DC
train	UN2013379	u30DD
train	UN2013379	u30DE
train	UN2013379	u30DF
train	UN2013379	u30E0
train	UN2013379	u30E1
train	UN2013379	u30E2
train	UN2013379	u30E3
train	UN2013379	u30E4
train	UN2013379	u30E5
train	UN2013379	u30E6
train	UN2013379	u30E7
train	UN2013379	u30E8
train	UN2013379	u30E9
train	UN2013379	u30EA
train	UN2013379	u30EB
train	UN2013379	u30EC
train	UN2013379	u30ED
train	UN2013379	u30EE
train	UN2013379	u30EF
train	UN2013379	u30F0
train	UN2013379	u30F1
train	UN2013379	u30F2
train	UN2013379	u30F3
train	UN2013379	u30F4
train	UN2013379	u30F5
train	UN2013379	u30F6
train	UN2013379	u3105
train	UN2013379	u3106
train	UN2013379	u3107
train	UN2013379	u3108
train	UN2013379	u3109
train	UN2013379	u310A
train	UN2013379	u310B
train	UN2013379	u310C
train	UN2013379	u310D
train	UN2013379	u310E
train	UN2013379	u310F
train	UN2013379	u3110
train	UN2013379	u3111
train	UN2013379	u3112
train	UN2013379	u3113
train	UN2013379	u3114
train	UN2013379	u3115
train	UN2013379	u3116
train	UN2013379	u3117
train	UN2013379	u3118
train	UN2013379	u3119
train	UN2013379	u311A
train	UN2013379	u311B
train	UN2013379	u311C
train	UN2013379	u311D
train	UN2013379	u311E
train	UN2013379	u311F
train	UN2013379	u3120
train	UN2013379	u3121
train	UN2013379	u3122
train	UN2013379	u3123
train	UN2013379	u3124
train	UN2013379	u3125
train	UN2013379	u3126
train	UN2013379	u3127
train	UN2013379	u3128
train	UN2013379	u3129
train	UN2013386	u0030
train	UN2013386	u0031
train	UN2013386	u0032
train	UN2013386	u0033
train	UN2013386	u0034
train	UN2013386	u0035
train	UN2013386	u0036
train	UN2013386	u0037
train	UN2013386	u0038
train	UN2013386	u0039
train	UN2013386	u0041
train	UN2013386	u0042
train	UN2013386	u0043
train	UN2013386	u0044
train	UN2013386	u0045
train	UN2013386	u0046
train	UN2013386	u0047
train	UN2013386	u0048
train	UN2013386	u0049
train	UN2013386	u004A
train	UN2013386	u004B
train	UN2013386	u004C
train	UN2013386	u004D
train	UN2013386	u004E
train	UN2013386	u004F
train	UN2013386	u0050
train	UN2013386	u0051
train	UN2013386	u0052
train	UN2013386	u0053
train	UN2013386	u0054
train	UN2013386	u0055
train	UN2013386	u0056
train	UN2013386	u0057
train	UN2013386	u0058
train	UN2013386	u0059
train	UN2013386	u005A
train	UN2013386	u0061
train	UN2013386	u0062
train	UN2013386	u0063
train	UN2013386	u0064
train	UN2013386	u0065
train	UN2013386	u0066
train	UN2013386	u0067
train	UN2013386	u0068
train	UN2013386	u0069
train	UN2013386	u006A
train	UN2013386	u006B
train	UN2013386	u006C
train	UN2013386	u006D
train	UN2013386	u006E
train	UN2013386	u006F
train	UN2013386	u0070
train	UN2013386	u0071
train	UN2013386	u0072
train	UN2013386	u0073
train	UN2013386	u0074
train	UN2013386	u0075
train	UN2013386	u0076
train	UN2013386	u0077
train	UN2013386	u0078
train	UN2013386	u0079
train	UN2013386	u007A
train	UN2013386	u00E0
train	UN2013386	u00E1
train	UN2013386	u00E8
train	UN2013386	u00E9
train	UN2013386	u00EA
train	UN2013386	u00ED
train	UN2013386	u00F2
train	UN2013386	u00F3
train	UN2013386	u00F9
train	UN2013386	u00FA
train	UN2013386	u00FC
train	UN2013386	u0101
train	UN2013386	u0113
train	UN2013386	u011B
train	UN2013386	u012B
train	UN2013386	u0144
train	UN2013386	u0148
train	UN2013386	u014D
train	UN2013386	u016B
train	UN2013386	u01CE
train	UN2013386	u01D0
train	UN2013386	u01D2
train	UN2013386	u01D4
train	UN2013386	u01D6
train	UN2013386	u01D8
train	UN2013386	u01DA
train	UN2013386	u01DC
train	UN2013386	u3041
train	UN2013386	u3042
train	UN2013386	u3043
train	UN2013386	u3044
train	UN2013386	u3045
train	UN2013386	u3046
train	UN2013386	u3047
train	UN2013386	u3048
train	UN2013386	u3049
train	UN2013386	u304A
train	UN2013386	u304B
train	UN2013386	u304C
train	UN2013386	u304D
train	UN2013386	u304E
train	UN2013386	u304F
train	UN2013386	u3050
train	UN2013386	u3051
train	UN2013386	u3052
train	UN2013386	u3053
train	UN2013386	u3054
train	UN2013386	u3055
train	UN2013386	u3056
train	UN2013386	u3057
train	UN2013386	u3058
train	UN2013386	u3059
train	UN2013386	u305A
train	UN2013386	u305B
train	UN2013386	u305C
train	UN2013386	u305D
train	UN2013386	u305E
train	UN2013386	u305F
train	UN2013386	u3060
train	UN2013386	u3061
train	UN2013386	u3062
train	UN2013386	u3063
train	UN2013386	u3064
train	UN2013386	u3065
train	UN2013386	u3066
train	UN2013386	u3067
train	UN2013386	u3068
train	UN2013386	u3069
train	UN2013386	u306A
train	UN2013386	u306B
train	UN2013386	u306C
train	UN2013386	u306D
train	UN2013386	u306E
train	UN2013386	u306F
train	UN2013386	u3070
train	UN2013386	u3071
train	UN2013386	u3072
train	UN2013386	u3073
train	UN2013386	u3074
train	UN2013386	u3075
train	UN2013386	u3076
train	UN2013386	u3077
train	UN2013386	u3078
train	UN2013386	u3079
train	UN2013386	u307A
train	UN2013386	u307B
train	UN2013386	u307C
train	UN2013386	u307D
train	UN2013386	u307E
train	UN2013386	u307F
train	UN2013386	u3080
train	UN2013386	u3081
train	UN2013386	u3082
train	UN2013386	u3083
train	UN2013386	u3084
train	UN2013386	u3085
train	UN2013386	u3086
train	UN2013386	u3087
train	UN2013386	u3088
train	UN2013386	u3089
train	UN2013386	u308A
train	UN2013386	u308B
train	UN2013386	u308C
train	UN2013386	u308D
train	UN2013386	u308E
train	UN2013386	u308F
train	UN2013386	u3090
train	UN2013386	u3091
train	UN2013386	u3092
train	UN2013386	u3093
train	UN2013386	u30A1
train	UN2013386	u30A2
train	UN2013386	u30A3
train	UN2013386	u30A4
train	UN2013386	u30A5
train	UN2013386	u30A6
train	UN2013386	u30A7
train	UN2013386	u30A8
train	UN2013386	u30A9
train	UN2013386	u30AA
train	UN2013386	u30AB
train	UN2013386	u30AC
train	UN2013386	u30AD
train	UN2013386	u30AE
train	UN2013386	u30AF
train	UN2013386	u30B0
train	UN2013386	u30B1
train	UN2013386	u30B2
train	UN2013386	u30B3
train	UN2013386	u30B4
train	UN2013386	u30B5
train	UN2013386	u30B6
train	UN2013386	u30B7
train	UN2013386	u30B8
train	UN2013386	u30B9
train	UN2013386	u30BA
train	UN2013386	u30BB
train	UN2013386	u30BC
train	UN2013386	u30BD
train	UN2013386	u30BE
train	UN2013386	u30BF
train	UN2013386	u30C0
train	UN2013386	u30C1
train	UN2013386	u30C2
train	UN2013386	u30C3
train	UN2013386	u30C4
train	UN2013386	u30C5
train	UN2013386	u30C6
train	UN2013386	u30C7
train	UN2013386	u30C8
train	UN2013386	u30C9
train	UN2013386	u30CA
train	UN2013386	u30CB
train	UN2013386	u30CC
train	UN2013386	u30CD
train	UN2013386	u30CE
train	UN2013386	u30CF
train	UN2013386	u30D0
train	UN2013386	u30D1
train	UN2013386	u30D2
train	UN2013386	u30D3
train	UN2013386	u30D4
train	UN2013386	u30D5
train	UN2013386	u30D6
train	UN2013386	u30D7
train	UN2013386	u30D8
train	UN2013386	u30D9
train	UN2013386	u30DA
train	UN2013386	u30DB
train	UN2013386	u30DC
train	UN2013386	u30DD
train	UN2013386	u30DE
train	UN2013386	u30DF
train	UN2013386	u30E0
train	UN2013386	u30E1
train	UN2013386	u30E2
train	UN2013386	u30E3
train	UN2013386	u30E4
train	UN2013386	u30E5
train	UN2013386	u30E6
train	UN2013386	u30E7
train	UN2013386	u30E8
train	UN2013386	u30E9
train	UN2013386	u30EA
train	UN2013386	u30EB
train	UN2013386	u30EC
train	UN2013386	u30ED
train	UN2013386	u30EE
train	UN2013386	u30EF
train	UN2013386	u30F0
train	UN2013386	u30F1
train	UN2013386	u30F2
train	UN2013386	u30F3
train	UN2013386	u30F4
train	UN2013386	u30F5
train	UN2013386	u30F6
train	UN2013386	u3105
train	UN2013386	u3106
train	UN2013386	u3107
train	UN2013386	u3108
train	UN2013386	u3109
train	UN2013386	u310A
train	UN2013386	u310B
train	UN2013386	u310C
train	UN2013386	u310D
train	UN2013386	u310E
train	UN2013386	u310F
train	UN2013386	u3110
train	UN2013386	u3111
train	UN2013386	u3112
train	UN2013386	u3113
train	UN2013386	u3114
train	UN2013386	u3115
train	UN2013386	u3116
train	UN2013386	u3117
train	UN2013386	u3118
train	UN2013386	u3119
train	UN2013386	u311A
train	UN2013386	u311B
train	UN2013386	u311C
train	UN2013386	u311D
train	UN2013386	u311E
train	UN2013386	u311F
train	UN2013386	u3120
train	UN2013386	u3121
train	UN2013386	u3122
train	UN2013386	u3123
train	UN2013386	u3124
train	UN2013386	u3125
train	UN2013386	u3126
train	UN2013386	u3127
train	UN2013386	u3128
train	UN2013386	u3129
train	UN2013388	u0030
train	UN2013388	u0031
train	UN2013388	u0032
train	UN2013388	u0033
train	UN2013388	u0034
train	UN2013388	u0035
train	UN2013388	u0036
train	UN2013388	u0037
train	UN2013388	u0038
train	UN2013388	u0039
train	UN2013388	u0041
train	UN2013388	u0042
train	UN2013388	u0043
train	UN2013388	u0044
train	UN2013388	u0045
train	UN2013388	u0046
train	UN2013388	u0047
train	UN2013388	u0048
train	UN2013388	u0049
train	UN2013388	u004A
train	UN2013388	u004B
train	UN2013388	u004C
train	UN2013388	u004D
train	UN2013388	u004E
train	UN2013388	u004F
train	UN2013388	u0050
train	UN2013388	u0051
train	UN2013388	u0052
train	UN2013388	u0053
train	UN2013388	u0054
train	UN2013388	u0055
train	UN2013388	u0056
train	UN2013388	u0057
train	UN2013388	u0058
train	UN2013388	u0059
train	UN2013388	u005A
train	UN2013388	u0061
train	UN2013388	u0062
train	UN2013388	u0063
train	UN2013388	u0064
train	UN2013388	u0065
train	UN2013388	u0066
train	UN2013388	u0067
train	UN2013388	u0068
train	UN2013388	u0069
train	UN2013388	u006A
train	UN2013388	u006B
train	UN2013388	u006C
train	UN2013388	u006D
train	UN2013388	u006E
train	UN2013388	u006F
train	UN2013388	u0070
train	UN2013388	u0071
train	UN2013388	u0072
train	UN2013388	u0073
train	UN2013388	u0074
train	UN2013388	u0075
train	UN2013388	u0076
train	UN2013388	u0077
train	UN2013388	u0078
train	UN2013388	u0079
train	UN2013388	u007A
train	UN2013388	u00E0
train	UN2013388	u00E1
train	UN2013388	u00E8
train	UN2013388	u00E9
train	UN2013388	u00EA
train	UN2013388	u00ED
train	UN2013388	u00F2
train	UN2013388	u00F3
train	UN2013388	u00F9
train	UN2013388	u00FA
train	UN2013388	u00FC
train	UN2013388	u0101
train	UN2013388	u0113
train	UN2013388	u011B
train	UN2013388	u012B
train	UN2013388	u0144
train	UN2013388	u0148
train	UN2013388	u014D
train	UN2013388	u016B
train	UN2013388	u01CE
train	UN2013388	u01D0
train	UN2013388	u01D2
train	UN2013388	u01D4
train	UN2013388	u01D6
train	UN2013388	u01D8
train	UN2013388	u01DA
train	UN2013388	u01DC
train	UN2013388	u3041
train	UN2013388	u3042
train	UN2013388	u3043
train	UN2013388	u3044
train	UN2013388	u3045
train	UN2013388	u3046
train	UN2013388	u3047
train	UN2013388	u3048
train	UN2013388	u3049
train	UN2013388	u304A
train	UN2013388	u304B
train	UN2013388	u304C
train	UN2013388	u304D
train	UN2013388	u304E
train	UN2013388	u304F
train	UN2013388	u3050
train	UN2013388	u3051
train	UN2013388	u3052
train	UN2013388	u3053
train	UN2013388	u3054
train	UN2013388	u3055
train	UN2013388	u3056
train	UN2013388	u3057
train	UN2013388	u3058
train	UN2013388	u3059
train	UN2013388	u305A
train	UN2013388	u305B
train	UN2013388	u305C
train	UN2013388	u305D
train	UN2013388	u305E
train	UN2013388	u305F
train	UN2013388	u3060
train	UN2013388	u3061
train	UN2013388	u3062
train	UN2013388	u3063
train	UN2013388	u3064
train	UN2013388	u3065
train	UN2013388	u3066
train	UN2013388	u3067
train	UN2013388	u3068
train	UN2013388	u3069
train	UN2013388	u306A
train	UN2013388	u306B
train	UN2013388	u306C
train	UN2013388	u306D
train	UN2013388	u306E
train	UN2013388	u306F
train	UN2013388	u3070
train	UN2013388	u3071
train	UN2013388	u3072
train	UN2013388	u3073
train	UN2013388	u3074
train	UN2013388	u3075
train	UN2013388	u3076
train	UN2013388	u3077
train	UN2013388	u3078
train	UN2013388	u3079
train	UN2013388	u307A
train	UN2013388	u307B
train	UN2013388	u307C
train	UN2013388	u307D
train	UN2013388	u307E
train	UN2013388	u307F
train	UN2013388	u3080
train	UN2013388	u3081
train	UN2013388	u3082
train	UN2013388	u3083
train	UN2013388	u3084
train	UN2013388	u3085
train	UN2013388	u3086
train	UN2013388	u3087
train	UN2013388	u3088
train	UN2013388	u3089
train	UN2013388	u308A
train	UN2013388	u308B
train	UN2013388	u308C
train	UN2013388	u308D
train	UN2013388	u308E
train	UN2013388	u308F
train	UN2013388	u3090
train	UN2013388	u3091
train	UN2013388	u3092
train	UN2013388	u3093
train	UN2013388	u30A1
train	UN2013388	u30A2
train	UN2013388	u30A3
train	UN2013388	u30A4
train	UN2013388	u30A5
train	UN2013388	u30A6
train	UN2013388	u30A7
train	UN2013388	u30A8
train	UN2013388	u30A9
train	UN2013388	u30AA
train	UN2013388	u30AB
train	UN2013388	u30AC
train	UN2013388	u30AD
train	UN2013388	u30AE
train	UN2013388	u30AF
train	UN2013388	u30B0
train	UN2013388	u30B1
train	UN2013388	u30B2
train	UN2013388	u30B3
train	UN2013388	u30B4
train	UN2013388	u30B5
train	UN2013388	u30B6
train	UN2013388	u30B7
train	UN2013388	u30B8
train	UN2013388	u30B9
train	UN2013388	u30BA
train	UN2013388	u30BB
train	UN2013388	u30BC
train	UN2013388	u30BD
train	UN2013388	u30BE
train	UN2013388	u30BF
train	UN2013388	u30C0
train	UN2013388	u30C1
train	UN2013388	u30C2
train	UN2013388	u30C3
train	UN2013388	u30C4
train	UN2013388	u30C5
train	UN2013388	u30C6
train	UN2013388	u30C7
train	UN2013388	u30C8
train	UN2013388	u30C9
train	UN2013388	u30CA
train	UN2013388	u30CB
train	UN2013388	u30CC
train	UN2013388	u30CD
train	UN2013388	u30CE
train	UN2013388	u30CF
train	UN2013388	u30D0
train	UN2013388	u30D1
train	UN2013388	u30D2
train	UN2013388	u30D3
train	UN2013388	u30D4
train	UN2013388	u30D5
train	UN2013388	u30D6
train	UN2013388	u30D7
train	UN2013388	u30D8
train	UN2013388	u30D9
train	UN2013388	u30DA
train	UN2013388	u30DB
train	UN2013388	u30DC
train	UN2013388	u30DD
train	UN2013388	u30DE
train	UN2013388	u30DF
train	UN2013388	u30E0
train	UN2013388	u30E1
train	UN2013388	u30E2
train	UN2013388	u30E3
train	UN2013388	u30E4
train	UN2013388	u30E5
train	UN2013388	u30E6
train	UN2013388	u30E7
train	UN2013388	u30E8
train	UN2013388	u30E9
train	UN2013388	u30EA
train	UN2013388	u30EB
train	UN2013388	u30EC
train	UN2013388	u30ED
train	UN2013388	u30EE
train	UN2013388	u30EF
train	UN2013388	u30F0
train	UN2013388	u30F1
train	UN2013388	u30F2
train	UN2013388	u30F3
train	UN2013388	u30F4
train	UN2013388	u30F5
train	UN2013388	u30F6
train	UN2013388	u3105
train	UN2013388	u3106
train	UN2013388	u3107
train	UN2013388	u3108
train	UN2013388	u3109
train	UN2013388	u310A
train	UN2013388	u310B
train	UN2013388	u310C
train	UN2013388	u310D
train	UN2013388	u310E
train	UN2013388	u310F
train	UN2013388	u3110
train	UN2013388	u3111
train	UN2013388	u3112
train	UN2013388	u3113
train	UN2013388	u3114
train	UN2013388	u3115
train	UN2013388	u3116
train	UN2013388	u3117
train	UN2013388	u3118
train	UN2013388	u3119
train	UN2013388	u311A
train	UN2013388	u311B
train	UN2013388	u311C
train	UN2013388	u311D
train	UN2013388	u311E
train	UN2013388	u311F
train	UN2013388	u3120
train	UN2013388	u3121
train	UN2013388	u3122
train	UN2013388	u3123
train	UN2013388	u3124
train	UN2013388	u3125
train	UN2013388	u3126
train	UN2013388	u3127
train	UN2013388	u3128
train	UN2013388	u3129
train	UN2013392	u0030
train	UN2013392	u0031
train	UN2013392	u0032
train	UN2013392	u0033
train	UN2013392	u0034
train	UN2013392	u0035
train	UN2013392	u0036
train	UN2013392	u0037
train	UN2013392	u0038
train	UN2013392	u0039
train	UN2013392	u0041
train	UN2013392	u0042
train	UN2013392	u0043
train	UN2013392	u0044
train	UN2013392	u0045
train	UN2013392	u0046
train	UN2013392	u0047
train	UN2013392	u0048
train	UN2013392	u0049
train	UN2013392	u004A
train	UN2013392	u004B
train	UN2013392	u004C
train	UN2013392	u004D
train	UN2013392	u004E
train	UN2013392	u004F
train	UN2013392	u0050
train	UN2013392	u0051
train	UN2013392	u0052
train	UN2013392	u0053
train	UN2013392	u0054
train	UN2013392	u0055
train	UN2013392	u0056
train	UN2013392	u0057
train	UN2013392	u0058
train	UN2013392	u0059
train	UN2013392	u005A
train	UN2013392	u0061
train	UN2013392	u0062
train	UN2013392	u0063
train	UN2013392	u0064
train	UN2013392	u0065
train	UN2013392	u0066
train	UN2013392	u0067
train	UN2013392	u0068
train	UN2013392	u0069
train	UN2013392	u006A
train	UN2013392	u006B
train	UN2013392	u006C
train	UN2013392	u006D
train	UN2013392	u006E
train	UN2013392	u006F
train	UN2013392	u0070
train	UN2013392	u0071
train	UN2013392	u0072
train	UN2013392	u0073
train	UN2013392	u0074
train	UN2013392	u0075
train	UN2013392	u0076
train	UN2013392	u0077
train	UN2013392	u0078
train	UN2013392	u0079
train	UN2013392	u007A
train	UN2013392	u00E0
train	UN2013392	u00E1
train	UN2013392	u00E8
train	UN2013392	u00E9
train	UN2013392	u00EA
train	UN2013392	u00ED
train	UN2013392	u00F2
train	UN2013392	u00F3
train	UN2013392	u00F9
train	UN2013392	u00FA
train	UN2013392	u00FC
train	UN2013392	u0101
train	UN2013392	u0113
train	UN2013392	u011B
train	UN2013392	u012B
train	UN2013392	u0144
train	UN2013392	u0148
train	UN2013392	u014D
train	UN2013392	u016B
train	UN2013392	u01CE
train	UN2013392	u01D0
train	UN2013392	u01D2
train	UN2013392	u01D4
train	UN2013392	u01D6
train	UN2013392	u01D8
train	UN2013392	u01DA
train	UN2013392	u01DC
train	UN2013392	u3041
train	UN2013392	u3042
train	UN2013392	u3043
train	UN2013392	u3044
train	UN2013392	u3045
train	UN2013392	u3046
train	UN2013392	u3047
train	UN2013392	u3048
train	UN2013392	u3049
train	UN2013392	u304A
train	UN2013392	u304B
train	UN2013392	u304C
train	UN2013392	u304D
train	UN2013392	u304E
train	UN2013392	u304F
train	UN2013392	u3050
train	UN2013392	u3051
train	UN2013392	u3052
train	UN2013392	u3053
train	UN2013392	u3054
train	UN2013392	u3055
train	UN2013392	u3056
train	UN2013392	u3057
train	UN2013392	u3058
train	UN2013392	u3059
train	UN2013392	u305A
train	UN2013392	u305B
train	UN2013392	u305C
train	UN2013392	u305D
train	UN2013392	u305E
train	UN2013392	u305F
train	UN2013392	u3060
train	UN2013392	u3061
train	UN2013392	u3062
train	UN2013392	u3063
train	UN2013392	u3064
train	UN2013392	u3065
train	UN2013392	u3066
train	UN2013392	u3067
train	UN2013392	u3068
train	UN2013392	u3069
train	UN2013392	u306A
train	UN2013392	u306B
train	UN2013392	u306C
train	UN2013392	u306D
train	UN2013392	u306E
train	UN2013392	u306F
train	UN2013392	u3070
train	UN2013392	u3071
train	UN2013392	u3072
train	UN2013392	u3073
train	UN2013392	u3074
train	UN2013392	u3075
train	UN2013392	u3076
train	UN2013392	u3077
train	UN2013392	u3078
train	UN2013392	u3079
train	UN2013392	u307A
train	UN2013392	u307B
train	UN2013392	u307C
train	UN2013392	u307D
train	UN2013392	u307E
train	UN2013392	u307F
train	UN2013392	u3080
train	UN2013392	u3081
train	UN2013392	u3082
train	UN2013392	u3083
train	UN2013392	u3084
train	UN2013392	u3085
train	UN2013392	u3086
train	UN2013392	u3087
train	UN2013392	u3088
train	UN2013392	u3089
train	UN2013392	u308A
train	UN2013392	u308B
train	UN2013392	u308C
train	UN2013392	u308D
train	UN2013392	u308E
train	UN2013392	u308F
train	UN2013392	u3090
train	UN2013392	u3091
train	UN2013392	u3092
train	UN2013392	u3093
train	UN2013392	u30A1
train	UN2013392	u30A2
train	UN2013392	u30A3
train	UN2013392	u30A4
train	UN2013392	u30A5
train	UN2013392	u30A6
train	UN2013392	u30A7
train	UN2013392	u30A8
train	UN2013392	u30A9
train	UN2013392	u30AA
train	UN2013392	u30AB
train	UN2013392	u30AC
train	UN2013392	u30AD
train	UN2013392	u30AE
train	UN2013392	u30AF
train	UN2013392	u30B0
train	UN2013392	u30B1
train	UN2013392	u30B2
train	UN2013392	u30B3
train	UN2013392	u30B4
train	UN2013392	u30B5
train	UN2013392	u30B6
train	UN2013392	u30B7
train	UN2013392	u30B8
train	UN2013392	u30B9
train	UN2013392	u30BA
train	UN2013392	u30BB
train	UN2013392	u30BC
train	UN2013392	u30BD
train	UN2013392	u30BE
train	UN2013392	u30BF
train	UN2013392	u30C0
train	UN2013392	u30C1
train	UN2013392	u30C2
train	UN2013392	u30C3
train	UN2013392	u30C4
train	UN2013392	u30C5
train	UN2013392	u30C6
train	UN2013392	u30C7
train	UN2013392	u30C8
train	UN2013392	u30C9
train	UN2013392	u30CA
train	UN2013392	u30CB
train	UN2013392	u30CC
train	UN2013392	u30CD
train	UN2013392	u30CE
train	UN2013392	u30CF
train	UN2013392	u30D0
train	UN2013392	u30D1
train	UN2013392	u30D2
train	UN2013392	u30D3
train	UN2013392	u30D4
train	UN2013392	u30D5
train	UN2013392	u30D6
train	UN2013392	u30D7
train	UN2013392	u30D8
train	UN2013392	u30D9
train	UN2013392	u30DA
train	UN2013392	u30DB
train	UN2013392	u30DC
train	UN2013392	u30DD
train	UN2013392	u30DE
train	UN2013392	u30DF
train	UN2013392	u30E0
train	UN2013392	u30E1
train	UN2013392	u30E2
train	UN2013392	u30E3
train	UN2013392	u30E4
train	UN2013392	u30E5
train	UN2013392	u30E6
train	UN2013392	u30E7
train	UN2013392	u30E8
train	UN2013392	u30E9
train	UN2013392	u30EA
train	UN2013392	u30EB
train	UN2013392	u30EC
train	UN2013392	u30ED
train	UN2013392	u30EE
train	UN2013392	u30EF
train	UN2013392	u30F0
train	UN2013392	u30F1
train	UN2013392	u30F2
train	UN2013392	u30F3
train	UN2013392	u30F4
train	UN2013392	u30F5
train	UN2013392	u30F6
train	UN2013392	u3105
train	UN2013392	u3106
train	UN2013392	u3107
train	UN2013392	u3108
train	UN2013392	u3109
train	UN2013392	u310A
train	UN2013392	u310B
train	UN2013392	u310C
train	UN2013392	u310D
train	UN2013392	u310E
train	UN2013392	u310F
train	UN2013392	u3110
train	UN2013392	u3111
train	UN2013392	u3112
train	UN2013392	u3113
train	UN2013392	u3114
train	UN2013392	u3115
train	UN2013392	u3116
train	UN2013392	u3117
train	UN2013392	u3118
train	UN2013392	u3119
train	UN2013392	u311A
train	UN2013392	u311B
train	UN2013392	u311C
train	UN2013392	u311D
train	UN2013392	u311E
train	UN2013392	u311F
train	UN2013392	u3120
train	UN2013392	u3121
train	UN2013392	u3122
train	UN2013392	u3123
train	UN2013392	u3124
train	UN2013392	u3125
train	UN2013392	u3126
train	UN2013392	u3127
train	UN2013392	u3128
train	UN2013392	u3129
train	UN2013393	u0030
train	UN2013393	u0031
train	UN2013393	u0032
train	UN2013393	u0033
train	UN2013393	u0034
train	UN2013393	u0035
train	UN2013393	u0036
train	UN2013393	u0037
train	UN2013393	u0038
train	UN2013393	u0039
train	UN2013393	u0041
train	UN2013393	u0042
train	UN2013393	u0043
train	UN2013393	u0044
train	UN2013393	u0045
train	UN2013393	u0046
train	UN2013393	u0047
train	UN2013393	u0048
train	UN2013393	u0049
train	UN2013393	u004A
train	UN2013393	u004B
train	UN2013393	u004C
train	UN2013393	u004D
train	UN2013393	u004E
train	UN2013393	u004F
train	UN2013393	u0050
train	UN2013393	u0051
train	UN2013393	u0052
train	UN2013393	u0053
train	UN2013393	u0054
train	UN2013393	u0055
train	UN2013393	u0056
train	UN2013393	u0057
train	UN2013393	u0058
train	UN2013393	u0059
train	UN2013393	u005A
train	UN2013393	u0061
train	UN2013393	u0062
train	UN2013393	u0063
train	UN2013393	u0064
train	UN2013393	u0065
train	UN2013393	u0066
train	UN2013393	u0067
train	UN2013393	u0068
train	UN2013393	u0069
train	UN2013393	u006A
train	UN2013393	u006B
train	UN2013393	u006C
train	UN2013393	u006D
train	UN2013393	u006E
train	UN2013393	u006F
train	UN2013393	u0070
train	UN2013393	u0071
train	UN2013393	u0072
train	UN2013393	u0073
train	UN2013393	u0074
train	UN2013393	u0075
train	UN2013393	u0076
train	UN2013393	u0077
train	UN2013393	u0078
train	UN2013393	u0079
train	UN2013393	u007A
train	UN2013393	u00E0
train	UN2013393	u00E1
train	UN2013393	u00E8
train	UN2013393	u00E9
train	UN2013393	u00EA
train	UN2013393	u00ED
train	UN2013393	u00F2
train	UN2013393	u00F3
train	UN2013393	u00F9
train	UN2013393	u00FA
train	UN2013393	u00FC
train	UN2013393	u0101
train	UN2013393	u0113
train	UN2013393	u011B
train	UN2013393	u012B
train	UN2013393	u0144
train	UN2013393	u0148
train	UN2013393	u014D
train	UN2013393	u016B
train	UN2013393	u01CE
train	UN2013393	u01D0
train	UN2013393	u01D2
train	UN2013393	u01D4
train	UN2013393	u01D6
train	UN2013393	u01D8
train	UN2013393	u01DA
train	UN2013393	u01DC
train	UN2013393	u3041
train	UN2013393	u3042
train	UN2013393	u3043
train	UN2013393	u3044
train	UN2013393	u3045
train	UN2013393	u3046
train	UN2013393	u3047
train	UN2013393	u3048
train	UN2013393	u3049
train	UN2013393	u304A
train	UN2013393	u304B
train	UN2013393	u304C
train	UN2013393	u304D
train	UN2013393	u304E
train	UN2013393	u304F
train	UN2013393	u3050
train	UN2013393	u3051
train	UN2013393	u3052
train	UN2013393	u3053
train	UN2013393	u3054
train	UN2013393	u3055
train	UN2013393	u3056
train	UN2013393	u3057
train	UN2013393	u3058
train	UN2013393	u3059
train	UN2013393	u305A
train	UN2013393	u305B
train	UN2013393	u305C
train	UN2013393	u305D
train	UN2013393	u305E
train	UN2013393	u305F
train	UN2013393	u3060
train	UN2013393	u3061
train	UN2013393	u3062
train	UN2013393	u3063
train	UN2013393	u3064
train	UN2013393	u3065
train	UN2013393	u3066
train	UN2013393	u3067
train	UN2013393	u3068
train	UN2013393	u3069
train	UN2013393	u306A
train	UN2013393	u306B
train	UN2013393	u306C
train	UN2013393	u306D
train	UN2013393	u306E
train	UN2013393	u306F
train	UN2013393	u3070
train	UN2013393	u3071
train	UN2013393	u3072
train	UN2013393	u3073
train	UN2013393	u3074
train	UN2013393	u3075
train	UN2013393	u3076
train	UN2013393	u3077
train	UN2013393	u3078
train	UN2013393	u3079
train	UN2013393	u307A
train	UN2013393	u307B
train	UN2013393	u307C
train	UN2013393	u307D
train	UN2013393	u307E
train	UN2013393	u307F
train	UN2013393	u3080
train	UN2013393	u3081
train	UN2013393	u3082
train	UN2013393	u3083
train	UN2013393	u3084
train	UN2013393	u3085
train	UN2013393	u3086
train	UN2013393	u3087
train	UN2013393	u3088
train	UN2013393	u3089
train	UN2013393	u308A
train	UN2013393	u308B
train	UN2013393	u308C
train	UN2013393	u308D
train	UN2013393	u308E
train	UN2013393	u308F
train	UN2013393	u3090
train	UN2013393	u3091
train	UN2013393	u3092
train	UN2013393	u3093
train	UN2013393	u30A1
train	UN2013393	u30A2
train	UN2013393	u30A3
train	UN2013393	u30A4
train	UN2013393	u30A5
train	UN2013393	u30A6
train	UN2013393	u30A7
train	UN2013393	u30A8
train	UN2013393	u30A9
train	UN2013393	u30AA
train	UN2013393	u30AB
train	UN2013393	u30AC
train	UN2013393	u30AD
train	UN2013393	u30AE
train	UN2013393	u30AF
train	UN2013393	u30B0
train	UN2013393	u30B1
train	UN2013393	u30B2
train	UN2013393	u30B3
train	UN2013393	u30B4
train	UN2013393	u30B5
train	UN2013393	u30B6
train	UN2013393	u30B7
train	UN2013393	u30B8
train	UN2013393	u30B9
train	UN2013393	u30BA
train	UN2013393	u30BB
train	UN2013393	u30BC
train	UN2013393	u30BD
train	UN2013393	u30BE
train	UN2013393	u30BF
train	UN2013393	u30C0
train	UN2013393	u30C1
train	UN2013393	u30C2
train	UN2013393	u30C3
train	UN2013393	u30C4
train	UN2013393	u30C5
train	UN2013393	u30C6
train	UN2013393	u30C7
train	UN2013393	u30C8
train	UN2013393	u30C9
train	UN2013393	u30CA
train	UN2013393	u30CB
train	UN2013393	u30CC
train	UN2013393	u30CD
train	UN2013393	u30CE
train	UN2013393	u30CF
train	UN2013393	u30D0
train	UN2013393	u30D1
train	UN2013393	u30D2
train	UN2013393	u30D3
train	UN2013393	u30D4
train	UN2013393	u30D5
train	UN2013393	u30D6
train	UN2013393	u30D7
train	UN2013393	u30D8
train	UN2013393	u30D9
train	UN2013393	u30DA
train	UN2013393	u30DB
train	UN2013393	u30DC
train	UN2013393	u30DD
train	UN2013393	u30DE
train	UN2013393	u30DF
train	UN2013393	u30E0
train	UN2013393	u30E1
train	UN2013393	u30E2
train	UN2013393	u30E3
train	UN2013393	u30E4
train	UN2013393	u30E5
train	UN2013393	u30E6
train	UN2013393	u30E7
train	UN2013393	u30E8
train	UN2013393	u30E9
train	UN2013393	u30EA
train	UN2013393	u30EB
train	UN2013393	u30EC
train	UN2013393	u30ED
train	UN2013393	u30EE
train	UN2013393	u30EF
train	UN2013393	u30F0
train	UN2013393	u30F1
train	UN2013393	u30F2
train	UN2013393	u30F3
train	UN2013393	u30F4
train	UN2013393	u30F5
train	UN2013393	u30F6
train	UN2013393	u3105
train	UN2013393	u3106
train	UN2013393	u3107
train	UN2013393	u3108
train	UN2013393	u3109
train	UN2013393	u310A
train	UN2013393	u310B
train	UN2013393	u310C
train	UN2013393	u310D
train	UN2013393	u310E
train	UN2013393	u310F
train	UN2013393	u3110
train	UN2013393	u3111
train	UN2013393	u3112
train	UN2013393	u3113
train	UN2013393	u3114
train	UN2013393	u3115
train	UN2013393	u3116
train	UN2013393	u3117
train	UN2013393	u3118
train	UN2013393	u3119
train	UN2013393	u311A
train	UN2013393	u311B
train	UN2013393	u311C
train	UN2013393	u311D
train	UN2013393	u311E
train	UN2013393	u311F
train	UN2013393	u3120
train	UN2013393	u3121
train	UN2013393	u3122
train	UN2013393	u3123
train	UN2013393	u3124
train	UN2013393	u3125
train	UN2013393	u3126
train	UN2013393	u3127
train	UN2013393	u3128
train	UN2013393	u3129
train	UN2013396	u0030
train	UN2013396	u0031
train	UN2013396	u0032
train	UN2013396	u0033
train	UN2013396	u0034
train	UN2013396	u0035
train	UN2013396	u0036
train	UN2013396	u0037
train	UN2013396	u0038
train	UN2013396	u0039
train	UN2013396	u0041
train	UN2013396	u0042
train	UN2013396	u0043
train	UN2013396	u0044
train	UN2013396	u0045
train	UN2013396	u0046
train	UN2013396	u0047
train	UN2013396	u0048
train	UN2013396	u0049
train	UN2013396	u004A
train	UN2013396	u004B
train	UN2013396	u004C
train	UN2013396	u004D
train	UN2013396	u004E
train	UN2013396	u004F
train	UN2013396	u0050
train	UN2013396	u0051
train	UN2013396	u0052
train	UN2013396	u0053
train	UN2013396	u0054
train	UN2013396	u0055
train	UN2013396	u0056
train	UN2013396	u0057
train	UN2013396	u0058
train	UN2013396	u0059
train	UN2013396	u005A
train	UN2013396	u0061
train	UN2013396	u0062
train	UN2013396	u0063
train	UN2013396	u0064
train	UN2013396	u0065
train	UN2013396	u0066
train	UN2013396	u0067
train	UN2013396	u0068
train	UN2013396	u0069
train	UN2013396	u006A
train	UN2013396	u006B
train	UN2013396	u006C
train	UN2013396	u006D
train	UN2013396	u006E
train	UN2013396	u006F
train	UN2013396	u0070
train	UN2013396	u0071
train	UN2013396	u0072
train	UN2013396	u0073
train	UN2013396	u0074
train	UN2013396	u0075
train	UN2013396	u0076
train	UN2013396	u0077
train	UN2013396	u0078
train	UN2013396	u0079
train	UN2013396	u007A
train	UN2013396	u00E0
train	UN2013396	u00E1
train	UN2013396	u00E8
train	UN2013396	u00E9
train	UN2013396	u00EA
train	UN2013396	u00ED
train	UN2013396	u00F2
train	UN2013396	u00F3
train	UN2013396	u00F9
train	UN2013396	u00FA
train	UN2013396	u00FC
train	UN2013396	u0101
train	UN2013396	u0113
train	UN2013396	u011B
train	UN2013396	u012B
train	UN2013396	u0144
train	UN2013396	u0148
train	UN2013396	u014D
train	UN2013396	u016B
train	UN2013396	u01CE
train	UN2013396	u01D0
train	UN2013396	u01D2
train	UN2013396	u01D4
train	UN2013396	u01D6
train	UN2013396	u01D8
train	UN2013396	u01DA
train	UN2013396	u01DC
train	UN2013403	u0030
train	UN2013403	u0031
train	UN2013403	u0032
train	UN2013403	u0033
train	UN2013403	u0034
train	UN2013403	u0035
train	UN2013403	u0036
train	UN2013403	u0037
train	UN2013403	u0038
train	UN2013403	u0039
train	UN2013403	u0041
train	UN2013403	u0042
train	UN2013403	u0043
train	UN2013403	u0044
train	UN2013403	u0045
train	UN2013403	u0046
train	UN2013403	u0047
train	UN2013403	u0048
train	UN2013403	u0049
train	UN2013403	u004A
train	UN2013403	u004B
train	UN2013403	u004C
train	UN2013403	u004D
train	UN2013403	u004E
train	UN2013403	u004F
train	UN2013403	u0050
train	UN2013403	u0051
train	UN2013403	u0052
train	UN2013403	u0053
train	UN2013403	u0054
train	UN2013403	u0055
train	UN2013403	u0056
train	UN2013403	u0057
train	UN2013403	u0058
train	UN2013403	u0059
train	UN2013403	u005A
train	UN2013403	u0061
train	UN2013403	u0062
train	UN2013403	u0063
train	UN2013403	u0064
train	UN2013403	u0065
train	UN2013403	u0066
train	UN2013403	u0067
train	UN2013403	u0068
train	UN2013403	u0069
train	UN2013403	u006A
train	UN2013403	u006B
train	UN2013403	u006C
train	UN2013403	u006D
train	UN2013403	u006E
train	UN2013403	u006F
train	UN2013403	u0070
train	UN2013403	u0071
train	UN2013403	u0072
train	UN2013403	u0073
train	UN2013403	u0074
train	UN2013403	u0075
train	UN2013403	u0076
train	UN2013403	u0077
train	UN2013403	u0078
train	UN2013403	u0079
train	UN2013403	u007A
train	UN2013412	u0030
train	UN2013412	u0031
train	UN2013412	u0032
train	UN2013412	u0033
train	UN2013412	u0034
train	UN2013412	u0035
train	UN2013412	u0036
train	UN2013412	u0037
train	UN2013412	u0038
train	UN2013412	u0039
train	UN2013412	u0041
train	UN2013412	u0042
train	UN2013412	u0043
train	UN2013412	u0044
train	UN2013412	u0045
train	UN2013412	u0046
train	UN2013412	u0047
train	UN2013412	u0048
train	UN2013412	u0049
train	UN2013412	u004A
train	UN2013412	u004B
train	UN2013412	u004C
train	UN2013412	u004D
train	UN2013412	u004E
train	UN2013412	u004F
train	UN2013412	u0050
train	UN2013412	u0051
train	UN2013412	u0052
train	UN2013412	u0053
train	UN2013412	u0054
train	UN2013412	u0055
train	UN2013412	u0056
train	UN2013412	u0057
train	UN2013412	u0058
train	UN2013412	u0059
train	UN2013412	u005A
train	UN2013412	u0061
train	UN2013412	u0062
train	UN2013412	u0063
train	UN2013412	u0064
train	UN2013412	u0065
train	UN2013412	u0066
train	UN2013412	u0067
train	UN2013412	u0068
train	UN2013412	u0069
train	UN2013412	u006A
train	UN2013412	u006B
train	UN2013412	u006C
train	UN2013412	u006D
train	UN2013412	u006E
train	UN2013412	u006F
train	UN2013412	u0070
train	UN2013412	u0071
train	UN2013412	u0072
train	UN2013412	u0073
train	UN2013412	u0074
train	UN2013412	u0075
train	UN2013412	u0076
train	UN2013412	u0077
train	UN2013412	u0078
train	UN2013412	u0079
train	UN2013412	u007A
train	UN2013412	u00E0
train	UN2013412	u00E1
train	UN2013412	u00E8
train	UN2013412	u00E9
train	UN2013412	u00EA
train	UN2013412	u00ED
train	UN2013412	u00F2
train	UN2013412	u00F3
train	UN2013412	u00F9
train	UN2013412	u00FA
train	UN2013412	u00FC
train	UN2013412	u0101
train	UN2013412	u0113
train	UN2013412	u011B
train	UN2013412	u012B
train	UN2013412	u0144
train	UN2013412	u0148
train	UN2013412	u014D
train	UN2013412	u016B
train	UN2013412	u01CE
train	UN2013412	u01D0
train	UN2013412	u01D2
train	UN2013412	u01D4
train	UN2013412	u01D6
train	UN2013412	u01D8
train	UN2013412	u01DA
train	UN2013412	u01DC
train	UN2013412	u3041
train	UN2013412	u3042
train	UN2013412	u3043
train	UN2013412	u3044
train	UN2013412	u3045
train	UN2013412	u3046
train	UN2013412	u3047
train	UN2013412	u3048
train	UN2013412	u3049
train	UN2013412	u304A
train	UN2013412	u304B
train	UN2013412	u304C
train	UN2013412	u304D
train	UN2013412	u304E
train	UN2013412	u304F
train	UN2013412	u3050
train	UN2013412	u3051
train	UN2013412	u3052
train	UN2013412	u3053
train	UN2013412	u3054
train	UN2013412	u3055
train	UN2013412	u3056
train	UN2013412	u3057
train	UN2013412	u3058
train	UN2013412	u3059
train	UN2013412	u305A
train	UN2013412	u305B
train	UN2013412	u305C
train	UN2013412	u305D
train	UN2013412	u305E
train	UN2013412	u305F
train	UN2013412	u3060
train	UN2013412	u3061
train	UN2013412	u3062
train	UN2013412	u3063
train	UN2013412	u3064
train	UN2013412	u3065
train	UN2013412	u3066
train	UN2013412	u3067
train	UN2013412	u3068
train	UN2013412	u3069
train	UN2013412	u306A
train	UN2013412	u306B
train	UN2013412	u306C
train	UN2013412	u306D
train	UN2013412	u306E
train	UN2013412	u306F
train	UN2013412	u3070
train	UN2013412	u3071
train	UN2013412	u3072
train	UN2013412	u3073
train	UN2013412	u3074
train	UN2013412	u3075
train	UN2013412	u3076
train	UN2013412	u3077
train	UN2013412	u3078
train	UN2013412	u3079
train	UN2013412	u307A
train	UN2013412	u307B
train	UN2013412	u307C
train	UN2013412	u307D
train	UN2013412	u307E
train	UN2013412	u307F
train	UN2013412	u3080
train	UN2013412	u3081
train	UN2013412	u3082
train	UN2013412	u3083
train	UN2013412	u3084
train	UN2013412	u3085
train	UN2013412	u3086
train	UN2013412	u3087
train	UN2013412	u3088
train	UN2013412	u3089
train	UN2013412	u308A
train	UN2013412	u308B
train	UN2013412	u308C
train	UN2013412	u308D
train	UN2013412	u308E
train	UN2013412	u308F
train	UN2013412	u3090
train	UN2013412	u3091
train	UN2013412	u3092
train	UN2013412	u3093
train	UN2013412	u30A1
train	UN2013412	u30A2
train	UN2013412	u30A3
train	UN2013412	u30A4
train	UN2013412	u30A5
train	UN2013412	u30A6
train	UN2013412	u30A7
train	UN2013412	u30A8
train	UN2013412	u30A9
train	UN2013412	u30AA
train	UN2013412	u30AB
train	UN2013412	u30AC
train	UN2013412	u30AD
train	UN2013412	u30AE
train	UN2013412	u30AF
train	UN2013412	u30B0
train	UN2013412	u30B1
train	UN2013412	u30B2
train	UN2013412	u30B3
train	UN2013412	u30B4
train	UN2013412	u30B5
train	UN2013412	u30B6
train	UN2013412	u30B7
train	UN2013412	u30B8
train	UN2013412	u30B9
train	UN2013412	u30BA
train	UN2013412	u30BB
train	UN2013412	u30BC
train	UN2013412	u30BD
train	UN2013412	u30BE
train	UN2013412	u30BF
train	UN2013412	u30C0
train	UN2013412	u30C1
train	UN2013412	u30C2
train	UN2013412	u30C3
train	UN2013412	u30C4
train	UN2013412	u30C5
train	UN2013412	u30C6
train	UN2013412	u30C7
train	UN2013412	u30C8
train	UN2013412	u30C9
train	UN2013412	u30CA
train	UN2013412	u30CB
train	UN2013412	u30CC
train	UN2013412	u30CD
train	UN2013412	u30CE
train	UN2013412	u30CF
train	UN2013412	u30D0
train	UN2013412	u30D1
train	UN2013412	u30D2
train	UN2013412	u30D3
train	UN2013412	u30D4
train	UN2013412	u30D5
train	UN2013412	u30D6
train	UN2013412	u30D7
train	UN2013412	u30D8
train	UN2013412	u30D9
train	UN2013412	u30DA
train	UN2013412	u30DB
train	UN2013412	u30DC
train	UN2013412	u30DD
train	UN2013412	u30DE
train	UN2013412	u30DF
train	UN2013412	u30E0
train	UN2013412	u30E1
train	UN2013412	u30E2
train	UN2013412	u30E3
train	UN2013412	u30E4
train	UN2013412	u30E5
train	UN2013412	u30E6
train	UN2013412	u30E7
train	UN2013412	u30E8
train	UN2013412	u30E9
train	UN2013412	u30EA
train	UN2013412	u30EB
train	UN2013412	u30EC
train	UN2013412	u30ED
train	UN2013412	u30EE
train	UN2013412	u30EF
train	UN2013412	u30F0
train	UN2013412	u30F1
train	UN2013412	u30F2
train	UN2013412	u30F3
train	UN2013412	u30F4
train	UN2013412	u30F5
train	UN2013412	u30F6
train	UN2013412	u3105
train	UN2013412	u3106
train	UN2013412	u3107
train	UN2013412	u3108
train	UN2013412	u3109
train	UN2013412	u310A
train	UN2013412	u310B
train	UN2013412	u310C
train	UN2013412	u310D
train	UN2013412	u310E
train	UN2013412	u310F
train	UN2013412	u3110
train	UN2013412	u3111
train	UN2013412	u3112
train	UN2013412	u3113
train	UN2013412	u3114
train	UN2013412	u3115
train	UN2013412	u3116
train	UN2013412	u3117
train	UN2013412	u3118
train	UN2013412	u3119
train	UN2013412	u311A
train	UN2013412	u311B
train	UN2013412	u311C
train	UN2013412	u311D
train	UN2013412	u311E
train	UN2013412	u311F
train	UN2013412	u3120
train	UN2013412	u3121
train	UN2013412	u3122
train	UN2013412	u3123
train	UN2013412	u3124
train	UN2013412	u3125
train	UN2013412	u3126
train	UN2013412	u3127
train	UN2013412	u3128
train	UN2013412	u3129
train	UN2013448	u0030
train	UN2013448	u0031
train	UN2013448	u0032
train	UN2013448	u0033
train	UN2013448	u0034
train	UN2013448	u0035
train	UN2013448	u0036
train	UN2013448	u0037
train	UN2013448	u0038
train	UN2013448	u0039
train	UN2013448	u0041
train	UN2013448	u0042
train	UN2013448	u0043
train	UN2013448	u0044
train	UN2013448	u0045
train	UN2013448	u0046
train	UN2013448	u0047
train	UN2013448	u0048
train	UN2013448	u0049
train	UN2013448	u004A
train	UN2013448	u004B
train	UN2013448	u004C
train	UN2013448	u004D
train	UN2013448	u004E
train	UN2013448	u004F
train	UN2013448	u0050
train	UN2013448	u0051
train	UN2013448	u0052
train	UN2013448	u0053
train	UN2013448	u0054
train	UN2013448	u0055
train	UN2013448	u0056
train	UN2013448	u0057
train	UN2013448	u0058
train	UN2013448	u0059
train	UN2013448	u005A
train	UN2013448	u0061
train	UN2013448	u0062
train	UN2013448	u0063
train	UN2013448	u0064
train	UN2013448	u0065
train	UN2013448	u0066
train	UN2013448	u0067
train	UN2013448	u0068
train	UN2013448	u0069
train	UN2013448	u006A
train	UN2013448	u006B
train	UN2013448	u006C
train	UN2013448	u006D
train	UN2013448	u006E
train	UN2013448	u006F
train	UN2013448	u0070
train	UN2013448	u0071
train	UN2013448	u0072
train	UN2013448	u0073
train	UN2013448	u0074
train	UN2013448	u0075
train	UN2013448	u0076
train	UN2013448	u0077
train	UN2013448	u0078
train	UN2013448	u0079
train	UN2013448	u007A
train	UN2013448	u00E0
train	UN2013448	u00E1
train	UN2013448	u00E8
train	UN2013448	u00E9
train	UN2013448	u00EA
train	UN2013448	u00ED
train	UN2013448	u00F2
train	UN2013448	u00F3
train	UN2013448	u00F9
train	UN2013448	u00FA
train	UN2013448	u00FC
train	UN2013448	u0101
train	UN2013448	u0113
train	UN2013448	u011B
train	UN2013448	u012B
train	UN2013448	u0144
train	UN2013448	u0148
train	UN2013448	u014D
train	UN2013448	u016B
train	UN2013448	u01CE
train	UN2013448	u01D0
train	UN2013448	u01D2
train	UN2013448	u01D4
train	UN2013448	u01D6
train	UN2013448	u01D8
train	UN2013448	u01DA
train	UN2013448	u01DC
train	UN2013484	u0030
train	UN2013484	u0031
train	UN2013484	u0032
train	UN2013484	u0033
train	UN2013484	u0034
train	UN2013484	u0035
train	UN2013484	u0036
train	UN2013484	u0037
train	UN2013484	u0038
train	UN2013484	u0039
train	UN2013484	u0041
train	UN2013484	u0042
train	UN2013484	u0043
train	UN2013484	u0044
train	UN2013484	u0045
train	UN2013484	u0046
train	UN2013484	u0047
train	UN2013484	u0048
train	UN2013484	u0049
train	UN2013484	u004A
train	UN2013484	u004B
train	UN2013484	u004C
train	UN2013484	u004D
train	UN2013484	u004E
train	UN2013484	u004F
train	UN2013484	u0050
train	UN2013484	u0051
train	UN2013484	u0052
train	UN2013484	u0053
train	UN2013484	u0054
train	UN2013484	u0055
train	UN2013484	u0056
train	UN2013484	u0057
train	UN2013484	u0058
train	UN2013484	u0059
train	UN2013484	u005A
train	UN2013484	u0061
train	UN2013484	u0062
train	UN2013484	u0063
train	UN2013484	u0064
train	UN2013484	u0065
train	UN2013484	u0066
train	UN2013484	u0067
train	UN2013484	u0068
train	UN2013484	u0069
train	UN2013484	u006A
train	UN2013484	u006B
train	UN2013484	u006C
train	UN2013484	u006D
train	UN2013484	u006E
train	UN2013484	u006F
train	UN2013484	u0070
train	UN2013484	u0071
train	UN2013484	u0072
train	UN2013484	u0073
train	UN2013484	u0074
train	UN2013484	u0075
train	UN2013484	u0076
train	UN2013484	u0077
train	UN2013484	u0078
train	UN2013484	u0079
train	UN2013484	u007A
train	UN2013488	u0030
train	UN2013488	u0031
train	UN2013488	u0032
train	UN2013488	u0033
train	UN2013488	u0034
train	UN2013488	u0035
train	UN2013488	u0036
train	UN2013488	u0037
train	UN2013488	u0038
train	UN2013488	u0039
train	UN2013488	u0041
train	UN2013488	u0042
train	UN2013488	u0043
train	UN2013488	u0044
train	UN2013488	u0045
train	UN2013488	u0046
train	UN2013488	u0047
train	UN2013488	u0048
train	UN2013488	u0049
train	UN2013488	u004A
train	UN2013488	u004B
train	UN2013488	u004C
train	UN2013488	u004D
train	UN2013488	u004E
train	UN2013488	u004F
train	UN2013488	u0050
train	UN2013488	u0051
train	UN2013488	u0052
train	UN2013488	u0053
train	UN2013488	u0054
train	UN2013488	u0055
train	UN2013488	u0056
train	UN2013488	u0057
train	UN2013488	u0058
train	UN2013488	u0059
train	UN2013488	u005A
train	UN2013488	u0061
train	UN2013488	u0062
train	UN2013488	u0063
train	UN2013488	u0064
train	UN2013488	u0065
train	UN2013488	u0066
train	UN2013488	u0067
train	UN2013488	u0068
train	UN2013488	u0069
train	UN2013488	u006A
train	UN2013488	u006B
train	UN2013488	u006C
train	UN2013488	u006D
train	UN2013488	u006E
train	UN2013488	u006F
train	UN2013488	u0070
train	UN2013488	u0071
train	UN2013488	u0072
train	UN2013488	u0073
train	UN2013488	u0074
train	UN2013488	u0075
train	UN2013488	u0076
train	UN2013488	u0077
train	UN2013488	u0078
train	UN2013488	u0079
train	UN2013488	u007A
train	UN2013488	u00E0
train	UN2013488	u00E1
train	UN2013488	u00E8
train	UN2013488	u00E9
train	UN2013488	u00EA
train	UN2013488	u00ED
train	UN2013488	u00F2
train	UN2013488	u00F3
train	UN2013488	u00F9
train	UN2013488	u00FA
train	UN2013488	u00FC
train	UN2013488	u0101
train	UN2013488	u0113
train	UN2013488	u011B
train	UN2013488	u012B
train	UN2013488	u0144
train	UN2013488	u0148
train	UN2013488	u014D
train	UN2013488	u016B
train	UN2013488	u01CE
train	UN2013488	u01D0
train	UN2013488	u01D2
train	UN2013488	u01D4
train	UN2013488	u01D6
train	UN2013488	u01D8
train	UN2013488	u01DA
train	UN2013488	u01DC
train	UN2013488	u3041
train	UN2013488	u3042
train	UN2013488	u3043
train	UN2013488	u3044
train	UN2013488	u3045
train	UN2013488	u3046
train	UN2013488	u3047
train	UN2013488	u3048
train	UN2013488	u3049
train	UN2013488	u304A
train	UN2013488	u304B
train	UN2013488	u304C
train	UN2013488	u304D
train	UN2013488	u304E
train	UN2013488	u304F
train	UN2013488	u3050
train	UN2013488	u3051
train	UN2013488	u3052
train	UN2013488	u3053
train	UN2013488	u3054
train	UN2013488	u3055
train	UN2013488	u3056
train	UN2013488	u3057
train	UN2013488	u3058
train	UN2013488	u3059
train	UN2013488	u305A
train	UN2013488	u305B
train	UN2013488	u305C
train	UN2013488	u305D
train	UN2013488	u305E
train	UN2013488	u305F
train	UN2013488	u3060
train	UN2013488	u3061
train	UN2013488	u3062
train	UN2013488	u3063
train	UN2013488	u3064
train	UN2013488	u3065
train	UN2013488	u3066
train	UN2013488	u3067
train	UN2013488	u3068
train	UN2013488	u3069
train	UN2013488	u306A
train	UN2013488	u306B
train	UN2013488	u306C
train	UN2013488	u306D
train	UN2013488	u306E
train	UN2013488	u306F
train	UN2013488	u3070
train	UN2013488	u3071
train	UN2013488	u3072
train	UN2013488	u3073
train	UN2013488	u3074
train	UN2013488	u3075
train	UN2013488	u3076
train	UN2013488	u3077
train	UN2013488	u3078
train	UN2013488	u3079
train	UN2013488	u307A
train	UN2013488	u307B
train	UN2013488	u307C
train	UN2013488	u307D
train	UN2013488	u307E
train	UN2013488	u307F
train	UN2013488	u3080
train	UN2013488	u3081
train	UN2013488	u3082
train	UN2013488	u3083
train	UN2013488	u3084
train	UN2013488	u3085
train	UN2013488	u3086
train	UN2013488	u3087
train	UN2013488	u3088
train	UN2013488	u3089
train	UN2013488	u308A
train	UN2013488	u308B
train	UN2013488	u308C
train	UN2013488	u308D
train	UN2013488	u308E
train	UN2013488	u308F
train	UN2013488	u3090
train	UN2013488	u3091
train	UN2013488	u3092
train	UN2013488	u3093
train	UN2013488	u30A1
train	UN2013488	u30A2
train	UN2013488	u30A3
train	UN2013488	u30A4
train	UN2013488	u30A5
train	UN2013488	u30A6
train	UN2013488	u30A7
train	UN2013488	u30A8
train	UN2013488	u30A9
train	UN2013488	u30AA
train	UN2013488	u30AB
train	UN2013488	u30AC
train	UN2013488	u30AD
train	UN2013488	u30AE
train	UN2013488	u30AF
train	UN2013488	u30B0
train	UN2013488	u30B1
train	UN2013488	u30B2
train	UN2013488	u30B3
train	UN2013488	u30B4
train	UN2013488	u30B5
train	UN2013488	u30B6
train	UN2013488	u30B7
train	UN2013488	u30B8
train	UN2013488	u30B9
train	UN2013488	u30BA
train	UN2013488	u30BB
train	UN2013488	u30BC
train	UN2013488	u30BD
train	UN2013488	u30BE
train	UN2013488	u30BF
train	UN2013488	u30C0
train	UN2013488	u30C1
train	UN2013488	u30C2
train	UN2013488	u30C3
train	UN2013488	u30C4
train	UN2013488	u30C5
train	UN2013488	u30C6
train	UN2013488	u30C7
train	UN2013488	u30C8
train	UN2013488	u30C9
train	UN2013488	u30CA
train	UN2013488	u30CB
train	UN2013488	u30CC
train	UN2013488	u30CD
train	UN2013488	u30CE
train	UN2013488	u30CF
train	UN2013488	u30D0
train	UN2013488	u30D1
train	UN2013488	u30D2
train	UN2013488	u30D3
train	UN2013488	u30D4
train	UN2013488	u30D5
train	UN2013488	u30D6
train	UN2013488	u30D7
train	UN2013488	u30D8
train	UN2013488	u30D9
train	UN2013488	u30DA
train	UN2013488	u30DB
train	UN2013488	u30DC
train	UN2013488	u30DD
train	UN2013488	u30DE
train	UN2013488	u30DF
train	UN2013488	u30E0
train	UN2013488	u30E1
train	UN2013488	u30E2
train	UN2013488	u30E3
train	UN2013488	u30E4
train	UN2013488	u30E5
train	UN2013488	u30E6
train	UN2013488	u30E7
train	UN2013488	u30E8
train	UN2013488	u30E9
train	UN2013488	u30EA
train	UN2013488	u30EB
train	UN2013488	u30EC
train	UN2013488	u30ED
train	UN2013488	u30EE
train	UN2013488	u30EF
train	UN2013488	u30F0
train	UN2013488	u30F1
train	UN2013488	u30F2
train	UN2013488	u30F3
train	UN2013488	u30F4
train	UN2013488	u30F5
train	UN2013488	u30F6
train	UN2013488	u3105
train	UN2013488	u3106
train	UN2013488	u3107
train	UN2013488	u3108
train	UN2013488	u3109
train	UN2013488	u310A
train	UN2013488	u310B
train	UN2013488	u310C
train	UN2013488	u310D
train	UN2013488	u310E
train	UN2013488	u310F
train	UN2013488	u3110
train	UN2013488	u3111
train	UN2013488	u3112
train	UN2013488	u3113
train	UN2013488	u3114
train	UN2013488	u3115
train	UN2013488	u3116
train	UN2013488	u3117
train	UN2013488	u3118
train	UN2013488	u3119
train	UN2013488	u311A
train	UN2013488	u311B
train	UN2013488	u311C
train	UN2013488	u311D
train	UN2013488	u311E
train	UN2013488	u311F
train	UN2013488	u3120
train	UN2013488	u3121
train	UN2013488	u3122
train	UN2013488	u3123
train	UN2013488	u3124
train	UN2013488	u3125
train	UN2013488	u3126
train	UN2013488	u3127
train	UN2013488	u3128
train	UN2013488	u3129
train	UN2013575	u0030
train	UN2013575	u0031
train	UN2013575	u0032
train	UN2013575	u0033
train	UN2013575	u0034
train	UN2013575	u0035
train	UN2013575	u0036
train	UN2013575	u0037
train	UN2013575	u0038
train	UN2013575	u0039
train	UN2013575	u0041
train	UN2013575	u0042
train	UN2013575	u0043
train	UN2013575	u0044
train	UN2013575	u0045
train	UN2013575	u0046
train	UN2013575	u0047
train	UN2013575	u0048
train	UN2013575	u0049
train	UN2013575	u004A
train	UN2013575	u004B
train	UN2013575	u004C
train	UN2013575	u004D
train	UN2013575	u004E
train	UN2013575	u004F
train	UN2013575	u0050
train	UN2013575	u0051
train	UN2013575	u0052
train	UN2013575	u0053
train	UN2013575	u0054
train	UN2013575	u0055
train	UN2013575	u0056
train	UN2013575	u0057
train	UN2013575	u0058
train	UN2013575	u0059
train	UN2013575	u005A
train	UN2013575	u0061
train	UN2013575	u0062
train	UN2013575	u0063
train	UN2013575	u0064
train	UN2013575	u0065
train	UN2013575	u0066
train	UN2013575	u0067
train	UN2013575	u0068
train	UN2013575	u0069
train	UN2013575	u006A
train	UN2013575	u006B
train	UN2013575	u006C
train	UN2013575	u006D
train	UN2013575	u006E
train	UN2013575	u006F
train	UN2013575	u0070
train	UN2013575	u0071
train	UN2013575	u0072
train	UN2013575	u0073
train	UN2013575	u0074
train	UN2013575	u0075
train	UN2013575	u0076
train	UN2013575	u0077
train	UN2013575	u0078
train	UN2013575	u0079
train	UN2013575	u007A
train	UN2013584	u0030
train	UN2013584	u0031
train	UN2013584	u0032
train	UN2013584	u0033
train	UN2013584	u0034
train	UN2013584	u0035
train	UN2013584	u0036
train	UN2013584	u0037
train	UN2013584	u0038
train	UN2013584	u0039
train	UN2013584	u0041
train	UN2013584	u0042
train	UN2013584	u0043
train	UN2013584	u0044
train	UN2013584	u0045
train	UN2013584	u0046
train	UN2013584	u0047
train	UN2013584	u0048
train	UN2013584	u0049
train	UN2013584	u004A
train	UN2013584	u004B
train	UN2013584	u004C
train	UN2013584	u004D
train	UN2013584	u004E
train	UN2013584	u004F
train	UN2013584	u0050
train	UN2013584	u0051
train	UN2013584	u0052
train	UN2013584	u0053
train	UN2013584	u0054
train	UN2013584	u0055
train	UN2013584	u0056
train	UN2013584	u0057
train	UN2013584	u0058
train	UN2013584	u0059
train	UN2013584	u005A
train	UN2013584	u0061
train	UN2013584	u0062
train	UN2013584	u0063
train	UN2013584	u0064
train	UN2013584	u0065
train	UN2013584	u0066
train	UN2013584	u0067
train	UN2013584	u0068
train	UN2013584	u0069
train	UN2013584	u006A
train	UN2013584	u006B
train	UN2013584	u006C
train	UN2013584	u006D
train	UN2013584	u006E
train	UN2013584	u006F
train	UN2013584	u0070
train	UN2013584	u0071
train	UN2013584	u0072
train	UN2013584	u0073
train	UN2013584	u0074
train	UN2013584	u0075
train	UN2013584	u0076
train	UN2013584	u0077
train	UN2013584	u0078
train	UN2013584	u0079
train	UN2013584	u007A
train	UN2013594	u0030
train	UN2013594	u0031
train	UN2013594	u0032
train	UN2013594	u0033
train	UN2013594	u0034
train	UN2013594	u0035
train	UN2013594	u0036
train	UN2013594	u0037
train	UN2013594	u0038
train	UN2013594	u0039
train	UN2013594	u0041
train	UN2013594	u0042
train	UN2013594	u0043
train	UN2013594	u0044
train	UN2013594	u0045
train	UN2013594	u0046
train	UN2013594	u0047
train	UN2013594	u0048
train	UN2013594	u0049
train	UN2013594	u004A
train	UN2013594	u004B
train	UN2013594	u004C
train	UN2013594	u004D
train	UN2013594	u004E
train	UN2013594	u004F
train	UN2013594	u0050
train	UN2013594	u0051
train	UN2013594	u0052
train	UN2013594	u0053
train	UN2013594	u0054
train	UN2013594	u0055
train	UN2013594	u0056
train	UN2013594	u0057
train	UN2013594	u0058
train	UN2013594	u0059
train	UN2013594	u005A
train	UN2013594	u0061
train	UN2013594	u0062
train	UN2013594	u0063
train	UN2013594	u0064
train	UN2013594	u0065
train	UN2013594	u0066
train	UN2013594	u0067
train	UN2013594	u0068
train	UN2013594	u0069
train	UN2013594	u006A
train	UN2013594	u006B
train	UN2013594	u006C
train	UN2013594	u006D
train	UN2013594	u006E
train	UN2013594	u006F
train	UN2013594	u0070
train	UN2013594	u0071
train	UN2013594	u0072
train	UN2013594	u0073
train	UN2013594	u0074
train	UN2013594	u0075
train	UN2013594	u0076
train	UN2013594	u0077
train	UN2013594	u0078
train	UN2013594	u0079
train	UN2013594	u007A
train	UN2013601	u0030
train	UN2013601	u0031
train	UN2013601	u0032
train	UN2013601	u0033
train	UN2013601	u0034
train	UN2013601	u0035
train	UN2013601	u0036
train	UN2013601	u0037
train	UN2013601	u0038
train	UN2013601	u0039
train	UN2013601	u0041
train	UN2013601	u0042
train	UN2013601	u0043
train	UN2013601	u0044
train	UN2013601	u0045
train	UN2013601	u0046
train	UN2013601	u0047
train	UN2013601	u0048
train	UN2013601	u0049
train	UN2013601	u004A
train	UN2013601	u004B
train	UN2013601	u004C
train	UN2013601	u004D
train	UN2013601	u004E
train	UN2013601	u004F
train	UN2013601	u0050
train	UN2013601	u0051
train	UN2013601	u0052
train	UN2013601	u0053
train	UN2013601	u0054
train	UN2013601	u0055
train	UN2013601	u0056
train	UN2013601	u0057
train	UN2013601	u0058
train	UN2013601	u0059
train	UN2013601	u005A
train	UN2013601	u0061
train	UN2013601	u0062
train	UN2013601	u0063
train	UN2013601	u0064
train	UN2013601	u0065
train	UN2013601	u0066
train	UN2013601	u0067
train	UN2013601	u0068
train	UN2013601	u0069
train	UN2013601	u006A
train	UN2013601	u006B
train	UN2013601	u006C
train	UN2013601	u006D
train	UN2013601	u006E
train	UN2013601	u006F
train	UN2013601	u0070
train	UN2013601	u0071
train	UN2013601	u0072
train	UN2013601	u0073
train	UN2013601	u0074
train	UN2013601	u0075
train	UN2013601	u0076
train	UN2013601	u0077
train	UN2013601	u0078
train	UN2013601	u0079
train	UN2013601	u007A
train	UN2013620	u0030
train	UN2013620	u0031
train	UN2013620	u0032
train	UN2013620	u0033
train	UN2013620	u0034
train	UN2013620	u0035
train	UN2013620	u0036
train	UN2013620	u0037
train	UN2013620	u0038
train	UN2013620	u0039
train	UN2013620	u0041
train	UN2013620	u0042
train	UN2013620	u0043
train	UN2013620	u0044
train	UN2013620	u0045
train	UN2013620	u0046
train	UN2013620	u0047
train	UN2013620	u0048
train	UN2013620	u0049
train	UN2013620	u004A
train	UN2013620	u004B
train	UN2013620	u004C
train	UN2013620	u004D
train	UN2013620	u004E
train	UN2013620	u004F
train	UN2013620	u0050
train	UN2013620	u0051
train	UN2013620	u0052
train	UN2013620	u0053
train	UN2013620	u0054
train	UN2013620	u0055
train	UN2013620	u0056
train	UN2013620	u0057
train	UN2013620	u0058
train	UN2013620	u0059
train	UN2013620	u005A
train	UN2013620	u0061
train	UN2013620	u0062
train	UN2013620	u0063
train	UN2013620	u0064
train	UN2013620	u0065
train	UN2013620	u0066
train	UN2013620	u0067
train	UN2013620	u0068
train	UN2013620	u0069
train	UN2013620	u006A
train	UN2013620	u006B
train	UN2013620	u006C
train	UN2013620	u006D
train	UN2013620	u006E
train	UN2013620	u006F
train	UN2013620	u0070
train	UN2013620	u0071
train	UN2013620	u0072
train	UN2013620	u0073
train	UN2013620	u0074
train	UN2013620	u0075
train	UN2013620	u0076
train	UN2013620	u0077
train	UN2013620	u0078
train	UN2013620	u0079
train	UN2013620	u007A
train	UN2013629	u0030
train	UN2013629	u0031
train	UN2013629	u0032
train	UN2013629	u0033
train	UN2013629	u0034
train	UN2013629	u0035
train	UN2013629	u0036
train	UN2013629	u0037
train	UN2013629	u0038
train	UN2013629	u0039
train	UN2013629	u0041
train	UN2013629	u0042
train	UN2013629	u0043
train	UN2013629	u0044
train	UN2013629	u0045
train	UN2013629	u0046
train	UN2013629	u0047
train	UN2013629	u0048
train	UN2013629	u0049
train	UN2013629	u004A
train	UN2013629	u004B
train	UN2013629	u004C
train	UN2013629	u004D
train	UN2013629	u004E
train	UN2013629	u004F
train	UN2013629	u0050
train	UN2013629	u0051
train	UN2013629	u0052
train	UN2013629	u0053
train	UN2013629	u0054
train	UN2013629	u0055
train	UN2013629	u0056
train	UN2013629	u0057
train	UN2013629	u0058
train	UN2013629	u0059
train	UN2013629	u005A
train	UN2013629	u0061
train	UN2013629	u0062
train	UN2013629	u0063
train	UN2013629	u0064
train	UN2013629	u0065
train	UN2013629	u0066
train	UN2013629	u0067
train	UN2013629	u0068
train	UN2013629	u0069
train	UN2013629	u006A
train	UN2013629	u006B
train	UN2013629	u006C
train	UN2013629	u006D
train	UN2013629	u006E
train	UN2013629	u006F
train	UN2013629	u0070
train	UN2013629	u0071
train	UN2013629	u0072
train	UN2013629	u0073
train	UN2013629	u0074
train	UN2013629	u0075
train	UN2013629	u0076
train	UN2013629	u0077
train	UN2013629	u0078
train	UN2013629	u0079
train	UN2013629	u007A
train	UN2013640	u0030
train	UN2013640	u0031
train	UN2013640	u0032
train	UN2013640	u0033
train	UN2013640	u0034
train	UN2013640	u0035
train	UN2013640	u0036
train	UN2013640	u0037
train	UN2013640	u0038
train	UN2013640	u0039
train	UN2013640	u0041
train	UN2013640	u0042
train	UN2013640	u0043
train	UN2013640	u0044
train	UN2013640	u0045
train	UN2013640	u0046
train	UN2013640	u0047
train	UN2013640	u0048
train	UN2013640	u0049
train	UN2013640	u004A
train	UN2013640	u004B
train	UN2013640	u004C
train	UN2013640	u004D
train	UN2013640	u004E
train	UN2013640	u004F
train	UN2013640	u0050
train	UN2013640	u0051
train	UN2013640	u0052
train	UN2013640	u0053
train	UN2013640	u0054
train	UN2013640	u0055
train	UN2013640	u0056
train	UN2013640	u0057
train	UN2013640	u0058
train	UN2013640	u0059
train	UN2013640	u005A
train	UN2013640	u0061
train	UN2013640	u0062
train	UN2013640	u0063
train	UN2013640	u0064
train	UN2013640	u0065
train	UN2013640	u0066
train	UN2013640	u0067
train	UN2013640	u0068
train	UN2013640	u0069
train	UN2013640	u006A
train	UN2013640	u006B
train	UN2013640	u006C
train	UN2013640	u006D
train	UN2013640	u006E
train	UN2013640	u006F
train	UN2013640	u0070
train	UN2013640	u0071
train	UN2013640	u0072
train	UN2013640	u0073
train	UN2013640	u0074
train	UN2013640	u0075
train	UN2013640	u0076
train	UN2013640	u0077
train	UN2013640	u0078
train	UN2013640	u0079
train	UN2013640	u007A
train	UN2013650	u0030
train	UN2013650	u0031
train	UN2013650	u0032
train	UN2013650	u0033
train	UN2013650	u0034
train	UN2013650	u0035
train	UN2013650	u0036
train	UN2013650	u0037
train	UN2013650	u0038
train	UN2013650	u0039
train	UN2013650	u0041
train	UN2013650	u0042
train	UN2013650	u0043
train	UN2013650	u0044
train	UN2013650	u0045
train	UN2013650	u0046
train	UN2013650	u0047
train	UN2013650	u0048
train	UN2013650	u0049
train	UN2013650	u004A
train	UN2013650	u004B
train	UN2013650	u004C
train	UN2013650	u004D
train	UN2013650	u004E
train	UN2013650	u004F
train	UN2013650	u0050
train	UN2013650	u0051
train	UN2013650	u0052
train	UN2013650	u0053
train	UN2013650	u0054
train	UN2013650	u0055
train	UN2013650	u0056
train	UN2013650	u0057
train	UN2013650	u0058
train	UN2013650	u0059
train	UN2013650	u005A
train	UN2013650	u0061
train	UN2013650	u0062
train	UN2013650	u0063
train	UN2013650	u0064
train	UN2013650	u0065
train	UN2013650	u0066
train	UN2013650	u0067
train	UN2013650	u0068
train	UN2013650	u0069
train	UN2013650	u006A
train	UN2013650	u006B
train	UN2013650	u006C
train	UN2013650	u006D
train	UN2013650	u006E
train	UN2013650	u006F
train	UN2013650	u0070
train	UN2013650	u0071
train	UN2013650	u0072
train	UN2013650	u0073
train	UN2013650	u0074
train	UN2013650	u0075
train	UN2013650	u0076
train	UN2013650	u0077
train	UN2013650	u0078
train	UN2013650	u0079
train	UN2013650	u007A
train	UN2013661	u0030
train	UN2013661	u0031
train	UN2013661	u0032
train	UN2013661	u0033
train	UN2013661	u0034
train	UN2013661	u0035
train	UN2013661	u0036
train	UN2013661	u0037
train	UN2013661	u0038
train	UN2013661	u0039
train	UN2013661	u0041
train	UN2013661	u0042
train	UN2013661	u0043
train	UN2013661	u0044
train	UN2013661	u0045
train	UN2013661	u0046
train	UN2013661	u0047
train	UN2013661	u0048
train	UN2013661	u0049
train	UN2013661	u004A
train	UN2013661	u004B
train	UN2013661	u004C
train	UN2013661	u004D
train	UN2013661	u004E
train	UN2013661	u004F
train	UN2013661	u0050
train	UN2013661	u0051
train	UN2013661	u0052
train	UN2013661	u0053
train	UN2013661	u0054
train	UN2013661	u0055
train	UN2013661	u0056
train	UN2013661	u0057
train	UN2013661	u0058
train	UN2013661	u0059
train	UN2013661	u005A
train	UN2013661	u0061
train	UN2013661	u0062
train	UN2013661	u0063
train	UN2013661	u0064
train	UN2013661	u0065
train	UN2013661	u0066
train	UN2013661	u0067
train	UN2013661	u0068
train	UN2013661	u0069
train	UN2013661	u006A
train	UN2013661	u006B
train	UN2013661	u006C
train	UN2013661	u006D
train	UN2013661	u006E
train	UN2013661	u006F
train	UN2013661	u0070
train	UN2013661	u0071
train	UN2013661	u0072
train	UN2013661	u0073
train	UN2013661	u0074
train	UN2013661	u0075
train	UN2013661	u0076
train	UN2013661	u0077
train	UN2013661	u0078
train	UN2013661	u0079
train	UN2013661	u007A
train	UN2013661	u00E0
train	UN2013661	u00E1
train	UN2013661	u00E8
train	UN2013661	u00E9
train	UN2013661	u00EA
train	UN2013661	u00ED
train	UN2013661	u00F2
train	UN2013661	u00F3
train	UN2013661	u00F9
train	UN2013661	u00FA
train	UN2013661	u00FC
train	UN2013661	u0101
train	UN2013661	u0113
train	UN2013661	u011B
train	UN2013661	u012B
train	UN2013661	u0144
train	UN2013661	u0148
train	UN2013661	u014D
train	UN2013661	u016B
train	UN2013661	u01CE
train	UN2013661	u01D0
train	UN2013661	u01D2
train	UN2013661	u01D4
train	UN2013661	u01D6
train	UN2013661	u01D8
train	UN2013661	u01DA
train	UN2013661	u01DC
train	UN2013661	u3041
train	UN2013661	u3042
train	UN2013661	u3043
train	UN2013661	u3044
train	UN2013661	u3045
train	UN2013661	u3046
train	UN2013661	u3047
train	UN2013661	u3048
train	UN2013661	u3049
train	UN2013661	u304A
train	UN2013661	u304B
train	UN2013661	u304C
train	UN2013661	u304D
train	UN2013661	u304E
train	UN2013661	u304F
train	UN2013661	u3050
train	UN2013661	u3051
train	UN2013661	u3052
train	UN2013661	u3053
train	UN2013661	u3054
train	UN2013661	u3055
train	UN2013661	u3056
train	UN2013661	u3057
train	UN2013661	u3058
train	UN2013661	u3059
train	UN2013661	u305A
train	UN2013661	u305B
train	UN2013661	u305C
train	UN2013661	u305D
train	UN2013661	u305E
train	UN2013661	u305F
train	UN2013661	u3060
train	UN2013661	u3061
train	UN2013661	u3062
train	UN2013661	u3063
train	UN2013661	u3064
train	UN2013661	u3065
train	UN2013661	u3066
train	UN2013661	u3067
train	UN2013661	u3068
train	UN2013661	u3069
train	UN2013661	u306A
train	UN2013661	u306B
train	UN2013661	u306C
train	UN2013661	u306D
train	UN2013661	u306E
train	UN2013661	u306F
train	UN2013661	u3070
train	UN2013661	u3071
train	UN2013661	u3072
train	UN2013661	u3073
train	UN2013661	u3074
train	UN2013661	u3075
train	UN2013661	u3076
train	UN2013661	u3077
train	UN2013661	u3078
train	UN2013661	u3079
train	UN2013661	u307A
train	UN2013661	u307B
train	UN2013661	u307C
train	UN2013661	u307D
train	UN2013661	u307E
train	UN2013661	u307F
train	UN2013661	u3080
train	UN2013661	u3081
train	UN2013661	u3082
train	UN2013661	u3083
train	UN2013661	u3084
train	UN2013661	u3085
train	UN2013661	u3086
train	UN2013661	u3087
train	UN2013661	u3088
train	UN2013661	u3089
train	UN2013661	u308A
train	UN2013661	u308B
train	UN2013661	u308C
train	UN2013661	u308D
train	UN2013661	u308E
train	UN2013661	u308F
train	UN2013661	u3090
train	UN2013661	u3091
train	UN2013661	u3092
train	UN2013661	u3093
train	UN2013661	u30A1
train	UN2013661	u30A2
train	UN2013661	u30A3
train	UN2013661	u30A4
train	UN2013661	u30A5
train	UN2013661	u30A6
train	UN2013661	u30A7
train	UN2013661	u30A8
train	UN2013661	u30A9
train	UN2013661	u30AA
train	UN2013661	u30AB
train	UN2013661	u30AC
train	UN2013661	u30AD
train	UN2013661	u30AE
train	UN2013661	u30AF
train	UN2013661	u30B0
train	UN2013661	u30B1
train	UN2013661	u30B2
train	UN2013661	u30B3
train	UN2013661	u30B4
train	UN2013661	u30B5
train	UN2013661	u30B6
train	UN2013661	u30B7
train	UN2013661	u30B8
train	UN2013661	u30B9
train	UN2013661	u30BA
train	UN2013661	u30BB
train	UN2013661	u30BC
train	UN2013661	u30BD
train	UN2013661	u30BE
train	UN2013661	u30BF
train	UN2013661	u30C0
train	UN2013661	u30C1
train	UN2013661	u30C2
train	UN2013661	u30C3
train	UN2013661	u30C4
train	UN2013661	u30C5
train	UN2013661	u30C6
train	UN2013661	u30C7
train	UN2013661	u30C8
train	UN2013661	u30C9
train	UN2013661	u30CA
train	UN2013661	u30CB
train	UN2013661	u30CC
train	UN2013661	u30CD
train	UN2013661	u30CE
train	UN2013661	u30CF
train	UN2013661	u30D0
train	UN2013661	u30D1
train	UN2013661	u30D2
train	UN2013661	u30D3
train	UN2013661	u30D4
train	UN2013661	u30D5
train	UN2013661	u30D6
train	UN2013661	u30D7
train	UN2013661	u30D8
train	UN2013661	u30D9
train	UN2013661	u30DA
train	UN2013661	u30DB
train	UN2013661	u30DC
train	UN2013661	u30DD
train	UN2013661	u30DE
train	UN2013661	u30DF
train	UN2013661	u30E0
train	UN2013661	u30E1
train	UN2013661	u30E2
train	UN2013661	u30E3
train	UN2013661	u30E4
train	UN2013661	u30E5
train	UN2013661	u30E6
train	UN2013661	u30E7
train	UN2013661	u30E8
train	UN2013661	u30E9
train	UN2013661	u30EA
train	UN2013661	u30EB
train	UN2013661	u30EC
train	UN2013661	u30ED
train	UN2013661	u30EE
train	UN2013661	u30EF
train	UN2013661	u30F0
train	UN2013661	u30F1
train	UN2013661	u30F2
train	UN2013661	u30F3
train	UN2013661	u30F4
train	UN2013661	u30F5
train	UN2013661	u30F6
train	UN2013661	u3105
train	UN2013661	u3106
train	UN2013661	u3107
train	UN2013661	u3108
train	UN2013661	u3109
train	UN2013661	u310A
train	UN2013661	u310B
train	UN2013661	u310C
train	UN2013661	u310D
train	UN2013661	u310E
train	UN2013661	u310F
train	UN2013661	u3110
train	UN2013661	u3111
train	UN2013661	u3112
train	UN2013661	u3113
train	UN2013661	u3114
train	UN2013661	u3115
train	UN2013661	u3116
train	UN2013661	u3117
train	UN2013661	u3118
train	UN2013661	u3119
train	UN2013661	u311A
train	UN2013661	u311B
train	UN2013661	u311C
train	UN2013661	u311D
train	UN2013661	u311E
train	UN2013661	u311F
train	UN2013661	u3120
train	UN2013661	u3121
train	UN2013661	u3122
train	UN2013661	u3123
train	UN2013661	u3124
train	UN2013661	u3125
train	UN2013661	u3126
train	UN2013661	u3127
train	UN2013661	u3128
train	UN2013661	u3129
train	UN2013941	u0030
train	UN2013941	u0031
train	UN2013941	u0032
train	UN2013941	u0033
train	UN2013941	u0034
train	UN2013941	u0035
train	UN2013941	u0036
train	UN2013941	u0037
train	UN2013941	u0038
train	UN2013941	u0039
train	UN2013941	u0041
train	UN2013941	u0042
train	UN2013941	u0043
train	UN2013941	u0044
train	UN2013941	u0045
train	UN2013941	u0046
train	UN2013941	u0047
train	UN2013941	u0048
train	UN2013941	u0049
train	UN2013941	u004A
train	UN2013941	u004B
train	UN2013941	u004C
train	UN2013941	u004D
train	UN2013941	u004E
train	UN2013941	u004F
train	UN2013941	u0050
train	UN2013941	u0051
train	UN2013941	u0052
train	UN2013941	u0053
train	UN2013941	u0054
train	UN2013941	u0055
train	UN2013941	u0056
train	UN2013941	u0057
train	UN2013941	u0058
train	UN2013941	u0059
train	UN2013941	u005A
train	UN2013941	u0061
train	UN2013941	u0062
train	UN2013941	u0063
train	UN2013941	u0064
train	UN2013941	u0065
train	UN2013941	u0066
train	UN2013941	u0067
train	UN2013941	u0068
train	UN2013941	u0069
train	UN2013941	u006A
train	UN2013941	u006B
train	UN2013941	u006C
train	UN2013941	u006D
train	UN2013941	u006E
train	UN2013941	u006F
train	UN2013941	u0070
train	UN2013941	u0071
train	UN2013941	u0072
train	UN2013941	u0073
train	UN2013941	u0074
train	UN2013941	u0075
train	UN2013941	u0076
train	UN2013941	u0077
train	UN2013941	u0078
train	UN2013941	u0079
train	UN2013941	u007A
train	UN2014024	u0030
train	UN2014024	u0031
train	UN2014024	u0032
train	UN2014024	u0033
train	UN2014024	u0034
train	UN2014024	u0035
train	UN2014024	u0036
train	UN2014024	u0037
train	UN2014024	u0038
train	UN2014024	u0039
train	UN2014024	u0041
train	UN2014024	u0042
train	UN2014024	u0043
train	UN2014024	u0044
train	UN2014024	u0045
train	UN2014024	u0046
train	UN2014024	u0047
train	UN2014024	u0048
train	UN2014024	u0049
train	UN2014024	u004A
train	UN2014024	u004B
train	UN2014024	u004C
train	UN2014024	u004D
train	UN2014024	u004E
train	UN2014024	u004F
train	UN2014024	u0050
train	UN2014024	u0051
train	UN2014024	u0052
train	UN2014024	u0053
train	UN2014024	u0054
train	UN2014024	u0055
train	UN2014024	u0056
train	UN2014024	u0057
train	UN2014024	u0058
train	UN2014024	u0059
train	UN2014024	u005A
train	UN2014024	u0061
train	UN2014024	u0062
train	UN2014024	u0063
train	UN2014024	u0064
train	UN2014024	u0065
train	UN2014024	u0066
train	UN2014024	u0067
train	UN2014024	u0068
train	UN2014024	u0069
train	UN2014024	u006A
train	UN2014024	u006B
train	UN2014024	u006C
train	UN2014024	u006D
train	UN2014024	u006E
train	UN2014024	u006F
train	UN2014024	u0070
train	UN2014024	u0071
train	UN2014024	u0072
train	UN2014024	u0073
train	UN2014024	u0074
train	UN2014024	u0075
train	UN2014024	u0076
train	UN2014024	u0077
train	UN2014024	u0078
train	UN2014024	u0079
train	UN2014024	u007A
train	UN2014223	u0030
train	UN2014223	u0031
train	UN2014223	u0032
train	UN2014223	u0033
train	UN2014223	u0034
train	UN2014223	u0035
train	UN2014223	u0036
train	UN2014223	u0037
train	UN2014223	u0038
train	UN2014223	u0039
train	UN2014223	u0041
train	UN2014223	u0042
train	UN2014223	u0043
train	UN2014223	u0044
train	UN2014223	u0045
train	UN2014223	u0046
train	UN2014223	u0047
train	UN2014223	u0048
train	UN2014223	u0049
train	UN2014223	u004A
train	UN2014223	u004B
train	UN2014223	u004C
train	UN2014223	u004D
train	UN2014223	u004E
train	UN2014223	u004F
train	UN2014223	u0050
train	UN2014223	u0051
train	UN2014223	u0052
train	UN2014223	u0053
train	UN2014223	u0054
train	UN2014223	u0055
train	UN2014223	u0056
train	UN2014223	u0057
train	UN2014223	u0058
train	UN2014223	u0059
train	UN2014223	u005A
train	UN2014223	u0061
train	UN2014223	u0062
train	UN2014223	u0063
train	UN2014223	u0064
train	UN2014223	u0065
train	UN2014223	u0066
train	UN2014223	u0067
train	UN2014223	u0068
train	UN2014223	u0069
train	UN2014223	u006A
train	UN2014223	u006B
train	UN2014223	u006C
train	UN2014223	u006D
train	UN2014223	u006E
train	UN2014223	u006F
train	UN2014223	u0070
train	UN2014223	u0071
train	UN2014223	u0072
train	UN2014223	u0073
train	UN2014223	u0074
train	UN2014223	u0075
train	UN2014223	u0076
train	UN2014223	u0077
train	UN2014223	u0078
train	UN2014223	u0079
train	UN2014223	u007A
train	UN2014223	u00E0
train	UN2014223	u00E1
train	UN2014223	u00E8
train	UN2014223	u00E9
train	UN2014223	u00EA
train	UN2014223	u00ED
train	UN2014223	u00F2
train	UN2014223	u00F3
train	UN2014223	u00F9
train	UN2014223	u00FA
train	UN2014223	u00FC
train	UN2014223	u0101
train	UN2014223	u0113
train	UN2014223	u011B
train	UN2014223	u012B
train	UN2014223	u0144
train	UN2014223	u0148
train	UN2014223	u014D
train	UN2014223	u016B
train	UN2014223	u01CE
train	UN2014223	u01D0
train	UN2014223	u01D2
train	UN2014223	u01D4
train	UN2014223	u01D6
train	UN2014223	u01D8
train	UN2014223	u01DA
train	UN2014223	u01DC
train	UN2014248	u0030
train	UN2014248	u0031
train	UN2014248	u0032
train	UN2014248	u0033
train	UN2014248	u0034
train	UN2014248	u0035
train	UN2014248	u0036
train	UN2014248	u0037
train	UN2014248	u0038
train	UN2014248	u0039
train	UN2014248	u0041
train	UN2014248	u0042
train	UN2014248	u0043
train	UN2014248	u0044
train	UN2014248	u0045
train	UN2014248	u0046
train	UN2014248	u0047
train	UN2014248	u0048
train	UN2014248	u0049
train	UN2014248	u004A
train	UN2014248	u004B
train	UN2014248	u004C
train	UN2014248	u004D
train	UN2014248	u004E
train	UN2014248	u004F
train	UN2014248	u0050
train	UN2014248	u0051
train	UN2014248	u0052
train	UN2014248	u0053
train	UN2014248	u0054
train	UN2014248	u0055
train	UN2014248	u0056
train	UN2014248	u0057
train	UN2014248	u0058
train	UN2014248	u0059
train	UN2014248	u005A
train	UN2014248	u0061
train	UN2014248	u0062
train	UN2014248	u0063
train	UN2014248	u0064
train	UN2014248	u0065
train	UN2014248	u0066
train	UN2014248	u0067
train	UN2014248	u0068
train	UN2014248	u0069
train	UN2014248	u006A
train	UN2014248	u006B
train	UN2014248	u006C
train	UN2014248	u006D
train	UN2014248	u006E
train	UN2014248	u006F
train	UN2014248	u0070
train	UN2014248	u0071
train	UN2014248	u0072
train	UN2014248	u0073
train	UN2014248	u0074
train	UN2014248	u0075
train	UN2014248	u0076
train	UN2014248	u0077
train	UN2014248	u0078
train	UN2014248	u0079
train	UN2014248	u007A
train	UN2014248	u00E0
train	UN2014248	u00E1
train	UN2014248	u00E8
train	UN2014248	u00E9
train	UN2014248	u00EA
train	UN2014248	u00ED
train	UN2014248	u00F2
train	UN2014248	u00F3
train	UN2014248	u00F9
train	UN2014248	u00FA
train	UN2014248	u00FC
train	UN2014248	u0101
train	UN2014248	u0113
train	UN2014248	u011B
train	UN2014248	u012B
train	UN2014248	u0144
train	UN2014248	u0148
train	UN2014248	u014D
train	UN2014248	u016B
train	UN2014248	u01CE
train	UN2014248	u01D0
train	UN2014248	u01D2
train	UN2014248	u01D4
train	UN2014248	u01D6
train	UN2014248	u01D8
train	UN2014248	u01DA
train	UN2014248	u01DC
train	UN2014248	u3041
train	UN2014248	u3042
train	UN2014248	u3043
train	UN2014248	u3044
train	UN2014248	u3045
train	UN2014248	u3046
train	UN2014248	u3047
train	UN2014248	u3048
train	UN2014248	u3049
train	UN2014248	u304A
train	UN2014248	u304B
train	UN2014248	u304C
train	UN2014248	u304D
train	UN2014248	u304E
train	UN2014248	u304F
train	UN2014248	u3050
train	UN2014248	u3051
train	UN2014248	u3052
train	UN2014248	u3053
train	UN2014248	u3054
train	UN2014248	u3055
train	UN2014248	u3056
train	UN2014248	u3057
train	UN2014248	u3058
train	UN2014248	u3059
train	UN2014248	u305A
train	UN2014248	u305B
train	UN2014248	u305C
train	UN2014248	u305D
train	UN2014248	u305E
train	UN2014248	u305F
train	UN2014248	u3060
train	UN2014248	u3061
train	UN2014248	u3062
train	UN2014248	u3063
train	UN2014248	u3064
train	UN2014248	u3065
train	UN2014248	u3066
train	UN2014248	u3067
train	UN2014248	u3068
train	UN2014248	u3069
train	UN2014248	u306A
train	UN2014248	u306B
train	UN2014248	u306C
train	UN2014248	u306D
train	UN2014248	u306E
train	UN2014248	u306F
train	UN2014248	u3070
train	UN2014248	u3071
train	UN2014248	u3072
train	UN2014248	u3073
train	UN2014248	u3074
train	UN2014248	u3075
train	UN2014248	u3076
train	UN2014248	u3077
train	UN2014248	u3078
train	UN2014248	u3079
train	UN2014248	u307A
train	UN2014248	u307B
train	UN2014248	u307C
train	UN2014248	u307D
train	UN2014248	u307E
train	UN2014248	u307F
train	UN2014248	u3080
train	UN2014248	u3081
train	UN2014248	u3082
train	UN2014248	u3083
train	UN2014248	u3084
train	UN2014248	u3085
train	UN2014248	u3086
train	UN2014248	u3087
train	UN2014248	u3088
train	UN2014248	u3089
train	UN2014248	u308A
train	UN2014248	u308B
train	UN2014248	u308C
train	UN2014248	u308D
train	UN2014248	u308E
train	UN2014248	u308F
train	UN2014248	u3090
train	UN2014248	u3091
train	UN2014248	u3092
train	UN2014248	u3093
train	UN2014248	u30A1
train	UN2014248	u30A2
train	UN2014248	u30A3
train	UN2014248	u30A4
train	UN2014248	u30A5
train	UN2014248	u30A6
train	UN2014248	u30A7
train	UN2014248	u30A8
train	UN2014248	u30A9
train	UN2014248	u30AA
train	UN2014248	u30AB
train	UN2014248	u30AC
train	UN2014248	u30AD
train	UN2014248	u30AE
train	UN2014248	u30AF
train	UN2014248	u30B0
train	UN2014248	u30B1
train	UN2014248	u30B2
train	UN2014248	u30B3
train	UN2014248	u30B4
train	UN2014248	u30B5
train	UN2014248	u30B6
train	UN2014248	u30B7
train	UN2014248	u30B8
train	UN2014248	u30B9
train	UN2014248	u30BA
train	UN2014248	u30BB
train	UN2014248	u30BC
train	UN2014248	u30BD
train	UN2014248	u30BE
train	UN2014248	u30BF
train	UN2014248	u30C0
train	UN2014248	u30C1
train	UN2014248	u30C2
train	UN2014248	u30C3
train	UN2014248	u30C4
train	UN2014248	u30C5
train	UN2014248	u30C6
train	UN2014248	u30C7
train	UN2014248	u30C8
train	UN2014248	u30C9
train	UN2014248	u30CA
train	UN2014248	u30CB
train	UN2014248	u30CC
train	UN2014248	u30CD
train	UN2014248	u30CE
train	UN2014248	u30CF
train	UN2014248	u30D0
train	UN2014248	u30D1
train	UN2014248	u30D2
train	UN2014248	u30D3
train	UN2014248	u30D4
train	UN2014248	u30D5
train	UN2014248	u30D6
train	UN2014248	u30D7
train	UN2014248	u30D8
train	UN2014248	u30D9
train	UN2014248	u30DA
train	UN2014248	u30DB
train	UN2014248	u30DC
train	UN2014248	u30DD
train	UN2014248	u30DE
train	UN2014248	u30DF
train	UN2014248	u30E0
train	UN2014248	u30E1
train	UN2014248	u30E2
train	UN2014248	u30E3
train	UN2014248	u30E4
train	UN2014248	u30E5
train	UN2014248	u30E6
train	UN2014248	u30E7
train	UN2014248	u30E8
train	UN2014248	u30E9
train	UN2014248	u30EA
train	UN2014248	u30EB
train	UN2014248	u30EC
train	UN2014248	u30ED
train	UN2014248	u30EE
train	UN2014248	u30EF
train	UN2014248	u30F0
train	UN2014248	u30F1
train	UN2014248	u30F2
train	UN2014248	u30F3
train	UN2014248	u30F4
train	UN2014248	u30F5
train	UN2014248	u30F6
train	UN2014248	u3105
train	UN2014248	u3106
train	UN2014248	u3107
train	UN2014248	u3108
train	UN2014248	u3109
train	UN2014248	u310A
train	UN2014248	u310B
train	UN2014248	u310C
train	UN2014248	u310D
train	UN2014248	u310E
train	UN2014248	u310F
train	UN2014248	u3110
train	UN2014248	u3111
train	UN2014248	u3112
train	UN2014248	u3113
train	UN2014248	u3114
train	UN2014248	u3115
train	UN2014248	u3116
train	UN2014248	u3117
train	UN2014248	u3118
train	UN2014248	u3119
train	UN2014248	u311A
train	UN2014248	u311B
train	UN2014248	u311C
train	UN2014248	u311D
train	UN2014248	u311E
train	UN2014248	u311F
train	UN2014248	u3120
train	UN2014248	u3121
train	UN2014248	u3122
train	UN2014248	u3123
train	UN2014248	u3124
train	UN2014248	u3125
train	UN2014248	u3126
train	UN2014248	u3127
train	UN2014248	u3128
train	UN2014248	u3129
train	UN2014250	u0030
train	UN2014250	u0031
train	UN2014250	u0032
train	UN2014250	u0033
train	UN2014250	u0034
train	UN2014250	u0035
train	UN2014250	u0036
train	UN2014250	u0037
train	UN2014250	u0038
train	UN2014250	u0039
train	UN2014250	u0041
train	UN2014250	u0042
train	UN2014250	u0043
train	UN2014250	u0044
train	UN2014250	u0045
train	UN2014250	u0046
train	UN2014250	u0047
train	UN2014250	u0048
train	UN2014250	u0049
train	UN2014250	u004A
train	UN2014250	u004B
train	UN2014250	u004C
train	UN2014250	u004D
train	UN2014250	u004E
train	UN2014250	u004F
train	UN2014250	u0050
train	UN2014250	u0051
train	UN2014250	u0052
train	UN2014250	u0053
train	UN2014250	u0054
train	UN2014250	u0055
train	UN2014250	u0056
train	UN2014250	u0057
train	UN2014250	u0058
train	UN2014250	u0059
train	UN2014250	u005A
train	UN2014250	u0061
train	UN2014250	u0062
train	UN2014250	u0063
train	UN2014250	u0064
train	UN2014250	u0065
train	UN2014250	u0066
train	UN2014250	u0067
train	UN2014250	u0068
train	UN2014250	u0069
train	UN2014250	u006A
train	UN2014250	u006B
train	UN2014250	u006C
train	UN2014250	u006D
train	UN2014250	u006E
train	UN2014250	u006F
train	UN2014250	u0070
train	UN2014250	u0071
train	UN2014250	u0072
train	UN2014250	u0073
train	UN2014250	u0074
train	UN2014250	u0075
train	UN2014250	u0076
train	UN2014250	u0077
train	UN2014250	u0078
train	UN2014250	u0079
train	UN2014250	u007A
train	UN2014250	u00E0
train	UN2014250	u00E1
train	UN2014250	u00E8
train	UN2014250	u00E9
train	UN2014250	u00EA
train	UN2014250	u00ED
train	UN2014250	u00F2
train	UN2014250	u00F3
train	UN2014250	u00F9
train	UN2014250	u00FA
train	UN2014250	u00FC
train	UN2014250	u0101
train	UN2014250	u0113
train	UN2014250	u011B
train	UN2014250	u012B
train	UN2014250	u0144
train	UN2014250	u0148
train	UN2014250	u014D
train	UN2014250	u016B
train	UN2014250	u01CE
train	UN2014250	u01D0
train	UN2014250	u01D2
train	UN2014250	u01D4
train	UN2014250	u01D6
train	UN2014250	u01D8
train	UN2014250	u01DA
train	UN2014250	u01DC
train	UN2014250	u3041
train	UN2014250	u3042
train	UN2014250	u3043
train	UN2014250	u3044
train	UN2014250	u3045
train	UN2014250	u3046
train	UN2014250	u3047
train	UN2014250	u3048
train	UN2014250	u3049
train	UN2014250	u304A
train	UN2014250	u304B
train	UN2014250	u304C
train	UN2014250	u304D
train	UN2014250	u304E
train	UN2014250	u304F
train	UN2014250	u3050
train	UN2014250	u3051
train	UN2014250	u3052
train	UN2014250	u3053
train	UN2014250	u3054
train	UN2014250	u3055
train	UN2014250	u3056
train	UN2014250	u3057
train	UN2014250	u3058
train	UN2014250	u3059
train	UN2014250	u305A
train	UN2014250	u305B
train	UN2014250	u305C
train	UN2014250	u305D
train	UN2014250	u305E
train	UN2014250	u305F
train	UN2014250	u3060
train	UN2014250	u3061
train	UN2014250	u3062
train	UN2014250	u3063
train	UN2014250	u3064
train	UN2014250	u3065
train	UN2014250	u3066
train	UN2014250	u3067
train	UN2014250	u3068
train	UN2014250	u3069
train	UN2014250	u306A
train	UN2014250	u306B
train	UN2014250	u306C
train	UN2014250	u306D
train	UN2014250	u306E
train	UN2014250	u306F
train	UN2014250	u3070
train	UN2014250	u3071
train	UN2014250	u3072
train	UN2014250	u3073
train	UN2014250	u3074
train	UN2014250	u3075
train	UN2014250	u3076
train	UN2014250	u3077
train	UN2014250	u3078
train	UN2014250	u3079
train	UN2014250	u307A
train	UN2014250	u307B
train	UN2014250	u307C
train	UN2014250	u307D
train	UN2014250	u307E
train	UN2014250	u307F
train	UN2014250	u3080
train	UN2014250	u3081
train	UN2014250	u3082
train	UN2014250	u3083
train	UN2014250	u3084
train	UN2014250	u3085
train	UN2014250	u3086
train	UN2014250	u3087
train	UN2014250	u3088
train	UN2014250	u3089
train	UN2014250	u308A
train	UN2014250	u308B
train	UN2014250	u308C
train	UN2014250	u308D
train	UN2014250	u308E
train	UN2014250	u308F
train	UN2014250	u3090
train	UN2014250	u3091
train	UN2014250	u3092
train	UN2014250	u3093
train	UN2014250	u30A1
train	UN2014250	u30A2
train	UN2014250	u30A3
train	UN2014250	u30A4
train	UN2014250	u30A5
train	UN2014250	u30A6
train	UN2014250	u30A7
train	UN2014250	u30A8
train	UN2014250	u30A9
train	UN2014250	u30AA
train	UN2014250	u30AB
train	UN2014250	u30AC
train	UN2014250	u30AD
train	UN2014250	u30AE
train	UN2014250	u30AF
train	UN2014250	u30B0
train	UN2014250	u30B1
train	UN2014250	u30B2
train	UN2014250	u30B3
train	UN2014250	u30B4
train	UN2014250	u30B5
train	UN2014250	u30B6
train	UN2014250	u30B7
train	UN2014250	u30B8
train	UN2014250	u30B9
train	UN2014250	u30BA
train	UN2014250	u30BB
train	UN2014250	u30BC
train	UN2014250	u30BD
train	UN2014250	u30BE
train	UN2014250	u30BF
train	UN2014250	u30C0
train	UN2014250	u30C1
train	UN2014250	u30C2
train	UN2014250	u30C3
train	UN2014250	u30C4
train	UN2014250	u30C5
train	UN2014250	u30C6
train	UN2014250	u30C7
train	UN2014250	u30C8
train	UN2014250	u30C9
train	UN2014250	u30CA
train	UN2014250	u30CB
train	UN2014250	u30CC
train	UN2014250	u30CD
train	UN2014250	u30CE
train	UN2014250	u30CF
train	UN2014250	u30D0
train	UN2014250	u30D1
train	UN2014250	u30D2
train	UN2014250	u30D3
train	UN2014250	u30D4
train	UN2014250	u30D5
train	UN2014250	u30D6
train	UN2014250	u30D7
train	UN2014250	u30D8
train	UN2014250	u30D9
train	UN2014250	u30DA
train	UN2014250	u30DB
train	UN2014250	u30DC
train	UN2014250	u30DD
train	UN2014250	u30DE
train	UN2014250	u30DF
train	UN2014250	u30E0
train	UN2014250	u30E1
train	UN2014250	u30E2
train	UN2014250	u30E3
train	UN2014250	u30E4
train	UN2014250	u30E5
train	UN2014250	u30E6
train	UN2014250	u30E7
train	UN2014250	u30E8
train	UN2014250	u30E9
train	UN2014250	u30EA
train	UN2014250	u30EB
train	UN2014250	u30EC
train	UN2014250	u30ED
train	UN2014250	u30EE
train	UN2014250	u30EF
train	UN2014250	u30F0
train	UN2014250	u30F1
train	UN2014250	u30F2
train	UN2014250	u30F3
train	UN2014250	u30F4
train	UN2014250	u30F5
train	UN2014250	u30F6
train	UN2014250	u3105
train	UN2014250	u3106
train	UN2014250	u3107
train	UN2014250	u3108
train	UN2014250	u3109
train	UN2014250	u310A
train	UN2014250	u310B
train	UN2014250	u310C
train	UN2014250	u310D
train	UN2014250	u310E
train	UN2014250	u310F
train	UN2014250	u3110
train	UN2014250	u3111
train	UN2014250	u3112
train	UN2014250	u3113
train	UN2014250	u3114
train	UN2014250	u3115
train	UN2014250	u3116
train	UN2014250	u3117
train	UN2014250	u3118
train	UN2014250	u3119
train	UN2014250	u311A
train	UN2014250	u311B
train	UN2014250	u311C
train	UN2014250	u311D
train	UN2014250	u311E
train	UN2014250	u311F
train	UN2014250	u3120
train	UN2014250	u3121
train	UN2014250	u3122
train	UN2014250	u3123
train	UN2014250	u3124
train	UN2014250	u3125
train	UN2014250	u3126
train	UN2014250	u3127
train	UN2014250	u3128
train	UN2014250	u3129
train	UN2014279	u0030
train	UN2014279	u0031
train	UN2014279	u0032
train	UN2014279	u0033
train	UN2014279	u0034
train	UN2014279	u0035
train	UN2014279	u0036
train	UN2014279	u0037
train	UN2014279	u0038
train	UN2014279	u0039
train	UN2014279	u0041
train	UN2014279	u0042
train	UN2014279	u0043
train	UN2014279	u0044
train	UN2014279	u0045
train	UN2014279	u0046
train	UN2014279	u0047
train	UN2014279	u0048
train	UN2014279	u0049
train	UN2014279	u004A
train	UN2014279	u004B
train	UN2014279	u004C
train	UN2014279	u004D
train	UN2014279	u004E
train	UN2014279	u004F
train	UN2014279	u0050
train	UN2014279	u0051
train	UN2014279	u0052
train	UN2014279	u0053
train	UN2014279	u0054
train	UN2014279	u0055
train	UN2014279	u0056
train	UN2014279	u0057
train	UN2014279	u0058
train	UN2014279	u0059
train	UN2014279	u005A
train	UN2014279	u0061
train	UN2014279	u0062
train	UN2014279	u0063
train	UN2014279	u0064
train	UN2014279	u0065
train	UN2014279	u0066
train	UN2014279	u0067
train	UN2014279	u0068
train	UN2014279	u0069
train	UN2014279	u006A
train	UN2014279	u006B
train	UN2014279	u006C
train	UN2014279	u006D
train	UN2014279	u006E
train	UN2014279	u006F
train	UN2014279	u0070
train	UN2014279	u0071
train	UN2014279	u0072
train	UN2014279	u0073
train	UN2014279	u0074
train	UN2014279	u0075
train	UN2014279	u0076
train	UN2014279	u0077
train	UN2014279	u0078
train	UN2014279	u0079
train	UN2014279	u007A
train	UN2014497	u0030
train	UN2014497	u0031
train	UN2014497	u0032
train	UN2014497	u0033
train	UN2014497	u0034
train	UN2014497	u0035
train	UN2014497	u0036
train	UN2014497	u0037
train	UN2014497	u0038
train	UN2014497	u0039
train	UN2014497	u0041
train	UN2014497	u0042
train	UN2014497	u0043
train	UN2014497	u0044
train	UN2014497	u0045
train	UN2014497	u0046
train	UN2014497	u0047
train	UN2014497	u0048
train	UN2014497	u0049
train	UN2014497	u004A
train	UN2014497	u004B
train	UN2014497	u004C
train	UN2014497	u004D
train	UN2014497	u004E
train	UN2014497	u004F
train	UN2014497	u0050
train	UN2014497	u0051
train	UN2014497	u0052
train	UN2014497	u0053
train	UN2014497	u0054
train	UN2014497	u0055
train	UN2014497	u0056
train	UN2014497	u0057
train	UN2014497	u0058
train	UN2014497	u0059
train	UN2014497	u005A
train	UN2014497	u0061
train	UN2014497	u0062
train	UN2014497	u0063
train	UN2014497	u0064
train	UN2014497	u0065
train	UN2014497	u0066
train	UN2014497	u0067
train	UN2014497	u0068
train	UN2014497	u0069
train	UN2014497	u006A
train	UN2014497	u006B
train	UN2014497	u006C
train	UN2014497	u006D
train	UN2014497	u006E
train	UN2014497	u006F
train	UN2014497	u0070
train	UN2014497	u0071
train	UN2014497	u0072
train	UN2014497	u0073
train	UN2014497	u0074
train	UN2014497	u0075
train	UN2014497	u0076
train	UN2014497	u0077
train	UN2014497	u0078
train	UN2014497	u0079
train	UN2014497	u007A
train	UN2014683	u0030
train	UN2014683	u0031
train	UN2014683	u0032
train	UN2014683	u0033
train	UN2014683	u0034
train	UN2014683	u0035
train	UN2014683	u0036
train	UN2014683	u0037
train	UN2014683	u0038
train	UN2014683	u0039
train	UN2014683	u0041
train	UN2014683	u0042
train	UN2014683	u0043
train	UN2014683	u0044
train	UN2014683	u0045
train	UN2014683	u0046
train	UN2014683	u0047
train	UN2014683	u0048
train	UN2014683	u0049
train	UN2014683	u004A
train	UN2014683	u004B
train	UN2014683	u004C
train	UN2014683	u004D
train	UN2014683	u004E
train	UN2014683	u004F
train	UN2014683	u0050
train	UN2014683	u0051
train	UN2014683	u0052
train	UN2014683	u0053
train	UN2014683	u0054
train	UN2014683	u0055
train	UN2014683	u0056
train	UN2014683	u0057
train	UN2014683	u0058
train	UN2014683	u0059
train	UN2014683	u005A
train	UN2014683	u0061
train	UN2014683	u0062
train	UN2014683	u0063
train	UN2014683	u0064
train	UN2014683	u0065
train	UN2014683	u0066
train	UN2014683	u0067
train	UN2014683	u0068
train	UN2014683	u0069
train	UN2014683	u006A
train	UN2014683	u006B
train	UN2014683	u006C
train	UN2014683	u006D
train	UN2014683	u006E
train	UN2014683	u006F
train	UN2014683	u0070
train	UN2014683	u0071
train	UN2014683	u0072
train	UN2014683	u0073
train	UN2014683	u0074
train	UN2014683	u0075
train	UN2014683	u0076
train	UN2014683	u0077
train	UN2014683	u0078
train	UN2014683	u0079
train	UN2014683	u007A
train	UN2014683	u00E0
train	UN2014683	u00E1
train	UN2014683	u00E8
train	UN2014683	u00E9
train	UN2014683	u00EA
train	UN2014683	u00ED
train	UN2014683	u00F2
train	UN2014683	u00F3
train	UN2014683	u00F9
train	UN2014683	u00FA
train	UN2014683	u00FC
train	UN2014683	u0101
train	UN2014683	u0113
train	UN2014683	u011B
train	UN2014683	u012B
train	UN2014683	u0144
train	UN2014683	u0148
train	UN2014683	u014D
train	UN2014683	u016B
train	UN2014683	u01CE
train	UN2014683	u01D0
train	UN2014683	u01D2
train	UN2014683	u01D4
train	UN2014683	u01D6
train	UN2014683	u01D8
train	UN2014683	u01DA
train	UN2014683	u01DC
train	UN2014683	u3041
train	UN2014683	u3042
train	UN2014683	u3043
train	UN2014683	u3044
train	UN2014683	u3045
train	UN2014683	u3046
train	UN2014683	u3047
train	UN2014683	u3048
train	UN2014683	u3049
train	UN2014683	u304A
train	UN2014683	u304B
train	UN2014683	u304C
train	UN2014683	u304D
train	UN2014683	u304E
train	UN2014683	u304F
train	UN2014683	u3050
train	UN2014683	u3051
train	UN2014683	u3052
train	UN2014683	u3053
train	UN2014683	u3054
train	UN2014683	u3055
train	UN2014683	u3056
train	UN2014683	u3057
train	UN2014683	u3058
train	UN2014683	u3059
train	UN2014683	u305A
train	UN2014683	u305B
train	UN2014683	u305C
train	UN2014683	u305D
train	UN2014683	u305E
train	UN2014683	u305F
train	UN2014683	u3060
train	UN2014683	u3061
train	UN2014683	u3062
train	UN2014683	u3063
train	UN2014683	u3064
train	UN2014683	u3065
train	UN2014683	u3066
train	UN2014683	u3067
train	UN2014683	u3068
train	UN2014683	u3069
train	UN2014683	u306A
train	UN2014683	u306B
train	UN2014683	u306C
train	UN2014683	u306D
train	UN2014683	u306E
train	UN2014683	u306F
train	UN2014683	u3070
train	UN2014683	u3071
train	UN2014683	u3072
train	UN2014683	u3073
train	UN2014683	u3074
train	UN2014683	u3075
train	UN2014683	u3076
train	UN2014683	u3077
train	UN2014683	u3078
train	UN2014683	u3079
train	UN2014683	u307A
train	UN2014683	u307B
train	UN2014683	u307C
train	UN2014683	u307D
train	UN2014683	u307E
train	UN2014683	u307F
train	UN2014683	u3080
train	UN2014683	u3081
train	UN2014683	u3082
train	UN2014683	u3083
train	UN2014683	u3084
train	UN2014683	u3085
train	UN2014683	u3086
train	UN2014683	u3087
train	UN2014683	u3088
train	UN2014683	u3089
train	UN2014683	u308A
train	UN2014683	u308B
train	UN2014683	u308C
train	UN2014683	u308D
train	UN2014683	u308E
train	UN2014683	u308F
train	UN2014683	u3090
train	UN2014683	u3091
train	UN2014683	u3092
train	UN2014683	u3093
train	UN2014683	u30A1
train	UN2014683	u30A2
train	UN2014683	u30A3
train	UN2014683	u30A4
train	UN2014683	u30A5
train	UN2014683	u30A6
train	UN2014683	u30A7
train	UN2014683	u30A8
train	UN2014683	u30A9
train	UN2014683	u30AA
train	UN2014683	u30AB
train	UN2014683	u30AC
train	UN2014683	u30AD
train	UN2014683	u30AE
train	UN2014683	u30AF
train	UN2014683	u30B0
train	UN2014683	u30B1
train	UN2014683	u30B2
train	UN2014683	u30B3
train	UN2014683	u30B4
train	UN2014683	u30B5
train	UN2014683	u30B6
train	UN2014683	u30B7
train	UN2014683	u30B8
train	UN2014683	u30B9
train	UN2014683	u30BA
train	UN2014683	u30BB
train	UN2014683	u30BC
train	UN2014683	u30BD
train	UN2014683	u30BE
train	UN2014683	u30BF
train	UN2014683	u30C0
train	UN2014683	u30C1
train	UN2014683	u30C2
train	UN2014683	u30C3
train	UN2014683	u30C4
train	UN2014683	u30C5
train	UN2014683	u30C6
train	UN2014683	u30C7
train	UN2014683	u30C8
train	UN2014683	u30C9
train	UN2014683	u30CA
train	UN2014683	u30CB
train	UN2014683	u30CC
train	UN2014683	u30CD
train	UN2014683	u30CE
train	UN2014683	u30CF
train	UN2014683	u30D0
train	UN2014683	u30D1
train	UN2014683	u30D2
train	UN2014683	u30D3
train	UN2014683	u30D4
train	UN2014683	u30D5
train	UN2014683	u30D6
train	UN2014683	u30D7
train	UN2014683	u30D8
train	UN2014683	u30D9
train	UN2014683	u30DA
train	UN2014683	u30DB
train	UN2014683	u30DC
train	UN2014683	u30DD
train	UN2014683	u30DE
train	UN2014683	u30DF
train	UN2014683	u30E0
train	UN2014683	u30E1
train	UN2014683	u30E2
train	UN2014683	u30E3
train	UN2014683	u30E4
train	UN2014683	u30E5
train	UN2014683	u30E6
train	UN2014683	u30E7
train	UN2014683	u30E8
train	UN2014683	u30E9
train	UN2014683	u30EA
train	UN2014683	u30EB
train	UN2014683	u30EC
train	UN2014683	u30ED
train	UN2014683	u30EE
train	UN2014683	u30EF
train	UN2014683	u30F0
train	UN2014683	u30F1
train	UN2014683	u30F2
train	UN2014683	u30F3
train	UN2014683	u30F4
train	UN2014683	u30F5
train	UN2014683	u30F6
train	UN2014683	u3105
train	UN2014683	u3106
train	UN2014683	u3107
train	UN2014683	u3108
train	UN2014683	u3109
train	UN2014683	u310A
train	UN2014683	u310B
train	UN2014683	u310C
train	UN2014683	u310D
train	UN2014683	u310E
train	UN2014683	u310F
train	UN2014683	u3110
train	UN2014683	u3111
train	UN2014683	u3112
train	UN2014683	u3113
train	UN2014683	u3114
train	UN2014683	u3115
train	UN2014683	u3116
train	UN2014683	u3117
train	UN2014683	u3118
train	UN2014683	u3119
train	UN2014683	u311A
train	UN2014683	u311B
train	UN2014683	u311C
train	UN2014683	u311D
train	UN2014683	u311E
train	UN2014683	u311F
train	UN2014683	u3120
train	UN2014683	u3121
train	UN2014683	u3122
train	UN2014683	u3123
train	UN2014683	u3124
train	UN2014683	u3125
train	UN2014683	u3126
train	UN2014683	u3127
train	UN2014683	u3128
train	UN2014683	u3129
train	UN2014720	u0030
train	UN2014720	u0031
train	UN2014720	u0032
train	UN2014720	u0033
train	UN2014720	u0034
train	UN2014720	u0035
train	UN2014720	u0036
train	UN2014720	u0037
train	UN2014720	u0038
train	UN2014720	u0039
train	UN2014720	u0041
train	UN2014720	u0042
train	UN2014720	u0043
train	UN2014720	u0044
train	UN2014720	u0045
train	UN2014720	u0046
train	UN2014720	u0047
train	UN2014720	u0048
train	UN2014720	u0049
train	UN2014720	u004A
train	UN2014720	u004B
train	UN2014720	u004C
train	UN2014720	u004D
train	UN2014720	u004E
train	UN2014720	u004F
train	UN2014720	u0050
train	UN2014720	u0051
train	UN2014720	u0052
train	UN2014720	u0053
train	UN2014720	u0054
train	UN2014720	u0055
train	UN2014720	u0056
train	UN2014720	u0057
train	UN2014720	u0058
train	UN2014720	u0059
train	UN2014720	u005A
train	UN2014720	u0061
train	UN2014720	u0062
train	UN2014720	u0063
train	UN2014720	u0064
train	UN2014720	u0065
train	UN2014720	u0066
train	UN2014720	u0067
train	UN2014720	u0068
train	UN2014720	u0069
train	UN2014720	u006A
train	UN2014720	u006B
train	UN2014720	u006C
train	UN2014720	u006D
train	UN2014720	u006E
train	UN2014720	u006F
train	UN2014720	u0070
train	UN2014720	u0071
train	UN2014720	u0072
train	UN2014720	u0073
train	UN2014720	u0074
train	UN2014720	u0075
train	UN2014720	u0076
train	UN2014720	u0077
train	UN2014720	u0078
train	UN2014720	u0079
train	UN2014720	u007A
train	UN2014720	u00E0
train	UN2014720	u00E1
train	UN2014720	u00E8
train	UN2014720	u00E9
train	UN2014720	u00EA
train	UN2014720	u00ED
train	UN2014720	u00F2
train	UN2014720	u00F3
train	UN2014720	u00F9
train	UN2014720	u00FA
train	UN2014720	u00FC
train	UN2014720	u0101
train	UN2014720	u0113
train	UN2014720	u011B
train	UN2014720	u012B
train	UN2014720	u0144
train	UN2014720	u0148
train	UN2014720	u014D
train	UN2014720	u016B
train	UN2014733	u0030
train	UN2014733	u0031
train	UN2014733	u0032
train	UN2014733	u0033
train	UN2014733	u0034
train	UN2014733	u0035
train	UN2014733	u0036
train	UN2014733	u0037
train	UN2014733	u0038
train	UN2014733	u0039
train	UN2014733	u0041
train	UN2014733	u0042
train	UN2014733	u0043
train	UN2014733	u0044
train	UN2014733	u0045
train	UN2014733	u0046
train	UN2014733	u0047
train	UN2014733	u0048
train	UN2014733	u0049
train	UN2014733	u004A
train	UN2014733	u004B
train	UN2014733	u004C
train	UN2014733	u004D
train	UN2014733	u004E
train	UN2014733	u004F
train	UN2014733	u0050
train	UN2014733	u0051
train	UN2014733	u0052
train	UN2014733	u0053
train	UN2014733	u0054
train	UN2014733	u0055
train	UN2014733	u0056
train	UN2014733	u0057
train	UN2014733	u0058
train	UN2014733	u0059
train	UN2014733	u005A
train	UN2014733	u0061
train	UN2014733	u0062
train	UN2014733	u0063
train	UN2014733	u0064
train	UN2014733	u0065
train	UN2014733	u0066
train	UN2014733	u0067
train	UN2014733	u0068
train	UN2014733	u0069
train	UN2014733	u006A
train	UN2014733	u006B
train	UN2014733	u006C
train	UN2014733	u006D
train	UN2014733	u006E
train	UN2014733	u006F
train	UN2014733	u0070
train	UN2014733	u0071
train	UN2014733	u0072
train	UN2014733	u0073
train	UN2014733	u0074
train	UN2014733	u0075
train	UN2014733	u0076
train	UN2014733	u0077
train	UN2014733	u0078
train	UN2014733	u0079
train	UN2014733	u007A
train	UN2014733	u00E0
train	UN2014733	u00E1
train	UN2014733	u00E8
train	UN2014733	u00E9
train	UN2014733	u00EA
train	UN2014733	u00ED
train	UN2014733	u00F2
train	UN2014733	u00F3
train	UN2014733	u00F9
train	UN2014733	u00FA
train	UN2014733	u00FC
train	UN2014733	u0101
train	UN2014733	u0113
train	UN2014733	u011B
train	UN2014733	u012B
train	UN2014733	u0144
train	UN2014733	u0148
train	UN2014733	u014D
train	UN2014733	u016B
train	UN2014813	u0030
train	UN2014813	u0031
train	UN2014813	u0032
train	UN2014813	u0033
train	UN2014813	u0034
train	UN2014813	u0035
train	UN2014813	u0036
train	UN2014813	u0037
train	UN2014813	u0038
train	UN2014813	u0039
train	UN2014813	u0041
train	UN2014813	u0042
train	UN2014813	u0043
train	UN2014813	u0044
train	UN2014813	u0045
train	UN2014813	u0046
train	UN2014813	u0047
train	UN2014813	u0048
train	UN2014813	u0049
train	UN2014813	u004A
train	UN2014813	u004B
train	UN2014813	u004C
train	UN2014813	u004D
train	UN2014813	u004E
train	UN2014813	u004F
train	UN2014813	u0050
train	UN2014813	u0051
train	UN2014813	u0052
train	UN2014813	u0053
train	UN2014813	u0054
train	UN2014813	u0055
train	UN2014813	u0056
train	UN2014813	u0057
train	UN2014813	u0058
train	UN2014813	u0059
train	UN2014813	u005A
train	UN2014813	u0061
train	UN2014813	u0062
train	UN2014813	u0063
train	UN2014813	u0064
train	UN2014813	u0065
train	UN2014813	u0066
train	UN2014813	u0067
train	UN2014813	u0068
train	UN2014813	u0069
train	UN2014813	u006A
train	UN2014813	u006B
train	UN2014813	u006C
train	UN2014813	u006D
train	UN2014813	u006E
train	UN2014813	u006F
train	UN2014813	u0070
train	UN2014813	u0071
train	UN2014813	u0072
train	UN2014813	u0073
train	UN2014813	u0074
train	UN2014813	u0075
train	UN2014813	u0076
train	UN2014813	u0077
train	UN2014813	u0078
train	UN2014813	u0079
train	UN2014813	u007A
train	UN2014828	u0030
train	UN2014828	u0031
train	UN2014828	u0032
train	UN2014828	u0033
train	UN2014828	u0034
train	UN2014828	u0035
train	UN2014828	u0036
train	UN2014828	u0037
train	UN2014828	u0038
train	UN2014828	u0039
train	UN2014828	u0041
train	UN2014828	u0042
train	UN2014828	u0043
train	UN2014828	u0044
train	UN2014828	u0045
train	UN2014828	u0046
train	UN2014828	u0047
train	UN2014828	u0048
train	UN2014828	u0049
train	UN2014828	u004A
train	UN2014828	u004B
train	UN2014828	u004C
train	UN2014828	u004D
train	UN2014828	u004E
train	UN2014828	u004F
train	UN2014828	u0050
train	UN2014828	u0051
train	UN2014828	u0052
train	UN2014828	u0053
train	UN2014828	u0054
train	UN2014828	u0055
train	UN2014828	u0056
train	UN2014828	u0057
train	UN2014828	u0058
train	UN2014828	u0059
train	UN2014828	u005A
train	UN2014828	u0061
train	UN2014828	u0062
train	UN2014828	u0063
train	UN2014828	u0064
train	UN2014828	u0065
train	UN2014828	u0066
train	UN2014828	u0067
train	UN2014828	u0068
train	UN2014828	u0069
train	UN2014828	u006A
train	UN2014828	u006B
train	UN2014828	u006C
train	UN2014828	u006D
train	UN2014828	u006E
train	UN2014828	u006F
train	UN2014828	u0070
train	UN2014828	u0071
train	UN2014828	u0072
train	UN2014828	u0073
train	UN2014828	u0074
train	UN2014828	u0075
train	UN2014828	u0076
train	UN2014828	u0077
train	UN2014828	u0078
train	UN2014828	u0079
train	UN2014828	u007A
train	UN2014867	u0030
train	UN2014867	u0031
train	UN2014867	u0032
train	UN2014867	u0033
train	UN2014867	u0034
train	UN2014867	u0035
train	UN2014867	u0036
train	UN2014867	u0037
train	UN2014867	u0038
train	UN2014867	u0039
train	UN2014867	u0041
train	UN2014867	u0042
train	UN2014867	u0043
train	UN2014867	u0044
train	UN2014867	u0045
train	UN2014867	u0046
train	UN2014867	u0047
train	UN2014867	u0048
train	UN2014867	u0049
train	UN2014867	u004A
train	UN2014867	u004B
train	UN2014867	u004C
train	UN2014867	u004D
train	UN2014867	u004E
train	UN2014867	u004F
train	UN2014867	u0050
train	UN2014867	u0051
train	UN2014867	u0052
train	UN2014867	u0053
train	UN2014867	u0054
train	UN2014867	u0055
train	UN2014867	u0056
train	UN2014867	u0057
train	UN2014867	u0058
train	UN2014867	u0059
train	UN2014867	u005A
train	UN2014867	u0061
train	UN2014867	u0062
train	UN2014867	u0063
train	UN2014867	u0064
train	UN2014867	u0065
train	UN2014867	u0066
train	UN2014867	u0067
train	UN2014867	u0068
train	UN2014867	u0069
train	UN2014867	u006A
train	UN2014867	u006B
train	UN2014867	u006C
train	UN2014867	u006D
train	UN2014867	u006E
train	UN2014867	u006F
train	UN2014867	u0070
train	UN2014867	u0071
train	UN2014867	u0072
train	UN2014867	u0073
train	UN2014867	u0074
train	UN2014867	u0075
train	UN2014867	u0076
train	UN2014867	u0077
train	UN2014867	u0078
train	UN2014867	u0079
train	UN2014867	u007A
train	UN2015044	u0030
train	UN2015044	u0031
train	UN2015044	u0032
train	UN2015044	u0033
train	UN2015044	u0034
train	UN2015044	u0035
train	UN2015044	u0036
train	UN2015044	u0037
train	UN2015044	u0038
train	UN2015044	u0039
train	UN2015044	u0041
train	UN2015044	u0042
train	UN2015044	u0043
train	UN2015044	u0044
train	UN2015044	u0045
train	UN2015044	u0046
train	UN2015044	u0047
train	UN2015044	u0048
train	UN2015044	u0049
train	UN2015044	u004A
train	UN2015044	u004B
train	UN2015044	u004C
train	UN2015044	u004D
train	UN2015044	u004E
train	UN2015044	u004F
train	UN2015044	u0050
train	UN2015044	u0051
train	UN2015044	u0052
train	UN2015044	u0053
train	UN2015044	u0054
train	UN2015044	u0055
train	UN2015044	u0056
train	UN2015044	u0057
train	UN2015044	u0058
train	UN2015044	u0059
train	UN2015044	u005A
train	UN2015044	u0061
train	UN2015044	u0062
train	UN2015044	u0063
train	UN2015044	u0064
train	UN2015044	u0065
train	UN2015044	u0066
train	UN2015044	u0067
train	UN2015044	u0068
train	UN2015044	u0069
train	UN2015044	u006A
train	UN2015044	u006B
train	UN2015044	u006C
train	UN2015044	u006D
train	UN2015044	u006E
train	UN2015044	u006F
train	UN2015044	u0070
train	UN2015044	u0071
train	UN2015044	u0072
train	UN2015044	u0073
train	UN2015044	u0074
train	UN2015044	u0075
train	UN2015044	u0076
train	UN2015044	u0077
train	UN2015044	u0078
train	UN2015044	u0079
train	UN2015044	u007A
train	UN2015044	u00E0
train	UN2015044	u00E1
train	UN2015044	u00E8
train	UN2015044	u00E9
train	UN2015044	u00EA
train	UN2015044	u00ED
train	UN2015044	u00F2
train	UN2015044	u00F3
train	UN2015044	u00F9
train	UN2015044	u00FA
train	UN2015044	u00FC
train	UN2015044	u0101
train	UN2015044	u0113
train	UN2015044	u011B
train	UN2015044	u012B
train	UN2015044	u0144
train	UN2015044	u0148
train	UN2015044	u014D
train	UN2015044	u016B
train	UN2015044	u01CE
train	UN2015044	u01D0
train	UN2015044	u01D2
train	UN2015044	u01D4
train	UN2015044	u01D6
train	UN2015044	u01D8
train	UN2015044	u01DA
train	UN2015044	u01DC
train	UN2015057	u0030
train	UN2015057	u0031
train	UN2015057	u0032
train	UN2015057	u0033
train	UN2015057	u0034
train	UN2015057	u0035
train	UN2015057	u0036
train	UN2015057	u0037
train	UN2015057	u0038
train	UN2015057	u0039
train	UN2015057	u0041
train	UN2015057	u0042
train	UN2015057	u0043
train	UN2015057	u0044
train	UN2015057	u0045
train	UN2015057	u0046
train	UN2015057	u0047
train	UN2015057	u0048
train	UN2015057	u0049
train	UN2015057	u004A
train	UN2015057	u004B
train	UN2015057	u004C
train	UN2015057	u004D
train	UN2015057	u004E
train	UN2015057	u004F
train	UN2015057	u0050
train	UN2015057	u0051
train	UN2015057	u0052
train	UN2015057	u0053
train	UN2015057	u0054
train	UN2015057	u0055
train	UN2015057	u0056
train	UN2015057	u0057
train	UN2015057	u0058
train	UN2015057	u0059
train	UN2015057	u005A
train	UN2015057	u0061
train	UN2015057	u0062
train	UN2015057	u0063
train	UN2015057	u0064
train	UN2015057	u0065
train	UN2015057	u0066
train	UN2015057	u0067
train	UN2015057	u0068
train	UN2015057	u0069
train	UN2015057	u006A
train	UN2015057	u006B
train	UN2015057	u006C
train	UN2015057	u006D
train	UN2015057	u006E
train	UN2015057	u006F
train	UN2015057	u0070
train	UN2015057	u0071
train	UN2015057	u0072
train	UN2015057	u0073
train	UN2015057	u0074
train	UN2015057	u0075
train	UN2015057	u0076
train	UN2015057	u0077
train	UN2015057	u0078
train	UN2015057	u0079
train	UN2015057	u007A
train	UN2015238	u0030
train	UN2015238	u0031
train	UN2015238	u0032
train	UN2015238	u0033
train	UN2015238	u0034
train	UN2015238	u0035
train	UN2015238	u0036
train	UN2015238	u0037
train	UN2015238	u0038
train	UN2015238	u0039
train	UN2015238	u0041
train	UN2015238	u0042
train	UN2015238	u0043
train	UN2015238	u0044
train	UN2015238	u0045
train	UN2015238	u0046
train	UN2015238	u0047
train	UN2015238	u0048
train	UN2015238	u0049
train	UN2015238	u004A
train	UN2015238	u004B
train	UN2015238	u004C
train	UN2015238	u004D
train	UN2015238	u004E
train	UN2015238	u004F
train	UN2015238	u0050
train	UN2015238	u0051
train	UN2015238	u0052
train	UN2015238	u0053
train	UN2015238	u0054
train	UN2015238	u0055
train	UN2015238	u0056
train	UN2015238	u0057
train	UN2015238	u0058
train	UN2015238	u0059
train	UN2015238	u005A
train	UN2015238	u0061
train	UN2015238	u0062
train	UN2015238	u0063
train	UN2015238	u0064
train	UN2015238	u0065
train	UN2015238	u0066
train	UN2015238	u0067
train	UN2015238	u0068
train	UN2015238	u0069
train	UN2015238	u006A
train	UN2015238	u006B
train	UN2015238	u006C
train	UN2015238	u006D
train	UN2015238	u006E
train	UN2015238	u006F
train	UN2015238	u0070
train	UN2015238	u0071
train	UN2015238	u0072
train	UN2015238	u0073
train	UN2015238	u0074
train	UN2015238	u0075
train	UN2015238	u0076
train	UN2015238	u0077
train	UN2015238	u0078
train	UN2015238	u0079
train	UN2015238	u007A
train	UN2015238	u00E0
train	UN2015238	u00E1
train	UN2015238	u00E8
train	UN2015238	u00E9
train	UN2015238	u00EA
train	UN2015238	u00ED
train	UN2015238	u00F2
train	UN2015238	u00F3
train	UN2015238	u00F9
train	UN2015238	u00FA
train	UN2015238	u00FC
train	UN2015238	u0101
train	UN2015238	u0113
train	UN2015238	u011B
train	UN2015238	u012B
train	UN2015238	u0144
train	UN2015238	u0148
train	UN2015238	u014D
train	UN2015238	u016B
train	UN2015614	u0030
train	UN2015614	u0031
train	UN2015614	u0032
train	UN2015614	u0033
train	UN2015614	u0034
train	UN2015614	u0035
train	UN2015614	u0036
train	UN2015614	u0037
train	UN2015614	u0038
train	UN2015614	u0039
train	UN2015614	u0041
train	UN2015614	u0042
train	UN2015614	u0043
train	UN2015614	u0044
train	UN2015614	u0045
train	UN2015614	u0046
train	UN2015614	u0047
train	UN2015614	u0048
train	UN2015614	u0049
train	UN2015614	u004A
train	UN2015614	u004B
train	UN2015614	u004C
train	UN2015614	u004D
train	UN2015614	u004E
train	UN2015614	u004F
train	UN2015614	u0050
train	UN2015614	u0051
train	UN2015614	u0052
train	UN2015614	u0053
train	UN2015614	u0054
train	UN2015614	u0055
train	UN2015614	u0056
train	UN2015614	u0057
train	UN2015614	u0058
train	UN2015614	u0059
train	UN2015614	u005A
train	UN2015614	u0061
train	UN2015614	u0062
train	UN2015614	u0063
train	UN2015614	u0064
train	UN2015614	u0065
train	UN2015614	u0066
train	UN2015614	u0067
train	UN2015614	u0068
train	UN2015614	u0069
train	UN2015614	u006A
train	UN2015614	u006B
train	UN2015614	u006C
train	UN2015614	u006D
train	UN2015614	u006E
train	UN2015614	u006F
train	UN2015614	u0070
train	UN2015614	u0071
train	UN2015614	u0072
train	UN2015614	u0073
train	UN2015614	u0074
train	UN2015614	u0075
train	UN2015614	u0076
train	UN2015614	u0077
train	UN2015614	u0078
train	UN2015614	u0079
train	UN2015614	u007A
train	UN2015614	u00E0
train	UN2015614	u00E1
train	UN2015614	u00E8
train	UN2015614	u00E9
train	UN2015614	u00EA
train	UN2015614	u00ED
train	UN2015614	u00F2
train	UN2015614	u00F3
train	UN2015614	u00F9
train	UN2015614	u00FA
train	UN2015614	u00FC
train	UN2015614	u0101
train	UN2015614	u0113
train	UN2015614	u011B
train	UN2015614	u012B
train	UN2015614	u0144
train	UN2015614	u0148
train	UN2015614	u014D
train	UN2015614	u016B
train	UN2015614	u01CE
train	UN2015614	u01D0
train	UN2015614	u01D2
train	UN2015614	u01D4
train	UN2015614	u01D6
train	UN2015614	u01D8
train	UN2015614	u01DA
train	UN2015614	u01DC
train	UN2015614	u3041
train	UN2015614	u3042
train	UN2015614	u3043
train	UN2015614	u3044
train	UN2015614	u3045
train	UN2015614	u3046
train	UN2015614	u3047
train	UN2015614	u3048
train	UN2015614	u3049
train	UN2015614	u304A
train	UN2015614	u304B
train	UN2015614	u304C
train	UN2015614	u304D
train	UN2015614	u304E
train	UN2015614	u304F
train	UN2015614	u3050
train	UN2015614	u3051
train	UN2015614	u3052
train	UN2015614	u3053
train	UN2015614	u3054
train	UN2015614	u3055
train	UN2015614	u3056
train	UN2015614	u3057
train	UN2015614	u3058
train	UN2015614	u3059
train	UN2015614	u305A
train	UN2015614	u305B
train	UN2015614	u305C
train	UN2015614	u305D
train	UN2015614	u305E
train	UN2015614	u305F
train	UN2015614	u3060
train	UN2015614	u3061
train	UN2015614	u3062
train	UN2015614	u3063
train	UN2015614	u3064
train	UN2015614	u3065
train	UN2015614	u3066
train	UN2015614	u3067
train	UN2015614	u3068
train	UN2015614	u3069
train	UN2015614	u306A
train	UN2015614	u306B
train	UN2015614	u306C
train	UN2015614	u306D
train	UN2015614	u306E
train	UN2015614	u306F
train	UN2015614	u3070
train	UN2015614	u3071
train	UN2015614	u3072
train	UN2015614	u3073
train	UN2015614	u3074
train	UN2015614	u3075
train	UN2015614	u3076
train	UN2015614	u3077
train	UN2015614	u3078
train	UN2015614	u3079
train	UN2015614	u307A
train	UN2015614	u307B
train	UN2015614	u307C
train	UN2015614	u307D
train	UN2015614	u307E
train	UN2015614	u307F
train	UN2015614	u3080
train	UN2015614	u3081
train	UN2015614	u3082
train	UN2015614	u3083
train	UN2015614	u3084
train	UN2015614	u3085
train	UN2015614	u3086
train	UN2015614	u3087
train	UN2015614	u3088
train	UN2015614	u3089
train	UN2015614	u308A
train	UN2015614	u308B
train	UN2015614	u308C
train	UN2015614	u308D
train	UN2015614	u308E
train	UN2015614	u308F
train	UN2015614	u3090
train	UN2015614	u3091
train	UN2015614	u3092
train	UN2015614	u3093
train	UN2015614	u30A1
train	UN2015614	u30A2
train	UN2015614	u30A3
train	UN2015614	u30A4
train	UN2015614	u30A5
train	UN2015614	u30A6
train	UN2015614	u30A7
train	UN2015614	u30A8
train	UN2015614	u30A9
train	UN2015614	u30AA
train	UN2015614	u30AB
train	UN2015614	u30AC
train	UN2015614	u30AD
train	UN2015614	u30AE
train	UN2015614	u30AF
train	UN2015614	u30B0
train	UN2015614	u30B1
train	UN2015614	u30B2
train	UN2015614	u30B3
train	UN2015614	u30B4
train	UN2015614	u30B5
train	UN2015614	u30B6
train	UN2015614	u30B7
train	UN2015614	u30B8
train	UN2015614	u30B9
train	UN2015614	u30BA
train	UN2015614	u30BB
train	UN2015614	u30BC
train	UN2015614	u30BD
train	UN2015614	u30BE
train	UN2015614	u30BF
train	UN2015614	u30C0
train	UN2015614	u30C1
train	UN2015614	u30C2
train	UN2015614	u30C3
train	UN2015614	u30C4
train	UN2015614	u30C5
train	UN2015614	u30C6
train	UN2015614	u30C7
train	UN2015614	u30C8
train	UN2015614	u30C9
train	UN2015614	u30CA
train	UN2015614	u30CB
train	UN2015614	u30CC
train	UN2015614	u30CD
train	UN2015614	u30CE
train	UN2015614	u30CF
train	UN2015614	u30D0
train	UN2015614	u30D1
train	UN2015614	u30D2
train	UN2015614	u30D3
train	UN2015614	u30D4
train	UN2015614	u30D5
train	UN2015614	u30D6
train	UN2015614	u30D7
train	UN2015614	u30D8
train	UN2015614	u30D9
train	UN2015614	u30DA
train	UN2015614	u30DB
train	UN2015614	u30DC
train	UN2015614	u30DD
train	UN2015614	u30DE
train	UN2015614	u30DF
train	UN2015614	u30E0
train	UN2015614	u30E1
train	UN2015614	u30E2
train	UN2015614	u30E3
train	UN2015614	u30E4
train	UN2015614	u30E5
train	UN2015614	u30E6
train	UN2015614	u30E7
train	UN2015614	u30E8
train	UN2015614	u30E9
train	UN2015614	u30EA
train	UN2015614	u30EB
train	UN2015614	u30EC
train	UN2015614	u30ED
train	UN2015614	u30EE
train	UN2015614	u30EF
train	UN2015614	u30F0
train	UN2015614	u30F1
train	UN2015614	u30F2
train	UN2015614	u30F3
train	UN2015614	u30F4
train	UN2015614	u30F5
train	UN2015614	u30F6
train	UN2015614	u3105
train	UN2015614	u3106
train	UN2015614	u3107
train	UN2015614	u3108
train	UN2015614	u3109
train	UN2015614	u310A
train	UN2015614	u310B
train	UN2015614	u310C
train	UN2015614	u310D
train	UN2015614	u310E
train	UN2015614	u310F
train	UN2015614	u3110
train	UN2015614	u3111
train	UN2015614	u3112
train	UN2015614	u3113
train	UN2015614	u3114
train	UN2015614	u3115
train	UN2015614	u3116
train	UN2015614	u3117
train	UN2015614	u3118
train	UN2015614	u3119
train	UN2015614	u311A
train	UN2015614	u311B
train	UN2015614	u311C
train	UN2015614	u311D
train	UN2015614	u311E
train	UN2015614	u311F
train	UN2015614	u3120
train	UN2015614	u3121
train	UN2015614	u3122
train	UN2015614	u3123
train	UN2015614	u3124
train	UN2015614	u3125
train	UN2015614	u3126
train	UN2015614	u3127
train	UN2015614	u3128
train	UN2015614	u3129
train	UN2015716	u0030
train	UN2015716	u0031
train	UN2015716	u0032
train	UN2015716	u0033
train	UN2015716	u0034
train	UN2015716	u0035
train	UN2015716	u0036
train	UN2015716	u0037
train	UN2015716	u0038
train	UN2015716	u0039
train	UN2015716	u0041
train	UN2015716	u0042
train	UN2015716	u0043
train	UN2015716	u0044
train	UN2015716	u0045
train	UN2015716	u0046
train	UN2015716	u0047
train	UN2015716	u0048
train	UN2015716	u0049
train	UN2015716	u004A
train	UN2015716	u004B
train	UN2015716	u004C
train	UN2015716	u004D
train	UN2015716	u004E
train	UN2015716	u004F
train	UN2015716	u0050
train	UN2015716	u0051
train	UN2015716	u0052
train	UN2015716	u0053
train	UN2015716	u0054
train	UN2015716	u0055
train	UN2015716	u0056
train	UN2015716	u0057
train	UN2015716	u0058
train	UN2015716	u0059
train	UN2015716	u005A
train	UN2015716	u0061
train	UN2015716	u0062
train	UN2015716	u0063
train	UN2015716	u0064
train	UN2015716	u0065
train	UN2015716	u0066
train	UN2015716	u0067
train	UN2015716	u0068
train	UN2015716	u0069
train	UN2015716	u006A
train	UN2015716	u006B
train	UN2015716	u006C
train	UN2015716	u006D
train	UN2015716	u006E
train	UN2015716	u006F
train	UN2015716	u0070
train	UN2015716	u0071
train	UN2015716	u0072
train	UN2015716	u0073
train	UN2015716	u0074
train	UN2015716	u0075
train	UN2015716	u0076
train	UN2015716	u0077
train	UN2015716	u0078
train	UN2015716	u0079
train	UN2015716	u007A
train	UN2015748	u0030
train	UN2015748	u0031
train	UN2015748	u0032
train	UN2015748	u0033
train	UN2015748	u0034
train	UN2015748	u0035
train	UN2015748	u0036
train	UN2015748	u0037
train	UN2015748	u0038
train	UN2015748	u0039
train	UN2015748	u0041
train	UN2015748	u0042
train	UN2015748	u0043
train	UN2015748	u0044
train	UN2015748	u0045
train	UN2015748	u0046
train	UN2015748	u0047
train	UN2015748	u0048
train	UN2015748	u0049
train	UN2015748	u004A
train	UN2015748	u004B
train	UN2015748	u004C
train	UN2015748	u004D
train	UN2015748	u004E
train	UN2015748	u004F
train	UN2015748	u0050
train	UN2015748	u0051
train	UN2015748	u0052
train	UN2015748	u0053
train	UN2015748	u0054
train	UN2015748	u0055
train	UN2015748	u0056
train	UN2015748	u0057
train	UN2015748	u0058
train	UN2015748	u0059
train	UN2015748	u005A
train	UN2015748	u0061
train	UN2015748	u0062
train	UN2015748	u0063
train	UN2015748	u0064
train	UN2015748	u0065
train	UN2015748	u0066
train	UN2015748	u0067
train	UN2015748	u0068
train	UN2015748	u0069
train	UN2015748	u006A
train	UN2015748	u006B
train	UN2015748	u006C
train	UN2015748	u006D
train	UN2015748	u006E
train	UN2015748	u006F
train	UN2015748	u0070
train	UN2015748	u0071
train	UN2015748	u0072
train	UN2015748	u0073
train	UN2015748	u0074
train	UN2015748	u0075
train	UN2015748	u0076
train	UN2015748	u0077
train	UN2015748	u0078
train	UN2015748	u0079
train	UN2015748	u007A
train	UN2015761	u0030
train	UN2015761	u0031
train	UN2015761	u0032
train	UN2015761	u0033
train	UN2015761	u0034
train	UN2015761	u0035
train	UN2015761	u0036
train	UN2015761	u0037
train	UN2015761	u0038
train	UN2015761	u0039
train	UN2015761	u0041
train	UN2015761	u0042
train	UN2015761	u0043
train	UN2015761	u0044
train	UN2015761	u0045
train	UN2015761	u0046
train	UN2015761	u0047
train	UN2015761	u0048
train	UN2015761	u0049
train	UN2015761	u004A
train	UN2015761	u004B
train	UN2015761	u004C
train	UN2015761	u004D
train	UN2015761	u004E
train	UN2015761	u004F
train	UN2015761	u0050
train	UN2015761	u0051
train	UN2015761	u0052
train	UN2015761	u0053
train	UN2015761	u0054
train	UN2015761	u0055
train	UN2015761	u0056
train	UN2015761	u0057
train	UN2015761	u0058
train	UN2015761	u0059
train	UN2015761	u005A
train	UN2015761	u0061
train	UN2015761	u0062
train	UN2015761	u0063
train	UN2015761	u0064
train	UN2015761	u0065
train	UN2015761	u0066
train	UN2015761	u0067
train	UN2015761	u0068
train	UN2015761	u0069
train	UN2015761	u006A
train	UN2015761	u006B
train	UN2015761	u006C
train	UN2015761	u006D
train	UN2015761	u006E
train	UN2015761	u006F
train	UN2015761	u0070
train	UN2015761	u0071
train	UN2015761	u0072
train	UN2015761	u0073
train	UN2015761	u0074
train	UN2015761	u0075
train	UN2015761	u0076
train	UN2015761	u0077
train	UN2015761	u0078
train	UN2015761	u0079
train	UN2015761	u007A
train	UN2015761	u00E0
train	UN2015761	u00E1
train	UN2015761	u00E8
train	UN2015761	u00E9
train	UN2015761	u00EA
train	UN2015761	u00ED
train	UN2015761	u00F2
train	UN2015761	u00F3
train	UN2015761	u00F9
train	UN2015761	u00FA
train	UN2015761	u00FC
train	UN2015761	u0101
train	UN2015761	u0113
train	UN2015761	u011B
train	UN2015761	u012B
train	UN2015761	u0144
train	UN2015761	u0148
train	UN2015761	u014D
train	UN2015761	u016B
train	UN2015761	u01CE
train	UN2015761	u01D0
train	UN2015761	u01D2
train	UN2015761	u01D4
train	UN2015761	u01D6
train	UN2015761	u01D8
train	UN2015761	u01DA
train	UN2015761	u01DC
train	UN2015761	u3041
train	UN2015761	u3042
train	UN2015761	u3043
train	UN2015761	u3044
train	UN2015761	u3045
train	UN2015761	u3046
train	UN2015761	u3047
train	UN2015761	u3048
train	UN2015761	u3049
train	UN2015761	u304A
train	UN2015761	u304B
train	UN2015761	u304C
train	UN2015761	u304D
train	UN2015761	u304E
train	UN2015761	u304F
train	UN2015761	u3050
train	UN2015761	u3051
train	UN2015761	u3052
train	UN2015761	u3053
train	UN2015761	u3054
train	UN2015761	u3055
train	UN2015761	u3056
train	UN2015761	u3057
train	UN2015761	u3058
train	UN2015761	u3059
train	UN2015761	u305A
train	UN2015761	u305B
train	UN2015761	u305C
train	UN2015761	u305D
train	UN2015761	u305E
train	UN2015761	u305F
train	UN2015761	u3060
train	UN2015761	u3061
train	UN2015761	u3062
train	UN2015761	u3063
train	UN2015761	u3064
train	UN2015761	u3065
train	UN2015761	u3066
train	UN2015761	u3067
train	UN2015761	u3068
train	UN2015761	u3069
train	UN2015761	u306A
train	UN2015761	u306B
train	UN2015761	u306C
train	UN2015761	u306D
train	UN2015761	u306E
train	UN2015761	u306F
train	UN2015761	u3070
train	UN2015761	u3071
train	UN2015761	u3072
train	UN2015761	u3073
train	UN2015761	u3074
train	UN2015761	u3075
train	UN2015761	u3076
train	UN2015761	u3077
train	UN2015761	u3078
train	UN2015761	u3079
train	UN2015761	u307A
train	UN2015761	u307B
train	UN2015761	u307C
train	UN2015761	u307D
train	UN2015761	u307E
train	UN2015761	u307F
train	UN2015761	u3080
train	UN2015761	u3081
train	UN2015761	u3082
train	UN2015761	u3083
train	UN2015761	u3084
train	UN2015761	u3085
train	UN2015761	u3086
train	UN2015761	u3087
train	UN2015761	u3088
train	UN2015761	u3089
train	UN2015761	u308A
train	UN2015761	u308B
train	UN2015761	u308C
train	UN2015761	u308D
train	UN2015761	u308E
train	UN2015761	u308F
train	UN2015761	u3090
train	UN2015761	u3091
train	UN2015761	u3092
train	UN2015761	u3093
train	UN2015761	u30A1
train	UN2015761	u30A2
train	UN2015761	u30A3
train	UN2015761	u30A4
train	UN2015761	u30A5
train	UN2015761	u30A6
train	UN2015761	u30A7
train	UN2015761	u30A8
train	UN2015761	u30A9
train	UN2015761	u30AA
train	UN2015761	u30AB
train	UN2015761	u30AC
train	UN2015761	u30AD
train	UN2015761	u30AE
train	UN2015761	u30AF
train	UN2015761	u30B0
train	UN2015761	u30B1
train	UN2015761	u30B2
train	UN2015761	u30B3
train	UN2015761	u30B4
train	UN2015761	u30B5
train	UN2015761	u30B6
train	UN2015761	u30B7
train	UN2015761	u30B8
train	UN2015761	u30B9
train	UN2015761	u30BA
train	UN2015761	u30BB
train	UN2015761	u30BC
train	UN2015761	u30BD
train	UN2015761	u30BE
train	UN2015761	u30BF
train	UN2015761	u30C0
train	UN2015761	u30C1
train	UN2015761	u30C2
train	UN2015761	u30C3
train	UN2015761	u30C4
train	UN2015761	u30C5
train	UN2015761	u30C6
train	UN2015761	u30C7
train	UN2015761	u30C8
train	UN2015761	u30C9
train	UN2015761	u30CA
train	UN2015761	u30CB
train	UN2015761	u30CC
train	UN2015761	u30CD
train	UN2015761	u30CE
train	UN2015761	u30CF
train	UN2015761	u30D0
train	UN2015761	u30D1
train	UN2015761	u30D2
train	UN2015761	u30D3
train	UN2015761	u30D4
train	UN2015761	u30D5
train	UN2015761	u30D6
train	UN2015761	u30D7
train	UN2015761	u30D8
train	UN2015761	u30D9
train	UN2015761	u30DA
train	UN2015761	u30DB
train	UN2015761	u30DC
train	UN2015761	u30DD
train	UN2015761	u30DE
train	UN2015761	u30DF
train	UN2015761	u30E0
train	UN2015761	u30E1
train	UN2015761	u30E2
train	UN2015761	u30E3
train	UN2015761	u30E4
train	UN2015761	u30E5
train	UN2015761	u30E6
train	UN2015761	u30E7
train	UN2015761	u30E8
train	UN2015761	u30E9
train	UN2015761	u30EA
train	UN2015761	u30EB
train	UN2015761	u30EC
train	UN2015761	u30ED
train	UN2015761	u30EE
train	UN2015761	u30EF
train	UN2015761	u30F0
train	UN2015761	u30F1
train	UN2015761	u30F2
train	UN2015761	u30F3
train	UN2015761	u30F4
train	UN2015761	u30F5
train	UN2015761	u30F6
train	UN2015761	u3105
train	UN2015761	u3106
train	UN2015761	u3107
train	UN2015761	u3108
train	UN2015761	u3109
train	UN2015761	u310A
train	UN2015761	u310B
train	UN2015761	u310C
train	UN2015761	u310D
train	UN2015761	u310E
train	UN2015761	u310F
train	UN2015761	u3110
train	UN2015761	u3111
train	UN2015761	u3112
train	UN2015761	u3113
train	UN2015761	u3114
train	UN2015761	u3115
train	UN2015761	u3116
train	UN2015761	u3117
train	UN2015761	u3118
train	UN2015761	u3119
train	UN2015761	u311A
train	UN2015761	u311B
train	UN2015761	u311C
train	UN2015761	u311D
train	UN2015761	u311E
train	UN2015761	u311F
train	UN2015761	u3120
train	UN2015761	u3121
train	UN2015761	u3122
train	UN2015761	u3123
train	UN2015761	u3124
train	UN2015761	u3125
train	UN2015761	u3126
train	UN2015761	u3127
train	UN2015761	u3128
train	UN2015761	u3129
train	UN2015796	u0030
train	UN2015796	u0031
train	UN2015796	u0032
train	UN2015796	u0033
train	UN2015796	u0034
train	UN2015796	u0035
train	UN2015796	u0036
train	UN2015796	u0037
train	UN2015796	u0038
train	UN2015796	u0039
train	UN2015796	u0041
train	UN2015796	u0042
train	UN2015796	u0043
train	UN2015796	u0044
train	UN2015796	u0045
train	UN2015796	u0046
train	UN2015796	u0047
train	UN2015796	u0048
train	UN2015796	u0049
train	UN2015796	u004A
train	UN2015796	u004B
train	UN2015796	u004C
train	UN2015796	u004D
train	UN2015796	u004E
train	UN2015796	u004F
train	UN2015796	u0050
train	UN2015796	u0051
train	UN2015796	u0052
train	UN2015796	u0053
train	UN2015796	u0054
train	UN2015796	u0055
train	UN2015796	u0056
train	UN2015796	u0057
train	UN2015796	u0058
train	UN2015796	u0059
train	UN2015796	u005A
train	UN2015796	u0061
train	UN2015796	u0062
train	UN2015796	u0063
train	UN2015796	u0064
train	UN2015796	u0065
train	UN2015796	u0066
train	UN2015796	u0067
train	UN2015796	u0068
train	UN2015796	u0069
train	UN2015796	u006A
train	UN2015796	u006B
train	UN2015796	u006C
train	UN2015796	u006D
train	UN2015796	u006E
train	UN2015796	u006F
train	UN2015796	u0070
train	UN2015796	u0071
train	UN2015796	u0072
train	UN2015796	u0073
train	UN2015796	u0074
train	UN2015796	u0075
train	UN2015796	u0076
train	UN2015796	u0077
train	UN2015796	u0078
train	UN2015796	u0079
train	UN2015796	u007A
train	UN2015796	u00E0
train	UN2015796	u00E1
train	UN2015796	u00E8
train	UN2015796	u00E9
train	UN2015796	u00EA
train	UN2015796	u00ED
train	UN2015796	u00F2
train	UN2015796	u00F3
train	UN2015796	u00F9
train	UN2015796	u00FA
train	UN2015796	u00FC
train	UN2015796	u0101
train	UN2015796	u0113
train	UN2015796	u011B
train	UN2015796	u012B
train	UN2015796	u0144
train	UN2015796	u0148
train	UN2015796	u014D
train	UN2015796	u016B
train	UN2015796	u01CE
train	UN2015796	u01D0
train	UN2015796	u01D2
train	UN2015796	u01D4
train	UN2015796	u01D6
train	UN2015796	u01D8
train	UN2015796	u01DA
train	UN2015796	u01DC
train	UN2015796	u3041
train	UN2015796	u3042
train	UN2015796	u3043
train	UN2015796	u3044
train	UN2015796	u3045
train	UN2015796	u3046
train	UN2015796	u3047
train	UN2015796	u3048
train	UN2015796	u3049
train	UN2015796	u304A
train	UN2015796	u304B
train	UN2015796	u304C
train	UN2015796	u304D
train	UN2015796	u304E
train	UN2015796	u304F
train	UN2015796	u3050
train	UN2015796	u3051
train	UN2015796	u3052
train	UN2015796	u3053
train	UN2015796	u3054
train	UN2015796	u3055
train	UN2015796	u3056
train	UN2015796	u3057
train	UN2015796	u3058
train	UN2015796	u3059
train	UN2015796	u305A
train	UN2015796	u305B
train	UN2015796	u305C
train	UN2015796	u305D
train	UN2015796	u305E
train	UN2015796	u305F
train	UN2015796	u3060
train	UN2015796	u3061
train	UN2015796	u3062
train	UN2015796	u3063
train	UN2015796	u3064
train	UN2015796	u3065
train	UN2015796	u3066
train	UN2015796	u3067
train	UN2015796	u3068
train	UN2015796	u3069
train	UN2015796	u306A
train	UN2015796	u306B
train	UN2015796	u306C
train	UN2015796	u306D
train	UN2015796	u306E
train	UN2015796	u306F
train	UN2015796	u3070
train	UN2015796	u3071
train	UN2015796	u3072
train	UN2015796	u3073
train	UN2015796	u3074
train	UN2015796	u3075
train	UN2015796	u3076
train	UN2015796	u3077
train	UN2015796	u3078
train	UN2015796	u3079
train	UN2015796	u307A
train	UN2015796	u307B
train	UN2015796	u307C
train	UN2015796	u307D
train	UN2015796	u307E
train	UN2015796	u307F
train	UN2015796	u3080
train	UN2015796	u3081
train	UN2015796	u3082
train	UN2015796	u3083
train	UN2015796	u3084
train	UN2015796	u3085
train	UN2015796	u3086
train	UN2015796	u3087
train	UN2015796	u3088
train	UN2015796	u3089
train	UN2015796	u308A
train	UN2015796	u308B
train	UN2015796	u308C
train	UN2015796	u308D
train	UN2015796	u308E
train	UN2015796	u308F
train	UN2015796	u3090
train	UN2015796	u3091
train	UN2015796	u3092
train	UN2015796	u3093
train	UN2015796	u30A1
train	UN2015796	u30A2
train	UN2015796	u30A3
train	UN2015796	u30A4
train	UN2015796	u30A5
train	UN2015796	u30A6
train	UN2015796	u30A7
train	UN2015796	u30A8
train	UN2015796	u30A9
train	UN2015796	u30AA
train	UN2015796	u30AB
train	UN2015796	u30AC
train	UN2015796	u30AD
train	UN2015796	u30AE
train	UN2015796	u30AF
train	UN2015796	u30B0
train	UN2015796	u30B1
train	UN2015796	u30B2
train	UN2015796	u30B3
train	UN2015796	u30B4
train	UN2015796	u30B5
train	UN2015796	u30B6
train	UN2015796	u30B7
train	UN2015796	u30B8
train	UN2015796	u30B9
train	UN2015796	u30BA
train	UN2015796	u30BB
train	UN2015796	u30BC
train	UN2015796	u30BD
train	UN2015796	u30BE
train	UN2015796	u30BF
train	UN2015796	u30C0
train	UN2015796	u30C1
train	UN2015796	u30C2
train	UN2015796	u30C3
train	UN2015796	u30C4
train	UN2015796	u30C5
train	UN2015796	u30C6
train	UN2015796	u30C7
train	UN2015796	u30C8
train	UN2015796	u30C9
train	UN2015796	u30CA
train	UN2015796	u30CB
train	UN2015796	u30CC
train	UN2015796	u30CD
train	UN2015796	u30CE
train	UN2015796	u30CF
train	UN2015796	u30D0
train	UN2015796	u30D1
train	UN2015796	u30D2
train	UN2015796	u30D3
train	UN2015796	u30D4
train	UN2015796	u30D5
train	UN2015796	u30D6
train	UN2015796	u30D7
train	UN2015796	u30D8
train	UN2015796	u30D9
train	UN2015796	u30DA
train	UN2015796	u30DB
train	UN2015796	u30DC
train	UN2015796	u30DD
train	UN2015796	u30DE
train	UN2015796	u30DF
train	UN2015796	u30E0
train	UN2015796	u30E1
train	UN2015796	u30E2
train	UN2015796	u30E3
train	UN2015796	u30E4
train	UN2015796	u30E5
train	UN2015796	u30E6
train	UN2015796	u30E7
train	UN2015796	u30E8
train	UN2015796	u30E9
train	UN2015796	u30EA
train	UN2015796	u30EB
train	UN2015796	u30EC
train	UN2015796	u30ED
train	UN2015796	u30EE
train	UN2015796	u30EF
train	UN2015796	u30F0
train	UN2015796	u30F1
train	UN2015796	u30F2
train	UN2015796	u30F3
train	UN2015796	u30F4
train	UN2015796	u30F5
train	UN2015796	u30F6
train	UN2015796	u3105
train	UN2015796	u3106
train	UN2015796	u3107
train	UN2015796	u3108
train	UN2015796	u3109
train	UN2015796	u310A
train	UN2015796	u310B
train	UN2015796	u310C
train	UN2015796	u310D
train	UN2015796	u310E
train	UN2015796	u310F
train	UN2015796	u3110
train	UN2015796	u3111
train	UN2015796	u3112
train	UN2015796	u3113
train	UN2015796	u3114
train	UN2015796	u3115
train	UN2015796	u3116
train	UN2015796	u3117
train	UN2015796	u3118
train	UN2015796	u3119
train	UN2015796	u311A
train	UN2015796	u311B
train	UN2015796	u311C
train	UN2015796	u311D
train	UN2015796	u311E
train	UN2015796	u311F
train	UN2015796	u3120
train	UN2015796	u3121
train	UN2015796	u3122
train	UN2015796	u3123
train	UN2015796	u3124
train	UN2015796	u3125
train	UN2015796	u3126
train	UN2015796	u3127
train	UN2015796	u3128
train	UN2015796	u3129
train	UN2015840	u0030
train	UN2015840	u0031
train	UN2015840	u0032
train	UN2015840	u0033
train	UN2015840	u0034
train	UN2015840	u0035
train	UN2015840	u0036
train	UN2015840	u0037
train	UN2015840	u0038
train	UN2015840	u0039
train	UN2015840	u0041
train	UN2015840	u0042
train	UN2015840	u0043
train	UN2015840	u0044
train	UN2015840	u0045
train	UN2015840	u0046
train	UN2015840	u0047
train	UN2015840	u0048
train	UN2015840	u0049
train	UN2015840	u004A
train	UN2015840	u004B
train	UN2015840	u004C
train	UN2015840	u004D
train	UN2015840	u004E
train	UN2015840	u004F
train	UN2015840	u0050
train	UN2015840	u0051
train	UN2015840	u0052
train	UN2015840	u0053
train	UN2015840	u0054
train	UN2015840	u0055
train	UN2015840	u0056
train	UN2015840	u0057
train	UN2015840	u0058
train	UN2015840	u0059
train	UN2015840	u005A
train	UN2015840	u0061
train	UN2015840	u0062
train	UN2015840	u0063
train	UN2015840	u0064
train	UN2015840	u0065
train	UN2015840	u0066
train	UN2015840	u0067
train	UN2015840	u0068
train	UN2015840	u0069
train	UN2015840	u006A
train	UN2015840	u006B
train	UN2015840	u006C
train	UN2015840	u006D
train	UN2015840	u006E
train	UN2015840	u006F
train	UN2015840	u0070
train	UN2015840	u0071
train	UN2015840	u0072
train	UN2015840	u0073
train	UN2015840	u0074
train	UN2015840	u0075
train	UN2015840	u0076
train	UN2015840	u0077
train	UN2015840	u0078
train	UN2015840	u0079
train	UN2015840	u007A
train	UN2015860	u0030
train	UN2015860	u0031
train	UN2015860	u0032
train	UN2015860	u0033
train	UN2015860	u0034
train	UN2015860	u0035
train	UN2015860	u0036
train	UN2015860	u0037
train	UN2015860	u0038
train	UN2015860	u0039
train	UN2015860	u0041
train	UN2015860	u0042
train	UN2015860	u0043
train	UN2015860	u0044
train	UN2015860	u0045
train	UN2015860	u0046
train	UN2015860	u0047
train	UN2015860	u0048
train	UN2015860	u0049
train	UN2015860	u004A
train	UN2015860	u004B
train	UN2015860	u004C
train	UN2015860	u004D
train	UN2015860	u004E
train	UN2015860	u004F
train	UN2015860	u0050
train	UN2015860	u0051
train	UN2015860	u0052
train	UN2015860	u0053
train	UN2015860	u0054
train	UN2015860	u0055
train	UN2015860	u0056
train	UN2015860	u0057
train	UN2015860	u0058
train	UN2015860	u0059
train	UN2015860	u005A
train	UN2015860	u0061
train	UN2015860	u0062
train	UN2015860	u0063
train	UN2015860	u0064
train	UN2015860	u0065
train	UN2015860	u0066
train	UN2015860	u0067
train	UN2015860	u0068
train	UN2015860	u0069
train	UN2015860	u006A
train	UN2015860	u006B
train	UN2015860	u006C
train	UN2015860	u006D
train	UN2015860	u006E
train	UN2015860	u006F
train	UN2015860	u0070
train	UN2015860	u0071
train	UN2015860	u0072
train	UN2015860	u0073
train	UN2015860	u0074
train	UN2015860	u0075
train	UN2015860	u0076
train	UN2015860	u0077
train	UN2015860	u0078
train	UN2015860	u0079
train	UN2015860	u007A
train	UN2015903	u0030
train	UN2015903	u0031
train	UN2015903	u0032
train	UN2015903	u0033
train	UN2015903	u0034
train	UN2015903	u0035
train	UN2015903	u0036
train	UN2015903	u0037
train	UN2015903	u0038
train	UN2015903	u0039
train	UN2015903	u0041
train	UN2015903	u0042
train	UN2015903	u0043
train	UN2015903	u0044
train	UN2015903	u0045
train	UN2015903	u0046
train	UN2015903	u0047
train	UN2015903	u0048
train	UN2015903	u0049
train	UN2015903	u004A
train	UN2015903	u004B
train	UN2015903	u004C
train	UN2015903	u004D
train	UN2015903	u004E
train	UN2015903	u004F
train	UN2015903	u0050
train	UN2015903	u0051
train	UN2015903	u0052
train	UN2015903	u0053
train	UN2015903	u0054
train	UN2015903	u0055
train	UN2015903	u0056
train	UN2015903	u0057
train	UN2015903	u0058
train	UN2015903	u0059
train	UN2015903	u005A
train	UN2015903	u0061
train	UN2015903	u0062
train	UN2015903	u0063
train	UN2015903	u0064
train	UN2015903	u0065
train	UN2015903	u0066
train	UN2015903	u0067
train	UN2015903	u0068
train	UN2015903	u0069
train	UN2015903	u006A
train	UN2015903	u006B
train	UN2015903	u006C
train	UN2015903	u006D
train	UN2015903	u006E
train	UN2015903	u006F
train	UN2015903	u0070
train	UN2015903	u0071
train	UN2015903	u0072
train	UN2015903	u0073
train	UN2015903	u0074
train	UN2015903	u0075
train	UN2015903	u0076
train	UN2015903	u0077
train	UN2015903	u0078
train	UN2015903	u0079
train	UN2015903	u007A
train	UN2015929	u0030
train	UN2015929	u0031
train	UN2015929	u0032
train	UN2015929	u0033
train	UN2015929	u0034
train	UN2015929	u0035
train	UN2015929	u0036
train	UN2015929	u0037
train	UN2015929	u0038
train	UN2015929	u0039
train	UN2015929	u0041
train	UN2015929	u0042
train	UN2015929	u0043
train	UN2015929	u0044
train	UN2015929	u0045
train	UN2015929	u0046
train	UN2015929	u0047
train	UN2015929	u0048
train	UN2015929	u0049
train	UN2015929	u004A
train	UN2015929	u004B
train	UN2015929	u004C
train	UN2015929	u004D
train	UN2015929	u004E
train	UN2015929	u004F
train	UN2015929	u0050
train	UN2015929	u0051
train	UN2015929	u0052
train	UN2015929	u0053
train	UN2015929	u0054
train	UN2015929	u0055
train	UN2015929	u0056
train	UN2015929	u0057
train	UN2015929	u0058
train	UN2015929	u0059
train	UN2015929	u005A
train	UN2015929	u0061
train	UN2015929	u0062
train	UN2015929	u0063
train	UN2015929	u0064
train	UN2015929	u0065
train	UN2015929	u0066
train	UN2015929	u0067
train	UN2015929	u0068
train	UN2015929	u0069
train	UN2015929	u006A
train	UN2015929	u006B
train	UN2015929	u006C
train	UN2015929	u006D
train	UN2015929	u006E
train	UN2015929	u006F
train	UN2015929	u0070
train	UN2015929	u0071
train	UN2015929	u0072
train	UN2015929	u0073
train	UN2015929	u0074
train	UN2015929	u0075
train	UN2015929	u0076
train	UN2015929	u0077
train	UN2015929	u0078
train	UN2015929	u0079
train	UN2015929	u007A
train	UN2015960	u0030
train	UN2015960	u0031
train	UN2015960	u0032
train	UN2015960	u0033
train	UN2015960	u0034
train	UN2015960	u0035
train	UN2015960	u0036
train	UN2015960	u0037
train	UN2015960	u0038
train	UN2015960	u0039
train	UN2015960	u0041
train	UN2015960	u0042
train	UN2015960	u0043
train	UN2015960	u0044
train	UN2015960	u0045
train	UN2015960	u0046
train	UN2015960	u0047
train	UN2015960	u0048
train	UN2015960	u0049
train	UN2015960	u004A
train	UN2015960	u004B
train	UN2015960	u004C
train	UN2015960	u004D
train	UN2015960	u004E
train	UN2015960	u004F
train	UN2015960	u0050
train	UN2015960	u0051
train	UN2015960	u0052
train	UN2015960	u0053
train	UN2015960	u0054
train	UN2015960	u0055
train	UN2015960	u0056
train	UN2015960	u0057
train	UN2015960	u0058
train	UN2015960	u0059
train	UN2015960	u005A
train	UN2015960	u0061
train	UN2015960	u0062
train	UN2015960	u0063
train	UN2015960	u0064
train	UN2015960	u0065
train	UN2015960	u0066
train	UN2015960	u0067
train	UN2015960	u0068
train	UN2015960	u0069
train	UN2015960	u006A
train	UN2015960	u006B
train	UN2015960	u006C
train	UN2015960	u006D
train	UN2015960	u006E
train	UN2015960	u006F
train	UN2015960	u0070
train	UN2015960	u0071
train	UN2015960	u0072
train	UN2015960	u0073
train	UN2015960	u0074
train	UN2015960	u0075
train	UN2015960	u0076
train	UN2015960	u0077
train	UN2015960	u0078
train	UN2015960	u0079
train	UN2015960	u007A
train	UN2016078	u0030
train	UN2016078	u0031
train	UN2016078	u0032
train	UN2016078	u0033
train	UN2016078	u0034
train	UN2016078	u0035
train	UN2016078	u0036
train	UN2016078	u0037
train	UN2016078	u0038
train	UN2016078	u0039
train	UN2016078	u0041
train	UN2016078	u0042
train	UN2016078	u0043
train	UN2016078	u0044
train	UN2016078	u0045
train	UN2016078	u0046
train	UN2016078	u0047
train	UN2016078	u0048
train	UN2016078	u0049
train	UN2016078	u004A
train	UN2016078	u004B
train	UN2016078	u004C
train	UN2016078	u004D
train	UN2016078	u004E
train	UN2016078	u004F
train	UN2016078	u0050
train	UN2016078	u0051
train	UN2016078	u0052
train	UN2016078	u0053
train	UN2016078	u0054
train	UN2016078	u0055
train	UN2016078	u0056
train	UN2016078	u0057
train	UN2016078	u0058
train	UN2016078	u0059
train	UN2016078	u005A
train	UN2016078	u0061
train	UN2016078	u0062
train	UN2016078	u0063
train	UN2016078	u0064
train	UN2016078	u0065
train	UN2016078	u0066
train	UN2016078	u0067
train	UN2016078	u0068
train	UN2016078	u0069
train	UN2016078	u006A
train	UN2016078	u006B
train	UN2016078	u006C
train	UN2016078	u006D
train	UN2016078	u006E
train	UN2016078	u006F
train	UN2016078	u0070
train	UN2016078	u0071
train	UN2016078	u0072
train	UN2016078	u0073
train	UN2016078	u0074
train	UN2016078	u0075
train	UN2016078	u0076
train	UN2016078	u0077
train	UN2016078	u0078
train	UN2016078	u0079
train	UN2016078	u007A
train	UN2016655	u0030
train	UN2016655	u0031
train	UN2016655	u0032
train	UN2016655	u0033
train	UN2016655	u0034
train	UN2016655	u0035
train	UN2016655	u0036
train	UN2016655	u0037
train	UN2016655	u0038
train	UN2016655	u0039
train	UN2016655	u0041
train	UN2016655	u0042
train	UN2016655	u0043
train	UN2016655	u0044
train	UN2016655	u0045
train	UN2016655	u0046
train	UN2016655	u0047
train	UN2016655	u0048
train	UN2016655	u0049
train	UN2016655	u004A
train	UN2016655	u004B
train	UN2016655	u004C
train	UN2016655	u004D
train	UN2016655	u004E
train	UN2016655	u004F
train	UN2016655	u0050
train	UN2016655	u0051
train	UN2016655	u0052
train	UN2016655	u0053
train	UN2016655	u0054
train	UN2016655	u0055
train	UN2016655	u0056
train	UN2016655	u0057
train	UN2016655	u0058
train	UN2016655	u0059
train	UN2016655	u005A
train	UN2016655	u0061
train	UN2016655	u0062
train	UN2016655	u0063
train	UN2016655	u0064
train	UN2016655	u0065
train	UN2016655	u0066
train	UN2016655	u0067
train	UN2016655	u0068
train	UN2016655	u0069
train	UN2016655	u006A
train	UN2016655	u006B
train	UN2016655	u006C
train	UN2016655	u006D
train	UN2016655	u006E
train	UN2016655	u006F
train	UN2016655	u0070
train	UN2016655	u0071
train	UN2016655	u0072
train	UN2016655	u0073
train	UN2016655	u0074
train	UN2016655	u0075
train	UN2016655	u0076
train	UN2016655	u0077
train	UN2016655	u0078
train	UN2016655	u0079
train	UN2016655	u007A
train	UN2016903	u0030
train	UN2016903	u0031
train	UN2016903	u0032
train	UN2016903	u0033
train	UN2016903	u0034
train	UN2016903	u0035
train	UN2016903	u0036
train	UN2016903	u0037
train	UN2016903	u0038
train	UN2016903	u0039
train	UN2016903	u0041
train	UN2016903	u0042
train	UN2016903	u0043
train	UN2016903	u0044
train	UN2016903	u0045
train	UN2016903	u0046
train	UN2016903	u0047
train	UN2016903	u0048
train	UN2016903	u0049
train	UN2016903	u004A
train	UN2016903	u004B
train	UN2016903	u004C
train	UN2016903	u004D
train	UN2016903	u004E
train	UN2016903	u004F
train	UN2016903	u0050
train	UN2016903	u0051
train	UN2016903	u0052
train	UN2016903	u0053
train	UN2016903	u0054
train	UN2016903	u0055
train	UN2016903	u0056
train	UN2016903	u0057
train	UN2016903	u0058
train	UN2016903	u0059
train	UN2016903	u005A
train	UN2016903	u0061
train	UN2016903	u0062
train	UN2016903	u0063
train	UN2016903	u0064
train	UN2016903	u0065
train	UN2016903	u0066
train	UN2016903	u0067
train	UN2016903	u0068
train	UN2016903	u0069
train	UN2016903	u006A
train	UN2016903	u006B
train	UN2016903	u006C
train	UN2016903	u006D
train	UN2016903	u006E
train	UN2016903	u006F
train	UN2016903	u0070
train	UN2016903	u0071
train	UN2016903	u0072
train	UN2016903	u0073
train	UN2016903	u0074
train	UN2016903	u0075
train	UN2016903	u0076
train	UN2016903	u0077
train	UN2016903	u0078
train	UN2016903	u0079
train	UN2016903	u007A
train	UN2016903	u00E0
train	UN2016903	u00E1
train	UN2016903	u00E8
train	UN2016903	u00E9
train	UN2016903	u00EA
train	UN2016903	u00ED
train	UN2016903	u00F2
train	UN2016903	u00F3
train	UN2016903	u00F9
train	UN2016903	u00FA
train	UN2016903	u00FC
train	UN2016903	u0101
train	UN2016903	u0113
train	UN2016903	u011B
train	UN2016903	u012B
train	UN2016903	u0144
train	UN2016903	u0148
train	UN2016903	u014D
train	UN2016903	u016B
train	UN2016903	u01CE
train	UN2016903	u01D0
train	UN2016903	u01D2
train	UN2016903	u01D4
train	UN2016903	u01D6
train	UN2016903	u01D8
train	UN2016903	u01DA
train	UN2016903	u01DC
train	UN2016903	u3041
train	UN2016903	u3042
train	UN2016903	u3043
train	UN2016903	u3044
train	UN2016903	u3045
train	UN2016903	u3046
train	UN2016903	u3047
train	UN2016903	u3048
train	UN2016903	u3049
train	UN2016903	u304A
train	UN2016903	u304B
train	UN2016903	u304C
train	UN2016903	u304D
train	UN2016903	u304E
train	UN2016903	u304F
train	UN2016903	u3050
train	UN2016903	u3051
train	UN2016903	u3052
train	UN2016903	u3053
train	UN2016903	u3054
train	UN2016903	u3055
train	UN2016903	u3056
train	UN2016903	u3057
train	UN2016903	u3058
train	UN2016903	u3059
train	UN2016903	u305A
train	UN2016903	u305B
train	UN2016903	u305C
train	UN2016903	u305D
train	UN2016903	u305E
train	UN2016903	u305F
train	UN2016903	u3060
train	UN2016903	u3061
train	UN2016903	u3062
train	UN2016903	u3063
train	UN2016903	u3064
train	UN2016903	u3065
train	UN2016903	u3066
train	UN2016903	u3067
train	UN2016903	u3068
train	UN2016903	u3069
train	UN2016903	u306A
train	UN2016903	u306B
train	UN2016903	u306C
train	UN2016903	u306D
train	UN2016903	u306E
train	UN2016903	u306F
train	UN2016903	u3070
train	UN2016903	u3071
train	UN2016903	u3072
train	UN2016903	u3073
train	UN2016903	u3074
train	UN2016903	u3075
train	UN2016903	u3076
train	UN2016903	u3077
train	UN2016903	u3078
train	UN2016903	u3079
train	UN2016903	u307A
train	UN2016903	u307B
train	UN2016903	u307C
train	UN2016903	u307D
train	UN2016903	u307E
train	UN2016903	u307F
train	UN2016903	u3080
train	UN2016903	u3081
train	UN2016903	u3082
train	UN2016903	u3083
train	UN2016903	u3084
train	UN2016903	u3085
train	UN2016903	u3086
train	UN2016903	u3087
train	UN2016903	u3088
train	UN2016903	u3089
train	UN2016903	u308A
train	UN2016903	u308B
train	UN2016903	u308C
train	UN2016903	u308D
train	UN2016903	u308E
train	UN2016903	u308F
train	UN2016903	u3090
train	UN2016903	u3091
train	UN2016903	u3092
train	UN2016903	u3093
train	UN2016903	u30A1
train	UN2016903	u30A2
train	UN2016903	u30A3
train	UN2016903	u30A4
train	UN2016903	u30A5
train	UN2016903	u30A6
train	UN2016903	u30A7
train	UN2016903	u30A8
train	UN2016903	u30A9
train	UN2016903	u30AA
train	UN2016903	u30AB
train	UN2016903	u30AC
train	UN2016903	u30AD
train	UN2016903	u30AE
train	UN2016903	u30AF
train	UN2016903	u30B0
train	UN2016903	u30B1
train	UN2016903	u30B2
train	UN2016903	u30B3
train	UN2016903	u30B4
train	UN2016903	u30B5
train	UN2016903	u30B6
train	UN2016903	u30B7
train	UN2016903	u30B8
train	UN2016903	u30B9
train	UN2016903	u30BA
train	UN2016903	u30BB
train	UN2016903	u30BC
train	UN2016903	u30BD
train	UN2016903	u30BE
train	UN2016903	u30BF
train	UN2016903	u30C0
train	UN2016903	u30C1
train	UN2016903	u30C2
train	UN2016903	u30C3
train	UN2016903	u30C4
train	UN2016903	u30C5
train	UN2016903	u30C6
train	UN2016903	u30C7
train	UN2016903	u30C8
train	UN2016903	u30C9
train	UN2016903	u30CA
train	UN2016903	u30CB
train	UN2016903	u30CC
train	UN2016903	u30CD
train	UN2016903	u30CE
train	UN2016903	u30CF
train	UN2016903	u30D0
train	UN2016903	u30D1
train	UN2016903	u30D2
train	UN2016903	u30D3
train	UN2016903	u30D4
train	UN2016903	u30D5
train	UN2016903	u30D6
train	UN2016903	u30D7
train	UN2016903	u30D8
train	UN2016903	u30D9
train	UN2016903	u30DA
train	UN2016903	u30DB
train	UN2016903	u30DC
train	UN2016903	u30DD
train	UN2016903	u30DE
train	UN2016903	u30DF
train	UN2016903	u30E0
train	UN2016903	u30E1
train	UN2016903	u30E2
train	UN2016903	u30E3
train	UN2016903	u30E4
train	UN2016903	u30E5
train	UN2016903	u30E6
train	UN2016903	u30E7
train	UN2016903	u30E8
train	UN2016903	u30E9
train	UN2016903	u30EA
train	UN2016903	u30EB
train	UN2016903	u30EC
train	UN2016903	u30ED
train	UN2016903	u30EE
train	UN2016903	u30EF
train	UN2016903	u30F0
train	UN2016903	u30F1
train	UN2016903	u30F2
train	UN2016903	u30F3
train	UN2016903	u30F4
train	UN2016903	u30F5
train	UN2016903	u30F6
train	UN2016903	u3105
train	UN2016903	u3106
train	UN2016903	u3107
train	UN2016903	u3108
train	UN2016903	u3109
train	UN2016903	u310A
train	UN2016903	u310B
train	UN2016903	u310C
train	UN2016903	u310D
train	UN2016903	u310E
train	UN2016903	u310F
train	UN2016903	u3110
train	UN2016903	u3111
train	UN2016903	u3112
train	UN2016903	u3113
train	UN2016903	u3114
train	UN2016903	u3115
train	UN2016903	u3116
train	UN2016903	u3117
train	UN2016903	u3118
train	UN2016903	u3119
train	UN2016903	u311A
train	UN2016903	u311B
train	UN2016903	u311C
train	UN2016903	u311D
train	UN2016903	u311E
train	UN2016903	u311F
train	UN2016903	u3120
train	UN2016903	u3121
train	UN2016903	u3122
train	UN2016903	u3123
train	UN2016903	u3124
train	UN2016903	u3125
train	UN2016903	u3126
train	UN2016903	u3127
train	UN2016903	u3128
train	UN2016903	u3129
train	UN2016905	u0030
train	UN2016905	u0031
train	UN2016905	u0032
train	UN2016905	u0033
train	UN2016905	u0034
train	UN2016905	u0035
train	UN2016905	u0036
train	UN2016905	u0037
train	UN2016905	u0038
train	UN2016905	u0039
train	UN2016905	u0041
train	UN2016905	u0042
train	UN2016905	u0043
train	UN2016905	u0044
train	UN2016905	u0045
train	UN2016905	u0046
train	UN2016905	u0047
train	UN2016905	u0048
train	UN2016905	u0049
train	UN2016905	u004A
train	UN2016905	u004B
train	UN2016905	u004C
train	UN2016905	u004D
train	UN2016905	u004E
train	UN2016905	u004F
train	UN2016905	u0050
train	UN2016905	u0051
train	UN2016905	u0052
train	UN2016905	u0053
train	UN2016905	u0054
train	UN2016905	u0055
train	UN2016905	u0056
train	UN2016905	u0057
train	UN2016905	u0058
train	UN2016905	u0059
train	UN2016905	u005A
train	UN2016905	u0061
train	UN2016905	u0062
train	UN2016905	u0063
train	UN2016905	u0064
train	UN2016905	u0065
train	UN2016905	u0066
train	UN2016905	u0067
train	UN2016905	u0068
train	UN2016905	u0069
train	UN2016905	u006A
train	UN2016905	u006B
train	UN2016905	u006C
train	UN2016905	u006D
train	UN2016905	u006E
train	UN2016905	u006F
train	UN2016905	u0070
train	UN2016905	u0071
train	UN2016905	u0072
train	UN2016905	u0073
train	UN2016905	u0074
train	UN2016905	u0075
train	UN2016905	u0076
train	UN2016905	u0077
train	UN2016905	u0078
train	UN2016905	u0079
train	UN2016905	u007A
train	UN2016905	u00E0
train	UN2016905	u00E1
train	UN2016905	u00E8
train	UN2016905	u00E9
train	UN2016905	u00EA
train	UN2016905	u00ED
train	UN2016905	u00F2
train	UN2016905	u00F3
train	UN2016905	u00F9
train	UN2016905	u00FA
train	UN2016905	u00FC
train	UN2016905	u0101
train	UN2016905	u0113
train	UN2016905	u011B
train	UN2016905	u012B
train	UN2016905	u0144
train	UN2016905	u0148
train	UN2016905	u014D
train	UN2016905	u016B
train	UN2016905	u01CE
train	UN2016905	u01D0
train	UN2016905	u01D2
train	UN2016905	u01D4
train	UN2016905	u01D6
train	UN2016905	u01D8
train	UN2016905	u01DA
train	UN2016905	u01DC
train	UN2016905	u3041
train	UN2016905	u3042
train	UN2016905	u3043
train	UN2016905	u3044
train	UN2016905	u3045
train	UN2016905	u3046
train	UN2016905	u3047
train	UN2016905	u3048
train	UN2016905	u3049
train	UN2016905	u304A
train	UN2016905	u304B
train	UN2016905	u304C
train	UN2016905	u304D
train	UN2016905	u304E
train	UN2016905	u304F
train	UN2016905	u3050
train	UN2016905	u3051
train	UN2016905	u3052
train	UN2016905	u3053
train	UN2016905	u3054
train	UN2016905	u3055
train	UN2016905	u3056
train	UN2016905	u3057
train	UN2016905	u3058
train	UN2016905	u3059
train	UN2016905	u305A
train	UN2016905	u305B
train	UN2016905	u305C
train	UN2016905	u305D
train	UN2016905	u305E
train	UN2016905	u305F
train	UN2016905	u3060
train	UN2016905	u3061
train	UN2016905	u3062
train	UN2016905	u3063
train	UN2016905	u3064
train	UN2016905	u3065
train	UN2016905	u3066
train	UN2016905	u3067
train	UN2016905	u3068
train	UN2016905	u3069
train	UN2016905	u306A
train	UN2016905	u306B
train	UN2016905	u306C
train	UN2016905	u306D
train	UN2016905	u306E
train	UN2016905	u306F
train	UN2016905	u3070
train	UN2016905	u3071
train	UN2016905	u3072
train	UN2016905	u3073
train	UN2016905	u3074
train	UN2016905	u3075
train	UN2016905	u3076
train	UN2016905	u3077
train	UN2016905	u3078
train	UN2016905	u3079
train	UN2016905	u307A
train	UN2016905	u307B
train	UN2016905	u307C
train	UN2016905	u307D
train	UN2016905	u307E
train	UN2016905	u307F
train	UN2016905	u3080
train	UN2016905	u3081
train	UN2016905	u3082
train	UN2016905	u3083
train	UN2016905	u3084
train	UN2016905	u3085
train	UN2016905	u3086
train	UN2016905	u3087
train	UN2016905	u3088
train	UN2016905	u3089
train	UN2016905	u308A
train	UN2016905	u308B
train	UN2016905	u308C
train	UN2016905	u308D
train	UN2016905	u308E
train	UN2016905	u308F
train	UN2016905	u3090
train	UN2016905	u3091
train	UN2016905	u3092
train	UN2016905	u3093
train	UN2016905	u30A1
train	UN2016905	u30A2
train	UN2016905	u30A3
train	UN2016905	u30A4
train	UN2016905	u30A5
train	UN2016905	u30A6
train	UN2016905	u30A7
train	UN2016905	u30A8
train	UN2016905	u30A9
train	UN2016905	u30AA
train	UN2016905	u30AB
train	UN2016905	u30AC
train	UN2016905	u30AD
train	UN2016905	u30AE
train	UN2016905	u30AF
train	UN2016905	u30B0
train	UN2016905	u30B1
train	UN2016905	u30B2
train	UN2016905	u30B3
train	UN2016905	u30B4
train	UN2016905	u30B5
train	UN2016905	u30B6
train	UN2016905	u30B7
train	UN2016905	u30B8
train	UN2016905	u30B9
train	UN2016905	u30BA
train	UN2016905	u30BB
train	UN2016905	u30BC
train	UN2016905	u30BD
train	UN2016905	u30BE
train	UN2016905	u30BF
train	UN2016905	u30C0
train	UN2016905	u30C1
train	UN2016905	u30C2
train	UN2016905	u30C3
train	UN2016905	u30C4
train	UN2016905	u30C5
train	UN2016905	u30C6
train	UN2016905	u30C7
train	UN2016905	u30C8
train	UN2016905	u30C9
train	UN2016905	u30CA
train	UN2016905	u30CB
train	UN2016905	u30CC
train	UN2016905	u30CD
train	UN2016905	u30CE
train	UN2016905	u30CF
train	UN2016905	u30D0
train	UN2016905	u30D1
train	UN2016905	u30D2
train	UN2016905	u30D3
train	UN2016905	u30D4
train	UN2016905	u30D5
train	UN2016905	u30D6
train	UN2016905	u30D7
train	UN2016905	u30D8
train	UN2016905	u30D9
train	UN2016905	u30DA
train	UN2016905	u30DB
train	UN2016905	u30DC
train	UN2016905	u30DD
train	UN2016905	u30DE
train	UN2016905	u30DF
train	UN2016905	u30E0
train	UN2016905	u30E1
train	UN2016905	u30E2
train	UN2016905	u30E3
train	UN2016905	u30E4
train	UN2016905	u30E5
train	UN2016905	u30E6
train	UN2016905	u30E7
train	UN2016905	u30E8
train	UN2016905	u30E9
train	UN2016905	u30EA
train	UN2016905	u30EB
train	UN2016905	u30EC
train	UN2016905	u30ED
train	UN2016905	u30EE
train	UN2016905	u30EF
train	UN2016905	u30F0
train	UN2016905	u30F1
train	UN2016905	u30F2
train	UN2016905	u30F3
train	UN2016905	u30F4
train	UN2016905	u30F5
train	UN2016905	u30F6
train	UN2016905	u3105
train	UN2016905	u3106
train	UN2016905	u3107
train	UN2016905	u3108
train	UN2016905	u3109
train	UN2016905	u310A
train	UN2016905	u310B
train	UN2016905	u310C
train	UN2016905	u310D
train	UN2016905	u310E
train	UN2016905	u310F
train	UN2016905	u3110
train	UN2016905	u3111
train	UN2016905	u3112
train	UN2016905	u3113
train	UN2016905	u3114
train	UN2016905	u3115
train	UN2016905	u3116
train	UN2016905	u3117
train	UN2016905	u3118
train	UN2016905	u3119
train	UN2016905	u311A
train	UN2016905	u311B
train	UN2016905	u311C
train	UN2016905	u311D
train	UN2016905	u311E
train	UN2016905	u311F
train	UN2016905	u3120
train	UN2016905	u3121
train	UN2016905	u3122
train	UN2016905	u3123
train	UN2016905	u3124
train	UN2016905	u3125
train	UN2016905	u3126
train	UN2016905	u3127
train	UN2016905	u3128
train	UN2016905	u3129
train	UN2016908	u0030
train	UN2016908	u0031
train	UN2016908	u0032
train	UN2016908	u0033
train	UN2016908	u0034
train	UN2016908	u0035
train	UN2016908	u0036
train	UN2016908	u0037
train	UN2016908	u0038
train	UN2016908	u0039
train	UN2016908	u0041
train	UN2016908	u0042
train	UN2016908	u0043
train	UN2016908	u0044
train	UN2016908	u0045
train	UN2016908	u0046
train	UN2016908	u0047
train	UN2016908	u0048
train	UN2016908	u0049
train	UN2016908	u004A
train	UN2016908	u004B
train	UN2016908	u004C
train	UN2016908	u004D
train	UN2016908	u004E
train	UN2016908	u004F
train	UN2016908	u0050
train	UN2016908	u0051
train	UN2016908	u0052
train	UN2016908	u0053
train	UN2016908	u0054
train	UN2016908	u0055
train	UN2016908	u0056
train	UN2016908	u0057
train	UN2016908	u0058
train	UN2016908	u0059
train	UN2016908	u005A
train	UN2016908	u0061
train	UN2016908	u0062
train	UN2016908	u0063
train	UN2016908	u0064
train	UN2016908	u0065
train	UN2016908	u0066
train	UN2016908	u0067
train	UN2016908	u0068
train	UN2016908	u0069
train	UN2016908	u006A
train	UN2016908	u006B
train	UN2016908	u006C
train	UN2016908	u006D
train	UN2016908	u006E
train	UN2016908	u006F
train	UN2016908	u0070
train	UN2016908	u0071
train	UN2016908	u0072
train	UN2016908	u0073
train	UN2016908	u0074
train	UN2016908	u0075
train	UN2016908	u0076
train	UN2016908	u0077
train	UN2016908	u0078
train	UN2016908	u0079
train	UN2016908	u007A
train	UN2016908	u00E0
train	UN2016908	u00E1
train	UN2016908	u00E8
train	UN2016908	u00E9
train	UN2016908	u00EA
train	UN2016908	u00ED
train	UN2016908	u00F2
train	UN2016908	u00F3
train	UN2016908	u00F9
train	UN2016908	u00FA
train	UN2016908	u00FC
train	UN2016908	u0101
train	UN2016908	u0113
train	UN2016908	u011B
train	UN2016908	u012B
train	UN2016908	u0144
train	UN2016908	u0148
train	UN2016908	u014D
train	UN2016908	u016B
train	UN2016908	u01CE
train	UN2016908	u01D0
train	UN2016908	u01D2
train	UN2016908	u01D4
train	UN2016908	u01D6
train	UN2016908	u01D8
train	UN2016908	u01DA
train	UN2016908	u01DC
train	UN2016908	u3041
train	UN2016908	u3042
train	UN2016908	u3043
train	UN2016908	u3044
train	UN2016908	u3045
train	UN2016908	u3046
train	UN2016908	u3047
train	UN2016908	u3048
train	UN2016908	u3049
train	UN2016908	u304A
train	UN2016908	u304B
train	UN2016908	u304C
train	UN2016908	u304D
train	UN2016908	u304E
train	UN2016908	u304F
train	UN2016908	u3050
train	UN2016908	u3051
train	UN2016908	u3052
train	UN2016908	u3053
train	UN2016908	u3054
train	UN2016908	u3055
train	UN2016908	u3056
train	UN2016908	u3057
train	UN2016908	u3058
train	UN2016908	u3059
train	UN2016908	u305A
train	UN2016908	u305B
train	UN2016908	u305C
train	UN2016908	u305D
train	UN2016908	u305E
train	UN2016908	u305F
train	UN2016908	u3060
train	UN2016908	u3061
train	UN2016908	u3062
train	UN2016908	u3063
train	UN2016908	u3064
train	UN2016908	u3065
train	UN2016908	u3066
train	UN2016908	u3067
train	UN2016908	u3068
train	UN2016908	u3069
train	UN2016908	u306A
train	UN2016908	u306B
train	UN2016908	u306C
train	UN2016908	u306D
train	UN2016908	u306E
train	UN2016908	u306F
train	UN2016908	u3070
train	UN2016908	u3071
train	UN2016908	u3072
train	UN2016908	u3073
train	UN2016908	u3074
train	UN2016908	u3075
train	UN2016908	u3076
train	UN2016908	u3077
train	UN2016908	u3078
train	UN2016908	u3079
train	UN2016908	u307A
train	UN2016908	u307B
train	UN2016908	u307C
train	UN2016908	u307D
train	UN2016908	u307E
train	UN2016908	u307F
train	UN2016908	u3080
train	UN2016908	u3081
train	UN2016908	u3082
train	UN2016908	u3083
train	UN2016908	u3084
train	UN2016908	u3085
train	UN2016908	u3086
train	UN2016908	u3087
train	UN2016908	u3088
train	UN2016908	u3089
train	UN2016908	u308A
train	UN2016908	u308B
train	UN2016908	u308C
train	UN2016908	u308D
train	UN2016908	u308E
train	UN2016908	u308F
train	UN2016908	u3090
train	UN2016908	u3091
train	UN2016908	u3092
train	UN2016908	u3093
train	UN2016908	u30A1
train	UN2016908	u30A2
train	UN2016908	u30A3
train	UN2016908	u30A4
train	UN2016908	u30A5
train	UN2016908	u30A6
train	UN2016908	u30A7
train	UN2016908	u30A8
train	UN2016908	u30A9
train	UN2016908	u30AA
train	UN2016908	u30AB
train	UN2016908	u30AC
train	UN2016908	u30AD
train	UN2016908	u30AE
train	UN2016908	u30AF
train	UN2016908	u30B0
train	UN2016908	u30B1
train	UN2016908	u30B2
train	UN2016908	u30B3
train	UN2016908	u30B4
train	UN2016908	u30B5
train	UN2016908	u30B6
train	UN2016908	u30B7
train	UN2016908	u30B8
train	UN2016908	u30B9
train	UN2016908	u30BA
train	UN2016908	u30BB
train	UN2016908	u30BC
train	UN2016908	u30BD
train	UN2016908	u30BE
train	UN2016908	u30BF
train	UN2016908	u30C0
train	UN2016908	u30C1
train	UN2016908	u30C2
train	UN2016908	u30C3
train	UN2016908	u30C4
train	UN2016908	u30C5
train	UN2016908	u30C6
train	UN2016908	u30C7
train	UN2016908	u30C8
train	UN2016908	u30C9
train	UN2016908	u30CA
train	UN2016908	u30CB
train	UN2016908	u30CC
train	UN2016908	u30CD
train	UN2016908	u30CE
train	UN2016908	u30CF
train	UN2016908	u30D0
train	UN2016908	u30D1
train	UN2016908	u30D2
train	UN2016908	u30D3
train	UN2016908	u30D4
train	UN2016908	u30D5
train	UN2016908	u30D6
train	UN2016908	u30D7
train	UN2016908	u30D8
train	UN2016908	u30D9
train	UN2016908	u30DA
train	UN2016908	u30DB
train	UN2016908	u30DC
train	UN2016908	u30DD
train	UN2016908	u30DE
train	UN2016908	u30DF
train	UN2016908	u30E0
train	UN2016908	u30E1
train	UN2016908	u30E2
train	UN2016908	u30E3
train	UN2016908	u30E4
train	UN2016908	u30E5
train	UN2016908	u30E6
train	UN2016908	u30E7
train	UN2016908	u30E8
train	UN2016908	u30E9
train	UN2016908	u30EA
train	UN2016908	u30EB
train	UN2016908	u30EC
train	UN2016908	u30ED
train	UN2016908	u30EE
train	UN2016908	u30EF
train	UN2016908	u30F0
train	UN2016908	u30F1
train	UN2016908	u30F2
train	UN2016908	u30F3
train	UN2016908	u30F4
train	UN2016908	u30F5
train	UN2016908	u30F6
train	UN2016908	u3105
train	UN2016908	u3106
train	UN2016908	u3107
train	UN2016908	u3108
train	UN2016908	u3109
train	UN2016908	u310A
train	UN2016908	u310B
train	UN2016908	u310C
train	UN2016908	u310D
train	UN2016908	u310E
train	UN2016908	u310F
train	UN2016908	u3110
train	UN2016908	u3111
train	UN2016908	u3112
train	UN2016908	u3113
train	UN2016908	u3114
train	UN2016908	u3115
train	UN2016908	u3116
train	UN2016908	u3117
train	UN2016908	u3118
train	UN2016908	u3119
train	UN2016908	u311A
train	UN2016908	u311B
train	UN2016908	u311C
train	UN2016908	u311D
train	UN2016908	u311E
train	UN2016908	u311F
train	UN2016908	u3120
train	UN2016908	u3121
train	UN2016908	u3122
train	UN2016908	u3123
train	UN2016908	u3124
train	UN2016908	u3125
train	UN2016908	u3126
train	UN2016908	u3127
train	UN2016908	u3128
train	UN2016908	u3129
train	UN2017041	u0030
train	UN2017041	u0031
train	UN2017041	u0032
train	UN2017041	u0033
train	UN2017041	u0034
train	UN2017041	u0035
train	UN2017041	u0036
train	UN2017041	u0037
train	UN2017041	u0038
train	UN2017041	u0039
train	UN2017041	u0041
train	UN2017041	u0042
train	UN2017041	u0043
train	UN2017041	u0044
train	UN2017041	u0045
train	UN2017041	u0046
train	UN2017041	u0047
train	UN2017041	u0048
train	UN2017041	u0049
train	UN2017041	u004A
train	UN2017041	u004B
train	UN2017041	u004C
train	UN2017041	u004D
train	UN2017041	u004E
train	UN2017041	u004F
train	UN2017041	u0050
train	UN2017041	u0051
train	UN2017041	u0052
train	UN2017041	u0053
train	UN2017041	u0054
train	UN2017041	u0055
train	UN2017041	u0056
train	UN2017041	u0057
train	UN2017041	u0058
train	UN2017041	u0059
train	UN2017041	u005A
train	UN2017041	u0061
train	UN2017041	u0062
train	UN2017041	u0063
train	UN2017041	u0064
train	UN2017041	u0065
train	UN2017041	u0066
train	UN2017041	u0067
train	UN2017041	u0068
train	UN2017041	u0069
train	UN2017041	u006A
train	UN2017041	u006B
train	UN2017041	u006C
train	UN2017041	u006D
train	UN2017041	u006E
train	UN2017041	u006F
train	UN2017041	u0070
train	UN2017041	u0071
train	UN2017041	u0072
train	UN2017041	u0073
train	UN2017041	u0074
train	UN2017041	u0075
train	UN2017041	u0076
train	UN2017041	u0077
train	UN2017041	u0078
train	UN2017041	u0079
train	UN2017041	u007A
train	UN2017041	u00E0
train	UN2017041	u00E1
train	UN2017041	u00E8
train	UN2017041	u00E9
train	UN2017041	u00EA
train	UN2017041	u00ED
train	UN2017041	u00F2
train	UN2017041	u00F3
train	UN2017041	u00F9
train	UN2017041	u00FA
train	UN2017041	u00FC
train	UN2017041	u0101
train	UN2017041	u0113
train	UN2017041	u011B
train	UN2017041	u012B
train	UN2017041	u0144
train	UN2017041	u0148
train	UN2017041	u014D
train	UN2017041	u016B
train	UN2017041	u01CE
train	UN2017041	u01D0
train	UN2017041	u01D2
train	UN2017041	u01D4
train	UN2017041	u01D6
train	UN2017041	u01D8
train	UN2017041	u01DA
train	UN2017041	u01DC
train	UN2017041	u3041
train	UN2017041	u3042
train	UN2017041	u3043
train	UN2017041	u3044
train	UN2017041	u3045
train	UN2017041	u3046
train	UN2017041	u3047
train	UN2017041	u3048
train	UN2017041	u3049
train	UN2017041	u304A
train	UN2017041	u304B
train	UN2017041	u304C
train	UN2017041	u304D
train	UN2017041	u304E
train	UN2017041	u304F
train	UN2017041	u3050
train	UN2017041	u3051
train	UN2017041	u3052
train	UN2017041	u3053
train	UN2017041	u3054
train	UN2017041	u3055
train	UN2017041	u3056
train	UN2017041	u3057
train	UN2017041	u3058
train	UN2017041	u3059
train	UN2017041	u305A
train	UN2017041	u305B
train	UN2017041	u305C
train	UN2017041	u305D
train	UN2017041	u305E
train	UN2017041	u305F
train	UN2017041	u3060
train	UN2017041	u3061
train	UN2017041	u3062
train	UN2017041	u3063
train	UN2017041	u3064
train	UN2017041	u3065
train	UN2017041	u3066
train	UN2017041	u3067
train	UN2017041	u3068
train	UN2017041	u3069
train	UN2017041	u306A
train	UN2017041	u306B
train	UN2017041	u306C
train	UN2017041	u306D
train	UN2017041	u306E
train	UN2017041	u306F
train	UN2017041	u3070
train	UN2017041	u3071
train	UN2017041	u3072
train	UN2017041	u3073
train	UN2017041	u3074
train	UN2017041	u3075
train	UN2017041	u3076
train	UN2017041	u3077
train	UN2017041	u3078
train	UN2017041	u3079
train	UN2017041	u307A
train	UN2017041	u307B
train	UN2017041	u307C
train	UN2017041	u307D
train	UN2017041	u307E
train	UN2017041	u307F
train	UN2017041	u3080
train	UN2017041	u3081
train	UN2017041	u3082
train	UN2017041	u3083
train	UN2017041	u3084
train	UN2017041	u3085
train	UN2017041	u3086
train	UN2017041	u3087
train	UN2017041	u3088
train	UN2017041	u3089
train	UN2017041	u308A
train	UN2017041	u308B
train	UN2017041	u308C
train	UN2017041	u308D
train	UN2017041	u308E
train	UN2017041	u308F
train	UN2017041	u3090
train	UN2017041	u3091
train	UN2017041	u3092
train	UN2017041	u3093
train	UN2017041	u30A1
train	UN2017041	u30A2
train	UN2017041	u30A3
train	UN2017041	u30A4
train	UN2017041	u30A5
train	UN2017041	u30A6
train	UN2017041	u30A7
train	UN2017041	u30A8
train	UN2017041	u30A9
train	UN2017041	u30AA
train	UN2017041	u30AB
train	UN2017041	u30AC
train	UN2017041	u30AD
train	UN2017041	u30AE
train	UN2017041	u30AF
train	UN2017041	u30B0
train	UN2017041	u30B1
train	UN2017041	u30B2
train	UN2017041	u30B3
train	UN2017041	u30B4
train	UN2017041	u30B5
train	UN2017041	u30B6
train	UN2017041	u30B7
train	UN2017041	u30B8
train	UN2017041	u30B9
train	UN2017041	u30BA
train	UN2017041	u30BB
train	UN2017041	u30BC
train	UN2017041	u30BD
train	UN2017041	u30BE
train	UN2017041	u30BF
train	UN2017041	u30C0
train	UN2017041	u30C1
train	UN2017041	u30C2
train	UN2017041	u30C3
train	UN2017041	u30C4
train	UN2017041	u30C5
train	UN2017041	u30C6
train	UN2017041	u30C7
train	UN2017041	u30C8
train	UN2017041	u30C9
train	UN2017041	u30CA
train	UN2017041	u30CB
train	UN2017041	u30CC
train	UN2017041	u30CD
train	UN2017041	u30CE
train	UN2017041	u30CF
train	UN2017041	u30D0
train	UN2017041	u30D1
train	UN2017041	u30D2
train	UN2017041	u30D3
train	UN2017041	u30D4
train	UN2017041	u30D5
train	UN2017041	u30D6
train	UN2017041	u30D7
train	UN2017041	u30D8
train	UN2017041	u30D9
train	UN2017041	u30DA
train	UN2017041	u30DB
train	UN2017041	u30DC
train	UN2017041	u30DD
train	UN2017041	u30DE
train	UN2017041	u30DF
train	UN2017041	u30E0
train	UN2017041	u30E1
train	UN2017041	u30E2
train	UN2017041	u30E3
train	UN2017041	u30E4
train	UN2017041	u30E5
train	UN2017041	u30E6
train	UN2017041	u30E7
train	UN2017041	u30E8
train	UN2017041	u30E9
train	UN2017041	u30EA
train	UN2017041	u30EB
train	UN2017041	u30EC
train	UN2017041	u30ED
train	UN2017041	u30EE
train	UN2017041	u30EF
train	UN2017041	u30F0
train	UN2017041	u30F1
train	UN2017041	u30F2
train	UN2017041	u30F3
train	UN2017041	u30F4
train	UN2017041	u30F5
train	UN2017041	u30F6
train	UN2017041	u3105
train	UN2017041	u3106
train	UN2017041	u3107
train	UN2017041	u3108
train	UN2017041	u3109
train	UN2017041	u310A
train	UN2017041	u310B
train	UN2017041	u310C
train	UN2017041	u310D
train	UN2017041	u310E
train	UN2017041	u310F
train	UN2017041	u3110
train	UN2017041	u3111
train	UN2017041	u3112
train	UN2017041	u3113
train	UN2017041	u3114
train	UN2017041	u3115
train	UN2017041	u3116
train	UN2017041	u3117
train	UN2017041	u3118
train	UN2017041	u3119
train	UN2017041	u311A
train	UN2017041	u311B
train	UN2017041	u311C
train	UN2017041	u311D
train	UN2017041	u311E
train	UN2017041	u311F
train	UN2017041	u3120
train	UN2017041	u3121
train	UN2017041	u3122
train	UN2017041	u3123
train	UN2017041	u3124
train	UN2017041	u3125
train	UN2017041	u3126
train	UN2017041	u3127
train	UN2017041	u3128
train	UN2017041	u3129
train	UN2017057	u0030
train	UN2017057	u0031
train	UN2017057	u0032
train	UN2017057	u0033
train	UN2017057	u0034
train	UN2017057	u0035
train	UN2017057	u0036
train	UN2017057	u0037
train	UN2017057	u0038
train	UN2017057	u0039
train	UN2017057	u0041
train	UN2017057	u0042
train	UN2017057	u0043
train	UN2017057	u0044
train	UN2017057	u0045
train	UN2017057	u0046
train	UN2017057	u0047
train	UN2017057	u0048
train	UN2017057	u0049
train	UN2017057	u004A
train	UN2017057	u004B
train	UN2017057	u004C
train	UN2017057	u004D
train	UN2017057	u004E
train	UN2017057	u004F
train	UN2017057	u0050
train	UN2017057	u0051
train	UN2017057	u0052
train	UN2017057	u0053
train	UN2017057	u0054
train	UN2017057	u0055
train	UN2017057	u0056
train	UN2017057	u0057
train	UN2017057	u0058
train	UN2017057	u0059
train	UN2017057	u005A
train	UN2017057	u0061
train	UN2017057	u0062
train	UN2017057	u0063
train	UN2017057	u0064
train	UN2017057	u0065
train	UN2017057	u0066
train	UN2017057	u0067
train	UN2017057	u0068
train	UN2017057	u0069
train	UN2017057	u006A
train	UN2017057	u006B
train	UN2017057	u006C
train	UN2017057	u006D
train	UN2017057	u006E
train	UN2017057	u006F
train	UN2017057	u0070
train	UN2017057	u0071
train	UN2017057	u0072
train	UN2017057	u0073
train	UN2017057	u0074
train	UN2017057	u0075
train	UN2017057	u0076
train	UN2017057	u0077
train	UN2017057	u0078
train	UN2017057	u0079
train	UN2017057	u007A
train	UN2017057	u00E0
train	UN2017057	u00E1
train	UN2017057	u00E8
train	UN2017057	u00E9
train	UN2017057	u00EA
train	UN2017057	u00ED
train	UN2017057	u00F2
train	UN2017057	u00F3
train	UN2017057	u00F9
train	UN2017057	u00FA
train	UN2017057	u00FC
train	UN2017057	u0101
train	UN2017057	u0113
train	UN2017057	u011B
train	UN2017057	u012B
train	UN2017057	u0144
train	UN2017057	u0148
train	UN2017057	u014D
train	UN2017057	u016B
train	UN2017057	u01CE
train	UN2017057	u01D0
train	UN2017057	u01D2
train	UN2017057	u01D4
train	UN2017057	u01D6
train	UN2017057	u01D8
train	UN2017057	u01DA
train	UN2017057	u01DC
train	UN2017057	u3041
train	UN2017057	u3042
train	UN2017057	u3043
train	UN2017057	u3044
train	UN2017057	u3045
train	UN2017057	u3046
train	UN2017057	u3047
train	UN2017057	u3048
train	UN2017057	u3049
train	UN2017057	u304A
train	UN2017057	u304B
train	UN2017057	u304C
train	UN2017057	u304D
train	UN2017057	u304E
train	UN2017057	u304F
train	UN2017057	u3050
train	UN2017057	u3051
train	UN2017057	u3052
train	UN2017057	u3053
train	UN2017057	u3054
train	UN2017057	u3055
train	UN2017057	u3056
train	UN2017057	u3057
train	UN2017057	u3058
train	UN2017057	u3059
train	UN2017057	u305A
train	UN2017057	u305B
train	UN2017057	u305C
train	UN2017057	u305D
train	UN2017057	u305E
train	UN2017057	u305F
train	UN2017057	u3060
train	UN2017057	u3061
train	UN2017057	u3062
train	UN2017057	u3063
train	UN2017057	u3064
train	UN2017057	u3065
train	UN2017057	u3066
train	UN2017057	u3067
train	UN2017057	u3068
train	UN2017057	u3069
train	UN2017057	u306A
train	UN2017057	u306B
train	UN2017057	u306C
train	UN2017057	u306D
train	UN2017057	u306E
train	UN2017057	u306F
train	UN2017057	u3070
train	UN2017057	u3071
train	UN2017057	u3072
train	UN2017057	u3073
train	UN2017057	u3074
train	UN2017057	u3075
train	UN2017057	u3076
train	UN2017057	u3077
train	UN2017057	u3078
train	UN2017057	u3079
train	UN2017057	u307A
train	UN2017057	u307B
train	UN2017057	u307C
train	UN2017057	u307D
train	UN2017057	u307E
train	UN2017057	u307F
train	UN2017057	u3080
train	UN2017057	u3081
train	UN2017057	u3082
train	UN2017057	u3083
train	UN2017057	u3084
train	UN2017057	u3085
train	UN2017057	u3086
train	UN2017057	u3087
train	UN2017057	u3088
train	UN2017057	u3089
train	UN2017057	u308A
train	UN2017057	u308B
train	UN2017057	u308C
train	UN2017057	u308D
train	UN2017057	u308E
train	UN2017057	u308F
train	UN2017057	u3090
train	UN2017057	u3091
train	UN2017057	u3092
train	UN2017057	u3093
train	UN2017057	u30A1
train	UN2017057	u30A2
train	UN2017057	u30A3
train	UN2017057	u30A4
train	UN2017057	u30A5
train	UN2017057	u30A6
train	UN2017057	u30A7
train	UN2017057	u30A8
train	UN2017057	u30A9
train	UN2017057	u30AA
train	UN2017057	u30AB
train	UN2017057	u30AC
train	UN2017057	u30AD
train	UN2017057	u30AE
train	UN2017057	u30AF
train	UN2017057	u30B0
train	UN2017057	u30B1
train	UN2017057	u30B2
train	UN2017057	u30B3
train	UN2017057	u30B4
train	UN2017057	u30B5
train	UN2017057	u30B6
train	UN2017057	u30B7
train	UN2017057	u30B8
train	UN2017057	u30B9
train	UN2017057	u30BA
train	UN2017057	u30BB
train	UN2017057	u30BC
train	UN2017057	u30BD
train	UN2017057	u30BE
train	UN2017057	u30BF
train	UN2017057	u30C0
train	UN2017057	u30C1
train	UN2017057	u30C2
train	UN2017057	u30C3
train	UN2017057	u30C4
train	UN2017057	u30C5
train	UN2017057	u30C6
train	UN2017057	u30C7
train	UN2017057	u30C8
train	UN2017057	u30C9
train	UN2017057	u30CA
train	UN2017057	u30CB
train	UN2017057	u30CC
train	UN2017057	u30CD
train	UN2017057	u30CE
train	UN2017057	u30CF
train	UN2017057	u30D0
train	UN2017057	u30D1
train	UN2017057	u30D2
train	UN2017057	u30D3
train	UN2017057	u30D4
train	UN2017057	u30D5
train	UN2017057	u30D6
train	UN2017057	u30D7
train	UN2017057	u30D8
train	UN2017057	u30D9
train	UN2017057	u30DA
train	UN2017057	u30DB
train	UN2017057	u30DC
train	UN2017057	u30DD
train	UN2017057	u30DE
train	UN2017057	u30DF
train	UN2017057	u30E0
train	UN2017057	u30E1
train	UN2017057	u30E2
train	UN2017057	u30E3
train	UN2017057	u30E4
train	UN2017057	u30E5
train	UN2017057	u30E6
train	UN2017057	u30E7
train	UN2017057	u30E8
train	UN2017057	u30E9
train	UN2017057	u30EA
train	UN2017057	u30EB
train	UN2017057	u30EC
train	UN2017057	u30ED
train	UN2017057	u30EE
train	UN2017057	u30EF
train	UN2017057	u30F0
train	UN2017057	u30F1
train	UN2017057	u30F2
train	UN2017057	u30F3
train	UN2017057	u30F4
train	UN2017057	u30F5
train	UN2017057	u30F6
train	UN2017057	u3105
train	UN2017057	u3106
train	UN2017057	u3107
train	UN2017057	u3108
train	UN2017057	u3109
train	UN2017057	u310A
train	UN2017057	u310B
train	UN2017057	u310C
train	UN2017057	u310D
train	UN2017057	u310E
train	UN2017057	u310F
train	UN2017057	u3110
train	UN2017057	u3111
train	UN2017057	u3112
train	UN2017057	u3113
train	UN2017057	u3114
train	UN2017057	u3115
train	UN2017057	u3116
train	UN2017057	u3117
train	UN2017057	u3118
train	UN2017057	u3119
train	UN2017057	u311A
train	UN2017057	u311B
train	UN2017057	u311C
train	UN2017057	u311D
train	UN2017057	u311E
train	UN2017057	u311F
train	UN2017057	u3120
train	UN2017057	u3121
train	UN2017057	u3122
train	UN2017057	u3123
train	UN2017057	u3124
train	UN2017057	u3125
train	UN2017057	u3126
train	UN2017057	u3127
train	UN2017057	u3128
train	UN2017057	u3129
train	UN2017065	u0030
train	UN2017065	u0031
train	UN2017065	u0032
train	UN2017065	u0033
train	UN2017065	u0034
train	UN2017065	u0035
train	UN2017065	u0036
train	UN2017065	u0037
train	UN2017065	u0038
train	UN2017065	u0039
train	UN2017065	u0041
train	UN2017065	u0042
train	UN2017065	u0043
train	UN2017065	u0044
train	UN2017065	u0045
train	UN2017065	u0046
train	UN2017065	u0047
train	UN2017065	u0048
train	UN2017065	u0049
train	UN2017065	u004A
train	UN2017065	u004B
train	UN2017065	u004C
train	UN2017065	u004D
train	UN2017065	u004E
train	UN2017065	u004F
train	UN2017065	u0050
train	UN2017065	u0051
train	UN2017065	u0052
train	UN2017065	u0053
train	UN2017065	u0054
train	UN2017065	u0055
train	UN2017065	u0056
train	UN2017065	u0057
train	UN2017065	u0058
train	UN2017065	u0059
train	UN2017065	u005A
train	UN2017065	u0061
train	UN2017065	u0062
train	UN2017065	u0063
train	UN2017065	u0064
train	UN2017065	u0065
train	UN2017065	u0066
train	UN2017065	u0067
train	UN2017065	u0068
train	UN2017065	u0069
train	UN2017065	u006A
train	UN2017065	u006B
train	UN2017065	u006C
train	UN2017065	u006D
train	UN2017065	u006E
train	UN2017065	u006F
train	UN2017065	u0070
train	UN2017065	u0071
train	UN2017065	u0072
train	UN2017065	u0073
train	UN2017065	u0074
train	UN2017065	u0075
train	UN2017065	u0076
train	UN2017065	u0077
train	UN2017065	u0078
train	UN2017065	u0079
train	UN2017065	u007A
train	UN2017065	u00E0
train	UN2017065	u00E1
train	UN2017065	u00E8
train	UN2017065	u00E9
train	UN2017065	u00EA
train	UN2017065	u00ED
train	UN2017065	u00F2
train	UN2017065	u00F3
train	UN2017065	u00F9
train	UN2017065	u00FA
train	UN2017065	u00FC
train	UN2017065	u0101
train	UN2017065	u0113
train	UN2017065	u011B
train	UN2017065	u012B
train	UN2017065	u0144
train	UN2017065	u0148
train	UN2017065	u014D
train	UN2017065	u016B
train	UN2017065	u01CE
train	UN2017065	u01D0
train	UN2017065	u01D2
train	UN2017065	u01D4
train	UN2017065	u01D6
train	UN2017065	u01D8
train	UN2017065	u01DA
train	UN2017065	u01DC
train	UN2017065	u3041
train	UN2017065	u3042
train	UN2017065	u3043
train	UN2017065	u3044
train	UN2017065	u3045
train	UN2017065	u3046
train	UN2017065	u3047
train	UN2017065	u3048
train	UN2017065	u3049
train	UN2017065	u304A
train	UN2017065	u304B
train	UN2017065	u304C
train	UN2017065	u304D
train	UN2017065	u304E
train	UN2017065	u304F
train	UN2017065	u3050
train	UN2017065	u3051
train	UN2017065	u3052
train	UN2017065	u3053
train	UN2017065	u3054
train	UN2017065	u3055
train	UN2017065	u3056
train	UN2017065	u3057
train	UN2017065	u3058
train	UN2017065	u3059
train	UN2017065	u305A
train	UN2017065	u305B
train	UN2017065	u305C
train	UN2017065	u305D
train	UN2017065	u305E
train	UN2017065	u305F
train	UN2017065	u3060
train	UN2017065	u3061
train	UN2017065	u3062
train	UN2017065	u3063
train	UN2017065	u3064
train	UN2017065	u3065
train	UN2017065	u3066
train	UN2017065	u3067
train	UN2017065	u3068
train	UN2017065	u3069
train	UN2017065	u306A
train	UN2017065	u306B
train	UN2017065	u306C
train	UN2017065	u306D
train	UN2017065	u306E
train	UN2017065	u306F
train	UN2017065	u3070
train	UN2017065	u3071
train	UN2017065	u3072
train	UN2017065	u3073
train	UN2017065	u3074
train	UN2017065	u3075
train	UN2017065	u3076
train	UN2017065	u3077
train	UN2017065	u3078
train	UN2017065	u3079
train	UN2017065	u307A
train	UN2017065	u307B
train	UN2017065	u307C
train	UN2017065	u307D
train	UN2017065	u307E
train	UN2017065	u307F
train	UN2017065	u3080
train	UN2017065	u3081
train	UN2017065	u3082
train	UN2017065	u3083
train	UN2017065	u3084
train	UN2017065	u3085
train	UN2017065	u3086
train	UN2017065	u3087
train	UN2017065	u3088
train	UN2017065	u3089
train	UN2017065	u308A
train	UN2017065	u308B
train	UN2017065	u308C
train	UN2017065	u308D
train	UN2017065	u308E
train	UN2017065	u308F
train	UN2017065	u3090
train	UN2017065	u3091
train	UN2017065	u3092
train	UN2017065	u3093
train	UN2017065	u30A1
train	UN2017065	u30A2
train	UN2017065	u30A3
train	UN2017065	u30A4
train	UN2017065	u30A5
train	UN2017065	u30A6
train	UN2017065	u30A7
train	UN2017065	u30A8
train	UN2017065	u30A9
train	UN2017065	u30AA
train	UN2017065	u30AB
train	UN2017065	u30AC
train	UN2017065	u30AD
train	UN2017065	u30AE
train	UN2017065	u30AF
train	UN2017065	u30B0
train	UN2017065	u30B1
train	UN2017065	u30B2
train	UN2017065	u30B3
train	UN2017065	u30B4
train	UN2017065	u30B5
train	UN2017065	u30B6
train	UN2017065	u30B7
train	UN2017065	u30B8
train	UN2017065	u30B9
train	UN2017065	u30BA
train	UN2017065	u30BB
train	UN2017065	u30BC
train	UN2017065	u30BD
train	UN2017065	u30BE
train	UN2017065	u30BF
train	UN2017065	u30C0
train	UN2017065	u30C1
train	UN2017065	u30C2
train	UN2017065	u30C3
train	UN2017065	u30C4
train	UN2017065	u30C5
train	UN2017065	u30C6
train	UN2017065	u30C7
train	UN2017065	u30C8
train	UN2017065	u30C9
train	UN2017065	u30CA
train	UN2017065	u30CB
train	UN2017065	u30CC
train	UN2017065	u30CD
train	UN2017065	u30CE
train	UN2017065	u30CF
train	UN2017065	u30D0
train	UN2017065	u30D1
train	UN2017065	u30D2
train	UN2017065	u30D3
train	UN2017065	u30D4
train	UN2017065	u30D5
train	UN2017065	u30D6
train	UN2017065	u30D7
train	UN2017065	u30D8
train	UN2017065	u30D9
train	UN2017065	u30DA
train	UN2017065	u30DB
train	UN2017065	u30DC
train	UN2017065	u30DD
train	UN2017065	u30DE
train	UN2017065	u30DF
train	UN2017065	u30E0
train	UN2017065	u30E1
train	UN2017065	u30E2
train	UN2017065	u30E3
train	UN2017065	u30E4
train	UN2017065	u30E5
train	UN2017065	u30E6
train	UN2017065	u30E7
train	UN2017065	u30E8
train	UN2017065	u30E9
train	UN2017065	u30EA
train	UN2017065	u30EB
train	UN2017065	u30EC
train	UN2017065	u30ED
train	UN2017065	u30EE
train	UN2017065	u30EF
train	UN2017065	u30F0
train	UN2017065	u30F1
train	UN2017065	u30F2
train	UN2017065	u30F3
train	UN2017065	u30F4
train	UN2017065	u30F5
train	UN2017065	u30F6
train	UN2017065	u3105
train	UN2017065	u3106
train	UN2017065	u3107
train	UN2017065	u3108
train	UN2017065	u3109
train	UN2017065	u310A
train	UN2017065	u310B
train	UN2017065	u310C
train	UN2017065	u310D
train	UN2017065	u310E
train	UN2017065	u310F
train	UN2017065	u3110
train	UN2017065	u3111
train	UN2017065	u3112
train	UN2017065	u3113
train	UN2017065	u3114
train	UN2017065	u3115
train	UN2017065	u3116
train	UN2017065	u3117
train	UN2017065	u3118
train	UN2017065	u3119
train	UN2017065	u311A
train	UN2017065	u311B
train	UN2017065	u311C
train	UN2017065	u311D
train	UN2017065	u311E
train	UN2017065	u311F
train	UN2017065	u3120
train	UN2017065	u3121
train	UN2017065	u3122
train	UN2017065	u3123
train	UN2017065	u3124
train	UN2017065	u3125
train	UN2017065	u3126
train	UN2017065	u3127
train	UN2017065	u3128
train	UN2017065	u3129
train	UN2017068	u0030
train	UN2017068	u0031
train	UN2017068	u0032
train	UN2017068	u0033
train	UN2017068	u0034
train	UN2017068	u0035
train	UN2017068	u0036
train	UN2017068	u0037
train	UN2017068	u0038
train	UN2017068	u0039
train	UN2017068	u0041
train	UN2017068	u0042
train	UN2017068	u0043
train	UN2017068	u0044
train	UN2017068	u0045
train	UN2017068	u0046
train	UN2017068	u0047
train	UN2017068	u0048
train	UN2017068	u0049
train	UN2017068	u004A
train	UN2017068	u004B
train	UN2017068	u004C
train	UN2017068	u004D
train	UN2017068	u004E
train	UN2017068	u004F
train	UN2017068	u0050
train	UN2017068	u0051
train	UN2017068	u0052
train	UN2017068	u0053
train	UN2017068	u0054
train	UN2017068	u0055
train	UN2017068	u0056
train	UN2017068	u0057
train	UN2017068	u0058
train	UN2017068	u0059
train	UN2017068	u005A
train	UN2017068	u0061
train	UN2017068	u0062
train	UN2017068	u0063
train	UN2017068	u0064
train	UN2017068	u0065
train	UN2017068	u0066
train	UN2017068	u0067
train	UN2017068	u0068
train	UN2017068	u0069
train	UN2017068	u006A
train	UN2017068	u006B
train	UN2017068	u006C
train	UN2017068	u006D
train	UN2017068	u006E
train	UN2017068	u006F
train	UN2017068	u0070
train	UN2017068	u0071
train	UN2017068	u0072
train	UN2017068	u0073
train	UN2017068	u0074
train	UN2017068	u0075
train	UN2017068	u0076
train	UN2017068	u0077
train	UN2017068	u0078
train	UN2017068	u0079
train	UN2017068	u007A
train	UN2017068	u00E0
train	UN2017068	u00E1
train	UN2017068	u00E8
train	UN2017068	u00E9
train	UN2017068	u00EA
train	UN2017068	u00ED
train	UN2017068	u00F2
train	UN2017068	u00F3
train	UN2017068	u00F9
train	UN2017068	u00FA
train	UN2017068	u00FC
train	UN2017068	u0101
train	UN2017068	u0113
train	UN2017068	u011B
train	UN2017068	u012B
train	UN2017068	u0144
train	UN2017068	u0148
train	UN2017068	u014D
train	UN2017068	u016B
train	UN2017068	u01CE
train	UN2017068	u01D0
train	UN2017068	u01D2
train	UN2017068	u01D4
train	UN2017068	u01D6
train	UN2017068	u01D8
train	UN2017068	u01DA
train	UN2017068	u01DC
train	UN2017068	u3041
train	UN2017068	u3042
train	UN2017068	u3043
train	UN2017068	u3044
train	UN2017068	u3045
train	UN2017068	u3046
train	UN2017068	u3047
train	UN2017068	u3048
train	UN2017068	u3049
train	UN2017068	u304A
train	UN2017068	u304B
train	UN2017068	u304C
train	UN2017068	u304D
train	UN2017068	u304E
train	UN2017068	u304F
train	UN2017068	u3050
train	UN2017068	u3051
train	UN2017068	u3052
train	UN2017068	u3053
train	UN2017068	u3054
train	UN2017068	u3055
train	UN2017068	u3056
train	UN2017068	u3057
train	UN2017068	u3058
train	UN2017068	u3059
train	UN2017068	u305A
train	UN2017068	u305B
train	UN2017068	u305C
train	UN2017068	u305D
train	UN2017068	u305E
train	UN2017068	u305F
train	UN2017068	u3060
train	UN2017068	u3061
train	UN2017068	u3062
train	UN2017068	u3063
train	UN2017068	u3064
train	UN2017068	u3065
train	UN2017068	u3066
train	UN2017068	u3067
train	UN2017068	u3068
train	UN2017068	u3069
train	UN2017068	u306A
train	UN2017068	u306B
train	UN2017068	u306C
train	UN2017068	u306D
train	UN2017068	u306E
train	UN2017068	u306F
train	UN2017068	u3070
train	UN2017068	u3071
train	UN2017068	u3072
train	UN2017068	u3073
train	UN2017068	u3074
train	UN2017068	u3075
train	UN2017068	u3076
train	UN2017068	u3077
train	UN2017068	u3078
train	UN2017068	u3079
train	UN2017068	u307A
train	UN2017068	u307B
train	UN2017068	u307C
train	UN2017068	u307D
train	UN2017068	u307E
train	UN2017068	u307F
train	UN2017068	u3080
train	UN2017068	u3081
train	UN2017068	u3082
train	UN2017068	u3083
train	UN2017068	u3084
train	UN2017068	u3085
train	UN2017068	u3086
train	UN2017068	u3087
train	UN2017068	u3088
train	UN2017068	u3089
train	UN2017068	u308A
train	UN2017068	u308B
train	UN2017068	u308C
train	UN2017068	u308D
train	UN2017068	u308E
train	UN2017068	u308F
train	UN2017068	u3090
train	UN2017068	u3091
train	UN2017068	u3092
train	UN2017068	u3093
train	UN2017068	u30A1
train	UN2017068	u30A2
train	UN2017068	u30A3
train	UN2017068	u30A4
train	UN2017068	u30A5
train	UN2017068	u30A6
train	UN2017068	u30A7
train	UN2017068	u30A8
train	UN2017068	u30A9
train	UN2017068	u30AA
train	UN2017068	u30AB
train	UN2017068	u30AC
train	UN2017068	u30AD
train	UN2017068	u30AE
train	UN2017068	u30AF
train	UN2017068	u30B0
train	UN2017068	u30B1
train	UN2017068	u30B2
train	UN2017068	u30B3
train	UN2017068	u30B4
train	UN2017068	u30B5
train	UN2017068	u30B6
train	UN2017068	u30B7
train	UN2017068	u30B8
train	UN2017068	u30B9
train	UN2017068	u30BA
train	UN2017068	u30BB
train	UN2017068	u30BC
train	UN2017068	u30BD
train	UN2017068	u30BE
train	UN2017068	u30BF
train	UN2017068	u30C0
train	UN2017068	u30C1
train	UN2017068	u30C2
train	UN2017068	u30C3
train	UN2017068	u30C4
train	UN2017068	u30C5
train	UN2017068	u30C6
train	UN2017068	u30C7
train	UN2017068	u30C8
train	UN2017068	u30C9
train	UN2017068	u30CA
train	UN2017068	u30CB
train	UN2017068	u30CC
train	UN2017068	u30CD
train	UN2017068	u30CE
train	UN2017068	u30CF
train	UN2017068	u30D0
train	UN2017068	u30D1
train	UN2017068	u30D2
train	UN2017068	u30D3
train	UN2017068	u30D4
train	UN2017068	u30D5
train	UN2017068	u30D6
train	UN2017068	u30D7
train	UN2017068	u30D8
train	UN2017068	u30D9
train	UN2017068	u30DA
train	UN2017068	u30DB
train	UN2017068	u30DC
train	UN2017068	u30DD
train	UN2017068	u30DE
train	UN2017068	u30DF
train	UN2017068	u30E0
train	UN2017068	u30E1
train	UN2017068	u30E2
train	UN2017068	u30E3
train	UN2017068	u30E4
train	UN2017068	u30E5
train	UN2017068	u30E6
train	UN2017068	u30E7
train	UN2017068	u30E8
train	UN2017068	u30E9
train	UN2017068	u30EA
train	UN2017068	u30EB
train	UN2017068	u30EC
train	UN2017068	u30ED
train	UN2017068	u30EE
train	UN2017068	u30EF
train	UN2017068	u30F0
train	UN2017068	u30F1
train	UN2017068	u30F2
train	UN2017068	u30F3
train	UN2017068	u30F4
train	UN2017068	u30F5
train	UN2017068	u30F6
train	UN2017068	u3105
train	UN2017068	u3106
train	UN2017068	u3107
train	UN2017068	u3108
train	UN2017068	u3109
train	UN2017068	u310A
train	UN2017068	u310B
train	UN2017068	u310C
train	UN2017068	u310D
train	UN2017068	u310E
train	UN2017068	u310F
train	UN2017068	u3110
train	UN2017068	u3111
train	UN2017068	u3112
train	UN2017068	u3113
train	UN2017068	u3114
train	UN2017068	u3115
train	UN2017068	u3116
train	UN2017068	u3117
train	UN2017068	u3118
train	UN2017068	u3119
train	UN2017068	u311A
train	UN2017068	u311B
train	UN2017068	u311C
train	UN2017068	u311D
train	UN2017068	u311E
train	UN2017068	u311F
train	UN2017068	u3120
train	UN2017068	u3121
train	UN2017068	u3122
train	UN2017068	u3123
train	UN2017068	u3124
train	UN2017068	u3125
train	UN2017068	u3126
train	UN2017068	u3127
train	UN2017068	u3128
train	UN2017068	u3129
train	UN2017079	u0030
train	UN2017079	u0031
train	UN2017079	u0032
train	UN2017079	u0033
train	UN2017079	u0034
train	UN2017079	u0035
train	UN2017079	u0036
train	UN2017079	u0037
train	UN2017079	u0038
train	UN2017079	u0039
train	UN2017079	u0041
train	UN2017079	u0042
train	UN2017079	u0043
train	UN2017079	u0044
train	UN2017079	u0045
train	UN2017079	u0046
train	UN2017079	u0047
train	UN2017079	u0048
train	UN2017079	u0049
train	UN2017079	u004A
train	UN2017079	u004B
train	UN2017079	u004C
train	UN2017079	u004D
train	UN2017079	u004E
train	UN2017079	u004F
train	UN2017079	u0050
train	UN2017079	u0051
train	UN2017079	u0052
train	UN2017079	u0053
train	UN2017079	u0054
train	UN2017079	u0055
train	UN2017079	u0056
train	UN2017079	u0057
train	UN2017079	u0058
train	UN2017079	u0059
train	UN2017079	u005A
train	UN2017079	u0061
train	UN2017079	u0062
train	UN2017079	u0063
train	UN2017079	u0064
train	UN2017079	u0065
train	UN2017079	u0066
train	UN2017079	u0067
train	UN2017079	u0068
train	UN2017079	u0069
train	UN2017079	u006A
train	UN2017079	u006B
train	UN2017079	u006C
train	UN2017079	u006D
train	UN2017079	u006E
train	UN2017079	u006F
train	UN2017079	u0070
train	UN2017079	u0071
train	UN2017079	u0072
train	UN2017079	u0073
train	UN2017079	u0074
train	UN2017079	u0075
train	UN2017079	u0076
train	UN2017079	u0077
train	UN2017079	u0078
train	UN2017079	u0079
train	UN2017079	u007A
train	UN2017079	u00E0
train	UN2017079	u00E1
train	UN2017079	u00E8
train	UN2017079	u00E9
train	UN2017079	u00EA
train	UN2017079	u00ED
train	UN2017079	u00F2
train	UN2017079	u00F3
train	UN2017079	u00F9
train	UN2017079	u00FA
train	UN2017079	u00FC
train	UN2017079	u0101
train	UN2017079	u0113
train	UN2017079	u011B
train	UN2017079	u012B
train	UN2017079	u0144
train	UN2017079	u0148
train	UN2017079	u014D
train	UN2017079	u016B
train	UN2017079	u01CE
train	UN2017079	u01D0
train	UN2017079	u01D2
train	UN2017079	u01D4
train	UN2017079	u01D6
train	UN2017079	u01D8
train	UN2017079	u01DA
train	UN2017079	u01DC
train	UN2017079	u3041
train	UN2017079	u3042
train	UN2017079	u3043
train	UN2017079	u3044
train	UN2017079	u3045
train	UN2017079	u3046
train	UN2017079	u3047
train	UN2017079	u3048
train	UN2017079	u3049
train	UN2017079	u304A
train	UN2017079	u304B
train	UN2017079	u304C
train	UN2017079	u304D
train	UN2017079	u304E
train	UN2017079	u304F
train	UN2017079	u3050
train	UN2017079	u3051
train	UN2017079	u3052
train	UN2017079	u3053
train	UN2017079	u3054
train	UN2017079	u3055
train	UN2017079	u3056
train	UN2017079	u3057
train	UN2017079	u3058
train	UN2017079	u3059
train	UN2017079	u305A
train	UN2017079	u305B
train	UN2017079	u305C
train	UN2017079	u305D
train	UN2017079	u305E
train	UN2017079	u305F
train	UN2017079	u3060
train	UN2017079	u3061
train	UN2017079	u3062
train	UN2017079	u3063
train	UN2017079	u3064
train	UN2017079	u3065
train	UN2017079	u3066
train	UN2017079	u3067
train	UN2017079	u3068
train	UN2017079	u3069
train	UN2017079	u306A
train	UN2017079	u306B
train	UN2017079	u306C
train	UN2017079	u306D
train	UN2017079	u306E
train	UN2017079	u306F
train	UN2017079	u3070
train	UN2017079	u3071
train	UN2017079	u3072
train	UN2017079	u3073
train	UN2017079	u3074
train	UN2017079	u3075
train	UN2017079	u3076
train	UN2017079	u3077
train	UN2017079	u3078
train	UN2017079	u3079
train	UN2017079	u307A
train	UN2017079	u307B
train	UN2017079	u307C
train	UN2017079	u307D
train	UN2017079	u307E
train	UN2017079	u307F
train	UN2017079	u3080
train	UN2017079	u3081
train	UN2017079	u3082
train	UN2017079	u3083
train	UN2017079	u3084
train	UN2017079	u3085
train	UN2017079	u3086
train	UN2017079	u3087
train	UN2017079	u3088
train	UN2017079	u3089
train	UN2017079	u308A
train	UN2017079	u308B
train	UN2017079	u308C
train	UN2017079	u308D
train	UN2017079	u308E
train	UN2017079	u308F
train	UN2017079	u3090
train	UN2017079	u3091
train	UN2017079	u3092
train	UN2017079	u3093
train	UN2017079	u30A1
train	UN2017079	u30A2
train	UN2017079	u30A3
train	UN2017079	u30A4
train	UN2017079	u30A5
train	UN2017079	u30A6
train	UN2017079	u30A7
train	UN2017079	u30A8
train	UN2017079	u30A9
train	UN2017079	u30AA
train	UN2017079	u30AB
train	UN2017079	u30AC
train	UN2017079	u30AD
train	UN2017079	u30AE
train	UN2017079	u30AF
train	UN2017079	u30B0
train	UN2017079	u30B1
train	UN2017079	u30B2
train	UN2017079	u30B3
train	UN2017079	u30B4
train	UN2017079	u30B5
train	UN2017079	u30B6
train	UN2017079	u30B7
train	UN2017079	u30B8
train	UN2017079	u30B9
train	UN2017079	u30BA
train	UN2017079	u30BB
train	UN2017079	u30BC
train	UN2017079	u30BD
train	UN2017079	u30BE
train	UN2017079	u30BF
train	UN2017079	u30C0
train	UN2017079	u30C1
train	UN2017079	u30C2
train	UN2017079	u30C3
train	UN2017079	u30C4
train	UN2017079	u30C5
train	UN2017079	u30C6
train	UN2017079	u30C7
train	UN2017079	u30C8
train	UN2017079	u30C9
train	UN2017079	u30CA
train	UN2017079	u30CB
train	UN2017079	u30CC
train	UN2017079	u30CD
train	UN2017079	u30CE
train	UN2017079	u30CF
train	UN2017079	u30D0
train	UN2017079	u30D1
train	UN2017079	u30D2
train	UN2017079	u30D3
train	UN2017079	u30D4
train	UN2017079	u30D5
train	UN2017079	u30D6
train	UN2017079	u30D7
train	UN2017079	u30D8
train	UN2017079	u30D9
train	UN2017079	u30DA
train	UN2017079	u30DB
train	UN2017079	u30DC
train	UN2017079	u30DD
train	UN2017079	u30DE
train	UN2017079	u30DF
train	UN2017079	u30E0
train	UN2017079	u30E1
train	UN2017079	u30E2
train	UN2017079	u30E3
train	UN2017079	u30E4
train	UN2017079	u30E5
train	UN2017079	u30E6
train	UN2017079	u30E7
train	UN2017079	u30E8
train	UN2017079	u30E9
train	UN2017079	u30EA
train	UN2017079	u30EB
train	UN2017079	u30EC
train	UN2017079	u30ED
train	UN2017079	u30EE
train	UN2017079	u30EF
train	UN2017079	u30F0
train	UN2017079	u30F1
train	UN2017079	u30F2
train	UN2017079	u30F3
train	UN2017079	u30F4
train	UN2017079	u30F5
train	UN2017079	u30F6
train	UN2017079	u3105
train	UN2017079	u3106
train	UN2017079	u3107
train	UN2017079	u3108
train	UN2017079	u3109
train	UN2017079	u310A
train	UN2017079	u310B
train	UN2017079	u310C
train	UN2017079	u310D
train	UN2017079	u310E
train	UN2017079	u310F
train	UN2017079	u3110
train	UN2017079	u3111
train	UN2017079	u3112
train	UN2017079	u3113
train	UN2017079	u3114
train	UN2017079	u3115
train	UN2017079	u3116
train	UN2017079	u3117
train	UN2017079	u3118
train	UN2017079	u3119
train	UN2017079	u311A
train	UN2017079	u311B
train	UN2017079	u311C
train	UN2017079	u311D
train	UN2017079	u311E
train	UN2017079	u311F
train	UN2017079	u3120
train	UN2017079	u3121
train	UN2017079	u3122
train	UN2017079	u3123
train	UN2017079	u3124
train	UN2017079	u3125
train	UN2017079	u3126
train	UN2017079	u3127
train	UN2017079	u3128
train	UN2017079	u3129
train	UN2017080	u0030
train	UN2017080	u0031
train	UN2017080	u0032
train	UN2017080	u0033
train	UN2017080	u0034
train	UN2017080	u0035
train	UN2017080	u0036
train	UN2017080	u0037
train	UN2017080	u0038
train	UN2017080	u0039
train	UN2017080	u0041
train	UN2017080	u0042
train	UN2017080	u0043
train	UN2017080	u0044
train	UN2017080	u0045
train	UN2017080	u0046
train	UN2017080	u0047
train	UN2017080	u0048
train	UN2017080	u0049
train	UN2017080	u004A
train	UN2017080	u004B
train	UN2017080	u004C
train	UN2017080	u004D
train	UN2017080	u004E
train	UN2017080	u004F
train	UN2017080	u0050
train	UN2017080	u0051
train	UN2017080	u0052
train	UN2017080	u0053
train	UN2017080	u0054
train	UN2017080	u0055
train	UN2017080	u0056
train	UN2017080	u0057
train	UN2017080	u0058
train	UN2017080	u0059
train	UN2017080	u005A
train	UN2017080	u0061
train	UN2017080	u0062
train	UN2017080	u0063
train	UN2017080	u0064
train	UN2017080	u0065
train	UN2017080	u0066
train	UN2017080	u0067
train	UN2017080	u0068
train	UN2017080	u0069
train	UN2017080	u006A
train	UN2017080	u006B
train	UN2017080	u006C
train	UN2017080	u006D
train	UN2017080	u006E
train	UN2017080	u006F
train	UN2017080	u0070
train	UN2017080	u0071
train	UN2017080	u0072
train	UN2017080	u0073
train	UN2017080	u0074
train	UN2017080	u0075
train	UN2017080	u0076
train	UN2017080	u0077
train	UN2017080	u0078
train	UN2017080	u0079
train	UN2017080	u007A
train	UN2017080	u00E0
train	UN2017080	u00E1
train	UN2017080	u00E8
train	UN2017080	u00E9
train	UN2017080	u00EA
train	UN2017080	u00ED
train	UN2017080	u00F2
train	UN2017080	u00F3
train	UN2017080	u00F9
train	UN2017080	u00FA
train	UN2017080	u00FC
train	UN2017080	u0101
train	UN2017080	u0113
train	UN2017080	u011B
train	UN2017080	u012B
train	UN2017080	u0144
train	UN2017080	u0148
train	UN2017080	u014D
train	UN2017080	u016B
train	UN2017080	u01CE
train	UN2017080	u01D0
train	UN2017080	u01D2
train	UN2017080	u01D4
train	UN2017080	u01D6
train	UN2017080	u01D8
train	UN2017080	u01DA
train	UN2017080	u01DC
train	UN2017080	u3041
train	UN2017080	u3042
train	UN2017080	u3043
train	UN2017080	u3044
train	UN2017080	u3045
train	UN2017080	u3046
train	UN2017080	u3047
train	UN2017080	u3048
train	UN2017080	u3049
train	UN2017080	u304A
train	UN2017080	u304B
train	UN2017080	u304C
train	UN2017080	u304D
train	UN2017080	u304E
train	UN2017080	u304F
train	UN2017080	u3050
train	UN2017080	u3051
train	UN2017080	u3052
train	UN2017080	u3053
train	UN2017080	u3054
train	UN2017080	u3055
train	UN2017080	u3056
train	UN2017080	u3057
train	UN2017080	u3058
train	UN2017080	u3059
train	UN2017080	u305A
train	UN2017080	u305B
train	UN2017080	u305C
train	UN2017080	u305D
train	UN2017080	u305E
train	UN2017080	u305F
train	UN2017080	u3060
train	UN2017080	u3061
train	UN2017080	u3062
train	UN2017080	u3063
train	UN2017080	u3064
train	UN2017080	u3065
train	UN2017080	u3066
train	UN2017080	u3067
train	UN2017080	u3068
train	UN2017080	u3069
train	UN2017080	u306A
train	UN2017080	u306B
train	UN2017080	u306C
train	UN2017080	u306D
train	UN2017080	u306E
train	UN2017080	u306F
train	UN2017080	u3070
train	UN2017080	u3071
train	UN2017080	u3072
train	UN2017080	u3073
train	UN2017080	u3074
train	UN2017080	u3075
train	UN2017080	u3076
train	UN2017080	u3077
train	UN2017080	u3078
train	UN2017080	u3079
train	UN2017080	u307A
train	UN2017080	u307B
train	UN2017080	u307C
train	UN2017080	u307D
train	UN2017080	u307E
train	UN2017080	u307F
train	UN2017080	u3080
train	UN2017080	u3081
train	UN2017080	u3082
train	UN2017080	u3083
train	UN2017080	u3084
train	UN2017080	u3085
train	UN2017080	u3086
train	UN2017080	u3087
train	UN2017080	u3088
train	UN2017080	u3089
train	UN2017080	u308A
train	UN2017080	u308B
train	UN2017080	u308C
train	UN2017080	u308D
train	UN2017080	u308E
train	UN2017080	u308F
train	UN2017080	u3090
train	UN2017080	u3091
train	UN2017080	u3092
train	UN2017080	u3093
train	UN2017080	u30A1
train	UN2017080	u30A2
train	UN2017080	u30A3
train	UN2017080	u30A4
train	UN2017080	u30A5
train	UN2017080	u30A6
train	UN2017080	u30A7
train	UN2017080	u30A8
train	UN2017080	u30A9
train	UN2017080	u30AA
train	UN2017080	u30AB
train	UN2017080	u30AC
train	UN2017080	u30AD
train	UN2017080	u30AE
train	UN2017080	u30AF
train	UN2017080	u30B0
train	UN2017080	u30B1
train	UN2017080	u30B2
train	UN2017080	u30B3
train	UN2017080	u30B4
train	UN2017080	u30B5
train	UN2017080	u30B6
train	UN2017080	u30B7
train	UN2017080	u30B8
train	UN2017080	u30B9
train	UN2017080	u30BA
train	UN2017080	u30BB
train	UN2017080	u30BC
train	UN2017080	u30BD
train	UN2017080	u30BE
train	UN2017080	u30BF
train	UN2017080	u30C0
train	UN2017080	u30C1
train	UN2017080	u30C2
train	UN2017080	u30C3
train	UN2017080	u30C4
train	UN2017080	u30C5
train	UN2017080	u30C6
train	UN2017080	u30C7
train	UN2017080	u30C8
train	UN2017080	u30C9
train	UN2017080	u30CA
train	UN2017080	u30CB
train	UN2017080	u30CC
train	UN2017080	u30CD
train	UN2017080	u30CE
train	UN2017080	u30CF
train	UN2017080	u30D0
train	UN2017080	u30D1
train	UN2017080	u30D2
train	UN2017080	u30D3
train	UN2017080	u30D4
train	UN2017080	u30D5
train	UN2017080	u30D6
train	UN2017080	u30D7
train	UN2017080	u30D8
train	UN2017080	u30D9
train	UN2017080	u30DA
train	UN2017080	u30DB
train	UN2017080	u30DC
train	UN2017080	u30DD
train	UN2017080	u30DE
train	UN2017080	u30DF
train	UN2017080	u30E0
train	UN2017080	u30E1
train	UN2017080	u30E2
train	UN2017080	u30E3
train	UN2017080	u30E4
train	UN2017080	u30E5
train	UN2017080	u30E6
train	UN2017080	u30E7
train	UN2017080	u30E8
train	UN2017080	u30E9
train	UN2017080	u30EA
train	UN2017080	u30EB
train	UN2017080	u30EC
train	UN2017080	u30ED
train	UN2017080	u30EE
train	UN2017080	u30EF
train	UN2017080	u30F0
train	UN2017080	u30F1
train	UN2017080	u30F2
train	UN2017080	u30F3
train	UN2017080	u30F4
train	UN2017080	u30F5
train	UN2017080	u30F6
train	UN2017080	u3105
train	UN2017080	u3106
train	UN2017080	u3107
train	UN2017080	u3108
train	UN2017080	u3109
train	UN2017080	u310A
train	UN2017080	u310B
train	UN2017080	u310C
train	UN2017080	u310D
train	UN2017080	u310E
train	UN2017080	u310F
train	UN2017080	u3110
train	UN2017080	u3111
train	UN2017080	u3112
train	UN2017080	u3113
train	UN2017080	u3114
train	UN2017080	u3115
train	UN2017080	u3116
train	UN2017080	u3117
train	UN2017080	u3118
train	UN2017080	u3119
train	UN2017080	u311A
train	UN2017080	u311B
train	UN2017080	u311C
train	UN2017080	u311D
train	UN2017080	u311E
train	UN2017080	u311F
train	UN2017080	u3120
train	UN2017080	u3121
train	UN2017080	u3122
train	UN2017080	u3123
train	UN2017080	u3124
train	UN2017080	u3125
train	UN2017080	u3126
train	UN2017080	u3127
train	UN2017080	u3128
train	UN2017080	u3129
train	UN2017175	u0030
train	UN2017175	u0031
train	UN2017175	u0032
train	UN2017175	u0033
train	UN2017175	u0034
train	UN2017175	u0035
train	UN2017175	u0036
train	UN2017175	u0037
train	UN2017175	u0038
train	UN2017175	u0039
train	UN2017175	u0041
train	UN2017175	u0042
train	UN2017175	u0043
train	UN2017175	u0044
train	UN2017175	u0045
train	UN2017175	u0046
train	UN2017175	u0047
train	UN2017175	u0048
train	UN2017175	u0049
train	UN2017175	u004A
train	UN2017175	u004B
train	UN2017175	u004C
train	UN2017175	u004D
train	UN2017175	u004E
train	UN2017175	u004F
train	UN2017175	u0050
train	UN2017175	u0051
train	UN2017175	u0052
train	UN2017175	u0053
train	UN2017175	u0054
train	UN2017175	u0055
train	UN2017175	u0056
train	UN2017175	u0057
train	UN2017175	u0058
train	UN2017175	u0059
train	UN2017175	u005A
train	UN2017175	u0061
train	UN2017175	u0062
train	UN2017175	u0063
train	UN2017175	u0064
train	UN2017175	u0065
train	UN2017175	u0066
train	UN2017175	u0067
train	UN2017175	u0068
train	UN2017175	u0069
train	UN2017175	u006A
train	UN2017175	u006B
train	UN2017175	u006C
train	UN2017175	u006D
train	UN2017175	u006E
train	UN2017175	u006F
train	UN2017175	u0070
train	UN2017175	u0071
train	UN2017175	u0072
train	UN2017175	u0073
train	UN2017175	u0074
train	UN2017175	u0075
train	UN2017175	u0076
train	UN2017175	u0077
train	UN2017175	u0078
train	UN2017175	u0079
train	UN2017175	u007A
train	UN2017175	u00E0
train	UN2017175	u00E1
train	UN2017175	u00E8
train	UN2017175	u00E9
train	UN2017175	u00EA
train	UN2017175	u00ED
train	UN2017175	u00F2
train	UN2017175	u00F3
train	UN2017175	u00F9
train	UN2017175	u00FA
train	UN2017175	u00FC
train	UN2017175	u0101
train	UN2017175	u0113
train	UN2017175	u011B
train	UN2017175	u012B
train	UN2017175	u0144
train	UN2017175	u0148
train	UN2017175	u014D
train	UN2017175	u016B
train	UN2017175	u01CE
train	UN2017175	u01D0
train	UN2017175	u01D2
train	UN2017175	u01D4
train	UN2017175	u01D6
train	UN2017175	u01D8
train	UN2017175	u01DA
train	UN2017175	u01DC
train	UN2017277	u0030
train	UN2017277	u0031
train	UN2017277	u0032
train	UN2017277	u0033
train	UN2017277	u0034
train	UN2017277	u0035
train	UN2017277	u0036
train	UN2017277	u0037
train	UN2017277	u0038
train	UN2017277	u0039
train	UN2017277	u0041
train	UN2017277	u0042
train	UN2017277	u0043
train	UN2017277	u0044
train	UN2017277	u0045
train	UN2017277	u0046
train	UN2017277	u0047
train	UN2017277	u0048
train	UN2017277	u0049
train	UN2017277	u004A
train	UN2017277	u004B
train	UN2017277	u004C
train	UN2017277	u004D
train	UN2017277	u004E
train	UN2017277	u004F
train	UN2017277	u0050
train	UN2017277	u0051
train	UN2017277	u0052
train	UN2017277	u0053
train	UN2017277	u0054
train	UN2017277	u0055
train	UN2017277	u0056
train	UN2017277	u0057
train	UN2017277	u0058
train	UN2017277	u0059
train	UN2017277	u005A
train	UN2017277	u0061
train	UN2017277	u0062
train	UN2017277	u0063
train	UN2017277	u0064
train	UN2017277	u0065
train	UN2017277	u0066
train	UN2017277	u0067
train	UN2017277	u0068
train	UN2017277	u0069
train	UN2017277	u006A
train	UN2017277	u006B
train	UN2017277	u006C
train	UN2017277	u006D
train	UN2017277	u006E
train	UN2017277	u006F
train	UN2017277	u0070
train	UN2017277	u0071
train	UN2017277	u0072
train	UN2017277	u0073
train	UN2017277	u0074
train	UN2017277	u0075
train	UN2017277	u0076
train	UN2017277	u0077
train	UN2017277	u0078
train	UN2017277	u0079
train	UN2017277	u007A
train	UN2017277	u00E0
train	UN2017277	u00E1
train	UN2017277	u00E8
train	UN2017277	u00E9
train	UN2017277	u00EA
train	UN2017277	u00ED
train	UN2017277	u00F2
train	UN2017277	u00F3
train	UN2017277	u00F9
train	UN2017277	u00FA
train	UN2017277	u00FC
train	UN2017277	u0101
train	UN2017277	u0113
train	UN2017277	u011B
train	UN2017277	u012B
train	UN2017277	u0144
train	UN2017277	u0148
train	UN2017277	u014D
train	UN2017277	u016B
train	UN2017277	u01CE
train	UN2017277	u01D0
train	UN2017277	u01D2
train	UN2017277	u01D4
train	UN2017277	u01D6
train	UN2017277	u01D8
train	UN2017277	u01DA
train	UN2017277	u01DC
train	UN2017277	u3041
train	UN2017277	u3042
train	UN2017277	u3043
train	UN2017277	u3044
train	UN2017277	u3045
train	UN2017277	u3046
train	UN2017277	u3047
train	UN2017277	u3048
train	UN2017277	u3049
train	UN2017277	u304A
train	UN2017277	u304B
train	UN2017277	u304C
train	UN2017277	u304D
train	UN2017277	u304E
train	UN2017277	u304F
train	UN2017277	u3050
train	UN2017277	u3051
train	UN2017277	u3052
train	UN2017277	u3053
train	UN2017277	u3054
train	UN2017277	u3055
train	UN2017277	u3056
train	UN2017277	u3057
train	UN2017277	u3058
train	UN2017277	u3059
train	UN2017277	u305A
train	UN2017277	u305B
train	UN2017277	u305C
train	UN2017277	u305D
train	UN2017277	u305E
train	UN2017277	u305F
train	UN2017277	u3060
train	UN2017277	u3061
train	UN2017277	u3062
train	UN2017277	u3063
train	UN2017277	u3064
train	UN2017277	u3065
train	UN2017277	u3066
train	UN2017277	u3067
train	UN2017277	u3068
train	UN2017277	u3069
train	UN2017277	u306A
train	UN2017277	u306B
train	UN2017277	u306C
train	UN2017277	u306D
train	UN2017277	u306E
train	UN2017277	u306F
train	UN2017277	u3070
train	UN2017277	u3071
train	UN2017277	u3072
train	UN2017277	u3073
train	UN2017277	u3074
train	UN2017277	u3075
train	UN2017277	u3076
train	UN2017277	u3077
train	UN2017277	u3078
train	UN2017277	u3079
train	UN2017277	u307A
train	UN2017277	u307B
train	UN2017277	u307C
train	UN2017277	u307D
train	UN2017277	u307E
train	UN2017277	u307F
train	UN2017277	u3080
train	UN2017277	u3081
train	UN2017277	u3082
train	UN2017277	u3083
train	UN2017277	u3084
train	UN2017277	u3085
train	UN2017277	u3086
train	UN2017277	u3087
train	UN2017277	u3088
train	UN2017277	u3089
train	UN2017277	u308A
train	UN2017277	u308B
train	UN2017277	u308C
train	UN2017277	u308D
train	UN2017277	u308E
train	UN2017277	u308F
train	UN2017277	u3090
train	UN2017277	u3091
train	UN2017277	u3092
train	UN2017277	u3093
train	UN2017277	u30A1
train	UN2017277	u30A2
train	UN2017277	u30A3
train	UN2017277	u30A4
train	UN2017277	u30A5
train	UN2017277	u30A6
train	UN2017277	u30A7
train	UN2017277	u30A8
train	UN2017277	u30A9
train	UN2017277	u30AA
train	UN2017277	u30AB
train	UN2017277	u30AC
train	UN2017277	u30AD
train	UN2017277	u30AE
train	UN2017277	u30AF
train	UN2017277	u30B0
train	UN2017277	u30B1
train	UN2017277	u30B2
train	UN2017277	u30B3
train	UN2017277	u30B4
train	UN2017277	u30B5
train	UN2017277	u30B6
train	UN2017277	u30B7
train	UN2017277	u30B8
train	UN2017277	u30B9
train	UN2017277	u30BA
train	UN2017277	u30BB
train	UN2017277	u30BC
train	UN2017277	u30BD
train	UN2017277	u30BE
train	UN2017277	u30BF
train	UN2017277	u30C0
train	UN2017277	u30C1
train	UN2017277	u30C2
train	UN2017277	u30C3
train	UN2017277	u30C4
train	UN2017277	u30C5
train	UN2017277	u30C6
train	UN2017277	u30C7
train	UN2017277	u30C8
train	UN2017277	u30C9
train	UN2017277	u30CA
train	UN2017277	u30CB
train	UN2017277	u30CC
train	UN2017277	u30CD
train	UN2017277	u30CE
train	UN2017277	u30CF
train	UN2017277	u30D0
train	UN2017277	u30D1
train	UN2017277	u30D2
train	UN2017277	u30D3
train	UN2017277	u30D4
train	UN2017277	u30D5
train	UN2017277	u30D6
train	UN2017277	u30D7
train	UN2017277	u30D8
train	UN2017277	u30D9
train	UN2017277	u30DA
train	UN2017277	u30DB
train	UN2017277	u30DC
train	UN2017277	u30DD
train	UN2017277	u30DE
train	UN2017277	u30DF
train	UN2017277	u30E0
train	UN2017277	u30E1
train	UN2017277	u30E2
train	UN2017277	u30E3
train	UN2017277	u30E4
train	UN2017277	u30E5
train	UN2017277	u30E6
train	UN2017277	u30E7
train	UN2017277	u30E8
train	UN2017277	u30E9
train	UN2017277	u30EA
train	UN2017277	u30EB
train	UN2017277	u30EC
train	UN2017277	u30ED
train	UN2017277	u30EE
train	UN2017277	u30EF
train	UN2017277	u30F0
train	UN2017277	u30F1
train	UN2017277	u30F2
train	UN2017277	u30F3
train	UN2017277	u30F4
train	UN2017277	u30F5
train	UN2017277	u30F6
train	UN2017277	u3105
train	UN2017277	u3106
train	UN2017277	u3107
train	UN2017277	u3108
train	UN2017277	u3109
train	UN2017277	u310A
train	UN2017277	u310B
train	UN2017277	u310C
train	UN2017277	u310D
train	UN2017277	u310E
train	UN2017277	u310F
train	UN2017277	u3110
train	UN2017277	u3111
train	UN2017277	u3112
train	UN2017277	u3113
train	UN2017277	u3114
train	UN2017277	u3115
train	UN2017277	u3116
train	UN2017277	u3117
train	UN2017277	u3118
train	UN2017277	u3119
train	UN2017277	u311A
train	UN2017277	u311B
train	UN2017277	u311C
train	UN2017277	u311D
train	UN2017277	u311E
train	UN2017277	u311F
train	UN2017277	u3120
train	UN2017277	u3121
train	UN2017277	u3122
train	UN2017277	u3123
train	UN2017277	u3124
train	UN2017277	u3125
train	UN2017277	u3126
train	UN2017277	u3127
train	UN2017277	u3128
train	UN2017277	u3129
train	UN2017311	u0030
train	UN2017311	u0031
train	UN2017311	u0032
train	UN2017311	u0033
train	UN2017311	u0034
train	UN2017311	u0035
train	UN2017311	u0036
train	UN2017311	u0037
train	UN2017311	u0038
train	UN2017311	u0039
train	UN2017311	u0041
train	UN2017311	u0042
train	UN2017311	u0043
train	UN2017311	u0044
train	UN2017311	u0045
train	UN2017311	u0046
train	UN2017311	u0047
train	UN2017311	u0048
train	UN2017311	u0049
train	UN2017311	u004A
train	UN2017311	u004B
train	UN2017311	u004C
train	UN2017311	u004D
train	UN2017311	u004E
train	UN2017311	u004F
train	UN2017311	u0050
train	UN2017311	u0051
train	UN2017311	u0052
train	UN2017311	u0053
train	UN2017311	u0054
train	UN2017311	u0055
train	UN2017311	u0056
train	UN2017311	u0057
train	UN2017311	u0058
train	UN2017311	u0059
train	UN2017311	u005A
train	UN2017311	u0061
train	UN2017311	u0062
train	UN2017311	u0063
train	UN2017311	u0064
train	UN2017311	u0065
train	UN2017311	u0066
train	UN2017311	u0067
train	UN2017311	u0068
train	UN2017311	u0069
train	UN2017311	u006A
train	UN2017311	u006B
train	UN2017311	u006C
train	UN2017311	u006D
train	UN2017311	u006E
train	UN2017311	u006F
train	UN2017311	u0070
train	UN2017311	u0071
train	UN2017311	u0072
train	UN2017311	u0073
train	UN2017311	u0074
train	UN2017311	u0075
train	UN2017311	u0076
train	UN2017311	u0077
train	UN2017311	u0078
train	UN2017311	u0079
train	UN2017311	u007A
train	UN2017311	u00E0
train	UN2017311	u00E1
train	UN2017311	u00E8
train	UN2017311	u00E9
train	UN2017311	u00EA
train	UN2017311	u00ED
train	UN2017311	u00F2
train	UN2017311	u00F3
train	UN2017311	u00F9
train	UN2017311	u00FA
train	UN2017311	u00FC
train	UN2017311	u0101
train	UN2017311	u0113
train	UN2017311	u011B
train	UN2017311	u012B
train	UN2017311	u0144
train	UN2017311	u0148
train	UN2017311	u014D
train	UN2017311	u016B
train	UN2017311	u01CE
train	UN2017311	u01D0
train	UN2017311	u01D2
train	UN2017311	u01D4
train	UN2017311	u01D6
train	UN2017311	u01D8
train	UN2017311	u01DA
train	UN2017311	u01DC
train	UN2017311	u3041
train	UN2017311	u3042
train	UN2017311	u3043
train	UN2017311	u3044
train	UN2017311	u3045
train	UN2017311	u3046
train	UN2017311	u3047
train	UN2017311	u3048
train	UN2017311	u3049
train	UN2017311	u304A
train	UN2017311	u304B
train	UN2017311	u304C
train	UN2017311	u304D
train	UN2017311	u304E
train	UN2017311	u304F
train	UN2017311	u3050
train	UN2017311	u3051
train	UN2017311	u3052
train	UN2017311	u3053
train	UN2017311	u3054
train	UN2017311	u3055
train	UN2017311	u3056
train	UN2017311	u3057
train	UN2017311	u3058
train	UN2017311	u3059
train	UN2017311	u305A
train	UN2017311	u305B
train	UN2017311	u305C
train	UN2017311	u305D
train	UN2017311	u305E
train	UN2017311	u305F
train	UN2017311	u3060
train	UN2017311	u3061
train	UN2017311	u3062
train	UN2017311	u3063
train	UN2017311	u3064
train	UN2017311	u3065
train	UN2017311	u3066
train	UN2017311	u3067
train	UN2017311	u3068
train	UN2017311	u3069
train	UN2017311	u306A
train	UN2017311	u306B
train	UN2017311	u306C
train	UN2017311	u306D
train	UN2017311	u306E
train	UN2017311	u306F
train	UN2017311	u3070
train	UN2017311	u3071
train	UN2017311	u3072
train	UN2017311	u3073
train	UN2017311	u3074
train	UN2017311	u3075
train	UN2017311	u3076
train	UN2017311	u3077
train	UN2017311	u3078
train	UN2017311	u3079
train	UN2017311	u307A
train	UN2017311	u307B
train	UN2017311	u307C
train	UN2017311	u307D
train	UN2017311	u307E
train	UN2017311	u307F
train	UN2017311	u3080
train	UN2017311	u3081
train	UN2017311	u3082
train	UN2017311	u3083
train	UN2017311	u3084
train	UN2017311	u3085
train	UN2017311	u3086
train	UN2017311	u3087
train	UN2017311	u3088
train	UN2017311	u3089
train	UN2017311	u308A
train	UN2017311	u308B
train	UN2017311	u308C
train	UN2017311	u308D
train	UN2017311	u308E
train	UN2017311	u308F
train	UN2017311	u3090
train	UN2017311	u3091
train	UN2017311	u3092
train	UN2017311	u3093
train	UN2017311	u30A1
train	UN2017311	u30A2
train	UN2017311	u30A3
train	UN2017311	u30A4
train	UN2017311	u30A5
train	UN2017311	u30A6
train	UN2017311	u30A7
train	UN2017311	u30A8
train	UN2017311	u30A9
train	UN2017311	u30AA
train	UN2017311	u30AB
train	UN2017311	u30AC
train	UN2017311	u30AD
train	UN2017311	u30AE
train	UN2017311	u30AF
train	UN2017311	u30B0
train	UN2017311	u30B1
train	UN2017311	u30B2
train	UN2017311	u30B3
train	UN2017311	u30B4
train	UN2017311	u30B5
train	UN2017311	u30B6
train	UN2017311	u30B7
train	UN2017311	u30B8
train	UN2017311	u30B9
train	UN2017311	u30BA
train	UN2017311	u30BB
train	UN2017311	u30BC
train	UN2017311	u30BD
train	UN2017311	u30BE
train	UN2017311	u30BF
train	UN2017311	u30C0
train	UN2017311	u30C1
train	UN2017311	u30C2
train	UN2017311	u30C3
train	UN2017311	u30C4
train	UN2017311	u30C5
train	UN2017311	u30C6
train	UN2017311	u30C7
train	UN2017311	u30C8
train	UN2017311	u30C9
train	UN2017311	u30CA
train	UN2017311	u30CB
train	UN2017311	u30CC
train	UN2017311	u30CD
train	UN2017311	u30CE
train	UN2017311	u30CF
train	UN2017311	u30D0
train	UN2017311	u30D1
train	UN2017311	u30D2
train	UN2017311	u30D3
train	UN2017311	u30D4
train	UN2017311	u30D5
train	UN2017311	u30D6
train	UN2017311	u30D7
train	UN2017311	u30D8
train	UN2017311	u30D9
train	UN2017311	u30DA
train	UN2017311	u30DB
train	UN2017311	u30DC
train	UN2017311	u30DD
train	UN2017311	u30DE
train	UN2017311	u30DF
train	UN2017311	u30E0
train	UN2017311	u30E1
train	UN2017311	u30E2
train	UN2017311	u30E3
train	UN2017311	u30E4
train	UN2017311	u30E5
train	UN2017311	u30E6
train	UN2017311	u30E7
train	UN2017311	u30E8
train	UN2017311	u30E9
train	UN2017311	u30EA
train	UN2017311	u30EB
train	UN2017311	u30EC
train	UN2017311	u30ED
train	UN2017311	u30EE
train	UN2017311	u30EF
train	UN2017311	u30F0
train	UN2017311	u30F1
train	UN2017311	u30F2
train	UN2017311	u30F3
train	UN2017311	u30F4
train	UN2017311	u30F5
train	UN2017311	u30F6
train	UN2017311	u3105
train	UN2017311	u3106
train	UN2017311	u3107
train	UN2017311	u3108
train	UN2017311	u3109
train	UN2017311	u310A
train	UN2017311	u310B
train	UN2017311	u310C
train	UN2017311	u310D
train	UN2017311	u310E
train	UN2017311	u310F
train	UN2017311	u3110
train	UN2017311	u3111
train	UN2017311	u3112
train	UN2017311	u3113
train	UN2017311	u3114
train	UN2017311	u3115
train	UN2017311	u3116
train	UN2017311	u3117
train	UN2017311	u3118
train	UN2017311	u3119
train	UN2017311	u311A
train	UN2017311	u311B
train	UN2017311	u311C
train	UN2017311	u311D
train	UN2017311	u311E
train	UN2017311	u311F
train	UN2017311	u3120
train	UN2017311	u3121
train	UN2017311	u3122
train	UN2017311	u3123
train	UN2017311	u3124
train	UN2017311	u3125
train	UN2017311	u3126
train	UN2017311	u3127
train	UN2017311	u3128
train	UN2017311	u3129
train	UN2017315	u0030
train	UN2017315	u0031
train	UN2017315	u0032
train	UN2017315	u0033
train	UN2017315	u0034
train	UN2017315	u0035
train	UN2017315	u0036
train	UN2017315	u0037
train	UN2017315	u0038
train	UN2017315	u0039
train	UN2017315	u0041
train	UN2017315	u0042
train	UN2017315	u0043
train	UN2017315	u0044
train	UN2017315	u0045
train	UN2017315	u0046
train	UN2017315	u0047
train	UN2017315	u0048
train	UN2017315	u0049
train	UN2017315	u004A
train	UN2017315	u004B
train	UN2017315	u004C
train	UN2017315	u004D
train	UN2017315	u004E
train	UN2017315	u004F
train	UN2017315	u0050
train	UN2017315	u0051
train	UN2017315	u0052
train	UN2017315	u0053
train	UN2017315	u0054
train	UN2017315	u0055
train	UN2017315	u0056
train	UN2017315	u0057
train	UN2017315	u0058
train	UN2017315	u0059
train	UN2017315	u005A
train	UN2017315	u0061
train	UN2017315	u0062
train	UN2017315	u0063
train	UN2017315	u0064
train	UN2017315	u0065
train	UN2017315	u0066
train	UN2017315	u0067
train	UN2017315	u0068
train	UN2017315	u0069
train	UN2017315	u006A
train	UN2017315	u006B
train	UN2017315	u006C
train	UN2017315	u006D
train	UN2017315	u006E
train	UN2017315	u006F
train	UN2017315	u0070
train	UN2017315	u0071
train	UN2017315	u0072
train	UN2017315	u0073
train	UN2017315	u0074
train	UN2017315	u0075
train	UN2017315	u0076
train	UN2017315	u0077
train	UN2017315	u0078
train	UN2017315	u0079
train	UN2017315	u007A
train	UN2017315	u00E0
train	UN2017315	u00E1
train	UN2017315	u00E8
train	UN2017315	u00E9
train	UN2017315	u00EA
train	UN2017315	u00ED
train	UN2017315	u00F2
train	UN2017315	u00F3
train	UN2017315	u00F9
train	UN2017315	u00FA
train	UN2017315	u00FC
train	UN2017315	u0101
train	UN2017315	u0113
train	UN2017315	u011B
train	UN2017315	u012B
train	UN2017315	u0144
train	UN2017315	u0148
train	UN2017315	u014D
train	UN2017315	u016B
train	UN2017315	u01CE
train	UN2017315	u01D0
train	UN2017315	u01D2
train	UN2017315	u01D4
train	UN2017315	u01D6
train	UN2017315	u01D8
train	UN2017315	u01DA
train	UN2017315	u01DC
train	UN2017315	u3041
train	UN2017315	u3042
train	UN2017315	u3043
train	UN2017315	u3044
train	UN2017315	u3045
train	UN2017315	u3046
train	UN2017315	u3047
train	UN2017315	u3048
train	UN2017315	u3049
train	UN2017315	u304A
train	UN2017315	u304B
train	UN2017315	u304C
train	UN2017315	u304D
train	UN2017315	u304E
train	UN2017315	u304F
train	UN2017315	u3050
train	UN2017315	u3051
train	UN2017315	u3052
train	UN2017315	u3053
train	UN2017315	u3054
train	UN2017315	u3055
train	UN2017315	u3056
train	UN2017315	u3057
train	UN2017315	u3058
train	UN2017315	u3059
train	UN2017315	u305A
train	UN2017315	u305B
train	UN2017315	u305C
train	UN2017315	u305D
train	UN2017315	u305E
train	UN2017315	u305F
train	UN2017315	u3060
train	UN2017315	u3061
train	UN2017315	u3062
train	UN2017315	u3063
train	UN2017315	u3064
train	UN2017315	u3065
train	UN2017315	u3066
train	UN2017315	u3067
train	UN2017315	u3068
train	UN2017315	u3069
train	UN2017315	u306A
train	UN2017315	u306B
train	UN2017315	u306C
train	UN2017315	u306D
train	UN2017315	u306E
train	UN2017315	u306F
train	UN2017315	u3070
train	UN2017315	u3071
train	UN2017315	u3072
train	UN2017315	u3073
train	UN2017315	u3074
train	UN2017315	u3075
train	UN2017315	u3076
train	UN2017315	u3077
train	UN2017315	u3078
train	UN2017315	u3079
train	UN2017315	u307A
train	UN2017315	u307B
train	UN2017315	u307C
train	UN2017315	u307D
train	UN2017315	u307E
train	UN2017315	u307F
train	UN2017315	u3080
train	UN2017315	u3081
train	UN2017315	u3082
train	UN2017315	u3083
train	UN2017315	u3084
train	UN2017315	u3085
train	UN2017315	u3086
train	UN2017315	u3087
train	UN2017315	u3088
train	UN2017315	u3089
train	UN2017315	u308A
train	UN2017315	u308B
train	UN2017315	u308C
train	UN2017315	u308D
train	UN2017315	u308E
train	UN2017315	u308F
train	UN2017315	u3090
train	UN2017315	u3091
train	UN2017315	u3092
train	UN2017315	u3093
train	UN2017315	u30A1
train	UN2017315	u30A2
train	UN2017315	u30A3
train	UN2017315	u30A4
train	UN2017315	u30A5
train	UN2017315	u30A6
train	UN2017315	u30A7
train	UN2017315	u30A8
train	UN2017315	u30A9
train	UN2017315	u30AA
train	UN2017315	u30AB
train	UN2017315	u30AC
train	UN2017315	u30AD
train	UN2017315	u30AE
train	UN2017315	u30AF
train	UN2017315	u30B0
train	UN2017315	u30B1
train	UN2017315	u30B2
train	UN2017315	u30B3
train	UN2017315	u30B4
train	UN2017315	u30B5
train	UN2017315	u30B6
train	UN2017315	u30B7
train	UN2017315	u30B8
train	UN2017315	u30B9
train	UN2017315	u30BA
train	UN2017315	u30BB
train	UN2017315	u30BC
train	UN2017315	u30BD
train	UN2017315	u30BE
train	UN2017315	u30BF
train	UN2017315	u30C0
train	UN2017315	u30C1
train	UN2017315	u30C2
train	UN2017315	u30C3
train	UN2017315	u30C4
train	UN2017315	u30C5
train	UN2017315	u30C6
train	UN2017315	u30C7
train	UN2017315	u30C8
train	UN2017315	u30C9
train	UN2017315	u30CA
train	UN2017315	u30CB
train	UN2017315	u30CC
train	UN2017315	u30CD
train	UN2017315	u30CE
train	UN2017315	u30CF
train	UN2017315	u30D0
train	UN2017315	u30D1
train	UN2017315	u30D2
train	UN2017315	u30D3
train	UN2017315	u30D4
train	UN2017315	u30D5
train	UN2017315	u30D6
train	UN2017315	u30D7
train	UN2017315	u30D8
train	UN2017315	u30D9
train	UN2017315	u30DA
train	UN2017315	u30DB
train	UN2017315	u30DC
train	UN2017315	u30DD
train	UN2017315	u30DE
train	UN2017315	u30DF
train	UN2017315	u30E0
train	UN2017315	u30E1
train	UN2017315	u30E2
train	UN2017315	u30E3
train	UN2017315	u30E4
train	UN2017315	u30E5
train	UN2017315	u30E6
train	UN2017315	u30E7
train	UN2017315	u30E8
train	UN2017315	u30E9
train	UN2017315	u30EA
train	UN2017315	u30EB
train	UN2017315	u30EC
train	UN2017315	u30ED
train	UN2017315	u30EE
train	UN2017315	u30EF
train	UN2017315	u30F0
train	UN2017315	u30F1
train	UN2017315	u30F2
train	UN2017315	u30F3
train	UN2017315	u30F4
train	UN2017315	u30F5
train	UN2017315	u30F6
train	UN2017315	u3105
train	UN2017315	u3106
train	UN2017315	u3107
train	UN2017315	u3108
train	UN2017315	u3109
train	UN2017315	u310A
train	UN2017315	u310B
train	UN2017315	u310C
train	UN2017315	u310D
train	UN2017315	u310E
train	UN2017315	u310F
train	UN2017315	u3110
train	UN2017315	u3111
train	UN2017315	u3112
train	UN2017315	u3113
train	UN2017315	u3114
train	UN2017315	u3115
train	UN2017315	u3116
train	UN2017315	u3117
train	UN2017315	u3118
train	UN2017315	u3119
train	UN2017315	u311A
train	UN2017315	u311B
train	UN2017315	u311C
train	UN2017315	u311D
train	UN2017315	u311E
train	UN2017315	u311F
train	UN2017315	u3120
train	UN2017315	u3121
train	UN2017315	u3122
train	UN2017315	u3123
train	UN2017315	u3124
train	UN2017315	u3125
train	UN2017315	u3126
train	UN2017315	u3127
train	UN2017315	u3128
train	UN2017315	u3129
train	UN2017354	u0030
train	UN2017354	u0031
train	UN2017354	u0032
train	UN2017354	u0033
train	UN2017354	u0034
train	UN2017354	u0035
train	UN2017354	u0036
train	UN2017354	u0037
train	UN2017354	u0038
train	UN2017354	u0039
train	UN2017354	u0041
train	UN2017354	u0042
train	UN2017354	u0043
train	UN2017354	u0044
train	UN2017354	u0045
train	UN2017354	u0046
train	UN2017354	u0047
train	UN2017354	u0048
train	UN2017354	u0049
train	UN2017354	u004A
train	UN2017354	u004B
train	UN2017354	u004C
train	UN2017354	u004D
train	UN2017354	u004E
train	UN2017354	u004F
train	UN2017354	u0050
train	UN2017354	u0051
train	UN2017354	u0052
train	UN2017354	u0053
train	UN2017354	u0054
train	UN2017354	u0055
train	UN2017354	u0056
train	UN2017354	u0057
train	UN2017354	u0058
train	UN2017354	u0059
train	UN2017354	u005A
train	UN2017354	u0061
train	UN2017354	u0062
train	UN2017354	u0063
train	UN2017354	u0064
train	UN2017354	u0065
train	UN2017354	u0066
train	UN2017354	u0067
train	UN2017354	u0068
train	UN2017354	u0069
train	UN2017354	u006A
train	UN2017354	u006B
train	UN2017354	u006C
train	UN2017354	u006D
train	UN2017354	u006E
train	UN2017354	u006F
train	UN2017354	u0070
train	UN2017354	u0071
train	UN2017354	u0072
train	UN2017354	u0073
train	UN2017354	u0074
train	UN2017354	u0075
train	UN2017354	u0076
train	UN2017354	u0077
train	UN2017354	u0078
train	UN2017354	u0079
train	UN2017354	u007A
train	UN2017354	u00E0
train	UN2017354	u00E1
train	UN2017354	u00E8
train	UN2017354	u00E9
train	UN2017354	u00EA
train	UN2017354	u00ED
train	UN2017354	u00F2
train	UN2017354	u00F3
train	UN2017354	u00F9
train	UN2017354	u00FA
train	UN2017354	u00FC
train	UN2017354	u0101
train	UN2017354	u0113
train	UN2017354	u011B
train	UN2017354	u012B
train	UN2017354	u0144
train	UN2017354	u0148
train	UN2017354	u014D
train	UN2017354	u016B
train	UN2017354	u01CE
train	UN2017354	u01D0
train	UN2017354	u01D2
train	UN2017354	u01D4
train	UN2017354	u01D6
train	UN2017354	u01D8
train	UN2017354	u01DA
train	UN2017354	u01DC
train	UN2017354	u3041
train	UN2017354	u3042
train	UN2017354	u3043
train	UN2017354	u3044
train	UN2017354	u3045
train	UN2017354	u3046
train	UN2017354	u3047
train	UN2017354	u3048
train	UN2017354	u3049
train	UN2017354	u304A
train	UN2017354	u304B
train	UN2017354	u304C
train	UN2017354	u304D
train	UN2017354	u304E
train	UN2017354	u304F
train	UN2017354	u3050
train	UN2017354	u3051
train	UN2017354	u3052
train	UN2017354	u3053
train	UN2017354	u3054
train	UN2017354	u3055
train	UN2017354	u3056
train	UN2017354	u3057
train	UN2017354	u3058
train	UN2017354	u3059
train	UN2017354	u305A
train	UN2017354	u305B
train	UN2017354	u305C
train	UN2017354	u305D
train	UN2017354	u305E
train	UN2017354	u305F
train	UN2017354	u3060
train	UN2017354	u3061
train	UN2017354	u3062
train	UN2017354	u3063
train	UN2017354	u3064
train	UN2017354	u3065
train	UN2017354	u3066
train	UN2017354	u3067
train	UN2017354	u3068
train	UN2017354	u3069
train	UN2017354	u306A
train	UN2017354	u306B
train	UN2017354	u306C
train	UN2017354	u306D
train	UN2017354	u306E
train	UN2017354	u306F
train	UN2017354	u3070
train	UN2017354	u3071
train	UN2017354	u3072
train	UN2017354	u3073
train	UN2017354	u3074
train	UN2017354	u3075
train	UN2017354	u3076
train	UN2017354	u3077
train	UN2017354	u3078
train	UN2017354	u3079
train	UN2017354	u307A
train	UN2017354	u307B
train	UN2017354	u307C
train	UN2017354	u307D
train	UN2017354	u307E
train	UN2017354	u307F
train	UN2017354	u3080
train	UN2017354	u3081
train	UN2017354	u3082
train	UN2017354	u3083
train	UN2017354	u3084
train	UN2017354	u3085
train	UN2017354	u3086
train	UN2017354	u3087
train	UN2017354	u3088
train	UN2017354	u3089
train	UN2017354	u308A
train	UN2017354	u308B
train	UN2017354	u308C
train	UN2017354	u308D
train	UN2017354	u308E
train	UN2017354	u308F
train	UN2017354	u3090
train	UN2017354	u3091
train	UN2017354	u3092
train	UN2017354	u3093
train	UN2017354	u30A1
train	UN2017354	u30A2
train	UN2017354	u30A3
train	UN2017354	u30A4
train	UN2017354	u30A5
train	UN2017354	u30A6
train	UN2017354	u30A7
train	UN2017354	u30A8
train	UN2017354	u30A9
train	UN2017354	u30AA
train	UN2017354	u30AB
train	UN2017354	u30AC
train	UN2017354	u30AD
train	UN2017354	u30AE
train	UN2017354	u30AF
train	UN2017354	u30B0
train	UN2017354	u30B1
train	UN2017354	u30B2
train	UN2017354	u30B3
train	UN2017354	u30B4
train	UN2017354	u30B5
train	UN2017354	u30B6
train	UN2017354	u30B7
train	UN2017354	u30B8
train	UN2017354	u30B9
train	UN2017354	u30BA
train	UN2017354	u30BB
train	UN2017354	u30BC
train	UN2017354	u30BD
train	UN2017354	u30BE
train	UN2017354	u30BF
train	UN2017354	u30C0
train	UN2017354	u30C1
train	UN2017354	u30C2
train	UN2017354	u30C3
train	UN2017354	u30C4
train	UN2017354	u30C5
train	UN2017354	u30C6
train	UN2017354	u30C7
train	UN2017354	u30C8
train	UN2017354	u30C9
train	UN2017354	u30CA
train	UN2017354	u30CB
train	UN2017354	u30CC
train	UN2017354	u30CD
train	UN2017354	u30CE
train	UN2017354	u30CF
train	UN2017354	u30D0
train	UN2017354	u30D1
train	UN2017354	u30D2
train	UN2017354	u30D3
train	UN2017354	u30D4
train	UN2017354	u30D5
train	UN2017354	u30D6
train	UN2017354	u30D7
train	UN2017354	u30D8
train	UN2017354	u30D9
train	UN2017354	u30DA
train	UN2017354	u30DB
train	UN2017354	u30DC
train	UN2017354	u30DD
train	UN2017354	u30DE
train	UN2017354	u30DF
train	UN2017354	u30E0
train	UN2017354	u30E1
train	UN2017354	u30E2
train	UN2017354	u30E3
train	UN2017354	u30E4
train	UN2017354	u30E5
train	UN2017354	u30E6
train	UN2017354	u30E7
train	UN2017354	u30E8
train	UN2017354	u30E9
train	UN2017354	u30EA
train	UN2017354	u30EB
train	UN2017354	u30EC
train	UN2017354	u30ED
train	UN2017354	u30EE
train	UN2017354	u30EF
train	UN2017354	u30F0
train	UN2017354	u30F1
train	UN2017354	u30F2
train	UN2017354	u30F3
train	UN2017354	u30F4
train	UN2017354	u30F5
train	UN2017354	u30F6
train	UN2017354	u3105
train	UN2017354	u3106
train	UN2017354	u3107
train	UN2017354	u3108
train	UN2017354	u3109
train	UN2017354	u310A
train	UN2017354	u310B
train	UN2017354	u310C
train	UN2017354	u310D
train	UN2017354	u310E
train	UN2017354	u310F
train	UN2017354	u3110
train	UN2017354	u3111
train	UN2017354	u3112
train	UN2017354	u3113
train	UN2017354	u3114
train	UN2017354	u3115
train	UN2017354	u3116
train	UN2017354	u3117
train	UN2017354	u3118
train	UN2017354	u3119
train	UN2017354	u311A
train	UN2017354	u311B
train	UN2017354	u311C
train	UN2017354	u311D
train	UN2017354	u311E
train	UN2017354	u311F
train	UN2017354	u3120
train	UN2017354	u3121
train	UN2017354	u3122
train	UN2017354	u3123
train	UN2017354	u3124
train	UN2017354	u3125
train	UN2017354	u3126
train	UN2017354	u3127
train	UN2017354	u3128
train	UN2017354	u3129
train	UN2017479	u0030
train	UN2017479	u0031
train	UN2017479	u0032
train	UN2017479	u0033
train	UN2017479	u0034
train	UN2017479	u0035
train	UN2017479	u0036
train	UN2017479	u0037
train	UN2017479	u0038
train	UN2017479	u0039
train	UN2017479	u0041
train	UN2017479	u0042
train	UN2017479	u0043
train	UN2017479	u0044
train	UN2017479	u0045
train	UN2017479	u0046
train	UN2017479	u0047
train	UN2017479	u0048
train	UN2017479	u0049
train	UN2017479	u004A
train	UN2017479	u004B
train	UN2017479	u004C
train	UN2017479	u004D
train	UN2017479	u004E
train	UN2017479	u004F
train	UN2017479	u0050
train	UN2017479	u0051
train	UN2017479	u0052
train	UN2017479	u0053
train	UN2017479	u0054
train	UN2017479	u0055
train	UN2017479	u0056
train	UN2017479	u0057
train	UN2017479	u0058
train	UN2017479	u0059
train	UN2017479	u005A
train	UN2017479	u0061
train	UN2017479	u0062
train	UN2017479	u0063
train	UN2017479	u0064
train	UN2017479	u0065
train	UN2017479	u0066
train	UN2017479	u0067
train	UN2017479	u0068
train	UN2017479	u0069
train	UN2017479	u006A
train	UN2017479	u006B
train	UN2017479	u006C
train	UN2017479	u006D
train	UN2017479	u006E
train	UN2017479	u006F
train	UN2017479	u0070
train	UN2017479	u0071
train	UN2017479	u0072
train	UN2017479	u0073
train	UN2017479	u0074
train	UN2017479	u0075
train	UN2017479	u0076
train	UN2017479	u0077
train	UN2017479	u0078
train	UN2017479	u0079
train	UN2017479	u007A
train	UN2017479	u00E0
train	UN2017479	u00E1
train	UN2017479	u00E8
train	UN2017479	u00E9
train	UN2017479	u00EA
train	UN2017479	u00ED
train	UN2017479	u00F2
train	UN2017479	u00F3
train	UN2017479	u00F9
train	UN2017479	u00FA
train	UN2017479	u00FC
train	UN2017479	u0101
train	UN2017479	u0113
train	UN2017479	u011B
train	UN2017479	u012B
train	UN2017479	u0144
train	UN2017479	u0148
train	UN2017479	u014D
train	UN2017479	u016B
train	UN2017479	u01CE
train	UN2017479	u01D0
train	UN2017479	u01D2
train	UN2017479	u01D4
train	UN2017479	u01D6
train	UN2017479	u01D8
train	UN2017479	u01DA
train	UN2017479	u01DC
train	UN2017479	u3041
train	UN2017479	u3042
train	UN2017479	u3043
train	UN2017479	u3044
train	UN2017479	u3045
train	UN2017479	u3046
train	UN2017479	u3047
train	UN2017479	u3048
train	UN2017479	u3049
train	UN2017479	u304A
train	UN2017479	u304B
train	UN2017479	u304C
train	UN2017479	u304D
train	UN2017479	u304E
train	UN2017479	u304F
train	UN2017479	u3050
train	UN2017479	u3051
train	UN2017479	u3052
train	UN2017479	u3053
train	UN2017479	u3054
train	UN2017479	u3055
train	UN2017479	u3056
train	UN2017479	u3057
train	UN2017479	u3058
train	UN2017479	u3059
train	UN2017479	u305A
train	UN2017479	u305B
train	UN2017479	u305C
train	UN2017479	u305D
train	UN2017479	u305E
train	UN2017479	u305F
train	UN2017479	u3060
train	UN2017479	u3061
train	UN2017479	u3062
train	UN2017479	u3063
train	UN2017479	u3064
train	UN2017479	u3065
train	UN2017479	u3066
train	UN2017479	u3067
train	UN2017479	u3068
train	UN2017479	u3069
train	UN2017479	u306A
train	UN2017479	u306B
train	UN2017479	u306C
train	UN2017479	u306D
train	UN2017479	u306E
train	UN2017479	u306F
train	UN2017479	u3070
train	UN2017479	u3071
train	UN2017479	u3072
train	UN2017479	u3073
train	UN2017479	u3074
train	UN2017479	u3075
train	UN2017479	u3076
train	UN2017479	u3077
train	UN2017479	u3078
train	UN2017479	u3079
train	UN2017479	u307A
train	UN2017479	u307B
train	UN2017479	u307C
train	UN2017479	u307D
train	UN2017479	u307E
train	UN2017479	u307F
train	UN2017479	u3080
train	UN2017479	u3081
train	UN2017479	u3082
train	UN2017479	u3083
train	UN2017479	u3084
train	UN2017479	u3085
train	UN2017479	u3086
train	UN2017479	u3087
train	UN2017479	u3088
train	UN2017479	u3089
train	UN2017479	u308A
train	UN2017479	u308B
train	UN2017479	u308C
train	UN2017479	u308D
train	UN2017479	u308E
train	UN2017479	u308F
train	UN2017479	u3090
train	UN2017479	u3091
train	UN2017479	u3092
train	UN2017479	u3093
train	UN2017479	u30A1
train	UN2017479	u30A2
train	UN2017479	u30A3
train	UN2017479	u30A4
train	UN2017479	u30A5
train	UN2017479	u30A6
train	UN2017479	u30A7
train	UN2017479	u30A8
train	UN2017479	u30A9
train	UN2017479	u30AA
train	UN2017479	u30AB
train	UN2017479	u30AC
train	UN2017479	u30AD
train	UN2017479	u30AE
train	UN2017479	u30AF
train	UN2017479	u30B0
train	UN2017479	u30B1
train	UN2017479	u30B2
train	UN2017479	u30B3
train	UN2017479	u30B4
train	UN2017479	u30B5
train	UN2017479	u30B6
train	UN2017479	u30B7
train	UN2017479	u30B8
train	UN2017479	u30B9
train	UN2017479	u30BA
train	UN2017479	u30BB
train	UN2017479	u30BC
train	UN2017479	u30BD
train	UN2017479	u30BE
train	UN2017479	u30BF
train	UN2017479	u30C0
train	UN2017479	u30C1
train	UN2017479	u30C2
train	UN2017479	u30C3
train	UN2017479	u30C4
train	UN2017479	u30C5
train	UN2017479	u30C6
train	UN2017479	u30C7
train	UN2017479	u30C8
train	UN2017479	u30C9
train	UN2017479	u30CA
train	UN2017479	u30CB
train	UN2017479	u30CC
train	UN2017479	u30CD
train	UN2017479	u30CE
train	UN2017479	u30CF
train	UN2017479	u30D0
train	UN2017479	u30D1
train	UN2017479	u30D2
train	UN2017479	u30D3
train	UN2017479	u30D4
train	UN2017479	u30D5
train	UN2017479	u30D6
train	UN2017479	u30D7
train	UN2017479	u30D8
train	UN2017479	u30D9
train	UN2017479	u30DA
train	UN2017479	u30DB
train	UN2017479	u30DC
train	UN2017479	u30DD
train	UN2017479	u30DE
train	UN2017479	u30DF
train	UN2017479	u30E0
train	UN2017479	u30E1
train	UN2017479	u30E2
train	UN2017479	u30E3
train	UN2017479	u30E4
train	UN2017479	u30E5
train	UN2017479	u30E6
train	UN2017479	u30E7
train	UN2017479	u30E8
train	UN2017479	u30E9
train	UN2017479	u30EA
train	UN2017479	u30EB
train	UN2017479	u30EC
train	UN2017479	u30ED
train	UN2017479	u30EE
train	UN2017479	u30EF
train	UN2017479	u30F0
train	UN2017479	u30F1
train	UN2017479	u30F2
train	UN2017479	u30F3
train	UN2017479	u30F4
train	UN2017479	u30F5
train	UN2017479	u30F6
train	UN2017479	u3105
train	UN2017479	u3106
train	UN2017479	u3107
train	UN2017479	u3108
train	UN2017479	u3109
train	UN2017479	u310A
train	UN2017479	u310B
train	UN2017479	u310C
train	UN2017479	u310D
train	UN2017479	u310E
train	UN2017479	u310F
train	UN2017479	u3110
train	UN2017479	u3111
train	UN2017479	u3112
train	UN2017479	u3113
train	UN2017479	u3114
train	UN2017479	u3115
train	UN2017479	u3116
train	UN2017479	u3117
train	UN2017479	u3118
train	UN2017479	u3119
train	UN2017479	u311A
train	UN2017479	u311B
train	UN2017479	u311C
train	UN2017479	u311D
train	UN2017479	u311E
train	UN2017479	u311F
train	UN2017479	u3120
train	UN2017479	u3121
train	UN2017479	u3122
train	UN2017479	u3123
train	UN2017479	u3124
train	UN2017479	u3125
train	UN2017479	u3126
train	UN2017479	u3127
train	UN2017479	u3128
train	UN2017479	u3129
train	UN2017511	u0030
train	UN2017511	u0031
train	UN2017511	u0032
train	UN2017511	u0033
train	UN2017511	u0034
train	UN2017511	u0035
train	UN2017511	u0036
train	UN2017511	u0037
train	UN2017511	u0038
train	UN2017511	u0039
train	UN2017511	u0041
train	UN2017511	u0042
train	UN2017511	u0043
train	UN2017511	u0044
train	UN2017511	u0045
train	UN2017511	u0046
train	UN2017511	u0047
train	UN2017511	u0048
train	UN2017511	u0049
train	UN2017511	u004A
train	UN2017511	u004B
train	UN2017511	u004C
train	UN2017511	u004D
train	UN2017511	u004E
train	UN2017511	u004F
train	UN2017511	u0050
train	UN2017511	u0051
train	UN2017511	u0052
train	UN2017511	u0053
train	UN2017511	u0054
train	UN2017511	u0055
train	UN2017511	u0056
train	UN2017511	u0057
train	UN2017511	u0058
train	UN2017511	u0059
train	UN2017511	u005A
train	UN2017511	u0061
train	UN2017511	u0062
train	UN2017511	u0063
train	UN2017511	u0064
train	UN2017511	u0065
train	UN2017511	u0066
train	UN2017511	u0067
train	UN2017511	u0068
train	UN2017511	u0069
train	UN2017511	u006A
train	UN2017511	u006B
train	UN2017511	u006C
train	UN2017511	u006D
train	UN2017511	u006E
train	UN2017511	u006F
train	UN2017511	u0070
train	UN2017511	u0071
train	UN2017511	u0072
train	UN2017511	u0073
train	UN2017511	u0074
train	UN2017511	u0075
train	UN2017511	u0076
train	UN2017511	u0077
train	UN2017511	u0078
train	UN2017511	u0079
train	UN2017511	u007A
train	UN2017511	u00E0
train	UN2017511	u00E1
train	UN2017511	u00E8
train	UN2017511	u00E9
train	UN2017511	u00EA
train	UN2017511	u00ED
train	UN2017511	u00F2
train	UN2017511	u00F3
train	UN2017511	u00F9
train	UN2017511	u00FA
train	UN2017511	u00FC
train	UN2017511	u0101
train	UN2017511	u0113
train	UN2017511	u011B
train	UN2017511	u012B
train	UN2017511	u0144
train	UN2017511	u0148
train	UN2017511	u014D
train	UN2017511	u016B
train	UN2017511	u01CE
train	UN2017511	u01D0
train	UN2017511	u01D2
train	UN2017511	u01D4
train	UN2017511	u01D6
train	UN2017511	u01D8
train	UN2017511	u01DA
train	UN2017511	u01DC
train	UN2017511	u3041
train	UN2017511	u3042
train	UN2017511	u3043
train	UN2017511	u3044
train	UN2017511	u3045
train	UN2017511	u3046
train	UN2017511	u3047
train	UN2017511	u3048
train	UN2017511	u3049
train	UN2017511	u304A
train	UN2017511	u304B
train	UN2017511	u304C
train	UN2017511	u304D
train	UN2017511	u304E
train	UN2017511	u304F
train	UN2017511	u3050
train	UN2017511	u3051
train	UN2017511	u3052
train	UN2017511	u3053
train	UN2017511	u3054
train	UN2017511	u3055
train	UN2017511	u3056
train	UN2017511	u3057
train	UN2017511	u3058
train	UN2017511	u3059
train	UN2017511	u305A
train	UN2017511	u305B
train	UN2017511	u305C
train	UN2017511	u305D
train	UN2017511	u305E
train	UN2017511	u305F
train	UN2017511	u3060
train	UN2017511	u3061
train	UN2017511	u3062
train	UN2017511	u3063
train	UN2017511	u3064
train	UN2017511	u3065
train	UN2017511	u3066
train	UN2017511	u3067
train	UN2017511	u3068
train	UN2017511	u3069
train	UN2017511	u306A
train	UN2017511	u306B
train	UN2017511	u306C
train	UN2017511	u306D
train	UN2017511	u306E
train	UN2017511	u306F
train	UN2017511	u3070
train	UN2017511	u3071
train	UN2017511	u3072
train	UN2017511	u3073
train	UN2017511	u3074
train	UN2017511	u3075
train	UN2017511	u3076
train	UN2017511	u3077
train	UN2017511	u3078
train	UN2017511	u3079
train	UN2017511	u307A
train	UN2017511	u307B
train	UN2017511	u307C
train	UN2017511	u307D
train	UN2017511	u307E
train	UN2017511	u307F
train	UN2017511	u3080
train	UN2017511	u3081
train	UN2017511	u3082
train	UN2017511	u3083
train	UN2017511	u3084
train	UN2017511	u3085
train	UN2017511	u3086
train	UN2017511	u3087
train	UN2017511	u3088
train	UN2017511	u3089
train	UN2017511	u308A
train	UN2017511	u308B
train	UN2017511	u308C
train	UN2017511	u308D
train	UN2017511	u308E
train	UN2017511	u308F
train	UN2017511	u3090
train	UN2017511	u3091
train	UN2017511	u3092
train	UN2017511	u3093
train	UN2017511	u30A1
train	UN2017511	u30A2
train	UN2017511	u30A3
train	UN2017511	u30A4
train	UN2017511	u30A5
train	UN2017511	u30A6
train	UN2017511	u30A7
train	UN2017511	u30A8
train	UN2017511	u30A9
train	UN2017511	u30AA
train	UN2017511	u30AB
train	UN2017511	u30AC
train	UN2017511	u30AD
train	UN2017511	u30AE
train	UN2017511	u30AF
train	UN2017511	u30B0
train	UN2017511	u30B1
train	UN2017511	u30B2
train	UN2017511	u30B3
train	UN2017511	u30B4
train	UN2017511	u30B5
train	UN2017511	u30B6
train	UN2017511	u30B7
train	UN2017511	u30B8
train	UN2017511	u30B9
train	UN2017511	u30BA
train	UN2017511	u30BB
train	UN2017511	u30BC
train	UN2017511	u30BD
train	UN2017511	u30BE
train	UN2017511	u30BF
train	UN2017511	u30C0
train	UN2017511	u30C1
train	UN2017511	u30C2
train	UN2017511	u30C3
train	UN2017511	u30C4
train	UN2017511	u30C5
train	UN2017511	u30C6
train	UN2017511	u30C7
train	UN2017511	u30C8
train	UN2017511	u30C9
train	UN2017511	u30CA
train	UN2017511	u30CB
train	UN2017511	u30CC
train	UN2017511	u30CD
train	UN2017511	u30CE
train	UN2017511	u30CF
train	UN2017511	u30D0
train	UN2017511	u30D1
train	UN2017511	u30D2
train	UN2017511	u30D3
train	UN2017511	u30D4
train	UN2017511	u30D5
train	UN2017511	u30D6
train	UN2017511	u30D7
train	UN2017511	u30D8
train	UN2017511	u30D9
train	UN2017511	u30DA
train	UN2017511	u30DB
train	UN2017511	u30DC
train	UN2017511	u30DD
train	UN2017511	u30DE
train	UN2017511	u30DF
train	UN2017511	u30E0
train	UN2017511	u30E1
train	UN2017511	u30E2
train	UN2017511	u30E3
train	UN2017511	u30E4
train	UN2017511	u30E5
train	UN2017511	u30E6
train	UN2017511	u30E7
train	UN2017511	u30E8
train	UN2017511	u30E9
train	UN2017511	u30EA
train	UN2017511	u30EB
train	UN2017511	u30EC
train	UN2017511	u30ED
train	UN2017511	u30EE
train	UN2017511	u30EF
train	UN2017511	u30F0
train	UN2017511	u30F1
train	UN2017511	u30F2
train	UN2017511	u30F3
train	UN2017511	u30F4
train	UN2017511	u30F5
train	UN2017511	u30F6
train	UN2017511	u3105
train	UN2017511	u3106
train	UN2017511	u3107
train	UN2017511	u3108
train	UN2017511	u3109
train	UN2017511	u310A
train	UN2017511	u310B
train	UN2017511	u310C
train	UN2017511	u310D
train	UN2017511	u310E
train	UN2017511	u310F
train	UN2017511	u3110
train	UN2017511	u3111
train	UN2017511	u3112
train	UN2017511	u3113
train	UN2017511	u3114
train	UN2017511	u3115
train	UN2017511	u3116
train	UN2017511	u3117
train	UN2017511	u3118
train	UN2017511	u3119
train	UN2017511	u311A
train	UN2017511	u311B
train	UN2017511	u311C
train	UN2017511	u311D
train	UN2017511	u311E
train	UN2017511	u311F
train	UN2017511	u3120
train	UN2017511	u3121
train	UN2017511	u3122
train	UN2017511	u3123
train	UN2017511	u3124
train	UN2017511	u3125
train	UN2017511	u3126
train	UN2017511	u3127
train	UN2017511	u3128
train	UN2017511	u3129
train	UN2017529	u0030
train	UN2017529	u0031
train	UN2017529	u0032
train	UN2017529	u0033
train	UN2017529	u0034
train	UN2017529	u0035
train	UN2017529	u0036
train	UN2017529	u0037
train	UN2017529	u0038
train	UN2017529	u0039
train	UN2017529	u0041
train	UN2017529	u0042
train	UN2017529	u0043
train	UN2017529	u0044
train	UN2017529	u0045
train	UN2017529	u0046
train	UN2017529	u0047
train	UN2017529	u0048
train	UN2017529	u0049
train	UN2017529	u004A
train	UN2017529	u004B
train	UN2017529	u004C
train	UN2017529	u004D
train	UN2017529	u004E
train	UN2017529	u004F
train	UN2017529	u0050
train	UN2017529	u0051
train	UN2017529	u0052
train	UN2017529	u0053
train	UN2017529	u0054
train	UN2017529	u0055
train	UN2017529	u0056
train	UN2017529	u0057
train	UN2017529	u0058
train	UN2017529	u0059
train	UN2017529	u005A
train	UN2017529	u0061
train	UN2017529	u0062
train	UN2017529	u0063
train	UN2017529	u0064
train	UN2017529	u0065
train	UN2017529	u0066
train	UN2017529	u0067
train	UN2017529	u0068
train	UN2017529	u0069
train	UN2017529	u006A
train	UN2017529	u006B
train	UN2017529	u006C
train	UN2017529	u006D
train	UN2017529	u006E
train	UN2017529	u006F
train	UN2017529	u0070
train	UN2017529	u0071
train	UN2017529	u0072
train	UN2017529	u0073
train	UN2017529	u0074
train	UN2017529	u0075
train	UN2017529	u0076
train	UN2017529	u0077
train	UN2017529	u0078
train	UN2017529	u0079
train	UN2017529	u007A
train	UN2017529	u00E0
train	UN2017529	u00E1
train	UN2017529	u00E8
train	UN2017529	u00E9
train	UN2017529	u00EA
train	UN2017529	u00ED
train	UN2017529	u00F2
train	UN2017529	u00F3
train	UN2017529	u00F9
train	UN2017529	u00FA
train	UN2017529	u00FC
train	UN2017529	u0101
train	UN2017529	u0113
train	UN2017529	u011B
train	UN2017529	u012B
train	UN2017529	u0144
train	UN2017529	u0148
train	UN2017529	u014D
train	UN2017529	u016B
train	UN2017529	u01CE
train	UN2017529	u01D0
train	UN2017529	u01D2
train	UN2017529	u01D4
train	UN2017529	u01D6
train	UN2017529	u01D8
train	UN2017529	u01DA
train	UN2017529	u01DC
train	UN2017529	u3041
train	UN2017529	u3042
train	UN2017529	u3043
train	UN2017529	u3044
train	UN2017529	u3045
train	UN2017529	u3046
train	UN2017529	u3047
train	UN2017529	u3048
train	UN2017529	u3049
train	UN2017529	u304A
train	UN2017529	u304B
train	UN2017529	u304C
train	UN2017529	u304D
train	UN2017529	u304E
train	UN2017529	u304F
train	UN2017529	u3050
train	UN2017529	u3051
train	UN2017529	u3052
train	UN2017529	u3053
train	UN2017529	u3054
train	UN2017529	u3055
train	UN2017529	u3056
train	UN2017529	u3057
train	UN2017529	u3058
train	UN2017529	u3059
train	UN2017529	u305A
train	UN2017529	u305B
train	UN2017529	u305C
train	UN2017529	u305D
train	UN2017529	u305E
train	UN2017529	u305F
train	UN2017529	u3060
train	UN2017529	u3061
train	UN2017529	u3062
train	UN2017529	u3063
train	UN2017529	u3064
train	UN2017529	u3065
train	UN2017529	u3066
train	UN2017529	u3067
train	UN2017529	u3068
train	UN2017529	u3069
train	UN2017529	u306A
train	UN2017529	u306B
train	UN2017529	u306C
train	UN2017529	u306D
train	UN2017529	u306E
train	UN2017529	u306F
train	UN2017529	u3070
train	UN2017529	u3071
train	UN2017529	u3072
train	UN2017529	u3073
train	UN2017529	u3074
train	UN2017529	u3075
train	UN2017529	u3076
train	UN2017529	u3077
train	UN2017529	u3078
train	UN2017529	u3079
train	UN2017529	u307A
train	UN2017529	u307B
train	UN2017529	u307C
train	UN2017529	u307D
train	UN2017529	u307E
train	UN2017529	u307F
train	UN2017529	u3080
train	UN2017529	u3081
train	UN2017529	u3082
train	UN2017529	u3083
train	UN2017529	u3084
train	UN2017529	u3085
train	UN2017529	u3086
train	UN2017529	u3087
train	UN2017529	u3088
train	UN2017529	u3089
train	UN2017529	u308A
train	UN2017529	u308B
train	UN2017529	u308C
train	UN2017529	u308D
train	UN2017529	u308E
train	UN2017529	u308F
train	UN2017529	u3090
train	UN2017529	u3091
train	UN2017529	u3092
train	UN2017529	u3093
train	UN2017529	u30A1
train	UN2017529	u30A2
train	UN2017529	u30A3
train	UN2017529	u30A4
train	UN2017529	u30A5
train	UN2017529	u30A6
train	UN2017529	u30A7
train	UN2017529	u30A8
train	UN2017529	u30A9
train	UN2017529	u30AA
train	UN2017529	u30AB
train	UN2017529	u30AC
train	UN2017529	u30AD
train	UN2017529	u30AE
train	UN2017529	u30AF
train	UN2017529	u30B0
train	UN2017529	u30B1
train	UN2017529	u30B2
train	UN2017529	u30B3
train	UN2017529	u30B4
train	UN2017529	u30B5
train	UN2017529	u30B6
train	UN2017529	u30B7
train	UN2017529	u30B8
train	UN2017529	u30B9
train	UN2017529	u30BA
train	UN2017529	u30BB
train	UN2017529	u30BC
train	UN2017529	u30BD
train	UN2017529	u30BE
train	UN2017529	u30BF
train	UN2017529	u30C0
train	UN2017529	u30C1
train	UN2017529	u30C2
train	UN2017529	u30C3
train	UN2017529	u30C4
train	UN2017529	u30C5
train	UN2017529	u30C6
train	UN2017529	u30C7
train	UN2017529	u30C8
train	UN2017529	u30C9
train	UN2017529	u30CA
train	UN2017529	u30CB
train	UN2017529	u30CC
train	UN2017529	u30CD
train	UN2017529	u30CE
train	UN2017529	u30CF
train	UN2017529	u30D0
train	UN2017529	u30D1
train	UN2017529	u30D2
train	UN2017529	u30D3
train	UN2017529	u30D4
train	UN2017529	u30D5
train	UN2017529	u30D6
train	UN2017529	u30D7
train	UN2017529	u30D8
train	UN2017529	u30D9
train	UN2017529	u30DA
train	UN2017529	u30DB
train	UN2017529	u30DC
train	UN2017529	u30DD
train	UN2017529	u30DE
train	UN2017529	u30DF
train	UN2017529	u30E0
train	UN2017529	u30E1
train	UN2017529	u30E2
train	UN2017529	u30E3
train	UN2017529	u30E4
train	UN2017529	u30E5
train	UN2017529	u30E6
train	UN2017529	u30E7
train	UN2017529	u30E8
train	UN2017529	u30E9
train	UN2017529	u30EA
train	UN2017529	u30EB
train	UN2017529	u30EC
train	UN2017529	u30ED
train	UN2017529	u30EE
train	UN2017529	u30EF
train	UN2017529	u30F0
train	UN2017529	u30F1
train	UN2017529	u30F2
train	UN2017529	u30F3
train	UN2017529	u30F4
train	UN2017529	u30F5
train	UN2017529	u30F6
train	UN2017529	u3105
train	UN2017529	u3106
train	UN2017529	u3107
train	UN2017529	u3108
train	UN2017529	u3109
train	UN2017529	u310A
train	UN2017529	u310B
train	UN2017529	u310C
train	UN2017529	u310D
train	UN2017529	u310E
train	UN2017529	u310F
train	UN2017529	u3110
train	UN2017529	u3111
train	UN2017529	u3112
train	UN2017529	u3113
train	UN2017529	u3114
train	UN2017529	u3115
train	UN2017529	u3116
train	UN2017529	u3117
train	UN2017529	u3118
train	UN2017529	u3119
train	UN2017529	u311A
train	UN2017529	u311B
train	UN2017529	u311C
train	UN2017529	u311D
train	UN2017529	u311E
train	UN2017529	u311F
train	UN2017529	u3120
train	UN2017529	u3121
train	UN2017529	u3122
train	UN2017529	u3123
train	UN2017529	u3124
train	UN2017529	u3125
train	UN2017529	u3126
train	UN2017529	u3127
train	UN2017529	u3128
train	UN2017529	u3129
train	UN2017539	u0030
train	UN2017539	u0031
train	UN2017539	u0032
train	UN2017539	u0033
train	UN2017539	u0034
train	UN2017539	u0035
train	UN2017539	u0036
train	UN2017539	u0037
train	UN2017539	u0038
train	UN2017539	u0039
train	UN2017539	u0041
train	UN2017539	u0042
train	UN2017539	u0043
train	UN2017539	u0044
train	UN2017539	u0045
train	UN2017539	u0046
train	UN2017539	u0047
train	UN2017539	u0048
train	UN2017539	u0049
train	UN2017539	u004A
train	UN2017539	u004B
train	UN2017539	u004C
train	UN2017539	u004D
train	UN2017539	u004E
train	UN2017539	u004F
train	UN2017539	u0050
train	UN2017539	u0051
train	UN2017539	u0052
train	UN2017539	u0053
train	UN2017539	u0054
train	UN2017539	u0055
train	UN2017539	u0056
train	UN2017539	u0057
train	UN2017539	u0058
train	UN2017539	u0059
train	UN2017539	u005A
train	UN2017539	u0061
train	UN2017539	u0062
train	UN2017539	u0063
train	UN2017539	u0064
train	UN2017539	u0065
train	UN2017539	u0066
train	UN2017539	u0067
train	UN2017539	u0068
train	UN2017539	u0069
train	UN2017539	u006A
train	UN2017539	u006B
train	UN2017539	u006C
train	UN2017539	u006D
train	UN2017539	u006E
train	UN2017539	u006F
train	UN2017539	u0070
train	UN2017539	u0071
train	UN2017539	u0072
train	UN2017539	u0073
train	UN2017539	u0074
train	UN2017539	u0075
train	UN2017539	u0076
train	UN2017539	u0077
train	UN2017539	u0078
train	UN2017539	u0079
train	UN2017539	u007A
train	UN2017539	u00E0
train	UN2017539	u00E1
train	UN2017539	u00E8
train	UN2017539	u00E9
train	UN2017539	u00EA
train	UN2017539	u00ED
train	UN2017539	u00F2
train	UN2017539	u00F3
train	UN2017539	u00F9
train	UN2017539	u00FA
train	UN2017539	u00FC
train	UN2017539	u0101
train	UN2017539	u0113
train	UN2017539	u011B
train	UN2017539	u012B
train	UN2017539	u0144
train	UN2017539	u0148
train	UN2017539	u014D
train	UN2017539	u016B
train	UN2017539	u01CE
train	UN2017539	u01D0
train	UN2017539	u01D2
train	UN2017539	u01D4
train	UN2017539	u01D6
train	UN2017539	u01D8
train	UN2017539	u01DA
train	UN2017539	u01DC
train	UN2017539	u3041
train	UN2017539	u3042
train	UN2017539	u3043
train	UN2017539	u3044
train	UN2017539	u3045
train	UN2017539	u3046
train	UN2017539	u3047
train	UN2017539	u3048
train	UN2017539	u3049
train	UN2017539	u304A
train	UN2017539	u304B
train	UN2017539	u304C
train	UN2017539	u304D
train	UN2017539	u304E
train	UN2017539	u304F
train	UN2017539	u3050
train	UN2017539	u3051
train	UN2017539	u3052
train	UN2017539	u3053
train	UN2017539	u3054
train	UN2017539	u3055
train	UN2017539	u3056
train	UN2017539	u3057
train	UN2017539	u3058
train	UN2017539	u3059
train	UN2017539	u305A
train	UN2017539	u305B
train	UN2017539	u305C
train	UN2017539	u305D
train	UN2017539	u305E
train	UN2017539	u305F
train	UN2017539	u3060
train	UN2017539	u3061
train	UN2017539	u3062
train	UN2017539	u3063
train	UN2017539	u3064
train	UN2017539	u3065
train	UN2017539	u3066
train	UN2017539	u3067
train	UN2017539	u3068
train	UN2017539	u3069
train	UN2017539	u306A
train	UN2017539	u306B
train	UN2017539	u306C
train	UN2017539	u306D
train	UN2017539	u306E
train	UN2017539	u306F
train	UN2017539	u3070
train	UN2017539	u3071
train	UN2017539	u3072
train	UN2017539	u3073
train	UN2017539	u3074
train	UN2017539	u3075
train	UN2017539	u3076
train	UN2017539	u3077
train	UN2017539	u3078
train	UN2017539	u3079
train	UN2017539	u307A
train	UN2017539	u307B
train	UN2017539	u307C
train	UN2017539	u307D
train	UN2017539	u307E
train	UN2017539	u307F
train	UN2017539	u3080
train	UN2017539	u3081
train	UN2017539	u3082
train	UN2017539	u3083
train	UN2017539	u3084
train	UN2017539	u3085
train	UN2017539	u3086
train	UN2017539	u3087
train	UN2017539	u3088
train	UN2017539	u3089
train	UN2017539	u308A
train	UN2017539	u308B
train	UN2017539	u308C
train	UN2017539	u308D
train	UN2017539	u308E
train	UN2017539	u308F
train	UN2017539	u3090
train	UN2017539	u3091
train	UN2017539	u3092
train	UN2017539	u3093
train	UN2017539	u30A1
train	UN2017539	u30A2
train	UN2017539	u30A3
train	UN2017539	u30A4
train	UN2017539	u30A5
train	UN2017539	u30A6
train	UN2017539	u30A7
train	UN2017539	u30A8
train	UN2017539	u30A9
train	UN2017539	u30AA
train	UN2017539	u30AB
train	UN2017539	u30AC
train	UN2017539	u30AD
train	UN2017539	u30AE
train	UN2017539	u30AF
train	UN2017539	u30B0
train	UN2017539	u30B1
train	UN2017539	u30B2
train	UN2017539	u30B3
train	UN2017539	u30B4
train	UN2017539	u30B5
train	UN2017539	u30B6
train	UN2017539	u30B7
train	UN2017539	u30B8
train	UN2017539	u30B9
train	UN2017539	u30BA
train	UN2017539	u30BB
train	UN2017539	u30BC
train	UN2017539	u30BD
train	UN2017539	u30BE
train	UN2017539	u30BF
train	UN2017539	u30C0
train	UN2017539	u30C1
train	UN2017539	u30C2
train	UN2017539	u30C3
train	UN2017539	u30C4
train	UN2017539	u30C5
train	UN2017539	u30C6
train	UN2017539	u30C7
train	UN2017539	u30C8
train	UN2017539	u30C9
train	UN2017539	u30CA
train	UN2017539	u30CB
train	UN2017539	u30CC
train	UN2017539	u30CD
train	UN2017539	u30CE
train	UN2017539	u30CF
train	UN2017539	u30D0
train	UN2017539	u30D1
train	UN2017539	u30D2
train	UN2017539	u30D3
train	UN2017539	u30D4
train	UN2017539	u30D5
train	UN2017539	u30D6
train	UN2017539	u30D7
train	UN2017539	u30D8
train	UN2017539	u30D9
train	UN2017539	u30DA
train	UN2017539	u30DB
train	UN2017539	u30DC
train	UN2017539	u30DD
train	UN2017539	u30DE
train	UN2017539	u30DF
train	UN2017539	u30E0
train	UN2017539	u30E1
train	UN2017539	u30E2
train	UN2017539	u30E3
train	UN2017539	u30E4
train	UN2017539	u30E5
train	UN2017539	u30E6
train	UN2017539	u30E7
train	UN2017539	u30E8
train	UN2017539	u30E9
train	UN2017539	u30EA
train	UN2017539	u30EB
train	UN2017539	u30EC
train	UN2017539	u30ED
train	UN2017539	u30EE
train	UN2017539	u30EF
train	UN2017539	u30F0
train	UN2017539	u30F1
train	UN2017539	u30F2
train	UN2017539	u30F3
train	UN2017539	u30F4
train	UN2017539	u30F5
train	UN2017539	u30F6
train	UN2017539	u3105
train	UN2017539	u3106
train	UN2017539	u3107
train	UN2017539	u3108
train	UN2017539	u3109
train	UN2017539	u310A
train	UN2017539	u310B
train	UN2017539	u310C
train	UN2017539	u310D
train	UN2017539	u310E
train	UN2017539	u310F
train	UN2017539	u3110
train	UN2017539	u3111
train	UN2017539	u3112
train	UN2017539	u3113
train	UN2017539	u3114
train	UN2017539	u3115
train	UN2017539	u3116
train	UN2017539	u3117
train	UN2017539	u3118
train	UN2017539	u3119
train	UN2017539	u311A
train	UN2017539	u311B
train	UN2017539	u311C
train	UN2017539	u311D
train	UN2017539	u311E
train	UN2017539	u311F
train	UN2017539	u3120
train	UN2017539	u3121
train	UN2017539	u3122
train	UN2017539	u3123
train	UN2017539	u3124
train	UN2017539	u3125
train	UN2017539	u3126
train	UN2017539	u3127
train	UN2017539	u3128
train	UN2017539	u3129
train	UN2017586	u0030
train	UN2017586	u0031
train	UN2017586	u0032
train	UN2017586	u0033
train	UN2017586	u0034
train	UN2017586	u0035
train	UN2017586	u0036
train	UN2017586	u0037
train	UN2017586	u0038
train	UN2017586	u0039
train	UN2017586	u0041
train	UN2017586	u0042
train	UN2017586	u0043
train	UN2017586	u0044
train	UN2017586	u0045
train	UN2017586	u0046
train	UN2017586	u0047
train	UN2017586	u0048
train	UN2017586	u0049
train	UN2017586	u004A
train	UN2017586	u004B
train	UN2017586	u004C
train	UN2017586	u004D
train	UN2017586	u004E
train	UN2017586	u004F
train	UN2017586	u0050
train	UN2017586	u0051
train	UN2017586	u0052
train	UN2017586	u0053
train	UN2017586	u0054
train	UN2017586	u0055
train	UN2017586	u0056
train	UN2017586	u0057
train	UN2017586	u0058
train	UN2017586	u0059
train	UN2017586	u005A
train	UN2017586	u0061
train	UN2017586	u0062
train	UN2017586	u0063
train	UN2017586	u0064
train	UN2017586	u0065
train	UN2017586	u0066
train	UN2017586	u0067
train	UN2017586	u0068
train	UN2017586	u0069
train	UN2017586	u006A
train	UN2017586	u006B
train	UN2017586	u006C
train	UN2017586	u006D
train	UN2017586	u006E
train	UN2017586	u006F
train	UN2017586	u0070
train	UN2017586	u0071
train	UN2017586	u0072
train	UN2017586	u0073
train	UN2017586	u0074
train	UN2017586	u0075
train	UN2017586	u0076
train	UN2017586	u0077
train	UN2017586	u0078
train	UN2017586	u0079
train	UN2017586	u007A
train	UN2017586	u00E0
train	UN2017586	u00E1
train	UN2017586	u00E8
train	UN2017586	u00E9
train	UN2017586	u00EA
train	UN2017586	u00ED
train	UN2017586	u00F2
train	UN2017586	u00F3
train	UN2017586	u00F9
train	UN2017586	u00FA
train	UN2017586	u00FC
train	UN2017586	u0101
train	UN2017586	u0113
train	UN2017586	u011B
train	UN2017586	u012B
train	UN2017586	u0144
train	UN2017586	u0148
train	UN2017586	u014D
train	UN2017586	u016B
train	UN2017586	u01CE
train	UN2017586	u01D0
train	UN2017586	u01D2
train	UN2017586	u01D4
train	UN2017586	u01D6
train	UN2017586	u01D8
train	UN2017586	u01DA
train	UN2017586	u01DC
train	UN2017586	u3041
train	UN2017586	u3042
train	UN2017586	u3043
train	UN2017586	u3044
train	UN2017586	u3045
train	UN2017586	u3046
train	UN2017586	u3047
train	UN2017586	u3048
train	UN2017586	u3049
train	UN2017586	u304A
train	UN2017586	u304B
train	UN2017586	u304C
train	UN2017586	u304D
train	UN2017586	u304E
train	UN2017586	u304F
train	UN2017586	u3050
train	UN2017586	u3051
train	UN2017586	u3052
train	UN2017586	u3053
train	UN2017586	u3054
train	UN2017586	u3055
train	UN2017586	u3056
train	UN2017586	u3057
train	UN2017586	u3058
train	UN2017586	u3059
train	UN2017586	u305A
train	UN2017586	u305B
train	UN2017586	u305C
train	UN2017586	u305D
train	UN2017586	u305E
train	UN2017586	u305F
train	UN2017586	u3060
train	UN2017586	u3061
train	UN2017586	u3062
train	UN2017586	u3063
train	UN2017586	u3064
train	UN2017586	u3065
train	UN2017586	u3066
train	UN2017586	u3067
train	UN2017586	u3068
train	UN2017586	u3069
train	UN2017586	u306A
train	UN2017586	u306B
train	UN2017586	u306C
train	UN2017586	u306D
train	UN2017586	u306E
train	UN2017586	u306F
train	UN2017586	u3070
train	UN2017586	u3071
train	UN2017586	u3072
train	UN2017586	u3073
train	UN2017586	u3074
train	UN2017586	u3075
train	UN2017586	u3076
train	UN2017586	u3077
train	UN2017586	u3078
train	UN2017586	u3079
train	UN2017586	u307A
train	UN2017586	u307B
train	UN2017586	u307C
train	UN2017586	u307D
train	UN2017586	u307E
train	UN2017586	u307F
train	UN2017586	u3080
train	UN2017586	u3081
train	UN2017586	u3082
train	UN2017586	u3083
train	UN2017586	u3084
train	UN2017586	u3085
train	UN2017586	u3086
train	UN2017586	u3087
train	UN2017586	u3088
train	UN2017586	u3089
train	UN2017586	u308A
train	UN2017586	u308B
train	UN2017586	u308C
train	UN2017586	u308D
train	UN2017586	u308E
train	UN2017586	u308F
train	UN2017586	u3090
train	UN2017586	u3091
train	UN2017586	u3092
train	UN2017586	u3093
train	UN2017586	u30A1
train	UN2017586	u30A2
train	UN2017586	u30A3
train	UN2017586	u30A4
train	UN2017586	u30A5
train	UN2017586	u30A6
train	UN2017586	u30A7
train	UN2017586	u30A8
train	UN2017586	u30A9
train	UN2017586	u30AA
train	UN2017586	u30AB
train	UN2017586	u30AC
train	UN2017586	u30AD
train	UN2017586	u30AE
train	UN2017586	u30AF
train	UN2017586	u30B0
train	UN2017586	u30B1
train	UN2017586	u30B2
train	UN2017586	u30B3
train	UN2017586	u30B4
train	UN2017586	u30B5
train	UN2017586	u30B6
train	UN2017586	u30B7
train	UN2017586	u30B8
train	UN2017586	u30B9
train	UN2017586	u30BA
train	UN2017586	u30BB
train	UN2017586	u30BC
train	UN2017586	u30BD
train	UN2017586	u30BE
train	UN2017586	u30BF
train	UN2017586	u30C0
train	UN2017586	u30C1
train	UN2017586	u30C2
train	UN2017586	u30C3
train	UN2017586	u30C4
train	UN2017586	u30C5
train	UN2017586	u30C6
train	UN2017586	u30C7
train	UN2017586	u30C8
train	UN2017586	u30C9
train	UN2017586	u30CA
train	UN2017586	u30CB
train	UN2017586	u30CC
train	UN2017586	u30CD
train	UN2017586	u30CE
train	UN2017586	u30CF
train	UN2017586	u30D0
train	UN2017586	u30D1
train	UN2017586	u30D2
train	UN2017586	u30D3
train	UN2017586	u30D4
train	UN2017586	u30D5
train	UN2017586	u30D6
train	UN2017586	u30D7
train	UN2017586	u30D8
train	UN2017586	u30D9
train	UN2017586	u30DA
train	UN2017586	u30DB
train	UN2017586	u30DC
train	UN2017586	u30DD
train	UN2017586	u30DE
train	UN2017586	u30DF
train	UN2017586	u30E0
train	UN2017586	u30E1
train	UN2017586	u30E2
train	UN2017586	u30E3
train	UN2017586	u30E4
train	UN2017586	u30E5
train	UN2017586	u30E6
train	UN2017586	u30E7
train	UN2017586	u30E8
train	UN2017586	u30E9
train	UN2017586	u30EA
train	UN2017586	u30EB
train	UN2017586	u30EC
train	UN2017586	u30ED
train	UN2017586	u30EE
train	UN2017586	u30EF
train	UN2017586	u30F0
train	UN2017586	u30F1
train	UN2017586	u30F2
train	UN2017586	u30F3
train	UN2017586	u30F4
train	UN2017586	u30F5
train	UN2017586	u30F6
train	UN2017586	u3105
train	UN2017586	u3106
train	UN2017586	u3107
train	UN2017586	u3108
train	UN2017586	u3109
train	UN2017586	u310A
train	UN2017586	u310B
train	UN2017586	u310C
train	UN2017586	u310D
train	UN2017586	u310E
train	UN2017586	u310F
train	UN2017586	u3110
train	UN2017586	u3111
train	UN2017586	u3112
train	UN2017586	u3113
train	UN2017586	u3114
train	UN2017586	u3115
train	UN2017586	u3116
train	UN2017586	u3117
train	UN2017586	u3118
train	UN2017586	u3119
train	UN2017586	u311A
train	UN2017586	u311B
train	UN2017586	u311C
train	UN2017586	u311D
train	UN2017586	u311E
train	UN2017586	u311F
train	UN2017586	u3120
train	UN2017586	u3121
train	UN2017586	u3122
train	UN2017586	u3123
train	UN2017586	u3124
train	UN2017586	u3125
train	UN2017586	u3126
train	UN2017586	u3127
train	UN2017586	u3128
train	UN2017586	u3129
train	UN2017587	u0030
train	UN2017587	u0031
train	UN2017587	u0032
train	UN2017587	u0033
train	UN2017587	u0034
train	UN2017587	u0035
train	UN2017587	u0036
train	UN2017587	u0037
train	UN2017587	u0038
train	UN2017587	u0039
train	UN2017587	u0041
train	UN2017587	u0042
train	UN2017587	u0043
train	UN2017587	u0044
train	UN2017587	u0045
train	UN2017587	u0046
train	UN2017587	u0047
train	UN2017587	u0048
train	UN2017587	u0049
train	UN2017587	u004A
train	UN2017587	u004B
train	UN2017587	u004C
train	UN2017587	u004D
train	UN2017587	u004E
train	UN2017587	u004F
train	UN2017587	u0050
train	UN2017587	u0051
train	UN2017587	u0052
train	UN2017587	u0053
train	UN2017587	u0054
train	UN2017587	u0055
train	UN2017587	u0056
train	UN2017587	u0057
train	UN2017587	u0058
train	UN2017587	u0059
train	UN2017587	u005A
train	UN2017587	u0061
train	UN2017587	u0062
train	UN2017587	u0063
train	UN2017587	u0064
train	UN2017587	u0065
train	UN2017587	u0066
train	UN2017587	u0067
train	UN2017587	u0068
train	UN2017587	u0069
train	UN2017587	u006A
train	UN2017587	u006B
train	UN2017587	u006C
train	UN2017587	u006D
train	UN2017587	u006E
train	UN2017587	u006F
train	UN2017587	u0070
train	UN2017587	u0071
train	UN2017587	u0072
train	UN2017587	u0073
train	UN2017587	u0074
train	UN2017587	u0075
train	UN2017587	u0076
train	UN2017587	u0077
train	UN2017587	u0078
train	UN2017587	u0079
train	UN2017587	u007A
train	UN2017721	u0030
train	UN2017721	u0031
train	UN2017721	u0032
train	UN2017721	u0033
train	UN2017721	u0034
train	UN2017721	u0035
train	UN2017721	u0036
train	UN2017721	u0037
train	UN2017721	u0038
train	UN2017721	u0039
train	UN2017721	u0041
train	UN2017721	u0042
train	UN2017721	u0043
train	UN2017721	u0044
train	UN2017721	u0045
train	UN2017721	u0046
train	UN2017721	u0047
train	UN2017721	u0048
train	UN2017721	u0049
train	UN2017721	u004A
train	UN2017721	u004B
train	UN2017721	u004C
train	UN2017721	u004D
train	UN2017721	u004E
train	UN2017721	u004F
train	UN2017721	u0050
train	UN2017721	u0051
train	UN2017721	u0052
train	UN2017721	u0053
train	UN2017721	u0054
train	UN2017721	u0055
train	UN2017721	u0056
train	UN2017721	u0057
train	UN2017721	u0058
train	UN2017721	u0059
train	UN2017721	u005A
train	UN2017721	u0061
train	UN2017721	u0062
train	UN2017721	u0063
train	UN2017721	u0064
train	UN2017721	u0065
train	UN2017721	u0066
train	UN2017721	u0067
train	UN2017721	u0068
train	UN2017721	u0069
train	UN2017721	u006A
train	UN2017721	u006B
train	UN2017721	u006C
train	UN2017721	u006D
train	UN2017721	u006E
train	UN2017721	u006F
train	UN2017721	u0070
train	UN2017721	u0071
train	UN2017721	u0072
train	UN2017721	u0073
train	UN2017721	u0074
train	UN2017721	u0075
train	UN2017721	u0076
train	UN2017721	u0077
train	UN2017721	u0078
train	UN2017721	u0079
train	UN2017721	u007A
train	UN2017733	u0030
train	UN2017733	u0031
train	UN2017733	u0032
train	UN2017733	u0033
train	UN2017733	u0034
train	UN2017733	u0035
train	UN2017733	u0036
train	UN2017733	u0037
train	UN2017733	u0038
train	UN2017733	u0039
train	UN2017733	u0041
train	UN2017733	u0042
train	UN2017733	u0043
train	UN2017733	u0044
train	UN2017733	u0045
train	UN2017733	u0046
train	UN2017733	u0047
train	UN2017733	u0048
train	UN2017733	u0049
train	UN2017733	u004A
train	UN2017733	u004B
train	UN2017733	u004C
train	UN2017733	u004D
train	UN2017733	u004E
train	UN2017733	u004F
train	UN2017733	u0050
train	UN2017733	u0051
train	UN2017733	u0052
train	UN2017733	u0053
train	UN2017733	u0054
train	UN2017733	u0055
train	UN2017733	u0056
train	UN2017733	u0057
train	UN2017733	u0058
train	UN2017733	u0059
train	UN2017733	u005A
train	UN2017733	u0061
train	UN2017733	u0062
train	UN2017733	u0063
train	UN2017733	u0064
train	UN2017733	u0065
train	UN2017733	u0066
train	UN2017733	u0067
train	UN2017733	u0068
train	UN2017733	u0069
train	UN2017733	u006A
train	UN2017733	u006B
train	UN2017733	u006C
train	UN2017733	u006D
train	UN2017733	u006E
train	UN2017733	u006F
train	UN2017733	u0070
train	UN2017733	u0071
train	UN2017733	u0072
train	UN2017733	u0073
train	UN2017733	u0074
train	UN2017733	u0075
train	UN2017733	u0076
train	UN2017733	u0077
train	UN2017733	u0078
train	UN2017733	u0079
train	UN2017733	u007A
train	UN2017733	u00E0
train	UN2017733	u00E1
train	UN2017733	u00E8
train	UN2017733	u00E9
train	UN2017733	u00EA
train	UN2017733	u00ED
train	UN2017733	u00F2
train	UN2017733	u00F3
train	UN2017733	u00F9
train	UN2017733	u00FA
train	UN2017733	u00FC
train	UN2017733	u0101
train	UN2017733	u0113
train	UN2017733	u011B
train	UN2017733	u012B
train	UN2017733	u0144
train	UN2017733	u0148
train	UN2017733	u014D
train	UN2017733	u016B
train	UN2017733	u01CE
train	UN2017733	u01D0
train	UN2017733	u01D2
train	UN2017733	u01D4
train	UN2017733	u01D6
train	UN2017733	u01D8
train	UN2017733	u01DA
train	UN2017733	u01DC
train	UN2017733	u3041
train	UN2017733	u3042
train	UN2017733	u3043
train	UN2017733	u3044
train	UN2017733	u3045
train	UN2017733	u3046
train	UN2017733	u3047
train	UN2017733	u3048
train	UN2017733	u3049
train	UN2017733	u304A
train	UN2017733	u304B
train	UN2017733	u304C
train	UN2017733	u304D
train	UN2017733	u304E
train	UN2017733	u304F
train	UN2017733	u3050
train	UN2017733	u3051
train	UN2017733	u3052
train	UN2017733	u3053
train	UN2017733	u3054
train	UN2017733	u3055
train	UN2017733	u3056
train	UN2017733	u3057
train	UN2017733	u3058
train	UN2017733	u3059
train	UN2017733	u305A
train	UN2017733	u305B
train	UN2017733	u305C
train	UN2017733	u305D
train	UN2017733	u305E
train	UN2017733	u305F
train	UN2017733	u3060
train	UN2017733	u3061
train	UN2017733	u3062
train	UN2017733	u3063
train	UN2017733	u3064
train	UN2017733	u3065
train	UN2017733	u3066
train	UN2017733	u3067
train	UN2017733	u3068
train	UN2017733	u3069
train	UN2017733	u306A
train	UN2017733	u306B
train	UN2017733	u306C
train	UN2017733	u306D
train	UN2017733	u306E
train	UN2017733	u306F
train	UN2017733	u3070
train	UN2017733	u3071
train	UN2017733	u3072
train	UN2017733	u3073
train	UN2017733	u3074
train	UN2017733	u3075
train	UN2017733	u3076
train	UN2017733	u3077
train	UN2017733	u3078
train	UN2017733	u3079
train	UN2017733	u307A
train	UN2017733	u307B
train	UN2017733	u307C
train	UN2017733	u307D
train	UN2017733	u307E
train	UN2017733	u307F
train	UN2017733	u3080
train	UN2017733	u3081
train	UN2017733	u3082
train	UN2017733	u3083
train	UN2017733	u3084
train	UN2017733	u3085
train	UN2017733	u3086
train	UN2017733	u3087
train	UN2017733	u3088
train	UN2017733	u3089
train	UN2017733	u308A
train	UN2017733	u308B
train	UN2017733	u308C
train	UN2017733	u308D
train	UN2017733	u308E
train	UN2017733	u308F
train	UN2017733	u3090
train	UN2017733	u3091
train	UN2017733	u3092
train	UN2017733	u3093
train	UN2017733	u30A1
train	UN2017733	u30A2
train	UN2017733	u30A3
train	UN2017733	u30A4
train	UN2017733	u30A5
train	UN2017733	u30A6
train	UN2017733	u30A7
train	UN2017733	u30A8
train	UN2017733	u30A9
train	UN2017733	u30AA
train	UN2017733	u30AB
train	UN2017733	u30AC
train	UN2017733	u30AD
train	UN2017733	u30AE
train	UN2017733	u30AF
train	UN2017733	u30B0
train	UN2017733	u30B1
train	UN2017733	u30B2
train	UN2017733	u30B3
train	UN2017733	u30B4
train	UN2017733	u30B5
train	UN2017733	u30B6
train	UN2017733	u30B7
train	UN2017733	u30B8
train	UN2017733	u30B9
train	UN2017733	u30BA
train	UN2017733	u30BB
train	UN2017733	u30BC
train	UN2017733	u30BD
train	UN2017733	u30BE
train	UN2017733	u30BF
train	UN2017733	u30C0
train	UN2017733	u30C1
train	UN2017733	u30C2
train	UN2017733	u30C3
train	UN2017733	u30C4
train	UN2017733	u30C5
train	UN2017733	u30C6
train	UN2017733	u30C7
train	UN2017733	u30C8
train	UN2017733	u30C9
train	UN2017733	u30CA
train	UN2017733	u30CB
train	UN2017733	u30CC
train	UN2017733	u30CD
train	UN2017733	u30CE
train	UN2017733	u30CF
train	UN2017733	u30D0
train	UN2017733	u30D1
train	UN2017733	u30D2
train	UN2017733	u30D3
train	UN2017733	u30D4
train	UN2017733	u30D5
train	UN2017733	u30D6
train	UN2017733	u30D7
train	UN2017733	u30D8
train	UN2017733	u30D9
train	UN2017733	u30DA
train	UN2017733	u30DB
train	UN2017733	u30DC
train	UN2017733	u30DD
train	UN2017733	u30DE
train	UN2017733	u30DF
train	UN2017733	u30E0
train	UN2017733	u30E1
train	UN2017733	u30E2
train	UN2017733	u30E3
train	UN2017733	u30E4
train	UN2017733	u30E5
train	UN2017733	u30E6
train	UN2017733	u30E7
train	UN2017733	u30E8
train	UN2017733	u30E9
train	UN2017733	u30EA
train	UN2017733	u30EB
train	UN2017733	u30EC
train	UN2017733	u30ED
train	UN2017733	u30EE
train	UN2017733	u30EF
train	UN2017733	u30F0
train	UN2017733	u30F1
train	UN2017733	u30F2
train	UN2017733	u30F3
train	UN2017733	u30F4
train	UN2017733	u30F5
train	UN2017733	u30F6
train	UN2017733	u3105
train	UN2017733	u3106
train	UN2017733	u3107
train	UN2017733	u3108
train	UN2017733	u3109
train	UN2017733	u310A
train	UN2017733	u310B
train	UN2017733	u310C
train	UN2017733	u310D
train	UN2017733	u310E
train	UN2017733	u310F
train	UN2017733	u3110
train	UN2017733	u3111
train	UN2017733	u3112
train	UN2017733	u3113
train	UN2017733	u3114
train	UN2017733	u3115
train	UN2017733	u3116
train	UN2017733	u3117
train	UN2017733	u3118
train	UN2017733	u3119
train	UN2017733	u311A
train	UN2017733	u311B
train	UN2017733	u311C
train	UN2017733	u311D
train	UN2017733	u311E
train	UN2017733	u311F
train	UN2017733	u3120
train	UN2017733	u3121
train	UN2017733	u3122
train	UN2017733	u3123
train	UN2017733	u3124
train	UN2017733	u3125
train	UN2017733	u3126
train	UN2017733	u3127
train	UN2017733	u3128
train	UN2017733	u3129
train	UN2017750	u0030
train	UN2017750	u0031
train	UN2017750	u0032
train	UN2017750	u0033
train	UN2017750	u0034
train	UN2017750	u0035
train	UN2017750	u0036
train	UN2017750	u0037
train	UN2017750	u0038
train	UN2017750	u0039
train	UN2017750	u0041
train	UN2017750	u0042
train	UN2017750	u0043
train	UN2017750	u0044
train	UN2017750	u0045
train	UN2017750	u0046
train	UN2017750	u0047
train	UN2017750	u0048
train	UN2017750	u0049
train	UN2017750	u004A
train	UN2017750	u004B
train	UN2017750	u004C
train	UN2017750	u004D
train	UN2017750	u004E
train	UN2017750	u004F
train	UN2017750	u0050
train	UN2017750	u0051
train	UN2017750	u0052
train	UN2017750	u0053
train	UN2017750	u0054
train	UN2017750	u0055
train	UN2017750	u0056
train	UN2017750	u0057
train	UN2017750	u0058
train	UN2017750	u0059
train	UN2017750	u005A
train	UN2017750	u0061
train	UN2017750	u0062
train	UN2017750	u0063
train	UN2017750	u0064
train	UN2017750	u0065
train	UN2017750	u0066
train	UN2017750	u0067
train	UN2017750	u0068
train	UN2017750	u0069
train	UN2017750	u006A
train	UN2017750	u006B
train	UN2017750	u006C
train	UN2017750	u006D
train	UN2017750	u006E
train	UN2017750	u006F
train	UN2017750	u0070
train	UN2017750	u0071
train	UN2017750	u0072
train	UN2017750	u0073
train	UN2017750	u0074
train	UN2017750	u0075
train	UN2017750	u0076
train	UN2017750	u0077
train	UN2017750	u0078
train	UN2017750	u0079
train	UN2017750	u007A
train	UN2017750	u00E0
train	UN2017750	u00E1
train	UN2017750	u00E8
train	UN2017750	u00E9
train	UN2017750	u00EA
train	UN2017750	u00ED
train	UN2017750	u00F2
train	UN2017750	u00F3
train	UN2017750	u00F9
train	UN2017750	u00FA
train	UN2017750	u00FC
train	UN2017750	u0101
train	UN2017750	u0113
train	UN2017750	u011B
train	UN2017750	u012B
train	UN2017750	u0144
train	UN2017750	u0148
train	UN2017750	u014D
train	UN2017750	u016B
train	UN2017750	u01CE
train	UN2017750	u01D0
train	UN2017750	u01D2
train	UN2017750	u01D4
train	UN2017750	u01D6
train	UN2017750	u01D8
train	UN2017750	u01DA
train	UN2017750	u01DC
train	UN2017750	u3041
train	UN2017750	u3042
train	UN2017750	u3043
train	UN2017750	u3044
train	UN2017750	u3045
train	UN2017750	u3046
train	UN2017750	u3047
train	UN2017750	u3048
train	UN2017750	u3049
train	UN2017750	u304A
train	UN2017750	u304B
train	UN2017750	u304C
train	UN2017750	u304D
train	UN2017750	u304E
train	UN2017750	u304F
train	UN2017750	u3050
train	UN2017750	u3051
train	UN2017750	u3052
train	UN2017750	u3053
train	UN2017750	u3054
train	UN2017750	u3055
train	UN2017750	u3056
train	UN2017750	u3057
train	UN2017750	u3058
train	UN2017750	u3059
train	UN2017750	u305A
train	UN2017750	u305B
train	UN2017750	u305C
train	UN2017750	u305D
train	UN2017750	u305E
train	UN2017750	u305F
train	UN2017750	u3060
train	UN2017750	u3061
train	UN2017750	u3062
train	UN2017750	u3063
train	UN2017750	u3064
train	UN2017750	u3065
train	UN2017750	u3066
train	UN2017750	u3067
train	UN2017750	u3068
train	UN2017750	u3069
train	UN2017750	u306A
train	UN2017750	u306B
train	UN2017750	u306C
train	UN2017750	u306D
train	UN2017750	u306E
train	UN2017750	u306F
train	UN2017750	u3070
train	UN2017750	u3071
train	UN2017750	u3072
train	UN2017750	u3073
train	UN2017750	u3074
train	UN2017750	u3075
train	UN2017750	u3076
train	UN2017750	u3077
train	UN2017750	u3078
train	UN2017750	u3079
train	UN2017750	u307A
train	UN2017750	u307B
train	UN2017750	u307C
train	UN2017750	u307D
train	UN2017750	u307E
train	UN2017750	u307F
train	UN2017750	u3080
train	UN2017750	u3081
train	UN2017750	u3082
train	UN2017750	u3083
train	UN2017750	u3084
train	UN2017750	u3085
train	UN2017750	u3086
train	UN2017750	u3087
train	UN2017750	u3088
train	UN2017750	u3089
train	UN2017750	u308A
train	UN2017750	u308B
train	UN2017750	u308C
train	UN2017750	u308D
train	UN2017750	u308E
train	UN2017750	u308F
train	UN2017750	u3090
train	UN2017750	u3091
train	UN2017750	u3092
train	UN2017750	u3093
train	UN2017750	u30A1
train	UN2017750	u30A2
train	UN2017750	u30A3
train	UN2017750	u30A4
train	UN2017750	u30A5
train	UN2017750	u30A6
train	UN2017750	u30A7
train	UN2017750	u30A8
train	UN2017750	u30A9
train	UN2017750	u30AA
train	UN2017750	u30AB
train	UN2017750	u30AC
train	UN2017750	u30AD
train	UN2017750	u30AE
train	UN2017750	u30AF
train	UN2017750	u30B0
train	UN2017750	u30B1
train	UN2017750	u30B2
train	UN2017750	u30B3
train	UN2017750	u30B4
train	UN2017750	u30B5
train	UN2017750	u30B6
train	UN2017750	u30B7
train	UN2017750	u30B8
train	UN2017750	u30B9
train	UN2017750	u30BA
train	UN2017750	u30BB
train	UN2017750	u30BC
train	UN2017750	u30BD
train	UN2017750	u30BE
train	UN2017750	u30BF
train	UN2017750	u30C0
train	UN2017750	u30C1
train	UN2017750	u30C2
train	UN2017750	u30C3
train	UN2017750	u30C4
train	UN2017750	u30C5
train	UN2017750	u30C6
train	UN2017750	u30C7
train	UN2017750	u30C8
train	UN2017750	u30C9
train	UN2017750	u30CA
train	UN2017750	u30CB
train	UN2017750	u30CC
train	UN2017750	u30CD
train	UN2017750	u30CE
train	UN2017750	u30CF
train	UN2017750	u30D0
train	UN2017750	u30D1
train	UN2017750	u30D2
train	UN2017750	u30D3
train	UN2017750	u30D4
train	UN2017750	u30D5
train	UN2017750	u30D6
train	UN2017750	u30D7
train	UN2017750	u30D8
train	UN2017750	u30D9
train	UN2017750	u30DA
train	UN2017750	u30DB
train	UN2017750	u30DC
train	UN2017750	u30DD
train	UN2017750	u30DE
train	UN2017750	u30DF
train	UN2017750	u30E0
train	UN2017750	u30E1
train	UN2017750	u30E2
train	UN2017750	u30E3
train	UN2017750	u30E4
train	UN2017750	u30E5
train	UN2017750	u30E6
train	UN2017750	u30E7
train	UN2017750	u30E8
train	UN2017750	u30E9
train	UN2017750	u30EA
train	UN2017750	u30EB
train	UN2017750	u30EC
train	UN2017750	u30ED
train	UN2017750	u30EE
train	UN2017750	u30EF
train	UN2017750	u30F0
train	UN2017750	u30F1
train	UN2017750	u30F2
train	UN2017750	u30F3
train	UN2017750	u30F4
train	UN2017750	u30F5
train	UN2017750	u30F6
train	UN2017750	u3105
train	UN2017750	u3106
train	UN2017750	u3107
train	UN2017750	u3108
train	UN2017750	u3109
train	UN2017750	u310A
train	UN2017750	u310B
train	UN2017750	u310C
train	UN2017750	u310D
train	UN2017750	u310E
train	UN2017750	u310F
train	UN2017750	u3110
train	UN2017750	u3111
train	UN2017750	u3112
train	UN2017750	u3113
train	UN2017750	u3114
train	UN2017750	u3115
train	UN2017750	u3116
train	UN2017750	u3117
train	UN2017750	u3118
train	UN2017750	u3119
train	UN2017750	u311A
train	UN2017750	u311B
train	UN2017750	u311C
train	UN2017750	u311D
train	UN2017750	u311E
train	UN2017750	u311F
train	UN2017750	u3120
train	UN2017750	u3121
train	UN2017750	u3122
train	UN2017750	u3123
train	UN2017750	u3124
train	UN2017750	u3125
train	UN2017750	u3126
train	UN2017750	u3127
train	UN2017750	u3128
train	UN2017750	u3129
train	UN2017784	u0030
train	UN2017784	u0031
train	UN2017784	u0032
train	UN2017784	u0033
train	UN2017784	u0034
train	UN2017784	u0035
train	UN2017784	u0036
train	UN2017784	u0037
train	UN2017784	u0038
train	UN2017784	u0039
train	UN2017784	u0041
train	UN2017784	u0042
train	UN2017784	u0043
train	UN2017784	u0044
train	UN2017784	u0045
train	UN2017784	u0046
train	UN2017784	u0047
train	UN2017784	u0048
train	UN2017784	u0049
train	UN2017784	u004A
train	UN2017784	u004B
train	UN2017784	u004C
train	UN2017784	u004D
train	UN2017784	u004E
train	UN2017784	u004F
train	UN2017784	u0050
train	UN2017784	u0051
train	UN2017784	u0052
train	UN2017784	u0053
train	UN2017784	u0054
train	UN2017784	u0055
train	UN2017784	u0056
train	UN2017784	u0057
train	UN2017784	u0058
train	UN2017784	u0059
train	UN2017784	u005A
train	UN2017784	u0061
train	UN2017784	u0062
train	UN2017784	u0063
train	UN2017784	u0064
train	UN2017784	u0065
train	UN2017784	u0066
train	UN2017784	u0067
train	UN2017784	u0068
train	UN2017784	u0069
train	UN2017784	u006A
train	UN2017784	u006B
train	UN2017784	u006C
train	UN2017784	u006D
train	UN2017784	u006E
train	UN2017784	u006F
train	UN2017784	u0070
train	UN2017784	u0071
train	UN2017784	u0072
train	UN2017784	u0073
train	UN2017784	u0074
train	UN2017784	u0075
train	UN2017784	u0076
train	UN2017784	u0077
train	UN2017784	u0078
train	UN2017784	u0079
train	UN2017784	u007A
train	UN2017784	u00E0
train	UN2017784	u00E1
train	UN2017784	u00E8
train	UN2017784	u00E9
train	UN2017784	u00EA
train	UN2017784	u00ED
train	UN2017784	u00F2
train	UN2017784	u00F3
train	UN2017784	u00F9
train	UN2017784	u00FA
train	UN2017784	u00FC
train	UN2017784	u0101
train	UN2017784	u0113
train	UN2017784	u011B
train	UN2017784	u012B
train	UN2017784	u0144
train	UN2017784	u0148
train	UN2017784	u014D
train	UN2017784	u016B
train	UN2017784	u01CE
train	UN2017784	u01D0
train	UN2017784	u01D2
train	UN2017784	u01D4
train	UN2017784	u01D6
train	UN2017784	u01D8
train	UN2017784	u01DA
train	UN2017784	u01DC
train	UN2017784	u3041
train	UN2017784	u3042
train	UN2017784	u3043
train	UN2017784	u3044
train	UN2017784	u3045
train	UN2017784	u3046
train	UN2017784	u3047
train	UN2017784	u3048
train	UN2017784	u3049
train	UN2017784	u304A
train	UN2017784	u304B
train	UN2017784	u304C
train	UN2017784	u304D
train	UN2017784	u304E
train	UN2017784	u304F
train	UN2017784	u3050
train	UN2017784	u3051
train	UN2017784	u3052
train	UN2017784	u3053
train	UN2017784	u3054
train	UN2017784	u3055
train	UN2017784	u3056
train	UN2017784	u3057
train	UN2017784	u3058
train	UN2017784	u3059
train	UN2017784	u305A
train	UN2017784	u305B
train	UN2017784	u305C
train	UN2017784	u305D
train	UN2017784	u305E
train	UN2017784	u305F
train	UN2017784	u3060
train	UN2017784	u3061
train	UN2017784	u3062
train	UN2017784	u3063
train	UN2017784	u3064
train	UN2017784	u3065
train	UN2017784	u3066
train	UN2017784	u3067
train	UN2017784	u3068
train	UN2017784	u3069
train	UN2017784	u306A
train	UN2017784	u306B
train	UN2017784	u306C
train	UN2017784	u306D
train	UN2017784	u306E
train	UN2017784	u306F
train	UN2017784	u3070
train	UN2017784	u3071
train	UN2017784	u3072
train	UN2017784	u3073
train	UN2017784	u3074
train	UN2017784	u3075
train	UN2017784	u3076
train	UN2017784	u3077
train	UN2017784	u3078
train	UN2017784	u3079
train	UN2017784	u307A
train	UN2017784	u307B
train	UN2017784	u307C
train	UN2017784	u307D
train	UN2017784	u307E
train	UN2017784	u307F
train	UN2017784	u3080
train	UN2017784	u3081
train	UN2017784	u3082
train	UN2017784	u3083
train	UN2017784	u3084
train	UN2017784	u3085
train	UN2017784	u3086
train	UN2017784	u3087
train	UN2017784	u3088
train	UN2017784	u3089
train	UN2017784	u308A
train	UN2017784	u308B
train	UN2017784	u308C
train	UN2017784	u308D
train	UN2017784	u308E
train	UN2017784	u308F
train	UN2017784	u3090
train	UN2017784	u3091
train	UN2017784	u3092
train	UN2017784	u3093
train	UN2017784	u30A1
train	UN2017784	u30A2
train	UN2017784	u30A3
train	UN2017784	u30A4
train	UN2017784	u30A5
train	UN2017784	u30A6
train	UN2017784	u30A7
train	UN2017784	u30A8
train	UN2017784	u30A9
train	UN2017784	u30AA
train	UN2017784	u30AB
train	UN2017784	u30AC
train	UN2017784	u30AD
train	UN2017784	u30AE
train	UN2017784	u30AF
train	UN2017784	u30B0
train	UN2017784	u30B1
train	UN2017784	u30B2
train	UN2017784	u30B3
train	UN2017784	u30B4
train	UN2017784	u30B5
train	UN2017784	u30B6
train	UN2017784	u30B7
train	UN2017784	u30B8
train	UN2017784	u30B9
train	UN2017784	u30BA
train	UN2017784	u30BB
train	UN2017784	u30BC
train	UN2017784	u30BD
train	UN2017784	u30BE
train	UN2017784	u30BF
train	UN2017784	u30C0
train	UN2017784	u30C1
train	UN2017784	u30C2
train	UN2017784	u30C3
train	UN2017784	u30C4
train	UN2017784	u30C5
train	UN2017784	u30C6
train	UN2017784	u30C7
train	UN2017784	u30C8
train	UN2017784	u30C9
train	UN2017784	u30CA
train	UN2017784	u30CB
train	UN2017784	u30CC
train	UN2017784	u30CD
train	UN2017784	u30CE
train	UN2017784	u30CF
train	UN2017784	u30D0
train	UN2017784	u30D1
train	UN2017784	u30D2
train	UN2017784	u30D3
train	UN2017784	u30D4
train	UN2017784	u30D5
train	UN2017784	u30D6
train	UN2017784	u30D7
train	UN2017784	u30D8
train	UN2017784	u30D9
train	UN2017784	u30DA
train	UN2017784	u30DB
train	UN2017784	u30DC
train	UN2017784	u30DD
train	UN2017784	u30DE
train	UN2017784	u30DF
train	UN2017784	u30E0
train	UN2017784	u30E1
train	UN2017784	u30E2
train	UN2017784	u30E3
train	UN2017784	u30E4
train	UN2017784	u30E5
train	UN2017784	u30E6
train	UN2017784	u30E7
train	UN2017784	u30E8
train	UN2017784	u30E9
train	UN2017784	u30EA
train	UN2017784	u30EB
train	UN2017784	u30EC
train	UN2017784	u30ED
train	UN2017784	u30EE
train	UN2017784	u30EF
train	UN2017784	u30F0
train	UN2017784	u30F1
train	UN2017784	u30F2
train	UN2017784	u30F3
train	UN2017784	u30F4
train	UN2017784	u30F5
train	UN2017784	u30F6
train	UN2017784	u3105
train	UN2017784	u3106
train	UN2017784	u3107
train	UN2017784	u3108
train	UN2017784	u3109
train	UN2017784	u310A
train	UN2017784	u310B
train	UN2017784	u310C
train	UN2017784	u310D
train	UN2017784	u310E
train	UN2017784	u310F
train	UN2017784	u3110
train	UN2017784	u3111
train	UN2017784	u3112
train	UN2017784	u3113
train	UN2017784	u3114
train	UN2017784	u3115
train	UN2017784	u3116
train	UN2017784	u3117
train	UN2017784	u3118
train	UN2017784	u3119
train	UN2017784	u311A
train	UN2017784	u311B
train	UN2017784	u311C
train	UN2017784	u311D
train	UN2017784	u311E
train	UN2017784	u311F
train	UN2017784	u3120
train	UN2017784	u3121
train	UN2017784	u3122
train	UN2017784	u3123
train	UN2017784	u3124
train	UN2017784	u3125
train	UN2017784	u3126
train	UN2017784	u3127
train	UN2017784	u3128
train	UN2017784	u3129
train	UN2017847	u0030
train	UN2017847	u0031
train	UN2017847	u0032
train	UN2017847	u0033
train	UN2017847	u0034
train	UN2017847	u0035
train	UN2017847	u0036
train	UN2017847	u0037
train	UN2017847	u0038
train	UN2017847	u0039
train	UN2017847	u0041
train	UN2017847	u0042
train	UN2017847	u0043
train	UN2017847	u0044
train	UN2017847	u0045
train	UN2017847	u0046
train	UN2017847	u0047
train	UN2017847	u0048
train	UN2017847	u0049
train	UN2017847	u004A
train	UN2017847	u004B
train	UN2017847	u004C
train	UN2017847	u004D
train	UN2017847	u004E
train	UN2017847	u004F
train	UN2017847	u0050
train	UN2017847	u0051
train	UN2017847	u0052
train	UN2017847	u0053
train	UN2017847	u0054
train	UN2017847	u0055
train	UN2017847	u0056
train	UN2017847	u0057
train	UN2017847	u0058
train	UN2017847	u0059
train	UN2017847	u005A
train	UN2017847	u0061
train	UN2017847	u0062
train	UN2017847	u0063
train	UN2017847	u0064
train	UN2017847	u0065
train	UN2017847	u0066
train	UN2017847	u0067
train	UN2017847	u0068
train	UN2017847	u0069
train	UN2017847	u006A
train	UN2017847	u006B
train	UN2017847	u006C
train	UN2017847	u006D
train	UN2017847	u006E
train	UN2017847	u006F
train	UN2017847	u0070
train	UN2017847	u0071
train	UN2017847	u0072
train	UN2017847	u0073
train	UN2017847	u0074
train	UN2017847	u0075
train	UN2017847	u0076
train	UN2017847	u0077
train	UN2017847	u0078
train	UN2017847	u0079
train	UN2017847	u007A
train	UN2017847	u00E0
train	UN2017847	u00E1
train	UN2017847	u00E8
train	UN2017847	u00E9
train	UN2017847	u00EA
train	UN2017847	u00ED
train	UN2017847	u00F2
train	UN2017847	u00F3
train	UN2017847	u00F9
train	UN2017847	u00FA
train	UN2017847	u00FC
train	UN2017847	u0101
train	UN2017847	u0113
train	UN2017847	u011B
train	UN2017847	u012B
train	UN2017847	u0144
train	UN2017847	u0148
train	UN2017847	u014D
train	UN2017847	u016B
train	UN2017847	u01CE
train	UN2017847	u01D0
train	UN2017847	u01D2
train	UN2017847	u01D4
train	UN2017847	u01D6
train	UN2017847	u01D8
train	UN2017847	u01DA
train	UN2017847	u01DC
train	UN2017862	u0030
train	UN2017862	u0031
train	UN2017862	u0032
train	UN2017862	u0033
train	UN2017862	u0034
train	UN2017862	u0035
train	UN2017862	u0036
train	UN2017862	u0037
train	UN2017862	u0038
train	UN2017862	u0039
train	UN2017862	u0041
train	UN2017862	u0042
train	UN2017862	u0043
train	UN2017862	u0044
train	UN2017862	u0045
train	UN2017862	u0046
train	UN2017862	u0047
train	UN2017862	u0048
train	UN2017862	u0049
train	UN2017862	u004A
train	UN2017862	u004B
train	UN2017862	u004C
train	UN2017862	u004D
train	UN2017862	u004E
train	UN2017862	u004F
train	UN2017862	u0050
train	UN2017862	u0051
train	UN2017862	u0052
train	UN2017862	u0053
train	UN2017862	u0054
train	UN2017862	u0055
train	UN2017862	u0056
train	UN2017862	u0057
train	UN2017862	u0058
train	UN2017862	u0059
train	UN2017862	u005A
train	UN2017862	u0061
train	UN2017862	u0062
train	UN2017862	u0063
train	UN2017862	u0064
train	UN2017862	u0065
train	UN2017862	u0066
train	UN2017862	u0067
train	UN2017862	u0068
train	UN2017862	u0069
train	UN2017862	u006A
train	UN2017862	u006B
train	UN2017862	u006C
train	UN2017862	u006D
train	UN2017862	u006E
train	UN2017862	u006F
train	UN2017862	u0070
train	UN2017862	u0071
train	UN2017862	u0072
train	UN2017862	u0073
train	UN2017862	u0074
train	UN2017862	u0075
train	UN2017862	u0076
train	UN2017862	u0077
train	UN2017862	u0078
train	UN2017862	u0079
train	UN2017862	u007A
train	UN2017862	u00E0
train	UN2017862	u00E1
train	UN2017862	u00E8
train	UN2017862	u00E9
train	UN2017862	u00EA
train	UN2017862	u00ED
train	UN2017862	u00F2
train	UN2017862	u00F3
train	UN2017862	u00F9
train	UN2017862	u00FA
train	UN2017862	u00FC
train	UN2017862	u0101
train	UN2017862	u0113
train	UN2017862	u011B
train	UN2017862	u012B
train	UN2017862	u0144
train	UN2017862	u0148
train	UN2017862	u014D
train	UN2017862	u016B
train	UN2017862	u01CE
train	UN2017862	u01D0
train	UN2017862	u01D2
train	UN2017862	u01D4
train	UN2017862	u01D6
train	UN2017862	u01D8
train	UN2017862	u01DA
train	UN2017862	u01DC
train	UN2017862	u3041
train	UN2017862	u3042
train	UN2017862	u3043
train	UN2017862	u3044
train	UN2017862	u3045
train	UN2017862	u3046
train	UN2017862	u3047
train	UN2017862	u3048
train	UN2017862	u3049
train	UN2017862	u304A
train	UN2017862	u304B
train	UN2017862	u304C
train	UN2017862	u304D
train	UN2017862	u304E
train	UN2017862	u304F
train	UN2017862	u3050
train	UN2017862	u3051
train	UN2017862	u3052
train	UN2017862	u3053
train	UN2017862	u3054
train	UN2017862	u3055
train	UN2017862	u3056
train	UN2017862	u3057
train	UN2017862	u3058
train	UN2017862	u3059
train	UN2017862	u305A
train	UN2017862	u305B
train	UN2017862	u305C
train	UN2017862	u305D
train	UN2017862	u305E
train	UN2017862	u305F
train	UN2017862	u3060
train	UN2017862	u3061
train	UN2017862	u3062
train	UN2017862	u3063
train	UN2017862	u3064
train	UN2017862	u3065
train	UN2017862	u3066
train	UN2017862	u3067
train	UN2017862	u3068
train	UN2017862	u3069
train	UN2017862	u306A
train	UN2017862	u306B
train	UN2017862	u306C
train	UN2017862	u306D
train	UN2017862	u306E
train	UN2017862	u306F
train	UN2017862	u3070
train	UN2017862	u3071
train	UN2017862	u3072
train	UN2017862	u3073
train	UN2017862	u3074
train	UN2017862	u3075
train	UN2017862	u3076
train	UN2017862	u3077
train	UN2017862	u3078
train	UN2017862	u3079
train	UN2017862	u307A
train	UN2017862	u307B
train	UN2017862	u307C
train	UN2017862	u307D
train	UN2017862	u307E
train	UN2017862	u307F
train	UN2017862	u3080
train	UN2017862	u3081
train	UN2017862	u3082
train	UN2017862	u3083
train	UN2017862	u3084
train	UN2017862	u3085
train	UN2017862	u3086
train	UN2017862	u3087
train	UN2017862	u3088
train	UN2017862	u3089
train	UN2017862	u308A
train	UN2017862	u308B
train	UN2017862	u308C
train	UN2017862	u308D
train	UN2017862	u308E
train	UN2017862	u308F
train	UN2017862	u3090
train	UN2017862	u3091
train	UN2017862	u3092
train	UN2017862	u3093
train	UN2017862	u30A1
train	UN2017862	u30A2
train	UN2017862	u30A3
train	UN2017862	u30A4
train	UN2017862	u30A5
train	UN2017862	u30A6
train	UN2017862	u30A7
train	UN2017862	u30A8
train	UN2017862	u30A9
train	UN2017862	u30AA
train	UN2017862	u30AB
train	UN2017862	u30AC
train	UN2017862	u30AD
train	UN2017862	u30AE
train	UN2017862	u30AF
train	UN2017862	u30B0
train	UN2017862	u30B1
train	UN2017862	u30B2
train	UN2017862	u30B3
train	UN2017862	u30B4
train	UN2017862	u30B5
train	UN2017862	u30B6
train	UN2017862	u30B7
train	UN2017862	u30B8
train	UN2017862	u30B9
train	UN2017862	u30BA
train	UN2017862	u30BB
train	UN2017862	u30BC
train	UN2017862	u30BD
train	UN2017862	u30BE
train	UN2017862	u30BF
train	UN2017862	u30C0
train	UN2017862	u30C1
train	UN2017862	u30C2
train	UN2017862	u30C3
train	UN2017862	u30C4
train	UN2017862	u30C5
train	UN2017862	u30C6
train	UN2017862	u30C7
train	UN2017862	u30C8
train	UN2017862	u30C9
train	UN2017862	u30CA
train	UN2017862	u30CB
train	UN2017862	u30CC
train	UN2017862	u30CD
train	UN2017862	u30CE
train	UN2017862	u30CF
train	UN2017862	u30D0
train	UN2017862	u30D1
train	UN2017862	u30D2
train	UN2017862	u30D3
train	UN2017862	u30D4
train	UN2017862	u30D5
train	UN2017862	u30D6
train	UN2017862	u30D7
train	UN2017862	u30D8
train	UN2017862	u30D9
train	UN2017862	u30DA
train	UN2017862	u30DB
train	UN2017862	u30DC
train	UN2017862	u30DD
train	UN2017862	u30DE
train	UN2017862	u30DF
train	UN2017862	u30E0
train	UN2017862	u30E1
train	UN2017862	u30E2
train	UN2017862	u30E3
train	UN2017862	u30E4
train	UN2017862	u30E5
train	UN2017862	u30E6
train	UN2017862	u30E7
train	UN2017862	u30E8
train	UN2017862	u30E9
train	UN2017862	u30EA
train	UN2017862	u30EB
train	UN2017862	u30EC
train	UN2017862	u30ED
train	UN2017862	u30EE
train	UN2017862	u30EF
train	UN2017862	u30F0
train	UN2017862	u30F1
train	UN2017862	u30F2
train	UN2017862	u30F3
train	UN2017862	u30F4
train	UN2017862	u30F5
train	UN2017862	u30F6
train	UN2017862	u3105
train	UN2017862	u3106
train	UN2017862	u3107
train	UN2017862	u3108
train	UN2017862	u3109
train	UN2017862	u310A
train	UN2017862	u310B
train	UN2017862	u310C
train	UN2017862	u310D
train	UN2017862	u310E
train	UN2017862	u310F
train	UN2017862	u3110
train	UN2017862	u3111
train	UN2017862	u3112
train	UN2017862	u3113
train	UN2017862	u3114
train	UN2017862	u3115
train	UN2017862	u3116
train	UN2017862	u3117
train	UN2017862	u3118
train	UN2017862	u3119
train	UN2017862	u311A
train	UN2017862	u311B
train	UN2017862	u311C
train	UN2017862	u311D
train	UN2017862	u311E
train	UN2017862	u311F
train	UN2017862	u3120
train	UN2017862	u3121
train	UN2017862	u3122
train	UN2017862	u3123
train	UN2017862	u3124
train	UN2017862	u3125
train	UN2017862	u3126
train	UN2017862	u3127
train	UN2017862	u3128
train	UN2017862	u3129
train	UN2017864	u0030
train	UN2017864	u0031
train	UN2017864	u0032
train	UN2017864	u0033
train	UN2017864	u0034
train	UN2017864	u0035
train	UN2017864	u0036
train	UN2017864	u0037
train	UN2017864	u0038
train	UN2017864	u0039
train	UN2017864	u0041
train	UN2017864	u0042
train	UN2017864	u0043
train	UN2017864	u0044
train	UN2017864	u0045
train	UN2017864	u0046
train	UN2017864	u0047
train	UN2017864	u0048
train	UN2017864	u0049
train	UN2017864	u004A
train	UN2017864	u004B
train	UN2017864	u004C
train	UN2017864	u004D
train	UN2017864	u004E
train	UN2017864	u004F
train	UN2017864	u0050
train	UN2017864	u0051
train	UN2017864	u0052
train	UN2017864	u0053
train	UN2017864	u0054
train	UN2017864	u0055
train	UN2017864	u0056
train	UN2017864	u0057
train	UN2017864	u0058
train	UN2017864	u0059
train	UN2017864	u005A
train	UN2017864	u0061
train	UN2017864	u0062
train	UN2017864	u0063
train	UN2017864	u0064
train	UN2017864	u0065
train	UN2017864	u0066
train	UN2017864	u0067
train	UN2017864	u0068
train	UN2017864	u0069
train	UN2017864	u006A
train	UN2017864	u006B
train	UN2017864	u006C
train	UN2017864	u006D
train	UN2017864	u006E
train	UN2017864	u006F
train	UN2017864	u0070
train	UN2017864	u0071
train	UN2017864	u0072
train	UN2017864	u0073
train	UN2017864	u0074
train	UN2017864	u0075
train	UN2017864	u0076
train	UN2017864	u0077
train	UN2017864	u0078
train	UN2017864	u0079
train	UN2017864	u007A
train	UN2017864	u00E0
train	UN2017864	u00E1
train	UN2017864	u00E8
train	UN2017864	u00E9
train	UN2017864	u00EA
train	UN2017864	u00ED
train	UN2017864	u00F2
train	UN2017864	u00F3
train	UN2017864	u00F9
train	UN2017864	u00FA
train	UN2017864	u00FC
train	UN2017864	u0101
train	UN2017864	u0113
train	UN2017864	u011B
train	UN2017864	u012B
train	UN2017864	u0144
train	UN2017864	u0148
train	UN2017864	u014D
train	UN2017864	u016B
train	UN2017864	u01CE
train	UN2017864	u01D0
train	UN2017864	u01D2
train	UN2017864	u01D4
train	UN2017864	u01D6
train	UN2017864	u01D8
train	UN2017864	u01DA
train	UN2017864	u01DC
train	UN2017913	u0030
train	UN2017913	u0031
train	UN2017913	u0032
train	UN2017913	u0033
train	UN2017913	u0034
train	UN2017913	u0035
train	UN2017913	u0036
train	UN2017913	u0037
train	UN2017913	u0038
train	UN2017913	u0039
train	UN2017913	u0041
train	UN2017913	u0042
train	UN2017913	u0043
train	UN2017913	u0044
train	UN2017913	u0045
train	UN2017913	u0046
train	UN2017913	u0047
train	UN2017913	u0048
train	UN2017913	u0049
train	UN2017913	u004A
train	UN2017913	u004B
train	UN2017913	u004C
train	UN2017913	u004D
train	UN2017913	u004E
train	UN2017913	u004F
train	UN2017913	u0050
train	UN2017913	u0051
train	UN2017913	u0052
train	UN2017913	u0053
train	UN2017913	u0054
train	UN2017913	u0055
train	UN2017913	u0056
train	UN2017913	u0057
train	UN2017913	u0058
train	UN2017913	u0059
train	UN2017913	u005A
train	UN2017913	u0061
train	UN2017913	u0062
train	UN2017913	u0063
train	UN2017913	u0064
train	UN2017913	u0065
train	UN2017913	u0066
train	UN2017913	u0067
train	UN2017913	u0068
train	UN2017913	u0069
train	UN2017913	u006A
train	UN2017913	u006B
train	UN2017913	u006C
train	UN2017913	u006D
train	UN2017913	u006E
train	UN2017913	u006F
train	UN2017913	u0070
train	UN2017913	u0071
train	UN2017913	u0072
train	UN2017913	u0073
train	UN2017913	u0074
train	UN2017913	u0075
train	UN2017913	u0076
train	UN2017913	u0077
train	UN2017913	u0078
train	UN2017913	u0079
train	UN2017913	u007A
train	UN2017913	u00E0
train	UN2017913	u00E1
train	UN2017913	u00E8
train	UN2017913	u00E9
train	UN2017913	u00EA
train	UN2017913	u00ED
train	UN2017913	u00F2
train	UN2017913	u00F3
train	UN2017913	u00F9
train	UN2017913	u00FA
train	UN2017913	u00FC
train	UN2017913	u0101
train	UN2017913	u0113
train	UN2017913	u011B
train	UN2017913	u012B
train	UN2017913	u0144
train	UN2017913	u0148
train	UN2017913	u014D
train	UN2017913	u016B
train	UN2017913	u01CE
train	UN2017913	u01D0
train	UN2017913	u01D2
train	UN2017913	u01D4
train	UN2017913	u01D6
train	UN2017913	u01D8
train	UN2017913	u01DA
train	UN2017913	u01DC
train	UN2017916	u0030
train	UN2017916	u0031
train	UN2017916	u0032
train	UN2017916	u0033
train	UN2017916	u0034
train	UN2017916	u0035
train	UN2017916	u0036
train	UN2017916	u0037
train	UN2017916	u0038
train	UN2017916	u0039
train	UN2017916	u0041
train	UN2017916	u0042
train	UN2017916	u0043
train	UN2017916	u0044
train	UN2017916	u0045
train	UN2017916	u0046
train	UN2017916	u0047
train	UN2017916	u0048
train	UN2017916	u0049
train	UN2017916	u004A
train	UN2017916	u004B
train	UN2017916	u004C
train	UN2017916	u004D
train	UN2017916	u004E
train	UN2017916	u004F
train	UN2017916	u0050
train	UN2017916	u0051
train	UN2017916	u0052
train	UN2017916	u0053
train	UN2017916	u0054
train	UN2017916	u0055
train	UN2017916	u0056
train	UN2017916	u0057
train	UN2017916	u0058
train	UN2017916	u0059
train	UN2017916	u005A
train	UN2017916	u0061
train	UN2017916	u0062
train	UN2017916	u0063
train	UN2017916	u0064
train	UN2017916	u0065
train	UN2017916	u0066
train	UN2017916	u0067
train	UN2017916	u0068
train	UN2017916	u0069
train	UN2017916	u006A
train	UN2017916	u006B
train	UN2017916	u006C
train	UN2017916	u006D
train	UN2017916	u006E
train	UN2017916	u006F
train	UN2017916	u0070
train	UN2017916	u0071
train	UN2017916	u0072
train	UN2017916	u0073
train	UN2017916	u0074
train	UN2017916	u0075
train	UN2017916	u0076
train	UN2017916	u0077
train	UN2017916	u0078
train	UN2017916	u0079
train	UN2017916	u007A
train	UN2017916	u00E0
train	UN2017916	u00E1
train	UN2017916	u00E8
train	UN2017916	u00E9
train	UN2017916	u00EA
train	UN2017916	u00ED
train	UN2017916	u00F2
train	UN2017916	u00F3
train	UN2017916	u00F9
train	UN2017916	u00FA
train	UN2017916	u00FC
train	UN2017916	u0101
train	UN2017916	u0113
train	UN2017916	u011B
train	UN2017916	u012B
train	UN2017916	u0144
train	UN2017916	u0148
train	UN2017916	u014D
train	UN2017916	u016B
train	UN2017916	u01CE
train	UN2017916	u01D0
train	UN2017916	u01D2
train	UN2017916	u01D4
train	UN2017916	u01D6
train	UN2017916	u01D8
train	UN2017916	u01DA
train	UN2017916	u01DC
train	UN2017924	u0030
train	UN2017924	u0031
train	UN2017924	u0032
train	UN2017924	u0033
train	UN2017924	u0034
train	UN2017924	u0035
train	UN2017924	u0036
train	UN2017924	u0037
train	UN2017924	u0038
train	UN2017924	u0039
train	UN2017924	u0041
train	UN2017924	u0042
train	UN2017924	u0043
train	UN2017924	u0044
train	UN2017924	u0045
train	UN2017924	u0046
train	UN2017924	u0047
train	UN2017924	u0048
train	UN2017924	u0049
train	UN2017924	u004A
train	UN2017924	u004B
train	UN2017924	u004C
train	UN2017924	u004D
train	UN2017924	u004E
train	UN2017924	u004F
train	UN2017924	u0050
train	UN2017924	u0051
train	UN2017924	u0052
train	UN2017924	u0053
train	UN2017924	u0054
train	UN2017924	u0055
train	UN2017924	u0056
train	UN2017924	u0057
train	UN2017924	u0058
train	UN2017924	u0059
train	UN2017924	u005A
train	UN2017924	u0061
train	UN2017924	u0062
train	UN2017924	u0063
train	UN2017924	u0064
train	UN2017924	u0065
train	UN2017924	u0066
train	UN2017924	u0067
train	UN2017924	u0068
train	UN2017924	u0069
train	UN2017924	u006A
train	UN2017924	u006B
train	UN2017924	u006C
train	UN2017924	u006D
train	UN2017924	u006E
train	UN2017924	u006F
train	UN2017924	u0070
train	UN2017924	u0071
train	UN2017924	u0072
train	UN2017924	u0073
train	UN2017924	u0074
train	UN2017924	u0075
train	UN2017924	u0076
train	UN2017924	u0077
train	UN2017924	u0078
train	UN2017924	u0079
train	UN2017924	u007A
train	UN2017924	u00E0
train	UN2017924	u00E1
train	UN2017924	u00E8
train	UN2017924	u00E9
train	UN2017924	u00EA
train	UN2017924	u00ED
train	UN2017924	u00F2
train	UN2017924	u00F3
train	UN2017924	u00F9
train	UN2017924	u00FA
train	UN2017924	u00FC
train	UN2017924	u0101
train	UN2017924	u0113
train	UN2017924	u011B
train	UN2017924	u012B
train	UN2017924	u0144
train	UN2017924	u0148
train	UN2017924	u014D
train	UN2017924	u016B
train	UN2017924	u01CE
train	UN2017924	u01D0
train	UN2017924	u01D2
train	UN2017924	u01D4
train	UN2017924	u01D6
train	UN2017924	u01D8
train	UN2017924	u01DA
train	UN2017924	u01DC
train	UN2017929	u0030
train	UN2017929	u0031
train	UN2017929	u0032
train	UN2017929	u0033
train	UN2017929	u0034
train	UN2017929	u0035
train	UN2017929	u0036
train	UN2017929	u0037
train	UN2017929	u0038
train	UN2017929	u0039
train	UN2017929	u0041
train	UN2017929	u0042
train	UN2017929	u0043
train	UN2017929	u0044
train	UN2017929	u0045
train	UN2017929	u0046
train	UN2017929	u0047
train	UN2017929	u0048
train	UN2017929	u0049
train	UN2017929	u004A
train	UN2017929	u004B
train	UN2017929	u004C
train	UN2017929	u004D
train	UN2017929	u004E
train	UN2017929	u004F
train	UN2017929	u0050
train	UN2017929	u0051
train	UN2017929	u0052
train	UN2017929	u0053
train	UN2017929	u0054
train	UN2017929	u0055
train	UN2017929	u0056
train	UN2017929	u0057
train	UN2017929	u0058
train	UN2017929	u0059
train	UN2017929	u005A
train	UN2017929	u0061
train	UN2017929	u0062
train	UN2017929	u0063
train	UN2017929	u0064
train	UN2017929	u0065
train	UN2017929	u0066
train	UN2017929	u0067
train	UN2017929	u0068
train	UN2017929	u0069
train	UN2017929	u006A
train	UN2017929	u006B
train	UN2017929	u006C
train	UN2017929	u006D
train	UN2017929	u006E
train	UN2017929	u006F
train	UN2017929	u0070
train	UN2017929	u0071
train	UN2017929	u0072
train	UN2017929	u0073
train	UN2017929	u0074
train	UN2017929	u0075
train	UN2017929	u0076
train	UN2017929	u0077
train	UN2017929	u0078
train	UN2017929	u0079
train	UN2017929	u007A
train	UN2017929	u00E0
train	UN2017929	u00E1
train	UN2017929	u00E8
train	UN2017929	u00E9
train	UN2017929	u00EA
train	UN2017929	u00ED
train	UN2017929	u00F2
train	UN2017929	u00F3
train	UN2017929	u00F9
train	UN2017929	u00FA
train	UN2017929	u00FC
train	UN2017929	u0101
train	UN2017929	u0113
train	UN2017929	u011B
train	UN2017929	u012B
train	UN2017929	u0144
train	UN2017929	u0148
train	UN2017929	u014D
train	UN2017929	u016B
train	UN2017929	u01CE
train	UN2017929	u01D0
train	UN2017929	u01D2
train	UN2017929	u01D4
train	UN2017929	u01D6
train	UN2017929	u01D8
train	UN2017929	u01DA
train	UN2017929	u01DC
train	UN2017929	u3041
train	UN2017929	u3042
train	UN2017929	u3043
train	UN2017929	u3044
train	UN2017929	u3045
train	UN2017929	u3046
train	UN2017929	u3047
train	UN2017929	u3048
train	UN2017929	u3049
train	UN2017929	u304A
train	UN2017929	u304B
train	UN2017929	u304C
train	UN2017929	u304D
train	UN2017929	u304E
train	UN2017929	u304F
train	UN2017929	u3050
train	UN2017929	u3051
train	UN2017929	u3052
train	UN2017929	u3053
train	UN2017929	u3054
train	UN2017929	u3055
train	UN2017929	u3056
train	UN2017929	u3057
train	UN2017929	u3058
train	UN2017929	u3059
train	UN2017929	u305A
train	UN2017929	u305B
train	UN2017929	u305C
train	UN2017929	u305D
train	UN2017929	u305E
train	UN2017929	u305F
train	UN2017929	u3060
train	UN2017929	u3061
train	UN2017929	u3062
train	UN2017929	u3063
train	UN2017929	u3064
train	UN2017929	u3065
train	UN2017929	u3066
train	UN2017929	u3067
train	UN2017929	u3068
train	UN2017929	u3069
train	UN2017929	u306A
train	UN2017929	u306B
train	UN2017929	u306C
train	UN2017929	u306D
train	UN2017929	u306E
train	UN2017929	u306F
train	UN2017929	u3070
train	UN2017929	u3071
train	UN2017929	u3072
train	UN2017929	u3073
train	UN2017929	u3074
train	UN2017929	u3075
train	UN2017929	u3076
train	UN2017929	u3077
train	UN2017929	u3078
train	UN2017929	u3079
train	UN2017929	u307A
train	UN2017929	u307B
train	UN2017929	u307C
train	UN2017929	u307D
train	UN2017929	u307E
train	UN2017929	u307F
train	UN2017929	u3080
train	UN2017929	u3081
train	UN2017929	u3082
train	UN2017929	u3083
train	UN2017929	u3084
train	UN2017929	u3085
train	UN2017929	u3086
train	UN2017929	u3087
train	UN2017929	u3088
train	UN2017929	u3089
train	UN2017929	u308A
train	UN2017929	u308B
train	UN2017929	u308C
train	UN2017929	u308D
train	UN2017929	u308E
train	UN2017929	u308F
train	UN2017929	u3090
train	UN2017929	u3091
train	UN2017929	u3092
train	UN2017929	u3093
train	UN2017929	u30A1
train	UN2017929	u30A2
train	UN2017929	u30A3
train	UN2017929	u30A4
train	UN2017929	u30A5
train	UN2017929	u30A6
train	UN2017929	u30A7
train	UN2017929	u30A8
train	UN2017929	u30A9
train	UN2017929	u30AA
train	UN2017929	u30AB
train	UN2017929	u30AC
train	UN2017929	u30AD
train	UN2017929	u30AE
train	UN2017929	u30AF
train	UN2017929	u30B0
train	UN2017929	u30B1
train	UN2017929	u30B2
train	UN2017929	u30B3
train	UN2017929	u30B4
train	UN2017929	u30B5
train	UN2017929	u30B6
train	UN2017929	u30B7
train	UN2017929	u30B8
train	UN2017929	u30B9
train	UN2017929	u30BA
train	UN2017929	u30BB
train	UN2017929	u30BC
train	UN2017929	u30BD
train	UN2017929	u30BE
train	UN2017929	u30BF
train	UN2017929	u30C0
train	UN2017929	u30C1
train	UN2017929	u30C2
train	UN2017929	u30C3
train	UN2017929	u30C4
train	UN2017929	u30C5
train	UN2017929	u30C6
train	UN2017929	u30C7
train	UN2017929	u30C8
train	UN2017929	u30C9
train	UN2017929	u30CA
train	UN2017929	u30CB
train	UN2017929	u30CC
train	UN2017929	u30CD
train	UN2017929	u30CE
train	UN2017929	u30CF
train	UN2017929	u30D0
train	UN2017929	u30D1
train	UN2017929	u30D2
train	UN2017929	u30D3
train	UN2017929	u30D4
train	UN2017929	u30D5
train	UN2017929	u30D6
train	UN2017929	u30D7
train	UN2017929	u30D8
train	UN2017929	u30D9
train	UN2017929	u30DA
train	UN2017929	u30DB
train	UN2017929	u30DC
train	UN2017929	u30DD
train	UN2017929	u30DE
train	UN2017929	u30DF
train	UN2017929	u30E0
train	UN2017929	u30E1
train	UN2017929	u30E2
train	UN2017929	u30E3
train	UN2017929	u30E4
train	UN2017929	u30E5
train	UN2017929	u30E6
train	UN2017929	u30E7
train	UN2017929	u30E8
train	UN2017929	u30E9
train	UN2017929	u30EA
train	UN2017929	u30EB
train	UN2017929	u30EC
train	UN2017929	u30ED
train	UN2017929	u30EE
train	UN2017929	u30EF
train	UN2017929	u30F0
train	UN2017929	u30F1
train	UN2017929	u30F2
train	UN2017929	u30F3
train	UN2017929	u30F4
train	UN2017929	u30F5
train	UN2017929	u30F6
train	UN2017929	u3105
train	UN2017929	u3106
train	UN2017929	u3107
train	UN2017929	u3108
train	UN2017929	u3109
train	UN2017929	u310A
train	UN2017929	u310B
train	UN2017929	u310C
train	UN2017929	u310D
train	UN2017929	u310E
train	UN2017929	u310F
train	UN2017929	u3110
train	UN2017929	u3111
train	UN2017929	u3112
train	UN2017929	u3113
train	UN2017929	u3114
train	UN2017929	u3115
train	UN2017929	u3116
train	UN2017929	u3117
train	UN2017929	u3118
train	UN2017929	u3119
train	UN2017929	u311A
train	UN2017929	u311B
train	UN2017929	u311C
train	UN2017929	u311D
train	UN2017929	u311E
train	UN2017929	u311F
train	UN2017929	u3120
train	UN2017929	u3121
train	UN2017929	u3122
train	UN2017929	u3123
train	UN2017929	u3124
train	UN2017929	u3125
train	UN2017929	u3126
train	UN2017929	u3127
train	UN2017929	u3128
train	UN2017929	u3129
train	UN2017933	u0030
train	UN2017933	u0031
train	UN2017933	u0032
train	UN2017933	u0033
train	UN2017933	u0034
train	UN2017933	u0035
train	UN2017933	u0036
train	UN2017933	u0037
train	UN2017933	u0038
train	UN2017933	u0039
train	UN2017933	u0041
train	UN2017933	u0042
train	UN2017933	u0043
train	UN2017933	u0044
train	UN2017933	u0045
train	UN2017933	u0046
train	UN2017933	u0047
train	UN2017933	u0048
train	UN2017933	u0049
train	UN2017933	u004A
train	UN2017933	u004B
train	UN2017933	u004C
train	UN2017933	u004D
train	UN2017933	u004E
train	UN2017933	u004F
train	UN2017933	u0050
train	UN2017933	u0051
train	UN2017933	u0052
train	UN2017933	u0053
train	UN2017933	u0054
train	UN2017933	u0055
train	UN2017933	u0056
train	UN2017933	u0057
train	UN2017933	u0058
train	UN2017933	u0059
train	UN2017933	u005A
train	UN2017933	u0061
train	UN2017933	u0062
train	UN2017933	u0063
train	UN2017933	u0064
train	UN2017933	u0065
train	UN2017933	u0066
train	UN2017933	u0067
train	UN2017933	u0068
train	UN2017933	u0069
train	UN2017933	u006A
train	UN2017933	u006B
train	UN2017933	u006C
train	UN2017933	u006D
train	UN2017933	u006E
train	UN2017933	u006F
train	UN2017933	u0070
train	UN2017933	u0071
train	UN2017933	u0072
train	UN2017933	u0073
train	UN2017933	u0074
train	UN2017933	u0075
train	UN2017933	u0076
train	UN2017933	u0077
train	UN2017933	u0078
train	UN2017933	u0079
train	UN2017933	u007A
train	UN2017933	u00E0
train	UN2017933	u00E1
train	UN2017933	u00E8
train	UN2017933	u00E9
train	UN2017933	u00EA
train	UN2017933	u00ED
train	UN2017933	u00F2
train	UN2017933	u00F3
train	UN2017933	u00F9
train	UN2017933	u00FA
train	UN2017933	u00FC
train	UN2017933	u0101
train	UN2017933	u0113
train	UN2017933	u011B
train	UN2017933	u012B
train	UN2017933	u0144
train	UN2017933	u0148
train	UN2017933	u014D
train	UN2017933	u016B
train	UN2017933	u01CE
train	UN2017933	u01D0
train	UN2017933	u01D2
train	UN2017933	u01D4
train	UN2017933	u01D6
train	UN2017933	u01D8
train	UN2017933	u01DA
train	UN2017933	u01DC
train	UN2017954	u0030
train	UN2017954	u0031
train	UN2017954	u0032
train	UN2017954	u0033
train	UN2017954	u0034
train	UN2017954	u0035
train	UN2017954	u0036
train	UN2017954	u0037
train	UN2017954	u0038
train	UN2017954	u0039
train	UN2017954	u0041
train	UN2017954	u0042
train	UN2017954	u0043
train	UN2017954	u0044
train	UN2017954	u0045
train	UN2017954	u0046
train	UN2017954	u0047
train	UN2017954	u0048
train	UN2017954	u0049
train	UN2017954	u004A
train	UN2017954	u004B
train	UN2017954	u004C
train	UN2017954	u004D
train	UN2017954	u004E
train	UN2017954	u004F
train	UN2017954	u0050
train	UN2017954	u0051
train	UN2017954	u0052
train	UN2017954	u0053
train	UN2017954	u0054
train	UN2017954	u0055
train	UN2017954	u0056
train	UN2017954	u0057
train	UN2017954	u0058
train	UN2017954	u0059
train	UN2017954	u005A
train	UN2017954	u0061
train	UN2017954	u0062
train	UN2017954	u0063
train	UN2017954	u0064
train	UN2017954	u0065
train	UN2017954	u0066
train	UN2017954	u0067
train	UN2017954	u0068
train	UN2017954	u0069
train	UN2017954	u006A
train	UN2017954	u006B
train	UN2017954	u006C
train	UN2017954	u006D
train	UN2017954	u006E
train	UN2017954	u006F
train	UN2017954	u0070
train	UN2017954	u0071
train	UN2017954	u0072
train	UN2017954	u0073
train	UN2017954	u0074
train	UN2017954	u0075
train	UN2017954	u0076
train	UN2017954	u0077
train	UN2017954	u0078
train	UN2017954	u0079
train	UN2017954	u007A
train	UN2017954	u00E0
train	UN2017954	u00E1
train	UN2017954	u00E8
train	UN2017954	u00E9
train	UN2017954	u00EA
train	UN2017954	u00ED
train	UN2017954	u00F2
train	UN2017954	u00F3
train	UN2017954	u00F9
train	UN2017954	u00FA
train	UN2017954	u00FC
train	UN2017954	u0101
train	UN2017954	u0113
train	UN2017954	u011B
train	UN2017954	u012B
train	UN2017954	u0144
train	UN2017954	u0148
train	UN2017954	u014D
train	UN2017954	u016B
train	UN2017954	u01CE
train	UN2017954	u01D0
train	UN2017954	u01D2
train	UN2017954	u01D4
train	UN2017954	u01D6
train	UN2017954	u01D8
train	UN2017954	u01DA
train	UN2017954	u01DC
train	UN2017964	u0030
train	UN2017964	u0031
train	UN2017964	u0032
train	UN2017964	u0033
train	UN2017964	u0034
train	UN2017964	u0035
train	UN2017964	u0036
train	UN2017964	u0037
train	UN2017964	u0038
train	UN2017964	u0039
train	UN2017964	u0041
train	UN2017964	u0042
train	UN2017964	u0043
train	UN2017964	u0044
train	UN2017964	u0045
train	UN2017964	u0046
train	UN2017964	u0047
train	UN2017964	u0048
train	UN2017964	u0049
train	UN2017964	u004A
train	UN2017964	u004B
train	UN2017964	u004C
train	UN2017964	u004D
train	UN2017964	u004E
train	UN2017964	u004F
train	UN2017964	u0050
train	UN2017964	u0051
train	UN2017964	u0052
train	UN2017964	u0053
train	UN2017964	u0054
train	UN2017964	u0055
train	UN2017964	u0056
train	UN2017964	u0057
train	UN2017964	u0058
train	UN2017964	u0059
train	UN2017964	u005A
train	UN2017964	u0061
train	UN2017964	u0062
train	UN2017964	u0063
train	UN2017964	u0064
train	UN2017964	u0065
train	UN2017964	u0066
train	UN2017964	u0067
train	UN2017964	u0068
train	UN2017964	u0069
train	UN2017964	u006A
train	UN2017964	u006B
train	UN2017964	u006C
train	UN2017964	u006D
train	UN2017964	u006E
train	UN2017964	u006F
train	UN2017964	u0070
train	UN2017964	u0071
train	UN2017964	u0072
train	UN2017964	u0073
train	UN2017964	u0074
train	UN2017964	u0075
train	UN2017964	u0076
train	UN2017964	u0077
train	UN2017964	u0078
train	UN2017964	u0079
train	UN2017964	u007A
train	UN2017964	u00E0
train	UN2017964	u00E1
train	UN2017964	u00E8
train	UN2017964	u00E9
train	UN2017964	u00EA
train	UN2017964	u00ED
train	UN2017964	u00F2
train	UN2017964	u00F3
train	UN2017964	u00F9
train	UN2017964	u00FA
train	UN2017964	u00FC
train	UN2017964	u0101
train	UN2017964	u0113
train	UN2017964	u011B
train	UN2017964	u012B
train	UN2017964	u0144
train	UN2017964	u0148
train	UN2017964	u014D
train	UN2017964	u016B
train	UN2017964	u01CE
train	UN2017964	u01D0
train	UN2017964	u01D2
train	UN2017964	u01D4
train	UN2017964	u01D6
train	UN2017964	u01D8
train	UN2017964	u01DA
train	UN2017964	u01DC
train	UN2018003	u0030
train	UN2018003	u0031
train	UN2018003	u0032
train	UN2018003	u0033
train	UN2018003	u0034
train	UN2018003	u0035
train	UN2018003	u0036
train	UN2018003	u0037
train	UN2018003	u0038
train	UN2018003	u0039
train	UN2018003	u0041
train	UN2018003	u0042
train	UN2018003	u0043
train	UN2018003	u0044
train	UN2018003	u0045
train	UN2018003	u0046
train	UN2018003	u0047
train	UN2018003	u0048
train	UN2018003	u0049
train	UN2018003	u004A
train	UN2018003	u004B
train	UN2018003	u004C
train	UN2018003	u004D
train	UN2018003	u004E
train	UN2018003	u004F
train	UN2018003	u0050
train	UN2018003	u0051
train	UN2018003	u0052
train	UN2018003	u0053
train	UN2018003	u0054
train	UN2018003	u0055
train	UN2018003	u0056
train	UN2018003	u0057
train	UN2018003	u0058
train	UN2018003	u0059
train	UN2018003	u005A
train	UN2018003	u0061
train	UN2018003	u0062
train	UN2018003	u0063
train	UN2018003	u0064
train	UN2018003	u0065
train	UN2018003	u0066
train	UN2018003	u0067
train	UN2018003	u0068
train	UN2018003	u0069
train	UN2018003	u006A
train	UN2018003	u006B
train	UN2018003	u006C
train	UN2018003	u006D
train	UN2018003	u006E
train	UN2018003	u006F
train	UN2018003	u0070
train	UN2018003	u0071
train	UN2018003	u0072
train	UN2018003	u0073
train	UN2018003	u0074
train	UN2018003	u0075
train	UN2018003	u0076
train	UN2018003	u0077
train	UN2018003	u0078
train	UN2018003	u0079
train	UN2018003	u007A
train	UN2018003	u00E0
train	UN2018003	u00E1
train	UN2018003	u00E8
train	UN2018003	u00E9
train	UN2018003	u00EA
train	UN2018003	u00ED
train	UN2018003	u00F2
train	UN2018003	u00F3
train	UN2018003	u00F9
train	UN2018003	u00FA
train	UN2018003	u00FC
train	UN2018003	u0101
train	UN2018003	u0113
train	UN2018003	u011B
train	UN2018003	u012B
train	UN2018003	u0144
train	UN2018003	u0148
train	UN2018003	u014D
train	UN2018003	u016B
train	UN2018003	u01CE
train	UN2018003	u01D0
train	UN2018003	u01D2
train	UN2018003	u01D4
train	UN2018003	u01D6
train	UN2018003	u01D8
train	UN2018003	u01DA
train	UN2018003	u01DC
train	UN2018020	u0030
train	UN2018020	u0031
train	UN2018020	u0032
train	UN2018020	u0033
train	UN2018020	u0034
train	UN2018020	u0035
train	UN2018020	u0036
train	UN2018020	u0037
train	UN2018020	u0038
train	UN2018020	u0039
train	UN2018020	u0041
train	UN2018020	u0042
train	UN2018020	u0043
train	UN2018020	u0044
train	UN2018020	u0045
train	UN2018020	u0046
train	UN2018020	u0047
train	UN2018020	u0048
train	UN2018020	u0049
train	UN2018020	u004A
train	UN2018020	u004B
train	UN2018020	u004C
train	UN2018020	u004D
train	UN2018020	u004E
train	UN2018020	u004F
train	UN2018020	u0050
train	UN2018020	u0051
train	UN2018020	u0052
train	UN2018020	u0053
train	UN2018020	u0054
train	UN2018020	u0055
train	UN2018020	u0056
train	UN2018020	u0057
train	UN2018020	u0058
train	UN2018020	u0059
train	UN2018020	u005A
train	UN2018020	u0061
train	UN2018020	u0062
train	UN2018020	u0063
train	UN2018020	u0064
train	UN2018020	u0065
train	UN2018020	u0066
train	UN2018020	u0067
train	UN2018020	u0068
train	UN2018020	u0069
train	UN2018020	u006A
train	UN2018020	u006B
train	UN2018020	u006C
train	UN2018020	u006D
train	UN2018020	u006E
train	UN2018020	u006F
train	UN2018020	u0070
train	UN2018020	u0071
train	UN2018020	u0072
train	UN2018020	u0073
train	UN2018020	u0074
train	UN2018020	u0075
train	UN2018020	u0076
train	UN2018020	u0077
train	UN2018020	u0078
train	UN2018020	u0079
train	UN2018020	u007A
train	UN2018020	u00E0
train	UN2018020	u00E1
train	UN2018020	u00E8
train	UN2018020	u00E9
train	UN2018020	u00EA
train	UN2018020	u00ED
train	UN2018020	u00F2
train	UN2018020	u00F3
train	UN2018020	u00F9
train	UN2018020	u00FA
train	UN2018020	u00FC
train	UN2018020	u0101
train	UN2018020	u0113
train	UN2018020	u011B
train	UN2018020	u012B
train	UN2018020	u0144
train	UN2018020	u0148
train	UN2018020	u014D
train	UN2018020	u016B
train	UN2018020	u01CE
train	UN2018020	u01D0
train	UN2018020	u01D2
train	UN2018020	u01D4
train	UN2018020	u01D6
train	UN2018020	u01D8
train	UN2018020	u01DA
train	UN2018020	u01DC
train	UN2018020	u3041
train	UN2018020	u3042
train	UN2018020	u3043
train	UN2018020	u3044
train	UN2018020	u3045
train	UN2018020	u3046
train	UN2018020	u3047
train	UN2018020	u3048
train	UN2018020	u3049
train	UN2018020	u304A
train	UN2018020	u304B
train	UN2018020	u304C
train	UN2018020	u304D
train	UN2018020	u304E
train	UN2018020	u304F
train	UN2018020	u3050
train	UN2018020	u3051
train	UN2018020	u3052
train	UN2018020	u3053
train	UN2018020	u3054
train	UN2018020	u3055
train	UN2018020	u3056
train	UN2018020	u3057
train	UN2018020	u3058
train	UN2018020	u3059
train	UN2018020	u305A
train	UN2018020	u305B
train	UN2018020	u305C
train	UN2018020	u305D
train	UN2018020	u305E
train	UN2018020	u305F
train	UN2018020	u3060
train	UN2018020	u3061
train	UN2018020	u3062
train	UN2018020	u3063
train	UN2018020	u3064
train	UN2018020	u3065
train	UN2018020	u3066
train	UN2018020	u3067
train	UN2018020	u3068
train	UN2018020	u3069
train	UN2018020	u306A
train	UN2018020	u306B
train	UN2018020	u306C
train	UN2018020	u306D
train	UN2018020	u306E
train	UN2018020	u306F
train	UN2018020	u3070
train	UN2018020	u3071
train	UN2018020	u3072
train	UN2018020	u3073
train	UN2018020	u3074
train	UN2018020	u3075
train	UN2018020	u3076
train	UN2018020	u3077
train	UN2018020	u3078
train	UN2018020	u3079
train	UN2018020	u307A
train	UN2018020	u307B
train	UN2018020	u307C
train	UN2018020	u307D
train	UN2018020	u307E
train	UN2018020	u307F
train	UN2018020	u3080
train	UN2018020	u3081
train	UN2018020	u3082
train	UN2018020	u3083
train	UN2018020	u3084
train	UN2018020	u3085
train	UN2018020	u3086
train	UN2018020	u3087
train	UN2018020	u3088
train	UN2018020	u3089
train	UN2018020	u308A
train	UN2018020	u308B
train	UN2018020	u308C
train	UN2018020	u308D
train	UN2018020	u308E
train	UN2018020	u308F
train	UN2018020	u3090
train	UN2018020	u3091
train	UN2018020	u3092
train	UN2018020	u3093
train	UN2018020	u30A1
train	UN2018020	u30A2
train	UN2018020	u30A3
train	UN2018020	u30A4
train	UN2018020	u30A5
train	UN2018020	u30A6
train	UN2018020	u30A7
train	UN2018020	u30A8
train	UN2018020	u30A9
train	UN2018020	u30AA
train	UN2018020	u30AB
train	UN2018020	u30AC
train	UN2018020	u30AD
train	UN2018020	u30AE
train	UN2018020	u30AF
train	UN2018020	u30B0
train	UN2018020	u30B1
train	UN2018020	u30B2
train	UN2018020	u30B3
train	UN2018020	u30B4
train	UN2018020	u30B5
train	UN2018020	u30B6
train	UN2018020	u30B7
train	UN2018020	u30B8
train	UN2018020	u30B9
train	UN2018020	u30BA
train	UN2018020	u30BB
train	UN2018020	u30BC
train	UN2018020	u30BD
train	UN2018020	u30BE
train	UN2018020	u30BF
train	UN2018020	u30C0
train	UN2018020	u30C1
train	UN2018020	u30C2
train	UN2018020	u30C3
train	UN2018020	u30C4
train	UN2018020	u30C5
train	UN2018020	u30C6
train	UN2018020	u30C7
train	UN2018020	u30C8
train	UN2018020	u30C9
train	UN2018020	u30CA
train	UN2018020	u30CB
train	UN2018020	u30CC
train	UN2018020	u30CD
train	UN2018020	u30CE
train	UN2018020	u30CF
train	UN2018020	u30D0
train	UN2018020	u30D1
train	UN2018020	u30D2
train	UN2018020	u30D3
train	UN2018020	u30D4
train	UN2018020	u30D5
train	UN2018020	u30D6
train	UN2018020	u30D7
train	UN2018020	u30D8
train	UN2018020	u30D9
train	UN2018020	u30DA
train	UN2018020	u30DB
train	UN2018020	u30DC
train	UN2018020	u30DD
train	UN2018020	u30DE
train	UN2018020	u30DF
train	UN2018020	u30E0
train	UN2018020	u30E1
train	UN2018020	u30E2
train	UN2018020	u30E3
train	UN2018020	u30E4
train	UN2018020	u30E5
train	UN2018020	u30E6
train	UN2018020	u30E7
train	UN2018020	u30E8
train	UN2018020	u30E9
train	UN2018020	u30EA
train	UN2018020	u30EB
train	UN2018020	u30EC
train	UN2018020	u30ED
train	UN2018020	u30EE
train	UN2018020	u30EF
train	UN2018020	u30F0
train	UN2018020	u30F1
train	UN2018020	u30F2
train	UN2018020	u30F3
train	UN2018020	u30F4
train	UN2018020	u30F5
train	UN2018020	u30F6
train	UN2018020	u3105
train	UN2018020	u3106
train	UN2018020	u3107
train	UN2018020	u3108
train	UN2018020	u3109
train	UN2018020	u310A
train	UN2018020	u310B
train	UN2018020	u310C
train	UN2018020	u310D
train	UN2018020	u310E
train	UN2018020	u310F
train	UN2018020	u3110
train	UN2018020	u3111
train	UN2018020	u3112
train	UN2018020	u3113
train	UN2018020	u3114
train	UN2018020	u3115
train	UN2018020	u3116
train	UN2018020	u3117
train	UN2018020	u3118
train	UN2018020	u3119
train	UN2018020	u311A
train	UN2018020	u311B
train	UN2018020	u311C
train	UN2018020	u311D
train	UN2018020	u311E
train	UN2018020	u311F
train	UN2018020	u3120
train	UN2018020	u3121
train	UN2018020	u3122
train	UN2018020	u3123
train	UN2018020	u3124
train	UN2018020	u3125
train	UN2018020	u3126
train	UN2018020	u3127
train	UN2018020	u3128
train	UN2018020	u3129
train	UN2018072	u0030
train	UN2018072	u0031
train	UN2018072	u0032
train	UN2018072	u0033
train	UN2018072	u0034
train	UN2018072	u0035
train	UN2018072	u0036
train	UN2018072	u0037
train	UN2018072	u0038
train	UN2018072	u0039
train	UN2018072	u0041
train	UN2018072	u0042
train	UN2018072	u0043
train	UN2018072	u0044
train	UN2018072	u0045
train	UN2018072	u0046
train	UN2018072	u0047
train	UN2018072	u0048
train	UN2018072	u0049
train	UN2018072	u004A
train	UN2018072	u004B
train	UN2018072	u004C
train	UN2018072	u004D
train	UN2018072	u004E
train	UN2018072	u004F
train	UN2018072	u0050
train	UN2018072	u0051
train	UN2018072	u0052
train	UN2018072	u0053
train	UN2018072	u0054
train	UN2018072	u0055
train	UN2018072	u0056
train	UN2018072	u0057
train	UN2018072	u0058
train	UN2018072	u0059
train	UN2018072	u005A
train	UN2018072	u0061
train	UN2018072	u0062
train	UN2018072	u0063
train	UN2018072	u0064
train	UN2018072	u0065
train	UN2018072	u0066
train	UN2018072	u0067
train	UN2018072	u0068
train	UN2018072	u0069
train	UN2018072	u006A
train	UN2018072	u006B
train	UN2018072	u006C
train	UN2018072	u006D
train	UN2018072	u006E
train	UN2018072	u006F
train	UN2018072	u0070
train	UN2018072	u0071
train	UN2018072	u0072
train	UN2018072	u0073
train	UN2018072	u0074
train	UN2018072	u0075
train	UN2018072	u0076
train	UN2018072	u0077
train	UN2018072	u0078
train	UN2018072	u0079
train	UN2018072	u007A
train	UN2018072	u00E0
train	UN2018072	u00E1
train	UN2018072	u00E8
train	UN2018072	u00E9
train	UN2018072	u00EA
train	UN2018072	u00ED
train	UN2018072	u00F2
train	UN2018072	u00F3
train	UN2018072	u00F9
train	UN2018072	u00FA
train	UN2018072	u00FC
train	UN2018072	u0101
train	UN2018072	u0113
train	UN2018072	u011B
train	UN2018072	u012B
train	UN2018072	u0144
train	UN2018072	u0148
train	UN2018072	u014D
train	UN2018072	u016B
train	UN2018072	u01CE
train	UN2018072	u01D0
train	UN2018072	u01D2
train	UN2018072	u01D4
train	UN2018072	u01D6
train	UN2018072	u01D8
train	UN2018072	u01DA
train	UN2018072	u01DC
train	UN2018073	u0030
train	UN2018073	u0031
train	UN2018073	u0032
train	UN2018073	u0033
train	UN2018073	u0034
train	UN2018073	u0035
train	UN2018073	u0036
train	UN2018073	u0037
train	UN2018073	u0038
train	UN2018073	u0039
train	UN2018073	u0041
train	UN2018073	u0042
train	UN2018073	u0043
train	UN2018073	u0044
train	UN2018073	u0045
train	UN2018073	u0046
train	UN2018073	u0047
train	UN2018073	u0048
train	UN2018073	u0049
train	UN2018073	u004A
train	UN2018073	u004B
train	UN2018073	u004C
train	UN2018073	u004D
train	UN2018073	u004E
train	UN2018073	u004F
train	UN2018073	u0050
train	UN2018073	u0051
train	UN2018073	u0052
train	UN2018073	u0053
train	UN2018073	u0054
train	UN2018073	u0055
train	UN2018073	u0056
train	UN2018073	u0057
train	UN2018073	u0058
train	UN2018073	u0059
train	UN2018073	u005A
train	UN2018073	u0061
train	UN2018073	u0062
train	UN2018073	u0063
train	UN2018073	u0064
train	UN2018073	u0065
train	UN2018073	u0066
train	UN2018073	u0067
train	UN2018073	u0068
train	UN2018073	u0069
train	UN2018073	u006A
train	UN2018073	u006B
train	UN2018073	u006C
train	UN2018073	u006D
train	UN2018073	u006E
train	UN2018073	u006F
train	UN2018073	u0070
train	UN2018073	u0071
train	UN2018073	u0072
train	UN2018073	u0073
train	UN2018073	u0074
train	UN2018073	u0075
train	UN2018073	u0076
train	UN2018073	u0077
train	UN2018073	u0078
train	UN2018073	u0079
train	UN2018073	u007A
train	UN2018073	u00E0
train	UN2018073	u00E1
train	UN2018073	u00E8
train	UN2018073	u00E9
train	UN2018073	u00EA
train	UN2018073	u00ED
train	UN2018073	u00F2
train	UN2018073	u00F3
train	UN2018073	u00F9
train	UN2018073	u00FA
train	UN2018073	u00FC
train	UN2018073	u0101
train	UN2018073	u0113
train	UN2018073	u011B
train	UN2018073	u012B
train	UN2018073	u0144
train	UN2018073	u0148
train	UN2018073	u014D
train	UN2018073	u016B
train	UN2018073	u01CE
train	UN2018073	u01D0
train	UN2018073	u01D2
train	UN2018073	u01D4
train	UN2018073	u01D6
train	UN2018073	u01D8
train	UN2018073	u01DA
train	UN2018073	u01DC
train	UN2018073	u3041
train	UN2018073	u3042
train	UN2018073	u3043
train	UN2018073	u3044
train	UN2018073	u3045
train	UN2018073	u3046
train	UN2018073	u3047
train	UN2018073	u3048
train	UN2018073	u3049
train	UN2018073	u304A
train	UN2018073	u304B
train	UN2018073	u304C
train	UN2018073	u304D
train	UN2018073	u304E
train	UN2018073	u304F
train	UN2018073	u3050
train	UN2018073	u3051
train	UN2018073	u3052
train	UN2018073	u3053
train	UN2018073	u3054
train	UN2018073	u3055
train	UN2018073	u3056
train	UN2018073	u3057
train	UN2018073	u3058
train	UN2018073	u3059
train	UN2018073	u305A
train	UN2018073	u305B
train	UN2018073	u305C
train	UN2018073	u305D
train	UN2018073	u305E
train	UN2018073	u305F
train	UN2018073	u3060
train	UN2018073	u3061
train	UN2018073	u3062
train	UN2018073	u3063
train	UN2018073	u3064
train	UN2018073	u3065
train	UN2018073	u3066
train	UN2018073	u3067
train	UN2018073	u3068
train	UN2018073	u3069
train	UN2018073	u306A
train	UN2018073	u306B
train	UN2018073	u306C
train	UN2018073	u306D
train	UN2018073	u306E
train	UN2018073	u306F
train	UN2018073	u3070
train	UN2018073	u3071
train	UN2018073	u3072
train	UN2018073	u3073
train	UN2018073	u3074
train	UN2018073	u3075
train	UN2018073	u3076
train	UN2018073	u3077
train	UN2018073	u3078
train	UN2018073	u3079
train	UN2018073	u307A
train	UN2018073	u307B
train	UN2018073	u307C
train	UN2018073	u307D
train	UN2018073	u307E
train	UN2018073	u307F
train	UN2018073	u3080
train	UN2018073	u3081
train	UN2018073	u3082
train	UN2018073	u3083
train	UN2018073	u3084
train	UN2018073	u3085
train	UN2018073	u3086
train	UN2018073	u3087
train	UN2018073	u3088
train	UN2018073	u3089
train	UN2018073	u308A
train	UN2018073	u308B
train	UN2018073	u308C
train	UN2018073	u308D
train	UN2018073	u308E
train	UN2018073	u308F
train	UN2018073	u3090
train	UN2018073	u3091
train	UN2018073	u3092
train	UN2018073	u3093
train	UN2018073	u30A1
train	UN2018073	u30A2
train	UN2018073	u30A3
train	UN2018073	u30A4
train	UN2018073	u30A5
train	UN2018073	u30A6
train	UN2018073	u30A7
train	UN2018073	u30A8
train	UN2018073	u30A9
train	UN2018073	u30AA
train	UN2018073	u30AB
train	UN2018073	u30AC
train	UN2018073	u30AD
train	UN2018073	u30AE
train	UN2018073	u30AF
train	UN2018073	u30B0
train	UN2018073	u30B1
train	UN2018073	u30B2
train	UN2018073	u30B3
train	UN2018073	u30B4
train	UN2018073	u30B5
train	UN2018073	u30B6
train	UN2018073	u30B7
train	UN2018073	u30B8
train	UN2018073	u30B9
train	UN2018073	u30BA
train	UN2018073	u30BB
train	UN2018073	u30BC
train	UN2018073	u30BD
train	UN2018073	u30BE
train	UN2018073	u30BF
train	UN2018073	u30C0
train	UN2018073	u30C1
train	UN2018073	u30C2
train	UN2018073	u30C3
train	UN2018073	u30C4
train	UN2018073	u30C5
train	UN2018073	u30C6
train	UN2018073	u30C7
train	UN2018073	u30C8
train	UN2018073	u30C9
train	UN2018073	u30CA
train	UN2018073	u30CB
train	UN2018073	u30CC
train	UN2018073	u30CD
train	UN2018073	u30CE
train	UN2018073	u30CF
train	UN2018073	u30D0
train	UN2018073	u30D1
train	UN2018073	u30D2
train	UN2018073	u30D3
train	UN2018073	u30D4
train	UN2018073	u30D5
train	UN2018073	u30D6
train	UN2018073	u30D7
train	UN2018073	u30D8
train	UN2018073	u30D9
train	UN2018073	u30DA
train	UN2018073	u30DB
train	UN2018073	u30DC
train	UN2018073	u30DD
train	UN2018073	u30DE
train	UN2018073	u30DF
train	UN2018073	u30E0
train	UN2018073	u30E1
train	UN2018073	u30E2
train	UN2018073	u30E3
train	UN2018073	u30E4
train	UN2018073	u30E5
train	UN2018073	u30E6
train	UN2018073	u30E7
train	UN2018073	u30E8
train	UN2018073	u30E9
train	UN2018073	u30EA
train	UN2018073	u30EB
train	UN2018073	u30EC
train	UN2018073	u30ED
train	UN2018073	u30EE
train	UN2018073	u30EF
train	UN2018073	u30F0
train	UN2018073	u30F1
train	UN2018073	u30F2
train	UN2018073	u30F3
train	UN2018073	u30F4
train	UN2018073	u30F5
train	UN2018073	u30F6
train	UN2018073	u3105
train	UN2018073	u3106
train	UN2018073	u3107
train	UN2018073	u3108
train	UN2018073	u3109
train	UN2018073	u310A
train	UN2018073	u310B
train	UN2018073	u310C
train	UN2018073	u310D
train	UN2018073	u310E
train	UN2018073	u310F
train	UN2018073	u3110
train	UN2018073	u3111
train	UN2018073	u3112
train	UN2018073	u3113
train	UN2018073	u3114
train	UN2018073	u3115
train	UN2018073	u3116
train	UN2018073	u3117
train	UN2018073	u3118
train	UN2018073	u3119
train	UN2018073	u311A
train	UN2018073	u311B
train	UN2018073	u311C
train	UN2018073	u311D
train	UN2018073	u311E
train	UN2018073	u311F
train	UN2018073	u3120
train	UN2018073	u3121
train	UN2018073	u3122
train	UN2018073	u3123
train	UN2018073	u3124
train	UN2018073	u3125
train	UN2018073	u3126
train	UN2018073	u3127
train	UN2018073	u3128
train	UN2018073	u3129
train	UN2018078	u0030
train	UN2018078	u0031
train	UN2018078	u0032
train	UN2018078	u0033
train	UN2018078	u0034
train	UN2018078	u0035
train	UN2018078	u0036
train	UN2018078	u0037
train	UN2018078	u0038
train	UN2018078	u0039
train	UN2018078	u0041
train	UN2018078	u0042
train	UN2018078	u0043
train	UN2018078	u0044
train	UN2018078	u0045
train	UN2018078	u0046
train	UN2018078	u0047
train	UN2018078	u0048
train	UN2018078	u0049
train	UN2018078	u004A
train	UN2018078	u004B
train	UN2018078	u004C
train	UN2018078	u004D
train	UN2018078	u004E
train	UN2018078	u004F
train	UN2018078	u0050
train	UN2018078	u0051
train	UN2018078	u0052
train	UN2018078	u0053
train	UN2018078	u0054
train	UN2018078	u0055
train	UN2018078	u0056
train	UN2018078	u0057
train	UN2018078	u0058
train	UN2018078	u0059
train	UN2018078	u005A
train	UN2018078	u0061
train	UN2018078	u0062
train	UN2018078	u0063
train	UN2018078	u0064
train	UN2018078	u0065
train	UN2018078	u0066
train	UN2018078	u0067
train	UN2018078	u0068
train	UN2018078	u0069
train	UN2018078	u006A
train	UN2018078	u006B
train	UN2018078	u006C
train	UN2018078	u006D
train	UN2018078	u006E
train	UN2018078	u006F
train	UN2018078	u0070
train	UN2018078	u0071
train	UN2018078	u0072
train	UN2018078	u0073
train	UN2018078	u0074
train	UN2018078	u0075
train	UN2018078	u0076
train	UN2018078	u0077
train	UN2018078	u0078
train	UN2018078	u0079
train	UN2018078	u007A
train	UN2018078	u00E0
train	UN2018078	u00E1
train	UN2018078	u00E8
train	UN2018078	u00E9
train	UN2018078	u00EA
train	UN2018078	u00ED
train	UN2018078	u00F2
train	UN2018078	u00F3
train	UN2018078	u00F9
train	UN2018078	u00FA
train	UN2018078	u00FC
train	UN2018078	u0101
train	UN2018078	u0113
train	UN2018078	u011B
train	UN2018078	u012B
train	UN2018078	u0144
train	UN2018078	u0148
train	UN2018078	u014D
train	UN2018078	u016B
train	UN2018078	u01CE
train	UN2018078	u01D0
train	UN2018078	u01D2
train	UN2018078	u01D4
train	UN2018078	u01D6
train	UN2018078	u01D8
train	UN2018078	u01DA
train	UN2018078	u01DC
train	UN2018078	u3041
train	UN2018078	u3042
train	UN2018078	u3043
train	UN2018078	u3044
train	UN2018078	u3045
train	UN2018078	u3046
train	UN2018078	u3047
train	UN2018078	u3048
train	UN2018078	u3049
train	UN2018078	u304A
train	UN2018078	u304B
train	UN2018078	u304C
train	UN2018078	u304D
train	UN2018078	u304E
train	UN2018078	u304F
train	UN2018078	u3050
train	UN2018078	u3051
train	UN2018078	u3052
train	UN2018078	u3053
train	UN2018078	u3054
train	UN2018078	u3055
train	UN2018078	u3056
train	UN2018078	u3057
train	UN2018078	u3058
train	UN2018078	u3059
train	UN2018078	u305A
train	UN2018078	u305B
train	UN2018078	u305C
train	UN2018078	u305D
train	UN2018078	u305E
train	UN2018078	u305F
train	UN2018078	u3060
train	UN2018078	u3061
train	UN2018078	u3062
train	UN2018078	u3063
train	UN2018078	u3064
train	UN2018078	u3065
train	UN2018078	u3066
train	UN2018078	u3067
train	UN2018078	u3068
train	UN2018078	u3069
train	UN2018078	u306A
train	UN2018078	u306B
train	UN2018078	u306C
train	UN2018078	u306D
train	UN2018078	u306E
train	UN2018078	u306F
train	UN2018078	u3070
train	UN2018078	u3071
train	UN2018078	u3072
train	UN2018078	u3073
train	UN2018078	u3074
train	UN2018078	u3075
train	UN2018078	u3076
train	UN2018078	u3077
train	UN2018078	u3078
train	UN2018078	u3079
train	UN2018078	u307A
train	UN2018078	u307B
train	UN2018078	u307C
train	UN2018078	u307D
train	UN2018078	u307E
train	UN2018078	u307F
train	UN2018078	u3080
train	UN2018078	u3081
train	UN2018078	u3082
train	UN2018078	u3083
train	UN2018078	u3084
train	UN2018078	u3085
train	UN2018078	u3086
train	UN2018078	u3087
train	UN2018078	u3088
train	UN2018078	u3089
train	UN2018078	u308A
train	UN2018078	u308B
train	UN2018078	u308C
train	UN2018078	u308D
train	UN2018078	u308E
train	UN2018078	u308F
train	UN2018078	u3090
train	UN2018078	u3091
train	UN2018078	u3092
train	UN2018078	u3093
train	UN2018078	u30A1
train	UN2018078	u30A2
train	UN2018078	u30A3
train	UN2018078	u30A4
train	UN2018078	u30A5
train	UN2018078	u30A6
train	UN2018078	u30A7
train	UN2018078	u30A8
train	UN2018078	u30A9
train	UN2018078	u30AA
train	UN2018078	u30AB
train	UN2018078	u30AC
train	UN2018078	u30AD
train	UN2018078	u30AE
train	UN2018078	u30AF
train	UN2018078	u30B0
train	UN2018078	u30B1
train	UN2018078	u30B2
train	UN2018078	u30B3
train	UN2018078	u30B4
train	UN2018078	u30B5
train	UN2018078	u30B6
train	UN2018078	u30B7
train	UN2018078	u30B8
train	UN2018078	u30B9
train	UN2018078	u30BA
train	UN2018078	u30BB
train	UN2018078	u30BC
train	UN2018078	u30BD
train	UN2018078	u30BE
train	UN2018078	u30BF
train	UN2018078	u30C0
train	UN2018078	u30C1
train	UN2018078	u30C2
train	UN2018078	u30C3
train	UN2018078	u30C4
train	UN2018078	u30C5
train	UN2018078	u30C6
train	UN2018078	u30C7
train	UN2018078	u30C8
train	UN2018078	u30C9
train	UN2018078	u30CA
train	UN2018078	u30CB
train	UN2018078	u30CC
train	UN2018078	u30CD
train	UN2018078	u30CE
train	UN2018078	u30CF
train	UN2018078	u30D0
train	UN2018078	u30D1
train	UN2018078	u30D2
train	UN2018078	u30D3
train	UN2018078	u30D4
train	UN2018078	u30D5
train	UN2018078	u30D6
train	UN2018078	u30D7
train	UN2018078	u30D8
train	UN2018078	u30D9
train	UN2018078	u30DA
train	UN2018078	u30DB
train	UN2018078	u30DC
train	UN2018078	u30DD
train	UN2018078	u30DE
train	UN2018078	u30DF
train	UN2018078	u30E0
train	UN2018078	u30E1
train	UN2018078	u30E2
train	UN2018078	u30E3
train	UN2018078	u30E4
train	UN2018078	u30E5
train	UN2018078	u30E6
train	UN2018078	u30E7
train	UN2018078	u30E8
train	UN2018078	u30E9
train	UN2018078	u30EA
train	UN2018078	u30EB
train	UN2018078	u30EC
train	UN2018078	u30ED
train	UN2018078	u30EE
train	UN2018078	u30EF
train	UN2018078	u30F0
train	UN2018078	u30F1
train	UN2018078	u30F2
train	UN2018078	u30F3
train	UN2018078	u30F4
train	UN2018078	u30F5
train	UN2018078	u30F6
train	UN2018078	u3105
train	UN2018078	u3106
train	UN2018078	u3107
train	UN2018078	u3108
train	UN2018078	u3109
train	UN2018078	u310A
train	UN2018078	u310B
train	UN2018078	u310C
train	UN2018078	u310D
train	UN2018078	u310E
train	UN2018078	u310F
train	UN2018078	u3110
train	UN2018078	u3111
train	UN2018078	u3112
train	UN2018078	u3113
train	UN2018078	u3114
train	UN2018078	u3115
train	UN2018078	u3116
train	UN2018078	u3117
train	UN2018078	u3118
train	UN2018078	u3119
train	UN2018078	u311A
train	UN2018078	u311B
train	UN2018078	u311C
train	UN2018078	u311D
train	UN2018078	u311E
train	UN2018078	u311F
train	UN2018078	u3120
train	UN2018078	u3121
train	UN2018078	u3122
train	UN2018078	u3123
train	UN2018078	u3124
train	UN2018078	u3125
train	UN2018078	u3126
train	UN2018078	u3127
train	UN2018078	u3128
train	UN2018078	u3129
train	UN2018096	u0030
train	UN2018096	u0031
train	UN2018096	u0032
train	UN2018096	u0033
train	UN2018096	u0034
train	UN2018096	u0035
train	UN2018096	u0036
train	UN2018096	u0037
train	UN2018096	u0038
train	UN2018096	u0039
train	UN2018096	u0041
train	UN2018096	u0042
train	UN2018096	u0043
train	UN2018096	u0044
train	UN2018096	u0045
train	UN2018096	u0046
train	UN2018096	u0047
train	UN2018096	u0048
train	UN2018096	u0049
train	UN2018096	u004A
train	UN2018096	u004B
train	UN2018096	u004C
train	UN2018096	u004D
train	UN2018096	u004E
train	UN2018096	u004F
train	UN2018096	u0050
train	UN2018096	u0051
train	UN2018096	u0052
train	UN2018096	u0053
train	UN2018096	u0054
train	UN2018096	u0055
train	UN2018096	u0056
train	UN2018096	u0057
train	UN2018096	u0058
train	UN2018096	u0059
train	UN2018096	u005A
train	UN2018096	u0061
train	UN2018096	u0062
train	UN2018096	u0063
train	UN2018096	u0064
train	UN2018096	u0065
train	UN2018096	u0066
train	UN2018096	u0067
train	UN2018096	u0068
train	UN2018096	u0069
train	UN2018096	u006A
train	UN2018096	u006B
train	UN2018096	u006C
train	UN2018096	u006D
train	UN2018096	u006E
train	UN2018096	u006F
train	UN2018096	u0070
train	UN2018096	u0071
train	UN2018096	u0072
train	UN2018096	u0073
train	UN2018096	u0074
train	UN2018096	u0075
train	UN2018096	u0076
train	UN2018096	u0077
train	UN2018096	u0078
train	UN2018096	u0079
train	UN2018096	u007A
train	UN2018096	u00E0
train	UN2018096	u00E1
train	UN2018096	u00E8
train	UN2018096	u00E9
train	UN2018096	u00EA
train	UN2018096	u00ED
train	UN2018096	u00F2
train	UN2018096	u00F3
train	UN2018096	u00F9
train	UN2018096	u00FA
train	UN2018096	u00FC
train	UN2018096	u0101
train	UN2018096	u0113
train	UN2018096	u011B
train	UN2018096	u012B
train	UN2018096	u0144
train	UN2018096	u0148
train	UN2018096	u014D
train	UN2018096	u016B
train	UN2018096	u01CE
train	UN2018096	u01D0
train	UN2018096	u01D2
train	UN2018096	u01D4
train	UN2018096	u01D6
train	UN2018096	u01D8
train	UN2018096	u01DA
train	UN2018096	u01DC
train	UN2018096	u3041
train	UN2018096	u3042
train	UN2018096	u3043
train	UN2018096	u3044
train	UN2018096	u3045
train	UN2018096	u3046
train	UN2018096	u3047
train	UN2018096	u3048
train	UN2018096	u3049
train	UN2018096	u304A
train	UN2018096	u304B
train	UN2018096	u304C
train	UN2018096	u304D
train	UN2018096	u304E
train	UN2018096	u304F
train	UN2018096	u3050
train	UN2018096	u3051
train	UN2018096	u3052
train	UN2018096	u3053
train	UN2018096	u3054
train	UN2018096	u3055
train	UN2018096	u3056
train	UN2018096	u3057
train	UN2018096	u3058
train	UN2018096	u3059
train	UN2018096	u305A
train	UN2018096	u305B
train	UN2018096	u305C
train	UN2018096	u305D
train	UN2018096	u305E
train	UN2018096	u305F
train	UN2018096	u3060
train	UN2018096	u3061
train	UN2018096	u3062
train	UN2018096	u3063
train	UN2018096	u3064
train	UN2018096	u3065
train	UN2018096	u3066
train	UN2018096	u3067
train	UN2018096	u3068
train	UN2018096	u3069
train	UN2018096	u306A
train	UN2018096	u306B
train	UN2018096	u306C
train	UN2018096	u306D
train	UN2018096	u306E
train	UN2018096	u306F
train	UN2018096	u3070
train	UN2018096	u3071
train	UN2018096	u3072
train	UN2018096	u3073
train	UN2018096	u3074
train	UN2018096	u3075
train	UN2018096	u3076
train	UN2018096	u3077
train	UN2018096	u3078
train	UN2018096	u3079
train	UN2018096	u307A
train	UN2018096	u307B
train	UN2018096	u307C
train	UN2018096	u307D
train	UN2018096	u307E
train	UN2018096	u307F
train	UN2018096	u3080
train	UN2018096	u3081
train	UN2018096	u3082
train	UN2018096	u3083
train	UN2018096	u3084
train	UN2018096	u3085
train	UN2018096	u3086
train	UN2018096	u3087
train	UN2018096	u3088
train	UN2018096	u3089
train	UN2018096	u308A
train	UN2018096	u308B
train	UN2018096	u308C
train	UN2018096	u308D
train	UN2018096	u308E
train	UN2018096	u308F
train	UN2018096	u3090
train	UN2018096	u3091
train	UN2018096	u3092
train	UN2018096	u3093
train	UN2018096	u30A1
train	UN2018096	u30A2
train	UN2018096	u30A3
train	UN2018096	u30A4
train	UN2018096	u30A5
train	UN2018096	u30A6
train	UN2018096	u30A7
train	UN2018096	u30A8
train	UN2018096	u30A9
train	UN2018096	u30AA
train	UN2018096	u30AB
train	UN2018096	u30AC
train	UN2018096	u30AD
train	UN2018096	u30AE
train	UN2018096	u30AF
train	UN2018096	u30B0
train	UN2018096	u30B1
train	UN2018096	u30B2
train	UN2018096	u30B3
train	UN2018096	u30B4
train	UN2018096	u30B5
train	UN2018096	u30B6
train	UN2018096	u30B7
train	UN2018096	u30B8
train	UN2018096	u30B9
train	UN2018096	u30BA
train	UN2018096	u30BB
train	UN2018096	u30BC
train	UN2018096	u30BD
train	UN2018096	u30BE
train	UN2018096	u30BF
train	UN2018096	u30C0
train	UN2018096	u30C1
train	UN2018096	u30C2
train	UN2018096	u30C3
train	UN2018096	u30C4
train	UN2018096	u30C5
train	UN2018096	u30C6
train	UN2018096	u30C7
train	UN2018096	u30C8
train	UN2018096	u30C9
train	UN2018096	u30CA
train	UN2018096	u30CB
train	UN2018096	u30CC
train	UN2018096	u30CD
train	UN2018096	u30CE
train	UN2018096	u30CF
train	UN2018096	u30D0
train	UN2018096	u30D1
train	UN2018096	u30D2
train	UN2018096	u30D3
train	UN2018096	u30D4
train	UN2018096	u30D5
train	UN2018096	u30D6
train	UN2018096	u30D7
train	UN2018096	u30D8
train	UN2018096	u30D9
train	UN2018096	u30DA
train	UN2018096	u30DB
train	UN2018096	u30DC
train	UN2018096	u30DD
train	UN2018096	u30DE
train	UN2018096	u30DF
train	UN2018096	u30E0
train	UN2018096	u30E1
train	UN2018096	u30E2
train	UN2018096	u30E3
train	UN2018096	u30E4
train	UN2018096	u30E5
train	UN2018096	u30E6
train	UN2018096	u30E7
train	UN2018096	u30E8
train	UN2018096	u30E9
train	UN2018096	u30EA
train	UN2018096	u30EB
train	UN2018096	u30EC
train	UN2018096	u30ED
train	UN2018096	u30EE
train	UN2018096	u30EF
train	UN2018096	u30F0
train	UN2018096	u30F1
train	UN2018096	u30F2
train	UN2018096	u30F3
train	UN2018096	u30F4
train	UN2018096	u30F5
train	UN2018096	u30F6
train	UN2018096	u3105
train	UN2018096	u3106
train	UN2018096	u3107
train	UN2018096	u3108
train	UN2018096	u3109
train	UN2018096	u310A
train	UN2018096	u310B
train	UN2018096	u310C
train	UN2018096	u310D
train	UN2018096	u310E
train	UN2018096	u310F
train	UN2018096	u3110
train	UN2018096	u3111
train	UN2018096	u3112
train	UN2018096	u3113
train	UN2018096	u3114
train	UN2018096	u3115
train	UN2018096	u3116
train	UN2018096	u3117
train	UN2018096	u3118
train	UN2018096	u3119
train	UN2018096	u311A
train	UN2018096	u311B
train	UN2018096	u311C
train	UN2018096	u311D
train	UN2018096	u311E
train	UN2018096	u311F
train	UN2018096	u3120
train	UN2018096	u3121
train	UN2018096	u3122
train	UN2018096	u3123
train	UN2018096	u3124
train	UN2018096	u3125
train	UN2018096	u3126
train	UN2018096	u3127
train	UN2018096	u3128
train	UN2018096	u3129
train	UN2018136	u0030
train	UN2018136	u0031
train	UN2018136	u0032
train	UN2018136	u0033
train	UN2018136	u0034
train	UN2018136	u0035
train	UN2018136	u0036
train	UN2018136	u0037
train	UN2018136	u0038
train	UN2018136	u0039
train	UN2018136	u0041
train	UN2018136	u0042
train	UN2018136	u0043
train	UN2018136	u0044
train	UN2018136	u0045
train	UN2018136	u0046
train	UN2018136	u0047
train	UN2018136	u0048
train	UN2018136	u0049
train	UN2018136	u004A
train	UN2018136	u004B
train	UN2018136	u004C
train	UN2018136	u004D
train	UN2018136	u004E
train	UN2018136	u004F
train	UN2018136	u0050
train	UN2018136	u0051
train	UN2018136	u0052
train	UN2018136	u0053
train	UN2018136	u0054
train	UN2018136	u0055
train	UN2018136	u0056
train	UN2018136	u0057
train	UN2018136	u0058
train	UN2018136	u0059
train	UN2018136	u005A
train	UN2018136	u0061
train	UN2018136	u0062
train	UN2018136	u0063
train	UN2018136	u0064
train	UN2018136	u0065
train	UN2018136	u0066
train	UN2018136	u0067
train	UN2018136	u0068
train	UN2018136	u0069
train	UN2018136	u006A
train	UN2018136	u006B
train	UN2018136	u006C
train	UN2018136	u006D
train	UN2018136	u006E
train	UN2018136	u006F
train	UN2018136	u0070
train	UN2018136	u0071
train	UN2018136	u0072
train	UN2018136	u0073
train	UN2018136	u0074
train	UN2018136	u0075
train	UN2018136	u0076
train	UN2018136	u0077
train	UN2018136	u0078
train	UN2018136	u0079
train	UN2018136	u007A
train	UN2018136	u00E0
train	UN2018136	u00E1
train	UN2018136	u00E8
train	UN2018136	u00E9
train	UN2018136	u00EA
train	UN2018136	u00ED
train	UN2018136	u00F2
train	UN2018136	u00F3
train	UN2018136	u00F9
train	UN2018136	u00FA
train	UN2018136	u00FC
train	UN2018136	u0101
train	UN2018136	u0113
train	UN2018136	u011B
train	UN2018136	u012B
train	UN2018136	u0144
train	UN2018136	u0148
train	UN2018136	u014D
train	UN2018136	u016B
train	UN2018136	u01CE
train	UN2018136	u01D0
train	UN2018136	u01D2
train	UN2018136	u01D4
train	UN2018136	u01D6
train	UN2018136	u01D8
train	UN2018136	u01DA
train	UN2018136	u01DC
train	UN2018136	u3041
train	UN2018136	u3042
train	UN2018136	u3043
train	UN2018136	u3044
train	UN2018136	u3045
train	UN2018136	u3046
train	UN2018136	u3047
train	UN2018136	u3048
train	UN2018136	u3049
train	UN2018136	u304A
train	UN2018136	u304B
train	UN2018136	u304C
train	UN2018136	u304D
train	UN2018136	u304E
train	UN2018136	u304F
train	UN2018136	u3050
train	UN2018136	u3051
train	UN2018136	u3052
train	UN2018136	u3053
train	UN2018136	u3054
train	UN2018136	u3055
train	UN2018136	u3056
train	UN2018136	u3057
train	UN2018136	u3058
train	UN2018136	u3059
train	UN2018136	u305A
train	UN2018136	u305B
train	UN2018136	u305C
train	UN2018136	u305D
train	UN2018136	u305E
train	UN2018136	u305F
train	UN2018136	u3060
train	UN2018136	u3061
train	UN2018136	u3062
train	UN2018136	u3063
train	UN2018136	u3064
train	UN2018136	u3065
train	UN2018136	u3066
train	UN2018136	u3067
train	UN2018136	u3068
train	UN2018136	u3069
train	UN2018136	u306A
train	UN2018136	u306B
train	UN2018136	u306C
train	UN2018136	u306D
train	UN2018136	u306E
train	UN2018136	u306F
train	UN2018136	u3070
train	UN2018136	u3071
train	UN2018136	u3072
train	UN2018136	u3073
train	UN2018136	u3074
train	UN2018136	u3075
train	UN2018136	u3076
train	UN2018136	u3077
train	UN2018136	u3078
train	UN2018136	u3079
train	UN2018136	u307A
train	UN2018136	u307B
train	UN2018136	u307C
train	UN2018136	u307D
train	UN2018136	u307E
train	UN2018136	u307F
train	UN2018136	u3080
train	UN2018136	u3081
train	UN2018136	u3082
train	UN2018136	u3083
train	UN2018136	u3084
train	UN2018136	u3085
train	UN2018136	u3086
train	UN2018136	u3087
train	UN2018136	u3088
train	UN2018136	u3089
train	UN2018136	u308A
train	UN2018136	u308B
train	UN2018136	u308C
train	UN2018136	u308D
train	UN2018136	u308E
train	UN2018136	u308F
train	UN2018136	u3090
train	UN2018136	u3091
train	UN2018136	u3092
train	UN2018136	u3093
train	UN2018136	u30A1
train	UN2018136	u30A2
train	UN2018136	u30A3
train	UN2018136	u30A4
train	UN2018136	u30A5
train	UN2018136	u30A6
train	UN2018136	u30A7
train	UN2018136	u30A8
train	UN2018136	u30A9
train	UN2018136	u30AA
train	UN2018136	u30AB
train	UN2018136	u30AC
train	UN2018136	u30AD
train	UN2018136	u30AE
train	UN2018136	u30AF
train	UN2018136	u30B0
train	UN2018136	u30B1
train	UN2018136	u30B2
train	UN2018136	u30B3
train	UN2018136	u30B4
train	UN2018136	u30B5
train	UN2018136	u30B6
train	UN2018136	u30B7
train	UN2018136	u30B8
train	UN2018136	u30B9
train	UN2018136	u30BA
train	UN2018136	u30BB
train	UN2018136	u30BC
train	UN2018136	u30BD
train	UN2018136	u30BE
train	UN2018136	u30BF
train	UN2018136	u30C0
train	UN2018136	u30C1
train	UN2018136	u30C2
train	UN2018136	u30C3
train	UN2018136	u30C4
train	UN2018136	u30C5
train	UN2018136	u30C6
train	UN2018136	u30C7
train	UN2018136	u30C8
train	UN2018136	u30C9
train	UN2018136	u30CA
train	UN2018136	u30CB
train	UN2018136	u30CC
train	UN2018136	u30CD
train	UN2018136	u30CE
train	UN2018136	u30CF
train	UN2018136	u30D0
train	UN2018136	u30D1
train	UN2018136	u30D2
train	UN2018136	u30D3
train	UN2018136	u30D4
train	UN2018136	u30D5
train	UN2018136	u30D6
train	UN2018136	u30D7
train	UN2018136	u30D8
train	UN2018136	u30D9
train	UN2018136	u30DA
train	UN2018136	u30DB
train	UN2018136	u30DC
train	UN2018136	u30DD
train	UN2018136	u30DE
train	UN2018136	u30DF
train	UN2018136	u30E0
train	UN2018136	u30E1
train	UN2018136	u30E2
train	UN2018136	u30E3
train	UN2018136	u30E4
train	UN2018136	u30E5
train	UN2018136	u30E6
train	UN2018136	u30E7
train	UN2018136	u30E8
train	UN2018136	u30E9
train	UN2018136	u30EA
train	UN2018136	u30EB
train	UN2018136	u30EC
train	UN2018136	u30ED
train	UN2018136	u30EE
train	UN2018136	u30EF
train	UN2018136	u30F0
train	UN2018136	u30F1
train	UN2018136	u30F2
train	UN2018136	u30F3
train	UN2018136	u30F4
train	UN2018136	u30F5
train	UN2018136	u30F6
train	UN2018136	u3105
train	UN2018136	u3106
train	UN2018136	u3107
train	UN2018136	u3108
train	UN2018136	u3109
train	UN2018136	u310A
train	UN2018136	u310B
train	UN2018136	u310C
train	UN2018136	u310D
train	UN2018136	u310E
train	UN2018136	u310F
train	UN2018136	u3110
train	UN2018136	u3111
train	UN2018136	u3112
train	UN2018136	u3113
train	UN2018136	u3114
train	UN2018136	u3115
train	UN2018136	u3116
train	UN2018136	u3117
train	UN2018136	u3118
train	UN2018136	u3119
train	UN2018136	u311A
train	UN2018136	u311B
train	UN2018136	u311C
train	UN2018136	u311D
train	UN2018136	u311E
train	UN2018136	u311F
train	UN2018136	u3120
train	UN2018136	u3121
train	UN2018136	u3122
train	UN2018136	u3123
train	UN2018136	u3124
train	UN2018136	u3125
train	UN2018136	u3126
train	UN2018136	u3127
train	UN2018136	u3128
train	UN2018136	u3129
train	UN2018170	u0030
train	UN2018170	u0031
train	UN2018170	u0032
train	UN2018170	u0033
train	UN2018170	u0034
train	UN2018170	u0035
train	UN2018170	u0036
train	UN2018170	u0037
train	UN2018170	u0038
train	UN2018170	u0039
train	UN2018170	u0041
train	UN2018170	u0042
train	UN2018170	u0043
train	UN2018170	u0044
train	UN2018170	u0045
train	UN2018170	u0046
train	UN2018170	u0047
train	UN2018170	u0048
train	UN2018170	u0049
train	UN2018170	u004A
train	UN2018170	u004B
train	UN2018170	u004C
train	UN2018170	u004D
train	UN2018170	u004E
train	UN2018170	u004F
train	UN2018170	u0050
train	UN2018170	u0051
train	UN2018170	u0052
train	UN2018170	u0053
train	UN2018170	u0054
train	UN2018170	u0055
train	UN2018170	u0056
train	UN2018170	u0057
train	UN2018170	u0058
train	UN2018170	u0059
train	UN2018170	u005A
train	UN2018170	u0061
train	UN2018170	u0062
train	UN2018170	u0063
train	UN2018170	u0064
train	UN2018170	u0065
train	UN2018170	u0066
train	UN2018170	u0067
train	UN2018170	u0068
train	UN2018170	u0069
train	UN2018170	u006A
train	UN2018170	u006B
train	UN2018170	u006C
train	UN2018170	u006D
train	UN2018170	u006E
train	UN2018170	u006F
train	UN2018170	u0070
train	UN2018170	u0071
train	UN2018170	u0072
train	UN2018170	u0073
train	UN2018170	u0074
train	UN2018170	u0075
train	UN2018170	u0076
train	UN2018170	u0077
train	UN2018170	u0078
train	UN2018170	u0079
train	UN2018170	u007A
train	UN2018170	u00E0
train	UN2018170	u00E1
train	UN2018170	u00E8
train	UN2018170	u00E9
train	UN2018170	u00EA
train	UN2018170	u00ED
train	UN2018170	u00F2
train	UN2018170	u00F3
train	UN2018170	u00F9
train	UN2018170	u00FA
train	UN2018170	u00FC
train	UN2018170	u0101
train	UN2018170	u0113
train	UN2018170	u011B
train	UN2018170	u012B
train	UN2018170	u0144
train	UN2018170	u0148
train	UN2018170	u014D
train	UN2018170	u016B
train	UN2018170	u01CE
train	UN2018170	u01D0
train	UN2018170	u01D2
train	UN2018170	u01D4
train	UN2018170	u01D6
train	UN2018170	u01D8
train	UN2018170	u01DA
train	UN2018170	u01DC
train	UN2018184	u0030
train	UN2018184	u0031
train	UN2018184	u0032
train	UN2018184	u0033
train	UN2018184	u0034
train	UN2018184	u0035
train	UN2018184	u0036
train	UN2018184	u0037
train	UN2018184	u0038
train	UN2018184	u0039
train	UN2018184	u0041
train	UN2018184	u0042
train	UN2018184	u0043
train	UN2018184	u0044
train	UN2018184	u0045
train	UN2018184	u0046
train	UN2018184	u0047
train	UN2018184	u0048
train	UN2018184	u0049
train	UN2018184	u004A
train	UN2018184	u004B
train	UN2018184	u004C
train	UN2018184	u004D
train	UN2018184	u004E
train	UN2018184	u004F
train	UN2018184	u0050
train	UN2018184	u0051
train	UN2018184	u0052
train	UN2018184	u0053
train	UN2018184	u0054
train	UN2018184	u0055
train	UN2018184	u0056
train	UN2018184	u0057
train	UN2018184	u0058
train	UN2018184	u0059
train	UN2018184	u005A
train	UN2018184	u0061
train	UN2018184	u0062
train	UN2018184	u0063
train	UN2018184	u0064
train	UN2018184	u0065
train	UN2018184	u0066
train	UN2018184	u0067
train	UN2018184	u0068
train	UN2018184	u0069
train	UN2018184	u006A
train	UN2018184	u006B
train	UN2018184	u006C
train	UN2018184	u006D
train	UN2018184	u006E
train	UN2018184	u006F
train	UN2018184	u0070
train	UN2018184	u0071
train	UN2018184	u0072
train	UN2018184	u0073
train	UN2018184	u0074
train	UN2018184	u0075
train	UN2018184	u0076
train	UN2018184	u0077
train	UN2018184	u0078
train	UN2018184	u0079
train	UN2018184	u007A
train	UN2018184	u00E0
train	UN2018184	u00E1
train	UN2018184	u00E8
train	UN2018184	u00E9
train	UN2018184	u00EA
train	UN2018184	u00ED
train	UN2018184	u00F2
train	UN2018184	u00F3
train	UN2018184	u00F9
train	UN2018184	u00FA
train	UN2018184	u00FC
train	UN2018184	u0101
train	UN2018184	u0113
train	UN2018184	u011B
train	UN2018184	u012B
train	UN2018184	u0144
train	UN2018184	u0148
train	UN2018184	u014D
train	UN2018184	u016B
train	UN2018184	u01CE
train	UN2018184	u01D0
train	UN2018184	u01D2
train	UN2018184	u01D4
train	UN2018184	u01D6
train	UN2018184	u01D8
train	UN2018184	u01DA
train	UN2018184	u01DC
train	UN2018185	u0030
train	UN2018185	u0031
train	UN2018185	u0032
train	UN2018185	u0033
train	UN2018185	u0034
train	UN2018185	u0035
train	UN2018185	u0036
train	UN2018185	u0037
train	UN2018185	u0038
train	UN2018185	u0039
train	UN2018185	u0041
train	UN2018185	u0042
train	UN2018185	u0043
train	UN2018185	u0044
train	UN2018185	u0045
train	UN2018185	u0046
train	UN2018185	u0047
train	UN2018185	u0048
train	UN2018185	u0049
train	UN2018185	u004A
train	UN2018185	u004B
train	UN2018185	u004C
train	UN2018185	u004D
train	UN2018185	u004E
train	UN2018185	u004F
train	UN2018185	u0050
train	UN2018185	u0051
train	UN2018185	u0052
train	UN2018185	u0053
train	UN2018185	u0054
train	UN2018185	u0055
train	UN2018185	u0056
train	UN2018185	u0057
train	UN2018185	u0058
train	UN2018185	u0059
train	UN2018185	u005A
train	UN2018185	u0061
train	UN2018185	u0062
train	UN2018185	u0063
train	UN2018185	u0064
train	UN2018185	u0065
train	UN2018185	u0066
train	UN2018185	u0067
train	UN2018185	u0068
train	UN2018185	u0069
train	UN2018185	u006A
train	UN2018185	u006B
train	UN2018185	u006C
train	UN2018185	u006D
train	UN2018185	u006E
train	UN2018185	u006F
train	UN2018185	u0070
train	UN2018185	u0071
train	UN2018185	u0072
train	UN2018185	u0073
train	UN2018185	u0074
train	UN2018185	u0075
train	UN2018185	u0076
train	UN2018185	u0077
train	UN2018185	u0078
train	UN2018185	u0079
train	UN2018185	u007A
train	UN2018185	u00E0
train	UN2018185	u00E1
train	UN2018185	u00E8
train	UN2018185	u00E9
train	UN2018185	u00EA
train	UN2018185	u00ED
train	UN2018185	u00F2
train	UN2018185	u00F3
train	UN2018185	u00F9
train	UN2018185	u00FA
train	UN2018185	u00FC
train	UN2018185	u0101
train	UN2018185	u0113
train	UN2018185	u011B
train	UN2018185	u012B
train	UN2018185	u0144
train	UN2018185	u0148
train	UN2018185	u014D
train	UN2018185	u016B
train	UN2018185	u01CE
train	UN2018185	u01D0
train	UN2018185	u01D2
train	UN2018185	u01D4
train	UN2018185	u01D6
train	UN2018185	u01D8
train	UN2018185	u01DA
train	UN2018185	u01DC
train	UN2018185	u3041
train	UN2018185	u3042
train	UN2018185	u3043
train	UN2018185	u3044
train	UN2018185	u3045
train	UN2018185	u3046
train	UN2018185	u3047
train	UN2018185	u3048
train	UN2018185	u3049
train	UN2018185	u304A
train	UN2018185	u304B
train	UN2018185	u304C
train	UN2018185	u304D
train	UN2018185	u304E
train	UN2018185	u304F
train	UN2018185	u3050
train	UN2018185	u3051
train	UN2018185	u3052
train	UN2018185	u3053
train	UN2018185	u3054
train	UN2018185	u3055
train	UN2018185	u3056
train	UN2018185	u3057
train	UN2018185	u3058
train	UN2018185	u3059
train	UN2018185	u305A
train	UN2018185	u305B
train	UN2018185	u305C
train	UN2018185	u305D
train	UN2018185	u305E
train	UN2018185	u305F
train	UN2018185	u3060
train	UN2018185	u3061
train	UN2018185	u3062
train	UN2018185	u3063
train	UN2018185	u3064
train	UN2018185	u3065
train	UN2018185	u3066
train	UN2018185	u3067
train	UN2018185	u3068
train	UN2018185	u3069
train	UN2018185	u306A
train	UN2018185	u306B
train	UN2018185	u306C
train	UN2018185	u306D
train	UN2018185	u306E
train	UN2018185	u306F
train	UN2018185	u3070
train	UN2018185	u3071
train	UN2018185	u3072
train	UN2018185	u3073
train	UN2018185	u3074
train	UN2018185	u3075
train	UN2018185	u3076
train	UN2018185	u3077
train	UN2018185	u3078
train	UN2018185	u3079
train	UN2018185	u307A
train	UN2018185	u307B
train	UN2018185	u307C
train	UN2018185	u307D
train	UN2018185	u307E
train	UN2018185	u307F
train	UN2018185	u3080
train	UN2018185	u3081
train	UN2018185	u3082
train	UN2018185	u3083
train	UN2018185	u3084
train	UN2018185	u3085
train	UN2018185	u3086
train	UN2018185	u3087
train	UN2018185	u3088
train	UN2018185	u3089
train	UN2018185	u308A
train	UN2018185	u308B
train	UN2018185	u308C
train	UN2018185	u308D
train	UN2018185	u308E
train	UN2018185	u308F
train	UN2018185	u3090
train	UN2018185	u3091
train	UN2018185	u3092
train	UN2018185	u3093
train	UN2018185	u30A1
train	UN2018185	u30A2
train	UN2018185	u30A3
train	UN2018185	u30A4
train	UN2018185	u30A5
train	UN2018185	u30A6
train	UN2018185	u30A7
train	UN2018185	u30A8
train	UN2018185	u30A9
train	UN2018185	u30AA
train	UN2018185	u30AB
train	UN2018185	u30AC
train	UN2018185	u30AD
train	UN2018185	u30AE
train	UN2018185	u30AF
train	UN2018185	u30B0
train	UN2018185	u30B1
train	UN2018185	u30B2
train	UN2018185	u30B3
train	UN2018185	u30B4
train	UN2018185	u30B5
train	UN2018185	u30B6
train	UN2018185	u30B7
train	UN2018185	u30B8
train	UN2018185	u30B9
train	UN2018185	u30BA
train	UN2018185	u30BB
train	UN2018185	u30BC
train	UN2018185	u30BD
train	UN2018185	u30BE
train	UN2018185	u30BF
train	UN2018185	u30C0
train	UN2018185	u30C1
train	UN2018185	u30C2
train	UN2018185	u30C3
train	UN2018185	u30C4
train	UN2018185	u30C5
train	UN2018185	u30C6
train	UN2018185	u30C7
train	UN2018185	u30C8
train	UN2018185	u30C9
train	UN2018185	u30CA
train	UN2018185	u30CB
train	UN2018185	u30CC
train	UN2018185	u30CD
train	UN2018185	u30CE
train	UN2018185	u30CF
train	UN2018185	u30D0
train	UN2018185	u30D1
train	UN2018185	u30D2
train	UN2018185	u30D3
train	UN2018185	u30D4
train	UN2018185	u30D5
train	UN2018185	u30D6
train	UN2018185	u30D7
train	UN2018185	u30D8
train	UN2018185	u30D9
train	UN2018185	u30DA
train	UN2018185	u30DB
train	UN2018185	u30DC
train	UN2018185	u30DD
train	UN2018185	u30DE
train	UN2018185	u30DF
train	UN2018185	u30E0
train	UN2018185	u30E1
train	UN2018185	u30E2
train	UN2018185	u30E3
train	UN2018185	u30E4
train	UN2018185	u30E5
train	UN2018185	u30E6
train	UN2018185	u30E7
train	UN2018185	u30E8
train	UN2018185	u30E9
train	UN2018185	u30EA
train	UN2018185	u30EB
train	UN2018185	u30EC
train	UN2018185	u30ED
train	UN2018185	u30EE
train	UN2018185	u30EF
train	UN2018185	u30F0
train	UN2018185	u30F1
train	UN2018185	u30F2
train	UN2018185	u30F3
train	UN2018185	u30F4
train	UN2018185	u30F5
train	UN2018185	u30F6
train	UN2018185	u3105
train	UN2018185	u3106
train	UN2018185	u3107
train	UN2018185	u3108
train	UN2018185	u3109
train	UN2018185	u310A
train	UN2018185	u310B
train	UN2018185	u310C
train	UN2018185	u310D
train	UN2018185	u310E
train	UN2018185	u310F
train	UN2018185	u3110
train	UN2018185	u3111
train	UN2018185	u3112
train	UN2018185	u3113
train	UN2018185	u3114
train	UN2018185	u3115
train	UN2018185	u3116
train	UN2018185	u3117
train	UN2018185	u3118
train	UN2018185	u3119
train	UN2018185	u311A
train	UN2018185	u311B
train	UN2018185	u311C
train	UN2018185	u311D
train	UN2018185	u311E
train	UN2018185	u311F
train	UN2018185	u3120
train	UN2018185	u3121
train	UN2018185	u3122
train	UN2018185	u3123
train	UN2018185	u3124
train	UN2018185	u3125
train	UN2018185	u3126
train	UN2018185	u3127
train	UN2018185	u3128
train	UN2018185	u3129
train	UN2018224	u0030
train	UN2018224	u0031
train	UN2018224	u0032
train	UN2018224	u0033
train	UN2018224	u0034
train	UN2018224	u0035
train	UN2018224	u0036
train	UN2018224	u0037
train	UN2018224	u0038
train	UN2018224	u0039
train	UN2018224	u0041
train	UN2018224	u0042
train	UN2018224	u0043
train	UN2018224	u0044
train	UN2018224	u0045
train	UN2018224	u0046
train	UN2018224	u0047
train	UN2018224	u0048
train	UN2018224	u0049
train	UN2018224	u004A
train	UN2018224	u004B
train	UN2018224	u004C
train	UN2018224	u004D
train	UN2018224	u004E
train	UN2018224	u004F
train	UN2018224	u0050
train	UN2018224	u0051
train	UN2018224	u0052
train	UN2018224	u0053
train	UN2018224	u0054
train	UN2018224	u0055
train	UN2018224	u0056
train	UN2018224	u0057
train	UN2018224	u0058
train	UN2018224	u0059
train	UN2018224	u005A
train	UN2018224	u0061
train	UN2018224	u0062
train	UN2018224	u0063
train	UN2018224	u0064
train	UN2018224	u0065
train	UN2018224	u0066
train	UN2018224	u0067
train	UN2018224	u0068
train	UN2018224	u0069
train	UN2018224	u006A
train	UN2018224	u006B
train	UN2018224	u006C
train	UN2018224	u006D
train	UN2018224	u006E
train	UN2018224	u006F
train	UN2018224	u0070
train	UN2018224	u0071
train	UN2018224	u0072
train	UN2018224	u0073
train	UN2018224	u0074
train	UN2018224	u0075
train	UN2018224	u0076
train	UN2018224	u0077
train	UN2018224	u0078
train	UN2018224	u0079
train	UN2018224	u007A
train	UN2018224	u00E0
train	UN2018224	u00E1
train	UN2018224	u00E8
train	UN2018224	u00E9
train	UN2018224	u00EA
train	UN2018224	u00ED
train	UN2018224	u00F2
train	UN2018224	u00F3
train	UN2018224	u00F9
train	UN2018224	u00FA
train	UN2018224	u00FC
train	UN2018224	u0101
train	UN2018224	u0113
train	UN2018224	u011B
train	UN2018224	u012B
train	UN2018224	u0144
train	UN2018224	u0148
train	UN2018224	u014D
train	UN2018224	u016B
train	UN2018224	u01CE
train	UN2018224	u01D0
train	UN2018224	u01D2
train	UN2018224	u01D4
train	UN2018224	u01D6
train	UN2018224	u01D8
train	UN2018224	u01DA
train	UN2018224	u01DC
train	UN2018235	u0030
train	UN2018235	u0031
train	UN2018235	u0032
train	UN2018235	u0033
train	UN2018235	u0034
train	UN2018235	u0035
train	UN2018235	u0036
train	UN2018235	u0037
train	UN2018235	u0038
train	UN2018235	u0039
train	UN2018235	u0041
train	UN2018235	u0042
train	UN2018235	u0043
train	UN2018235	u0044
train	UN2018235	u0045
train	UN2018235	u0046
train	UN2018235	u0047
train	UN2018235	u0048
train	UN2018235	u0049
train	UN2018235	u004A
train	UN2018235	u004B
train	UN2018235	u004C
train	UN2018235	u004D
train	UN2018235	u004E
train	UN2018235	u004F
train	UN2018235	u0050
train	UN2018235	u0051
train	UN2018235	u0052
train	UN2018235	u0053
train	UN2018235	u0054
train	UN2018235	u0055
train	UN2018235	u0056
train	UN2018235	u0057
train	UN2018235	u0058
train	UN2018235	u0059
train	UN2018235	u005A
train	UN2018235	u0061
train	UN2018235	u0062
train	UN2018235	u0063
train	UN2018235	u0064
train	UN2018235	u0065
train	UN2018235	u0066
train	UN2018235	u0067
train	UN2018235	u0068
train	UN2018235	u0069
train	UN2018235	u006A
train	UN2018235	u006B
train	UN2018235	u006C
train	UN2018235	u006D
train	UN2018235	u006E
train	UN2018235	u006F
train	UN2018235	u0070
train	UN2018235	u0071
train	UN2018235	u0072
train	UN2018235	u0073
train	UN2018235	u0074
train	UN2018235	u0075
train	UN2018235	u0076
train	UN2018235	u0077
train	UN2018235	u0078
train	UN2018235	u0079
train	UN2018235	u007A
train	UN2018235	u00E0
train	UN2018235	u00E1
train	UN2018235	u00E8
train	UN2018235	u00E9
train	UN2018235	u00EA
train	UN2018235	u00ED
train	UN2018235	u00F2
train	UN2018235	u00F3
train	UN2018235	u00F9
train	UN2018235	u00FA
train	UN2018235	u00FC
train	UN2018235	u0101
train	UN2018235	u0113
train	UN2018235	u011B
train	UN2018235	u012B
train	UN2018235	u0144
train	UN2018235	u0148
train	UN2018235	u014D
train	UN2018235	u016B
train	UN2018235	u01CE
train	UN2018235	u01D0
train	UN2018235	u01D2
train	UN2018235	u01D4
train	UN2018235	u01D6
train	UN2018235	u01D8
train	UN2018235	u01DA
train	UN2018235	u01DC
train	UN2018259	u0030
train	UN2018259	u0031
train	UN2018259	u0032
train	UN2018259	u0033
train	UN2018259	u0034
train	UN2018259	u0035
train	UN2018259	u0036
train	UN2018259	u0037
train	UN2018259	u0038
train	UN2018259	u0039
train	UN2018259	u0041
train	UN2018259	u0042
train	UN2018259	u0043
train	UN2018259	u0044
train	UN2018259	u0045
train	UN2018259	u0046
train	UN2018259	u0047
train	UN2018259	u0048
train	UN2018259	u0049
train	UN2018259	u004A
train	UN2018259	u004B
train	UN2018259	u004C
train	UN2018259	u004D
train	UN2018259	u004E
train	UN2018259	u004F
train	UN2018259	u0050
train	UN2018259	u0051
train	UN2018259	u0052
train	UN2018259	u0053
train	UN2018259	u0054
train	UN2018259	u0055
train	UN2018259	u0056
train	UN2018259	u0057
train	UN2018259	u0058
train	UN2018259	u0059
train	UN2018259	u005A
train	UN2018259	u0061
train	UN2018259	u0062
train	UN2018259	u0063
train	UN2018259	u0064
train	UN2018259	u0065
train	UN2018259	u0066
train	UN2018259	u0067
train	UN2018259	u0068
train	UN2018259	u0069
train	UN2018259	u006A
train	UN2018259	u006B
train	UN2018259	u006C
train	UN2018259	u006D
train	UN2018259	u006E
train	UN2018259	u006F
train	UN2018259	u0070
train	UN2018259	u0071
train	UN2018259	u0072
train	UN2018259	u0073
train	UN2018259	u0074
train	UN2018259	u0075
train	UN2018259	u0076
train	UN2018259	u0077
train	UN2018259	u0078
train	UN2018259	u0079
train	UN2018259	u007A
train	UN2018259	u00E0
train	UN2018259	u00E1
train	UN2018259	u00E8
train	UN2018259	u00E9
train	UN2018259	u00EA
train	UN2018259	u00ED
train	UN2018259	u00F2
train	UN2018259	u00F3
train	UN2018259	u00F9
train	UN2018259	u00FA
train	UN2018259	u00FC
train	UN2018259	u0101
train	UN2018259	u0113
train	UN2018259	u011B
train	UN2018259	u012B
train	UN2018259	u0144
train	UN2018259	u0148
train	UN2018259	u014D
train	UN2018259	u016B
train	UN2018259	u01CE
train	UN2018259	u01D0
train	UN2018259	u01D2
train	UN2018259	u01D4
train	UN2018259	u01D6
train	UN2018259	u01D8
train	UN2018259	u01DA
train	UN2018259	u01DC
train	UN2018324	u0030
train	UN2018324	u0031
train	UN2018324	u0032
train	UN2018324	u0033
train	UN2018324	u0034
train	UN2018324	u0035
train	UN2018324	u0036
train	UN2018324	u0037
train	UN2018324	u0038
train	UN2018324	u0039
train	UN2018324	u0041
train	UN2018324	u0042
train	UN2018324	u0043
train	UN2018324	u0044
train	UN2018324	u0045
train	UN2018324	u0046
train	UN2018324	u0047
train	UN2018324	u0048
train	UN2018324	u0049
train	UN2018324	u004A
train	UN2018324	u004B
train	UN2018324	u004C
train	UN2018324	u004D
train	UN2018324	u004E
train	UN2018324	u004F
train	UN2018324	u0050
train	UN2018324	u0051
train	UN2018324	u0052
train	UN2018324	u0053
train	UN2018324	u0054
train	UN2018324	u0055
train	UN2018324	u0056
train	UN2018324	u0057
train	UN2018324	u0058
train	UN2018324	u0059
train	UN2018324	u005A
train	UN2018324	u0061
train	UN2018324	u0062
train	UN2018324	u0063
train	UN2018324	u0064
train	UN2018324	u0065
train	UN2018324	u0066
train	UN2018324	u0067
train	UN2018324	u0068
train	UN2018324	u0069
train	UN2018324	u006A
train	UN2018324	u006B
train	UN2018324	u006C
train	UN2018324	u006D
train	UN2018324	u006E
train	UN2018324	u006F
train	UN2018324	u0070
train	UN2018324	u0071
train	UN2018324	u0072
train	UN2018324	u0073
train	UN2018324	u0074
train	UN2018324	u0075
train	UN2018324	u0076
train	UN2018324	u0077
train	UN2018324	u0078
train	UN2018324	u0079
train	UN2018324	u007A
train	UN2018324	u00E0
train	UN2018324	u00E1
train	UN2018324	u00E8
train	UN2018324	u00E9
train	UN2018324	u00EA
train	UN2018324	u00ED
train	UN2018324	u00F2
train	UN2018324	u00F3
train	UN2018324	u00F9
train	UN2018324	u00FA
train	UN2018324	u00FC
train	UN2018324	u0101
train	UN2018324	u0113
train	UN2018324	u011B
train	UN2018324	u012B
train	UN2018324	u0144
train	UN2018324	u0148
train	UN2018324	u014D
train	UN2018324	u016B
train	UN2018324	u01CE
train	UN2018324	u01D0
train	UN2018324	u01D2
train	UN2018324	u01D4
train	UN2018324	u01D6
train	UN2018324	u01D8
train	UN2018324	u01DA
train	UN2018324	u01DC
train	UN2018359	u0030
train	UN2018359	u0031
train	UN2018359	u0032
train	UN2018359	u0033
train	UN2018359	u0034
train	UN2018359	u0035
train	UN2018359	u0036
train	UN2018359	u0037
train	UN2018359	u0038
train	UN2018359	u0039
train	UN2018359	u0041
train	UN2018359	u0042
train	UN2018359	u0043
train	UN2018359	u0044
train	UN2018359	u0045
train	UN2018359	u0046
train	UN2018359	u0047
train	UN2018359	u0048
train	UN2018359	u0049
train	UN2018359	u004A
train	UN2018359	u004B
train	UN2018359	u004C
train	UN2018359	u004D
train	UN2018359	u004E
train	UN2018359	u004F
train	UN2018359	u0050
train	UN2018359	u0051
train	UN2018359	u0052
train	UN2018359	u0053
train	UN2018359	u0054
train	UN2018359	u0055
train	UN2018359	u0056
train	UN2018359	u0057
train	UN2018359	u0058
train	UN2018359	u0059
train	UN2018359	u005A
train	UN2018359	u0061
train	UN2018359	u0062
train	UN2018359	u0063
train	UN2018359	u0064
train	UN2018359	u0065
train	UN2018359	u0066
train	UN2018359	u0067
train	UN2018359	u0068
train	UN2018359	u0069
train	UN2018359	u006A
train	UN2018359	u006B
train	UN2018359	u006C
train	UN2018359	u006D
train	UN2018359	u006E
train	UN2018359	u006F
train	UN2018359	u0070
train	UN2018359	u0071
train	UN2018359	u0072
train	UN2018359	u0073
train	UN2018359	u0074
train	UN2018359	u0075
train	UN2018359	u0076
train	UN2018359	u0077
train	UN2018359	u0078
train	UN2018359	u0079
train	UN2018359	u007A
train	UN2018393	u0030
train	UN2018393	u0031
train	UN2018393	u0032
train	UN2018393	u0033
train	UN2018393	u0034
train	UN2018393	u0035
train	UN2018393	u0036
train	UN2018393	u0037
train	UN2018393	u0038
train	UN2018393	u0039
train	UN2018393	u0041
train	UN2018393	u0042
train	UN2018393	u0043
train	UN2018393	u0044
train	UN2018393	u0045
train	UN2018393	u0046
train	UN2018393	u0047
train	UN2018393	u0048
train	UN2018393	u0049
train	UN2018393	u004A
train	UN2018393	u004B
train	UN2018393	u004C
train	UN2018393	u004D
train	UN2018393	u004E
train	UN2018393	u004F
train	UN2018393	u0050
train	UN2018393	u0051
train	UN2018393	u0052
train	UN2018393	u0053
train	UN2018393	u0054
train	UN2018393	u0055
train	UN2018393	u0056
train	UN2018393	u0057
train	UN2018393	u0058
train	UN2018393	u0059
train	UN2018393	u005A
train	UN2018393	u0061
train	UN2018393	u0062
train	UN2018393	u0063
train	UN2018393	u0064
train	UN2018393	u0065
train	UN2018393	u0066
train	UN2018393	u0067
train	UN2018393	u0068
train	UN2018393	u0069
train	UN2018393	u006A
train	UN2018393	u006B
train	UN2018393	u006C
train	UN2018393	u006D
train	UN2018393	u006E
train	UN2018393	u006F
train	UN2018393	u0070
train	UN2018393	u0071
train	UN2018393	u0072
train	UN2018393	u0073
train	UN2018393	u0074
train	UN2018393	u0075
train	UN2018393	u0076
train	UN2018393	u0077
train	UN2018393	u0078
train	UN2018393	u0079
train	UN2018393	u007A
train	UN2018393	u00E0
train	UN2018393	u00E1
train	UN2018393	u00E8
train	UN2018393	u00E9
train	UN2018393	u00EA
train	UN2018393	u00ED
train	UN2018393	u00F2
train	UN2018393	u00F3
train	UN2018393	u00F9
train	UN2018393	u00FA
train	UN2018393	u00FC
train	UN2018393	u0101
train	UN2018393	u0113
train	UN2018393	u011B
train	UN2018393	u012B
train	UN2018393	u0144
train	UN2018393	u0148
train	UN2018393	u014D
train	UN2018393	u016B
train	UN2018393	u01CE
train	UN2018393	u01D0
train	UN2018393	u01D2
train	UN2018393	u01D4
train	UN2018393	u01D6
train	UN2018393	u01D8
train	UN2018393	u01DA
train	UN2018393	u01DC
train	UN2018535	u0030
train	UN2018535	u0031
train	UN2018535	u0032
train	UN2018535	u0033
train	UN2018535	u0034
train	UN2018535	u0035
train	UN2018535	u0036
train	UN2018535	u0037
train	UN2018535	u0038
train	UN2018535	u0039
train	UN2018535	u0041
train	UN2018535	u0042
train	UN2018535	u0043
train	UN2018535	u0044
train	UN2018535	u0045
train	UN2018535	u0046
train	UN2018535	u0047
train	UN2018535	u0048
train	UN2018535	u0049
train	UN2018535	u004A
train	UN2018535	u004B
train	UN2018535	u004C
train	UN2018535	u004D
train	UN2018535	u004E
train	UN2018535	u004F
train	UN2018535	u0050
train	UN2018535	u0051
train	UN2018535	u0052
train	UN2018535	u0053
train	UN2018535	u0054
train	UN2018535	u0055
train	UN2018535	u0056
train	UN2018535	u0057
train	UN2018535	u0058
train	UN2018535	u0059
train	UN2018535	u005A
train	UN2018535	u0061
train	UN2018535	u0062
train	UN2018535	u0063
train	UN2018535	u0064
train	UN2018535	u0065
train	UN2018535	u0066
train	UN2018535	u0067
train	UN2018535	u0068
train	UN2018535	u0069
train	UN2018535	u006A
train	UN2018535	u006B
train	UN2018535	u006C
train	UN2018535	u006D
train	UN2018535	u006E
train	UN2018535	u006F
train	UN2018535	u0070
train	UN2018535	u0071
train	UN2018535	u0072
train	UN2018535	u0073
train	UN2018535	u0074
train	UN2018535	u0075
train	UN2018535	u0076
train	UN2018535	u0077
train	UN2018535	u0078
train	UN2018535	u0079
train	UN2018535	u007A
train	UN2018535	u00E0
train	UN2018535	u00E1
train	UN2018535	u00E8
train	UN2018535	u00E9
train	UN2018535	u00EA
train	UN2018535	u00ED
train	UN2018535	u00F2
train	UN2018535	u00F3
train	UN2018535	u00F9
train	UN2018535	u00FA
train	UN2018535	u00FC
train	UN2018535	u0101
train	UN2018535	u0113
train	UN2018535	u011B
train	UN2018535	u012B
train	UN2018535	u0144
train	UN2018535	u0148
train	UN2018535	u014D
train	UN2018535	u016B
train	UN2018535	u01CE
train	UN2018535	u01D0
train	UN2018535	u01D2
train	UN2018535	u01D4
train	UN2018535	u01D6
train	UN2018535	u01D8
train	UN2018535	u01DA
train	UN2018535	u01DC
train	UN2018535	u3041
train	UN2018535	u3042
train	UN2018535	u3043
train	UN2018535	u3044
train	UN2018535	u3045
train	UN2018535	u3046
train	UN2018535	u3047
train	UN2018535	u3048
train	UN2018535	u3049
train	UN2018535	u304A
train	UN2018535	u304B
train	UN2018535	u304C
train	UN2018535	u304D
train	UN2018535	u304E
train	UN2018535	u304F
train	UN2018535	u3050
train	UN2018535	u3051
train	UN2018535	u3052
train	UN2018535	u3053
train	UN2018535	u3054
train	UN2018535	u3055
train	UN2018535	u3056
train	UN2018535	u3057
train	UN2018535	u3058
train	UN2018535	u3059
train	UN2018535	u305A
train	UN2018535	u305B
train	UN2018535	u305C
train	UN2018535	u305D
train	UN2018535	u305E
train	UN2018535	u305F
train	UN2018535	u3060
train	UN2018535	u3061
train	UN2018535	u3062
train	UN2018535	u3063
train	UN2018535	u3064
train	UN2018535	u3065
train	UN2018535	u3066
train	UN2018535	u3067
train	UN2018535	u3068
train	UN2018535	u3069
train	UN2018535	u306A
train	UN2018535	u306B
train	UN2018535	u306C
train	UN2018535	u306D
train	UN2018535	u306E
train	UN2018535	u306F
train	UN2018535	u3070
train	UN2018535	u3071
train	UN2018535	u3072
train	UN2018535	u3073
train	UN2018535	u3074
train	UN2018535	u3075
train	UN2018535	u3076
train	UN2018535	u3077
train	UN2018535	u3078
train	UN2018535	u3079
train	UN2018535	u307A
train	UN2018535	u307B
train	UN2018535	u307C
train	UN2018535	u307D
train	UN2018535	u307E
train	UN2018535	u307F
train	UN2018535	u3080
train	UN2018535	u3081
train	UN2018535	u3082
train	UN2018535	u3083
train	UN2018535	u3084
train	UN2018535	u3085
train	UN2018535	u3086
train	UN2018535	u3087
train	UN2018535	u3088
train	UN2018535	u3089
train	UN2018535	u308A
train	UN2018535	u308B
train	UN2018535	u308C
train	UN2018535	u308D
train	UN2018535	u308E
train	UN2018535	u308F
train	UN2018535	u3090
train	UN2018535	u3091
train	UN2018535	u3092
train	UN2018535	u3093
train	UN2018535	u30A1
train	UN2018535	u30A2
train	UN2018535	u30A3
train	UN2018535	u30A4
train	UN2018535	u30A5
train	UN2018535	u30A6
train	UN2018535	u30A7
train	UN2018535	u30A8
train	UN2018535	u30A9
train	UN2018535	u30AA
train	UN2018535	u30AB
train	UN2018535	u30AC
train	UN2018535	u30AD
train	UN2018535	u30AE
train	UN2018535	u30AF
train	UN2018535	u30B0
train	UN2018535	u30B1
train	UN2018535	u30B2
train	UN2018535	u30B3
train	UN2018535	u30B4
train	UN2018535	u30B5
train	UN2018535	u30B6
train	UN2018535	u30B7
train	UN2018535	u30B8
train	UN2018535	u30B9
train	UN2018535	u30BA
train	UN2018535	u30BB
train	UN2018535	u30BC
train	UN2018535	u30BD
train	UN2018535	u30BE
train	UN2018535	u30BF
train	UN2018535	u30C0
train	UN2018535	u30C1
train	UN2018535	u30C2
train	UN2018535	u30C3
train	UN2018535	u30C4
train	UN2018535	u30C5
train	UN2018535	u30C6
train	UN2018535	u30C7
train	UN2018535	u30C8
train	UN2018535	u30C9
train	UN2018535	u30CA
train	UN2018535	u30CB
train	UN2018535	u30CC
train	UN2018535	u30CD
train	UN2018535	u30CE
train	UN2018535	u30CF
train	UN2018535	u30D0
train	UN2018535	u30D1
train	UN2018535	u30D2
train	UN2018535	u30D3
train	UN2018535	u30D4
train	UN2018535	u30D5
train	UN2018535	u30D6
train	UN2018535	u30D7
train	UN2018535	u30D8
train	UN2018535	u30D9
train	UN2018535	u30DA
train	UN2018535	u30DB
train	UN2018535	u30DC
train	UN2018535	u30DD
train	UN2018535	u30DE
train	UN2018535	u30DF
train	UN2018535	u30E0
train	UN2018535	u30E1
train	UN2018535	u30E2
train	UN2018535	u30E3
train	UN2018535	u30E4
train	UN2018535	u30E5
train	UN2018535	u30E6
train	UN2018535	u30E7
train	UN2018535	u30E8
train	UN2018535	u30E9
train	UN2018535	u30EA
train	UN2018535	u30EB
train	UN2018535	u30EC
train	UN2018535	u30ED
train	UN2018535	u30EE
train	UN2018535	u30EF
train	UN2018535	u30F0
train	UN2018535	u30F1
train	UN2018535	u30F2
train	UN2018535	u30F3
train	UN2018535	u30F4
train	UN2018535	u30F5
train	UN2018535	u30F6
train	UN2018535	u3105
train	UN2018535	u3106
train	UN2018535	u3107
train	UN2018535	u3108
train	UN2018535	u3109
train	UN2018535	u310A
train	UN2018535	u310B
train	UN2018535	u310C
train	UN2018535	u310D
train	UN2018535	u310E
train	UN2018535	u310F
train	UN2018535	u3110
train	UN2018535	u3111
train	UN2018535	u3112
train	UN2018535	u3113
train	UN2018535	u3114
train	UN2018535	u3115
train	UN2018535	u3116
train	UN2018535	u3117
train	UN2018535	u3118
train	UN2018535	u3119
train	UN2018535	u311A
train	UN2018535	u311B
train	UN2018535	u311C
train	UN2018535	u311D
train	UN2018535	u311E
train	UN2018535	u311F
train	UN2018535	u3120
train	UN2018535	u3121
train	UN2018535	u3122
train	UN2018535	u3123
train	UN2018535	u3124
train	UN2018535	u3125
train	UN2018535	u3126
train	UN2018535	u3127
train	UN2018535	u3128
train	UN2018535	u3129
train	UN2021252	u0030
train	UN2021252	u0031
train	UN2021252	u0032
train	UN2021252	u0033
train	UN2021252	u0034
train	UN2021252	u0035
train	UN2021252	u0036
train	UN2021252	u0037
train	UN2021252	u0038
train	UN2021252	u0039
train	UN2021252	u0041
train	UN2021252	u0042
train	UN2021252	u0043
train	UN2021252	u0044
train	UN2021252	u0045
train	UN2021252	u0046
train	UN2021252	u0047
train	UN2021252	u0048
train	UN2021252	u0049
train	UN2021252	u004A
train	UN2021252	u004B
train	UN2021252	u004C
train	UN2021252	u004D
train	UN2021252	u004E
train	UN2021252	u004F
train	UN2021252	u0050
train	UN2021252	u0051
train	UN2021252	u0052
train	UN2021252	u0053
train	UN2021252	u0054
train	UN2021252	u0055
train	UN2021252	u0056
train	UN2021252	u0057
train	UN2021252	u0058
train	UN2021252	u0059
train	UN2021252	u005A
train	UN2021252	u0061
train	UN2021252	u0062
train	UN2021252	u0063
train	UN2021252	u0064
train	UN2021252	u0065
train	UN2021252	u0066
train	UN2021252	u0067
train	UN2021252	u0068
train	UN2021252	u0069
train	UN2021252	u006A
train	UN2021252	u006B
train	UN2021252	u006C
train	UN2021252	u006D
train	UN2021252	u006E
train	UN2021252	u006F
train	UN2021252	u0070
train	UN2021252	u0071
train	UN2021252	u0072
train	UN2021252	u0073
train	UN2021252	u0074
train	UN2021252	u0075
train	UN2021252	u0076
train	UN2021252	u0077
train	UN2021252	u0078
train	UN2021252	u0079
train	UN2021252	u007A
train	UN2021252	u00E0
train	UN2021252	u00E1
train	UN2021252	u00E8
train	UN2021252	u00E9
train	UN2021252	u00EA
train	UN2021252	u00ED
train	UN2021252	u00F2
train	UN2021252	u00F3
train	UN2021252	u00F9
train	UN2021252	u00FA
train	UN2021252	u00FC
train	UN2021252	u0101
train	UN2021252	u0113
train	UN2021252	u011B
train	UN2021252	u012B
train	UN2021252	u0144
train	UN2021252	u0148
train	UN2021252	u014D
train	UN2021252	u016B
train	UN2021252	u01CE
train	UN2021252	u01D0
train	UN2021252	u01D2
train	UN2021252	u01D4
train	UN2021252	u01D6
train	UN2021252	u01D8
train	UN2021252	u01DA
train	UN2021252	u01DC
train	UN2021493	u0030
train	UN2021493	u0031
train	UN2021493	u0032
train	UN2021493	u0033
train	UN2021493	u0034
train	UN2021493	u0035
train	UN2021493	u0036
train	UN2021493	u0037
train	UN2021493	u0038
train	UN2021493	u0039
train	UN2021493	u0041
train	UN2021493	u0042
train	UN2021493	u0043
train	UN2021493	u0044
train	UN2021493	u0045
train	UN2021493	u0046
train	UN2021493	u0047
train	UN2021493	u0048
train	UN2021493	u0049
train	UN2021493	u004A
train	UN2021493	u004B
train	UN2021493	u004C
train	UN2021493	u004D
train	UN2021493	u004E
train	UN2021493	u004F
train	UN2021493	u0050
train	UN2021493	u0051
train	UN2021493	u0052
train	UN2021493	u0053
train	UN2021493	u0054
train	UN2021493	u0055
train	UN2021493	u0056
train	UN2021493	u0057
train	UN2021493	u0058
train	UN2021493	u0059
train	UN2021493	u005A
train	UN2021493	u0061
train	UN2021493	u0062
train	UN2021493	u0063
train	UN2021493	u0064
train	UN2021493	u0065
train	UN2021493	u0066
train	UN2021493	u0067
train	UN2021493	u0068
train	UN2021493	u0069
train	UN2021493	u006A
train	UN2021493	u006B
train	UN2021493	u006C
train	UN2021493	u006D
train	UN2021493	u006E
train	UN2021493	u006F
train	UN2021493	u0070
train	UN2021493	u0071
train	UN2021493	u0072
train	UN2021493	u0073
train	UN2021493	u0074
train	UN2021493	u0075
train	UN2021493	u0076
train	UN2021493	u0077
train	UN2021493	u0078
train	UN2021493	u0079
train	UN2021493	u007A
train	UN2021493	u00E0
train	UN2021493	u00E1
train	UN2021493	u00E8
train	UN2021493	u00E9
train	UN2021493	u00EA
train	UN2021493	u00ED
train	UN2021493	u00F2
train	UN2021493	u00F3
train	UN2021493	u00F9
train	UN2021493	u00FA
train	UN2021493	u00FC
train	UN2021493	u0101
train	UN2021493	u0113
train	UN2021493	u011B
train	UN2021493	u012B
train	UN2021493	u0144
train	UN2021493	u0148
train	UN2021493	u014D
train	UN2021493	u016B
train	UN2021493	u01CE
train	UN2021493	u01D0
train	UN2021493	u01D2
train	UN2021493	u01D4
train	UN2021493	u01D6
train	UN2021493	u01D8
train	UN2021493	u01DA
train	UN2021493	u01DC
train	UN2021584	u0030
train	UN2021584	u0031
train	UN2021584	u0032
train	UN2021584	u0033
train	UN2021584	u0034
train	UN2021584	u0035
train	UN2021584	u0036
train	UN2021584	u0037
train	UN2021584	u0038
train	UN2021584	u0039
train	UN2021584	u0041
train	UN2021584	u0042
train	UN2021584	u0043
train	UN2021584	u0044
train	UN2021584	u0045
train	UN2021584	u0046
train	UN2021584	u0047
train	UN2021584	u0048
train	UN2021584	u0049
train	UN2021584	u004A
train	UN2021584	u004B
train	UN2021584	u004C
train	UN2021584	u004D
train	UN2021584	u004E
train	UN2021584	u004F
train	UN2021584	u0050
train	UN2021584	u0051
train	UN2021584	u0052
train	UN2021584	u0053
train	UN2021584	u0054
train	UN2021584	u0055
train	UN2021584	u0056
train	UN2021584	u0057
train	UN2021584	u0058
train	UN2021584	u0059
train	UN2021584	u005A
train	UN2021584	u0061
train	UN2021584	u0062
train	UN2021584	u0063
train	UN2021584	u0064
train	UN2021584	u0065
train	UN2021584	u0066
train	UN2021584	u0067
train	UN2021584	u0068
train	UN2021584	u0069
train	UN2021584	u006A
train	UN2021584	u006B
train	UN2021584	u006C
train	UN2021584	u006D
train	UN2021584	u006E
train	UN2021584	u006F
train	UN2021584	u0070
train	UN2021584	u0071
train	UN2021584	u0072
train	UN2021584	u0073
train	UN2021584	u0074
train	UN2021584	u0075
train	UN2021584	u0076
train	UN2021584	u0077
train	UN2021584	u0078
train	UN2021584	u0079
train	UN2021584	u007A
train	UN2021584	u00E0
train	UN2021584	u00E1
train	UN2021584	u00E8
train	UN2021584	u00E9
train	UN2021584	u00EA
train	UN2021584	u00ED
train	UN2021584	u00F2
train	UN2021584	u00F3
train	UN2021584	u00F9
train	UN2021584	u00FA
train	UN2021584	u00FC
train	UN2021584	u0101
train	UN2021584	u0113
train	UN2021584	u011B
train	UN2021584	u012B
train	UN2021584	u0144
train	UN2021584	u0148
train	UN2021584	u014D
train	UN2021584	u016B
train	UN2021584	u01CE
train	UN2021584	u01D0
train	UN2021584	u01D2
train	UN2021584	u01D4
train	UN2021584	u01D6
train	UN2021584	u01D8
train	UN2021584	u01DA
train	UN2021584	u01DC
train	UN2021584	u3041
train	UN2021584	u3042
train	UN2021584	u3043
train	UN2021584	u3044
train	UN2021584	u3045
train	UN2021584	u3046
train	UN2021584	u3047
train	UN2021584	u3048
train	UN2021584	u3049
train	UN2021584	u304A
train	UN2021584	u304B
train	UN2021584	u304C
train	UN2021584	u304D
train	UN2021584	u304E
train	UN2021584	u304F
train	UN2021584	u3050
train	UN2021584	u3051
train	UN2021584	u3052
train	UN2021584	u3053
train	UN2021584	u3054
train	UN2021584	u3055
train	UN2021584	u3056
train	UN2021584	u3057
train	UN2021584	u3058
train	UN2021584	u3059
train	UN2021584	u305A
train	UN2021584	u305B
train	UN2021584	u305C
train	UN2021584	u305D
train	UN2021584	u305E
train	UN2021584	u305F
train	UN2021584	u3060
train	UN2021584	u3061
train	UN2021584	u3062
train	UN2021584	u3063
train	UN2021584	u3064
train	UN2021584	u3065
train	UN2021584	u3066
train	UN2021584	u3067
train	UN2021584	u3068
train	UN2021584	u3069
train	UN2021584	u306A
train	UN2021584	u306B
train	UN2021584	u306C
train	UN2021584	u306D
train	UN2021584	u306E
train	UN2021584	u306F
train	UN2021584	u3070
train	UN2021584	u3071
train	UN2021584	u3072
train	UN2021584	u3073
train	UN2021584	u3074
train	UN2021584	u3075
train	UN2021584	u3076
train	UN2021584	u3077
train	UN2021584	u3078
train	UN2021584	u3079
train	UN2021584	u307A
train	UN2021584	u307B
train	UN2021584	u307C
train	UN2021584	u307D
train	UN2021584	u307E
train	UN2021584	u307F
train	UN2021584	u3080
train	UN2021584	u3081
train	UN2021584	u3082
train	UN2021584	u3083
train	UN2021584	u3084
train	UN2021584	u3085
train	UN2021584	u3086
train	UN2021584	u3087
train	UN2021584	u3088
train	UN2021584	u3089
train	UN2021584	u308A
train	UN2021584	u308B
train	UN2021584	u308C
train	UN2021584	u308D
train	UN2021584	u308E
train	UN2021584	u308F
train	UN2021584	u3090
train	UN2021584	u3091
train	UN2021584	u3092
train	UN2021584	u3093
train	UN2021584	u30A1
train	UN2021584	u30A2
train	UN2021584	u30A3
train	UN2021584	u30A4
train	UN2021584	u30A5
train	UN2021584	u30A6
train	UN2021584	u30A7
train	UN2021584	u30A8
train	UN2021584	u30A9
train	UN2021584	u30AA
train	UN2021584	u30AB
train	UN2021584	u30AC
train	UN2021584	u30AD
train	UN2021584	u30AE
train	UN2021584	u30AF
train	UN2021584	u30B0
train	UN2021584	u30B1
train	UN2021584	u30B2
train	UN2021584	u30B3
train	UN2021584	u30B4
train	UN2021584	u30B5
train	UN2021584	u30B6
train	UN2021584	u30B7
train	UN2021584	u30B8
train	UN2021584	u30B9
train	UN2021584	u30BA
train	UN2021584	u30BB
train	UN2021584	u30BC
train	UN2021584	u30BD
train	UN2021584	u30BE
train	UN2021584	u30BF
train	UN2021584	u30C0
train	UN2021584	u30C1
train	UN2021584	u30C2
train	UN2021584	u30C3
train	UN2021584	u30C4
train	UN2021584	u30C5
train	UN2021584	u30C6
train	UN2021584	u30C7
train	UN2021584	u30C8
train	UN2021584	u30C9
train	UN2021584	u30CA
train	UN2021584	u30CB
train	UN2021584	u30CC
train	UN2021584	u30CD
train	UN2021584	u30CE
train	UN2021584	u30CF
train	UN2021584	u30D0
train	UN2021584	u30D1
train	UN2021584	u30D2
train	UN2021584	u30D3
train	UN2021584	u30D4
train	UN2021584	u30D5
train	UN2021584	u30D6
train	UN2021584	u30D7
train	UN2021584	u30D8
train	UN2021584	u30D9
train	UN2021584	u30DA
train	UN2021584	u30DB
train	UN2021584	u30DC
train	UN2021584	u30DD
train	UN2021584	u30DE
train	UN2021584	u30DF
train	UN2021584	u30E0
train	UN2021584	u30E1
train	UN2021584	u30E2
train	UN2021584	u30E3
train	UN2021584	u30E4
train	UN2021584	u30E5
train	UN2021584	u30E6
train	UN2021584	u30E7
train	UN2021584	u30E8
train	UN2021584	u30E9
train	UN2021584	u30EA
train	UN2021584	u30EB
train	UN2021584	u30EC
train	UN2021584	u30ED
train	UN2021584	u30EE
train	UN2021584	u30EF
train	UN2021584	u30F0
train	UN2021584	u30F1
train	UN2021584	u30F2
train	UN2021584	u30F3
train	UN2021584	u30F4
train	UN2021584	u30F5
train	UN2021584	u30F6
train	UN2021584	u3105
train	UN2021584	u3106
train	UN2021584	u3107
train	UN2021584	u3108
train	UN2021584	u3109
train	UN2021584	u310A
train	UN2021584	u310B
train	UN2021584	u310C
train	UN2021584	u310D
train	UN2021584	u310E
train	UN2021584	u310F
train	UN2021584	u3110
train	UN2021584	u3111
train	UN2021584	u3112
train	UN2021584	u3113
train	UN2021584	u3114
train	UN2021584	u3115
train	UN2021584	u3116
train	UN2021584	u3117
train	UN2021584	u3118
train	UN2021584	u3119
train	UN2021584	u311A
train	UN2021584	u311B
train	UN2021584	u311C
train	UN2021584	u311D
train	UN2021584	u311E
train	UN2021584	u311F
train	UN2021584	u3120
train	UN2021584	u3121
train	UN2021584	u3122
train	UN2021584	u3123
train	UN2021584	u3124
train	UN2021584	u3125
train	UN2021584	u3126
train	UN2021584	u3127
train	UN2021584	u3128
train	UN2021584	u3129
train	UN2021586	u0030
train	UN2021586	u0031
train	UN2021586	u0032
train	UN2021586	u0033
train	UN2021586	u0034
train	UN2021586	u0035
train	UN2021586	u0036
train	UN2021586	u0037
train	UN2021586	u0038
train	UN2021586	u0039
train	UN2021586	u0041
train	UN2021586	u0042
train	UN2021586	u0043
train	UN2021586	u0044
train	UN2021586	u0045
train	UN2021586	u0046
train	UN2021586	u0047
train	UN2021586	u0048
train	UN2021586	u0049
train	UN2021586	u004A
train	UN2021586	u004B
train	UN2021586	u004C
train	UN2021586	u004D
train	UN2021586	u004E
train	UN2021586	u004F
train	UN2021586	u0050
train	UN2021586	u0051
train	UN2021586	u0052
train	UN2021586	u0053
train	UN2021586	u0054
train	UN2021586	u0055
train	UN2021586	u0056
train	UN2021586	u0057
train	UN2021586	u0058
train	UN2021586	u0059
train	UN2021586	u005A
train	UN2021586	u0061
train	UN2021586	u0062
train	UN2021586	u0063
train	UN2021586	u0064
train	UN2021586	u0065
train	UN2021586	u0066
train	UN2021586	u0067
train	UN2021586	u0068
train	UN2021586	u0069
train	UN2021586	u006A
train	UN2021586	u006B
train	UN2021586	u006C
train	UN2021586	u006D
train	UN2021586	u006E
train	UN2021586	u006F
train	UN2021586	u0070
train	UN2021586	u0071
train	UN2021586	u0072
train	UN2021586	u0073
train	UN2021586	u0074
train	UN2021586	u0075
train	UN2021586	u0076
train	UN2021586	u0077
train	UN2021586	u0078
train	UN2021586	u0079
train	UN2021586	u007A
train	UN2021586	u00E0
train	UN2021586	u00E1
train	UN2021586	u00E8
train	UN2021586	u00E9
train	UN2021586	u00EA
train	UN2021586	u00ED
train	UN2021586	u00F2
train	UN2021586	u00F3
train	UN2021586	u00F9
train	UN2021586	u00FA
train	UN2021586	u00FC
train	UN2021586	u0101
train	UN2021586	u0113
train	UN2021586	u011B
train	UN2021586	u012B
train	UN2021586	u0144
train	UN2021586	u0148
train	UN2021586	u014D
train	UN2021586	u016B
train	UN2021586	u01CE
train	UN2021586	u01D0
train	UN2021586	u01D2
train	UN2021586	u01D4
train	UN2021586	u01D6
train	UN2021586	u01D8
train	UN2021586	u01DA
train	UN2021586	u01DC
train	UN2023076	u0030
train	UN2023076	u0031
train	UN2023076	u0032
train	UN2023076	u0033
train	UN2023076	u0034
train	UN2023076	u0035
train	UN2023076	u0036
train	UN2023076	u0037
train	UN2023076	u0038
train	UN2023076	u0039
train	UN2023076	u0041
train	UN2023076	u0042
train	UN2023076	u0043
train	UN2023076	u0044
train	UN2023076	u0045
train	UN2023076	u0046
train	UN2023076	u0047
train	UN2023076	u0048
train	UN2023076	u0049
train	UN2023076	u004A
train	UN2023076	u004B
train	UN2023076	u004C
train	UN2023076	u004D
train	UN2023076	u004E
train	UN2023076	u004F
train	UN2023076	u0050
train	UN2023076	u0051
train	UN2023076	u0052
train	UN2023076	u0053
train	UN2023076	u0054
train	UN2023076	u0055
train	UN2023076	u0056
train	UN2023076	u0057
train	UN2023076	u0058
train	UN2023076	u0059
train	UN2023076	u005A
train	UN2023076	u0061
train	UN2023076	u0062
train	UN2023076	u0063
train	UN2023076	u0064
train	UN2023076	u0065
train	UN2023076	u0066
train	UN2023076	u0067
train	UN2023076	u0068
train	UN2023076	u0069
train	UN2023076	u006A
train	UN2023076	u006B
train	UN2023076	u006C
train	UN2023076	u006D
train	UN2023076	u006E
train	UN2023076	u006F
train	UN2023076	u0070
train	UN2023076	u0071
train	UN2023076	u0072
train	UN2023076	u0073
train	UN2023076	u0074
train	UN2023076	u0075
train	UN2023076	u0076
train	UN2023076	u0077
train	UN2023076	u0078
train	UN2023076	u0079
train	UN2023076	u007A
train	UN2023076	u00E0
train	UN2023076	u00E1
train	UN2023076	u00E8
train	UN2023076	u00E9
train	UN2023076	u00EA
train	UN2023076	u00ED
train	UN2023076	u00F2
train	UN2023076	u00F3
train	UN2023076	u00F9
train	UN2023076	u00FA
train	UN2023076	u00FC
train	UN2023076	u0101
train	UN2023076	u0113
train	UN2023076	u011B
train	UN2023076	u012B
train	UN2023076	u0144
train	UN2023076	u0148
train	UN2023076	u014D
train	UN2023076	u016B
train	UN2023076	u01CE
train	UN2023076	u01D0
train	UN2023076	u01D2
train	UN2023076	u01D4
train	UN2023076	u01D6
train	UN2023076	u01D8
train	UN2023076	u01DA
train	UN2023076	u01DC
train	UN2023076	u3041
train	UN2023076	u3042
train	UN2023076	u3043
train	UN2023076	u3044
train	UN2023076	u3045
train	UN2023076	u3046
train	UN2023076	u3047
train	UN2023076	u3048
train	UN2023076	u3049
train	UN2023076	u304A
train	UN2023076	u304B
train	UN2023076	u304C
train	UN2023076	u304D
train	UN2023076	u304E
train	UN2023076	u304F
train	UN2023076	u3050
train	UN2023076	u3051
train	UN2023076	u3052
train	UN2023076	u3053
train	UN2023076	u3054
train	UN2023076	u3055
train	UN2023076	u3056
train	UN2023076	u3057
train	UN2023076	u3058
train	UN2023076	u3059
train	UN2023076	u305A
train	UN2023076	u305B
train	UN2023076	u305C
train	UN2023076	u305D
train	UN2023076	u305E
train	UN2023076	u305F
train	UN2023076	u3060
train	UN2023076	u3061
train	UN2023076	u3062
train	UN2023076	u3063
train	UN2023076	u3064
train	UN2023076	u3065
train	UN2023076	u3066
train	UN2023076	u3067
train	UN2023076	u3068
train	UN2023076	u3069
train	UN2023076	u306A
train	UN2023076	u306B
train	UN2023076	u306C
train	UN2023076	u306D
train	UN2023076	u306E
train	UN2023076	u306F
train	UN2023076	u3070
train	UN2023076	u3071
train	UN2023076	u3072
train	UN2023076	u3073
train	UN2023076	u3074
train	UN2023076	u3075
train	UN2023076	u3076
train	UN2023076	u3077
train	UN2023076	u3078
train	UN2023076	u3079
train	UN2023076	u307A
train	UN2023076	u307B
train	UN2023076	u307C
train	UN2023076	u307D
train	UN2023076	u307E
train	UN2023076	u307F
train	UN2023076	u3080
train	UN2023076	u3081
train	UN2023076	u3082
train	UN2023076	u3083
train	UN2023076	u3084
train	UN2023076	u3085
train	UN2023076	u3086
train	UN2023076	u3087
train	UN2023076	u3088
train	UN2023076	u3089
train	UN2023076	u308A
train	UN2023076	u308B
train	UN2023076	u308E
train	UN2023076	u308F
train	UN2023076	u3090
train	UN2023076	u3091
train	UN2023076	u3092
train	UN2023076	u3093
train	UN2023076	u30A1
train	UN2023076	u30A2
train	UN2023076	u30A3
train	UN2023076	u30A4
train	UN2023076	u30A5
train	UN2023076	u30A6
train	UN2023076	u30A7
train	UN2023076	u30A8
train	UN2023076	u30A9
train	UN2023076	u30AA
train	UN2023076	u30AB
train	UN2023076	u30AC
train	UN2023076	u30AD
train	UN2023076	u30AE
train	UN2023076	u30AF
train	UN2023076	u30B0
train	UN2023076	u30B1
train	UN2023076	u30B3
train	UN2023076	u30B4
train	UN2023076	u30B5
train	UN2023076	u30B6
train	UN2023076	u30B7
train	UN2023076	u30B8
train	UN2023076	u30B9
train	UN2023076	u30BA
train	UN2023076	u30BB
train	UN2023076	u30BC
train	UN2023076	u30BD
train	UN2023076	u30BE
train	UN2023076	u30BF
train	UN2023076	u30C0
train	UN2023076	u30C1
train	UN2023076	u30C2
train	UN2023076	u30C3
train	UN2023076	u30C4
train	UN2023076	u30C5
train	UN2023076	u30C6
train	UN2023076	u30C7
train	UN2023076	u30C8
train	UN2023076	u30C9
train	UN2023076	u30CA
train	UN2023076	u30CB
train	UN2023076	u30CC
train	UN2023076	u30CD
train	UN2023076	u30CE
train	UN2023076	u30CF
train	UN2023076	u30D0
train	UN2023076	u30D1
train	UN2023076	u30D2
train	UN2023076	u30D3
train	UN2023076	u30D4
train	UN2023076	u30D5
train	UN2023076	u30D6
train	UN2023076	u30D7
train	UN2023076	u30D8
train	UN2023076	u30D9
train	UN2023076	u30DA
train	UN2023076	u30DB
train	UN2023076	u30DC
train	UN2023076	u30DD
train	UN2023076	u30DE
train	UN2023076	u30DF
train	UN2023076	u30E0
train	UN2023076	u30E1
train	UN2023076	u30E2
train	UN2023076	u30E3
train	UN2023076	u30E4
train	UN2023076	u30E5
train	UN2023076	u30E6
train	UN2023076	u30E7
train	UN2023076	u30E8
train	UN2023076	u30E9
train	UN2023076	u30EA
train	UN2023076	u30EB
train	UN2023076	u30EC
train	UN2023076	u30ED
train	UN2023076	u30EE
train	UN2023076	u30EF
train	UN2023076	u30F0
train	UN2023076	u30F1
train	UN2023076	u30F2
train	UN2023076	u30F3
train	UN2023076	u30F5
train	UN2023076	u30F6
train	UN2023076	u3105
train	UN2023076	u3106
train	UN2023076	u3107
train	UN2023076	u3108
train	UN2023076	u3109
train	UN2023076	u310A
train	UN2023076	u310B
train	UN2023076	u310C
train	UN2023076	u310D
train	UN2023076	u310E
train	UN2023076	u310F
train	UN2023076	u3110
train	UN2023076	u3111
train	UN2023076	u3112
train	UN2023076	u3113
train	UN2023076	u3114
train	UN2023076	u3115
train	UN2023076	u3116
train	UN2023076	u3117
train	UN2023076	u3118
train	UN2023076	u3119
train	UN2023076	u311A
train	UN2023076	u311B
train	UN2023076	u311C
train	UN2023076	u311D
train	UN2023076	u311E
train	UN2023076	u311F
train	UN2023076	u3120
train	UN2023076	u3121
train	UN2023076	u3122
train	UN2023076	u3123
train	UN2023076	u3124
train	UN2023076	u3125
train	UN2023076	u3126
train	UN2023076	u3127
train	UN2023076	u3128
train	UN2023076	u3129
train	UN2023194	u0030
train	UN2023194	u0031
train	UN2023194	u0032
train	UN2023194	u0033
train	UN2023194	u0034
train	UN2023194	u0035
train	UN2023194	u0036
train	UN2023194	u0037
train	UN2023194	u0038
train	UN2023194	u0039
train	UN2023194	u0041
train	UN2023194	u0042
train	UN2023194	u0043
train	UN2023194	u0044
train	UN2023194	u0045
train	UN2023194	u0046
train	UN2023194	u0047
train	UN2023194	u0048
train	UN2023194	u0049
train	UN2023194	u004A
train	UN2023194	u004B
train	UN2023194	u004C
train	UN2023194	u004D
train	UN2023194	u004E
train	UN2023194	u004F
train	UN2023194	u0050
train	UN2023194	u0051
train	UN2023194	u0052
train	UN2023194	u0053
train	UN2023194	u0054
train	UN2023194	u0055
train	UN2023194	u0056
train	UN2023194	u0057
train	UN2023194	u0058
train	UN2023194	u0059
train	UN2023194	u005A
train	UN2023194	u0061
train	UN2023194	u0062
train	UN2023194	u0063
train	UN2023194	u0064
train	UN2023194	u0065
train	UN2023194	u0066
train	UN2023194	u0067
train	UN2023194	u0068
train	UN2023194	u0069
train	UN2023194	u006A
train	UN2023194	u006B
train	UN2023194	u006C
train	UN2023194	u006D
train	UN2023194	u006E
train	UN2023194	u006F
train	UN2023194	u0070
train	UN2023194	u0071
train	UN2023194	u0072
train	UN2023194	u0073
train	UN2023194	u0074
train	UN2023194	u0075
train	UN2023194	u0076
train	UN2023194	u0077
train	UN2023194	u0078
train	UN2023194	u0079
train	UN2023194	u007A
train	UN2025492	u0030
train	UN2025492	u0031
train	UN2025492	u0032
train	UN2025492	u0033
train	UN2025492	u0034
train	UN2025492	u0035
train	UN2025492	u0036
train	UN2025492	u0037
train	UN2025492	u0038
train	UN2025492	u0039
train	UN2025492	u0041
train	UN2025492	u0042
train	UN2025492	u0043
train	UN2025492	u0044
train	UN2025492	u0045
train	UN2025492	u0046
train	UN2025492	u0047
train	UN2025492	u0048
train	UN2025492	u0049
train	UN2025492	u004A
train	UN2025492	u004B
train	UN2025492	u004C
train	UN2025492	u004D
train	UN2025492	u004E
train	UN2025492	u004F
train	UN2025492	u0050
train	UN2025492	u0051
train	UN2025492	u0052
train	UN2025492	u0053
train	UN2025492	u0054
train	UN2025492	u0055
train	UN2025492	u0056
train	UN2025492	u0057
train	UN2025492	u0058
train	UN2025492	u0059
train	UN2025492	u005A
train	UN2025492	u0061
train	UN2025492	u0062
train	UN2025492	u0063
train	UN2025492	u0064
train	UN2025492	u0065
train	UN2025492	u0066
train	UN2025492	u0067
train	UN2025492	u0068
train	UN2025492	u0069
train	UN2025492	u006A
train	UN2025492	u006B
train	UN2025492	u006C
train	UN2025492	u006D
train	UN2025492	u006E
train	UN2025492	u006F
train	UN2025492	u0070
train	UN2025492	u0071
train	UN2025492	u0072
train	UN2025492	u0073
train	UN2025492	u0074
train	UN2025492	u0075
train	UN2025492	u0076
train	UN2025492	u0077
train	UN2025492	u0078
train	UN2025492	u0079
train	UN2025492	u007A
train	UN2025492	u00E0
train	UN2025492	u00E1
train	UN2025492	u00E8
train	UN2025492	u00E9
train	UN2025492	u00EA
train	UN2025492	u00ED
train	UN2025492	u00F2
train	UN2025492	u00F3
train	UN2025492	u00F9
train	UN2025492	u00FA
train	UN2025492	u00FC
train	UN2025492	u0101
train	UN2025492	u0113
train	UN2025492	u011B
train	UN2025492	u012B
train	UN2025492	u0144
train	UN2025492	u0148
train	UN2025492	u014D
train	UN2025492	u016B
train	UN2025492	u01CE
train	UN2025492	u01D0
train	UN2025492	u01D2
train	UN2025492	u01D4
train	UN2025492	u01D6
train	UN2025492	u01D8
train	UN2025492	u01DA
train	UN2025492	u01DC
train	UN2025544	u0030
train	UN2025544	u0031
train	UN2025544	u0032
train	UN2025544	u0033
train	UN2025544	u0034
train	UN2025544	u0035
train	UN2025544	u0036
train	UN2025544	u0037
train	UN2025544	u0038
train	UN2025544	u0039
train	UN2025544	u0041
train	UN2025544	u0042
train	UN2025544	u0043
train	UN2025544	u0044
train	UN2025544	u0045
train	UN2025544	u0046
train	UN2025544	u0047
train	UN2025544	u0048
train	UN2025544	u0049
train	UN2025544	u004A
train	UN2025544	u004B
train	UN2025544	u004C
train	UN2025544	u004D
train	UN2025544	u004E
train	UN2025544	u004F
train	UN2025544	u0050
train	UN2025544	u0051
train	UN2025544	u0052
train	UN2025544	u0053
train	UN2025544	u0054
train	UN2025544	u0055
train	UN2025544	u0056
train	UN2025544	u0057
train	UN2025544	u0058
train	UN2025544	u0059
train	UN2025544	u005A
train	UN2025544	u0061
train	UN2025544	u0062
train	UN2025544	u0063
train	UN2025544	u0064
train	UN2025544	u0065
train	UN2025544	u0066
train	UN2025544	u0067
train	UN2025544	u0068
train	UN2025544	u0069
train	UN2025544	u006A
train	UN2025544	u006B
train	UN2025544	u006C
train	UN2025544	u006D
train	UN2025544	u006E
train	UN2025544	u006F
train	UN2025544	u0070
train	UN2025544	u0071
train	UN2025544	u0072
train	UN2025544	u0073
train	UN2025544	u0074
train	UN2025544	u0075
train	UN2025544	u0076
train	UN2025544	u0077
train	UN2025544	u0078
train	UN2025544	u0079
train	UN2025544	u007A
train	UN2025544	u00E0
train	UN2025544	u00E1
train	UN2025544	u00E8
train	UN2025544	u00E9
train	UN2025544	u00EA
train	UN2025544	u00ED
train	UN2025544	u00F2
train	UN2025544	u00F3
train	UN2025544	u00F9
train	UN2025544	u00FA
train	UN2025544	u00FC
train	UN2025544	u0101
train	UN2025544	u0113
train	UN2025544	u011B
train	UN2025544	u012B
train	UN2025544	u0144
train	UN2025544	u0148
train	UN2025544	u014D
train	UN2025544	u016B
train	UN2025544	u01CE
train	UN2025544	u01D0
train	UN2025544	u01D2
train	UN2025544	u01D4
train	UN2025544	u01D6
train	UN2025544	u01D8
train	UN2025544	u01DA
train	UN2025544	u01DC
train	UN2025565	u0030
train	UN2025565	u0031
train	UN2025565	u0032
train	UN2025565	u0033
train	UN2025565	u0034
train	UN2025565	u0035
train	UN2025565	u0036
train	UN2025565	u0037
train	UN2025565	u0038
train	UN2025565	u0039
train	UN2025565	u0041
train	UN2025565	u0042
train	UN2025565	u0043
train	UN2025565	u0044
train	UN2025565	u0045
train	UN2025565	u0046
train	UN2025565	u0047
train	UN2025565	u0048
train	UN2025565	u0049
train	UN2025565	u004A
train	UN2025565	u004B
train	UN2025565	u004C
train	UN2025565	u004D
train	UN2025565	u004E
train	UN2025565	u004F
train	UN2025565	u0050
train	UN2025565	u0051
train	UN2025565	u0052
train	UN2025565	u0053
train	UN2025565	u0054
train	UN2025565	u0055
train	UN2025565	u0056
train	UN2025565	u0057
train	UN2025565	u0058
train	UN2025565	u0059
train	UN2025565	u005A
train	UN2025565	u0061
train	UN2025565	u0062
train	UN2025565	u0063
train	UN2025565	u0064
train	UN2025565	u0065
train	UN2025565	u0066
train	UN2025565	u0067
train	UN2025565	u0068
train	UN2025565	u0069
train	UN2025565	u006A
train	UN2025565	u006B
train	UN2025565	u006C
train	UN2025565	u006D
train	UN2025565	u006E
train	UN2025565	u006F
train	UN2025565	u0070
train	UN2025565	u0071
train	UN2025565	u0072
train	UN2025565	u0073
train	UN2025565	u0074
train	UN2025565	u0075
train	UN2025565	u0076
train	UN2025565	u0077
train	UN2025565	u0078
train	UN2025565	u0079
train	UN2025565	u007A
train	UN2025565	u00E0
train	UN2025565	u00E1
train	UN2025565	u00E8
train	UN2025565	u00E9
train	UN2025565	u00EA
train	UN2025565	u00ED
train	UN2025565	u00F2
train	UN2025565	u00F3
train	UN2025565	u00F9
train	UN2025565	u00FA
train	UN2025565	u00FC
train	UN2025565	u0101
train	UN2025565	u0113
train	UN2025565	u011B
train	UN2025565	u012B
train	UN2025565	u0144
train	UN2025565	u0148
train	UN2025565	u014D
train	UN2025565	u016B
train	UN2025565	u01CE
train	UN2025565	u01D0
train	UN2025565	u01D2
train	UN2025565	u01D4
train	UN2025565	u01D6
train	UN2025565	u01D8
train	UN2025565	u01DA
train	UN2025565	u01DC
train	UN2025565	u3041
train	UN2025565	u3042
train	UN2025565	u3043
train	UN2025565	u3044
train	UN2025565	u3045
train	UN2025565	u3046
train	UN2025565	u3047
train	UN2025565	u3048
train	UN2025565	u3049
train	UN2025565	u304A
train	UN2025565	u304B
train	UN2025565	u304C
train	UN2025565	u304D
train	UN2025565	u304E
train	UN2025565	u304F
train	UN2025565	u3050
train	UN2025565	u3051
train	UN2025565	u3052
train	UN2025565	u3053
train	UN2025565	u3054
train	UN2025565	u3055
train	UN2025565	u3056
train	UN2025565	u3057
train	UN2025565	u3058
train	UN2025565	u3059
train	UN2025565	u305A
train	UN2025565	u305B
train	UN2025565	u305C
train	UN2025565	u305D
train	UN2025565	u305E
train	UN2025565	u305F
train	UN2025565	u3060
train	UN2025565	u3061
train	UN2025565	u3062
train	UN2025565	u3063
train	UN2025565	u3064
train	UN2025565	u3065
train	UN2025565	u3066
train	UN2025565	u3067
train	UN2025565	u3068
train	UN2025565	u3069
train	UN2025565	u306A
train	UN2025565	u306B
train	UN2025565	u306C
train	UN2025565	u306D
train	UN2025565	u306E
train	UN2025565	u306F
train	UN2025565	u3070
train	UN2025565	u3071
train	UN2025565	u3072
train	UN2025565	u3073
train	UN2025565	u3074
train	UN2025565	u3075
train	UN2025565	u3076
train	UN2025565	u3077
train	UN2025565	u3078
train	UN2025565	u3079
train	UN2025565	u307A
train	UN2025565	u307B
train	UN2025565	u307C
train	UN2025565	u307D
train	UN2025565	u307E
train	UN2025565	u307F
train	UN2025565	u3080
train	UN2025565	u3081
train	UN2025565	u3082
train	UN2025565	u3083
train	UN2025565	u3084
train	UN2025565	u3085
train	UN2025565	u3086
train	UN2025565	u3087
train	UN2025565	u3088
train	UN2025565	u3089
train	UN2025565	u308A
train	UN2025565	u308B
train	UN2025565	u308C
train	UN2025565	u308D
train	UN2025565	u308E
train	UN2025565	u308F
train	UN2025565	u3090
train	UN2025565	u3091
train	UN2025565	u3092
train	UN2025565	u3093
train	UN2025565	u30A1
train	UN2025565	u30A2
train	UN2025565	u30A3
train	UN2025565	u30A4
train	UN2025565	u30A5
train	UN2025565	u30A6
train	UN2025565	u30A7
train	UN2025565	u30A8
train	UN2025565	u30A9
train	UN2025565	u30AA
train	UN2025565	u30AB
train	UN2025565	u30AC
train	UN2025565	u30AD
train	UN2025565	u30AE
train	UN2025565	u30AF
train	UN2025565	u30B0
train	UN2025565	u30B1
train	UN2025565	u30B2
train	UN2025565	u30B3
train	UN2025565	u30B4
train	UN2025565	u30B5
train	UN2025565	u30B6
train	UN2025565	u30B7
train	UN2025565	u30B8
train	UN2025565	u30B9
train	UN2025565	u30BA
train	UN2025565	u30BB
train	UN2025565	u30BC
train	UN2025565	u30BD
train	UN2025565	u30BE
train	UN2025565	u30BF
train	UN2025565	u30C0
train	UN2025565	u30C1
train	UN2025565	u30C2
train	UN2025565	u30C3
train	UN2025565	u30C4
train	UN2025565	u30C5
train	UN2025565	u30C6
train	UN2025565	u30C7
train	UN2025565	u30C8
train	UN2025565	u30C9
train	UN2025565	u30CA
train	UN2025565	u30CB
train	UN2025565	u30CC
train	UN2025565	u30CD
train	UN2025565	u30CE
train	UN2025565	u30CF
train	UN2025565	u30D0
train	UN2025565	u30D1
train	UN2025565	u30D2
train	UN2025565	u30D3
train	UN2025565	u30D4
train	UN2025565	u30D5
train	UN2025565	u30D6
train	UN2025565	u30D7
train	UN2025565	u30D8
train	UN2025565	u30D9
train	UN2025565	u30DA
train	UN2025565	u30DB
train	UN2025565	u30DC
train	UN2025565	u30DD
train	UN2025565	u30DE
train	UN2025565	u30DF
train	UN2025565	u30E0
train	UN2025565	u30E1
train	UN2025565	u30E2
train	UN2025565	u30E3
train	UN2025565	u30E4
train	UN2025565	u30E5
train	UN2025565	u30E6
train	UN2025565	u30E7
train	UN2025565	u30E8
train	UN2025565	u30E9
train	UN2025565	u30EA
train	UN2025565	u30EB
train	UN2025565	u30EC
train	UN2025565	u30ED
train	UN2025565	u30EE
train	UN2025565	u30EF
train	UN2025565	u30F0
train	UN2025565	u30F1
train	UN2025565	u30F2
train	UN2025565	u30F3
train	UN2025565	u30F4
train	UN2025565	u30F5
train	UN2025565	u30F6
train	UN2025565	u3105
train	UN2025565	u3106
train	UN2025565	u3107
train	UN2025565	u3108
train	UN2025565	u3109
train	UN2025565	u310A
train	UN2025565	u310B
train	UN2025565	u310C
train	UN2025565	u310D
train	UN2025565	u310E
train	UN2025565	u310F
train	UN2025565	u3110
train	UN2025565	u3111
train	UN2025565	u3112
train	UN2025565	u3113
train	UN2025565	u3114
train	UN2025565	u3115
train	UN2025565	u3116
train	UN2025565	u3117
train	UN2025565	u3118
train	UN2025565	u3119
train	UN2025565	u311A
train	UN2025565	u311B
train	UN2025565	u311C
train	UN2025565	u311D
train	UN2025565	u311E
train	UN2025565	u311F
train	UN2025565	u3120
train	UN2025565	u3121
train	UN2025565	u3122
train	UN2025565	u3123
train	UN2025565	u3124
train	UN2025565	u3125
train	UN2025565	u3126
train	UN2025565	u3127
train	UN2025565	u3128
train	UN2025565	u3129
train	UN2025728	u0030
train	UN2025728	u0031
train	UN2025728	u0032
train	UN2025728	u0033
train	UN2025728	u0034
train	UN2025728	u0035
train	UN2025728	u0036
train	UN2025728	u0037
train	UN2025728	u0038
train	UN2025728	u0039
train	UN2025728	u0041
train	UN2025728	u0042
train	UN2025728	u0043
train	UN2025728	u0044
train	UN2025728	u0045
train	UN2025728	u0046
train	UN2025728	u0047
train	UN2025728	u0048
train	UN2025728	u0049
train	UN2025728	u004A
train	UN2025728	u004B
train	UN2025728	u004C
train	UN2025728	u004D
train	UN2025728	u004E
train	UN2025728	u004F
train	UN2025728	u0050
train	UN2025728	u0051
train	UN2025728	u0052
train	UN2025728	u0053
train	UN2025728	u0054
train	UN2025728	u0055
train	UN2025728	u0056
train	UN2025728	u0057
train	UN2025728	u0058
train	UN2025728	u0059
train	UN2025728	u005A
train	UN2025728	u0061
train	UN2025728	u0062
train	UN2025728	u0063
train	UN2025728	u0064
train	UN2025728	u0065
train	UN2025728	u0066
train	UN2025728	u0067
train	UN2025728	u0068
train	UN2025728	u0069
train	UN2025728	u006A
train	UN2025728	u006B
train	UN2025728	u006C
train	UN2025728	u006D
train	UN2025728	u006E
train	UN2025728	u006F
train	UN2025728	u0070
train	UN2025728	u0071
train	UN2025728	u0072
train	UN2025728	u0073
train	UN2025728	u0074
train	UN2025728	u0075
train	UN2025728	u0076
train	UN2025728	u0077
train	UN2025728	u0078
train	UN2025728	u0079
train	UN2025728	u007A
train	UN2025911	u0030
train	UN2025911	u0031
train	UN2025911	u0032
train	UN2025911	u0033
train	UN2025911	u0034
train	UN2025911	u0035
train	UN2025911	u0036
train	UN2025911	u0037
train	UN2025911	u0038
train	UN2025911	u0039
train	UN2025911	u0041
train	UN2025911	u0042
train	UN2025911	u0043
train	UN2025911	u0044
train	UN2025911	u0045
train	UN2025911	u0046
train	UN2025911	u0047
train	UN2025911	u0048
train	UN2025911	u0049
train	UN2025911	u004A
train	UN2025911	u004B
train	UN2025911	u004C
train	UN2025911	u004D
train	UN2025911	u004E
train	UN2025911	u004F
train	UN2025911	u0050
train	UN2025911	u0051
train	UN2025911	u0052
train	UN2025911	u0053
train	UN2025911	u0054
train	UN2025911	u0055
train	UN2025911	u0056
train	UN2025911	u0057
train	UN2025911	u0058
train	UN2025911	u0059
train	UN2025911	u005A
train	UN2025911	u0061
train	UN2025911	u0062
train	UN2025911	u0063
train	UN2025911	u0064
train	UN2025911	u0065
train	UN2025911	u0066
train	UN2025911	u0067
train	UN2025911	u0068
train	UN2025911	u0069
train	UN2025911	u006A
train	UN2025911	u006B
train	UN2025911	u006C
train	UN2025911	u006D
train	UN2025911	u006E
train	UN2025911	u006F
train	UN2025911	u0070
train	UN2025911	u0071
train	UN2025911	u0072
train	UN2025911	u0073
train	UN2025911	u0074
train	UN2025911	u0075
train	UN2025911	u0076
train	UN2025911	u0077
train	UN2025911	u0078
train	UN2025911	u0079
train	UN2025911	u007A
train	UN2025911	u00E0
train	UN2025911	u00E1
train	UN2025911	u00E8
train	UN2025911	u00E9
train	UN2025911	u00EA
train	UN2025911	u00ED
train	UN2025911	u00F2
train	UN2025911	u00F3
train	UN2025911	u00F9
train	UN2025911	u00FA
train	UN2025911	u00FC
train	UN2025911	u0101
train	UN2025911	u0113
train	UN2025911	u011B
train	UN2025911	u012B
train	UN2025911	u0144
train	UN2025911	u0148
train	UN2025911	u014D
train	UN2025911	u016B
train	UN2025911	u01CE
train	UN2025911	u01D0
train	UN2025911	u01D2
train	UN2025911	u01D4
train	UN2025911	u01D6
train	UN2025911	u01D8
train	UN2025911	u01DA
train	UN2025911	u01DC
train	UN2025917	u0030
train	UN2025917	u0031
train	UN2025917	u0032
train	UN2025917	u0033
train	UN2025917	u0034
train	UN2025917	u0035
train	UN2025917	u0036
train	UN2025917	u0037
train	UN2025917	u0038
train	UN2025917	u0039
train	UN2025917	u0041
train	UN2025917	u0042
train	UN2025917	u0043
train	UN2025917	u0044
train	UN2025917	u0045
train	UN2025917	u0046
train	UN2025917	u0047
train	UN2025917	u0048
train	UN2025917	u0049
train	UN2025917	u004A
train	UN2025917	u004B
train	UN2025917	u004C
train	UN2025917	u004D
train	UN2025917	u004E
train	UN2025917	u004F
train	UN2025917	u0050
train	UN2025917	u0051
train	UN2025917	u0052
train	UN2025917	u0053
train	UN2025917	u0054
train	UN2025917	u0055
train	UN2025917	u0056
train	UN2025917	u0057
train	UN2025917	u0058
train	UN2025917	u0059
train	UN2025917	u005A
train	UN2025917	u0061
train	UN2025917	u0062
train	UN2025917	u0063
train	UN2025917	u0064
train	UN2025917	u0065
train	UN2025917	u0066
train	UN2025917	u0067
train	UN2025917	u0068
train	UN2025917	u0069
train	UN2025917	u006A
train	UN2025917	u006B
train	UN2025917	u006C
train	UN2025917	u006D
train	UN2025917	u006E
train	UN2025917	u006F
train	UN2025917	u0070
train	UN2025917	u0071
train	UN2025917	u0072
train	UN2025917	u0073
train	UN2025917	u0074
train	UN2025917	u0075
train	UN2025917	u0076
train	UN2025917	u0077
train	UN2025917	u0078
train	UN2025917	u0079
train	UN2025917	u007A
train	UN2025917	u00E0
train	UN2025917	u00E1
train	UN2025917	u00E8
train	UN2025917	u00E9
train	UN2025917	u00EA
train	UN2025917	u00ED
train	UN2025917	u00F2
train	UN2025917	u00F3
train	UN2025917	u00F9
train	UN2025917	u00FA
train	UN2025917	u00FC
train	UN2025917	u0101
train	UN2025917	u0113
train	UN2025917	u011B
train	UN2025917	u012B
train	UN2025917	u0144
train	UN2025917	u0148
train	UN2025917	u014D
train	UN2025917	u016B
train	UN2025917	u01CE
train	UN2025917	u01D0
train	UN2025917	u01D2
train	UN2025917	u01D4
train	UN2025917	u01D6
train	UN2025917	u01D8
train	UN2025917	u01DA
train	UN2025917	u01DC
train	UN2027144	u0030
train	UN2027144	u0031
train	UN2027144	u0032
train	UN2027144	u0033
train	UN2027144	u0034
train	UN2027144	u0035
train	UN2027144	u0036
train	UN2027144	u0037
train	UN2027144	u0038
train	UN2027144	u0039
train	UN2027144	u0041
train	UN2027144	u0042
train	UN2027144	u0043
train	UN2027144	u0044
train	UN2027144	u0045
train	UN2027144	u0046
train	UN2027144	u0047
train	UN2027144	u0048
train	UN2027144	u0049
train	UN2027144	u004A
train	UN2027144	u004B
train	UN2027144	u004C
train	UN2027144	u004D
train	UN2027144	u004E
train	UN2027144	u004F
train	UN2027144	u0050
train	UN2027144	u0051
train	UN2027144	u0052
train	UN2027144	u0053
train	UN2027144	u0054
train	UN2027144	u0055
train	UN2027144	u0056
train	UN2027144	u0057
train	UN2027144	u0058
train	UN2027144	u0059
train	UN2027144	u005A
train	UN2027144	u0061
train	UN2027144	u0062
train	UN2027144	u0063
train	UN2027144	u0064
train	UN2027144	u0065
train	UN2027144	u0066
train	UN2027144	u0067
train	UN2027144	u0068
train	UN2027144	u0069
train	UN2027144	u006A
train	UN2027144	u006B
train	UN2027144	u006C
train	UN2027144	u006D
train	UN2027144	u006E
train	UN2027144	u006F
train	UN2027144	u0070
train	UN2027144	u0071
train	UN2027144	u0072
train	UN2027144	u0073
train	UN2027144	u0074
train	UN2027144	u0075
train	UN2027144	u0076
train	UN2027144	u0077
train	UN2027144	u0078
train	UN2027144	u0079
train	UN2027144	u007A
train	UN2027144	u00E0
train	UN2027144	u00E1
train	UN2027144	u00E8
train	UN2027144	u00E9
train	UN2027144	u00EA
train	UN2027144	u00ED
train	UN2027144	u00F2
train	UN2027144	u00F3
train	UN2027144	u00F9
train	UN2027144	u00FA
train	UN2027144	u00FC
train	UN2027144	u0101
train	UN2027144	u0113
train	UN2027144	u011B
train	UN2027144	u012B
train	UN2027144	u0144
train	UN2027144	u0148
train	UN2027144	u014D
train	UN2027144	u016B
train	UN2027144	u01CE
train	UN2027144	u01D0
train	UN2027144	u01D2
train	UN2027144	u01D4
train	UN2027144	u01D6
train	UN2027144	u01D8
train	UN2027144	u01DA
train	UN2027144	u01DC
train	UN2027147	u0030
train	UN2027147	u0031
train	UN2027147	u0032
train	UN2027147	u0033
train	UN2027147	u0034
train	UN2027147	u0035
train	UN2027147	u0036
train	UN2027147	u0037
train	UN2027147	u0038
train	UN2027147	u0039
train	UN2027147	u0041
train	UN2027147	u0042
train	UN2027147	u0043
train	UN2027147	u0044
train	UN2027147	u0045
train	UN2027147	u0046
train	UN2027147	u0047
train	UN2027147	u0048
train	UN2027147	u0049
train	UN2027147	u004A
train	UN2027147	u004B
train	UN2027147	u004C
train	UN2027147	u004D
train	UN2027147	u004E
train	UN2027147	u004F
train	UN2027147	u0050
train	UN2027147	u0051
train	UN2027147	u0052
train	UN2027147	u0053
train	UN2027147	u0054
train	UN2027147	u0055
train	UN2027147	u0056
train	UN2027147	u0057
train	UN2027147	u0058
train	UN2027147	u0059
train	UN2027147	u005A
train	UN2027147	u0061
train	UN2027147	u0062
train	UN2027147	u0063
train	UN2027147	u0064
train	UN2027147	u0065
train	UN2027147	u0066
train	UN2027147	u0067
train	UN2027147	u0068
train	UN2027147	u0069
train	UN2027147	u006A
train	UN2027147	u006B
train	UN2027147	u006C
train	UN2027147	u006D
train	UN2027147	u006E
train	UN2027147	u006F
train	UN2027147	u0070
train	UN2027147	u0071
train	UN2027147	u0072
train	UN2027147	u0073
train	UN2027147	u0074
train	UN2027147	u0075
train	UN2027147	u0076
train	UN2027147	u0077
train	UN2027147	u0078
train	UN2027147	u0079
train	UN2027147	u007A
train	UN2027147	u00E0
train	UN2027147	u00E1
train	UN2027147	u00E8
train	UN2027147	u00E9
train	UN2027147	u00EA
train	UN2027147	u00ED
train	UN2027147	u00F2
train	UN2027147	u00F3
train	UN2027147	u00F9
train	UN2027147	u00FA
train	UN2027147	u00FC
train	UN2027147	u0101
train	UN2027147	u0113
train	UN2027147	u011B
train	UN2027147	u012B
train	UN2027147	u014D
train	UN2027147	u016B
train	UN2027147	u01CE
train	UN2027147	u01D0
train	UN2027147	u01D2
train	UN2027147	u01D4
train	UN2027147	u01D6
train	UN2027147	u01D8
train	UN2027147	u01DA
train	UN2027147	u01DC
train	UN2027215	u0030
train	UN2027215	u0031
train	UN2027215	u0032
train	UN2027215	u0033
train	UN2027215	u0034
train	UN2027215	u0035
train	UN2027215	u0036
train	UN2027215	u0037
train	UN2027215	u0038
train	UN2027215	u0039
train	UN2027215	u0041
train	UN2027215	u0042
train	UN2027215	u0043
train	UN2027215	u0044
train	UN2027215	u0045
train	UN2027215	u0046
train	UN2027215	u0047
train	UN2027215	u0048
train	UN2027215	u0049
train	UN2027215	u004A
train	UN2027215	u004B
train	UN2027215	u004C
train	UN2027215	u004D
train	UN2027215	u004E
train	UN2027215	u004F
train	UN2027215	u0050
train	UN2027215	u0051
train	UN2027215	u0052
train	UN2027215	u0053
train	UN2027215	u0054
train	UN2027215	u0055
train	UN2027215	u0056
train	UN2027215	u0057
train	UN2027215	u0058
train	UN2027215	u0059
train	UN2027215	u005A
train	UN2027215	u0061
train	UN2027215	u0062
train	UN2027215	u0063
train	UN2027215	u0064
train	UN2027215	u0065
train	UN2027215	u0066
train	UN2027215	u0067
train	UN2027215	u0068
train	UN2027215	u0069
train	UN2027215	u006A
train	UN2027215	u006B
train	UN2027215	u006C
train	UN2027215	u006D
train	UN2027215	u006E
train	UN2027215	u006F
train	UN2027215	u0070
train	UN2027215	u0071
train	UN2027215	u0072
train	UN2027215	u0073
train	UN2027215	u0074
train	UN2027215	u0075
train	UN2027215	u0076
train	UN2027215	u0077
train	UN2027215	u0078
train	UN2027215	u0079
train	UN2027215	u007A
train	UN2027215	u00E0
train	UN2027215	u00E1
train	UN2027215	u00E8
train	UN2027215	u00E9
train	UN2027215	u00EA
train	UN2027215	u00ED
train	UN2027215	u00F2
train	UN2027215	u00F3
train	UN2027215	u00F9
train	UN2027215	u00FA
train	UN2027215	u00FC
train	UN2027215	u0101
train	UN2027215	u0113
train	UN2027215	u011B
train	UN2027215	u012B
train	UN2027215	u0144
train	UN2027215	u0148
train	UN2027215	u014D
train	UN2027215	u016B
train	UN2027215	u01CE
train	UN2027215	u01D0
train	UN2027215	u01D2
train	UN2027215	u01D4
train	UN2027215	u01D6
train	UN2027215	u01D8
train	UN2027215	u01DA
train	UN2027215	u01DC
train	UN2027220	u0030
train	UN2027220	u0031
train	UN2027220	u0032
train	UN2027220	u0033
train	UN2027220	u0034
train	UN2027220	u0035
train	UN2027220	u0036
train	UN2027220	u0037
train	UN2027220	u0038
train	UN2027220	u0039
train	UN2027220	u0041
train	UN2027220	u0042
train	UN2027220	u0043
train	UN2027220	u0044
train	UN2027220	u0045
train	UN2027220	u0046
train	UN2027220	u0047
train	UN2027220	u0048
train	UN2027220	u0049
train	UN2027220	u004A
train	UN2027220	u004B
train	UN2027220	u004C
train	UN2027220	u004D
train	UN2027220	u004E
train	UN2027220	u004F
train	UN2027220	u0050
train	UN2027220	u0051
train	UN2027220	u0052
train	UN2027220	u0053
train	UN2027220	u0054
train	UN2027220	u0055
train	UN2027220	u0056
train	UN2027220	u0057
train	UN2027220	u0058
train	UN2027220	u0059
train	UN2027220	u005A
train	UN2027220	u0061
train	UN2027220	u0062
train	UN2027220	u0063
train	UN2027220	u0064
train	UN2027220	u0065
train	UN2027220	u0066
train	UN2027220	u0067
train	UN2027220	u0068
train	UN2027220	u0069
train	UN2027220	u006A
train	UN2027220	u006B
train	UN2027220	u006C
train	UN2027220	u006D
train	UN2027220	u006E
train	UN2027220	u006F
train	UN2027220	u0070
train	UN2027220	u0071
train	UN2027220	u0072
train	UN2027220	u0073
train	UN2027220	u0074
train	UN2027220	u0075
train	UN2027220	u0076
train	UN2027220	u0077
train	UN2027220	u0078
train	UN2027220	u0079
train	UN2027220	u007A
train	UN2027220	u00E0
train	UN2027220	u00E1
train	UN2027220	u00E8
train	UN2027220	u00E9
train	UN2027220	u00EA
train	UN2027220	u00ED
train	UN2027220	u00F2
train	UN2027220	u00F3
train	UN2027220	u00F9
train	UN2027220	u00FA
train	UN2027220	u00FC
train	UN2027220	u0101
train	UN2027220	u0113
train	UN2027220	u011B
train	UN2027220	u012B
train	UN2027220	u0144
train	UN2027220	u0148
train	UN2027220	u014D
train	UN2027220	u016B
train	UN2027220	u01CE
train	UN2027220	u01D0
train	UN2027220	u01D2
train	UN2027220	u01D4
train	UN2027220	u01D6
train	UN2027220	u01D8
train	UN2027220	u01DA
train	UN2027220	u01DC
train	UN2027220	u3041
train	UN2027220	u3042
train	UN2027220	u3043
train	UN2027220	u3044
train	UN2027220	u3045
train	UN2027220	u3046
train	UN2027220	u3047
train	UN2027220	u3048
train	UN2027220	u3049
train	UN2027220	u304A
train	UN2027220	u304B
train	UN2027220	u304C
train	UN2027220	u304D
train	UN2027220	u304E
train	UN2027220	u304F
train	UN2027220	u3050
train	UN2027220	u3051
train	UN2027220	u3052
train	UN2027220	u3053
train	UN2027220	u3054
train	UN2027220	u3055
train	UN2027220	u3056
train	UN2027220	u3057
train	UN2027220	u3058
train	UN2027220	u3059
train	UN2027220	u305A
train	UN2027220	u305B
train	UN2027220	u305C
train	UN2027220	u305D
train	UN2027220	u305E
train	UN2027220	u305F
train	UN2027220	u3060
train	UN2027220	u3061
train	UN2027220	u3062
train	UN2027220	u3063
train	UN2027220	u3064
train	UN2027220	u3065
train	UN2027220	u3066
train	UN2027220	u3067
train	UN2027220	u3068
train	UN2027220	u3069
train	UN2027220	u306A
train	UN2027220	u306B
train	UN2027220	u306C
train	UN2027220	u306D
train	UN2027220	u306E
train	UN2027220	u306F
train	UN2027220	u3070
train	UN2027220	u3071
train	UN2027220	u3072
train	UN2027220	u3073
train	UN2027220	u3074
train	UN2027220	u3075
train	UN2027220	u3076
train	UN2027220	u3077
train	UN2027220	u3078
train	UN2027220	u3079
train	UN2027220	u307A
train	UN2027220	u307B
train	UN2027220	u307C
train	UN2027220	u307D
train	UN2027220	u307E
train	UN2027220	u307F
train	UN2027220	u3080
train	UN2027220	u3081
train	UN2027220	u3082
train	UN2027220	u3083
train	UN2027220	u3084
train	UN2027220	u3085
train	UN2027220	u3086
train	UN2027220	u3087
train	UN2027220	u3088
train	UN2027220	u3089
train	UN2027220	u308A
train	UN2027220	u308B
train	UN2027220	u308C
train	UN2027220	u308D
train	UN2027220	u308E
train	UN2027220	u308F
train	UN2027220	u3090
train	UN2027220	u3091
train	UN2027220	u3092
train	UN2027220	u3093
train	UN2027220	u30A1
train	UN2027220	u30A2
train	UN2027220	u30A3
train	UN2027220	u30A4
train	UN2027220	u30A5
train	UN2027220	u30A6
train	UN2027220	u30A7
train	UN2027220	u30A8
train	UN2027220	u30A9
train	UN2027220	u30AA
train	UN2027220	u30AB
train	UN2027220	u30AC
train	UN2027220	u30AD
train	UN2027220	u30AE
train	UN2027220	u30AF
train	UN2027220	u30B0
train	UN2027220	u30B1
train	UN2027220	u30B2
train	UN2027220	u30B3
train	UN2027220	u30B4
train	UN2027220	u30B5
train	UN2027220	u30B6
train	UN2027220	u30B7
train	UN2027220	u30B8
train	UN2027220	u30B9
train	UN2027220	u30BA
train	UN2027220	u30BB
train	UN2027220	u30BC
train	UN2027220	u30BD
train	UN2027220	u30BE
train	UN2027220	u30BF
train	UN2027220	u30C0
train	UN2027220	u30C1
train	UN2027220	u30C2
train	UN2027220	u30C3
train	UN2027220	u30C4
train	UN2027220	u30C5
train	UN2027220	u30C6
train	UN2027220	u30C7
train	UN2027220	u30C8
train	UN2027220	u30C9
train	UN2027220	u30CA
train	UN2027220	u30CB
train	UN2027220	u30CC
train	UN2027220	u30CD
train	UN2027220	u30CE
train	UN2027220	u30CF
train	UN2027220	u30D0
train	UN2027220	u30D1
train	UN2027220	u30D2
train	UN2027220	u30D3
train	UN2027220	u30D4
train	UN2027220	u30D5
train	UN2027220	u30D6
train	UN2027220	u30D7
train	UN2027220	u30D8
train	UN2027220	u30D9
train	UN2027220	u30DA
train	UN2027220	u30DB
train	UN2027220	u30DC
train	UN2027220	u30DD
train	UN2027220	u30DE
train	UN2027220	u30DF
train	UN2027220	u30E0
train	UN2027220	u30E1
train	UN2027220	u30E2
train	UN2027220	u30E3
train	UN2027220	u30E4
train	UN2027220	u30E5
train	UN2027220	u30E6
train	UN2027220	u30E7
train	UN2027220	u30E8
train	UN2027220	u30E9
train	UN2027220	u30EA
train	UN2027220	u30EB
train	UN2027220	u30EC
train	UN2027220	u30ED
train	UN2027220	u30EE
train	UN2027220	u30EF
train	UN2027220	u30F0
train	UN2027220	u30F1
train	UN2027220	u30F2
train	UN2027220	u30F3
train	UN2027220	u30F4
train	UN2027220	u30F5
train	UN2027220	u30F6
train	UN2027220	u3105
train	UN2027220	u3106
train	UN2027220	u3107
train	UN2027220	u3108
train	UN2027220	u3109
train	UN2027220	u310A
train	UN2027220	u310B
train	UN2027220	u310C
train	UN2027220	u310D
train	UN2027220	u310E
train	UN2027220	u310F
train	UN2027220	u3110
train	UN2027220	u3111
train	UN2027220	u3112
train	UN2027220	u3113
train	UN2027220	u3114
train	UN2027220	u3115
train	UN2027220	u3116
train	UN2027220	u3117
train	UN2027220	u3118
train	UN2027220	u3119
train	UN2027220	u311A
train	UN2027220	u311B
train	UN2027220	u311C
train	UN2027220	u311D
train	UN2027220	u311E
train	UN2027220	u311F
train	UN2027220	u3120
train	UN2027220	u3121
train	UN2027220	u3122
train	UN2027220	u3123
train	UN2027220	u3124
train	UN2027220	u3125
train	UN2027220	u3126
train	UN2027220	u3127
train	UN2027220	u3128
train	UN2027220	u3129
train	UN2027236	u0030
train	UN2027236	u0031
train	UN2027236	u0032
train	UN2027236	u0033
train	UN2027236	u0034
train	UN2027236	u0035
train	UN2027236	u0036
train	UN2027236	u0037
train	UN2027236	u0038
train	UN2027236	u0039
train	UN2027236	u0041
train	UN2027236	u0042
train	UN2027236	u0043
train	UN2027236	u0044
train	UN2027236	u0045
train	UN2027236	u0046
train	UN2027236	u0047
train	UN2027236	u0048
train	UN2027236	u0049
train	UN2027236	u004A
train	UN2027236	u004B
train	UN2027236	u004C
train	UN2027236	u004D
train	UN2027236	u004E
train	UN2027236	u004F
train	UN2027236	u0050
train	UN2027236	u0051
train	UN2027236	u0052
train	UN2027236	u0053
train	UN2027236	u0054
train	UN2027236	u0055
train	UN2027236	u0056
train	UN2027236	u0057
train	UN2027236	u0058
train	UN2027236	u0059
train	UN2027236	u005A
train	UN2027236	u0061
train	UN2027236	u0062
train	UN2027236	u0063
train	UN2027236	u0064
train	UN2027236	u0065
train	UN2027236	u0066
train	UN2027236	u0067
train	UN2027236	u0068
train	UN2027236	u0069
train	UN2027236	u006A
train	UN2027236	u006B
train	UN2027236	u006C
train	UN2027236	u006D
train	UN2027236	u006E
train	UN2027236	u006F
train	UN2027236	u0070
train	UN2027236	u0071
train	UN2027236	u0072
train	UN2027236	u0073
train	UN2027236	u0074
train	UN2027236	u0075
train	UN2027236	u0076
train	UN2027236	u0077
train	UN2027236	u0078
train	UN2027236	u0079
train	UN2027236	u007A
train	UN2027236	u00E0
train	UN2027236	u00E1
train	UN2027236	u00E8
train	UN2027236	u00E9
train	UN2027236	u00EA
train	UN2027236	u00ED
train	UN2027236	u00F2
train	UN2027236	u00F3
train	UN2027236	u00F9
train	UN2027236	u00FA
train	UN2027236	u00FC
train	UN2027236	u0101
train	UN2027236	u0113
train	UN2027236	u011B
train	UN2027236	u012B
train	UN2027236	u0144
train	UN2027236	u0148
train	UN2027236	u014D
train	UN2027236	u016B
train	UN2027236	u01CE
train	UN2027236	u01D0
train	UN2027236	u01D2
train	UN2027236	u01D4
train	UN2027236	u01D6
train	UN2027236	u01D8
train	UN2027236	u01DA
train	UN2027236	u01DC
train	UN2027236	u3041
train	UN2027236	u3042
train	UN2027236	u3043
train	UN2027236	u3044
train	UN2027236	u3045
train	UN2027236	u3046
train	UN2027236	u3047
train	UN2027236	u3048
train	UN2027236	u3049
train	UN2027236	u304A
train	UN2027236	u304B
train	UN2027236	u304C
train	UN2027236	u304D
train	UN2027236	u304E
train	UN2027236	u304F
train	UN2027236	u3050
train	UN2027236	u3051
train	UN2027236	u3052
train	UN2027236	u3053
train	UN2027236	u3054
train	UN2027236	u3055
train	UN2027236	u3056
train	UN2027236	u3057
train	UN2027236	u3058
train	UN2027236	u3059
train	UN2027236	u305A
train	UN2027236	u305B
train	UN2027236	u305C
train	UN2027236	u305D
train	UN2027236	u305E
train	UN2027236	u305F
train	UN2027236	u3060
train	UN2027236	u3061
train	UN2027236	u3062
train	UN2027236	u3063
train	UN2027236	u3064
train	UN2027236	u3065
train	UN2027236	u3066
train	UN2027236	u3067
train	UN2027236	u3068
train	UN2027236	u3069
train	UN2027236	u306A
train	UN2027236	u306B
train	UN2027236	u306C
train	UN2027236	u306D
train	UN2027236	u306E
train	UN2027236	u306F
train	UN2027236	u3070
train	UN2027236	u3071
train	UN2027236	u3072
train	UN2027236	u3073
train	UN2027236	u3074
train	UN2027236	u3075
train	UN2027236	u3076
train	UN2027236	u3077
train	UN2027236	u3078
train	UN2027236	u3079
train	UN2027236	u307A
train	UN2027236	u307B
train	UN2027236	u307C
train	UN2027236	u307D
train	UN2027236	u307E
train	UN2027236	u307F
train	UN2027236	u3080
train	UN2027236	u3081
train	UN2027236	u3082
train	UN2027236	u3083
train	UN2027236	u3084
train	UN2027236	u3085
train	UN2027236	u3086
train	UN2027236	u3087
train	UN2027236	u3088
train	UN2027236	u3089
train	UN2027236	u308A
train	UN2027236	u308B
train	UN2027236	u308C
train	UN2027236	u308D
train	UN2027236	u308E
train	UN2027236	u308F
train	UN2027236	u3090
train	UN2027236	u3091
train	UN2027236	u3092
train	UN2027236	u3093
train	UN2027236	u30A1
train	UN2027236	u30A2
train	UN2027236	u30A3
train	UN2027236	u30A4
train	UN2027236	u30A5
train	UN2027236	u30A6
train	UN2027236	u30A7
train	UN2027236	u30A8
train	UN2027236	u30A9
train	UN2027236	u30AA
train	UN2027236	u30AB
train	UN2027236	u30AC
train	UN2027236	u30AD
train	UN2027236	u30AE
train	UN2027236	u30AF
train	UN2027236	u30B0
train	UN2027236	u30B1
train	UN2027236	u30B2
train	UN2027236	u30B3
train	UN2027236	u30B4
train	UN2027236	u30B5
train	UN2027236	u30B6
train	UN2027236	u30B7
train	UN2027236	u30B8
train	UN2027236	u30B9
train	UN2027236	u30BA
train	UN2027236	u30BB
train	UN2027236	u30BC
train	UN2027236	u30BD
train	UN2027236	u30BE
train	UN2027236	u30BF
train	UN2027236	u30C0
train	UN2027236	u30C1
train	UN2027236	u30C2
train	UN2027236	u30C3
train	UN2027236	u30C4
train	UN2027236	u30C5
train	UN2027236	u30C6
train	UN2027236	u30C7
train	UN2027236	u30C8
train	UN2027236	u30C9
train	UN2027236	u30CA
train	UN2027236	u30CB
train	UN2027236	u30CC
train	UN2027236	u30CD
train	UN2027236	u30CE
train	UN2027236	u30CF
train	UN2027236	u30D0
train	UN2027236	u30D1
train	UN2027236	u30D2
train	UN2027236	u30D3
train	UN2027236	u30D4
train	UN2027236	u30D5
train	UN2027236	u30D6
train	UN2027236	u30D7
train	UN2027236	u30D8
train	UN2027236	u30D9
train	UN2027236	u30DA
train	UN2027236	u30DB
train	UN2027236	u30DC
train	UN2027236	u30DD
train	UN2027236	u30DE
train	UN2027236	u30DF
train	UN2027236	u30E0
train	UN2027236	u30E1
train	UN2027236	u30E2
train	UN2027236	u30E3
train	UN2027236	u30E4
train	UN2027236	u30E5
train	UN2027236	u30E6
train	UN2027236	u30E7
train	UN2027236	u30E8
train	UN2027236	u30E9
train	UN2027236	u30EA
train	UN2027236	u30EB
train	UN2027236	u30EC
train	UN2027236	u30ED
train	UN2027236	u30EE
train	UN2027236	u30EF
train	UN2027236	u30F0
train	UN2027236	u30F1
train	UN2027236	u30F2
train	UN2027236	u30F3
train	UN2027236	u30F4
train	UN2027236	u30F5
train	UN2027236	u30F6
train	UN2027236	u3105
train	UN2027236	u3106
train	UN2027236	u3107
train	UN2027236	u3108
train	UN2027236	u3109
train	UN2027236	u310A
train	UN2027236	u310B
train	UN2027236	u310C
train	UN2027236	u310D
train	UN2027236	u310E
train	UN2027236	u310F
train	UN2027236	u3110
train	UN2027236	u3111
train	UN2027236	u3112
train	UN2027236	u3113
train	UN2027236	u3114
train	UN2027236	u3115
train	UN2027236	u3116
train	UN2027236	u3117
train	UN2027236	u3118
train	UN2027236	u3119
train	UN2027236	u311A
train	UN2027236	u311B
train	UN2027236	u311C
train	UN2027236	u311D
train	UN2027236	u311E
train	UN2027236	u311F
train	UN2027236	u3120
train	UN2027236	u3121
train	UN2027236	u3122
train	UN2027236	u3123
train	UN2027236	u3124
train	UN2027236	u3125
train	UN2027236	u3126
train	UN2027236	u3127
train	UN2027236	u3128
train	UN2027236	u3129
train	UN2027270	u0030
train	UN2027270	u0031
train	UN2027270	u0032
train	UN2027270	u0033
train	UN2027270	u0034
train	UN2027270	u0035
train	UN2027270	u0036
train	UN2027270	u0037
train	UN2027270	u0038
train	UN2027270	u0039
train	UN2027270	u0041
train	UN2027270	u0042
train	UN2027270	u0043
train	UN2027270	u0044
train	UN2027270	u0045
train	UN2027270	u0046
train	UN2027270	u0047
train	UN2027270	u0048
train	UN2027270	u0049
train	UN2027270	u004A
train	UN2027270	u004B
train	UN2027270	u004C
train	UN2027270	u004D
train	UN2027270	u004E
train	UN2027270	u004F
train	UN2027270	u0050
train	UN2027270	u0051
train	UN2027270	u0052
train	UN2027270	u0053
train	UN2027270	u0054
train	UN2027270	u0055
train	UN2027270	u0056
train	UN2027270	u0057
train	UN2027270	u0058
train	UN2027270	u0059
train	UN2027270	u005A
train	UN2027270	u0061
train	UN2027270	u0062
train	UN2027270	u0063
train	UN2027270	u0064
train	UN2027270	u0065
train	UN2027270	u0066
train	UN2027270	u0067
train	UN2027270	u0068
train	UN2027270	u0069
train	UN2027270	u006A
train	UN2027270	u006B
train	UN2027270	u006C
train	UN2027270	u006D
train	UN2027270	u006E
train	UN2027270	u006F
train	UN2027270	u0070
train	UN2027270	u0071
train	UN2027270	u0072
train	UN2027270	u0073
train	UN2027270	u0074
train	UN2027270	u0075
train	UN2027270	u0076
train	UN2027270	u0077
train	UN2027270	u0078
train	UN2027270	u0079
train	UN2027270	u007A
train	UN2027270	u00E0
train	UN2027270	u00E1
train	UN2027270	u00E8
train	UN2027270	u00E9
train	UN2027270	u00EA
train	UN2027270	u00ED
train	UN2027270	u00F2
train	UN2027270	u00F3
train	UN2027270	u00F9
train	UN2027270	u00FA
train	UN2027270	u00FC
train	UN2027270	u0101
train	UN2027270	u0113
train	UN2027270	u011B
train	UN2027270	u012B
train	UN2027270	u0144
train	UN2027270	u0148
train	UN2027270	u014D
train	UN2027270	u016B
train	UN2027270	u01CE
train	UN2027270	u01D0
train	UN2027270	u01D2
train	UN2027270	u01D4
train	UN2027270	u01D6
train	UN2027270	u01D8
train	UN2027270	u01DA
train	UN2027270	u01DC
train	UN2027270	u3041
train	UN2027270	u3042
train	UN2027270	u3043
train	UN2027270	u3044
train	UN2027270	u3045
train	UN2027270	u3046
train	UN2027270	u3047
train	UN2027270	u3048
train	UN2027270	u3049
train	UN2027270	u304A
train	UN2027270	u304B
train	UN2027270	u304C
train	UN2027270	u304D
train	UN2027270	u304E
train	UN2027270	u304F
train	UN2027270	u3050
train	UN2027270	u3051
train	UN2027270	u3052
train	UN2027270	u3053
train	UN2027270	u3054
train	UN2027270	u3055
train	UN2027270	u3056
train	UN2027270	u3057
train	UN2027270	u3058
train	UN2027270	u3059
train	UN2027270	u305A
train	UN2027270	u305B
train	UN2027270	u305C
train	UN2027270	u305D
train	UN2027270	u305E
train	UN2027270	u305F
train	UN2027270	u3060
train	UN2027270	u3061
train	UN2027270	u3062
train	UN2027270	u3063
train	UN2027270	u3064
train	UN2027270	u3065
train	UN2027270	u3066
train	UN2027270	u3067
train	UN2027270	u3068
train	UN2027270	u3069
train	UN2027270	u306A
train	UN2027270	u306B
train	UN2027270	u306C
train	UN2027270	u306D
train	UN2027270	u306E
train	UN2027270	u306F
train	UN2027270	u3070
train	UN2027270	u3071
train	UN2027270	u3072
train	UN2027270	u3073
train	UN2027270	u3074
train	UN2027270	u3075
train	UN2027270	u3076
train	UN2027270	u3077
train	UN2027270	u3078
train	UN2027270	u3079
train	UN2027270	u307A
train	UN2027270	u307B
train	UN2027270	u307C
train	UN2027270	u307D
train	UN2027270	u307E
train	UN2027270	u307F
train	UN2027270	u3080
train	UN2027270	u3081
train	UN2027270	u3082
train	UN2027270	u3083
train	UN2027270	u3084
train	UN2027270	u3085
train	UN2027270	u3086
train	UN2027270	u3087
train	UN2027270	u3088
train	UN2027270	u3089
train	UN2027270	u308A
train	UN2027270	u308B
train	UN2027270	u308C
train	UN2027270	u308D
train	UN2027270	u308E
train	UN2027270	u308F
train	UN2027270	u3090
train	UN2027270	u3091
train	UN2027270	u3092
train	UN2027270	u3093
train	UN2027270	u30A1
train	UN2027270	u30A2
train	UN2027270	u30A3
train	UN2027270	u30A4
train	UN2027270	u30A5
train	UN2027270	u30A6
train	UN2027270	u30A7
train	UN2027270	u30A8
train	UN2027270	u30A9
train	UN2027270	u30AA
train	UN2027270	u30AB
train	UN2027270	u30AC
train	UN2027270	u30AD
train	UN2027270	u30AE
train	UN2027270	u30AF
train	UN2027270	u30B0
train	UN2027270	u30B1
train	UN2027270	u30B2
train	UN2027270	u30B3
train	UN2027270	u30B4
train	UN2027270	u30B5
train	UN2027270	u30B6
train	UN2027270	u30B7
train	UN2027270	u30B8
train	UN2027270	u30B9
train	UN2027270	u30BA
train	UN2027270	u30BB
train	UN2027270	u30BC
train	UN2027270	u30BD
train	UN2027270	u30BE
train	UN2027270	u30BF
train	UN2027270	u30C0
train	UN2027270	u30C1
train	UN2027270	u30C2
train	UN2027270	u30C3
train	UN2027270	u30C4
train	UN2027270	u30C5
train	UN2027270	u30C6
train	UN2027270	u30C7
train	UN2027270	u30C8
train	UN2027270	u30C9
train	UN2027270	u30CA
train	UN2027270	u30CB
train	UN2027270	u30CC
train	UN2027270	u30CD
train	UN2027270	u30CE
train	UN2027270	u30CF
train	UN2027270	u30D0
train	UN2027270	u30D1
train	UN2027270	u30D2
train	UN2027270	u30D3
train	UN2027270	u30D4
train	UN2027270	u30D5
train	UN2027270	u30D6
train	UN2027270	u30D7
train	UN2027270	u30D8
train	UN2027270	u30D9
train	UN2027270	u30DA
train	UN2027270	u30DB
train	UN2027270	u30DC
train	UN2027270	u30DD
train	UN2027270	u30DE
train	UN2027270	u30DF
train	UN2027270	u30E0
train	UN2027270	u30E1
train	UN2027270	u30E2
train	UN2027270	u30E3
train	UN2027270	u30E4
train	UN2027270	u30E5
train	UN2027270	u30E6
train	UN2027270	u30E7
train	UN2027270	u30E8
train	UN2027270	u30E9
train	UN2027270	u30EA
train	UN2027270	u30EB
train	UN2027270	u30EC
train	UN2027270	u30ED
train	UN2027270	u30EE
train	UN2027270	u30EF
train	UN2027270	u30F0
train	UN2027270	u30F1
train	UN2027270	u30F2
train	UN2027270	u30F3
train	UN2027270	u30F4
train	UN2027270	u30F5
train	UN2027270	u30F6
train	UN2027270	u3105
train	UN2027270	u3106
train	UN2027270	u3107
train	UN2027270	u3108
train	UN2027270	u3109
train	UN2027270	u310A
train	UN2027270	u310B
train	UN2027270	u310C
train	UN2027270	u310D
train	UN2027270	u310E
train	UN2027270	u310F
train	UN2027270	u3110
train	UN2027270	u3111
train	UN2027270	u3112
train	UN2027270	u3113
train	UN2027270	u3114
train	UN2027270	u3115
train	UN2027270	u3116
train	UN2027270	u3117
train	UN2027270	u3118
train	UN2027270	u3119
train	UN2027270	u311A
train	UN2027270	u311B
train	UN2027270	u311C
train	UN2027270	u311D
train	UN2027270	u311E
train	UN2027270	u311F
train	UN2027270	u3120
train	UN2027270	u3121
train	UN2027270	u3122
train	UN2027270	u3123
train	UN2027270	u3124
train	UN2027270	u3125
train	UN2027270	u3126
train	UN2027270	u3127
train	UN2027270	u3128
train	UN2027270	u3129
train	UN2027272	u0030
train	UN2027272	u0031
train	UN2027272	u0032
train	UN2027272	u0033
train	UN2027272	u0034
train	UN2027272	u0035
train	UN2027272	u0036
train	UN2027272	u0037
train	UN2027272	u0038
train	UN2027272	u0039
train	UN2027272	u0041
train	UN2027272	u0042
train	UN2027272	u0043
train	UN2027272	u0044
train	UN2027272	u0045
train	UN2027272	u0046
train	UN2027272	u0047
train	UN2027272	u0048
train	UN2027272	u0049
train	UN2027272	u004A
train	UN2027272	u004B
train	UN2027272	u004C
train	UN2027272	u004D
train	UN2027272	u004E
train	UN2027272	u004F
train	UN2027272	u0050
train	UN2027272	u0051
train	UN2027272	u0052
train	UN2027272	u0053
train	UN2027272	u0054
train	UN2027272	u0055
train	UN2027272	u0056
train	UN2027272	u0057
train	UN2027272	u0058
train	UN2027272	u0059
train	UN2027272	u005A
train	UN2027272	u0061
train	UN2027272	u0062
train	UN2027272	u0063
train	UN2027272	u0064
train	UN2027272	u0065
train	UN2027272	u0066
train	UN2027272	u0067
train	UN2027272	u0068
train	UN2027272	u0069
train	UN2027272	u006A
train	UN2027272	u006B
train	UN2027272	u006C
train	UN2027272	u006D
train	UN2027272	u006E
train	UN2027272	u006F
train	UN2027272	u0070
train	UN2027272	u0071
train	UN2027272	u0072
train	UN2027272	u0073
train	UN2027272	u0074
train	UN2027272	u0075
train	UN2027272	u0076
train	UN2027272	u0077
train	UN2027272	u0078
train	UN2027272	u0079
train	UN2027272	u007A
train	UN2027272	u00E0
train	UN2027272	u00E1
train	UN2027272	u00E8
train	UN2027272	u00E9
train	UN2027272	u00EA
train	UN2027272	u00ED
train	UN2027272	u00F2
train	UN2027272	u00F3
train	UN2027272	u00F9
train	UN2027272	u00FA
train	UN2027272	u00FC
train	UN2027272	u0101
train	UN2027272	u0113
train	UN2027272	u011B
train	UN2027272	u012B
train	UN2027272	u0144
train	UN2027272	u0148
train	UN2027272	u014D
train	UN2027272	u016B
train	UN2027272	u01CE
train	UN2027272	u01D0
train	UN2027272	u01D2
train	UN2027272	u01D4
train	UN2027272	u01D6
train	UN2027272	u01D8
train	UN2027272	u01DA
train	UN2027272	u01DC
train	UN2027288	u0030
train	UN2027288	u0031
train	UN2027288	u0032
train	UN2027288	u0033
train	UN2027288	u0034
train	UN2027288	u0035
train	UN2027288	u0036
train	UN2027288	u0037
train	UN2027288	u0038
train	UN2027288	u0039
train	UN2027288	u0041
train	UN2027288	u0042
train	UN2027288	u0043
train	UN2027288	u0044
train	UN2027288	u0045
train	UN2027288	u0046
train	UN2027288	u0047
train	UN2027288	u0048
train	UN2027288	u0049
train	UN2027288	u004A
train	UN2027288	u004B
train	UN2027288	u004C
train	UN2027288	u004D
train	UN2027288	u004E
train	UN2027288	u004F
train	UN2027288	u0050
train	UN2027288	u0051
train	UN2027288	u0052
train	UN2027288	u0053
train	UN2027288	u0054
train	UN2027288	u0055
train	UN2027288	u0056
train	UN2027288	u0057
train	UN2027288	u0058
train	UN2027288	u0059
train	UN2027288	u005A
train	UN2027288	u0061
train	UN2027288	u0062
train	UN2027288	u0063
train	UN2027288	u0064
train	UN2027288	u0065
train	UN2027288	u0066
train	UN2027288	u0067
train	UN2027288	u0068
train	UN2027288	u0069
train	UN2027288	u006A
train	UN2027288	u006B
train	UN2027288	u006C
train	UN2027288	u006D
train	UN2027288	u006E
train	UN2027288	u006F
train	UN2027288	u0070
train	UN2027288	u0071
train	UN2027288	u0072
train	UN2027288	u0073
train	UN2027288	u0074
train	UN2027288	u0075
train	UN2027288	u0076
train	UN2027288	u0077
train	UN2027288	u0078
train	UN2027288	u0079
train	UN2027288	u007A
train	UN2027288	u00E0
train	UN2027288	u00E1
train	UN2027288	u00E8
train	UN2027288	u00E9
train	UN2027288	u00EA
train	UN2027288	u00ED
train	UN2027288	u00F2
train	UN2027288	u00F3
train	UN2027288	u00F9
train	UN2027288	u00FA
train	UN2027288	u00FC
train	UN2027288	u0101
train	UN2027288	u0113
train	UN2027288	u011B
train	UN2027288	u012B
train	UN2027288	u0144
train	UN2027288	u0148
train	UN2027288	u014D
train	UN2027288	u016B
train	UN2027288	u01CE
train	UN2027288	u01D0
train	UN2027288	u01D2
train	UN2027288	u01D4
train	UN2027288	u01D6
train	UN2027288	u01D8
train	UN2027288	u01DA
train	UN2027288	u01DC
train	UN2027288	u3041
train	UN2027288	u3042
train	UN2027288	u3043
train	UN2027288	u3044
train	UN2027288	u3045
train	UN2027288	u3046
train	UN2027288	u3047
train	UN2027288	u3048
train	UN2027288	u3049
train	UN2027288	u304A
train	UN2027288	u304B
train	UN2027288	u304C
train	UN2027288	u304D
train	UN2027288	u304E
train	UN2027288	u304F
train	UN2027288	u3050
train	UN2027288	u3051
train	UN2027288	u3052
train	UN2027288	u3053
train	UN2027288	u3054
train	UN2027288	u3055
train	UN2027288	u3056
train	UN2027288	u3057
train	UN2027288	u3058
train	UN2027288	u3059
train	UN2027288	u305A
train	UN2027288	u305B
train	UN2027288	u305C
train	UN2027288	u305D
train	UN2027288	u305E
train	UN2027288	u305F
train	UN2027288	u3060
train	UN2027288	u3061
train	UN2027288	u3062
train	UN2027288	u3063
train	UN2027288	u3064
train	UN2027288	u3065
train	UN2027288	u3066
train	UN2027288	u3067
train	UN2027288	u3068
train	UN2027288	u3069
train	UN2027288	u306A
train	UN2027288	u306B
train	UN2027288	u306C
train	UN2027288	u306D
train	UN2027288	u306E
train	UN2027288	u306F
train	UN2027288	u3070
train	UN2027288	u3071
train	UN2027288	u3072
train	UN2027288	u3073
train	UN2027288	u3074
train	UN2027288	u3075
train	UN2027288	u3076
train	UN2027288	u3077
train	UN2027288	u3078
train	UN2027288	u3079
train	UN2027288	u307A
train	UN2027288	u307B
train	UN2027288	u307C
train	UN2027288	u307D
train	UN2027288	u307E
train	UN2027288	u307F
train	UN2027288	u3080
train	UN2027288	u3081
train	UN2027288	u3082
train	UN2027288	u3083
train	UN2027288	u3084
train	UN2027288	u3085
train	UN2027288	u3086
train	UN2027288	u3087
train	UN2027288	u3088
train	UN2027288	u3089
train	UN2027288	u308A
train	UN2027288	u308B
train	UN2027288	u308C
train	UN2027288	u308D
train	UN2027288	u308E
train	UN2027288	u308F
train	UN2027288	u3090
train	UN2027288	u3091
train	UN2027288	u3092
train	UN2027288	u3093
train	UN2027288	u30A1
train	UN2027288	u30A2
train	UN2027288	u30A3
train	UN2027288	u30A4
train	UN2027288	u30A5
train	UN2027288	u30A6
train	UN2027288	u30A7
train	UN2027288	u30A8
train	UN2027288	u30A9
train	UN2027288	u30AA
train	UN2027288	u30AB
train	UN2027288	u30AC
train	UN2027288	u30AD
train	UN2027288	u30AE
train	UN2027288	u30AF
train	UN2027288	u30B0
train	UN2027288	u30B1
train	UN2027288	u30B2
train	UN2027288	u30B3
train	UN2027288	u30B4
train	UN2027288	u30B5
train	UN2027288	u30B6
train	UN2027288	u30B7
train	UN2027288	u30B8
train	UN2027288	u30B9
train	UN2027288	u30BA
train	UN2027288	u30BB
train	UN2027288	u30BC
train	UN2027288	u30BD
train	UN2027288	u30BE
train	UN2027288	u30BF
train	UN2027288	u30C0
train	UN2027288	u30C1
train	UN2027288	u30C2
train	UN2027288	u30C3
train	UN2027288	u30C4
train	UN2027288	u30C5
train	UN2027288	u30C6
train	UN2027288	u30C7
train	UN2027288	u30C8
train	UN2027288	u30C9
train	UN2027288	u30CA
train	UN2027288	u30CB
train	UN2027288	u30CC
train	UN2027288	u30CD
train	UN2027288	u30CE
train	UN2027288	u30CF
train	UN2027288	u30D0
train	UN2027288	u30D1
train	UN2027288	u30D2
train	UN2027288	u30D3
train	UN2027288	u30D4
train	UN2027288	u30D5
train	UN2027288	u30D6
train	UN2027288	u30D7
train	UN2027288	u30D8
train	UN2027288	u30D9
train	UN2027288	u30DA
train	UN2027288	u30DB
train	UN2027288	u30DC
train	UN2027288	u30DD
train	UN2027288	u30DE
train	UN2027288	u30DF
train	UN2027288	u30E0
train	UN2027288	u30E1
train	UN2027288	u30E2
train	UN2027288	u30E3
train	UN2027288	u30E4
train	UN2027288	u30E5
train	UN2027288	u30E6
train	UN2027288	u30E7
train	UN2027288	u30E8
train	UN2027288	u30E9
train	UN2027288	u30EA
train	UN2027288	u30EB
train	UN2027288	u30EC
train	UN2027288	u30ED
train	UN2027288	u30EE
train	UN2027288	u30EF
train	UN2027288	u30F0
train	UN2027288	u30F1
train	UN2027288	u30F2
train	UN2027288	u30F3
train	UN2027288	u30F4
train	UN2027288	u30F5
train	UN2027288	u30F6
train	UN2027288	u3105
train	UN2027288	u3106
train	UN2027288	u3107
train	UN2027288	u3108
train	UN2027288	u3109
train	UN2027288	u310A
train	UN2027288	u310B
train	UN2027288	u310C
train	UN2027288	u310D
train	UN2027288	u310E
train	UN2027288	u310F
train	UN2027288	u3110
train	UN2027288	u3111
train	UN2027288	u3112
train	UN2027288	u3113
train	UN2027288	u3114
train	UN2027288	u3115
train	UN2027288	u3116
train	UN2027288	u3117
train	UN2027288	u3118
train	UN2027288	u3119
train	UN2027288	u311A
train	UN2027288	u311B
train	UN2027288	u311C
train	UN2027288	u311D
train	UN2027288	u311E
train	UN2027288	u311F
train	UN2027288	u3120
train	UN2027288	u3121
train	UN2027288	u3122
train	UN2027288	u3123
train	UN2027288	u3124
train	UN2027288	u3125
train	UN2027288	u3126
train	UN2027288	u3127
train	UN2027288	u3128
train	UN2027288	u3129
train	UN2027292	u0030
train	UN2027292	u0031
train	UN2027292	u0032
train	UN2027292	u0033
train	UN2027292	u0034
train	UN2027292	u0035
train	UN2027292	u0036
train	UN2027292	u0037
train	UN2027292	u0038
train	UN2027292	u0039
train	UN2027292	u0041
train	UN2027292	u0042
train	UN2027292	u0043
train	UN2027292	u0044
train	UN2027292	u0045
train	UN2027292	u0046
train	UN2027292	u0047
train	UN2027292	u0048
train	UN2027292	u0049
train	UN2027292	u004A
train	UN2027292	u004B
train	UN2027292	u004C
train	UN2027292	u004D
train	UN2027292	u004E
train	UN2027292	u004F
train	UN2027292	u0050
train	UN2027292	u0051
train	UN2027292	u0052
train	UN2027292	u0053
train	UN2027292	u0054
train	UN2027292	u0055
train	UN2027292	u0056
train	UN2027292	u0057
train	UN2027292	u0058
train	UN2027292	u0059
train	UN2027292	u005A
train	UN2027292	u0061
train	UN2027292	u0062
train	UN2027292	u0063
train	UN2027292	u0064
train	UN2027292	u0065
train	UN2027292	u0066
train	UN2027292	u0067
train	UN2027292	u0068
train	UN2027292	u0069
train	UN2027292	u006A
train	UN2027292	u006B
train	UN2027292	u006C
train	UN2027292	u006D
train	UN2027292	u006E
train	UN2027292	u006F
train	UN2027292	u0070
train	UN2027292	u0071
train	UN2027292	u0072
train	UN2027292	u0073
train	UN2027292	u0074
train	UN2027292	u0075
train	UN2027292	u0076
train	UN2027292	u0077
train	UN2027292	u0078
train	UN2027292	u0079
train	UN2027292	u007A
train	UN2027292	u00E0
train	UN2027292	u00E1
train	UN2027292	u00E8
train	UN2027292	u00E9
train	UN2027292	u00EA
train	UN2027292	u00ED
train	UN2027292	u00F2
train	UN2027292	u00F3
train	UN2027292	u00F9
train	UN2027292	u00FA
train	UN2027292	u00FC
train	UN2027292	u0101
train	UN2027292	u0113
train	UN2027292	u011B
train	UN2027292	u012B
train	UN2027292	u0144
train	UN2027292	u0148
train	UN2027292	u014D
train	UN2027292	u016B
train	UN2027292	u01CE
train	UN2027292	u01D0
train	UN2027292	u01D2
train	UN2027292	u01D4
train	UN2027292	u01D6
train	UN2027292	u01D8
train	UN2027292	u01DA
train	UN2027292	u01DC
train	UN2027292	u3041
train	UN2027292	u3042
train	UN2027292	u3043
train	UN2027292	u3044
train	UN2027292	u3045
train	UN2027292	u3046
train	UN2027292	u3047
train	UN2027292	u3048
train	UN2027292	u3049
train	UN2027292	u304A
train	UN2027292	u304B
train	UN2027292	u304C
train	UN2027292	u304D
train	UN2027292	u304E
train	UN2027292	u304F
train	UN2027292	u3050
train	UN2027292	u3051
train	UN2027292	u3052
train	UN2027292	u3053
train	UN2027292	u3054
train	UN2027292	u3055
train	UN2027292	u3056
train	UN2027292	u3057
train	UN2027292	u3058
train	UN2027292	u3059
train	UN2027292	u305A
train	UN2027292	u305B
train	UN2027292	u305C
train	UN2027292	u305D
train	UN2027292	u305E
train	UN2027292	u305F
train	UN2027292	u3060
train	UN2027292	u3061
train	UN2027292	u3062
train	UN2027292	u3063
train	UN2027292	u3064
train	UN2027292	u3065
train	UN2027292	u3066
train	UN2027292	u3067
train	UN2027292	u3068
train	UN2027292	u3069
train	UN2027292	u306A
train	UN2027292	u306B
train	UN2027292	u306C
train	UN2027292	u306D
train	UN2027292	u306E
train	UN2027292	u306F
train	UN2027292	u3070
train	UN2027292	u3071
train	UN2027292	u3072
train	UN2027292	u3073
train	UN2027292	u3074
train	UN2027292	u3075
train	UN2027292	u3076
train	UN2027292	u3077
train	UN2027292	u3078
train	UN2027292	u3079
train	UN2027292	u307A
train	UN2027292	u307B
train	UN2027292	u307C
train	UN2027292	u307D
train	UN2027292	u307E
train	UN2027292	u307F
train	UN2027292	u3080
train	UN2027292	u3081
train	UN2027292	u3082
train	UN2027292	u3083
train	UN2027292	u3084
train	UN2027292	u3085
train	UN2027292	u3086
train	UN2027292	u3087
train	UN2027292	u3088
train	UN2027292	u3089
train	UN2027292	u308A
train	UN2027292	u308B
train	UN2027292	u308C
train	UN2027292	u308D
train	UN2027292	u308E
train	UN2027292	u308F
train	UN2027292	u3090
train	UN2027292	u3091
train	UN2027292	u3092
train	UN2027292	u3093
train	UN2027292	u30A1
train	UN2027292	u30A2
train	UN2027292	u30A3
train	UN2027292	u30A4
train	UN2027292	u30A5
train	UN2027292	u30A6
train	UN2027292	u30A7
train	UN2027292	u30A8
train	UN2027292	u30A9
train	UN2027292	u30AA
train	UN2027292	u30AB
train	UN2027292	u30AC
train	UN2027292	u30AD
train	UN2027292	u30AE
train	UN2027292	u30AF
train	UN2027292	u30B0
train	UN2027292	u30B1
train	UN2027292	u30B2
train	UN2027292	u30B3
train	UN2027292	u30B4
train	UN2027292	u30B5
train	UN2027292	u30B6
train	UN2027292	u30B7
train	UN2027292	u30B8
train	UN2027292	u30B9
train	UN2027292	u30BA
train	UN2027292	u30BB
train	UN2027292	u30BC
train	UN2027292	u30BD
train	UN2027292	u30BE
train	UN2027292	u30BF
train	UN2027292	u30C0
train	UN2027292	u30C1
train	UN2027292	u30C2
train	UN2027292	u30C3
train	UN2027292	u30C4
train	UN2027292	u30C5
train	UN2027292	u30C6
train	UN2027292	u30C7
train	UN2027292	u30C8
train	UN2027292	u30C9
train	UN2027292	u30CA
train	UN2027292	u30CB
train	UN2027292	u30CC
train	UN2027292	u30CD
train	UN2027292	u30CE
train	UN2027292	u30CF
train	UN2027292	u30D0
train	UN2027292	u30D1
train	UN2027292	u30D2
train	UN2027292	u30D3
train	UN2027292	u30D4
train	UN2027292	u30D5
train	UN2027292	u30D6
train	UN2027292	u30D7
train	UN2027292	u30D8
train	UN2027292	u30D9
train	UN2027292	u30DA
train	UN2027292	u30DB
train	UN2027292	u30DC
train	UN2027292	u30DD
train	UN2027292	u30DE
train	UN2027292	u30DF
train	UN2027292	u30E0
train	UN2027292	u30E1
train	UN2027292	u30E2
train	UN2027292	u30E3
train	UN2027292	u30E4
train	UN2027292	u30E5
train	UN2027292	u30E6
train	UN2027292	u30E7
train	UN2027292	u30E8
train	UN2027292	u30E9
train	UN2027292	u30EA
train	UN2027292	u30EB
train	UN2027292	u30EC
train	UN2027292	u30ED
train	UN2027292	u30EE
train	UN2027292	u30EF
train	UN2027292	u30F0
train	UN2027292	u30F1
train	UN2027292	u30F2
train	UN2027292	u30F3
train	UN2027292	u30F4
train	UN2027292	u30F5
train	UN2027292	u30F6
train	UN2027292	u3105
train	UN2027292	u3106
train	UN2027292	u3107
train	UN2027292	u3108
train	UN2027292	u3109
train	UN2027292	u310A
train	UN2027292	u310B
train	UN2027292	u310C
train	UN2027292	u310D
train	UN2027292	u310E
train	UN2027292	u310F
train	UN2027292	u3110
train	UN2027292	u3111
train	UN2027292	u3112
train	UN2027292	u3113
train	UN2027292	u3114
train	UN2027292	u3115
train	UN2027292	u3116
train	UN2027292	u3117
train	UN2027292	u3118
train	UN2027292	u3119
train	UN2027292	u311A
train	UN2027292	u311B
train	UN2027292	u311C
train	UN2027292	u311D
train	UN2027292	u311E
train	UN2027292	u311F
train	UN2027292	u3120
train	UN2027292	u3121
train	UN2027292	u3122
train	UN2027292	u3123
train	UN2027292	u3124
train	UN2027292	u3125
train	UN2027292	u3126
train	UN2027292	u3127
train	UN2027292	u3128
train	UN2027292	u3129
train	UN2027299	u0030
train	UN2027299	u0031
train	UN2027299	u0032
train	UN2027299	u0033
train	UN2027299	u0034
train	UN2027299	u0035
train	UN2027299	u0036
train	UN2027299	u0037
train	UN2027299	u0038
train	UN2027299	u0039
train	UN2027299	u0041
train	UN2027299	u0042
train	UN2027299	u0043
train	UN2027299	u0044
train	UN2027299	u0045
train	UN2027299	u0046
train	UN2027299	u0047
train	UN2027299	u0048
train	UN2027299	u0049
train	UN2027299	u004A
train	UN2027299	u004B
train	UN2027299	u004C
train	UN2027299	u004D
train	UN2027299	u004E
train	UN2027299	u004F
train	UN2027299	u0050
train	UN2027299	u0051
train	UN2027299	u0052
train	UN2027299	u0053
train	UN2027299	u0054
train	UN2027299	u0055
train	UN2027299	u0056
train	UN2027299	u0057
train	UN2027299	u0058
train	UN2027299	u0059
train	UN2027299	u005A
train	UN2027299	u0061
train	UN2027299	u0062
train	UN2027299	u0063
train	UN2027299	u0064
train	UN2027299	u0065
train	UN2027299	u0066
train	UN2027299	u0067
train	UN2027299	u0068
train	UN2027299	u0069
train	UN2027299	u006A
train	UN2027299	u006B
train	UN2027299	u006C
train	UN2027299	u006D
train	UN2027299	u006E
train	UN2027299	u006F
train	UN2027299	u0070
train	UN2027299	u0071
train	UN2027299	u0072
train	UN2027299	u0073
train	UN2027299	u0074
train	UN2027299	u0075
train	UN2027299	u0076
train	UN2027299	u0077
train	UN2027299	u0078
train	UN2027299	u0079
train	UN2027299	u007A
train	UN2027299	u00E0
train	UN2027299	u00E1
train	UN2027299	u00E8
train	UN2027299	u00E9
train	UN2027299	u00EA
train	UN2027299	u00ED
train	UN2027299	u00F2
train	UN2027299	u00F3
train	UN2027299	u00F9
train	UN2027299	u00FA
train	UN2027299	u00FC
train	UN2027299	u0101
train	UN2027299	u0113
train	UN2027299	u011B
train	UN2027299	u012B
train	UN2027299	u0144
train	UN2027299	u0148
train	UN2027299	u014D
train	UN2027299	u016B
train	UN2027299	u01CE
train	UN2027299	u01D0
train	UN2027299	u01D2
train	UN2027299	u01D4
train	UN2027299	u01D6
train	UN2027299	u01D8
train	UN2027299	u01DA
train	UN2027299	u01DC
train	UN2027300	u0030
train	UN2027300	u0031
train	UN2027300	u0032
train	UN2027300	u0033
train	UN2027300	u0034
train	UN2027300	u0035
train	UN2027300	u0036
train	UN2027300	u0037
train	UN2027300	u0038
train	UN2027300	u0039
train	UN2027300	u0041
train	UN2027300	u0042
train	UN2027300	u0043
train	UN2027300	u0044
train	UN2027300	u0045
train	UN2027300	u0046
train	UN2027300	u0047
train	UN2027300	u0048
train	UN2027300	u0049
train	UN2027300	u004A
train	UN2027300	u004B
train	UN2027300	u004C
train	UN2027300	u004D
train	UN2027300	u004E
train	UN2027300	u004F
train	UN2027300	u0050
train	UN2027300	u0051
train	UN2027300	u0052
train	UN2027300	u0053
train	UN2027300	u0054
train	UN2027300	u0055
train	UN2027300	u0056
train	UN2027300	u0057
train	UN2027300	u0058
train	UN2027300	u0059
train	UN2027300	u005A
train	UN2027300	u0061
train	UN2027300	u0062
train	UN2027300	u0063
train	UN2027300	u0064
train	UN2027300	u0065
train	UN2027300	u0066
train	UN2027300	u0067
train	UN2027300	u0068
train	UN2027300	u0069
train	UN2027300	u006A
train	UN2027300	u006B
train	UN2027300	u006C
train	UN2027300	u006D
train	UN2027300	u006E
train	UN2027300	u006F
train	UN2027300	u0070
train	UN2027300	u0071
train	UN2027300	u0072
train	UN2027300	u0073
train	UN2027300	u0074
train	UN2027300	u0075
train	UN2027300	u0076
train	UN2027300	u0077
train	UN2027300	u0078
train	UN2027300	u0079
train	UN2027300	u007A
train	UN2027300	u00E0
train	UN2027300	u00E1
train	UN2027300	u00E8
train	UN2027300	u00E9
train	UN2027300	u00EA
train	UN2027300	u00ED
train	UN2027300	u00F2
train	UN2027300	u00F3
train	UN2027300	u00F9
train	UN2027300	u00FA
train	UN2027300	u00FC
train	UN2027300	u0101
train	UN2027300	u0113
train	UN2027300	u011B
train	UN2027300	u012B
train	UN2027300	u0144
train	UN2027300	u0148
train	UN2027300	u014D
train	UN2027300	u016B
train	UN2027300	u01CE
train	UN2027300	u01D0
train	UN2027300	u01D2
train	UN2027300	u01D4
train	UN2027300	u01D6
train	UN2027300	u01D8
train	UN2027300	u01DA
train	UN2027300	u01DC
train	UN2027300	u3041
train	UN2027300	u3042
train	UN2027300	u3043
train	UN2027300	u3044
train	UN2027300	u3045
train	UN2027300	u3046
train	UN2027300	u3047
train	UN2027300	u3048
train	UN2027300	u3049
train	UN2027300	u304A
train	UN2027300	u304B
train	UN2027300	u304C
train	UN2027300	u304D
train	UN2027300	u304E
train	UN2027300	u304F
train	UN2027300	u3050
train	UN2027300	u3051
train	UN2027300	u3052
train	UN2027300	u3053
train	UN2027300	u3054
train	UN2027300	u3055
train	UN2027300	u3056
train	UN2027300	u3057
train	UN2027300	u3058
train	UN2027300	u3059
train	UN2027300	u305A
train	UN2027300	u305B
train	UN2027300	u305C
train	UN2027300	u305D
train	UN2027300	u305E
train	UN2027300	u305F
train	UN2027300	u3060
train	UN2027300	u3061
train	UN2027300	u3062
train	UN2027300	u3063
train	UN2027300	u3064
train	UN2027300	u3065
train	UN2027300	u3066
train	UN2027300	u3067
train	UN2027300	u3068
train	UN2027300	u3069
train	UN2027300	u306A
train	UN2027300	u306B
train	UN2027300	u306C
train	UN2027300	u306D
train	UN2027300	u306E
train	UN2027300	u306F
train	UN2027300	u3070
train	UN2027300	u3071
train	UN2027300	u3072
train	UN2027300	u3073
train	UN2027300	u3074
train	UN2027300	u3075
train	UN2027300	u3076
train	UN2027300	u3077
train	UN2027300	u3078
train	UN2027300	u3079
train	UN2027300	u307A
train	UN2027300	u307B
train	UN2027300	u307C
train	UN2027300	u307D
train	UN2027300	u307E
train	UN2027300	u307F
train	UN2027300	u3080
train	UN2027300	u3081
train	UN2027300	u3082
train	UN2027300	u3083
train	UN2027300	u3084
train	UN2027300	u3085
train	UN2027300	u3086
train	UN2027300	u3087
train	UN2027300	u3088
train	UN2027300	u3089
train	UN2027300	u308A
train	UN2027300	u308B
train	UN2027300	u308C
train	UN2027300	u308D
train	UN2027300	u308E
train	UN2027300	u308F
train	UN2027300	u3090
train	UN2027300	u3091
train	UN2027300	u3092
train	UN2027300	u3093
train	UN2027300	u30A1
train	UN2027300	u30A2
train	UN2027300	u30A3
train	UN2027300	u30A4
train	UN2027300	u30A5
train	UN2027300	u30A6
train	UN2027300	u30A7
train	UN2027300	u30A8
train	UN2027300	u30A9
train	UN2027300	u30AA
train	UN2027300	u30AB
train	UN2027300	u30AC
train	UN2027300	u30AD
train	UN2027300	u30AE
train	UN2027300	u30AF
train	UN2027300	u30B0
train	UN2027300	u30B1
train	UN2027300	u30B2
train	UN2027300	u30B3
train	UN2027300	u30B4
train	UN2027300	u30B5
train	UN2027300	u30B6
train	UN2027300	u30B7
train	UN2027300	u30B8
train	UN2027300	u30B9
train	UN2027300	u30BA
train	UN2027300	u30BB
train	UN2027300	u30BC
train	UN2027300	u30BD
train	UN2027300	u30BE
train	UN2027300	u30BF
train	UN2027300	u30C0
train	UN2027300	u30C1
train	UN2027300	u30C2
train	UN2027300	u30C3
train	UN2027300	u30C4
train	UN2027300	u30C5
train	UN2027300	u30C6
train	UN2027300	u30C7
train	UN2027300	u30C8
train	UN2027300	u30C9
train	UN2027300	u30CA
train	UN2027300	u30CB
train	UN2027300	u30CC
train	UN2027300	u30CD
train	UN2027300	u30CE
train	UN2027300	u30CF
train	UN2027300	u30D0
train	UN2027300	u30D1
train	UN2027300	u30D2
train	UN2027300	u30D3
train	UN2027300	u30D4
train	UN2027300	u30D5
train	UN2027300	u30D6
train	UN2027300	u30D7
train	UN2027300	u30D8
train	UN2027300	u30D9
train	UN2027300	u30DA
train	UN2027300	u30DB
train	UN2027300	u30DC
train	UN2027300	u30DD
train	UN2027300	u30DE
train	UN2027300	u30DF
train	UN2027300	u30E0
train	UN2027300	u30E1
train	UN2027300	u30E2
train	UN2027300	u30E3
train	UN2027300	u30E4
train	UN2027300	u30E5
train	UN2027300	u30E6
train	UN2027300	u30E7
train	UN2027300	u30E8
train	UN2027300	u30E9
train	UN2027300	u30EA
train	UN2027300	u30EB
train	UN2027300	u30EC
train	UN2027300	u30ED
train	UN2027300	u30EE
train	UN2027300	u30EF
train	UN2027300	u30F0
train	UN2027300	u30F1
train	UN2027300	u30F2
train	UN2027300	u30F3
train	UN2027300	u30F4
train	UN2027300	u30F5
train	UN2027300	u30F6
train	UN2027300	u3105
train	UN2027300	u3106
train	UN2027300	u3107
train	UN2027300	u3108
train	UN2027300	u3109
train	UN2027300	u310A
train	UN2027300	u310B
train	UN2027300	u310C
train	UN2027300	u310D
train	UN2027300	u310E
train	UN2027300	u310F
train	UN2027300	u3110
train	UN2027300	u3111
train	UN2027300	u3112
train	UN2027300	u3113
train	UN2027300	u3114
train	UN2027300	u3115
train	UN2027300	u3116
train	UN2027300	u3117
train	UN2027300	u3118
train	UN2027300	u3119
train	UN2027300	u311A
train	UN2027300	u311B
train	UN2027300	u311C
train	UN2027300	u311D
train	UN2027300	u311E
train	UN2027300	u311F
train	UN2027300	u3120
train	UN2027300	u3121
train	UN2027300	u3122
train	UN2027300	u3123
train	UN2027300	u3124
train	UN2027300	u3125
train	UN2027300	u3126
train	UN2027300	u3127
train	UN2027300	u3128
train	UN2027300	u3129
train	UN2027309	u0030
train	UN2027309	u0031
train	UN2027309	u0032
train	UN2027309	u0033
train	UN2027309	u0034
train	UN2027309	u0035
train	UN2027309	u0036
train	UN2027309	u0037
train	UN2027309	u0038
train	UN2027309	u0039
train	UN2027309	u0041
train	UN2027309	u0042
train	UN2027309	u0043
train	UN2027309	u0044
train	UN2027309	u0045
train	UN2027309	u0046
train	UN2027309	u0047
train	UN2027309	u0048
train	UN2027309	u0049
train	UN2027309	u004A
train	UN2027309	u004B
train	UN2027309	u004C
train	UN2027309	u004D
train	UN2027309	u004E
train	UN2027309	u004F
train	UN2027309	u0050
train	UN2027309	u0051
train	UN2027309	u0052
train	UN2027309	u0053
train	UN2027309	u0054
train	UN2027309	u0055
train	UN2027309	u0056
train	UN2027309	u0057
train	UN2027309	u0058
train	UN2027309	u0059
train	UN2027309	u005A
train	UN2027309	u0061
train	UN2027309	u0062
train	UN2027309	u0063
train	UN2027309	u0064
train	UN2027309	u0065
train	UN2027309	u0066
train	UN2027309	u0067
train	UN2027309	u0068
train	UN2027309	u0069
train	UN2027309	u006A
train	UN2027309	u006B
train	UN2027309	u006C
train	UN2027309	u006D
train	UN2027309	u006E
train	UN2027309	u006F
train	UN2027309	u0070
train	UN2027309	u0071
train	UN2027309	u0072
train	UN2027309	u0073
train	UN2027309	u0074
train	UN2027309	u0075
train	UN2027309	u0076
train	UN2027309	u0077
train	UN2027309	u0078
train	UN2027309	u0079
train	UN2027309	u007A
train	UN2027309	u00E0
train	UN2027309	u00E1
train	UN2027309	u00E8
train	UN2027309	u00E9
train	UN2027309	u00EA
train	UN2027309	u00ED
train	UN2027309	u00F2
train	UN2027309	u00F3
train	UN2027309	u00F9
train	UN2027309	u00FA
train	UN2027309	u00FC
train	UN2027309	u0101
train	UN2027309	u0113
train	UN2027309	u011B
train	UN2027309	u012B
train	UN2027309	u0144
train	UN2027309	u0148
train	UN2027309	u014D
train	UN2027309	u016B
train	UN2027309	u01CE
train	UN2027309	u01D0
train	UN2027309	u01D2
train	UN2027309	u01D4
train	UN2027309	u01D6
train	UN2027309	u01D8
train	UN2027309	u01DA
train	UN2027309	u01DC
train	UN2027319	u0030
train	UN2027319	u0031
train	UN2027319	u0032
train	UN2027319	u0033
train	UN2027319	u0034
train	UN2027319	u0035
train	UN2027319	u0036
train	UN2027319	u0037
train	UN2027319	u0038
train	UN2027319	u0039
train	UN2027319	u0041
train	UN2027319	u0042
train	UN2027319	u0043
train	UN2027319	u0044
train	UN2027319	u0045
train	UN2027319	u0046
train	UN2027319	u0047
train	UN2027319	u0048
train	UN2027319	u0049
train	UN2027319	u004A
train	UN2027319	u004B
train	UN2027319	u004C
train	UN2027319	u004D
train	UN2027319	u004E
train	UN2027319	u004F
train	UN2027319	u0050
train	UN2027319	u0051
train	UN2027319	u0052
train	UN2027319	u0053
train	UN2027319	u0054
train	UN2027319	u0055
train	UN2027319	u0056
train	UN2027319	u0057
train	UN2027319	u0058
train	UN2027319	u0059
train	UN2027319	u005A
train	UN2027319	u0061
train	UN2027319	u0062
train	UN2027319	u0063
train	UN2027319	u0064
train	UN2027319	u0065
train	UN2027319	u0066
train	UN2027319	u0067
train	UN2027319	u0068
train	UN2027319	u0069
train	UN2027319	u006A
train	UN2027319	u006B
train	UN2027319	u006C
train	UN2027319	u006D
train	UN2027319	u006E
train	UN2027319	u006F
train	UN2027319	u0070
train	UN2027319	u0071
train	UN2027319	u0072
train	UN2027319	u0073
train	UN2027319	u0074
train	UN2027319	u0075
train	UN2027319	u0076
train	UN2027319	u0077
train	UN2027319	u0078
train	UN2027319	u0079
train	UN2027319	u007A
train	UN2027319	u00E0
train	UN2027319	u00E1
train	UN2027319	u00E8
train	UN2027319	u00E9
train	UN2027319	u00EA
train	UN2027319	u00ED
train	UN2027319	u00F2
train	UN2027319	u00F3
train	UN2027319	u00F9
train	UN2027319	u00FA
train	UN2027319	u00FC
train	UN2027319	u0101
train	UN2027319	u0113
train	UN2027319	u011B
train	UN2027319	u012B
train	UN2027319	u0144
train	UN2027319	u0148
train	UN2027319	u014D
train	UN2027319	u016B
train	UN2027319	u01CE
train	UN2027319	u01D0
train	UN2027319	u01D2
train	UN2027319	u01D4
train	UN2027319	u01D6
train	UN2027319	u01D8
train	UN2027319	u01DA
train	UN2027319	u01DC
train	UN2027319	u3041
train	UN2027319	u3042
train	UN2027319	u3043
train	UN2027319	u3044
train	UN2027319	u3045
train	UN2027319	u3046
train	UN2027319	u3047
train	UN2027319	u3048
train	UN2027319	u3049
train	UN2027319	u304A
train	UN2027319	u304B
train	UN2027319	u304C
train	UN2027319	u304D
train	UN2027319	u304E
train	UN2027319	u304F
train	UN2027319	u3050
train	UN2027319	u3051
train	UN2027319	u3052
train	UN2027319	u3053
train	UN2027319	u3054
train	UN2027319	u3055
train	UN2027319	u3056
train	UN2027319	u3057
train	UN2027319	u3058
train	UN2027319	u3059
train	UN2027319	u305A
train	UN2027319	u305B
train	UN2027319	u305C
train	UN2027319	u305D
train	UN2027319	u305E
train	UN2027319	u305F
train	UN2027319	u3060
train	UN2027319	u3061
train	UN2027319	u3062
train	UN2027319	u3063
train	UN2027319	u3064
train	UN2027319	u3065
train	UN2027319	u3066
train	UN2027319	u3067
train	UN2027319	u3068
train	UN2027319	u3069
train	UN2027319	u306A
train	UN2027319	u306B
train	UN2027319	u306C
train	UN2027319	u306D
train	UN2027319	u306E
train	UN2027319	u306F
train	UN2027319	u3070
train	UN2027319	u3071
train	UN2027319	u3072
train	UN2027319	u3073
train	UN2027319	u3074
train	UN2027319	u3075
train	UN2027319	u3076
train	UN2027319	u3077
train	UN2027319	u3078
train	UN2027319	u3079
train	UN2027319	u307A
train	UN2027319	u307B
train	UN2027319	u307C
train	UN2027319	u307D
train	UN2027319	u307E
train	UN2027319	u307F
train	UN2027319	u3080
train	UN2027319	u3081
train	UN2027319	u3082
train	UN2027319	u3083
train	UN2027319	u3084
train	UN2027319	u3085
train	UN2027319	u3086
train	UN2027319	u3087
train	UN2027319	u3088
train	UN2027319	u3089
train	UN2027319	u308A
train	UN2027319	u308B
train	UN2027319	u308C
train	UN2027319	u308D
train	UN2027319	u308E
train	UN2027319	u308F
train	UN2027319	u3090
train	UN2027319	u3091
train	UN2027319	u3092
train	UN2027319	u3093
train	UN2027319	u30A1
train	UN2027319	u30A2
train	UN2027319	u30A3
train	UN2027319	u30A4
train	UN2027319	u30A5
train	UN2027319	u30A6
train	UN2027319	u30A7
train	UN2027319	u30A8
train	UN2027319	u30A9
train	UN2027319	u30AA
train	UN2027319	u30AB
train	UN2027319	u30AC
train	UN2027319	u30AD
train	UN2027319	u30AE
train	UN2027319	u30AF
train	UN2027319	u30B0
train	UN2027319	u30B1
train	UN2027319	u30B2
train	UN2027319	u30B3
train	UN2027319	u30B4
train	UN2027319	u30B5
train	UN2027319	u30B6
train	UN2027319	u30B7
train	UN2027319	u30B8
train	UN2027319	u30B9
train	UN2027319	u30BA
train	UN2027319	u30BB
train	UN2027319	u30BC
train	UN2027319	u30BD
train	UN2027319	u30BE
train	UN2027319	u30BF
train	UN2027319	u30C0
train	UN2027319	u30C1
train	UN2027319	u30C2
train	UN2027319	u30C3
train	UN2027319	u30C4
train	UN2027319	u30C5
train	UN2027319	u30C6
train	UN2027319	u30C7
train	UN2027319	u30C8
train	UN2027319	u30C9
train	UN2027319	u30CA
train	UN2027319	u30CB
train	UN2027319	u30CC
train	UN2027319	u30CD
train	UN2027319	u30CE
train	UN2027319	u30CF
train	UN2027319	u30D0
train	UN2027319	u30D1
train	UN2027319	u30D2
train	UN2027319	u30D3
train	UN2027319	u30D4
train	UN2027319	u30D5
train	UN2027319	u30D6
train	UN2027319	u30D7
train	UN2027319	u30D8
train	UN2027319	u30D9
train	UN2027319	u30DA
train	UN2027319	u30DB
train	UN2027319	u30DC
train	UN2027319	u30DD
train	UN2027319	u30DE
train	UN2027319	u30DF
train	UN2027319	u30E0
train	UN2027319	u30E1
train	UN2027319	u30E2
train	UN2027319	u30E3
train	UN2027319	u30E4
train	UN2027319	u30E5
train	UN2027319	u30E6
train	UN2027319	u30E7
train	UN2027319	u30E8
train	UN2027319	u30E9
train	UN2027319	u30EA
train	UN2027319	u30EB
train	UN2027319	u30EC
train	UN2027319	u30ED
train	UN2027319	u30EE
train	UN2027319	u30EF
train	UN2027319	u30F0
train	UN2027319	u30F1
train	UN2027319	u30F2
train	UN2027319	u30F3
train	UN2027319	u30F4
train	UN2027319	u30F5
train	UN2027319	u30F6
train	UN2027319	u3105
train	UN2027319	u3106
train	UN2027319	u3107
train	UN2027319	u3108
train	UN2027319	u3109
train	UN2027319	u310A
train	UN2027319	u310B
train	UN2027319	u310C
train	UN2027319	u310D
train	UN2027319	u310E
train	UN2027319	u310F
train	UN2027319	u3110
train	UN2027319	u3111
train	UN2027319	u3112
train	UN2027319	u3113
train	UN2027319	u3114
train	UN2027319	u3115
train	UN2027319	u3116
train	UN2027319	u3117
train	UN2027319	u3118
train	UN2027319	u3119
train	UN2027319	u311A
train	UN2027319	u311B
train	UN2027319	u311C
train	UN2027319	u311D
train	UN2027319	u311E
train	UN2027319	u311F
train	UN2027319	u3120
train	UN2027319	u3121
train	UN2027319	u3122
train	UN2027319	u3123
train	UN2027319	u3124
train	UN2027319	u3125
train	UN2027319	u3126
train	UN2027319	u3127
train	UN2027319	u3128
train	UN2027319	u3129
train	UN2027329	u0030
train	UN2027329	u0031
train	UN2027329	u0032
train	UN2027329	u0033
train	UN2027329	u0034
train	UN2027329	u0035
train	UN2027329	u0036
train	UN2027329	u0037
train	UN2027329	u0038
train	UN2027329	u0039
train	UN2027329	u0041
train	UN2027329	u0042
train	UN2027329	u0043
train	UN2027329	u0044
train	UN2027329	u0045
train	UN2027329	u0046
train	UN2027329	u0047
train	UN2027329	u0048
train	UN2027329	u0049
train	UN2027329	u004A
train	UN2027329	u004B
train	UN2027329	u004C
train	UN2027329	u004D
train	UN2027329	u004E
train	UN2027329	u004F
train	UN2027329	u0050
train	UN2027329	u0051
train	UN2027329	u0052
train	UN2027329	u0053
train	UN2027329	u0054
train	UN2027329	u0055
train	UN2027329	u0056
train	UN2027329	u0057
train	UN2027329	u0058
train	UN2027329	u0059
train	UN2027329	u005A
train	UN2027329	u0061
train	UN2027329	u0062
train	UN2027329	u0063
train	UN2027329	u0064
train	UN2027329	u0065
train	UN2027329	u0066
train	UN2027329	u0067
train	UN2027329	u0068
train	UN2027329	u0069
train	UN2027329	u006A
train	UN2027329	u006B
train	UN2027329	u006C
train	UN2027329	u006D
train	UN2027329	u006E
train	UN2027329	u006F
train	UN2027329	u0070
train	UN2027329	u0071
train	UN2027329	u0072
train	UN2027329	u0073
train	UN2027329	u0074
train	UN2027329	u0075
train	UN2027329	u0076
train	UN2027329	u0077
train	UN2027329	u0078
train	UN2027329	u0079
train	UN2027329	u007A
train	UN2027329	u00E0
train	UN2027329	u00E1
train	UN2027329	u00E8
train	UN2027329	u00E9
train	UN2027329	u00EA
train	UN2027329	u00ED
train	UN2027329	u00F2
train	UN2027329	u00F3
train	UN2027329	u00F9
train	UN2027329	u00FA
train	UN2027329	u00FC
train	UN2027329	u0101
train	UN2027329	u0113
train	UN2027329	u011B
train	UN2027329	u012B
train	UN2027329	u0144
train	UN2027329	u0148
train	UN2027329	u014D
train	UN2027329	u016B
train	UN2027329	u01CE
train	UN2027329	u01D0
train	UN2027329	u01D2
train	UN2027329	u01D4
train	UN2027329	u01D6
train	UN2027329	u01D8
train	UN2027329	u01DA
train	UN2027329	u01DC
train	UN2027359	u0030
train	UN2027359	u0031
train	UN2027359	u0032
train	UN2027359	u0033
train	UN2027359	u0034
train	UN2027359	u0035
train	UN2027359	u0036
train	UN2027359	u0037
train	UN2027359	u0038
train	UN2027359	u0039
train	UN2027359	u0041
train	UN2027359	u0042
train	UN2027359	u0043
train	UN2027359	u0044
train	UN2027359	u0045
train	UN2027359	u0046
train	UN2027359	u0047
train	UN2027359	u0048
train	UN2027359	u0049
train	UN2027359	u004A
train	UN2027359	u004B
train	UN2027359	u004C
train	UN2027359	u004D
train	UN2027359	u004E
train	UN2027359	u004F
train	UN2027359	u0050
train	UN2027359	u0051
train	UN2027359	u0052
train	UN2027359	u0053
train	UN2027359	u0054
train	UN2027359	u0055
train	UN2027359	u0056
train	UN2027359	u0057
train	UN2027359	u0058
train	UN2027359	u0059
train	UN2027359	u005A
train	UN2027359	u0061
train	UN2027359	u0062
train	UN2027359	u0063
train	UN2027359	u0064
train	UN2027359	u0065
train	UN2027359	u0066
train	UN2027359	u0067
train	UN2027359	u0068
train	UN2027359	u0069
train	UN2027359	u006A
train	UN2027359	u006B
train	UN2027359	u006C
train	UN2027359	u006D
train	UN2027359	u006E
train	UN2027359	u006F
train	UN2027359	u0070
train	UN2027359	u0071
train	UN2027359	u0072
train	UN2027359	u0073
train	UN2027359	u0074
train	UN2027359	u0075
train	UN2027359	u0076
train	UN2027359	u0077
train	UN2027359	u0078
train	UN2027359	u0079
train	UN2027359	u007A
train	UN2027359	u00E0
train	UN2027359	u00E1
train	UN2027359	u00E8
train	UN2027359	u00E9
train	UN2027359	u00EA
train	UN2027359	u00ED
train	UN2027359	u00F2
train	UN2027359	u00F3
train	UN2027359	u00F9
train	UN2027359	u00FA
train	UN2027359	u00FC
train	UN2027359	u0101
train	UN2027359	u0113
train	UN2027359	u011B
train	UN2027359	u012B
train	UN2027359	u0144
train	UN2027359	u0148
train	UN2027359	u014D
train	UN2027359	u016B
train	UN2027359	u01CE
train	UN2027359	u01D0
train	UN2027359	u01D2
train	UN2027359	u01D4
train	UN2027359	u01D6
train	UN2027359	u01D8
train	UN2027359	u01DA
train	UN2027359	u01DC
train	UN2027359	u3041
train	UN2027359	u3042
train	UN2027359	u3043
train	UN2027359	u3044
train	UN2027359	u3045
train	UN2027359	u3046
train	UN2027359	u3047
train	UN2027359	u3048
train	UN2027359	u3049
train	UN2027359	u304A
train	UN2027359	u304B
train	UN2027359	u304C
train	UN2027359	u304D
train	UN2027359	u304E
train	UN2027359	u304F
train	UN2027359	u3050
train	UN2027359	u3051
train	UN2027359	u3052
train	UN2027359	u3053
train	UN2027359	u3054
train	UN2027359	u3055
train	UN2027359	u3056
train	UN2027359	u3057
train	UN2027359	u3058
train	UN2027359	u3059
train	UN2027359	u305A
train	UN2027359	u305B
train	UN2027359	u305C
train	UN2027359	u305D
train	UN2027359	u305E
train	UN2027359	u305F
train	UN2027359	u3060
train	UN2027359	u3061
train	UN2027359	u3062
train	UN2027359	u3063
train	UN2027359	u3064
train	UN2027359	u3065
train	UN2027359	u3066
train	UN2027359	u3067
train	UN2027359	u3068
train	UN2027359	u3069
train	UN2027359	u306A
train	UN2027359	u306B
train	UN2027359	u306C
train	UN2027359	u306D
train	UN2027359	u306E
train	UN2027359	u306F
train	UN2027359	u3070
train	UN2027359	u3071
train	UN2027359	u3072
train	UN2027359	u3073
train	UN2027359	u3074
train	UN2027359	u3075
train	UN2027359	u3076
train	UN2027359	u3077
train	UN2027359	u3078
train	UN2027359	u3079
train	UN2027359	u307A
train	UN2027359	u307B
train	UN2027359	u307C
train	UN2027359	u307D
train	UN2027359	u307E
train	UN2027359	u307F
train	UN2027359	u3080
train	UN2027359	u3081
train	UN2027359	u3082
train	UN2027359	u3083
train	UN2027359	u3084
train	UN2027359	u3085
train	UN2027359	u3086
train	UN2027359	u3087
train	UN2027359	u3088
train	UN2027359	u3089
train	UN2027359	u308A
train	UN2027359	u308B
train	UN2027359	u308C
train	UN2027359	u308D
train	UN2027359	u308E
train	UN2027359	u308F
train	UN2027359	u3090
train	UN2027359	u3091
train	UN2027359	u3092
train	UN2027359	u3093
train	UN2027359	u30A1
train	UN2027359	u30A2
train	UN2027359	u30A3
train	UN2027359	u30A4
train	UN2027359	u30A5
train	UN2027359	u30A6
train	UN2027359	u30A7
train	UN2027359	u30A8
train	UN2027359	u30A9
train	UN2027359	u30AA
train	UN2027359	u30AB
train	UN2027359	u30AC
train	UN2027359	u30AD
train	UN2027359	u30AE
train	UN2027359	u30AF
train	UN2027359	u30B0
train	UN2027359	u30B1
train	UN2027359	u30B2
train	UN2027359	u30B3
train	UN2027359	u30B4
train	UN2027359	u30B5
train	UN2027359	u30B6
train	UN2027359	u30B7
train	UN2027359	u30B8
train	UN2027359	u30B9
train	UN2027359	u30BA
train	UN2027359	u30BB
train	UN2027359	u30BC
train	UN2027359	u30BD
train	UN2027359	u30BE
train	UN2027359	u30BF
train	UN2027359	u30C0
train	UN2027359	u30C1
train	UN2027359	u30C2
train	UN2027359	u30C3
train	UN2027359	u30C4
train	UN2027359	u30C5
train	UN2027359	u30C6
train	UN2027359	u30C7
train	UN2027359	u30C8
train	UN2027359	u30C9
train	UN2027359	u30CA
train	UN2027359	u30CB
train	UN2027359	u30CC
train	UN2027359	u30CD
train	UN2027359	u30CE
train	UN2027359	u30CF
train	UN2027359	u30D0
train	UN2027359	u30D1
train	UN2027359	u30D2
train	UN2027359	u30D3
train	UN2027359	u30D4
train	UN2027359	u30D5
train	UN2027359	u30D6
train	UN2027359	u30D7
train	UN2027359	u30D8
train	UN2027359	u30D9
train	UN2027359	u30DA
train	UN2027359	u30DB
train	UN2027359	u30DC
train	UN2027359	u30DD
train	UN2027359	u30DE
train	UN2027359	u30DF
train	UN2027359	u30E0
train	UN2027359	u30E1
train	UN2027359	u30E2
train	UN2027359	u30E3
train	UN2027359	u30E4
train	UN2027359	u30E5
train	UN2027359	u30E6
train	UN2027359	u30E7
train	UN2027359	u30E8
train	UN2027359	u30E9
train	UN2027359	u30EA
train	UN2027359	u30EB
train	UN2027359	u30EC
train	UN2027359	u30ED
train	UN2027359	u30EE
train	UN2027359	u30EF
train	UN2027359	u30F0
train	UN2027359	u30F1
train	UN2027359	u30F2
train	UN2027359	u30F3
train	UN2027359	u30F4
train	UN2027359	u30F5
train	UN2027359	u30F6
train	UN2027359	u3105
train	UN2027359	u3106
train	UN2027359	u3107
train	UN2027359	u3108
train	UN2027359	u3109
train	UN2027359	u310A
train	UN2027359	u310B
train	UN2027359	u310C
train	UN2027359	u310D
train	UN2027359	u310E
train	UN2027359	u310F
train	UN2027359	u3110
train	UN2027359	u3111
train	UN2027359	u3112
train	UN2027359	u3113
train	UN2027359	u3114
train	UN2027359	u3115
train	UN2027359	u3116
train	UN2027359	u3117
train	UN2027359	u3118
train	UN2027359	u3119
train	UN2027359	u311A
train	UN2027359	u311B
train	UN2027359	u311C
train	UN2027359	u311D
train	UN2027359	u311E
train	UN2027359	u311F
train	UN2027359	u3120
train	UN2027359	u3121
train	UN2027359	u3122
train	UN2027359	u3123
train	UN2027359	u3124
train	UN2027359	u3125
train	UN2027359	u3126
train	UN2027359	u3127
train	UN2027359	u3128
train	UN2027359	u3129
train	UN2027363	u0030
train	UN2027363	u0031
train	UN2027363	u0032
train	UN2027363	u0033
train	UN2027363	u0034
train	UN2027363	u0035
train	UN2027363	u0036
train	UN2027363	u0037
train	UN2027363	u0038
train	UN2027363	u0039
train	UN2027363	u0041
train	UN2027363	u0042
train	UN2027363	u0043
train	UN2027363	u0044
train	UN2027363	u0045
train	UN2027363	u0046
train	UN2027363	u0047
train	UN2027363	u0048
train	UN2027363	u0049
train	UN2027363	u004A
train	UN2027363	u004B
train	UN2027363	u004C
train	UN2027363	u004D
train	UN2027363	u004E
train	UN2027363	u004F
train	UN2027363	u0050
train	UN2027363	u0051
train	UN2027363	u0052
train	UN2027363	u0053
train	UN2027363	u0054
train	UN2027363	u0055
train	UN2027363	u0056
train	UN2027363	u0057
train	UN2027363	u0058
train	UN2027363	u0059
train	UN2027363	u005A
train	UN2027363	u0061
train	UN2027363	u0062
train	UN2027363	u0063
train	UN2027363	u0064
train	UN2027363	u0065
train	UN2027363	u0066
train	UN2027363	u0067
train	UN2027363	u0068
train	UN2027363	u0069
train	UN2027363	u006A
train	UN2027363	u006B
train	UN2027363	u006C
train	UN2027363	u006D
train	UN2027363	u006E
train	UN2027363	u006F
train	UN2027363	u0070
train	UN2027363	u0071
train	UN2027363	u0072
train	UN2027363	u0073
train	UN2027363	u0074
train	UN2027363	u0075
train	UN2027363	u0076
train	UN2027363	u0077
train	UN2027363	u0078
train	UN2027363	u0079
train	UN2027363	u007A
train	UN2027363	u00E0
train	UN2027363	u00E1
train	UN2027363	u00E8
train	UN2027363	u00E9
train	UN2027363	u00EA
train	UN2027363	u00ED
train	UN2027363	u00F2
train	UN2027363	u00F3
train	UN2027363	u00F9
train	UN2027363	u00FA
train	UN2027363	u00FC
train	UN2027363	u0101
train	UN2027363	u0113
train	UN2027363	u011B
train	UN2027363	u012B
train	UN2027363	u0144
train	UN2027363	u0148
train	UN2027363	u014D
train	UN2027363	u016B
train	UN2027363	u01CE
train	UN2027363	u01D0
train	UN2027363	u01D2
train	UN2027363	u01D4
train	UN2027363	u01D6
train	UN2027363	u01D8
train	UN2027363	u01DA
train	UN2027363	u01DC
train	UN2027381	u0030
train	UN2027381	u0031
train	UN2027381	u0032
train	UN2027381	u0033
train	UN2027381	u0034
train	UN2027381	u0035
train	UN2027381	u0036
train	UN2027381	u0037
train	UN2027381	u0038
train	UN2027381	u0039
train	UN2027381	u0041
train	UN2027381	u0042
train	UN2027381	u0043
train	UN2027381	u0044
train	UN2027381	u0045
train	UN2027381	u0046
train	UN2027381	u0047
train	UN2027381	u0048
train	UN2027381	u0049
train	UN2027381	u004A
train	UN2027381	u004B
train	UN2027381	u004C
train	UN2027381	u004D
train	UN2027381	u004E
train	UN2027381	u004F
train	UN2027381	u0050
train	UN2027381	u0051
train	UN2027381	u0052
train	UN2027381	u0053
train	UN2027381	u0054
train	UN2027381	u0055
train	UN2027381	u0056
train	UN2027381	u0057
train	UN2027381	u0058
train	UN2027381	u0059
train	UN2027381	u005A
train	UN2027381	u0061
train	UN2027381	u0062
train	UN2027381	u0063
train	UN2027381	u0064
train	UN2027381	u0065
train	UN2027381	u0066
train	UN2027381	u0067
train	UN2027381	u0068
train	UN2027381	u0069
train	UN2027381	u006A
train	UN2027381	u006B
train	UN2027381	u006C
train	UN2027381	u006D
train	UN2027381	u006E
train	UN2027381	u006F
train	UN2027381	u0070
train	UN2027381	u0071
train	UN2027381	u0072
train	UN2027381	u0073
train	UN2027381	u0074
train	UN2027381	u0075
train	UN2027381	u0076
train	UN2027381	u0077
train	UN2027381	u0078
train	UN2027381	u0079
train	UN2027381	u007A
train	UN2027381	u00E0
train	UN2027381	u00E1
train	UN2027381	u00E8
train	UN2027381	u00E9
train	UN2027381	u00EA
train	UN2027381	u00ED
train	UN2027381	u00F2
train	UN2027381	u00F3
train	UN2027381	u00F9
train	UN2027381	u00FA
train	UN2027381	u00FC
train	UN2027381	u0101
train	UN2027381	u0113
train	UN2027381	u011B
train	UN2027381	u012B
train	UN2027381	u0144
train	UN2027381	u0148
train	UN2027381	u014D
train	UN2027381	u016B
train	UN2027381	u01CE
train	UN2027381	u01D0
train	UN2027381	u01D2
train	UN2027381	u01D4
train	UN2027381	u01D6
train	UN2027381	u01D8
train	UN2027381	u01DA
train	UN2027381	u01DC
train	UN2027390	u0030
train	UN2027390	u0031
train	UN2027390	u0032
train	UN2027390	u0033
train	UN2027390	u0034
train	UN2027390	u0035
train	UN2027390	u0036
train	UN2027390	u0037
train	UN2027390	u0038
train	UN2027390	u0039
train	UN2027390	u0041
train	UN2027390	u0042
train	UN2027390	u0043
train	UN2027390	u0044
train	UN2027390	u0045
train	UN2027390	u0046
train	UN2027390	u0047
train	UN2027390	u0048
train	UN2027390	u0049
train	UN2027390	u004A
train	UN2027390	u004B
train	UN2027390	u004C
train	UN2027390	u004D
train	UN2027390	u004E
train	UN2027390	u004F
train	UN2027390	u0050
train	UN2027390	u0051
train	UN2027390	u0052
train	UN2027390	u0053
train	UN2027390	u0054
train	UN2027390	u0055
train	UN2027390	u0056
train	UN2027390	u0057
train	UN2027390	u0058
train	UN2027390	u0059
train	UN2027390	u005A
train	UN2027390	u0061
train	UN2027390	u0062
train	UN2027390	u0063
train	UN2027390	u0064
train	UN2027390	u0065
train	UN2027390	u0066
train	UN2027390	u0067
train	UN2027390	u0068
train	UN2027390	u0069
train	UN2027390	u006A
train	UN2027390	u006B
train	UN2027390	u006C
train	UN2027390	u006D
train	UN2027390	u006E
train	UN2027390	u006F
train	UN2027390	u0070
train	UN2027390	u0071
train	UN2027390	u0072
train	UN2027390	u0073
train	UN2027390	u0074
train	UN2027390	u0075
train	UN2027390	u0076
train	UN2027390	u0077
train	UN2027390	u0078
train	UN2027390	u0079
train	UN2027390	u007A
train	UN2027390	u00E0
train	UN2027390	u00E1
train	UN2027390	u00E8
train	UN2027390	u00E9
train	UN2027390	u00EA
train	UN2027390	u00ED
train	UN2027390	u00F2
train	UN2027390	u00F3
train	UN2027390	u00F9
train	UN2027390	u00FA
train	UN2027390	u00FC
train	UN2027390	u0101
train	UN2027390	u0113
train	UN2027390	u011B
train	UN2027390	u012B
train	UN2027390	u0144
train	UN2027390	u0148
train	UN2027390	u014D
train	UN2027390	u016B
train	UN2027390	u01CE
train	UN2027390	u01D0
train	UN2027390	u01D2
train	UN2027390	u01D4
train	UN2027390	u01D6
train	UN2027390	u01D8
train	UN2027390	u01DA
train	UN2027390	u01DC
train	UN2027402	u0030
train	UN2027402	u0031
train	UN2027402	u0032
train	UN2027402	u0033
train	UN2027402	u0034
train	UN2027402	u0035
train	UN2027402	u0036
train	UN2027402	u0037
train	UN2027402	u0038
train	UN2027402	u0039
train	UN2027402	u0041
train	UN2027402	u0042
train	UN2027402	u0043
train	UN2027402	u0044
train	UN2027402	u0045
train	UN2027402	u0046
train	UN2027402	u0047
train	UN2027402	u0048
train	UN2027402	u0049
train	UN2027402	u004A
train	UN2027402	u004B
train	UN2027402	u004C
train	UN2027402	u004D
train	UN2027402	u004E
train	UN2027402	u004F
train	UN2027402	u0050
train	UN2027402	u0051
train	UN2027402	u0052
train	UN2027402	u0053
train	UN2027402	u0054
train	UN2027402	u0055
train	UN2027402	u0056
train	UN2027402	u0057
train	UN2027402	u0058
train	UN2027402	u0059
train	UN2027402	u005A
train	UN2027402	u0061
train	UN2027402	u0062
train	UN2027402	u0063
train	UN2027402	u0064
train	UN2027402	u0065
train	UN2027402	u0066
train	UN2027402	u0067
train	UN2027402	u0068
train	UN2027402	u0069
train	UN2027402	u006A
train	UN2027402	u006B
train	UN2027402	u006C
train	UN2027402	u006D
train	UN2027402	u006E
train	UN2027402	u006F
train	UN2027402	u0070
train	UN2027402	u0071
train	UN2027402	u0072
train	UN2027402	u0073
train	UN2027402	u0074
train	UN2027402	u0075
train	UN2027402	u0076
train	UN2027402	u0077
train	UN2027402	u0078
train	UN2027402	u0079
train	UN2027402	u007A
train	UN2027402	u00E0
train	UN2027402	u00E1
train	UN2027402	u00E8
train	UN2027402	u00E9
train	UN2027402	u00EA
train	UN2027402	u00ED
train	UN2027402	u00F2
train	UN2027402	u00F3
train	UN2027402	u00F9
train	UN2027402	u00FA
train	UN2027402	u00FC
train	UN2027402	u0101
train	UN2027402	u0113
train	UN2027402	u011B
train	UN2027402	u012B
train	UN2027402	u0144
train	UN2027402	u0148
train	UN2027402	u014D
train	UN2027402	u016B
train	UN2027402	u01CE
train	UN2027402	u01D0
train	UN2027402	u01D2
train	UN2027402	u01D4
train	UN2027402	u01D6
train	UN2027402	u01D8
train	UN2027402	u01DA
train	UN2027402	u01DC
train	UN2027402	u3041
train	UN2027402	u3042
train	UN2027402	u3043
train	UN2027402	u3044
train	UN2027402	u3045
train	UN2027402	u3046
train	UN2027402	u3047
train	UN2027402	u3048
train	UN2027402	u3049
train	UN2027402	u304A
train	UN2027402	u304B
train	UN2027402	u304C
train	UN2027402	u304D
train	UN2027402	u304E
train	UN2027402	u304F
train	UN2027402	u3050
train	UN2027402	u3051
train	UN2027402	u3052
train	UN2027402	u3053
train	UN2027402	u3054
train	UN2027402	u3055
train	UN2027402	u3056
train	UN2027402	u3057
train	UN2027402	u3058
train	UN2027402	u3059
train	UN2027402	u305A
train	UN2027402	u305B
train	UN2027402	u305C
train	UN2027402	u305D
train	UN2027402	u305E
train	UN2027402	u305F
train	UN2027402	u3060
train	UN2027402	u3061
train	UN2027402	u3062
train	UN2027402	u3063
train	UN2027402	u3064
train	UN2027402	u3065
train	UN2027402	u3066
train	UN2027402	u3067
train	UN2027402	u3068
train	UN2027402	u3069
train	UN2027402	u306A
train	UN2027402	u306B
train	UN2027402	u306C
train	UN2027402	u306D
train	UN2027402	u306E
train	UN2027402	u306F
train	UN2027402	u3070
train	UN2027402	u3071
train	UN2027402	u3072
train	UN2027402	u3073
train	UN2027402	u3074
train	UN2027402	u3075
train	UN2027402	u3076
train	UN2027402	u3077
train	UN2027402	u3078
train	UN2027402	u3079
train	UN2027402	u307A
train	UN2027402	u307B
train	UN2027402	u307C
train	UN2027402	u307D
train	UN2027402	u307E
train	UN2027402	u307F
train	UN2027402	u3080
train	UN2027402	u3081
train	UN2027402	u3082
train	UN2027402	u3083
train	UN2027402	u3084
train	UN2027402	u3085
train	UN2027402	u3086
train	UN2027402	u3087
train	UN2027402	u3088
train	UN2027402	u3089
train	UN2027402	u308A
train	UN2027402	u308B
train	UN2027402	u308C
train	UN2027402	u308D
train	UN2027402	u308E
train	UN2027402	u308F
train	UN2027402	u3090
train	UN2027402	u3091
train	UN2027402	u3092
train	UN2027402	u3093
train	UN2027402	u30A1
train	UN2027402	u30A2
train	UN2027402	u30A3
train	UN2027402	u30A4
train	UN2027402	u30A5
train	UN2027402	u30A6
train	UN2027402	u30A7
train	UN2027402	u30A8
train	UN2027402	u30A9
train	UN2027402	u30AA
train	UN2027402	u30AB
train	UN2027402	u30AC
train	UN2027402	u30AD
train	UN2027402	u30AE
train	UN2027402	u30AF
train	UN2027402	u30B0
train	UN2027402	u30B1
train	UN2027402	u30B2
train	UN2027402	u30B3
train	UN2027402	u30B4
train	UN2027402	u30B5
train	UN2027402	u30B6
train	UN2027402	u30B7
train	UN2027402	u30B8
train	UN2027402	u30B9
train	UN2027402	u30BA
train	UN2027402	u30BB
train	UN2027402	u30BC
train	UN2027402	u30BD
train	UN2027402	u30BE
train	UN2027402	u30BF
train	UN2027402	u30C0
train	UN2027402	u30C1
train	UN2027402	u30C2
train	UN2027402	u30C3
train	UN2027402	u30C4
train	UN2027402	u30C5
train	UN2027402	u30C6
train	UN2027402	u30C7
train	UN2027402	u30C8
train	UN2027402	u30C9
train	UN2027402	u30CA
train	UN2027402	u30CB
train	UN2027402	u30CC
train	UN2027402	u30CD
train	UN2027402	u30CE
train	UN2027402	u30CF
train	UN2027402	u30D0
train	UN2027402	u30D1
train	UN2027402	u30D2
train	UN2027402	u30D3
train	UN2027402	u30D4
train	UN2027402	u30D5
train	UN2027402	u30D6
train	UN2027402	u30D7
train	UN2027402	u30D8
train	UN2027402	u30D9
train	UN2027402	u30DA
train	UN2027402	u30DB
train	UN2027402	u30DC
train	UN2027402	u30DD
train	UN2027402	u30DE
train	UN2027402	u30DF
train	UN2027402	u30E0
train	UN2027402	u30E1
train	UN2027402	u30E2
train	UN2027402	u30E3
train	UN2027402	u30E4
train	UN2027402	u30E5
train	UN2027402	u30E6
train	UN2027402	u30E7
train	UN2027402	u30E8
train	UN2027402	u30E9
train	UN2027402	u30EA
train	UN2027402	u30EB
train	UN2027402	u30EC
train	UN2027402	u30ED
train	UN2027402	u30EE
train	UN2027402	u30EF
train	UN2027402	u30F0
train	UN2027402	u30F1
train	UN2027402	u30F2
train	UN2027402	u30F3
train	UN2027402	u30F4
train	UN2027402	u30F5
train	UN2027402	u30F6
train	UN2027402	u3105
train	UN2027402	u3106
train	UN2027402	u3107
train	UN2027402	u3108
train	UN2027402	u3109
train	UN2027402	u310A
train	UN2027402	u310B
train	UN2027402	u310C
train	UN2027402	u310D
train	UN2027402	u310E
train	UN2027402	u310F
train	UN2027402	u3110
train	UN2027402	u3111
train	UN2027402	u3112
train	UN2027402	u3113
train	UN2027402	u3114
train	UN2027402	u3115
train	UN2027402	u3116
train	UN2027402	u3117
train	UN2027402	u3118
train	UN2027402	u3119
train	UN2027402	u311A
train	UN2027402	u311B
train	UN2027402	u311C
train	UN2027402	u311D
train	UN2027402	u311E
train	UN2027402	u311F
train	UN2027402	u3120
train	UN2027402	u3121
train	UN2027402	u3122
train	UN2027402	u3123
train	UN2027402	u3124
train	UN2027402	u3125
train	UN2027402	u3126
train	UN2027402	u3127
train	UN2027402	u3128
train	UN2027402	u3129
train	UN2027405	u0030
train	UN2027405	u0031
train	UN2027405	u0032
train	UN2027405	u0033
train	UN2027405	u0034
train	UN2027405	u0035
train	UN2027405	u0036
train	UN2027405	u0037
train	UN2027405	u0038
train	UN2027405	u0039
train	UN2027405	u0041
train	UN2027405	u0042
train	UN2027405	u0043
train	UN2027405	u0044
train	UN2027405	u0045
train	UN2027405	u0046
train	UN2027405	u0047
train	UN2027405	u0048
train	UN2027405	u0049
train	UN2027405	u004A
train	UN2027405	u004B
train	UN2027405	u004C
train	UN2027405	u004D
train	UN2027405	u004E
train	UN2027405	u004F
train	UN2027405	u0050
train	UN2027405	u0051
train	UN2027405	u0052
train	UN2027405	u0053
train	UN2027405	u0054
train	UN2027405	u0055
train	UN2027405	u0056
train	UN2027405	u0057
train	UN2027405	u0058
train	UN2027405	u0059
train	UN2027405	u005A
train	UN2027405	u0061
train	UN2027405	u0062
train	UN2027405	u0063
train	UN2027405	u0064
train	UN2027405	u0065
train	UN2027405	u0066
train	UN2027405	u0067
train	UN2027405	u0068
train	UN2027405	u0069
train	UN2027405	u006A
train	UN2027405	u006B
train	UN2027405	u006C
train	UN2027405	u006D
train	UN2027405	u006E
train	UN2027405	u006F
train	UN2027405	u0070
train	UN2027405	u0071
train	UN2027405	u0072
train	UN2027405	u0073
train	UN2027405	u0074
train	UN2027405	u0075
train	UN2027405	u0076
train	UN2027405	u0077
train	UN2027405	u0078
train	UN2027405	u0079
train	UN2027405	u007A
train	UN2027405	u00E0
train	UN2027405	u00E1
train	UN2027405	u00E8
train	UN2027405	u00E9
train	UN2027405	u00EA
train	UN2027405	u00ED
train	UN2027405	u00F2
train	UN2027405	u00F3
train	UN2027405	u00F9
train	UN2027405	u00FA
train	UN2027405	u00FC
train	UN2027405	u0101
train	UN2027405	u0113
train	UN2027405	u011B
train	UN2027405	u012B
train	UN2027405	u0144
train	UN2027405	u0148
train	UN2027405	u014D
train	UN2027405	u016B
train	UN2027405	u01CE
train	UN2027405	u01D0
train	UN2027405	u01D2
train	UN2027405	u01D4
train	UN2027405	u01D6
train	UN2027405	u01D8
train	UN2027405	u01DA
train	UN2027405	u01DC
train	UN2027414	u0030
train	UN2027414	u0031
train	UN2027414	u0032
train	UN2027414	u0033
train	UN2027414	u0034
train	UN2027414	u0035
train	UN2027414	u0036
train	UN2027414	u0037
train	UN2027414	u0038
train	UN2027414	u0039
train	UN2027414	u0041
train	UN2027414	u0042
train	UN2027414	u0043
train	UN2027414	u0044
train	UN2027414	u0045
train	UN2027414	u0046
train	UN2027414	u0047
train	UN2027414	u0048
train	UN2027414	u0049
train	UN2027414	u004A
train	UN2027414	u004B
train	UN2027414	u004C
train	UN2027414	u004D
train	UN2027414	u004E
train	UN2027414	u004F
train	UN2027414	u0050
train	UN2027414	u0051
train	UN2027414	u0052
train	UN2027414	u0053
train	UN2027414	u0054
train	UN2027414	u0055
train	UN2027414	u0056
train	UN2027414	u0057
train	UN2027414	u0058
train	UN2027414	u0059
train	UN2027414	u005A
train	UN2027414	u0061
train	UN2027414	u0062
train	UN2027414	u0063
train	UN2027414	u0064
train	UN2027414	u0065
train	UN2027414	u0066
train	UN2027414	u0067
train	UN2027414	u0068
train	UN2027414	u0069
train	UN2027414	u006A
train	UN2027414	u006B
train	UN2027414	u006C
train	UN2027414	u006D
train	UN2027414	u006E
train	UN2027414	u006F
train	UN2027414	u0070
train	UN2027414	u0071
train	UN2027414	u0072
train	UN2027414	u0073
train	UN2027414	u0074
train	UN2027414	u0075
train	UN2027414	u0076
train	UN2027414	u0077
train	UN2027414	u0078
train	UN2027414	u0079
train	UN2027414	u007A
train	UN2027414	u00E0
train	UN2027414	u00E1
train	UN2027414	u00E8
train	UN2027414	u00E9
train	UN2027414	u00EA
train	UN2027414	u00ED
train	UN2027414	u00F2
train	UN2027414	u00F3
train	UN2027414	u00F9
train	UN2027414	u00FA
train	UN2027414	u00FC
train	UN2027414	u0101
train	UN2027414	u0113
train	UN2027414	u011B
train	UN2027414	u012B
train	UN2027414	u0144
train	UN2027414	u0148
train	UN2027414	u014D
train	UN2027414	u016B
train	UN2027414	u01CE
train	UN2027414	u01D0
train	UN2027414	u01D2
train	UN2027414	u01D4
train	UN2027414	u01D6
train	UN2027414	u01D8
train	UN2027414	u01DA
train	UN2027414	u01DC
train	UN2027427	u0030
train	UN2027427	u0031
train	UN2027427	u0032
train	UN2027427	u0033
train	UN2027427	u0034
train	UN2027427	u0035
train	UN2027427	u0036
train	UN2027427	u0037
train	UN2027427	u0038
train	UN2027427	u0039
train	UN2027427	u0041
train	UN2027427	u0042
train	UN2027427	u0043
train	UN2027427	u0044
train	UN2027427	u0045
train	UN2027427	u0046
train	UN2027427	u0047
train	UN2027427	u0048
train	UN2027427	u0049
train	UN2027427	u004A
train	UN2027427	u004B
train	UN2027427	u004C
train	UN2027427	u004D
train	UN2027427	u004E
train	UN2027427	u004F
train	UN2027427	u0050
train	UN2027427	u0051
train	UN2027427	u0052
train	UN2027427	u0053
train	UN2027427	u0054
train	UN2027427	u0055
train	UN2027427	u0056
train	UN2027427	u0057
train	UN2027427	u0058
train	UN2027427	u0059
train	UN2027427	u005A
train	UN2027427	u0061
train	UN2027427	u0062
train	UN2027427	u0063
train	UN2027427	u0064
train	UN2027427	u0065
train	UN2027427	u0066
train	UN2027427	u0067
train	UN2027427	u0068
train	UN2027427	u0069
train	UN2027427	u006A
train	UN2027427	u006B
train	UN2027427	u006C
train	UN2027427	u006D
train	UN2027427	u006E
train	UN2027427	u006F
train	UN2027427	u0070
train	UN2027427	u0071
train	UN2027427	u0072
train	UN2027427	u0073
train	UN2027427	u0074
train	UN2027427	u0075
train	UN2027427	u0076
train	UN2027427	u0077
train	UN2027427	u0078
train	UN2027427	u0079
train	UN2027427	u007A
train	UN2027427	u00E0
train	UN2027427	u00E1
train	UN2027427	u00E8
train	UN2027427	u00E9
train	UN2027427	u00EA
train	UN2027427	u00ED
train	UN2027427	u00F2
train	UN2027427	u00F3
train	UN2027427	u00F9
train	UN2027427	u00FA
train	UN2027427	u00FC
train	UN2027427	u0101
train	UN2027427	u0113
train	UN2027427	u011B
train	UN2027427	u012B
train	UN2027427	u0144
train	UN2027427	u0148
train	UN2027427	u014D
train	UN2027427	u016B
train	UN2027427	u01CE
train	UN2027427	u01D0
train	UN2027427	u01D2
train	UN2027427	u01D4
train	UN2027427	u01D6
train	UN2027427	u01D8
train	UN2027427	u01DA
train	UN2027427	u01DC
train	UN2027432	u0030
train	UN2027432	u0031
train	UN2027432	u0032
train	UN2027432	u0033
train	UN2027432	u0034
train	UN2027432	u0035
train	UN2027432	u0036
train	UN2027432	u0037
train	UN2027432	u0038
train	UN2027432	u0039
train	UN2027432	u0041
train	UN2027432	u0042
train	UN2027432	u0043
train	UN2027432	u0044
train	UN2027432	u0045
train	UN2027432	u0046
train	UN2027432	u0047
train	UN2027432	u0048
train	UN2027432	u0049
train	UN2027432	u004A
train	UN2027432	u004B
train	UN2027432	u004C
train	UN2027432	u004D
train	UN2027432	u004E
train	UN2027432	u004F
train	UN2027432	u0050
train	UN2027432	u0051
train	UN2027432	u0052
train	UN2027432	u0053
train	UN2027432	u0054
train	UN2027432	u0055
train	UN2027432	u0056
train	UN2027432	u0057
train	UN2027432	u0058
train	UN2027432	u0059
train	UN2027432	u005A
train	UN2027432	u0061
train	UN2027432	u0062
train	UN2027432	u0063
train	UN2027432	u0064
train	UN2027432	u0065
train	UN2027432	u0066
train	UN2027432	u0067
train	UN2027432	u0068
train	UN2027432	u0069
train	UN2027432	u006A
train	UN2027432	u006B
train	UN2027432	u006C
train	UN2027432	u006D
train	UN2027432	u006E
train	UN2027432	u006F
train	UN2027432	u0070
train	UN2027432	u0071
train	UN2027432	u0072
train	UN2027432	u0073
train	UN2027432	u0074
train	UN2027432	u0075
train	UN2027432	u0076
train	UN2027432	u0077
train	UN2027432	u0078
train	UN2027432	u0079
train	UN2027432	u007A
train	UN2027432	u00E0
train	UN2027432	u00E1
train	UN2027432	u00E8
train	UN2027432	u00E9
train	UN2027432	u00EA
train	UN2027432	u00ED
train	UN2027432	u00F2
train	UN2027432	u00F3
train	UN2027432	u00F9
train	UN2027432	u00FA
train	UN2027432	u00FC
train	UN2027432	u0101
train	UN2027432	u0113
train	UN2027432	u011B
train	UN2027432	u012B
train	UN2027432	u0144
train	UN2027432	u0148
train	UN2027432	u014D
train	UN2027432	u016B
train	UN2027432	u01CE
train	UN2027432	u01D0
train	UN2027432	u01D2
train	UN2027432	u01D4
train	UN2027432	u01D6
train	UN2027432	u01D8
train	UN2027432	u01DA
train	UN2027432	u01DC
train	UN2027432	u3041
train	UN2027432	u3042
train	UN2027432	u3043
train	UN2027432	u3044
train	UN2027432	u3045
train	UN2027432	u3046
train	UN2027432	u3047
train	UN2027432	u3048
train	UN2027432	u3049
train	UN2027432	u304A
train	UN2027432	u304B
train	UN2027432	u304C
train	UN2027432	u304D
train	UN2027432	u304E
train	UN2027432	u304F
train	UN2027432	u3050
train	UN2027432	u3051
train	UN2027432	u3052
train	UN2027432	u3053
train	UN2027432	u3054
train	UN2027432	u3055
train	UN2027432	u3056
train	UN2027432	u3057
train	UN2027432	u3058
train	UN2027432	u3059
train	UN2027432	u305A
train	UN2027432	u305B
train	UN2027432	u305C
train	UN2027432	u305D
train	UN2027432	u305E
train	UN2027432	u305F
train	UN2027432	u3060
train	UN2027432	u3061
train	UN2027432	u3062
train	UN2027432	u3063
train	UN2027432	u3064
train	UN2027432	u3065
train	UN2027432	u3066
train	UN2027432	u3067
train	UN2027432	u3068
train	UN2027432	u3069
train	UN2027432	u306A
train	UN2027432	u306B
train	UN2027432	u306C
train	UN2027432	u306D
train	UN2027432	u306E
train	UN2027432	u306F
train	UN2027432	u3070
train	UN2027432	u3071
train	UN2027432	u3072
train	UN2027432	u3073
train	UN2027432	u3074
train	UN2027432	u3075
train	UN2027432	u3076
train	UN2027432	u3077
train	UN2027432	u3078
train	UN2027432	u3079
train	UN2027432	u307A
train	UN2027432	u307B
train	UN2027432	u307C
train	UN2027432	u307D
train	UN2027432	u307E
train	UN2027432	u307F
train	UN2027432	u3080
train	UN2027432	u3081
train	UN2027432	u3082
train	UN2027432	u3083
train	UN2027432	u3084
train	UN2027432	u3085
train	UN2027432	u3086
train	UN2027432	u3087
train	UN2027432	u3088
train	UN2027432	u3089
train	UN2027432	u308A
train	UN2027432	u308B
train	UN2027432	u308C
train	UN2027432	u308D
train	UN2027432	u308E
train	UN2027432	u308F
train	UN2027432	u3090
train	UN2027432	u3091
train	UN2027432	u3092
train	UN2027432	u3093
train	UN2027432	u30A1
train	UN2027432	u30A2
train	UN2027432	u30A3
train	UN2027432	u30A4
train	UN2027432	u30A5
train	UN2027432	u30A6
train	UN2027432	u30A7
train	UN2027432	u30A8
train	UN2027432	u30A9
train	UN2027432	u30AA
train	UN2027432	u30AB
train	UN2027432	u30AC
train	UN2027432	u30AD
train	UN2027432	u30AE
train	UN2027432	u30AF
train	UN2027432	u30B0
train	UN2027432	u30B1
train	UN2027432	u30B2
train	UN2027432	u30B3
train	UN2027432	u30B4
train	UN2027432	u30B5
train	UN2027432	u30B6
train	UN2027432	u30B7
train	UN2027432	u30B8
train	UN2027432	u30B9
train	UN2027432	u30BA
train	UN2027432	u30BB
train	UN2027432	u30BC
train	UN2027432	u30BD
train	UN2027432	u30BE
train	UN2027432	u30BF
train	UN2027432	u30C0
train	UN2027432	u30C1
train	UN2027432	u30C2
train	UN2027432	u30C3
train	UN2027432	u30C4
train	UN2027432	u30C5
train	UN2027432	u30C6
train	UN2027432	u30C7
train	UN2027432	u30C8
train	UN2027432	u30C9
train	UN2027432	u30CA
train	UN2027432	u30CB
train	UN2027432	u30CC
train	UN2027432	u30CD
train	UN2027432	u30CE
train	UN2027432	u30CF
train	UN2027432	u30D0
train	UN2027432	u30D1
train	UN2027432	u30D2
train	UN2027432	u30D3
train	UN2027432	u30D4
train	UN2027432	u30D5
train	UN2027432	u30D6
train	UN2027432	u30D7
train	UN2027432	u30D8
train	UN2027432	u30D9
train	UN2027432	u30DA
train	UN2027432	u30DB
train	UN2027432	u30DC
train	UN2027432	u30DD
train	UN2027432	u30DE
train	UN2027432	u30DF
train	UN2027432	u30E0
train	UN2027432	u30E1
train	UN2027432	u30E2
train	UN2027432	u30E3
train	UN2027432	u30E4
train	UN2027432	u30E5
train	UN2027432	u30E6
train	UN2027432	u30E7
train	UN2027432	u30E8
train	UN2027432	u30E9
train	UN2027432	u30EA
train	UN2027432	u30EB
train	UN2027432	u30EC
train	UN2027432	u30ED
train	UN2027432	u30EE
train	UN2027432	u30EF
train	UN2027432	u30F0
train	UN2027432	u30F1
train	UN2027432	u30F2
train	UN2027432	u30F3
train	UN2027432	u30F4
train	UN2027432	u30F5
train	UN2027432	u30F6
train	UN2027432	u3105
train	UN2027432	u3106
train	UN2027432	u3107
train	UN2027432	u3108
train	UN2027432	u3109
train	UN2027432	u310A
train	UN2027432	u310B
train	UN2027432	u310C
train	UN2027432	u310D
train	UN2027432	u310E
train	UN2027432	u310F
train	UN2027432	u3110
train	UN2027432	u3111
train	UN2027432	u3112
train	UN2027432	u3113
train	UN2027432	u3114
train	UN2027432	u3115
train	UN2027432	u3116
train	UN2027432	u3117
train	UN2027432	u3118
train	UN2027432	u3119
train	UN2027432	u311A
train	UN2027432	u311B
train	UN2027432	u311C
train	UN2027432	u311D
train	UN2027432	u311E
train	UN2027432	u311F
train	UN2027432	u3120
train	UN2027432	u3121
train	UN2027432	u3122
train	UN2027432	u3123
train	UN2027432	u3124
train	UN2027432	u3125
train	UN2027432	u3126
train	UN2027432	u3127
train	UN2027432	u3128
train	UN2027432	u3129
train	UN2027445	u0030
train	UN2027445	u0031
train	UN2027445	u0032
train	UN2027445	u0033
train	UN2027445	u0034
train	UN2027445	u0035
train	UN2027445	u0036
train	UN2027445	u0037
train	UN2027445	u0038
train	UN2027445	u0039
train	UN2027445	u0041
train	UN2027445	u0042
train	UN2027445	u0043
train	UN2027445	u0044
train	UN2027445	u0045
train	UN2027445	u0046
train	UN2027445	u0047
train	UN2027445	u0048
train	UN2027445	u0049
train	UN2027445	u004A
train	UN2027445	u004B
train	UN2027445	u004C
train	UN2027445	u004D
train	UN2027445	u004E
train	UN2027445	u004F
train	UN2027445	u0050
train	UN2027445	u0051
train	UN2027445	u0052
train	UN2027445	u0053
train	UN2027445	u0054
train	UN2027445	u0055
train	UN2027445	u0056
train	UN2027445	u0057
train	UN2027445	u0058
train	UN2027445	u0059
train	UN2027445	u005A
train	UN2027445	u0061
train	UN2027445	u0062
train	UN2027445	u0063
train	UN2027445	u0064
train	UN2027445	u0065
train	UN2027445	u0066
train	UN2027445	u0067
train	UN2027445	u0068
train	UN2027445	u0069
train	UN2027445	u006A
train	UN2027445	u006B
train	UN2027445	u006C
train	UN2027445	u006D
train	UN2027445	u006E
train	UN2027445	u006F
train	UN2027445	u0070
train	UN2027445	u0071
train	UN2027445	u0072
train	UN2027445	u0073
train	UN2027445	u0074
train	UN2027445	u0075
train	UN2027445	u0076
train	UN2027445	u0077
train	UN2027445	u0078
train	UN2027445	u0079
train	UN2027445	u007A
train	UN2027445	u00E0
train	UN2027445	u00E1
train	UN2027445	u00E8
train	UN2027445	u00E9
train	UN2027445	u00EA
train	UN2027445	u00ED
train	UN2027445	u00F2
train	UN2027445	u00F3
train	UN2027445	u00F9
train	UN2027445	u00FA
train	UN2027445	u00FC
train	UN2027445	u0101
train	UN2027445	u0113
train	UN2027445	u011B
train	UN2027445	u012B
train	UN2027445	u0144
train	UN2027445	u0148
train	UN2027445	u014D
train	UN2027445	u016B
train	UN2027445	u01CE
train	UN2027445	u01D0
train	UN2027445	u01D2
train	UN2027445	u01D4
train	UN2027445	u01D6
train	UN2027445	u01D8
train	UN2027445	u01DA
train	UN2027445	u01DC
train	UN2027456	u0030
train	UN2027456	u0031
train	UN2027456	u0032
train	UN2027456	u0033
train	UN2027456	u0034
train	UN2027456	u0035
train	UN2027456	u0036
train	UN2027456	u0037
train	UN2027456	u0038
train	UN2027456	u0039
train	UN2027456	u0041
train	UN2027456	u0042
train	UN2027456	u0043
train	UN2027456	u0044
train	UN2027456	u0045
train	UN2027456	u0046
train	UN2027456	u0047
train	UN2027456	u0048
train	UN2027456	u0049
train	UN2027456	u004A
train	UN2027456	u004B
train	UN2027456	u004C
train	UN2027456	u004D
train	UN2027456	u004E
train	UN2027456	u004F
train	UN2027456	u0050
train	UN2027456	u0051
train	UN2027456	u0052
train	UN2027456	u0053
train	UN2027456	u0054
train	UN2027456	u0055
train	UN2027456	u0056
train	UN2027456	u0057
train	UN2027456	u0058
train	UN2027456	u0059
train	UN2027456	u005A
train	UN2027456	u0061
train	UN2027456	u0062
train	UN2027456	u0063
train	UN2027456	u0064
train	UN2027456	u0065
train	UN2027456	u0066
train	UN2027456	u0067
train	UN2027456	u0068
train	UN2027456	u0069
train	UN2027456	u006A
train	UN2027456	u006B
train	UN2027456	u006C
train	UN2027456	u006D
train	UN2027456	u006E
train	UN2027456	u006F
train	UN2027456	u0070
train	UN2027456	u0071
train	UN2027456	u0072
train	UN2027456	u0073
train	UN2027456	u0074
train	UN2027456	u0075
train	UN2027456	u0076
train	UN2027456	u0077
train	UN2027456	u0078
train	UN2027456	u0079
train	UN2027456	u007A
train	UN2027456	u00E0
train	UN2027456	u00E1
train	UN2027456	u00E8
train	UN2027456	u00E9
train	UN2027456	u00EA
train	UN2027456	u00ED
train	UN2027456	u00F2
train	UN2027456	u00F3
train	UN2027456	u00F9
train	UN2027456	u00FA
train	UN2027456	u00FC
train	UN2027456	u0101
train	UN2027456	u0113
train	UN2027456	u011B
train	UN2027456	u012B
train	UN2027456	u0144
train	UN2027456	u0148
train	UN2027456	u014D
train	UN2027456	u016B
train	UN2027456	u01CE
train	UN2027456	u01D0
train	UN2027456	u01D2
train	UN2027456	u01D4
train	UN2027456	u01D6
train	UN2027456	u01D8
train	UN2027456	u01DA
train	UN2027456	u01DC
train	UN2027458	u0030
train	UN2027458	u0031
train	UN2027458	u0032
train	UN2027458	u0033
train	UN2027458	u0034
train	UN2027458	u0035
train	UN2027458	u0036
train	UN2027458	u0037
train	UN2027458	u0038
train	UN2027458	u0039
train	UN2027458	u0041
train	UN2027458	u0042
train	UN2027458	u0043
train	UN2027458	u0044
train	UN2027458	u0045
train	UN2027458	u0046
train	UN2027458	u0047
train	UN2027458	u0048
train	UN2027458	u0049
train	UN2027458	u004A
train	UN2027458	u004B
train	UN2027458	u004C
train	UN2027458	u004D
train	UN2027458	u004E
train	UN2027458	u004F
train	UN2027458	u0050
train	UN2027458	u0051
train	UN2027458	u0052
train	UN2027458	u0053
train	UN2027458	u0054
train	UN2027458	u0055
train	UN2027458	u0056
train	UN2027458	u0057
train	UN2027458	u0058
train	UN2027458	u0059
train	UN2027458	u005A
train	UN2027458	u0061
train	UN2027458	u0062
train	UN2027458	u0063
train	UN2027458	u0064
train	UN2027458	u0065
train	UN2027458	u0066
train	UN2027458	u0067
train	UN2027458	u0068
train	UN2027458	u0069
train	UN2027458	u006A
train	UN2027458	u006B
train	UN2027458	u006C
train	UN2027458	u006D
train	UN2027458	u006E
train	UN2027458	u006F
train	UN2027458	u0070
train	UN2027458	u0071
train	UN2027458	u0072
train	UN2027458	u0073
train	UN2027458	u0074
train	UN2027458	u0075
train	UN2027458	u0076
train	UN2027458	u0077
train	UN2027458	u0078
train	UN2027458	u0079
train	UN2027458	u007A
train	UN2027458	u00E0
train	UN2027458	u00E1
train	UN2027458	u00E8
train	UN2027458	u00E9
train	UN2027458	u00EA
train	UN2027458	u00ED
train	UN2027458	u00F2
train	UN2027458	u00F3
train	UN2027458	u00F9
train	UN2027458	u00FA
train	UN2027458	u00FC
train	UN2027458	u0101
train	UN2027458	u0113
train	UN2027458	u011B
train	UN2027458	u012B
train	UN2027458	u0144
train	UN2027458	u0148
train	UN2027458	u014D
train	UN2027458	u016B
train	UN2027458	u01CE
train	UN2027458	u01D0
train	UN2027458	u01D2
train	UN2027458	u01D4
train	UN2027458	u01D6
train	UN2027458	u01D8
train	UN2027458	u01DA
train	UN2027458	u01DC
train	UN2027462	u0030
train	UN2027462	u0031
train	UN2027462	u0032
train	UN2027462	u0033
train	UN2027462	u0034
train	UN2027462	u0035
train	UN2027462	u0036
train	UN2027462	u0037
train	UN2027462	u0038
train	UN2027462	u0039
train	UN2027462	u0041
train	UN2027462	u0042
train	UN2027462	u0043
train	UN2027462	u0044
train	UN2027462	u0045
train	UN2027462	u0046
train	UN2027462	u0047
train	UN2027462	u0048
train	UN2027462	u0049
train	UN2027462	u004A
train	UN2027462	u004B
train	UN2027462	u004C
train	UN2027462	u004D
train	UN2027462	u004E
train	UN2027462	u004F
train	UN2027462	u0050
train	UN2027462	u0051
train	UN2027462	u0052
train	UN2027462	u0053
train	UN2027462	u0054
train	UN2027462	u0055
train	UN2027462	u0056
train	UN2027462	u0057
train	UN2027462	u0058
train	UN2027462	u0059
train	UN2027462	u005A
train	UN2027462	u0061
train	UN2027462	u0062
train	UN2027462	u0063
train	UN2027462	u0064
train	UN2027462	u0065
train	UN2027462	u0066
train	UN2027462	u0067
train	UN2027462	u0068
train	UN2027462	u0069
train	UN2027462	u006A
train	UN2027462	u006B
train	UN2027462	u006C
train	UN2027462	u006D
train	UN2027462	u006E
train	UN2027462	u006F
train	UN2027462	u0070
train	UN2027462	u0071
train	UN2027462	u0072
train	UN2027462	u0073
train	UN2027462	u0074
train	UN2027462	u0075
train	UN2027462	u0076
train	UN2027462	u0077
train	UN2027462	u0078
train	UN2027462	u0079
train	UN2027462	u007A
train	UN2027462	u00E0
train	UN2027462	u00E1
train	UN2027462	u00E8
train	UN2027462	u00E9
train	UN2027462	u00EA
train	UN2027462	u00ED
train	UN2027462	u00F2
train	UN2027462	u00F3
train	UN2027462	u00F9
train	UN2027462	u00FA
train	UN2027462	u00FC
train	UN2027462	u0101
train	UN2027462	u0113
train	UN2027462	u011B
train	UN2027462	u012B
train	UN2027462	u0144
train	UN2027462	u0148
train	UN2027462	u014D
train	UN2027462	u016B
train	UN2027462	u01CE
train	UN2027462	u01D0
train	UN2027462	u01D2
train	UN2027462	u01D4
train	UN2027462	u01D6
train	UN2027462	u01D8
train	UN2027462	u01DA
train	UN2027462	u01DC
train	UN2027463	u0030
train	UN2027463	u0031
train	UN2027463	u0032
train	UN2027463	u0033
train	UN2027463	u0034
train	UN2027463	u0035
train	UN2027463	u0036
train	UN2027463	u0037
train	UN2027463	u0038
train	UN2027463	u0039
train	UN2027463	u0041
train	UN2027463	u0042
train	UN2027463	u0043
train	UN2027463	u0044
train	UN2027463	u0045
train	UN2027463	u0046
train	UN2027463	u0047
train	UN2027463	u0048
train	UN2027463	u0049
train	UN2027463	u004A
train	UN2027463	u004B
train	UN2027463	u004C
train	UN2027463	u004D
train	UN2027463	u004E
train	UN2027463	u004F
train	UN2027463	u0050
train	UN2027463	u0051
train	UN2027463	u0052
train	UN2027463	u0053
train	UN2027463	u0054
train	UN2027463	u0055
train	UN2027463	u0056
train	UN2027463	u0057
train	UN2027463	u0058
train	UN2027463	u0059
train	UN2027463	u005A
train	UN2027463	u0061
train	UN2027463	u0062
train	UN2027463	u0063
train	UN2027463	u0064
train	UN2027463	u0065
train	UN2027463	u0066
train	UN2027463	u0067
train	UN2027463	u0068
train	UN2027463	u0069
train	UN2027463	u006A
train	UN2027463	u006B
train	UN2027463	u006C
train	UN2027463	u006D
train	UN2027463	u006E
train	UN2027463	u006F
train	UN2027463	u0070
train	UN2027463	u0071
train	UN2027463	u0072
train	UN2027463	u0073
train	UN2027463	u0074
train	UN2027463	u0075
train	UN2027463	u0076
train	UN2027463	u0077
train	UN2027463	u0078
train	UN2027463	u0079
train	UN2027463	u007A
train	UN2027463	u00E0
train	UN2027463	u00E1
train	UN2027463	u00E8
train	UN2027463	u00E9
train	UN2027463	u00EA
train	UN2027463	u00ED
train	UN2027463	u00F2
train	UN2027463	u00F3
train	UN2027463	u00F9
train	UN2027463	u00FA
train	UN2027463	u00FC
train	UN2027463	u0101
train	UN2027463	u0113
train	UN2027463	u011B
train	UN2027463	u012B
train	UN2027463	u0144
train	UN2027463	u0148
train	UN2027463	u014D
train	UN2027463	u016B
train	UN2027463	u01CE
train	UN2027463	u01D0
train	UN2027463	u01D2
train	UN2027463	u01D4
train	UN2027463	u01D6
train	UN2027463	u01D8
train	UN2027463	u01DA
train	UN2027463	u01DC
train	UN2027466	u0030
train	UN2027466	u0031
train	UN2027466	u0032
train	UN2027466	u0033
train	UN2027466	u0034
train	UN2027466	u0035
train	UN2027466	u0036
train	UN2027466	u0037
train	UN2027466	u0038
train	UN2027466	u0039
train	UN2027466	u0041
train	UN2027466	u0042
train	UN2027466	u0043
train	UN2027466	u0044
train	UN2027466	u0045
train	UN2027466	u0046
train	UN2027466	u0047
train	UN2027466	u0048
train	UN2027466	u0049
train	UN2027466	u004A
train	UN2027466	u004B
train	UN2027466	u004C
train	UN2027466	u004D
train	UN2027466	u004E
train	UN2027466	u004F
train	UN2027466	u0050
train	UN2027466	u0051
train	UN2027466	u0052
train	UN2027466	u0053
train	UN2027466	u0054
train	UN2027466	u0055
train	UN2027466	u0056
train	UN2027466	u0057
train	UN2027466	u0058
train	UN2027466	u0059
train	UN2027466	u005A
train	UN2027466	u0061
train	UN2027466	u0062
train	UN2027466	u0063
train	UN2027466	u0064
train	UN2027466	u0065
train	UN2027466	u0066
train	UN2027466	u0067
train	UN2027466	u0068
train	UN2027466	u0069
train	UN2027466	u006A
train	UN2027466	u006B
train	UN2027466	u006C
train	UN2027466	u006D
train	UN2027466	u006E
train	UN2027466	u006F
train	UN2027466	u0070
train	UN2027466	u0071
train	UN2027466	u0072
train	UN2027466	u0073
train	UN2027466	u0074
train	UN2027466	u0075
train	UN2027466	u0076
train	UN2027466	u0077
train	UN2027466	u0078
train	UN2027466	u0079
train	UN2027466	u007A
train	UN2027466	u00E0
train	UN2027466	u00E1
train	UN2027466	u00E8
train	UN2027466	u00E9
train	UN2027466	u00EA
train	UN2027466	u00ED
train	UN2027466	u00F2
train	UN2027466	u00F3
train	UN2027466	u00F9
train	UN2027466	u00FA
train	UN2027466	u00FC
train	UN2027466	u0101
train	UN2027466	u0113
train	UN2027466	u011B
train	UN2027466	u012B
train	UN2027466	u0144
train	UN2027466	u0148
train	UN2027466	u014D
train	UN2027466	u016B
train	UN2027466	u01CE
train	UN2027466	u01D0
train	UN2027466	u01D2
train	UN2027466	u01D4
train	UN2027466	u01D6
train	UN2027466	u01D8
train	UN2027466	u01DA
train	UN2027466	u01DC
train	UN2027489	u0030
train	UN2027489	u0031
train	UN2027489	u0032
train	UN2027489	u0033
train	UN2027489	u0034
train	UN2027489	u0035
train	UN2027489	u0036
train	UN2027489	u0037
train	UN2027489	u0038
train	UN2027489	u0039
train	UN2027489	u0041
train	UN2027489	u0042
train	UN2027489	u0043
train	UN2027489	u0044
train	UN2027489	u0045
train	UN2027489	u0046
train	UN2027489	u0047
train	UN2027489	u0048
train	UN2027489	u0049
train	UN2027489	u004A
train	UN2027489	u004B
train	UN2027489	u004C
train	UN2027489	u004D
train	UN2027489	u004E
train	UN2027489	u004F
train	UN2027489	u0050
train	UN2027489	u0051
train	UN2027489	u0052
train	UN2027489	u0053
train	UN2027489	u0054
train	UN2027489	u0055
train	UN2027489	u0056
train	UN2027489	u0057
train	UN2027489	u0058
train	UN2027489	u0059
train	UN2027489	u005A
train	UN2027489	u0061
train	UN2027489	u0062
train	UN2027489	u0063
train	UN2027489	u0064
train	UN2027489	u0065
train	UN2027489	u0066
train	UN2027489	u0067
train	UN2027489	u0068
train	UN2027489	u0069
train	UN2027489	u006A
train	UN2027489	u006B
train	UN2027489	u006C
train	UN2027489	u006D
train	UN2027489	u006E
train	UN2027489	u006F
train	UN2027489	u0070
train	UN2027489	u0071
train	UN2027489	u0072
train	UN2027489	u0073
train	UN2027489	u0074
train	UN2027489	u0075
train	UN2027489	u0076
train	UN2027489	u0077
train	UN2027489	u0078
train	UN2027489	u0079
train	UN2027489	u007A
train	UN2027502	u0030
train	UN2027502	u0031
train	UN2027502	u0032
train	UN2027502	u0033
train	UN2027502	u0034
train	UN2027502	u0035
train	UN2027502	u0036
train	UN2027502	u0037
train	UN2027502	u0038
train	UN2027502	u0039
train	UN2027502	u0041
train	UN2027502	u0042
train	UN2027502	u0043
train	UN2027502	u0044
train	UN2027502	u0045
train	UN2027502	u0046
train	UN2027502	u0047
train	UN2027502	u0048
train	UN2027502	u0049
train	UN2027502	u004A
train	UN2027502	u004B
train	UN2027502	u004C
train	UN2027502	u004D
train	UN2027502	u004E
train	UN2027502	u004F
train	UN2027502	u0050
train	UN2027502	u0051
train	UN2027502	u0052
train	UN2027502	u0053
train	UN2027502	u0054
train	UN2027502	u0055
train	UN2027502	u0056
train	UN2027502	u0057
train	UN2027502	u0058
train	UN2027502	u0059
train	UN2027502	u005A
train	UN2027502	u0061
train	UN2027502	u0062
train	UN2027502	u0063
train	UN2027502	u0064
train	UN2027502	u0065
train	UN2027502	u0066
train	UN2027502	u0067
train	UN2027502	u0068
train	UN2027502	u0069
train	UN2027502	u006A
train	UN2027502	u006B
train	UN2027502	u006C
train	UN2027502	u006D
train	UN2027502	u006E
train	UN2027502	u006F
train	UN2027502	u0070
train	UN2027502	u0071
train	UN2027502	u0072
train	UN2027502	u0073
train	UN2027502	u0074
train	UN2027502	u0075
train	UN2027502	u0076
train	UN2027502	u0077
train	UN2027502	u0078
train	UN2027502	u0079
train	UN2027502	u007A
train	UN2027502	u00E0
train	UN2027502	u00E1
train	UN2027502	u00E8
train	UN2027502	u00E9
train	UN2027502	u00EA
train	UN2027502	u00ED
train	UN2027502	u00F2
train	UN2027502	u00F3
train	UN2027502	u00F9
train	UN2027502	u00FA
train	UN2027502	u00FC
train	UN2027502	u0101
train	UN2027502	u0113
train	UN2027502	u011B
train	UN2027502	u012B
train	UN2027502	u0144
train	UN2027502	u0148
train	UN2027502	u014D
train	UN2027502	u016B
train	UN2027502	u01CE
train	UN2027502	u01D0
train	UN2027502	u01D2
train	UN2027502	u01D4
train	UN2027502	u01D6
train	UN2027502	u01D8
train	UN2027502	u01DA
train	UN2027502	u01DC
train	UN2027502	u3041
train	UN2027502	u3042
train	UN2027502	u3043
train	UN2027502	u3044
train	UN2027502	u3045
train	UN2027502	u3046
train	UN2027502	u3047
train	UN2027502	u3048
train	UN2027502	u3049
train	UN2027502	u304A
train	UN2027502	u304B
train	UN2027502	u304C
train	UN2027502	u304D
train	UN2027502	u304E
train	UN2027502	u304F
train	UN2027502	u3050
train	UN2027502	u3051
train	UN2027502	u3052
train	UN2027502	u3053
train	UN2027502	u3054
train	UN2027502	u3055
train	UN2027502	u3056
train	UN2027502	u3057
train	UN2027502	u3058
train	UN2027502	u3059
train	UN2027502	u305A
train	UN2027502	u305B
train	UN2027502	u305C
train	UN2027502	u305D
train	UN2027502	u305E
train	UN2027502	u305F
train	UN2027502	u3060
train	UN2027502	u3061
train	UN2027502	u3062
train	UN2027502	u3063
train	UN2027502	u3064
train	UN2027502	u3065
train	UN2027502	u3066
train	UN2027502	u3067
train	UN2027502	u3068
train	UN2027502	u3069
train	UN2027502	u306A
train	UN2027502	u306B
train	UN2027502	u306C
train	UN2027502	u306D
train	UN2027502	u306E
train	UN2027502	u306F
train	UN2027502	u3070
train	UN2027502	u3071
train	UN2027502	u3072
train	UN2027502	u3073
train	UN2027502	u3074
train	UN2027502	u3075
train	UN2027502	u3076
train	UN2027502	u3077
train	UN2027502	u3078
train	UN2027502	u3079
train	UN2027502	u307A
train	UN2027502	u307B
train	UN2027502	u307C
train	UN2027502	u307D
train	UN2027502	u307E
train	UN2027502	u307F
train	UN2027502	u3080
train	UN2027502	u3081
train	UN2027502	u3082
train	UN2027502	u3083
train	UN2027502	u3084
train	UN2027502	u3085
train	UN2027502	u3086
train	UN2027502	u3087
train	UN2027502	u3088
train	UN2027502	u3089
train	UN2027502	u308A
train	UN2027502	u308B
train	UN2027502	u308C
train	UN2027502	u308D
train	UN2027502	u308E
train	UN2027502	u308F
train	UN2027502	u3090
train	UN2027502	u3091
train	UN2027502	u3092
train	UN2027502	u3093
train	UN2027502	u30A1
train	UN2027502	u30A2
train	UN2027502	u30A3
train	UN2027502	u30A4
train	UN2027502	u30A5
train	UN2027502	u30A6
train	UN2027502	u30A7
train	UN2027502	u30A8
train	UN2027502	u30A9
train	UN2027502	u30AA
train	UN2027502	u30AB
train	UN2027502	u30AC
train	UN2027502	u30AD
train	UN2027502	u30AE
train	UN2027502	u30AF
train	UN2027502	u30B0
train	UN2027502	u30B1
train	UN2027502	u30B2
train	UN2027502	u30B3
train	UN2027502	u30B4
train	UN2027502	u30B5
train	UN2027502	u30B6
train	UN2027502	u30B7
train	UN2027502	u30B8
train	UN2027502	u30B9
train	UN2027502	u30BA
train	UN2027502	u30BB
train	UN2027502	u30BC
train	UN2027502	u30BD
train	UN2027502	u30BE
train	UN2027502	u30BF
train	UN2027502	u30C0
train	UN2027502	u30C1
train	UN2027502	u30C2
train	UN2027502	u30C3
train	UN2027502	u30C4
train	UN2027502	u30C5
train	UN2027502	u30C6
train	UN2027502	u30C7
train	UN2027502	u30C8
train	UN2027502	u30C9
train	UN2027502	u30CA
train	UN2027502	u30CB
train	UN2027502	u30CC
train	UN2027502	u30CD
train	UN2027502	u30CE
train	UN2027502	u30CF
train	UN2027502	u30D0
train	UN2027502	u30D1
train	UN2027502	u30D2
train	UN2027502	u30D3
train	UN2027502	u30D4
train	UN2027502	u30D5
train	UN2027502	u30D6
train	UN2027502	u30D7
train	UN2027502	u30D8
train	UN2027502	u30D9
train	UN2027502	u30DA
train	UN2027502	u30DB
train	UN2027502	u30DC
train	UN2027502	u30DD
train	UN2027502	u30DE
train	UN2027502	u30DF
train	UN2027502	u30E0
train	UN2027502	u30E1
train	UN2027502	u30E2
train	UN2027502	u30E3
train	UN2027502	u30E4
train	UN2027502	u30E5
train	UN2027502	u30E6
train	UN2027502	u30E7
train	UN2027502	u30E8
train	UN2027502	u30E9
train	UN2027502	u30EA
train	UN2027502	u30EB
train	UN2027502	u30EC
train	UN2027502	u30ED
train	UN2027502	u30EE
train	UN2027502	u30EF
train	UN2027502	u30F0
train	UN2027502	u30F1
train	UN2027502	u30F2
train	UN2027502	u30F3
train	UN2027502	u30F4
train	UN2027502	u30F5
train	UN2027502	u30F6
train	UN2027502	u3105
train	UN2027502	u3106
train	UN2027502	u3107
train	UN2027502	u3108
train	UN2027502	u3109
train	UN2027502	u310A
train	UN2027502	u310B
train	UN2027502	u310C
train	UN2027502	u310D
train	UN2027502	u310E
train	UN2027502	u310F
train	UN2027502	u3110
train	UN2027502	u3111
train	UN2027502	u3112
train	UN2027502	u3113
train	UN2027502	u3114
train	UN2027502	u3115
train	UN2027502	u3116
train	UN2027502	u3117
train	UN2027502	u3118
train	UN2027502	u3119
train	UN2027502	u311A
train	UN2027502	u311B
train	UN2027502	u311C
train	UN2027502	u311D
train	UN2027502	u311E
train	UN2027502	u311F
train	UN2027502	u3120
train	UN2027502	u3121
train	UN2027502	u3122
train	UN2027502	u3123
train	UN2027502	u3124
train	UN2027502	u3125
train	UN2027502	u3126
train	UN2027502	u3127
train	UN2027502	u3128
train	UN2027502	u3129
train	UN2027503	u0030
train	UN2027503	u0031
train	UN2027503	u0032
train	UN2027503	u0033
train	UN2027503	u0034
train	UN2027503	u0035
train	UN2027503	u0036
train	UN2027503	u0037
train	UN2027503	u0038
train	UN2027503	u0039
train	UN2027503	u0041
train	UN2027503	u0042
train	UN2027503	u0043
train	UN2027503	u0044
train	UN2027503	u0045
train	UN2027503	u0046
train	UN2027503	u0047
train	UN2027503	u0048
train	UN2027503	u0049
train	UN2027503	u004A
train	UN2027503	u004B
train	UN2027503	u004C
train	UN2027503	u004D
train	UN2027503	u004E
train	UN2027503	u004F
train	UN2027503	u0050
train	UN2027503	u0051
train	UN2027503	u0052
train	UN2027503	u0053
train	UN2027503	u0054
train	UN2027503	u0055
train	UN2027503	u0056
train	UN2027503	u0057
train	UN2027503	u0058
train	UN2027503	u0059
train	UN2027503	u005A
train	UN2027503	u0061
train	UN2027503	u0062
train	UN2027503	u0063
train	UN2027503	u0064
train	UN2027503	u0065
train	UN2027503	u0066
train	UN2027503	u0067
train	UN2027503	u0068
train	UN2027503	u0069
train	UN2027503	u006A
train	UN2027503	u006B
train	UN2027503	u006C
train	UN2027503	u006D
train	UN2027503	u006E
train	UN2027503	u006F
train	UN2027503	u0070
train	UN2027503	u0071
train	UN2027503	u0072
train	UN2027503	u0073
train	UN2027503	u0074
train	UN2027503	u0075
train	UN2027503	u0076
train	UN2027503	u0077
train	UN2027503	u0078
train	UN2027503	u0079
train	UN2027503	u007A
train	UN2027503	u00E0
train	UN2027503	u00E1
train	UN2027503	u00E8
train	UN2027503	u00E9
train	UN2027503	u00EA
train	UN2027503	u00ED
train	UN2027503	u00F2
train	UN2027503	u00F3
train	UN2027503	u00F9
train	UN2027503	u00FA
train	UN2027503	u00FC
train	UN2027503	u0101
train	UN2027503	u0113
train	UN2027503	u011B
train	UN2027503	u012B
train	UN2027503	u0144
train	UN2027503	u0148
train	UN2027503	u014D
train	UN2027503	u016B
train	UN2027503	u01CE
train	UN2027503	u01D0
train	UN2027503	u01D2
train	UN2027503	u01D4
train	UN2027503	u01D6
train	UN2027503	u01D8
train	UN2027503	u01DA
train	UN2027503	u01DC
train	UN2027509	u0030
train	UN2027509	u0031
train	UN2027509	u0032
train	UN2027509	u0033
train	UN2027509	u0034
train	UN2027509	u0035
train	UN2027509	u0036
train	UN2027509	u0037
train	UN2027509	u0038
train	UN2027509	u0039
train	UN2027509	u0041
train	UN2027509	u0042
train	UN2027509	u0043
train	UN2027509	u0044
train	UN2027509	u0045
train	UN2027509	u0046
train	UN2027509	u0047
train	UN2027509	u0048
train	UN2027509	u0049
train	UN2027509	u004A
train	UN2027509	u004B
train	UN2027509	u004C
train	UN2027509	u004D
train	UN2027509	u004E
train	UN2027509	u004F
train	UN2027509	u0050
train	UN2027509	u0051
train	UN2027509	u0052
train	UN2027509	u0053
train	UN2027509	u0054
train	UN2027509	u0055
train	UN2027509	u0056
train	UN2027509	u0057
train	UN2027509	u0058
train	UN2027509	u0059
train	UN2027509	u005A
train	UN2027509	u0061
train	UN2027509	u0062
train	UN2027509	u0063
train	UN2027509	u0064
train	UN2027509	u0065
train	UN2027509	u0066
train	UN2027509	u0067
train	UN2027509	u0068
train	UN2027509	u0069
train	UN2027509	u006A
train	UN2027509	u006B
train	UN2027509	u006C
train	UN2027509	u006D
train	UN2027509	u006E
train	UN2027509	u006F
train	UN2027509	u0070
train	UN2027509	u0071
train	UN2027509	u0072
train	UN2027509	u0073
train	UN2027509	u0074
train	UN2027509	u0075
train	UN2027509	u0076
train	UN2027509	u0077
train	UN2027509	u0078
train	UN2027509	u0079
train	UN2027509	u007A
train	UN2027509	u00E0
train	UN2027509	u00E1
train	UN2027509	u00E8
train	UN2027509	u00E9
train	UN2027509	u00EA
train	UN2027509	u00ED
train	UN2027509	u00F2
train	UN2027509	u00F3
train	UN2027509	u00F9
train	UN2027509	u00FA
train	UN2027509	u00FC
train	UN2027509	u0101
train	UN2027509	u0113
train	UN2027509	u011B
train	UN2027509	u012B
train	UN2027509	u0144
train	UN2027509	u0148
train	UN2027509	u014D
train	UN2027509	u016B
train	UN2027509	u01CE
train	UN2027509	u01D0
train	UN2027509	u01D2
train	UN2027509	u01D4
train	UN2027509	u01D6
train	UN2027509	u01D8
train	UN2027509	u01DA
train	UN2027509	u01DC
train	UN2027511	u0030
train	UN2027511	u0031
train	UN2027511	u0032
train	UN2027511	u0033
train	UN2027511	u0034
train	UN2027511	u0035
train	UN2027511	u0036
train	UN2027511	u0037
train	UN2027511	u0038
train	UN2027511	u0039
train	UN2027511	u0041
train	UN2027511	u0042
train	UN2027511	u0043
train	UN2027511	u0044
train	UN2027511	u0045
train	UN2027511	u0046
train	UN2027511	u0047
train	UN2027511	u0048
train	UN2027511	u0049
train	UN2027511	u004A
train	UN2027511	u004B
train	UN2027511	u004C
train	UN2027511	u004D
train	UN2027511	u004E
train	UN2027511	u004F
train	UN2027511	u0050
train	UN2027511	u0051
train	UN2027511	u0052
train	UN2027511	u0053
train	UN2027511	u0054
train	UN2027511	u0055
train	UN2027511	u0056
train	UN2027511	u0057
train	UN2027511	u0058
train	UN2027511	u0059
train	UN2027511	u005A
train	UN2027511	u0061
train	UN2027511	u0062
train	UN2027511	u0063
train	UN2027511	u0064
train	UN2027511	u0065
train	UN2027511	u0066
train	UN2027511	u0067
train	UN2027511	u0068
train	UN2027511	u0069
train	UN2027511	u006A
train	UN2027511	u006B
train	UN2027511	u006C
train	UN2027511	u006D
train	UN2027511	u006E
train	UN2027511	u006F
train	UN2027511	u0070
train	UN2027511	u0071
train	UN2027511	u0072
train	UN2027511	u0073
train	UN2027511	u0074
train	UN2027511	u0075
train	UN2027511	u0076
train	UN2027511	u0077
train	UN2027511	u0078
train	UN2027511	u0079
train	UN2027511	u007A
train	UN2027511	u00E0
train	UN2027511	u00E1
train	UN2027511	u00E8
train	UN2027511	u00E9
train	UN2027511	u00EA
train	UN2027511	u00ED
train	UN2027511	u00F2
train	UN2027511	u00F3
train	UN2027511	u00F9
train	UN2027511	u00FA
train	UN2027511	u00FC
train	UN2027511	u0101
train	UN2027511	u0113
train	UN2027511	u011B
train	UN2027511	u012B
train	UN2027511	u0144
train	UN2027511	u0148
train	UN2027511	u014D
train	UN2027511	u016B
train	UN2027511	u01CE
train	UN2027511	u01D0
train	UN2027511	u01D2
train	UN2027511	u01D4
train	UN2027511	u01D6
train	UN2027511	u01D8
train	UN2027511	u01DA
train	UN2027511	u01DC
train	UN2027511	u3041
train	UN2027511	u3042
train	UN2027511	u3043
train	UN2027511	u3044
train	UN2027511	u3045
train	UN2027511	u3046
train	UN2027511	u3047
train	UN2027511	u3048
train	UN2027511	u3049
train	UN2027511	u304A
train	UN2027511	u304B
train	UN2027511	u304C
train	UN2027511	u304D
train	UN2027511	u304E
train	UN2027511	u304F
train	UN2027511	u3050
train	UN2027511	u3051
train	UN2027511	u3052
train	UN2027511	u3053
train	UN2027511	u3054
train	UN2027511	u3055
train	UN2027511	u3056
train	UN2027511	u3057
train	UN2027511	u3058
train	UN2027511	u3059
train	UN2027511	u305A
train	UN2027511	u305B
train	UN2027511	u305C
train	UN2027511	u305D
train	UN2027511	u305E
train	UN2027511	u305F
train	UN2027511	u3060
train	UN2027511	u3061
train	UN2027511	u3062
train	UN2027511	u3063
train	UN2027511	u3064
train	UN2027511	u3065
train	UN2027511	u3066
train	UN2027511	u3067
train	UN2027511	u3068
train	UN2027511	u3069
train	UN2027511	u306A
train	UN2027511	u306B
train	UN2027511	u306C
train	UN2027511	u306D
train	UN2027511	u306E
train	UN2027511	u306F
train	UN2027511	u3070
train	UN2027511	u3071
train	UN2027511	u3072
train	UN2027511	u3073
train	UN2027511	u3074
train	UN2027511	u3075
train	UN2027511	u3076
train	UN2027511	u3077
train	UN2027511	u3078
train	UN2027511	u3079
train	UN2027511	u307A
train	UN2027511	u307B
train	UN2027511	u307C
train	UN2027511	u307D
train	UN2027511	u307E
train	UN2027511	u307F
train	UN2027511	u3080
train	UN2027511	u3081
train	UN2027511	u3082
train	UN2027511	u3083
train	UN2027511	u3084
train	UN2027511	u3085
train	UN2027511	u3086
train	UN2027511	u3087
train	UN2027511	u3088
train	UN2027511	u3089
train	UN2027511	u308A
train	UN2027511	u308B
train	UN2027511	u308C
train	UN2027511	u308D
train	UN2027511	u308E
train	UN2027511	u308F
train	UN2027511	u3090
train	UN2027511	u3091
train	UN2027511	u3092
train	UN2027511	u3093
train	UN2027511	u30A1
train	UN2027511	u30A2
train	UN2027511	u30A3
train	UN2027511	u30A4
train	UN2027511	u30A5
train	UN2027511	u30A6
train	UN2027511	u30A7
train	UN2027511	u30A8
train	UN2027511	u30A9
train	UN2027511	u30AA
train	UN2027511	u30AB
train	UN2027511	u30AC
train	UN2027511	u30AD
train	UN2027511	u30AE
train	UN2027511	u30AF
train	UN2027511	u30B0
train	UN2027511	u30B1
train	UN2027511	u30B2
train	UN2027511	u30B3
train	UN2027511	u30B4
train	UN2027511	u30B5
train	UN2027511	u30B6
train	UN2027511	u30B7
train	UN2027511	u30B8
train	UN2027511	u30B9
train	UN2027511	u30BA
train	UN2027511	u30BB
train	UN2027511	u30BC
train	UN2027511	u30BD
train	UN2027511	u30BE
train	UN2027511	u30BF
train	UN2027511	u30C0
train	UN2027511	u30C1
train	UN2027511	u30C2
train	UN2027511	u30C3
train	UN2027511	u30C4
train	UN2027511	u30C5
train	UN2027511	u30C6
train	UN2027511	u30C7
train	UN2027511	u30C8
train	UN2027511	u30C9
train	UN2027511	u30CA
train	UN2027511	u30CB
train	UN2027511	u30CC
train	UN2027511	u30CD
train	UN2027511	u30CE
train	UN2027511	u30CF
train	UN2027511	u30D0
train	UN2027511	u30D1
train	UN2027511	u30D2
train	UN2027511	u30D3
train	UN2027511	u30D4
train	UN2027511	u30D5
train	UN2027511	u30D6
train	UN2027511	u30D7
train	UN2027511	u30D8
train	UN2027511	u30D9
train	UN2027511	u30DA
train	UN2027511	u30DB
train	UN2027511	u30DC
train	UN2027511	u30DD
train	UN2027511	u30DE
train	UN2027511	u30DF
train	UN2027511	u30E0
train	UN2027511	u30E1
train	UN2027511	u30E2
train	UN2027511	u30E3
train	UN2027511	u30E4
train	UN2027511	u30E5
train	UN2027511	u30E6
train	UN2027511	u30E7
train	UN2027511	u30E8
train	UN2027511	u30E9
train	UN2027511	u30EA
train	UN2027511	u30EB
train	UN2027511	u30EC
train	UN2027511	u30ED
train	UN2027511	u30EE
train	UN2027511	u30EF
train	UN2027511	u30F0
train	UN2027511	u30F1
train	UN2027511	u30F2
train	UN2027511	u30F3
train	UN2027511	u30F4
train	UN2027511	u30F5
train	UN2027511	u30F6
train	UN2027511	u3105
train	UN2027511	u3106
train	UN2027511	u3107
train	UN2027511	u3108
train	UN2027511	u3109
train	UN2027511	u310A
train	UN2027511	u310B
train	UN2027511	u310C
train	UN2027511	u310D
train	UN2027511	u310E
train	UN2027511	u310F
train	UN2027511	u3110
train	UN2027511	u3111
train	UN2027511	u3112
train	UN2027511	u3113
train	UN2027511	u3114
train	UN2027511	u3115
train	UN2027511	u3116
train	UN2027511	u3117
train	UN2027511	u3118
train	UN2027511	u3119
train	UN2027511	u311A
train	UN2027511	u311B
train	UN2027511	u311C
train	UN2027511	u311D
train	UN2027511	u311E
train	UN2027511	u311F
train	UN2027511	u3120
train	UN2027511	u3121
train	UN2027511	u3122
train	UN2027511	u3123
train	UN2027511	u3124
train	UN2027511	u3125
train	UN2027511	u3126
train	UN2027511	u3127
train	UN2027511	u3128
train	UN2027511	u3129
train	UN2027556	u0030
train	UN2027556	u0031
train	UN2027556	u0032
train	UN2027556	u0033
train	UN2027556	u0034
train	UN2027556	u0035
train	UN2027556	u0036
train	UN2027556	u0037
train	UN2027556	u0038
train	UN2027556	u0039
train	UN2027556	u0041
train	UN2027556	u0042
train	UN2027556	u0043
train	UN2027556	u0044
train	UN2027556	u0045
train	UN2027556	u0046
train	UN2027556	u0047
train	UN2027556	u0048
train	UN2027556	u0049
train	UN2027556	u004A
train	UN2027556	u004B
train	UN2027556	u004C
train	UN2027556	u004D
train	UN2027556	u004E
train	UN2027556	u004F
train	UN2027556	u0050
train	UN2027556	u0051
train	UN2027556	u0052
train	UN2027556	u0053
train	UN2027556	u0054
train	UN2027556	u0055
train	UN2027556	u0056
train	UN2027556	u0057
train	UN2027556	u0058
train	UN2027556	u0059
train	UN2027556	u005A
train	UN2027556	u0061
train	UN2027556	u0062
train	UN2027556	u0063
train	UN2027556	u0064
train	UN2027556	u0065
train	UN2027556	u0066
train	UN2027556	u0067
train	UN2027556	u0068
train	UN2027556	u0069
train	UN2027556	u006A
train	UN2027556	u006B
train	UN2027556	u006C
train	UN2027556	u006D
train	UN2027556	u006E
train	UN2027556	u006F
train	UN2027556	u0070
train	UN2027556	u0071
train	UN2027556	u0072
train	UN2027556	u0073
train	UN2027556	u0074
train	UN2027556	u0075
train	UN2027556	u0076
train	UN2027556	u0077
train	UN2027556	u0078
train	UN2027556	u0079
train	UN2027556	u007A
train	UN2027556	u00E0
train	UN2027556	u00E1
train	UN2027556	u00E8
train	UN2027556	u00E9
train	UN2027556	u00EA
train	UN2027556	u00ED
train	UN2027556	u00F2
train	UN2027556	u00F3
train	UN2027556	u00F9
train	UN2027556	u00FA
train	UN2027556	u00FC
train	UN2027556	u0101
train	UN2027556	u0113
train	UN2027556	u011B
train	UN2027556	u012B
train	UN2027556	u0144
train	UN2027556	u0148
train	UN2027556	u014D
train	UN2027556	u016B
train	UN2027556	u01CE
train	UN2027556	u01D0
train	UN2027556	u01D2
train	UN2027556	u01D4
train	UN2027556	u01D6
train	UN2027556	u01D8
train	UN2027556	u01DA
train	UN2027556	u01DC
train	UN2027581	u0030
train	UN2027581	u0031
train	UN2027581	u0032
train	UN2027581	u0033
train	UN2027581	u0034
train	UN2027581	u0035
train	UN2027581	u0036
train	UN2027581	u0037
train	UN2027581	u0038
train	UN2027581	u0039
train	UN2027581	u0041
train	UN2027581	u0042
train	UN2027581	u0043
train	UN2027581	u0044
train	UN2027581	u0045
train	UN2027581	u0046
train	UN2027581	u0047
train	UN2027581	u0048
train	UN2027581	u0049
train	UN2027581	u004A
train	UN2027581	u004B
train	UN2027581	u004C
train	UN2027581	u004D
train	UN2027581	u004E
train	UN2027581	u004F
train	UN2027581	u0050
train	UN2027581	u0051
train	UN2027581	u0052
train	UN2027581	u0053
train	UN2027581	u0054
train	UN2027581	u0055
train	UN2027581	u0056
train	UN2027581	u0057
train	UN2027581	u0058
train	UN2027581	u0059
train	UN2027581	u005A
train	UN2027581	u0061
train	UN2027581	u0062
train	UN2027581	u0063
train	UN2027581	u0064
train	UN2027581	u0065
train	UN2027581	u0066
train	UN2027581	u0067
train	UN2027581	u0068
train	UN2027581	u0069
train	UN2027581	u006A
train	UN2027581	u006B
train	UN2027581	u006C
train	UN2027581	u006D
train	UN2027581	u006E
train	UN2027581	u006F
train	UN2027581	u0070
train	UN2027581	u0071
train	UN2027581	u0072
train	UN2027581	u0073
train	UN2027581	u0074
train	UN2027581	u0075
train	UN2027581	u0076
train	UN2027581	u0077
train	UN2027581	u0078
train	UN2027581	u0079
train	UN2027581	u007A
train	UN2027581	u00E0
train	UN2027581	u00E1
train	UN2027581	u00E8
train	UN2027581	u00E9
train	UN2027581	u00EA
train	UN2027581	u00ED
train	UN2027581	u00F2
train	UN2027581	u00F3
train	UN2027581	u00F9
train	UN2027581	u00FA
train	UN2027581	u00FC
train	UN2027581	u0101
train	UN2027581	u0113
train	UN2027581	u011B
train	UN2027581	u012B
train	UN2027581	u0144
train	UN2027581	u0148
train	UN2027581	u014D
train	UN2027581	u016B
train	UN2027581	u01CE
train	UN2027581	u01D0
train	UN2027581	u01D2
train	UN2027581	u01D4
train	UN2027581	u01D6
train	UN2027581	u01D8
train	UN2027581	u01DA
train	UN2027581	u01DC
train	UN2027605	u0030
train	UN2027605	u0031
train	UN2027605	u0032
train	UN2027605	u0033
train	UN2027605	u0034
train	UN2027605	u0035
train	UN2027605	u0036
train	UN2027605	u0037
train	UN2027605	u0038
train	UN2027605	u0039
train	UN2027605	u0041
train	UN2027605	u0042
train	UN2027605	u0043
train	UN2027605	u0044
train	UN2027605	u0045
train	UN2027605	u0046
train	UN2027605	u0047
train	UN2027605	u0048
train	UN2027605	u0049
train	UN2027605	u004A
train	UN2027605	u004B
train	UN2027605	u004C
train	UN2027605	u004D
train	UN2027605	u004E
train	UN2027605	u004F
train	UN2027605	u0050
train	UN2027605	u0051
train	UN2027605	u0052
train	UN2027605	u0053
train	UN2027605	u0054
train	UN2027605	u0055
train	UN2027605	u0056
train	UN2027605	u0057
train	UN2027605	u0058
train	UN2027605	u0059
train	UN2027605	u005A
train	UN2027605	u0061
train	UN2027605	u0062
train	UN2027605	u0063
train	UN2027605	u0064
train	UN2027605	u0065
train	UN2027605	u0066
train	UN2027605	u0067
train	UN2027605	u0068
train	UN2027605	u0069
train	UN2027605	u006A
train	UN2027605	u006B
train	UN2027605	u006C
train	UN2027605	u006D
train	UN2027605	u006E
train	UN2027605	u006F
train	UN2027605	u0070
train	UN2027605	u0071
train	UN2027605	u0072
train	UN2027605	u0073
train	UN2027605	u0074
train	UN2027605	u0075
train	UN2027605	u0076
train	UN2027605	u0077
train	UN2027605	u0078
train	UN2027605	u0079
train	UN2027605	u007A
train	UN2027605	u00E0
train	UN2027605	u00E1
train	UN2027605	u00E8
train	UN2027605	u00E9
train	UN2027605	u00EA
train	UN2027605	u00ED
train	UN2027605	u00F2
train	UN2027605	u00F3
train	UN2027605	u00F9
train	UN2027605	u00FA
train	UN2027605	u00FC
train	UN2027605	u0101
train	UN2027605	u0113
train	UN2027605	u011B
train	UN2027605	u012B
train	UN2027605	u0144
train	UN2027605	u0148
train	UN2027605	u014D
train	UN2027605	u016B
train	UN2027605	u01CE
train	UN2027605	u01D0
train	UN2027605	u01D2
train	UN2027605	u01D4
train	UN2027605	u01D6
train	UN2027605	u01D8
train	UN2027605	u01DA
train	UN2027605	u01DC
train	UN2027605	u3041
train	UN2027605	u3042
train	UN2027605	u3043
train	UN2027605	u3044
train	UN2027605	u3045
train	UN2027605	u3046
train	UN2027605	u3047
train	UN2027605	u3048
train	UN2027605	u3049
train	UN2027605	u304A
train	UN2027605	u304B
train	UN2027605	u304C
train	UN2027605	u304D
train	UN2027605	u304E
train	UN2027605	u304F
train	UN2027605	u3050
train	UN2027605	u3051
train	UN2027605	u3052
train	UN2027605	u3053
train	UN2027605	u3054
train	UN2027605	u3055
train	UN2027605	u3056
train	UN2027605	u3057
train	UN2027605	u3058
train	UN2027605	u3059
train	UN2027605	u305A
train	UN2027605	u305B
train	UN2027605	u305C
train	UN2027605	u305D
train	UN2027605	u305E
train	UN2027605	u305F
train	UN2027605	u3060
train	UN2027605	u3061
train	UN2027605	u3062
train	UN2027605	u3063
train	UN2027605	u3064
train	UN2027605	u3065
train	UN2027605	u3066
train	UN2027605	u3067
train	UN2027605	u3068
train	UN2027605	u3069
train	UN2027605	u306A
train	UN2027605	u306B
train	UN2027605	u306C
train	UN2027605	u306D
train	UN2027605	u306E
train	UN2027605	u306F
train	UN2027605	u3070
train	UN2027605	u3071
train	UN2027605	u3072
train	UN2027605	u3073
train	UN2027605	u3074
train	UN2027605	u3075
train	UN2027605	u3076
train	UN2027605	u3077
train	UN2027605	u3078
train	UN2027605	u3079
train	UN2027605	u307A
train	UN2027605	u307B
train	UN2027605	u307C
train	UN2027605	u307D
train	UN2027605	u307E
train	UN2027605	u307F
train	UN2027605	u3080
train	UN2027605	u3081
train	UN2027605	u3082
train	UN2027605	u3083
train	UN2027605	u3084
train	UN2027605	u3085
train	UN2027605	u3086
train	UN2027605	u3087
train	UN2027605	u3088
train	UN2027605	u3089
train	UN2027605	u308A
train	UN2027605	u308B
train	UN2027605	u308C
train	UN2027605	u308D
train	UN2027605	u308E
train	UN2027605	u308F
train	UN2027605	u3090
train	UN2027605	u3091
train	UN2027605	u3092
train	UN2027605	u3093
train	UN2027605	u30A1
train	UN2027605	u30A2
train	UN2027605	u30A3
train	UN2027605	u30A4
train	UN2027605	u30A5
train	UN2027605	u30A6
train	UN2027605	u30A7
train	UN2027605	u30A8
train	UN2027605	u30A9
train	UN2027605	u30AA
train	UN2027605	u30AB
train	UN2027605	u30AC
train	UN2027605	u30AD
train	UN2027605	u30AE
train	UN2027605	u30AF
train	UN2027605	u30B0
train	UN2027605	u30B1
train	UN2027605	u30B2
train	UN2027605	u30B3
train	UN2027605	u30B4
train	UN2027605	u30B5
train	UN2027605	u30B6
train	UN2027605	u30B7
train	UN2027605	u30B8
train	UN2027605	u30B9
train	UN2027605	u30BA
train	UN2027605	u30BB
train	UN2027605	u30BC
train	UN2027605	u30BD
train	UN2027605	u30BE
train	UN2027605	u30BF
train	UN2027605	u30C0
train	UN2027605	u30C1
train	UN2027605	u30C2
train	UN2027605	u30C3
train	UN2027605	u30C4
train	UN2027605	u30C5
train	UN2027605	u30C6
train	UN2027605	u30C7
train	UN2027605	u30C8
train	UN2027605	u30C9
train	UN2027605	u30CA
train	UN2027605	u30CB
train	UN2027605	u30CC
train	UN2027605	u30CD
train	UN2027605	u30CE
train	UN2027605	u30CF
train	UN2027605	u30D0
train	UN2027605	u30D1
train	UN2027605	u30D2
train	UN2027605	u30D3
train	UN2027605	u30D4
train	UN2027605	u30D5
train	UN2027605	u30D6
train	UN2027605	u30D7
train	UN2027605	u30D8
train	UN2027605	u30D9
train	UN2027605	u30DA
train	UN2027605	u30DB
train	UN2027605	u30DC
train	UN2027605	u30DD
train	UN2027605	u30DE
train	UN2027605	u30DF
train	UN2027605	u30E0
train	UN2027605	u30E1
train	UN2027605	u30E2
train	UN2027605	u30E3
train	UN2027605	u30E4
train	UN2027605	u30E5
train	UN2027605	u30E6
train	UN2027605	u30E7
train	UN2027605	u30E8
train	UN2027605	u30E9
train	UN2027605	u30EA
train	UN2027605	u30EB
train	UN2027605	u30EC
train	UN2027605	u30ED
train	UN2027605	u30EE
train	UN2027605	u30EF
train	UN2027605	u30F0
train	UN2027605	u30F1
train	UN2027605	u30F2
train	UN2027605	u30F3
train	UN2027605	u30F4
train	UN2027605	u30F5
train	UN2027605	u30F6
train	UN2027605	u3105
train	UN2027605	u3106
train	UN2027605	u3107
train	UN2027605	u3108
train	UN2027605	u3109
train	UN2027605	u310A
train	UN2027605	u310B
train	UN2027605	u310C
train	UN2027605	u310D
train	UN2027605	u310E
train	UN2027605	u310F
train	UN2027605	u3110
train	UN2027605	u3111
train	UN2027605	u3112
train	UN2027605	u3113
train	UN2027605	u3114
train	UN2027605	u3115
train	UN2027605	u3116
train	UN2027605	u3117
train	UN2027605	u3118
train	UN2027605	u3119
train	UN2027605	u311A
train	UN2027605	u311B
train	UN2027605	u311C
train	UN2027605	u311D
train	UN2027605	u311E
train	UN2027605	u311F
train	UN2027605	u3120
train	UN2027605	u3121
train	UN2027605	u3122
train	UN2027605	u3123
train	UN2027605	u3124
train	UN2027605	u3125
train	UN2027605	u3126
train	UN2027605	u3127
train	UN2027605	u3128
train	UN2027605	u3129
train	UN2027613	u0030
train	UN2027613	u0031
train	UN2027613	u0032
train	UN2027613	u0033
train	UN2027613	u0034
train	UN2027613	u0035
train	UN2027613	u0036
train	UN2027613	u0037
train	UN2027613	u0038
train	UN2027613	u0039
train	UN2027613	u0041
train	UN2027613	u0042
train	UN2027613	u0043
train	UN2027613	u0044
train	UN2027613	u0045
train	UN2027613	u0046
train	UN2027613	u0047
train	UN2027613	u0048
train	UN2027613	u0049
train	UN2027613	u004A
train	UN2027613	u004B
train	UN2027613	u004C
train	UN2027613	u004D
train	UN2027613	u004E
train	UN2027613	u004F
train	UN2027613	u0050
train	UN2027613	u0051
train	UN2027613	u0052
train	UN2027613	u0053
train	UN2027613	u0054
train	UN2027613	u0055
train	UN2027613	u0056
train	UN2027613	u0057
train	UN2027613	u0058
train	UN2027613	u0059
train	UN2027613	u005A
train	UN2027613	u0061
train	UN2027613	u0062
train	UN2027613	u0063
train	UN2027613	u0064
train	UN2027613	u0065
train	UN2027613	u0066
train	UN2027613	u0067
train	UN2027613	u0068
train	UN2027613	u0069
train	UN2027613	u006A
train	UN2027613	u006B
train	UN2027613	u006C
train	UN2027613	u006D
train	UN2027613	u006E
train	UN2027613	u006F
train	UN2027613	u0070
train	UN2027613	u0071
train	UN2027613	u0072
train	UN2027613	u0073
train	UN2027613	u0074
train	UN2027613	u0075
train	UN2027613	u0076
train	UN2027613	u0077
train	UN2027613	u0078
train	UN2027613	u0079
train	UN2027613	u007A
train	UN2027613	u00E0
train	UN2027613	u00E1
train	UN2027613	u00E8
train	UN2027613	u00E9
train	UN2027613	u00EA
train	UN2027613	u00ED
train	UN2027613	u00F2
train	UN2027613	u00F3
train	UN2027613	u00F9
train	UN2027613	u00FA
train	UN2027613	u00FC
train	UN2027613	u0101
train	UN2027613	u0113
train	UN2027613	u011B
train	UN2027613	u012B
train	UN2027613	u0144
train	UN2027613	u0148
train	UN2027613	u014D
train	UN2027613	u016B
train	UN2027613	u01CE
train	UN2027613	u01D0
train	UN2027613	u01D2
train	UN2027613	u01D4
train	UN2027613	u01D6
train	UN2027613	u01D8
train	UN2027613	u01DA
train	UN2027613	u01DC
train	UN2028013	u0030
train	UN2028013	u0031
train	UN2028013	u0032
train	UN2028013	u0033
train	UN2028013	u0034
train	UN2028013	u0035
train	UN2028013	u0036
train	UN2028013	u0037
train	UN2028013	u0038
train	UN2028013	u0039
train	UN2028013	u0041
train	UN2028013	u0042
train	UN2028013	u0043
train	UN2028013	u0044
train	UN2028013	u0045
train	UN2028013	u0046
train	UN2028013	u0047
train	UN2028013	u0048
train	UN2028013	u0049
train	UN2028013	u004A
train	UN2028013	u004B
train	UN2028013	u004C
train	UN2028013	u004D
train	UN2028013	u004E
train	UN2028013	u004F
train	UN2028013	u0050
train	UN2028013	u0051
train	UN2028013	u0052
train	UN2028013	u0053
train	UN2028013	u0054
train	UN2028013	u0055
train	UN2028013	u0056
train	UN2028013	u0057
train	UN2028013	u0058
train	UN2028013	u0059
train	UN2028013	u005A
train	UN2028013	u0061
train	UN2028013	u0062
train	UN2028013	u0063
train	UN2028013	u0064
train	UN2028013	u0065
train	UN2028013	u0066
train	UN2028013	u0067
train	UN2028013	u0068
train	UN2028013	u0069
train	UN2028013	u006A
train	UN2028013	u006B
train	UN2028013	u006C
train	UN2028013	u006D
train	UN2028013	u006E
train	UN2028013	u006F
train	UN2028013	u0070
train	UN2028013	u0071
train	UN2028013	u0072
train	UN2028013	u0073
train	UN2028013	u0074
train	UN2028013	u0075
train	UN2028013	u0076
train	UN2028013	u0077
train	UN2028013	u0078
train	UN2028013	u0079
train	UN2028013	u007A
train	UN2028013	u00E0
train	UN2028013	u00E1
train	UN2028013	u00E8
train	UN2028013	u00E9
train	UN2028013	u00EA
train	UN2028013	u00ED
train	UN2028013	u00F2
train	UN2028013	u00F3
train	UN2028013	u00F9
train	UN2028013	u00FA
train	UN2028013	u00FC
train	UN2028013	u0101
train	UN2028013	u0113
train	UN2028013	u011B
train	UN2028013	u012B
train	UN2028013	u0144
train	UN2028013	u0148
train	UN2028013	u014D
train	UN2028013	u016B
train	UN2028013	u01CE
train	UN2028013	u01D0
train	UN2028013	u01D2
train	UN2028013	u01D4
train	UN2028013	u01D6
train	UN2028013	u01D8
train	UN2028013	u01DA
train	UN2028013	u01DC
train	UN2028064	u0030
train	UN2028064	u0031
train	UN2028064	u0032
train	UN2028064	u0033
train	UN2028064	u0034
train	UN2028064	u0035
train	UN2028064	u0036
train	UN2028064	u0037
train	UN2028064	u0038
train	UN2028064	u0039
train	UN2028064	u0041
train	UN2028064	u0042
train	UN2028064	u0043
train	UN2028064	u0044
train	UN2028064	u0045
train	UN2028064	u0046
train	UN2028064	u0047
train	UN2028064	u0048
train	UN2028064	u0049
train	UN2028064	u004A
train	UN2028064	u004B
train	UN2028064	u004C
train	UN2028064	u004D
train	UN2028064	u004E
train	UN2028064	u004F
train	UN2028064	u0050
train	UN2028064	u0051
train	UN2028064	u0052
train	UN2028064	u0053
train	UN2028064	u0054
train	UN2028064	u0055
train	UN2028064	u0056
train	UN2028064	u0057
train	UN2028064	u0058
train	UN2028064	u0059
train	UN2028064	u005A
train	UN2028064	u0061
train	UN2028064	u0062
train	UN2028064	u0063
train	UN2028064	u0064
train	UN2028064	u0065
train	UN2028064	u0066
train	UN2028064	u0067
train	UN2028064	u0068
train	UN2028064	u0069
train	UN2028064	u006A
train	UN2028064	u006B
train	UN2028064	u006C
train	UN2028064	u006D
train	UN2028064	u006E
train	UN2028064	u006F
train	UN2028064	u0070
train	UN2028064	u0071
train	UN2028064	u0072
train	UN2028064	u0073
train	UN2028064	u0074
train	UN2028064	u0075
train	UN2028064	u0076
train	UN2028064	u0077
train	UN2028064	u0078
train	UN2028064	u0079
train	UN2028064	u007A
train	UN2028064	u00E0
train	UN2028064	u00E1
train	UN2028064	u00E8
train	UN2028064	u00E9
train	UN2028064	u00EA
train	UN2028064	u00ED
train	UN2028064	u00F2
train	UN2028064	u00F3
train	UN2028064	u00F9
train	UN2028064	u00FA
train	UN2028064	u00FC
train	UN2028064	u0101
train	UN2028064	u0113
train	UN2028064	u011B
train	UN2028064	u012B
train	UN2028064	u0144
train	UN2028064	u0148
train	UN2028064	u014D
train	UN2028064	u016B
train	UN2028064	u01CE
train	UN2028064	u01D0
train	UN2028064	u01D2
train	UN2028064	u01D4
train	UN2028064	u01D6
train	UN2028064	u01D8
train	UN2028064	u01DA
train	UN2028064	u01DC
train	UN2028065	u0030
train	UN2028065	u0031
train	UN2028065	u0032
train	UN2028065	u0033
train	UN2028065	u0034
train	UN2028065	u0035
train	UN2028065	u0036
train	UN2028065	u0037
train	UN2028065	u0038
train	UN2028065	u0039
train	UN2028065	u0041
train	UN2028065	u0042
train	UN2028065	u0043
train	UN2028065	u0044
train	UN2028065	u0045
train	UN2028065	u0046
train	UN2028065	u0047
train	UN2028065	u0048
train	UN2028065	u0049
train	UN2028065	u004A
train	UN2028065	u004B
train	UN2028065	u004C
train	UN2028065	u004D
train	UN2028065	u004E
train	UN2028065	u004F
train	UN2028065	u0050
train	UN2028065	u0051
train	UN2028065	u0052
train	UN2028065	u0053
train	UN2028065	u0054
train	UN2028065	u0055
train	UN2028065	u0056
train	UN2028065	u0057
train	UN2028065	u0058
train	UN2028065	u0059
train	UN2028065	u005A
train	UN2028065	u0061
train	UN2028065	u0062
train	UN2028065	u0063
train	UN2028065	u0064
train	UN2028065	u0065
train	UN2028065	u0066
train	UN2028065	u0067
train	UN2028065	u0068
train	UN2028065	u0069
train	UN2028065	u006A
train	UN2028065	u006B
train	UN2028065	u006C
train	UN2028065	u006D
train	UN2028065	u006E
train	UN2028065	u006F
train	UN2028065	u0070
train	UN2028065	u0071
train	UN2028065	u0072
train	UN2028065	u0073
train	UN2028065	u0074
train	UN2028065	u0075
train	UN2028065	u0076
train	UN2028065	u0077
train	UN2028065	u0078
train	UN2028065	u0079
train	UN2028065	u007A
train	UN2028085	u0030
train	UN2028085	u0031
train	UN2028085	u0032
train	UN2028085	u0033
train	UN2028085	u0034
train	UN2028085	u0035
train	UN2028085	u0036
train	UN2028085	u0037
train	UN2028085	u0038
train	UN2028085	u0039
train	UN2028085	u0041
train	UN2028085	u0042
train	UN2028085	u0043
train	UN2028085	u0044
train	UN2028085	u0045
train	UN2028085	u0046
train	UN2028085	u0047
train	UN2028085	u0048
train	UN2028085	u0049
train	UN2028085	u004A
train	UN2028085	u004B
train	UN2028085	u004C
train	UN2028085	u004D
train	UN2028085	u004E
train	UN2028085	u004F
train	UN2028085	u0050
train	UN2028085	u0051
train	UN2028085	u0052
train	UN2028085	u0053
train	UN2028085	u0054
train	UN2028085	u0055
train	UN2028085	u0056
train	UN2028085	u0057
train	UN2028085	u0058
train	UN2028085	u0059
train	UN2028085	u005A
train	UN2028085	u0061
train	UN2028085	u0062
train	UN2028085	u0063
train	UN2028085	u0064
train	UN2028085	u0065
train	UN2028085	u0066
train	UN2028085	u0067
train	UN2028085	u0068
train	UN2028085	u0069
train	UN2028085	u006A
train	UN2028085	u006B
train	UN2028085	u006C
train	UN2028085	u006D
train	UN2028085	u006E
train	UN2028085	u006F
train	UN2028085	u0070
train	UN2028085	u0071
train	UN2028085	u0072
train	UN2028085	u0073
train	UN2028085	u0074
train	UN2028085	u0075
train	UN2028085	u0076
train	UN2028085	u0077
train	UN2028085	u0078
train	UN2028085	u0079
train	UN2028085	u007A
train	UN2028085	u00E0
train	UN2028085	u00E1
train	UN2028085	u00E8
train	UN2028085	u00E9
train	UN2028085	u00EA
train	UN2028085	u00ED
train	UN2028085	u00F2
train	UN2028085	u00F3
train	UN2028085	u00F9
train	UN2028085	u00FA
train	UN2028085	u00FC
train	UN2028085	u0101
train	UN2028085	u0113
train	UN2028085	u011B
train	UN2028085	u012B
train	UN2028085	u0144
train	UN2028085	u0148
train	UN2028085	u014D
train	UN2028085	u016B
train	UN2028085	u01CE
train	UN2028085	u01D0
train	UN2028085	u01D2
train	UN2028085	u01D4
train	UN2028085	u01D6
train	UN2028085	u01D8
train	UN2028085	u01DA
train	UN2028085	u01DC
train	UN2028125	u0030
train	UN2028125	u0031
train	UN2028125	u0032
train	UN2028125	u0033
train	UN2028125	u0034
train	UN2028125	u0035
train	UN2028125	u0036
train	UN2028125	u0037
train	UN2028125	u0038
train	UN2028125	u0039
train	UN2028125	u0041
train	UN2028125	u0042
train	UN2028125	u0043
train	UN2028125	u0044
train	UN2028125	u0045
train	UN2028125	u0046
train	UN2028125	u0047
train	UN2028125	u0048
train	UN2028125	u0049
train	UN2028125	u004A
train	UN2028125	u004B
train	UN2028125	u004C
train	UN2028125	u004D
train	UN2028125	u004E
train	UN2028125	u004F
train	UN2028125	u0050
train	UN2028125	u0051
train	UN2028125	u0052
train	UN2028125	u0053
train	UN2028125	u0054
train	UN2028125	u0055
train	UN2028125	u0056
train	UN2028125	u0057
train	UN2028125	u0058
train	UN2028125	u0059
train	UN2028125	u005A
train	UN2028125	u0061
train	UN2028125	u0062
train	UN2028125	u0063
train	UN2028125	u0064
train	UN2028125	u0065
train	UN2028125	u0066
train	UN2028125	u0067
train	UN2028125	u0068
train	UN2028125	u0069
train	UN2028125	u006A
train	UN2028125	u006B
train	UN2028125	u006C
train	UN2028125	u006D
train	UN2028125	u006E
train	UN2028125	u006F
train	UN2028125	u0070
train	UN2028125	u0071
train	UN2028125	u0072
train	UN2028125	u0073
train	UN2028125	u0074
train	UN2028125	u0075
train	UN2028125	u0076
train	UN2028125	u0077
train	UN2028125	u0078
train	UN2028125	u0079
train	UN2028125	u007A
train	UN2028143	u0030
train	UN2028143	u0031
train	UN2028143	u0032
train	UN2028143	u0033
train	UN2028143	u0034
train	UN2028143	u0035
train	UN2028143	u0036
train	UN2028143	u0037
train	UN2028143	u0038
train	UN2028143	u0039
train	UN2028143	u0041
train	UN2028143	u0042
train	UN2028143	u0043
train	UN2028143	u0044
train	UN2028143	u0045
train	UN2028143	u0046
train	UN2028143	u0047
train	UN2028143	u0048
train	UN2028143	u0049
train	UN2028143	u004A
train	UN2028143	u004B
train	UN2028143	u004C
train	UN2028143	u004D
train	UN2028143	u004E
train	UN2028143	u004F
train	UN2028143	u0050
train	UN2028143	u0051
train	UN2028143	u0052
train	UN2028143	u0053
train	UN2028143	u0054
train	UN2028143	u0055
train	UN2028143	u0056
train	UN2028143	u0057
train	UN2028143	u0058
train	UN2028143	u0059
train	UN2028143	u005A
train	UN2028143	u0061
train	UN2028143	u0062
train	UN2028143	u0063
train	UN2028143	u0064
train	UN2028143	u0065
train	UN2028143	u0066
train	UN2028143	u0067
train	UN2028143	u0068
train	UN2028143	u0069
train	UN2028143	u006A
train	UN2028143	u006B
train	UN2028143	u006C
train	UN2028143	u006D
train	UN2028143	u006E
train	UN2028143	u006F
train	UN2028143	u0070
train	UN2028143	u0071
train	UN2028143	u0072
train	UN2028143	u0073
train	UN2028143	u0074
train	UN2028143	u0075
train	UN2028143	u0076
train	UN2028143	u0077
train	UN2028143	u0078
train	UN2028143	u0079
train	UN2028143	u007A
train	UN2028191	u0030
train	UN2028191	u0031
train	UN2028191	u0032
train	UN2028191	u0033
train	UN2028191	u0034
train	UN2028191	u0035
train	UN2028191	u0036
train	UN2028191	u0037
train	UN2028191	u0038
train	UN2028191	u0039
train	UN2028191	u0041
train	UN2028191	u0042
train	UN2028191	u0043
train	UN2028191	u0044
train	UN2028191	u0045
train	UN2028191	u0046
train	UN2028191	u0047
train	UN2028191	u0048
train	UN2028191	u0049
train	UN2028191	u004A
train	UN2028191	u004B
train	UN2028191	u004C
train	UN2028191	u004D
train	UN2028191	u004E
train	UN2028191	u004F
train	UN2028191	u0050
train	UN2028191	u0051
train	UN2028191	u0052
train	UN2028191	u0053
train	UN2028191	u0054
train	UN2028191	u0055
train	UN2028191	u0056
train	UN2028191	u0057
train	UN2028191	u0058
train	UN2028191	u0059
train	UN2028191	u005A
train	UN2028191	u0061
train	UN2028191	u0062
train	UN2028191	u0063
train	UN2028191	u0064
train	UN2028191	u0065
train	UN2028191	u0066
train	UN2028191	u0067
train	UN2028191	u0068
train	UN2028191	u0069
train	UN2028191	u006A
train	UN2028191	u006B
train	UN2028191	u006C
train	UN2028191	u006D
train	UN2028191	u006E
train	UN2028191	u006F
train	UN2028191	u0070
train	UN2028191	u0071
train	UN2028191	u0072
train	UN2028191	u0073
train	UN2028191	u0074
train	UN2028191	u0075
train	UN2028191	u0076
train	UN2028191	u0077
train	UN2028191	u0078
train	UN2028191	u0079
train	UN2028191	u007A
train	UN2028191	u00E0
train	UN2028191	u00E1
train	UN2028191	u00E8
train	UN2028191	u00E9
train	UN2028191	u00EA
train	UN2028191	u00ED
train	UN2028191	u00F2
train	UN2028191	u00F3
train	UN2028191	u00F9
train	UN2028191	u00FA
train	UN2028191	u00FC
train	UN2028191	u0101
train	UN2028191	u0113
train	UN2028191	u011B
train	UN2028191	u012B
train	UN2028191	u0144
train	UN2028191	u0148
train	UN2028191	u014D
train	UN2028191	u016B
train	UN2028191	u01CE
train	UN2028191	u01D0
train	UN2028191	u01D2
train	UN2028191	u01D4
train	UN2028191	u01D6
train	UN2028191	u01D8
train	UN2028191	u01DA
train	UN2028191	u01DC
