evaluator,font,cp,script,split,rho,tau,valid,difficulty_score,comparable_chars,total_chars,difficulty
R1_cosine,FZBuGTJW,u0030,western,test,0.9486832981,0.9128709292,True,0.5,89,89,medium
R1_cosine,FZBuGTJW,u0031,western,test,0.9486832981,0.9128709292,True,0.5,89,89,medium
R1_cosine,FZBuGTJW,u0032,western,test,0.632455532,0.5477225575,True,0.5,89,89,medium
R1_cosine,FZBuGTJW,u0033,western,test,0.9486832981,0.9128709292,True,0.5,89,89,medium
R1_cosine,FZBuGTJW,u0034,western,test,0.9486832981,0.9128709292,True,0.5,89,89,medium
R1_cosine,FZBuGTJW,u0035,western,test,0.9486832981,0.9128709292,True,0.5,89,89,medium
R1_cosine,FZBuGTJW,u0036,western,test,0.9486832981,0.9128709292,True,0.5,89,89,medium
R1_cosine,FZBuGTJW,u0037,western,test,0.9486832981,0.9128709292,True,0.5,89,89,medium
R1_cosine,FZBuGTJW,u0038,western,test,0.632455532,0.5477225575,True,0.5,89,89,medium
R1_cosine,FZBuGTJW,u0039,western,test,0.9486832981,0.9128709292,True,0.5,89,89,medium
R1_cosine,FZBuGTJW,u0041,western,test,0.9486832981,0.9128709292,True,0.5,89,89,medium
R1_cosine,FZBuGTJW,u0042,western,test,0.9486832981,0.9128709292,True,0.5,89,89,medium
R1_cosine,FZBuGTJW,u0043,western,test,0.9486832981,0.9128709292,True,0.5,89,89,medium
R1_cosine,FZBuGTJW,u0047,western,test,0.9486832981,0.9128709292,True,0.5,89,89,medium
R1_cosine,FZBuGTJW,u004D,western,test,0.9486832981,0.9128709292,True,0.5,89,89,medium
R1_cosine,FZBuGTJW,u004F,western,test,0.9486832981,0.9128709292,True,0.5,89,89,medium
R1_cosine,FZBuGTJW,u0051,western,test,0.9486832981,0.9128709292,True,0.5,89,89,medium
R1_cosine,FZBuGTJW,u0052,western,test,0.9486832981,0.9128709292,True,0.5,89,89,medium
R1_cosine,FZBuGTJW,u0057,western,test,0.9486832981,0.9128709292,True,0.5,89,89,medium
R1_cosine,FZBuGTJW,u0061,western,test,0.9486832981,0.9128709292,True,0.5,89,89,medium
R1_cosine,FZBuGTJW,u0062,western,test,0.7378647874,0.5477225575,True,0.5,89,89,medium
R1_cosine,FZBuGTJW,u0063,western,test,0.9486832981,0.9128709292,True,0.5,89,89,medium
R1_cosine,FZBuGTJW,u0064,western,test,0.9486832981,0.9128709292,True,0.5,89,89,medium
R1_cosine,FZBuGTJW,u0065,western,test,0.9486832981,0.9128709292,True,0.5,89,89,medium
R1_cosine,FZBuGTJW,u0067,western,test,0.9486832981,0.9128709292,True,0.5,89,89,medium
R1_cosine,FZBuGTJW,u0069,western,test,0.9486832981,0.9128709292,True,0.5,89,89,medium
R1_cosine,FZBuGTJW,u006C,western,test,0.7378647874,0.5477225575,True,0.5,89,89,medium
R1_cosine,FZBuGTJW,u006E,western,test,0.9486832981,0.9128709292,True,0.5,89,89,medium
R1_cosine,FZBuGTJW,u006F,western,test,0.9486832981,0.9128709292,True,0.5,89,89,medium
R1_cosine,FZBuGTJW,u0070,western,test,0.9486832981,0.9128709292,True,0.5,89,89,medium
R1_cosine,FZBuGTJW,u0071,western,test,0.9486832981,0.9128709292,True,0.5,89,89,medium
R1_cosine,FZBuGTJW,u0075,western,test,0.9486832981,0.9128709292,True,0.5,89,89,medium
R1_cosine,FZBuGTJW,u00E0,western,test,0.7378647874,0.5477225575,True,0.5,89,89,medium
R1_cosine,FZBuGTJW,u00E9,western,test,0.9486832981,0.9128709292,True,0.5,89,89,medium
R1_cosine,FZBuGTJW,u00FC,western,test,0.9486832981,0.9128709292,True,0.5,89,89,medium
R1_cosine,FZBuGTJW,u0101,western,test,0.9486832981,0.9128709292,True,0.5,89,89,medium
R1_cosine,FZBuGTJW,u011B,western,test,0.9486832981,0.9128709292,True,0.5,89,89,medium
R1_cosine,FZBuGTJW,u3042,kana,test,0.632455532,0.5477225575,True,0.545212766,169,169,medium
R1_cosine,FZBuGTJW,u304B,kana,test,0.9486832981,0.9128709292,True,0.545212766,169,169,medium
R1_cosine,FZBuGTJW,u3055,kana,test,0.9486832981,0.9128709292,True,0.545212766,169,169,medium
R1_cosine,FZBuGTJW,u3093,kana,test,0.9486832981,0.9128709292,True,0.545212766,169,169,medium
R1_cosine,FZBuGTJW,u30A2,kana,test,0.9486832981,0.9128709292,True,0.545212766,169,169,medium
R1_cosine,FZBuGTJW,u30AB,kana,test,0.9486832981,0.9128709292,True,0.545212766,169,169,medium
R1_cosine,FZBuGTJW,u30F3,kana,test,0.9486832981,0.9128709292,True,0.545212766,169,169,medium
R1_cosine,FZBuGTJW,u3105,bopomofo,test,0.9486832981,0.9128709292,True,0.4961538462,37,37,medium
R1_cosine,FZBuGTJW,u3106,bopomofo,test,0.9486832981,0.9128709292,True,0.4961538462,37,37,medium
R1_cosine,FZBuGTJW,u311A,bopomofo,test,0.9486832981,0.9128709292,True,0.4961538462,37,37,medium
R1_cosine,FZChuangHJW_DB,u0030,western,test,0.632455532,0.5477225575,True,0.6031390135,89,89,hard
R1_cosine,FZChuangHJW_DB,u0031,western,test,0.9486832981,0.9128709292,True,0.6031390135,89,89,hard
R1_cosine,FZChuangHJW_DB,u0032,western,test,0.9486832981,0.9128709292,True,0.6031390135,89,89,hard
R1_cosine,FZChuangHJW_DB,u0033,western,test,0.9486832981,0.9128709292,True,0.6031390135,89,89,hard
R1_cosine,FZChuangHJW_DB,u0034,western,test,0.9486832981,0.9128709292,True,0.6031390135,89,89,hard
R1_cosine,FZChuangHJW_DB,u0035,western,test,0.9486832981,0.9128709292,True,0.6031390135,89,89,hard
R1_cosine,FZChuangHJW_DB,u0036,western,test,0.9486832981,0.9128709292,True,0.6031390135,89,89,hard
R1_cosine,FZChuangHJW_DB,u0037,western,test,0.9486832981,0.9128709292,True,0.6031390135,89,89,hard
R1_cosine,FZChuangHJW_DB,u0038,western,test,0.9486832981,0.9128709292,True,0.6031390135,89,89,hard
R1_cosine,FZChuangHJW_DB,u0039,western,test,0.9486832981,0.9128709292,True,0.6031390135,89,89,hard
R1_cosine,FZChuangHJW_DB,u0041,western,test,0.9486832981,0.9128709292,True,0.6031390135,89,89,hard
R1_cosine,FZChuangHJW_DB,u0042,western,test,0.9486832981,0.9128709292,True,0.6031390135,89,89,hard
R1_cosine,FZChuangHJW_DB,u0043,western,test,0.9486832981,0.9128709292,True,0.6031390135,89,89,hard
R1_cosine,FZChuangHJW_DB,u0047,western,test,0.9486832981,0.9128709292,True,0.6031390135,89,89,hard
R1_cosine,FZChuangHJW_DB,u004D,western,test,0.9486832981,0.9128709292,True,0.6031390135,89,89,hard
R1_cosine,FZChuangHJW_DB,u004F,western,test,0.9486832981,0.9128709292,True,0.6031390135,89,89,hard
R1_cosine,FZChuangHJW_DB,u0051,western,test,0.9486832981,0.9128709292,True,0.6031390135,89,89,hard
R1_cosine,FZChuangHJW_DB,u0052,western,test,0.9486832981,0.9128709292,True,0.6031390135,89,89,hard
R1_cosine,FZChuangHJW_DB,u0057,western,test,0.9486832981,0.9128709292,True,0.6031390135,89,89,hard
R1_cosine,FZChuangHJW_DB,u0061,western,test,0.9486832981,0.9128709292,True,0.6031390135,89,89,hard
R1_cosine,FZChuangHJW_DB,u0062,western,test,0.9486832981,0.9128709292,True,0.6031390135,89,89,hard
R1_cosine,FZChuangHJW_DB,u0063,western,test,0.9486832981,0.9128709292,True,0.6031390135,89,89,hard
R1_cosine,FZChuangHJW_DB,u0064,western,test,0.9486832981,0.9128709292,True,0.6031390135,89,89,hard
R1_cosine,FZChuangHJW_DB,u0065,western,test,0.632455532,0.5477225575,True,0.6031390135,89,89,hard
R1_cosine,FZChuangHJW_DB,u0067,western,test,0.9486832981,0.9128709292,True,0.6031390135,89,89,hard
R1_cosine,FZChuangHJW_DB,u0069,western,test,0.9486832981,0.9128709292,True,0.6031390135,89,89,hard
R1_cosine,FZChuangHJW_DB,u006C,western,test,0.9486832981,0.9128709292,True,0.6031390135,89,89,hard
R1_cosine,FZChuangHJW_DB,u006E,western,test,0.9486832981,0.9128709292,True,0.6031390135,89,89,hard
R1_cosine,FZChuangHJW_DB,u006F,western,test,0.9486832981,0.9128709292,True,0.6031390135,89,89,hard
R1_cosine,FZChuangHJW_DB,u0070,western,test,0.9486832981,0.9128709292,True,0.6031390135,89,89,hard
R1_cosine,FZChuangHJW_DB,u0071,western,test,0.9486832981,0.9128709292,True,0.6031390135,89,89,hard
R1_cosine,FZChuangHJW_DB,u0075,western,test,0.9486832981,0.9128709292,True,0.6031390135,89,89,hard
R1_cosine,FZChuangHJW_DB,u00E0,western,test,0.9486832981,0.9128709292,True,0.6031390135,89,89,hard
R1_cosine,FZChuangHJW_DB,u00E9,western,test,0.9486832981,0.9128709292,True,0.6031390135,89,89,hard
R1_cosine,FZChuangHJW_DB,u00FC,western,test,0.9486832981,0.9128709292,True,0.6031390135,89,89,hard
R1_cosine,FZChuangHJW_DB,u0101,western,test,0.9486832981,0.9128709292,True,0.6031390135,89,89,hard
R1_cosine,FZChuangHJW_DB,u011B,western,test,0.9486832981,0.9128709292,True,0.6031390135,89,89,hard
R1_cosine,FZChuangHJW_DB,u3042,kana,test,0.9486832981,0.9128709292,True,0.4920212766,169,169,medium
R1_cosine,FZChuangHJW_DB,u304B,kana,test,0.9486832981,0.9128709292,True,0.4920212766,169,169,medium
R1_cosine,FZChuangHJW_DB,u3055,kana,test,0.9486832981,0.9128709292,True,0.4920212766,169,169,medium
R1_cosine,FZChuangHJW_DB,u3093,kana,test,0.9486832981,0.9128709292,True,0.4920212766,169,169,medium
R1_cosine,FZChuangHJW_DB,u30A2,kana,test,0.9486832981,0.9128709292,True,0.4920212766,169,169,medium
R1_cosine,FZChuangHJW_DB,u30AB,kana,test,0.9486832981,0.9128709292,True,0.4920212766,169,169,medium
R1_cosine,FZChuangHJW_DB,u30F3,kana,test,0.632455532,0.5477225575,True,0.4920212766,169,169,medium
R1_cosine,FZCuanBZBKSJW,u0030,western,test,0.9486832981,0.9128709292,True,0.5403587444,89,89,medium
R1_cosine,FZCuanBZBKSJW,u0031,western,test,0.316227766,0.1825741858,True,0.5403587444,89,89,medium
R1_cosine,FZCuanBZBKSJW,u0032,western,test,0.9486832981,0.9128709292,True,0.5403587444,89,89,medium
R1_cosine,FZCuanBZBKSJW,u0033,western,test,0.7378647874,0.5477225575,True,0.5403587444,89,89,medium
R1_cosine,FZCuanBZBKSJW,u0034,western,test,0.9486832981,0.9128709292,True,0.5403587444,89,89,medium
R1_cosine,FZCuanBZBKSJW,u0035,western,test,0.7378647874,0.5477225575,True,0.5403587444,89,89,medium
R1_cosine,FZCuanBZBKSJW,u0036,western,test,0.9486832981,0.9128709292,True,0.5403587444,89,89,medium
R1_cosine,FZCuanBZBKSJW,u0037,western,test,0.9486832981,0.9128709292,True,0.5403587444,89,89,medium
R1_cosine,FZCuanBZBKSJW,u0038,western,test,0.9486832981,0.9128709292,True,0.5403587444,89,89,medium
R1_cosine,FZCuanBZBKSJW,u0039,western,test,0.9486832981,0.9128709292,True,0.5403587444,89,89,medium
R1_cosine,FZCuanBZBKSJW,u0041,western,test,0.7378647874,0.5477225575,True,0.5403587444,89,89,medium
R1_cosine,FZCuanBZBKSJW,u0042,western,test,0.9486832981,0.9128709292,True,0.5403587444,89,89,medium
R1_cosine,FZCuanBZBKSJW,u0043,western,test,0.9486832981,0.9128709292,True,0.5403587444,89,89,medium
R1_cosine,FZCuanBZBKSJW,u0047,western,test,0.9486832981,0.9128709292,True,0.5403587444,89,89,medium
R1_cosine,FZCuanBZBKSJW,u004D,western,test,0.7378647874,0.5477225575,True,0.5403587444,89,89,medium
R1_cosine,FZCuanBZBKSJW,u004F,western,test,0.9486832981,0.9128709292,True,0.5403587444,89,89,medium
R1_cosine,FZCuanBZBKSJW,u0051,western,test,0.9486832981,0.9128709292,True,0.5403587444,89,89,medium
R1_cosine,FZCuanBZBKSJW,u0052,western,test,0.9486832981,0.9128709292,True,0.5403587444,89,89,medium
R1_cosine,FZCuanBZBKSJW,u0057,western,test,0.9486832981,0.9128709292,True,0.5403587444,89,89,medium
R1_cosine,FZCuanBZBKSJW,u0061,western,test,0.9486832981,0.9128709292,True,0.5403587444,89,89,medium
R1_cosine,FZCuanBZBKSJW,u0062,western,test,0.9486832981,0.9128709292,True,0.5403587444,89,89,medium
R1_cosine,FZCuanBZBKSJW,u0063,western,test,0.9486832981,0.9128709292,True,0.5403587444,89,89,medium
R1_cosine,FZCuanBZBKSJW,u0064,western,test,0.9486832981,0.9128709292,True,0.5403587444,89,89,medium
R1_cosine,FZCuanBZBKSJW,u0065,western,test,0.7378647874,0.5477225575,True,0.5403587444,89,89,medium
R1_cosine,FZCuanBZBKSJW,u0067,western,test,0.9486832981,0.9128709292,True,0.5403587444,89,89,medium
R1_cosine,FZCuanBZBKSJW,u0069,western,test,0.632455532,0.5477225575,True,0.5403587444,89,89,medium
R1_cosine,FZCuanBZBKSJW,u006C,western,test,0.632455532,0.5477225575,True,0.5403587444,89,89,medium
R1_cosine,FZCuanBZBKSJW,u006E,western,test,0.9486832981,0.9128709292,True,0.5403587444,89,89,medium
R1_cosine,FZCuanBZBKSJW,u006F,western,test,0.632455532,0.5477225575,True,0.5403587444,89,89,medium
R1_cosine,FZCuanBZBKSJW,u0070,western,test,0.632455532,0.5477225575,True,0.5403587444,89,89,medium
R1_cosine,FZCuanBZBKSJW,u0071,western,test,0.9486832981,0.9128709292,True,0.5403587444,89,89,medium
R1_cosine,FZCuanBZBKSJW,u0075,western,test,0.316227766,0.1825741858,True,0.5403587444,89,89,medium
R1_cosine,FZCuanBZBKSJW,u00E0,western,test,0.632455532,0.5477225575,True,0.5403587444,89,89,medium
R1_cosine,FZCuanBZBKSJW,u00E9,western,test,0.9486832981,0.9128709292,True,0.5403587444,89,89,medium
R1_cosine,FZCuanBZBKSJW,u00FC,western,test,0.9486832981,0.9128709292,True,0.5403587444,89,89,medium
R1_cosine,FZCuanBZBKSJW,u0101,western,test,0.9486832981,0.9128709292,True,0.5403587444,89,89,medium
R1_cosine,FZCuanBZBKSJW,u011B,western,test,0.9486832981,0.9128709292,True,0.5403587444,89,89,medium
R1_cosine,FZCuanBZBKSJW,u3042,kana,test,0.9486832981,0.9128709292,True,0.5824468085,169,169,medium
R1_cosine,FZCuanBZBKSJW,u304B,kana,test,0.632455532,0.5477225575,True,0.5824468085,169,169,medium
R1_cosine,FZCuanBZBKSJW,u3055,kana,test,0.9486832981,0.9128709292,True,0.5824468085,169,169,medium
R1_cosine,FZCuanBZBKSJW,u3093,kana,test,0.9486832981,0.9128709292,True,0.5824468085,169,169,medium
R1_cosine,FZCuanBZBKSJW,u30A2,kana,test,0.9486832981,0.9128709292,True,0.5824468085,169,169,medium
R1_cosine,FZCuanBZBKSJW,u30AB,kana,test,0.9486832981,0.9128709292,True,0.5824468085,169,169,medium
R1_cosine,FZCuanBZBKSJW,u30F3,kana,test,0.632455532,0.5477225575,True,0.5824468085,169,169,medium
R1_cosine,FZCuanBZBKSJW,u3105,bopomofo,test,0.316227766,0.1825741858,True,0.5769230769,37,37,hard
R1_cosine,FZCuanBZBKSJW,u3106,bopomofo,test,0.9486832981,0.9128709292,True,0.5769230769,37,37,hard
R1_cosine,FZCuanBZBKSJW,u311A,bopomofo,test,0.9486832981,0.9128709292,True,0.5769230769,37,37,hard
R1_cosine,FZDeSHJW_515H,u0030,western,test,0.9486832981,0.9128709292,True,0.3452914798,89,89,easy
R1_cosine,FZDeSHJW_515H,u0031,western,test,0.9486832981,0.9128709292,True,0.3452914798,89,89,easy
R1_cosine,FZDeSHJW_515H,u0032,western,test,0.9486832981,0.9128709292,True,0.3452914798,89,89,easy
R1_cosine,FZDeSHJW_515H,u0033,western,test,0.9486832981,0.9128709292,True,0.3452914798,89,89,easy
R1_cosine,FZDeSHJW_515H,u0034,western,test,0.9486832981,0.9128709292,True,0.3452914798,89,89,easy
R1_cosine,FZDeSHJW_515H,u0035,western,test,0.632455532,0.5477225575,True,0.3452914798,89,89,easy
R1_cosine,FZDeSHJW_515H,u0036,western,test,0.9486832981,0.9128709292,True,0.3452914798,89,89,easy
R1_cosine,FZDeSHJW_515H,u0037,western,test,0.9486832981,0.9128709292,True,0.3452914798,89,89,easy
R1_cosine,FZDeSHJW_515H,u0038,western,test,0.9486832981,0.9128709292,True,0.3452914798,89,89,easy
R1_cosine,FZDeSHJW_515H,u0039,western,test,0.9486832981,0.9128709292,True,0.3452914798,89,89,easy
R1_cosine,FZDeSHJW_515H,u0041,western,test,0.9486832981,0.9128709292,True,0.3452914798,89,89,easy
R1_cosine,FZDeSHJW_515H,u0042,western,test,0.9486832981,0.9128709292,True,0.3452914798,89,89,easy
R1_cosine,FZDeSHJW_515H,u0043,western,test,0.9486832981,0.9128709292,True,0.3452914798,89,89,easy
R1_cosine,FZDeSHJW_515H,u0047,western,test,0.632455532,0.5477225575,True,0.3452914798,89,89,easy
R1_cosine,FZDeSHJW_515H,u004D,western,test,0.9486832981,0.9128709292,True,0.3452914798,89,89,easy
R1_cosine,FZDeSHJW_515H,u004F,western,test,0.9486832981,0.9128709292,True,0.3452914798,89,89,easy
R1_cosine,FZDeSHJW_515H,u0051,western,test,0.9486832981,0.9128709292,True,0.3452914798,89,89,easy
R1_cosine,FZDeSHJW_515H,u0052,western,test,0.9486832981,0.9128709292,True,0.3452914798,89,89,easy
R1_cosine,FZDeSHJW_515H,u0057,western,test,0.9486832981,0.9128709292,True,0.3452914798,89,89,easy
R1_cosine,FZDeSHJW_515H,u0061,western,test,0.9486832981,0.9128709292,True,0.3452914798,89,89,easy
R1_cosine,FZDeSHJW_515H,u0062,western,test,0.9486832981,0.9128709292,True,0.3452914798,89,89,easy
R1_cosine,FZDeSHJW_515H,u0063,western,test,0.9486832981,0.9128709292,True,0.3452914798,89,89,easy
R1_cosine,FZDeSHJW_515H,u0064,western,test,0.632455532,0.5477225575,True,0.3452914798,89,89,easy
R1_cosine,FZDeSHJW_515H,u0065,western,test,0.9486832981,0.9128709292,True,0.3452914798,89,89,easy
R1_cosine,FZDeSHJW_515H,u0067,western,test,0.9486832981,0.9128709292,True,0.3452914798,89,89,easy
R1_cosine,FZDeSHJW_515H,u0069,western,test,0.9486832981,0.9128709292,True,0.3452914798,89,89,easy
R1_cosine,FZDeSHJW_515H,u006C,western,test,0.9486832981,0.9128709292,True,0.3452914798,89,89,easy
R1_cosine,FZDeSHJW_515H,u006E,western,test,0.9486832981,0.9128709292,True,0.3452914798,89,89,easy
R1_cosine,FZDeSHJW_515H,u006F,western,test,0.9486832981,0.9128709292,True,0.3452914798,89,89,easy
R1_cosine,FZDeSHJW_515H,u0070,western,test,0.9486832981,0.9128709292,True,0.3452914798,89,89,easy
R1_cosine,FZDeSHJW_515H,u0071,western,test,0.9486832981,0.9128709292,True,0.3452914798,89,89,easy
R1_cosine,FZDeSHJW_515H,u0075,western,test,0.9486832981,0.9128709292,True,0.3452914798,89,89,easy
R1_cosine,FZDeSHJW_515H,u00E0,western,test,0.9486832981,0.9128709292,True,0.3452914798,89,89,easy
R1_cosine,FZDeSHJW_515H,u00E9,western,test,0.9486832981,0.9128709292,True,0.3452914798,89,89,easy
R1_cosine,FZDeSHJW_515H,u00FC,western,test,0.9486832981,0.9128709292,True,0.3452914798,89,89,easy
R1_cosine,FZDeSHJW_515H,u0101,western,test,0.9486832981,0.9128709292,True,0.3452914798,89,89,easy
R1_cosine,FZDeSHJW_515H,u011B,western,test,0.9486832981,0.9128709292,True,0.3452914798,89,89,easy
R1_cosine,FZDeSHJW_515H,u3042,kana,test,0.9486832981,0.9128709292,True,0.2553191489,169,169,easy
R1_cosine,FZDeSHJW_515H,u304B,kana,test,0.316227766,0.1825741858,True,0.2553191489,169,169,easy
R1_cosine,FZDeSHJW_515H,u3055,kana,test,0.9486832981,0.9128709292,True,0.2553191489,169,169,easy
R1_cosine,FZDeSHJW_515H,u3093,kana,test,0.9486832981,0.9128709292,True,0.2553191489,169,169,easy
R1_cosine,FZDeSHJW_515H,u30A2,kana,test,0.9486832981,0.9128709292,True,0.2553191489,169,169,easy
R1_cosine,FZDeSHJW_515H,u30AB,kana,test,0.9486832981,0.9128709292,True,0.2553191489,169,169,easy
R1_cosine,FZDeSHJW_515H,u30F3,kana,test,0.9486832981,0.9128709292,True,0.2553191489,169,169,easy
R1_cosine,FZDouNTJW_Te,u0030,western,test,0.9486832981,0.9128709292,True,0.2847533632,89,89,easy
R1_cosine,FZDouNTJW_Te,u0031,western,test,0.632455532,0.5477225575,True,0.2847533632,89,89,easy
R1_cosine,FZDouNTJW_Te,u0032,western,test,0.9486832981,0.9128709292,True,0.2847533632,89,89,easy
R1_cosine,FZDouNTJW_Te,u0033,western,test,0.9486832981,0.9128709292,True,0.2847533632,89,89,easy
R1_cosine,FZDouNTJW_Te,u0034,western,test,0.9486832981,0.9128709292,True,0.2847533632,89,89,easy
R1_cosine,FZDouNTJW_Te,u0035,western,test,0.9486832981,0.9128709292,True,0.2847533632,89,89,easy
R1_cosine,FZDouNTJW_Te,u0036,western,test,0.9486832981,0.9128709292,True,0.2847533632,89,89,easy
R1_cosine,FZDouNTJW_Te,u0037,western,test,0.9486832981,0.9128709292,True,0.2847533632,89,89,easy
R1_cosine,FZDouNTJW_Te,u0038,western,test,0.9486832981,0.9128709292,True,0.2847533632,89,89,easy
R1_cosine,FZDouNTJW_Te,u0039,western,test,0.9486832981,0.9128709292,True,0.2847533632,89,89,easy
R1_cosine,FZDouNTJW_Te,u0041,western,test,0.632455532,0.5477225575,True,0.2847533632,89,89,easy
R1_cosine,FZDouNTJW_Te,u0042,western,test,0.9486832981,0.9128709292,True,0.2847533632,89,89,easy
R1_cosine,FZDouNTJW_Te,u0043,western,test,0.9486832981,0.9128709292,True,0.2847533632,89,89,easy
R1_cosine,FZDouNTJW_Te,u0047,western,test,0.9486832981,0.9128709292,True,0.2847533632,89,89,easy
R1_cosine,FZDouNTJW_Te,u004D,western,test,0.9486832981,0.9128709292,True,0.2847533632,89,89,easy
R1_cosine,FZDouNTJW_Te,u004F,western,test,0.9486832981,0.9128709292,True,0.2847533632,89,89,easy
R1_cosine,FZDouNTJW_Te,u0051,western,test,0.9486832981,0.9128709292,True,0.2847533632,89,89,easy
R1_cosine,FZDouNTJW_Te,u0052,western,test,0.9486832981,0.9128709292,True,0.2847533632,89,89,easy
R1_cosine,FZDouNTJW_Te,u0057,western,test,0.632455532,0.5477225575,True,0.2847533632,89,89,easy
R1_cosine,FZDouNTJW_Te,u0061,western,test,0.9486832981,0.9128709292,True,0.2847533632,89,89,easy
R1_cosine,FZDouNTJW_Te,u0062,western,test,0.9486832981,0.9128709292,True,0.2847533632,89,89,easy
R1_cosine,FZDouNTJW_Te,u0063,western,test,0.9486832981,0.9128709292,True,0.2847533632,89,89,easy
R1_cosine,FZDouNTJW_Te,u0064,western,test,0.9486832981,0.9128709292,True,0.2847533632,89,89,easy
R1_cosine,FZDouNTJW_Te,u0065,western,test,0.9486832981,0.9128709292,True,0.2847533632,89,89,easy
R1_cosine,FZDouNTJW_Te,u0067,western,test,0.9486832981,0.9128709292,True,0.2847533632,89,89,easy
R1_cosine,FZDouNTJW_Te,u0069,western,test,0.316227766,0.1825741858,True,0.2847533632,89,89,easy
R1_cosine,FZDouNTJW_Te,u006C,western,test,0.316227766,0.1825741858,True,0.2847533632,89,89,easy
R1_cosine,FZDouNTJW_Te,u006E,western,test,0.632455532,0.5477225575,True,0.2847533632,89,89,easy
R1_cosine,FZDouNTJW_Te,u006F,western,test,0.9486832981,0.9128709292,True,0.2847533632,89,89,easy
R1_cosine,FZDouNTJW_Te,u0070,western,test,0.9486832981,0.9128709292,True,0.2847533632,89,89,easy
R1_cosine,FZDouNTJW_Te,u0071,western,test,0.9486832981,0.9128709292,True,0.2847533632,89,89,easy
R1_cosine,FZDouNTJW_Te,u0075,western,test,0.9486832981,0.9128709292,True,0.2847533632,89,89,easy
R1_cosine,FZDouNTJW_Te,u00E0,western,test,0.9486832981,0.9128709292,True,0.2847533632,89,89,easy
R1_cosine,FZDouNTJW_Te,u00E9,western,test,0.9486832981,0.9128709292,True,0.2847533632,89,89,easy
R1_cosine,FZDouNTJW_Te,u00FC,western,test,0.9486832981,0.9128709292,True,0.2847533632,89,89,easy
R1_cosine,FZDouNTJW_Te,u0101,western,test,0.9486832981,0.9128709292,True,0.2847533632,89,89,easy
R1_cosine,FZDouNTJW_Te,u011B,western,test,0.9486832981,0.9128709292,True,0.2847533632,89,89,easy
R1_cosine,FZDouNTJW_Te,u3042,kana,test,0.316227766,0.1825741858,True,0.2712765957,169,169,easy
R1_cosine,FZDouNTJW_Te,u304B,kana,test,0.9486832981,0.9128709292,True,0.2712765957,169,169,easy
R1_cosine,FZDouNTJW_Te,u3055,kana,test,0.632455532,0.5477225575,True,0.2712765957,169,169,easy
R1_cosine,FZDouNTJW_Te,u3093,kana,test,0.9486832981,0.9128709292,True,0.2712765957,169,169,easy
R1_cosine,FZDouNTJW_Te,u30A2,kana,test,0.9486832981,0.9128709292,True,0.2712765957,169,169,easy
R1_cosine,FZDouNTJW_Te,u30AB,kana,test,0.9486832981,0.9128709292,True,0.2712765957,169,169,easy
R1_cosine,FZDouNTJW_Te,u30F3,kana,test,0.9486832981,0.9128709292,True,0.2712765957,169,169,easy
R1_cosine,FZFeiHHJW-H,u0030,western,test,0.632455532,0.5477225575,True,0.6502242152,89,89,hard
R1_cosine,FZFeiHHJW-H,u0031,western,test,0.316227766,0.1825741858,True,0.6502242152,89,89,hard
R1_cosine,FZFeiHHJW-H,u0032,western,test,0.632455532,0.5477225575,True,0.6502242152,89,89,hard
R1_cosine,FZFeiHHJW-H,u0033,western,test,0.9486832981,0.9128709292,True,0.6502242152,89,89,hard
R1_cosine,FZFeiHHJW-H,u0034,western,test,0.9486832981,0.9128709292,True,0.6502242152,89,89,hard
R1_cosine,FZFeiHHJW-H,u0035,western,test,0.316227766,0.1825741858,True,0.6502242152,89,89,hard
R1_cosine,FZFeiHHJW-H,u0036,western,test,0.9486832981,0.9128709292,True,0.6502242152,89,89,hard
R1_cosine,FZFeiHHJW-H,u0037,western,test,0.632455532,0.5477225575,True,0.6502242152,89,89,hard
R1_cosine,FZFeiHHJW-H,u0038,western,test,0.632455532,0.5477225575,True,0.6502242152,89,89,hard
R1_cosine,FZFeiHHJW-H,u0039,western,test,0.9486832981,0.9128709292,True,0.6502242152,89,89,hard
R1_cosine,FZFeiHHJW-H,u0041,western,test,0.9486832981,0.9128709292,True,0.6502242152,89,89,hard
R1_cosine,FZFeiHHJW-H,u0042,western,test,0.9486832981,0.9128709292,True,0.6502242152,89,89,hard
R1_cosine,FZFeiHHJW-H,u0043,western,test,0.9486832981,0.9128709292,True,0.6502242152,89,89,hard
R1_cosine,FZFeiHHJW-H,u0047,western,test,0.316227766,0.1825741858,True,0.6502242152,89,89,hard
R1_cosine,FZFeiHHJW-H,u004D,western,test,0.9486832981,0.9128709292,True,0.6502242152,89,89,hard
R1_cosine,FZFeiHHJW-H,u004F,western,test,0.632455532,0.5477225575,True,0.6502242152,89,89,hard
R1_cosine,FZFeiHHJW-H,u0051,western,test,0.632455532,0.5477225575,True,0.6502242152,89,89,hard
R1_cosine,FZFeiHHJW-H,u0052,western,test,0.632455532,0.5477225575,True,0.6502242152,89,89,hard
R1_cosine,FZFeiHHJW-H,u0057,western,test,0.632455532,0.5477225575,True,0.6502242152,89,89,hard
R1_cosine,FZFeiHHJW-H,u0061,western,test,0.9486832981,0.9128709292,True,0.6502242152,89,89,hard
R1_cosine,FZFeiHHJW-H,u0062,western,test,0.316227766,0.1825741858,True,0.6502242152,89,89,hard
R1_cosine,FZFeiHHJW-H,u0063,western,test,0.9486832981,0.9128709292,True,0.6502242152,89,89,hard
R1_cosine,FZFeiHHJW-H,u0064,western,test,0.632455532,0.5477225575,True,0.6502242152,89,89,hard
R1_cosine,FZFeiHHJW-H,u0065,western,test,0.632455532,0.5477225575,True,0.6502242152,89,89,hard
R1_cosine,FZFeiHHJW-H,u0067,western,test,0.316227766,0.1825741858,True,0.6502242152,89,89,hard
R1_cosine,FZFeiHHJW-H,u0069,western,test,0.632455532,0.5477225575,True,0.6502242152,89,89,hard
R1_cosine,FZFeiHHJW-H,u006C,western,test,0.316227766,0.1825741858,True,0.6502242152,89,89,hard
R1_cosine,FZFeiHHJW-H,u006E,western,test,0.632455532,0.5477225575,True,0.6502242152,89,89,hard
R1_cosine,FZFeiHHJW-H,u006F,western,test,0.9486832981,0.9128709292,True,0.6502242152,89,89,hard
R1_cosine,FZFeiHHJW-H,u0070,western,test,0.9486832981,0.9128709292,True,0.6502242152,89,89,hard
R1_cosine,FZFeiHHJW-H,u0071,western,test,0.9486832981,0.9128709292,True,0.6502242152,89,89,hard
R1_cosine,FZFeiHHJW-H,u0075,western,test,0.632455532,0.5477225575,True,0.6502242152,89,89,hard
R1_cosine,FZFeiHHJW-H,u00E0,western,test,0.316227766,0.1825741858,True,0.6502242152,89,89,hard
R1_cosine,FZFeiHHJW-H,u00E9,western,test,0.632455532,0.5477225575,True,0.6502242152,89,89,hard
R1_cosine,FZFeiHHJW-H,u00FC,western,test,0.632455532,0.5477225575,True,0.6502242152,89,89,hard
R1_cosine,FZFeiHHJW-H,u0101,western,test,0.9486832981,0.9128709292,True,0.6502242152,89,89,hard
R1_cosine,FZFeiHHJW-H,u011B,western,test,0.9486832981,0.9128709292,True,0.6502242152,89,89,hard
R1_cosine,FZFeiHHJW-H,u3042,kana,test,0.316227766,0.1825741858,True,0.4920212766,169,169,medium
R1_cosine,FZFeiHHJW-H,u304B,kana,test,0.316227766,0.1825741858,True,0.4920212766,169,169,medium
R1_cosine,FZFeiHHJW-H,u3055,kana,test,0.9486832981,0.9128709292,True,0.4920212766,169,169,medium
R1_cosine,FZFeiHHJW-H,u3093,kana,test,0.316227766,0.1825741858,True,0.4920212766,169,169,medium
R1_cosine,FZFeiHHJW-H,u30A2,kana,test,0.632455532,0.5477225575,True,0.4920212766,169,169,medium
R1_cosine,FZFeiHHJW-H,u30AB,kana,test,0.316227766,0.1825741858,True,0.4920212766,169,169,medium
R1_cosine,FZFeiHHJW-H,u30F3,kana,test,0.9486832981,0.9128709292,True,0.4920212766,169,169,medium
R1_cosine,FZFeiHHJW-H,u3105,bopomofo,test,,,False,0.5230769231,37,37,medium
R1_cosine,FZFeiHHJW-H,u3106,bopomofo,test,,,False,0.5230769231,37,37,medium
R1_cosine,FZFeiHHJW-H,u311A,bopomofo,test,,,False,0.5230769231,37,37,medium
R1_cosine,FZFengYKSJ,u0030,western,test,0.9486832981,0.9128709292,True,0.7713004484,89,89,hard
R1_cosine,FZFengYKSJ,u0031,western,test,0.9486832981,0.9128709292,True,0.7713004484,89,89,hard
R1_cosine,FZFengYKSJ,u0032,western,test,0.9486832981,0.9128709292,True,0.7713004484,89,89,hard
R1_cosine,FZFengYKSJ,u0033,western,test,0.9486832981,0.9128709292,True,0.7713004484,89,89,hard
R1_cosine,FZFengYKSJ,u0034,western,test,0.9486832981,0.9128709292,True,0.7713004484,89,89,hard
R1_cosine,FZFengYKSJ,u0035,western,test,0.9486832981,0.9128709292,True,0.7713004484,89,89,hard
R1_cosine,FZFengYKSJ,u0036,western,test,0.632455532,0.5477225575,True,0.7713004484,89,89,hard
R1_cosine,FZFengYKSJ,u0037,western,test,0.9486832981,0.9128709292,True,0.7713004484,89,89,hard
R1_cosine,FZFengYKSJ,u0038,western,test,0.9486832981,0.9128709292,True,0.7713004484,89,89,hard
R1_cosine,FZFengYKSJ,u0039,western,test,0.9486832981,0.9128709292,True,0.7713004484,89,89,hard
R1_cosine,FZFengYKSJ,u0041,western,test,0.9486832981,0.9128709292,True,0.7713004484,89,89,hard
R1_cosine,FZFengYKSJ,u0042,western,test,0.9486832981,0.9128709292,True,0.7713004484,89,89,hard
R1_cosine,FZFengYKSJ,u0043,western,test,0.9486832981,0.9128709292,True,0.7713004484,89,89,hard
R1_cosine,FZFengYKSJ,u0047,western,test,0.9486832981,0.9128709292,True,0.7713004484,89,89,hard
R1_cosine,FZFengYKSJ,u004D,western,test,0.9486832981,0.9128709292,True,0.7713004484,89,89,hard
R1_cosine,FZFengYKSJ,u004F,western,test,0.9486832981,0.9128709292,True,0.7713004484,89,89,hard
R1_cosine,FZFengYKSJ,u0051,western,test,0.9486832981,0.9128709292,True,0.7713004484,89,89,hard
R1_cosine,FZFengYKSJ,u0052,western,test,0.9486832981,0.9128709292,True,0.7713004484,89,89,hard
R1_cosine,FZFengYKSJ,u0057,western,test,0.9486832981,0.9128709292,True,0.7713004484,89,89,hard
R1_cosine,FZFengYKSJ,u0061,western,test,0.9486832981,0.9128709292,True,0.7713004484,89,89,hard
R1_cosine,FZFengYKSJ,u0062,western,test,0.9486832981,0.9128709292,True,0.7713004484,89,89,hard
R1_cosine,FZFengYKSJ,u0063,western,test,0.9486832981,0.9128709292,True,0.7713004484,89,89,hard
R1_cosine,FZFengYKSJ,u0064,western,test,0.9486832981,0.9128709292,True,0.7713004484,89,89,hard
R1_cosine,FZFengYKSJ,u0065,western,test,0.316227766,0.1825741858,True,0.7713004484,89,89,hard
R1_cosine,FZFengYKSJ,u0067,western,test,0.9486832981,0.9128709292,True,0.7713004484,89,89,hard
R1_cosine,FZFengYKSJ,u0069,western,test,0.9486832981,0.9128709292,True,0.7713004484,89,89,hard
R1_cosine,FZFengYKSJ,u006C,western,test,0.9486832981,0.9128709292,True,0.7713004484,89,89,hard
R1_cosine,FZFengYKSJ,u006E,western,test,0.9486832981,0.9128709292,True,0.7713004484,89,89,hard
R1_cosine,FZFengYKSJ,u006F,western,test,0.9486832981,0.9128709292,True,0.7713004484,89,89,hard
R1_cosine,FZFengYKSJ,u0070,western,test,0.9486832981,0.9128709292,True,0.7713004484,89,89,hard
R1_cosine,FZFengYKSJ,u0071,western,test,0.632455532,0.5477225575,True,0.7713004484,89,89,hard
R1_cosine,FZFengYKSJ,u0075,western,test,0.316227766,0.1825741858,True,0.7713004484,89,89,hard
R1_cosine,FZFengYKSJ,u00E0,western,test,0.632455532,0.5477225575,True,0.7713004484,89,89,hard
R1_cosine,FZFengYKSJ,u00E9,western,test,0.9486832981,0.9128709292,True,0.7713004484,89,89,hard
R1_cosine,FZFengYKSJ,u00FC,western,test,0.316227766,0.1825741858,True,0.7713004484,89,89,hard
R1_cosine,FZFengYKSJ,u0101,western,test,0.316227766,0.1825741858,True,0.7713004484,89,89,hard
R1_cosine,FZFengYKSJ,u011B,western,test,0.632455532,0.5477225575,True,0.7713004484,89,89,hard
R1_cosine,FZFengYKSJ,u3042,kana,test,0.632455532,0.5477225575,True,0.7845744681,169,169,hard
R1_cosine,FZFengYKSJ,u304B,kana,test,0.9486832981,0.9128709292,True,0.7845744681,169,169,hard
R1_cosine,FZFengYKSJ,u3055,kana,test,0.9486832981,0.9128709292,True,0.7845744681,169,169,hard
R1_cosine,FZFengYKSJ,u3093,kana,test,0.9486832981,0.9128709292,True,0.7845744681,169,169,hard
R1_cosine,FZFengYKSJ,u30A2,kana,test,0.9486832981,0.9128709292,True,0.7845744681,169,169,hard
R1_cosine,FZFengYKSJ,u30AB,kana,test,0.9486832981,0.9128709292,True,0.7845744681,169,169,hard
R1_cosine,FZFengYKSJ,u30F3,kana,test,0.9486832981,0.9128709292,True,0.7845744681,169,169,hard
R1_cosine,FZHanWZKJW,u0030,western,test,0.9486832981,0.9128709292,True,0.5852017937,89,89,hard
R1_cosine,FZHanWZKJW,u0031,western,test,0.9486832981,0.9128709292,True,0.5852017937,89,89,hard
R1_cosine,FZHanWZKJW,u0032,western,test,0.9486832981,0.9128709292,True,0.5852017937,89,89,hard
R1_cosine,FZHanWZKJW,u0033,western,test,0.9486832981,0.9128709292,True,0.5852017937,89,89,hard
R1_cosine,FZHanWZKJW,u0034,western,test,0.9486832981,0.9128709292,True,0.5852017937,89,89,hard
R1_cosine,FZHanWZKJW,u0035,western,test,0.9486832981,0.9128709292,True,0.5852017937,89,89,hard
R1_cosine,FZHanWZKJW,u0036,western,test,0.9486832981,0.9128709292,True,0.5852017937,89,89,hard
R1_cosine,FZHanWZKJW,u0037,western,test,0.9486832981,0.9128709292,True,0.5852017937,89,89,hard
R1_cosine,FZHanWZKJW,u0038,western,test,0.9486832981,0.9128709292,True,0.5852017937,89,89,hard
R1_cosine,FZHanWZKJW,u0039,western,test,0.9486832981,0.9128709292,True,0.5852017937,89,89,hard
R1_cosine,FZHanWZKJW,u0041,western,test,0.9486832981,0.9128709292,True,0.5852017937,89,89,hard
R1_cosine,FZHanWZKJW,u0042,western,test,0.9486832981,0.9128709292,True,0.5852017937,89,89,hard
R1_cosine,FZHanWZKJW,u0043,western,test,0.9486832981,0.9128709292,True,0.5852017937,89,89,hard
R1_cosine,FZHanWZKJW,u0047,western,test,0.9486832981,0.9128709292,True,0.5852017937,89,89,hard
R1_cosine,FZHanWZKJW,u004D,western,test,0.9486832981,0.9128709292,True,0.5852017937,89,89,hard
R1_cosine,FZHanWZKJW,u004F,western,test,0.9486832981,0.9128709292,True,0.5852017937,89,89,hard
R1_cosine,FZHanWZKJW,u0051,western,test,0.9486832981,0.9128709292,True,0.5852017937,89,89,hard
R1_cosine,FZHanWZKJW,u0052,western,test,0.316227766,0.1825741858,True,0.5852017937,89,89,hard
R1_cosine,FZHanWZKJW,u0057,western,test,0.9486832981,0.9128709292,True,0.5852017937,89,89,hard
R1_cosine,FZHanWZKJW,u0061,western,test,0.9486832981,0.9128709292,True,0.5852017937,89,89,hard
R1_cosine,FZHanWZKJW,u0062,western,test,0.9486832981,0.9128709292,True,0.5852017937,89,89,hard
R1_cosine,FZHanWZKJW,u0063,western,test,0.9486832981,0.9128709292,True,0.5852017937,89,89,hard
R1_cosine,FZHanWZKJW,u0064,western,test,0.9486832981,0.9128709292,True,0.5852017937,89,89,hard
R1_cosine,FZHanWZKJW,u0065,western,test,0.9486832981,0.9128709292,True,0.5852017937,89,89,hard
R1_cosine,FZHanWZKJW,u0067,western,test,0.9486832981,0.9128709292,True,0.5852017937,89,89,hard
R1_cosine,FZHanWZKJW,u0069,western,test,0.9486832981,0.9128709292,True,0.5852017937,89,89,hard
R1_cosine,FZHanWZKJW,u006C,western,test,0.9486832981,0.9128709292,True,0.5852017937,89,89,hard
R1_cosine,FZHanWZKJW,u006E,western,test,0.9486832981,0.9128709292,True,0.5852017937,89,89,hard
R1_cosine,FZHanWZKJW,u006F,western,test,0.632455532,0.5477225575,True,0.5852017937,89,89,hard
R1_cosine,FZHanWZKJW,u0070,western,test,0.632455532,0.5477225575,True,0.5852017937,89,89,hard
R1_cosine,FZHanWZKJW,u0071,western,test,0.9486832981,0.9128709292,True,0.5852017937,89,89,hard
R1_cosine,FZHanWZKJW,u0075,western,test,0.9486832981,0.9128709292,True,0.5852017937,89,89,hard
R1_cosine,FZHanWZKJW,u00E0,western,test,0.9486832981,0.9128709292,True,0.5852017937,89,89,hard
R1_cosine,FZHanWZKJW,u00E9,western,test,0.9486832981,0.9128709292,True,0.5852017937,89,89,hard
R1_cosine,FZHanWZKJW,u00FC,western,test,0.9486832981,0.9128709292,True,0.5852017937,89,89,hard
R1_cosine,FZHanWZKJW,u0101,western,test,0.9486832981,0.9128709292,True,0.5852017937,89,89,hard
R1_cosine,FZHanWZKJW,u011B,western,test,0.9486832981,0.9128709292,True,0.5852017937,89,89,hard
R1_cosine,FZHanWZKJW,u3042,kana,test,0.9486832981,0.9128709292,True,0.7074468085,169,169,hard
R1_cosine,FZHanWZKJW,u304B,kana,test,0.9486832981,0.9128709292,True,0.7074468085,169,169,hard
R1_cosine,FZHanWZKJW,u3055,kana,test,0.9486832981,0.9128709292,True,0.7074468085,169,169,hard
R1_cosine,FZHanWZKJW,u3093,kana,test,0.9486832981,0.9128709292,True,0.7074468085,169,169,hard
R1_cosine,FZHanWZKJW,u30A2,kana,test,0.9486832981,0.9128709292,True,0.7074468085,169,169,hard
R1_cosine,FZHanWZKJW,u30AB,kana,test,0.9486832981,0.9128709292,True,0.7074468085,169,169,hard
R1_cosine,FZHanWZKJW,u30F3,kana,test,0.9486832981,0.9128709292,True,0.7074468085,169,169,hard
R1_cosine,FZHanWZKJW,u3105,bopomofo,test,0.9486832981,0.9128709292,True,0.65,37,37,hard
R1_cosine,FZHanWZKJW,u3106,bopomofo,test,0.9486832981,0.9128709292,True,0.65,37,37,hard
R1_cosine,FZHanWZKJW,u311A,bopomofo,test,0.9486832981,0.9128709292,True,0.65,37,37,hard
R1_cosine,FZHuoYYJW-T,u0030,western,test,0.9486832981,0.9128709292,True,0.8587443946,89,89,hard
R1_cosine,FZHuoYYJW-T,u0031,western,test,0.9486832981,0.9128709292,True,0.8587443946,89,89,hard
R1_cosine,FZHuoYYJW-T,u0032,western,test,0.9486832981,0.9128709292,True,0.8587443946,89,89,hard
R1_cosine,FZHuoYYJW-T,u0033,western,test,0.9486832981,0.9128709292,True,0.8587443946,89,89,hard
R1_cosine,FZHuoYYJW-T,u0034,western,test,0.9486832981,0.9128709292,True,0.8587443946,89,89,hard
R1_cosine,FZHuoYYJW-T,u0035,western,test,0.9486832981,0.9128709292,True,0.8587443946,89,89,hard
R1_cosine,FZHuoYYJW-T,u0036,western,test,0.9486832981,0.9128709292,True,0.8587443946,89,89,hard
R1_cosine,FZHuoYYJW-T,u0037,western,test,0.9486832981,0.9128709292,True,0.8587443946,89,89,hard
R1_cosine,FZHuoYYJW-T,u0038,western,test,0.9486832981,0.9128709292,True,0.8587443946,89,89,hard
R1_cosine,FZHuoYYJW-T,u0039,western,test,0.9486832981,0.9128709292,True,0.8587443946,89,89,hard
R1_cosine,FZHuoYYJW-T,u0041,western,test,0.632455532,0.5477225575,True,0.8587443946,89,89,hard
R1_cosine,FZHuoYYJW-T,u0042,western,test,0.9486832981,0.9128709292,True,0.8587443946,89,89,hard
R1_cosine,FZHuoYYJW-T,u0043,western,test,0.9486832981,0.9128709292,True,0.8587443946,89,89,hard
R1_cosine,FZHuoYYJW-T,u0047,western,test,0.9486832981,0.9128709292,True,0.8587443946,89,89,hard
R1_cosine,FZHuoYYJW-T,u004D,western,test,0.9486832981,0.9128709292,True,0.8587443946,89,89,hard
R1_cosine,FZHuoYYJW-T,u004F,western,test,0.9486832981,0.9128709292,True,0.8587443946,89,89,hard
R1_cosine,FZHuoYYJW-T,u0051,western,test,0.9486832981,0.9128709292,True,0.8587443946,89,89,hard
R1_cosine,FZHuoYYJW-T,u0052,western,test,0.9486832981,0.9128709292,True,0.8587443946,89,89,hard
R1_cosine,FZHuoYYJW-T,u0057,western,test,0.9486832981,0.9128709292,True,0.8587443946,89,89,hard
R1_cosine,FZHuoYYJW-T,u0061,western,test,0.9486832981,0.9128709292,True,0.8587443946,89,89,hard
R1_cosine,FZHuoYYJW-T,u0062,western,test,0.9486832981,0.9128709292,True,0.8587443946,89,89,hard
R1_cosine,FZHuoYYJW-T,u0063,western,test,0.9486832981,0.9128709292,True,0.8587443946,89,89,hard
R1_cosine,FZHuoYYJW-T,u0064,western,test,0.9486832981,0.9128709292,True,0.8587443946,89,89,hard
R1_cosine,FZHuoYYJW-T,u0065,western,test,0.9486832981,0.9128709292,True,0.8587443946,89,89,hard
R1_cosine,FZHuoYYJW-T,u0067,western,test,0.9486832981,0.9128709292,True,0.8587443946,89,89,hard
R1_cosine,FZHuoYYJW-T,u0069,western,test,0.9486832981,0.9128709292,True,0.8587443946,89,89,hard
R1_cosine,FZHuoYYJW-T,u006C,western,test,0.9486832981,0.9128709292,True,0.8587443946,89,89,hard
R1_cosine,FZHuoYYJW-T,u006E,western,test,0.9486832981,0.9128709292,True,0.8587443946,89,89,hard
R1_cosine,FZHuoYYJW-T,u006F,western,test,0.632455532,0.5477225575,True,0.8587443946,89,89,hard
R1_cosine,FZHuoYYJW-T,u0070,western,test,0.9486832981,0.9128709292,True,0.8587443946,89,89,hard
R1_cosine,FZHuoYYJW-T,u0071,western,test,0.9486832981,0.9128709292,True,0.8587443946,89,89,hard
R1_cosine,FZHuoYYJW-T,u0075,western,test,0.9486832981,0.9128709292,True,0.8587443946,89,89,hard
R1_cosine,FZHuoYYJW-T,u00E0,western,test,0.9486832981,0.9128709292,True,0.8587443946,89,89,hard
R1_cosine,FZHuoYYJW-T,u00E9,western,test,0.9486832981,0.9128709292,True,0.8587443946,89,89,hard
R1_cosine,FZHuoYYJW-T,u00FC,western,test,0.9486832981,0.9128709292,True,0.8587443946,89,89,hard
R1_cosine,FZHuoYYJW-T,u0101,western,test,0.9486832981,0.9128709292,True,0.8587443946,89,89,hard
R1_cosine,FZHuoYYJW-T,u011B,western,test,0.9486832981,0.9128709292,True,0.8587443946,89,89,hard
R1_cosine,FZJianLTJW_Te,u0030,western,test,0.316227766,0.1825741858,True,0.2892376682,89,89,easy
R1_cosine,FZJianLTJW_Te,u0031,western,test,0.632455532,0.5477225575,True,0.2892376682,89,89,easy
R1_cosine,FZJianLTJW_Te,u0032,western,test,0.632455532,0.5477225575,True,0.2892376682,89,89,easy
R1_cosine,FZJianLTJW_Te,u0033,western,test,0.632455532,0.5477225575,True,0.2892376682,89,89,easy
R1_cosine,FZJianLTJW_Te,u0034,western,test,0.9486832981,0.9128709292,True,0.2892376682,89,89,easy
R1_cosine,FZJianLTJW_Te,u0035,western,test,0.632455532,0.5477225575,True,0.2892376682,89,89,easy
R1_cosine,FZJianLTJW_Te,u0036,western,test,0.9486832981,0.9128709292,True,0.2892376682,89,89,easy
R1_cosine,FZJianLTJW_Te,u0037,western,test,0.9486832981,0.9128709292,True,0.2892376682,89,89,easy
R1_cosine,FZJianLTJW_Te,u0038,western,test,0.9486832981,0.9128709292,True,0.2892376682,89,89,easy
R1_cosine,FZJianLTJW_Te,u0039,western,test,0.9486832981,0.9128709292,True,0.2892376682,89,89,easy
R1_cosine,FZJianLTJW_Te,u0041,western,test,0.9486832981,0.9128709292,True,0.2892376682,89,89,easy
R1_cosine,FZJianLTJW_Te,u0042,western,test,0.632455532,0.5477225575,True,0.2892376682,89,89,easy
R1_cosine,FZJianLTJW_Te,u0043,western,test,0.632455532,0.5477225575,True,0.2892376682,89,89,easy
R1_cosine,FZJianLTJW_Te,u0047,western,test,0.316227766,0.1825741858,True,0.2892376682,89,89,easy
R1_cosine,FZJianLTJW_Te,u004D,western,test,0.9486832981,0.9128709292,True,0.2892376682,89,89,easy
R1_cosine,FZJianLTJW_Te,u004F,western,test,0.316227766,0.1825741858,True,0.2892376682,89,89,easy
R1_cosine,FZJianLTJW_Te,u0051,western,test,0.632455532,0.5477225575,True,0.2892376682,89,89,easy
R1_cosine,FZJianLTJW_Te,u0052,western,test,0.316227766,0.1825741858,True,0.2892376682,89,89,easy
R1_cosine,FZJianLTJW_Te,u0057,western,test,0.9486832981,0.9128709292,True,0.2892376682,89,89,easy
R1_cosine,FZJianLTJW_Te,u0061,western,test,0.9486832981,0.9128709292,True,0.2892376682,89,89,easy
R1_cosine,FZJianLTJW_Te,u0062,western,test,0.9486832981,0.9128709292,True,0.2892376682,89,89,easy
R1_cosine,FZJianLTJW_Te,u0063,western,test,0.632455532,0.5477225575,True,0.2892376682,89,89,easy
R1_cosine,FZJianLTJW_Te,u0064,western,test,0.9486832981,0.9128709292,True,0.2892376682,89,89,easy
R1_cosine,FZJianLTJW_Te,u0065,western,test,0.9486832981,0.9128709292,True,0.2892376682,89,89,easy
R1_cosine,FZJianLTJW_Te,u0067,western,test,0.9486832981,0.9128709292,True,0.2892376682,89,89,easy
R1_cosine,FZJianLTJW_Te,u0069,western,test,0.632455532,0.5477225575,True,0.2892376682,89,89,easy
R1_cosine,FZJianLTJW_Te,u006C,western,test,0.632455532,0.5477225575,True,0.2892376682,89,89,easy
R1_cosine,FZJianLTJW_Te,u006E,western,test,0.316227766,0.1825741858,True,0.2892376682,89,89,easy
R1_cosine,FZJianLTJW_Te,u006F,western,test,0.632455532,0.5477225575,True,0.2892376682,89,89,easy
R1_cosine,FZJianLTJW_Te,u0070,western,test,0.632455532,0.5477225575,True,0.2892376682,89,89,easy
R1_cosine,FZJianLTJW_Te,u0071,western,test,0.632455532,0.5477225575,True,0.2892376682,89,89,easy
R1_cosine,FZJianLTJW_Te,u0075,western,test,0.9486832981,0.9128709292,True,0.2892376682,89,89,easy
R1_cosine,FZJianLTJW_Te,u00E0,western,test,0.9486832981,0.9128709292,True,0.2892376682,89,89,easy
R1_cosine,FZJianLTJW_Te,u00E9,western,test,0.9486832981,0.9128709292,True,0.2892376682,89,89,easy
R1_cosine,FZJianLTJW_Te,u00FC,western,test,0.9486832981,0.9128709292,True,0.2892376682,89,89,easy
R1_cosine,FZJianLTJW_Te,u0101,western,test,0.9486832981,0.9128709292,True,0.2892376682,89,89,easy
R1_cosine,FZJianLTJW_Te,u011B,western,test,0.632455532,0.5477225575,True,0.2892376682,89,89,easy
R1_cosine,FZJianLTJW_Te,u3042,kana,test,0.9486832981,0.9128709292,True,0.2340425532,169,169,easy
R1_cosine,FZJianLTJW_Te,u304B,kana,test,0.9486832981,0.9128709292,True,0.2340425532,169,169,easy
R1_cosine,FZJianLTJW_Te,u3055,kana,test,0.9486832981,0.9128709292,True,0.2340425532,169,169,easy
R1_cosine,FZJianLTJW_Te,u3093,kana,test,0.9486832981,0.9128709292,True,0.2340425532,169,169,easy
R1_cosine,FZJianLTJW_Te,u30A2,kana,test,0.9486832981,0.9128709292,True,0.2340425532,169,169,easy
R1_cosine,FZJianLTJW_Te,u30AB,kana,test,0.9486832981,0.9128709292,True,0.2340425532,169,169,easy
R1_cosine,FZJianLTJW_Te,u30F3,kana,test,0.9486832981,0.9128709292,True,0.2340425532,169,169,easy
R1_cosine,FZJingLTJW-H,u0030,western,test,0.9486832981,0.9128709292,True,0.4349775785,89,89,medium
R1_cosine,FZJingLTJW-H,u0031,western,test,0.9486832981,0.9128709292,True,0.4349775785,89,89,medium
R1_cosine,FZJingLTJW-H,u0032,western,test,0.9486832981,0.9128709292,True,0.4349775785,89,89,medium
R1_cosine,FZJingLTJW-H,u0033,western,test,0.9486832981,0.9128709292,True,0.4349775785,89,89,medium
R1_cosine,FZJingLTJW-H,u0034,western,test,0.9486832981,0.9128709292,True,0.4349775785,89,89,medium
R1_cosine,FZJingLTJW-H,u0035,western,test,0.9486832981,0.9128709292,True,0.4349775785,89,89,medium
R1_cosine,FZJingLTJW-H,u0036,western,test,0.9486832981,0.9128709292,True,0.4349775785,89,89,medium
R1_cosine,FZJingLTJW-H,u0037,western,test,0.9486832981,0.9128709292,True,0.4349775785,89,89,medium
R1_cosine,FZJingLTJW-H,u0038,western,test,0.9486832981,0.9128709292,True,0.4349775785,89,89,medium
R1_cosine,FZJingLTJW-H,u0039,western,test,0.9486832981,0.9128709292,True,0.4349775785,89,89,medium
R1_cosine,FZJingLTJW-H,u0041,western,test,0.9486832981,0.9128709292,True,0.4349775785,89,89,medium
R1_cosine,FZJingLTJW-H,u0042,western,test,0.9486832981,0.9128709292,True,0.4349775785,89,89,medium
R1_cosine,FZJingLTJW-H,u0043,western,test,0.9486832981,0.9128709292,True,0.4349775785,89,89,medium
R1_cosine,FZJingLTJW-H,u0047,western,test,0.9486832981,0.9128709292,True,0.4349775785,89,89,medium
R1_cosine,FZJingLTJW-H,u004D,western,test,0.9486832981,0.9128709292,True,0.4349775785,89,89,medium
R1_cosine,FZJingLTJW-H,u004F,western,test,0.9486832981,0.9128709292,True,0.4349775785,89,89,medium
R1_cosine,FZJingLTJW-H,u0051,western,test,0.9486832981,0.9128709292,True,0.4349775785,89,89,medium
R1_cosine,FZJingLTJW-H,u0052,western,test,0.9486832981,0.9128709292,True,0.4349775785,89,89,medium
R1_cosine,FZJingLTJW-H,u0057,western,test,0.9486832981,0.9128709292,True,0.4349775785,89,89,medium
R1_cosine,FZJingLTJW-H,u0061,western,test,0.9486832981,0.9128709292,True,0.4349775785,89,89,medium
R1_cosine,FZJingLTJW-H,u0062,western,test,0.9486832981,0.9128709292,True,0.4349775785,89,89,medium
R1_cosine,FZJingLTJW-H,u0063,western,test,0.9486832981,0.9128709292,True,0.4349775785,89,89,medium
R1_cosine,FZJingLTJW-H,u0064,western,test,0.9486832981,0.9128709292,True,0.4349775785,89,89,medium
R1_cosine,FZJingLTJW-H,u0065,western,test,0.9486832981,0.9128709292,True,0.4349775785,89,89,medium
R1_cosine,FZJingLTJW-H,u0067,western,test,0.9486832981,0.9128709292,True,0.4349775785,89,89,medium
R1_cosine,FZJingLTJW-H,u0069,western,test,0.9486832981,0.9128709292,True,0.4349775785,89,89,medium
R1_cosine,FZJingLTJW-H,u006C,western,test,0.9486832981,0.9128709292,True,0.4349775785,89,89,medium
R1_cosine,FZJingLTJW-H,u006E,western,test,0.9486832981,0.9128709292,True,0.4349775785,89,89,medium
R1_cosine,FZJingLTJW-H,u006F,western,test,0.9486832981,0.9128709292,True,0.4349775785,89,89,medium
R1_cosine,FZJingLTJW-H,u0070,western,test,0.9486832981,0.9128709292,True,0.4349775785,89,89,medium
R1_cosine,FZJingLTJW-H,u0071,western,test,0.9486832981,0.9128709292,True,0.4349775785,89,89,medium
R1_cosine,FZJingLTJW-H,u0075,western,test,0.9486832981,0.9128709292,True,0.4349775785,89,89,medium
R1_cosine,FZJingLTJW-H,u00E0,western,test,0.9486832981,0.9128709292,True,0.4349775785,89,89,medium
R1_cosine,FZJingLTJW-H,u00E9,western,test,0.9486832981,0.9128709292,True,0.4349775785,89,89,medium
R1_cosine,FZJingLTJW-H,u00FC,western,test,0.9486832981,0.9128709292,True,0.4349775785,89,89,medium
R1_cosine,FZJingLTJW-H,u0101,western,test,0.9486832981,0.9128709292,True,0.4349775785,89,89,medium
R1_cosine,FZJingLTJW-H,u011B,western,test,0.9486832981,0.9128709292,True,0.4349775785,89,89,medium
R1_cosine,FZJingLTJW-H,u3042,kana,test,0.9486832981,0.9128709292,True,0.3510638298,169,169,easy
R1_cosine,FZJingLTJW-H,u304B,kana,test,0.9486832981,0.9128709292,True,0.3510638298,169,169,easy
R1_cosine,FZJingLTJW-H,u3055,kana,test,0.9486832981,0.9128709292,True,0.3510638298,169,169,easy
R1_cosine,FZJingLTJW-H,u3093,kana,test,0.9486832981,0.9128709292,True,0.3510638298,169,169,easy
R1_cosine,FZJingLTJW-H,u30A2,kana,test,0.9486832981,0.9128709292,True,0.3510638298,169,169,easy
R1_cosine,FZJingLTJW-H,u30AB,kana,test,0.9486832981,0.9128709292,True,0.3510638298,169,169,easy
R1_cosine,FZJingLTJW-H,u30F3,kana,test,0.9486832981,0.9128709292,True,0.3510638298,169,169,easy
R1_cosine,FZJingLTJW-H,u3105,bopomofo,test,0.9486832981,0.9128709292,True,0.3615384615,37,37,easy
R1_cosine,FZJingLTJW-H,u3106,bopomofo,test,0.9486832981,0.9128709292,True,0.3615384615,37,37,easy
R1_cosine,FZJingLTJW-H,u311A,bopomofo,test,0.9486832981,0.9128709292,True,0.3615384615,37,37,easy
R1_cosine,FZJingYLLTJW,u0030,western,test,0.9486832981,0.9128709292,True,0.4304932735,89,89,medium
R1_cosine,FZJingYLLTJW,u0031,western,test,0.316227766,0.1825741858,True,0.4304932735,89,89,medium
R1_cosine,FZJingYLLTJW,u0032,western,test,0.632455532,0.5477225575,True,0.4304932735,89,89,medium
R1_cosine,FZJingYLLTJW,u0033,western,test,0.9486832981,0.9128709292,True,0.4304932735,89,89,medium
R1_cosine,FZJingYLLTJW,u0034,western,test,0.9486832981,0.9128709292,True,0.4304932735,89,89,medium
R1_cosine,FZJingYLLTJW,u0035,western,test,0.9486832981,0.9128709292,True,0.4304932735,89,89,medium
R1_cosine,FZJingYLLTJW,u0036,western,test,0.632455532,0.5477225575,True,0.4304932735,89,89,medium
R1_cosine,FZJingYLLTJW,u0037,western,test,0.632455532,0.5477225575,True,0.4304932735,89,89,medium
R1_cosine,FZJingYLLTJW,u0038,western,test,0.9486832981,0.9128709292,True,0.4304932735,89,89,medium
R1_cosine,FZJingYLLTJW,u0039,western,test,0.9486832981,0.9128709292,True,0.4304932735,89,89,medium
R1_cosine,FZJingYLLTJW,u0041,western,test,0.9486832981,0.9128709292,True,0.4304932735,89,89,medium
R1_cosine,FZJingYLLTJW,u0042,western,test,0.316227766,0.1825741858,True,0.4304932735,89,89,medium
R1_cosine,FZJingYLLTJW,u0043,western,test,0.316227766,0.1825741858,True,0.4304932735,89,89,medium
R1_cosine,FZJingYLLTJW,u0047,western,test,0.9486832981,0.9128709292,True,0.4304932735,89,89,medium
R1_cosine,FZJingYLLTJW,u004D,western,test,0.9486832981,0.9128709292,True,0.4304932735,89,89,medium
R1_cosine,FZJingYLLTJW,u004F,western,test,0.9486832981,0.9128709292,True,0.4304932735,89,89,medium
R1_cosine,FZJingYLLTJW,u0051,western,test,0.316227766,0.1825741858,True,0.4304932735,89,89,medium
R1_cosine,FZJingYLLTJW,u0052,western,test,0.9486832981,0.9128709292,True,0.4304932735,89,89,medium
R1_cosine,FZJingYLLTJW,u0057,western,test,0.632455532,0.5477225575,True,0.4304932735,89,89,medium
R1_cosine,FZJingYLLTJW,u0061,western,test,0.9486832981,0.9128709292,True,0.4304932735,89,89,medium
R1_cosine,FZJingYLLTJW,u0062,western,test,0.9486832981,0.9128709292,True,0.4304932735,89,89,medium
R1_cosine,FZJingYLLTJW,u0063,western,test,0.632455532,0.5477225575,True,0.4304932735,89,89,medium
R1_cosine,FZJingYLLTJW,u0064,western,test,0.632455532,0.5477225575,True,0.4304932735,89,89,medium
R1_cosine,FZJingYLLTJW,u0065,western,test,0.632455532,0.5477225575,True,0.4304932735,89,89,medium
R1_cosine,FZJingYLLTJW,u0067,western,test,0.632455532,0.5477225575,True,0.4304932735,89,89,medium
R1_cosine,FZJingYLLTJW,u0069,western,test,0.632455532,0.5477225575,True,0.4304932735,89,89,medium
R1_cosine,FZJingYLLTJW,u006C,western,test,0.316227766,0.1825741858,True,0.4304932735,89,89,medium
R1_cosine,FZJingYLLTJW,u006E,western,test,0.316227766,0.1825741858,True,0.4304932735,89,89,medium
R1_cosine,FZJingYLLTJW,u006F,western,test,0.632455532,0.5477225575,True,0.4304932735,89,89,medium
R1_cosine,FZJingYLLTJW,u0070,western,test,0.632455532,0.5477225575,True,0.4304932735,89,89,medium
R1_cosine,FZJingYLLTJW,u0071,western,test,0.632455532,0.5477225575,True,0.4304932735,89,89,medium
R1_cosine,FZJingYLLTJW,u0075,western,test,0.9486832981,0.9128709292,True,0.4304932735,89,89,medium
R1_cosine,FZJingYLLTJW,u00E0,western,test,0.316227766,0.1825741858,True,0.4304932735,89,89,medium
R1_cosine,FZJingYLLTJW,u00E9,western,test,0.9486832981,0.9128709292,True,0.4304932735,89,89,medium
R1_cosine,FZJingYLLTJW,u00FC,western,test,0.9486832981,0.9128709292,True,0.4304932735,89,89,medium
R1_cosine,FZJingYLLTJW,u0101,western,test,0.632455532,0.5477225575,True,0.4304932735,89,89,medium
R1_cosine,FZJingYLLTJW,u011B,western,test,0.9486832981,0.9128709292,True,0.4304932735,89,89,medium
R1_cosine,FZLingFKSJW-B,u0030,western,test,0.632455532,0.5477225575,True,0.634529148,89,89,hard
R1_cosine,FZLingFKSJW-B,u0031,western,test,0.9486832981,0.9128709292,True,0.634529148,89,89,hard
R1_cosine,FZLingFKSJW-B,u0032,western,test,0.9486832981,0.9128709292,True,0.634529148,89,89,hard
R1_cosine,FZLingFKSJW-B,u0033,western,test,0.9486832981,0.9128709292,True,0.634529148,89,89,hard
R1_cosine,FZLingFKSJW-B,u0034,western,test,0.9486832981,0.9128709292,True,0.634529148,89,89,hard
R1_cosine,FZLingFKSJW-B,u0035,western,test,0.9486832981,0.9128709292,True,0.634529148,89,89,hard
R1_cosine,FZLingFKSJW-B,u0036,western,test,0.9486832981,0.9128709292,True,0.634529148,89,89,hard
R1_cosine,FZLingFKSJW-B,u0037,western,test,0.9486832981,0.9128709292,True,0.634529148,89,89,hard
R1_cosine,FZLingFKSJW-B,u0038,western,test,0.9486832981,0.9128709292,True,0.634529148,89,89,hard
R1_cosine,FZLingFKSJW-B,u0039,western,test,0.9486832981,0.9128709292,True,0.634529148,89,89,hard
R1_cosine,FZLingFKSJW-B,u0041,western,test,0.7378647874,0.5477225575,True,0.634529148,89,89,hard
R1_cosine,FZLingFKSJW-B,u0042,western,test,0.316227766,0.1825741858,True,0.634529148,89,89,hard
R1_cosine,FZLingFKSJW-B,u0043,western,test,0.316227766,0.1825741858,True,0.634529148,89,89,hard
R1_cosine,FZLingFKSJW-B,u0047,western,test,0.316227766,0.1825741858,True,0.634529148,89,89,hard
R1_cosine,FZLingFKSJW-B,u004D,western,test,0.632455532,0.5477225575,True,0.634529148,89,89,hard
R1_cosine,FZLingFKSJW-B,u004F,western,test,0.9486832981,0.9128709292,True,0.634529148,89,89,hard
R1_cosine,FZLingFKSJW-B,u0051,western,test,0.632455532,0.5477225575,True,0.634529148,89,89,hard
R1_cosine,FZLingFKSJW-B,u0052,western,test,0.632455532,0.5477225575,True,0.634529148,89,89,hard
R1_cosine,FZLingFKSJW-B,u0057,western,test,0.9486832981,0.9128709292,True,0.634529148,89,89,hard
R1_cosine,FZLingFKSJW-B,u0061,western,test,0.9486832981,0.9128709292,True,0.634529148,89,89,hard
R1_cosine,FZLingFKSJW-B,u0062,western,test,0.632455532,0.5477225575,True,0.634529148,89,89,hard
R1_cosine,FZLingFKSJW-B,u0063,western,test,0.9486832981,0.9128709292,True,0.634529148,89,89,hard
R1_cosine,FZLingFKSJW-B,u0064,western,test,0.9486832981,0.9128709292,True,0.634529148,89,89,hard
R1_cosine,FZLingFKSJW-B,u0065,western,test,0.316227766,0.1825741858,True,0.634529148,89,89,hard
R1_cosine,FZLingFKSJW-B,u0067,western,test,0.316227766,0.1825741858,True,0.634529148,89,89,hard
R1_cosine,FZLingFKSJW-B,u0069,western,test,0.9486832981,0.9128709292,True,0.634529148,89,89,hard
R1_cosine,FZLingFKSJW-B,u006C,western,test,0.632455532,0.5477225575,True,0.634529148,89,89,hard
R1_cosine,FZLingFKSJW-B,u006E,western,test,0.9486832981,0.9128709292,True,0.634529148,89,89,hard
R1_cosine,FZLingFKSJW-B,u006F,western,test,0.316227766,0.1825741858,True,0.634529148,89,89,hard
R1_cosine,FZLingFKSJW-B,u0070,western,test,0.9486832981,0.9128709292,True,0.634529148,89,89,hard
R1_cosine,FZLingFKSJW-B,u0071,western,test,0.316227766,0.1825741858,True,0.634529148,89,89,hard
R1_cosine,FZLingFKSJW-B,u0075,western,test,0.7378647874,0.5477225575,True,0.634529148,89,89,hard
R1_cosine,FZLingFKSJW-B,u00E0,western,test,0.316227766,0.1825741858,True,0.634529148,89,89,hard
R1_cosine,FZLingFKSJW-B,u00E9,western,test,0.316227766,0.1825741858,True,0.634529148,89,89,hard
R1_cosine,FZLingFKSJW-B,u00FC,western,test,0.316227766,0.1825741858,True,0.634529148,89,89,hard
R1_cosine,FZLingFKSJW-B,u0101,western,test,0.9486832981,0.9128709292,True,0.634529148,89,89,hard
R1_cosine,FZLingFKSJW-B,u011B,western,test,0.316227766,0.1825741858,True,0.634529148,89,89,hard
R1_cosine,FZLingFKSJW-B,u3042,kana,test,0.632455532,0.5477225575,True,0.5531914894,169,169,medium
R1_cosine,FZLingFKSJW-B,u304B,kana,test,0.632455532,0.5477225575,True,0.5531914894,169,169,medium
R1_cosine,FZLingFKSJW-B,u3055,kana,test,0.9486832981,0.9128709292,True,0.5531914894,169,169,medium
R1_cosine,FZLingFKSJW-B,u3093,kana,test,0.9486832981,0.9128709292,True,0.5531914894,169,169,medium
R1_cosine,FZLingFKSJW-B,u30A2,kana,test,0.9486832981,0.9128709292,True,0.5531914894,169,169,medium
R1_cosine,FZLingFKSJW-B,u30AB,kana,test,0.9486832981,0.9128709292,True,0.5531914894,169,169,medium
R1_cosine,FZLingFKSJW-B,u30F3,kana,test,0.632455532,0.5477225575,True,0.5531914894,169,169,medium
R1_cosine,FZLingFKSJW-B,u3105,bopomofo,test,0.316227766,0.1825741858,True,0.5192307692,37,37,medium
R1_cosine,FZLingFKSJW-B,u3106,bopomofo,test,0.632455532,0.5477225575,True,0.5192307692,37,37,medium
R1_cosine,FZLingFKSJW-B,u311A,bopomofo,test,0.9486832981,0.9128709292,True,0.5192307692,37,37,medium
R1_cosine,FZLiuGQKJW-L,u0030,western,test,0.9486832981,0.9128709292,True,0.7264573991,89,89,hard
R1_cosine,FZLiuGQKJW-L,u0031,western,test,0.9486832981,0.9128709292,True,0.7264573991,89,89,hard
R1_cosine,FZLiuGQKJW-L,u0032,western,test,0.9486832981,0.9128709292,True,0.7264573991,89,89,hard
R1_cosine,FZLiuGQKJW-L,u0033,western,test,0.9486832981,0.9128709292,True,0.7264573991,89,89,hard
R1_cosine,FZLiuGQKJW-L,u0034,western,test,0.316227766,0.1825741858,True,0.7264573991,89,89,hard
R1_cosine,FZLiuGQKJW-L,u0035,western,test,0.9486832981,0.9128709292,True,0.7264573991,89,89,hard
R1_cosine,FZLiuGQKJW-L,u0036,western,test,0.9486832981,0.9128709292,True,0.7264573991,89,89,hard
R1_cosine,FZLiuGQKJW-L,u0037,western,test,0.9486832981,0.9128709292,True,0.7264573991,89,89,hard
R1_cosine,FZLiuGQKJW-L,u0038,western,test,0.9486832981,0.9128709292,True,0.7264573991,89,89,hard
R1_cosine,FZLiuGQKJW-L,u0039,western,test,0.9486832981,0.9128709292,True,0.7264573991,89,89,hard
R1_cosine,FZLiuGQKJW-L,u0041,western,test,0.9486832981,0.9128709292,True,0.7264573991,89,89,hard
R1_cosine,FZLiuGQKJW-L,u0042,western,test,0.9486832981,0.9128709292,True,0.7264573991,89,89,hard
R1_cosine,FZLiuGQKJW-L,u0043,western,test,0.9486832981,0.9128709292,True,0.7264573991,89,89,hard
R1_cosine,FZLiuGQKJW-L,u0047,western,test,0.9486832981,0.9128709292,True,0.7264573991,89,89,hard
R1_cosine,FZLiuGQKJW-L,u004D,western,test,0.9486832981,0.9128709292,True,0.7264573991,89,89,hard
R1_cosine,FZLiuGQKJW-L,u004F,western,test,0.9486832981,0.9128709292,True,0.7264573991,89,89,hard
R1_cosine,FZLiuGQKJW-L,u0051,western,test,0.9486832981,0.9128709292,True,0.7264573991,89,89,hard
R1_cosine,FZLiuGQKJW-L,u0052,western,test,0.9486832981,0.9128709292,True,0.7264573991,89,89,hard
R1_cosine,FZLiuGQKJW-L,u0057,western,test,0.632455532,0.5477225575,True,0.7264573991,89,89,hard
R1_cosine,FZLiuGQKJW-L,u0061,western,test,0.9486832981,0.9128709292,True,0.7264573991,89,89,hard
R1_cosine,FZLiuGQKJW-L,u0062,western,test,0.632455532,0.5477225575,True,0.7264573991,89,89,hard
R1_cosine,FZLiuGQKJW-L,u0063,western,test,0.9486832981,0.9128709292,True,0.7264573991,89,89,hard
R1_cosine,FZLiuGQKJW-L,u0064,western,test,0.9486832981,0.9128709292,True,0.7264573991,89,89,hard
R1_cosine,FZLiuGQKJW-L,u0065,western,test,0.9486832981,0.9128709292,True,0.7264573991,89,89,hard
R1_cosine,FZLiuGQKJW-L,u0067,western,test,0.9486832981,0.9128709292,True,0.7264573991,89,89,hard
R1_cosine,FZLiuGQKJW-L,u0069,western,test,0.9486832981,0.9128709292,True,0.7264573991,89,89,hard
R1_cosine,FZLiuGQKJW-L,u006C,western,test,0.9486832981,0.9128709292,True,0.7264573991,89,89,hard
R1_cosine,FZLiuGQKJW-L,u006E,western,test,0.316227766,0.1825741858,True,0.7264573991,89,89,hard
R1_cosine,FZLiuGQKJW-L,u006F,western,test,0.9486832981,0.9128709292,True,0.7264573991,89,89,hard
R1_cosine,FZLiuGQKJW-L,u0070,western,test,0.9486832981,0.9128709292,True,0.7264573991,89,89,hard
R1_cosine,FZLiuGQKJW-L,u0071,western,test,0.9486832981,0.9128709292,True,0.7264573991,89,89,hard
R1_cosine,FZLiuGQKJW-L,u0075,western,test,0.9486832981,0.9128709292,True,0.7264573991,89,89,hard
R1_cosine,FZLiuGQKJW-L,u00E0,western,test,0.9486832981,0.9128709292,True,0.7264573991,89,89,hard
R1_cosine,FZLiuGQKJW-L,u00E9,western,test,0.9486832981,0.9128709292,True,0.7264573991,89,89,hard
R1_cosine,FZLiuGQKJW-L,u00FC,western,test,0.9486832981,0.9128709292,True,0.7264573991,89,89,hard
R1_cosine,FZLiuGQKJW-L,u0101,western,test,0.9486832981,0.9128709292,True,0.7264573991,89,89,hard
R1_cosine,FZLiuGQKJW-L,u011B,western,test,0.9486832981,0.9128709292,True,0.7264573991,89,89,hard
R1_cosine,FZLiuGQKJW-L,u3042,kana,test,0.9486832981,0.9128709292,True,0.7473404255,169,169,hard
R1_cosine,FZLiuGQKJW-L,u304B,kana,test,0.9486832981,0.9128709292,True,0.7473404255,169,169,hard
R1_cosine,FZLiuGQKJW-L,u3055,kana,test,0.632455532,0.5477225575,True,0.7473404255,169,169,hard
R1_cosine,FZLiuGQKJW-L,u3093,kana,test,0.9486832981,0.9128709292,True,0.7473404255,169,169,hard
R1_cosine,FZLiuGQKJW-L,u30A2,kana,test,0.9486832981,0.9128709292,True,0.7473404255,169,169,hard
R1_cosine,FZLiuGQKJW-L,u30AB,kana,test,0.9486832981,0.9128709292,True,0.7473404255,169,169,hard
R1_cosine,FZLiuGQKJW-L,u30F3,kana,test,0.9486832981,0.9128709292,True,0.7473404255,169,169,hard
R1_cosine,FZMaWDBSJW,u0030,western,test,0.9486832981,0.9128709292,True,0.5448430493,89,89,medium
R1_cosine,FZMaWDBSJW,u0031,western,test,0.9486832981,0.9128709292,True,0.5448430493,89,89,medium
R1_cosine,FZMaWDBSJW,u0032,western,test,0.9486832981,0.9128709292,True,0.5448430493,89,89,medium
R1_cosine,FZMaWDBSJW,u0033,western,test,0.9486832981,0.9128709292,True,0.5448430493,89,89,medium
R1_cosine,FZMaWDBSJW,u0034,western,test,0.9486832981,0.9128709292,True,0.5448430493,89,89,medium
R1_cosine,FZMaWDBSJW,u0035,western,test,0.9486832981,0.9128709292,True,0.5448430493,89,89,medium
R1_cosine,FZMaWDBSJW,u0036,western,test,0.9486832981,0.9128709292,True,0.5448430493,89,89,medium
R1_cosine,FZMaWDBSJW,u0037,western,test,0.9486832981,0.9128709292,True,0.5448430493,89,89,medium
R1_cosine,FZMaWDBSJW,u0038,western,test,0.9486832981,0.9128709292,True,0.5448430493,89,89,medium
R1_cosine,FZMaWDBSJW,u0039,western,test,0.9486832981,0.9128709292,True,0.5448430493,89,89,medium
R1_cosine,FZMaWDBSJW,u0041,western,test,0.9486832981,0.9128709292,True,0.5448430493,89,89,medium
R1_cosine,FZMaWDBSJW,u0042,western,test,0.9486832981,0.9128709292,True,0.5448430493,89,89,medium
R1_cosine,FZMaWDBSJW,u0043,western,test,0.9486832981,0.9128709292,True,0.5448430493,89,89,medium
R1_cosine,FZMaWDBSJW,u0047,western,test,0.9486832981,0.9128709292,True,0.5448430493,89,89,medium
R1_cosine,FZMaWDBSJW,u004D,western,test,0.9486832981,0.9128709292,True,0.5448430493,89,89,medium
R1_cosine,FZMaWDBSJW,u004F,western,test,0.9486832981,0.9128709292,True,0.5448430493,89,89,medium
R1_cosine,FZMaWDBSJW,u0051,western,test,0.9486832981,0.9128709292,True,0.5448430493,89,89,medium
R1_cosine,FZMaWDBSJW,u0052,western,test,0.9486832981,0.9128709292,True,0.5448430493,89,89,medium
R1_cosine,FZMaWDBSJW,u0057,western,test,0.9486832981,0.9128709292,True,0.5448430493,89,89,medium
R1_cosine,FZMaWDBSJW,u0061,western,test,0.9486832981,0.9128709292,True,0.5448430493,89,89,medium
R1_cosine,FZMaWDBSJW,u0062,western,test,0.9486832981,0.9128709292,True,0.5448430493,89,89,medium
R1_cosine,FZMaWDBSJW,u0063,western,test,0.9486832981,0.9128709292,True,0.5448430493,89,89,medium
R1_cosine,FZMaWDBSJW,u0064,western,test,0.9486832981,0.9128709292,True,0.5448430493,89,89,medium
R1_cosine,FZMaWDBSJW,u0065,western,test,0.9486832981,0.9128709292,True,0.5448430493,89,89,medium
R1_cosine,FZMaWDBSJW,u0067,western,test,0.9486832981,0.9128709292,True,0.5448430493,89,89,medium
R1_cosine,FZMaWDBSJW,u0069,western,test,0.9486832981,0.9128709292,True,0.5448430493,89,89,medium
R1_cosine,FZMaWDBSJW,u006C,western,test,0.9486832981,0.9128709292,True,0.5448430493,89,89,medium
R1_cosine,FZMaWDBSJW,u006E,western,test,0.9486832981,0.9128709292,True,0.5448430493,89,89,medium
R1_cosine,FZMaWDBSJW,u006F,western,test,0.9486832981,0.9128709292,True,0.5448430493,89,89,medium
R1_cosine,FZMaWDBSJW,u0070,western,test,0.9486832981,0.9128709292,True,0.5448430493,89,89,medium
R1_cosine,FZMaWDBSJW,u0071,western,test,0.9486832981,0.9128709292,True,0.5448430493,89,89,medium
R1_cosine,FZMaWDBSJW,u0075,western,test,0.9486832981,0.9128709292,True,0.5448430493,89,89,medium
R1_cosine,FZMaWDBSJW,u00E0,western,test,0.9486832981,0.9128709292,True,0.5448430493,89,89,medium
R1_cosine,FZMaWDBSJW,u00E9,western,test,0.9486832981,0.9128709292,True,0.5448430493,89,89,medium
R1_cosine,FZMaWDBSJW,u00FC,western,test,0.9486832981,0.9128709292,True,0.5448430493,89,89,medium
R1_cosine,FZMaWDBSJW,u0101,western,test,0.9486832981,0.9128709292,True,0.5448430493,89,89,medium
R1_cosine,FZMaWDBSJW,u011B,western,test,0.9486832981,0.9128709292,True,0.5448430493,89,89,medium
R1_cosine,FZMaWDBSJW,u3042,kana,test,0.9486832981,0.9128709292,True,0.5079787234,169,169,medium
R1_cosine,FZMaWDBSJW,u304B,kana,test,0.9486832981,0.9128709292,True,0.5079787234,169,169,medium
R1_cosine,FZMaWDBSJW,u3055,kana,test,0.9486832981,0.9128709292,True,0.5079787234,169,169,medium
R1_cosine,FZMaWDBSJW,u3093,kana,test,0.632455532,0.5477225575,True,0.5079787234,169,169,medium
R1_cosine,FZMaWDBSJW,u30A2,kana,test,0.9486832981,0.9128709292,True,0.5079787234,169,169,medium
R1_cosine,FZMaWDBSJW,u30AB,kana,test,0.9486832981,0.9128709292,True,0.5079787234,169,169,medium
R1_cosine,FZMaWDBSJW,u30F3,kana,test,0.9486832981,0.9128709292,True,0.5079787234,169,169,medium
R1_cosine,FZMaWDBSJW,u3105,bopomofo,test,,,False,0.4884615385,37,37,medium
R1_cosine,FZMaWDBSJW,u3106,bopomofo,test,,,False,0.4884615385,37,37,medium
R1_cosine,FZMaWDBSJW,u311A,bopomofo,test,,,False,0.4884615385,37,37,medium
R1_cosine,FZTJLSJW,u0030,western,test,0.9486832981,0.9128709292,True,0.8004484305,89,89,hard
R1_cosine,FZTJLSJW,u0031,western,test,0.9486832981,0.9128709292,True,0.8004484305,89,89,hard
R1_cosine,FZTJLSJW,u0032,western,test,0.9486832981,0.9128709292,True,0.8004484305,89,89,hard
R1_cosine,FZTJLSJW,u0033,western,test,0.9486832981,0.9128709292,True,0.8004484305,89,89,hard
R1_cosine,FZTJLSJW,u0034,western,test,0.9486832981,0.9128709292,True,0.8004484305,89,89,hard
R1_cosine,FZTJLSJW,u0035,western,test,0.9486832981,0.9128709292,True,0.8004484305,89,89,hard
R1_cosine,FZTJLSJW,u0036,western,test,0.9486832981,0.9128709292,True,0.8004484305,89,89,hard
R1_cosine,FZTJLSJW,u0037,western,test,0.9486832981,0.9128709292,True,0.8004484305,89,89,hard
R1_cosine,FZTJLSJW,u0038,western,test,0.9486832981,0.9128709292,True,0.8004484305,89,89,hard
R1_cosine,FZTJLSJW,u0039,western,test,0.9486832981,0.9128709292,True,0.8004484305,89,89,hard
R1_cosine,FZTJLSJW,u0041,western,test,0.9486832981,0.9128709292,True,0.8004484305,89,89,hard
R1_cosine,FZTJLSJW,u0042,western,test,0.9486832981,0.9128709292,True,0.8004484305,89,89,hard
R1_cosine,FZTJLSJW,u0043,western,test,0.9486832981,0.9128709292,True,0.8004484305,89,89,hard
R1_cosine,FZTJLSJW,u0047,western,test,0.9486832981,0.9128709292,True,0.8004484305,89,89,hard
R1_cosine,FZTJLSJW,u004D,western,test,0.9486832981,0.9128709292,True,0.8004484305,89,89,hard
R1_cosine,FZTJLSJW,u004F,western,test,0.9486832981,0.9128709292,True,0.8004484305,89,89,hard
R1_cosine,FZTJLSJW,u0051,western,test,0.9486832981,0.9128709292,True,0.8004484305,89,89,hard
R1_cosine,FZTJLSJW,u0052,western,test,0.9486832981,0.9128709292,True,0.8004484305,89,89,hard
R1_cosine,FZTJLSJW,u0057,western,test,0.9486832981,0.9128709292,True,0.8004484305,89,89,hard
R1_cosine,FZTJLSJW,u0061,western,test,0.632455532,0.5477225575,True,0.8004484305,89,89,hard
R1_cosine,FZTJLSJW,u0062,western,test,0.632455532,0.5477225575,True,0.8004484305,89,89,hard
R1_cosine,FZTJLSJW,u0063,western,test,0.9486832981,0.9128709292,True,0.8004484305,89,89,hard
R1_cosine,FZTJLSJW,u0064,western,test,0.9486832981,0.9128709292,True,0.8004484305,89,89,hard
R1_cosine,FZTJLSJW,u0065,western,test,0.9486832981,0.9128709292,True,0.8004484305,89,89,hard
R1_cosine,FZTJLSJW,u0067,western,test,0.9486832981,0.9128709292,True,0.8004484305,89,89,hard
R1_cosine,FZTJLSJW,u0069,western,test,0.9486832981,0.9128709292,True,0.8004484305,89,89,hard
R1_cosine,FZTJLSJW,u006C,western,test,0.9486832981,0.9128709292,True,0.8004484305,89,89,hard
R1_cosine,FZTJLSJW,u006E,western,test,0.9486832981,0.9128709292,True,0.8004484305,89,89,hard
R1_cosine,FZTJLSJW,u006F,western,test,0.9486832981,0.9128709292,True,0.8004484305,89,89,hard
R1_cosine,FZTJLSJW,u0070,western,test,0.9486832981,0.9128709292,True,0.8004484305,89,89,hard
R1_cosine,FZTJLSJW,u0071,western,test,0.9486832981,0.9128709292,True,0.8004484305,89,89,hard
R1_cosine,FZTJLSJW,u0075,western,test,0.9486832981,0.9128709292,True,0.8004484305,89,89,hard
R1_cosine,FZTJLSJW,u00E0,western,test,0.9486832981,0.9128709292,True,0.8004484305,89,89,hard
R1_cosine,FZTJLSJW,u00E9,western,test,0.9486832981,0.9128709292,True,0.8004484305,89,89,hard
R1_cosine,FZTJLSJW,u00FC,western,test,0.632455532,0.5477225575,True,0.8004484305,89,89,hard
R1_cosine,FZTJLSJW,u0101,western,test,0.9486832981,0.9128709292,True,0.8004484305,89,89,hard
R1_cosine,FZTJLSJW,u011B,western,test,0.9486832981,0.9128709292,True,0.8004484305,89,89,hard
R1_head,FZBuGTJW,u0030,western,test,0.632455532,0.5477225575,True,0.5,89,89,medium
R1_head,FZBuGTJW,u0031,western,test,0.9486832981,0.9128709292,True,0.5,89,89,medium
R1_head,FZBuGTJW,u0032,western,test,0.316227766,0.1825741858,True,0.5,89,89,medium
R1_head,FZBuGTJW,u0033,western,test,0.9486832981,0.9128709292,True,0.5,89,89,medium
R1_head,FZBuGTJW,u0034,western,test,0.9486832981,0.9128709292,True,0.5,89,89,medium
R1_head,FZBuGTJW,u0035,western,test,0.632455532,0.5477225575,True,0.5,89,89,medium
R1_head,FZBuGTJW,u0036,western,test,0.9486832981,0.9128709292,True,0.5,89,89,medium
R1_head,FZBuGTJW,u0037,western,test,0.9486832981,0.9128709292,True,0.5,89,89,medium
R1_head,FZBuGTJW,u0038,western,test,0.632455532,0.5477225575,True,0.5,89,89,medium
R1_head,FZBuGTJW,u0039,western,test,0.632455532,0.5477225575,True,0.5,89,89,medium
R1_head,FZBuGTJW,u0041,western,test,0.9486832981,0.9128709292,True,0.5,89,89,medium
R1_head,FZBuGTJW,u0042,western,test,0.9486832981,0.9128709292,True,0.5,89,89,medium
R1_head,FZBuGTJW,u0043,western,test,0.9486832981,0.9128709292,True,0.5,89,89,medium
R1_head,FZBuGTJW,u0047,western,test,0.9486832981,0.9128709292,True,0.5,89,89,medium
R1_head,FZBuGTJW,u004D,western,test,0.9486832981,0.9128709292,True,0.5,89,89,medium
R1_head,FZBuGTJW,u004F,western,test,0.9486832981,0.9128709292,True,0.5,89,89,medium
R1_head,FZBuGTJW,u0051,western,test,0.632455532,0.5477225575,True,0.5,89,89,medium
R1_head,FZBuGTJW,u0052,western,test,0.9486832981,0.9128709292,True,0.5,89,89,medium
R1_head,FZBuGTJW,u0057,western,test,0.9486832981,0.9128709292,True,0.5,89,89,medium
R1_head,FZBuGTJW,u0061,western,test,0.9486832981,0.9128709292,True,0.5,89,89,medium
R1_head,FZBuGTJW,u0062,western,test,0.7378647874,0.5477225575,True,0.5,89,89,medium
R1_head,FZBuGTJW,u0063,western,test,0.9486832981,0.9128709292,True,0.5,89,89,medium
R1_head,FZBuGTJW,u0064,western,test,0.9486832981,0.9128709292,True,0.5,89,89,medium
R1_head,FZBuGTJW,u0065,western,test,0.9486832981,0.9128709292,True,0.5,89,89,medium
R1_head,FZBuGTJW,u0067,western,test,0.9486832981,0.9128709292,True,0.5,89,89,medium
R1_head,FZBuGTJW,u0069,western,test,0.9486832981,0.9128709292,True,0.5,89,89,medium
R1_head,FZBuGTJW,u006C,western,test,0.7378647874,0.5477225575,True,0.5,89,89,medium
R1_head,FZBuGTJW,u006E,western,test,0.9486832981,0.9128709292,True,0.5,89,89,medium
R1_head,FZBuGTJW,u006F,western,test,0.9486832981,0.9128709292,True,0.5,89,89,medium
R1_head,FZBuGTJW,u0070,western,test,0.9486832981,0.9128709292,True,0.5,89,89,medium
R1_head,FZBuGTJW,u0071,western,test,0.632455532,0.5477225575,True,0.5,89,89,medium
R1_head,FZBuGTJW,u0075,western,test,0.632455532,0.5477225575,True,0.5,89,89,medium
R1_head,FZBuGTJW,u00E0,western,test,0.9486832981,0.9128709292,True,0.5,89,89,medium
R1_head,FZBuGTJW,u00E9,western,test,0.9486832981,0.9128709292,True,0.5,89,89,medium
R1_head,FZBuGTJW,u00FC,western,test,0.9486832981,0.9128709292,True,0.5,89,89,medium
R1_head,FZBuGTJW,u0101,western,test,0.9486832981,0.9128709292,True,0.5,89,89,medium
R1_head,FZBuGTJW,u011B,western,test,0.632455532,0.5477225575,True,0.5,89,89,medium
R1_head,FZBuGTJW,u3042,kana,test,0.632455532,0.5477225575,True,0.545212766,169,169,medium
R1_head,FZBuGTJW,u304B,kana,test,0.316227766,0.1825741858,True,0.545212766,169,169,medium
R1_head,FZBuGTJW,u3055,kana,test,0.9486832981,0.9128709292,True,0.545212766,169,169,medium
R1_head,FZBuGTJW,u3093,kana,test,0.632455532,0.5477225575,True,0.545212766,169,169,medium
R1_head,FZBuGTJW,u30A2,kana,test,0.9486832981,0.9128709292,True,0.545212766,169,169,medium
R1_head,FZBuGTJW,u30AB,kana,test,0.9486832981,0.9128709292,True,0.545212766,169,169,medium
R1_head,FZBuGTJW,u30F3,kana,test,0.9486832981,0.9128709292,True,0.545212766,169,169,medium
R1_head,FZBuGTJW,u3105,bopomofo,test,0.632455532,0.5477225575,True,0.4961538462,37,37,medium
R1_head,FZBuGTJW,u3106,bopomofo,test,0.316227766,0.1825741858,True,0.4961538462,37,37,medium
R1_head,FZBuGTJW,u311A,bopomofo,test,0.9486832981,0.9128709292,True,0.4961538462,37,37,medium
R1_head,FZChuangHJW_DB,u0030,western,test,0.316227766,0.1825741858,True,0.6031390135,89,89,hard
R1_head,FZChuangHJW_DB,u0031,western,test,0.9486832981,0.9128709292,True,0.6031390135,89,89,hard
R1_head,FZChuangHJW_DB,u0032,western,test,0.9486832981,0.9128709292,True,0.6031390135,89,89,hard
R1_head,FZChuangHJW_DB,u0033,western,test,0.9486832981,0.9128709292,True,0.6031390135,89,89,hard
R1_head,FZChuangHJW_DB,u0034,western,test,0.9486832981,0.9128709292,True,0.6031390135,89,89,hard
R1_head,FZChuangHJW_DB,u0035,western,test,0.9486832981,0.9128709292,True,0.6031390135,89,89,hard
R1_head,FZChuangHJW_DB,u0036,western,test,0.9486832981,0.9128709292,True,0.6031390135,89,89,hard
R1_head,FZChuangHJW_DB,u0037,western,test,0.9486832981,0.9128709292,True,0.6031390135,89,89,hard
R1_head,FZChuangHJW_DB,u0038,western,test,0.9486832981,0.9128709292,True,0.6031390135,89,89,hard
R1_head,FZChuangHJW_DB,u0039,western,test,0.9486832981,0.9128709292,True,0.6031390135,89,89,hard
R1_head,FZChuangHJW_DB,u0041,western,test,0.9486832981,0.9128709292,True,0.6031390135,89,89,hard
R1_head,FZChuangHJW_DB,u0042,western,test,0.316227766,0.1825741858,True,0.6031390135,89,89,hard
R1_head,FZChuangHJW_DB,u0043,western,test,0.9486832981,0.9128709292,True,0.6031390135,89,89,hard
R1_head,FZChuangHJW_DB,u0047,western,test,0.7378647874,0.5477225575,True,0.6031390135,89,89,hard
R1_head,FZChuangHJW_DB,u004D,western,test,0.9486832981,0.9128709292,True,0.6031390135,89,89,hard
R1_head,FZChuangHJW_DB,u004F,western,test,0.9486832981,0.9128709292,True,0.6031390135,89,89,hard
R1_head,FZChuangHJW_DB,u0051,western,test,0.9486832981,0.9128709292,True,0.6031390135,89,89,hard
R1_head,FZChuangHJW_DB,u0052,western,test,0.632455532,0.5477225575,True,0.6031390135,89,89,hard
R1_head,FZChuangHJW_DB,u0057,western,test,0.9486832981,0.9128709292,True,0.6031390135,89,89,hard
R1_head,FZChuangHJW_DB,u0061,western,test,0.9486832981,0.9128709292,True,0.6031390135,89,89,hard
R1_head,FZChuangHJW_DB,u0062,western,test,0.9486832981,0.9128709292,True,0.6031390135,89,89,hard
R1_head,FZChuangHJW_DB,u0063,western,test,0.9486832981,0.9128709292,True,0.6031390135,89,89,hard
R1_head,FZChuangHJW_DB,u0064,western,test,0.9486832981,0.9128709292,True,0.6031390135,89,89,hard
R1_head,FZChuangHJW_DB,u0065,western,test,0.9486832981,0.9128709292,True,0.6031390135,89,89,hard
R1_head,FZChuangHJW_DB,u0067,western,test,0.9486832981,0.9128709292,True,0.6031390135,89,89,hard
R1_head,FZChuangHJW_DB,u0069,western,test,0.9486832981,0.9128709292,True,0.6031390135,89,89,hard
R1_head,FZChuangHJW_DB,u006C,western,test,0.9486832981,0.9128709292,True,0.6031390135,89,89,hard
R1_head,FZChuangHJW_DB,u006E,western,test,0.9486832981,0.9128709292,True,0.6031390135,89,89,hard
R1_head,FZChuangHJW_DB,u006F,western,test,0.9486832981,0.9128709292,True,0.6031390135,89,89,hard
R1_head,FZChuangHJW_DB,u0070,western,test,0.9486832981,0.9128709292,True,0.6031390135,89,89,hard
R1_head,FZChuangHJW_DB,u0071,western,test,0.9486832981,0.9128709292,True,0.6031390135,89,89,hard
R1_head,FZChuangHJW_DB,u0075,western,test,0.9486832981,0.9128709292,True,0.6031390135,89,89,hard
R1_head,FZChuangHJW_DB,u00E0,western,test,0.9486832981,0.9128709292,True,0.6031390135,89,89,hard
R1_head,FZChuangHJW_DB,u00E9,western,test,0.9486832981,0.9128709292,True,0.6031390135,89,89,hard
R1_head,FZChuangHJW_DB,u00FC,western,test,0.9486832981,0.9128709292,True,0.6031390135,89,89,hard
R1_head,FZChuangHJW_DB,u0101,western,test,0.9486832981,0.9128709292,True,0.6031390135,89,89,hard
R1_head,FZChuangHJW_DB,u011B,western,test,0.9486832981,0.9128709292,True,0.6031390135,89,89,hard
R1_head,FZChuangHJW_DB,u3042,kana,test,0.9486832981,0.9128709292,True,0.4920212766,169,169,medium
R1_head,FZChuangHJW_DB,u304B,kana,test,0.9486832981,0.9128709292,True,0.4920212766,169,169,medium
R1_head,FZChuangHJW_DB,u3055,kana,test,0.9486832981,0.9128709292,True,0.4920212766,169,169,medium
R1_head,FZChuangHJW_DB,u3093,kana,test,0.9486832981,0.9128709292,True,0.4920212766,169,169,medium
R1_head,FZChuangHJW_DB,u30A2,kana,test,0.9486832981,0.9128709292,True,0.4920212766,169,169,medium
R1_head,FZChuangHJW_DB,u30AB,kana,test,0.9486832981,0.9128709292,True,0.4920212766,169,169,medium
R1_head,FZChuangHJW_DB,u30F3,kana,test,0.632455532,0.5477225575,True,0.4920212766,169,169,medium
R1_head,FZCuanBZBKSJW,u0030,western,test,0.9486832981,0.9128709292,True,0.5403587444,89,89,medium
R1_head,FZCuanBZBKSJW,u0031,western,test,0.632455532,0.5477225575,True,0.5403587444,89,89,medium
R1_head,FZCuanBZBKSJW,u0032,western,test,0.9486832981,0.9128709292,True,0.5403587444,89,89,medium
R1_head,FZCuanBZBKSJW,u0033,western,test,0.7378647874,0.5477225575,True,0.5403587444,89,89,medium
R1_head,FZCuanBZBKSJW,u0034,western,test,0.9486832981,0.9128709292,True,0.5403587444,89,89,medium
R1_head,FZCuanBZBKSJW,u0035,western,test,0.7378647874,0.5477225575,True,0.5403587444,89,89,medium
R1_head,FZCuanBZBKSJW,u0036,western,test,0.9486832981,0.9128709292,True,0.5403587444,89,89,medium
R1_head,FZCuanBZBKSJW,u0037,western,test,0.9486832981,0.9128709292,True,0.5403587444,89,89,medium
R1_head,FZCuanBZBKSJW,u0038,western,test,0.9486832981,0.9128709292,True,0.5403587444,89,89,medium
R1_head,FZCuanBZBKSJW,u0039,western,test,0.9486832981,0.9128709292,True,0.5403587444,89,89,medium
R1_head,FZCuanBZBKSJW,u0041,western,test,0.9486832981,0.9128709292,True,0.5403587444,89,89,medium
R1_head,FZCuanBZBKSJW,u0042,western,test,0.9486832981,0.9128709292,True,0.5403587444,89,89,medium
R1_head,FZCuanBZBKSJW,u0043,western,test,0.9486832981,0.9128709292,True,0.5403587444,89,89,medium
R1_head,FZCuanBZBKSJW,u0047,western,test,0.632455532,0.5477225575,True,0.5403587444,89,89,medium
R1_head,FZCuanBZBKSJW,u004D,western,test,0.9486832981,0.9128709292,True,0.5403587444,89,89,medium
R1_head,FZCuanBZBKSJW,u004F,western,test,0.9486832981,0.9128709292,True,0.5403587444,89,89,medium
R1_head,FZCuanBZBKSJW,u0051,western,test,0.9486832981,0.9128709292,True,0.5403587444,89,89,medium
R1_head,FZCuanBZBKSJW,u0052,western,test,0.9486832981,0.9128709292,True,0.5403587444,89,89,medium
R1_head,FZCuanBZBKSJW,u0057,western,test,0.9486832981,0.9128709292,True,0.5403587444,89,89,medium
R1_head,FZCuanBZBKSJW,u0061,western,test,0.9486832981,0.9128709292,True,0.5403587444,89,89,medium
R1_head,FZCuanBZBKSJW,u0062,western,test,0.632455532,0.5477225575,True,0.5403587444,89,89,medium
R1_head,FZCuanBZBKSJW,u0063,western,test,0.9486832981,0.9128709292,True,0.5403587444,89,89,medium
R1_head,FZCuanBZBKSJW,u0064,western,test,0.9486832981,0.9128709292,True,0.5403587444,89,89,medium
R1_head,FZCuanBZBKSJW,u0065,western,test,0.9486832981,0.9128709292,True,0.5403587444,89,89,medium
R1_head,FZCuanBZBKSJW,u0067,western,test,0.9486832981,0.9128709292,True,0.5403587444,89,89,medium
R1_head,FZCuanBZBKSJW,u0069,western,test,0.632455532,0.5477225575,True,0.5403587444,89,89,medium
R1_head,FZCuanBZBKSJW,u006C,western,test,0.632455532,0.5477225575,True,0.5403587444,89,89,medium
R1_head,FZCuanBZBKSJW,u006E,western,test,0.9486832981,0.9128709292,True,0.5403587444,89,89,medium
R1_head,FZCuanBZBKSJW,u006F,western,test,0.632455532,0.5477225575,True,0.5403587444,89,89,medium
R1_head,FZCuanBZBKSJW,u0070,western,test,0.9486832981,0.9128709292,True,0.5403587444,89,89,medium
R1_head,FZCuanBZBKSJW,u0071,western,test,0.9486832981,0.9128709292,True,0.5403587444,89,89,medium
R1_head,FZCuanBZBKSJW,u0075,western,test,0.316227766,0.1825741858,True,0.5403587444,89,89,medium
R1_head,FZCuanBZBKSJW,u00E0,western,test,0.9486832981,0.9128709292,True,0.5403587444,89,89,medium
R1_head,FZCuanBZBKSJW,u00E9,western,test,0.9486832981,0.9128709292,True,0.5403587444,89,89,medium
R1_head,FZCuanBZBKSJW,u00FC,western,test,0.9486832981,0.9128709292,True,0.5403587444,89,89,medium
R1_head,FZCuanBZBKSJW,u0101,western,test,0.9486832981,0.9128709292,True,0.5403587444,89,89,medium
R1_head,FZCuanBZBKSJW,u011B,western,test,0.9486832981,0.9128709292,True,0.5403587444,89,89,medium
R1_head,FZCuanBZBKSJW,u3042,kana,test,0.9486832981,0.9128709292,True,0.5824468085,169,169,medium
R1_head,FZCuanBZBKSJW,u304B,kana,test,0.316227766,0.1825741858,True,0.5824468085,169,169,medium
R1_head,FZCuanBZBKSJW,u3055,kana,test,0.9486832981,0.9128709292,True,0.5824468085,169,169,medium
R1_head,FZCuanBZBKSJW,u3093,kana,test,0.632455532,0.5477225575,True,0.5824468085,169,169,medium
R1_head,FZCuanBZBKSJW,u30A2,kana,test,0.9486832981,0.9128709292,True,0.5824468085,169,169,medium
R1_head,FZCuanBZBKSJW,u30AB,kana,test,0.9486832981,0.9128709292,True,0.5824468085,169,169,medium
R1_head,FZCuanBZBKSJW,u30F3,kana,test,0.632455532,0.5477225575,True,0.5824468085,169,169,medium
R1_head,FZCuanBZBKSJW,u3105,bopomofo,test,0.316227766,0.1825741858,True,0.5769230769,37,37,hard
R1_head,FZCuanBZBKSJW,u3106,bopomofo,test,0.632455532,0.5477225575,True,0.5769230769,37,37,hard
R1_head,FZCuanBZBKSJW,u311A,bopomofo,test,0.632455532,0.5477225575,True,0.5769230769,37,37,hard
R1_head,FZDeSHJW_515H,u0030,western,test,0.9486832981,0.9128709292,True,0.3452914798,89,89,easy
R1_head,FZDeSHJW_515H,u0031,western,test,0.9486832981,0.9128709292,True,0.3452914798,89,89,easy
R1_head,FZDeSHJW_515H,u0032,western,test,0.9486832981,0.9128709292,True,0.3452914798,89,89,easy
R1_head,FZDeSHJW_515H,u0033,western,test,0.9486832981,0.9128709292,True,0.3452914798,89,89,easy
R1_head,FZDeSHJW_515H,u0034,western,test,0.9486832981,0.9128709292,True,0.3452914798,89,89,easy
R1_head,FZDeSHJW_515H,u0035,western,test,0.632455532,0.5477225575,True,0.3452914798,89,89,easy
R1_head,FZDeSHJW_515H,u0036,western,test,0.9486832981,0.9128709292,True,0.3452914798,89,89,easy
R1_head,FZDeSHJW_515H,u0037,western,test,0.9486832981,0.9128709292,True,0.3452914798,89,89,easy
R1_head,FZDeSHJW_515H,u0038,western,test,0.9486832981,0.9128709292,True,0.3452914798,89,89,easy
R1_head,FZDeSHJW_515H,u0039,western,test,0.9486832981,0.9128709292,True,0.3452914798,89,89,easy
R1_head,FZDeSHJW_515H,u0041,western,test,0.9486832981,0.9128709292,True,0.3452914798,89,89,easy
R1_head,FZDeSHJW_515H,u0042,western,test,0.632455532,0.5477225575,True,0.3452914798,89,89,easy
R1_head,FZDeSHJW_515H,u0043,western,test,0.9486832981,0.9128709292,True,0.3452914798,89,89,easy
R1_head,FZDeSHJW_515H,u0047,western,test,0.632455532,0.5477225575,True,0.3452914798,89,89,easy
R1_head,FZDeSHJW_515H,u004D,western,test,0.9486832981,0.9128709292,True,0.3452914798,89,89,easy
R1_head,FZDeSHJW_515H,u004F,western,test,0.9486832981,0.9128709292,True,0.3452914798,89,89,easy
R1_head,FZDeSHJW_515H,u0051,western,test,0.9486832981,0.9128709292,True,0.3452914798,89,89,easy
R1_head,FZDeSHJW_515H,u0052,western,test,0.9486832981,0.9128709292,True,0.3452914798,89,89,easy
R1_head,FZDeSHJW_515H,u0057,western,test,0.9486832981,0.9128709292,True,0.3452914798,89,89,easy
R1_head,FZDeSHJW_515H,u0061,western,test,0.9486832981,0.9128709292,True,0.3452914798,89,89,easy
R1_head,FZDeSHJW_515H,u0062,western,test,0.9486832981,0.9128709292,True,0.3452914798,89,89,easy
R1_head,FZDeSHJW_515H,u0063,western,test,0.9486832981,0.9128709292,True,0.3452914798,89,89,easy
R1_head,FZDeSHJW_515H,u0064,western,test,0.316227766,0.1825741858,True,0.3452914798,89,89,easy
R1_head,FZDeSHJW_515H,u0065,western,test,0.9486832981,0.9128709292,True,0.3452914798,89,89,easy
R1_head,FZDeSHJW_515H,u0067,western,test,0.9486832981,0.9128709292,True,0.3452914798,89,89,easy
R1_head,FZDeSHJW_515H,u0069,western,test,0.9486832981,0.9128709292,True,0.3452914798,89,89,easy
R1_head,FZDeSHJW_515H,u006C,western,test,0.632455532,0.5477225575,True,0.3452914798,89,89,easy
R1_head,FZDeSHJW_515H,u006E,western,test,0.9486832981,0.9128709292,True,0.3452914798,89,89,easy
R1_head,FZDeSHJW_515H,u006F,western,test,0.9486832981,0.9128709292,True,0.3452914798,89,89,easy
R1_head,FZDeSHJW_515H,u0070,western,test,0.9486832981,0.9128709292,True,0.3452914798,89,89,easy
R1_head,FZDeSHJW_515H,u0071,western,test,0.9486832981,0.9128709292,True,0.3452914798,89,89,easy
R1_head,FZDeSHJW_515H,u0075,western,test,0.9486832981,0.9128709292,True,0.3452914798,89,89,easy
R1_head,FZDeSHJW_515H,u00E0,western,test,0.9486832981,0.9128709292,True,0.3452914798,89,89,easy
R1_head,FZDeSHJW_515H,u00E9,western,test,0.9486832981,0.9128709292,True,0.3452914798,89,89,easy
R1_head,FZDeSHJW_515H,u00FC,western,test,0.9486832981,0.9128709292,True,0.3452914798,89,89,easy
R1_head,FZDeSHJW_515H,u0101,western,test,0.9486832981,0.9128709292,True,0.3452914798,89,89,easy
R1_head,FZDeSHJW_515H,u011B,western,test,0.9486832981,0.9128709292,True,0.3452914798,89,89,easy
R1_head,FZDeSHJW_515H,u3042,kana,test,0.9486832981,0.9128709292,True,0.2553191489,169,169,easy
R1_head,FZDeSHJW_515H,u304B,kana,test,0.316227766,0.1825741858,True,0.2553191489,169,169,easy
R1_head,FZDeSHJW_515H,u3055,kana,test,0.9486832981,0.9128709292,True,0.2553191489,169,169,easy
R1_head,FZDeSHJW_515H,u3093,kana,test,0.9486832981,0.9128709292,True,0.2553191489,169,169,easy
R1_head,FZDeSHJW_515H,u30A2,kana,test,0.9486832981,0.9128709292,True,0.2553191489,169,169,easy
R1_head,FZDeSHJW_515H,u30AB,kana,test,0.9486832981,0.9128709292,True,0.2553191489,169,169,easy
R1_head,FZDeSHJW_515H,u30F3,kana,test,0.9486832981,0.9128709292,True,0.2553191489,169,169,easy
R1_head,FZDouNTJW_Te,u0030,western,test,0.9486832981,0.9128709292,True,0.2847533632,89,89,easy
R1_head,FZDouNTJW_Te,u0031,western,test,0.632455532,0.5477225575,True,0.2847533632,89,89,easy
R1_head,FZDouNTJW_Te,u0032,western,test,0.9486832981,0.9128709292,True,0.2847533632,89,89,easy
R1_head,FZDouNTJW_Te,u0033,western,test,0.9486832981,0.9128709292,True,0.2847533632,89,89,easy
R1_head,FZDouNTJW_Te,u0034,western,test,0.9486832981,0.9128709292,True,0.2847533632,89,89,easy
R1_head,FZDouNTJW_Te,u0035,western,test,0.9486832981,0.9128709292,True,0.2847533632,89,89,easy
R1_head,FZDouNTJW_Te,u0036,western,test,0.9486832981,0.9128709292,True,0.2847533632,89,89,easy
R1_head,FZDouNTJW_Te,u0037,western,test,0.9486832981,0.9128709292,True,0.2847533632,89,89,easy
R1_head,FZDouNTJW_Te,u0038,western,test,0.9486832981,0.9128709292,True,0.2847533632,89,89,easy
R1_head,FZDouNTJW_Te,u0039,western,test,0.9486832981,0.9128709292,True,0.2847533632,89,89,easy
R1_head,FZDouNTJW_Te,u0041,western,test,0.316227766,0.1825741858,True,0.2847533632,89,89,easy
R1_head,FZDouNTJW_Te,u0042,western,test,0.9486832981,0.9128709292,True,0.2847533632,89,89,easy
R1_head,FZDouNTJW_Te,u0043,western,test,0.9486832981,0.9128709292,True,0.2847533632,89,89,easy
R1_head,FZDouNTJW_Te,u0047,western,test,0.9486832981,0.9128709292,True,0.2847533632,89,89,easy
R1_head,FZDouNTJW_Te,u004D,western,test,0.316227766,0.1825741858,True,0.2847533632,89,89,easy
R1_head,FZDouNTJW_Te,u004F,western,test,0.9486832981,0.9128709292,True,0.2847533632,89,89,easy
R1_head,FZDouNTJW_Te,u0051,western,test,0.9486832981,0.9128709292,True,0.2847533632,89,89,easy
R1_head,FZDouNTJW_Te,u0052,western,test,0.9486832981,0.9128709292,True,0.2847533632,89,89,easy
R1_head,FZDouNTJW_Te,u0057,western,test,0.632455532,0.5477225575,True,0.2847533632,89,89,easy
R1_head,FZDouNTJW_Te,u0061,western,test,0.9486832981,0.9128709292,True,0.2847533632,89,89,easy
R1_head,FZDouNTJW_Te,u0062,western,test,0.9486832981,0.9128709292,True,0.2847533632,89,89,easy
R1_head,FZDouNTJW_Te,u0063,western,test,0.9486832981,0.9128709292,True,0.2847533632,89,89,easy
R1_head,FZDouNTJW_Te,u0064,western,test,0.9486832981,0.9128709292,True,0.2847533632,89,89,easy
R1_head,FZDouNTJW_Te,u0065,western,test,0.9486832981,0.9128709292,True,0.2847533632,89,89,easy
R1_head,FZDouNTJW_Te,u0067,western,test,0.9486832981,0.9128709292,True,0.2847533632,89,89,easy
R1_head,FZDouNTJW_Te,u0069,western,test,0.316227766,0.1825741858,True,0.2847533632,89,89,easy
R1_head,FZDouNTJW_Te,u006C,western,test,0.316227766,0.1825741858,True,0.2847533632,89,89,easy
R1_head,FZDouNTJW_Te,u006E,western,test,0.316227766,0.1825741858,True,0.2847533632,89,89,easy
R1_head,FZDouNTJW_Te,u006F,western,test,0.9486832981,0.9128709292,True,0.2847533632,89,89,easy
R1_head,FZDouNTJW_Te,u0070,western,test,0.9486832981,0.9128709292,True,0.2847533632,89,89,easy
R1_head,FZDouNTJW_Te,u0071,western,test,0.9486832981,0.9128709292,True,0.2847533632,89,89,easy
R1_head,FZDouNTJW_Te,u0075,western,test,0.9486832981,0.9128709292,True,0.2847533632,89,89,easy
R1_head,FZDouNTJW_Te,u00E0,western,test,0.9486832981,0.9128709292,True,0.2847533632,89,89,easy
R1_head,FZDouNTJW_Te,u00E9,western,test,0.9486832981,0.9128709292,True,0.2847533632,89,89,easy
R1_head,FZDouNTJW_Te,u00FC,western,test,0.9486832981,0.9128709292,True,0.2847533632,89,89,easy
R1_head,FZDouNTJW_Te,u0101,western,test,0.9486832981,0.9128709292,True,0.2847533632,89,89,easy
R1_head,FZDouNTJW_Te,u011B,western,test,0.9486832981,0.9128709292,True,0.2847533632,89,89,easy
R1_head,FZDouNTJW_Te,u3042,kana,test,0.316227766,0.1825741858,True,0.2712765957,169,169,easy
R1_head,FZDouNTJW_Te,u304B,kana,test,0.9486832981,0.9128709292,True,0.2712765957,169,169,easy
R1_head,FZDouNTJW_Te,u3055,kana,test,0.632455532,0.5477225575,True,0.2712765957,169,169,easy
R1_head,FZDouNTJW_Te,u3093,kana,test,0.9486832981,0.9128709292,True,0.2712765957,169,169,easy
R1_head,FZDouNTJW_Te,u30A2,kana,test,0.632455532,0.5477225575,True,0.2712765957,169,169,easy
R1_head,FZDouNTJW_Te,u30AB,kana,test,0.9486832981,0.9128709292,True,0.2712765957,169,169,easy
R1_head,FZDouNTJW_Te,u30F3,kana,test,0.9486832981,0.9128709292,True,0.2712765957,169,169,easy
R1_head,FZFeiHHJW-H,u0030,western,test,0.632455532,0.5477225575,True,0.6502242152,89,89,hard
R1_head,FZFeiHHJW-H,u0031,western,test,0.316227766,0.1825741858,True,0.6502242152,89,89,hard
R1_head,FZFeiHHJW-H,u0032,western,test,0.316227766,0.1825741858,True,0.6502242152,89,89,hard
R1_head,FZFeiHHJW-H,u0033,western,test,0.9486832981,0.9128709292,True,0.6502242152,89,89,hard
R1_head,FZFeiHHJW-H,u0034,western,test,0.632455532,0.5477225575,True,0.6502242152,89,89,hard
R1_head,FZFeiHHJW-H,u0035,western,test,0.316227766,0.1825741858,True,0.6502242152,89,89,hard
R1_head,FZFeiHHJW-H,u0036,western,test,0.9486832981,0.9128709292,True,0.6502242152,89,89,hard
R1_head,FZFeiHHJW-H,u0037,western,test,0.316227766,0.1825741858,True,0.6502242152,89,89,hard
R1_head,FZFeiHHJW-H,u0038,western,test,0.316227766,0.1825741858,True,0.6502242152,89,89,hard
R1_head,FZFeiHHJW-H,u0039,western,test,0.632455532,0.5477225575,True,0.6502242152,89,89,hard
R1_head,FZFeiHHJW-H,u0041,western,test,0.632455532,0.5477225575,True,0.6502242152,89,89,hard
R1_head,FZFeiHHJW-H,u0042,western,test,0.632455532,0.5477225575,True,0.6502242152,89,89,hard
R1_head,FZFeiHHJW-H,u0043,western,test,0.9486832981,0.9128709292,True,0.6502242152,89,89,hard
R1_head,FZFeiHHJW-H,u0047,western,test,0.316227766,0.1825741858,True,0.6502242152,89,89,hard
R1_head,FZFeiHHJW-H,u004D,western,test,0.9486832981,0.9128709292,True,0.6502242152,89,89,hard
R1_head,FZFeiHHJW-H,u004F,western,test,0.632455532,0.5477225575,True,0.6502242152,89,89,hard
R1_head,FZFeiHHJW-H,u0051,western,test,0.316227766,0.1825741858,True,0.6502242152,89,89,hard
R1_head,FZFeiHHJW-H,u0052,western,test,0.316227766,0.1825741858,True,0.6502242152,89,89,hard
R1_head,FZFeiHHJW-H,u0057,western,test,0.632455532,0.5477225575,True,0.6502242152,89,89,hard
R1_head,FZFeiHHJW-H,u0061,western,test,0.9486832981,0.9128709292,True,0.6502242152,89,89,hard
R1_head,FZFeiHHJW-H,u0062,western,test,0.316227766,0.1825741858,True,0.6502242152,89,89,hard
R1_head,FZFeiHHJW-H,u0063,western,test,0.316227766,0.1825741858,True,0.6502242152,89,89,hard
R1_head,FZFeiHHJW-H,u0064,western,test,0.316227766,0.1825741858,True,0.6502242152,89,89,hard
R1_head,FZFeiHHJW-H,u0065,western,test,0.316227766,0.1825741858,True,0.6502242152,89,89,hard
R1_head,FZFeiHHJW-H,u0067,western,test,0.316227766,0.1825741858,True,0.6502242152,89,89,hard
R1_head,FZFeiHHJW-H,u0069,western,test,0.316227766,0.1825741858,True,0.6502242152,89,89,hard
R1_head,FZFeiHHJW-H,u006C,western,test,0.316227766,0.1825741858,True,0.6502242152,89,89,hard
R1_head,FZFeiHHJW-H,u006E,western,test,0.316227766,0.1825741858,True,0.6502242152,89,89,hard
R1_head,FZFeiHHJW-H,u006F,western,test,0.316227766,0.1825741858,True,0.6502242152,89,89,hard
R1_head,FZFeiHHJW-H,u0070,western,test,0.9486832981,0.9128709292,True,0.6502242152,89,89,hard
R1_head,FZFeiHHJW-H,u0071,western,test,0.632455532,0.5477225575,True,0.6502242152,89,89,hard
R1_head,FZFeiHHJW-H,u0075,western,test,0.316227766,0.1825741858,True,0.6502242152,89,89,hard
R1_head,FZFeiHHJW-H,u00E0,western,test,0.316227766,0.1825741858,True,0.6502242152,89,89,hard
R1_head,FZFeiHHJW-H,u00E9,western,test,0.632455532,0.5477225575,True,0.6502242152,89,89,hard
R1_head,FZFeiHHJW-H,u00FC,western,test,0.316227766,0.1825741858,True,0.6502242152,89,89,hard
R1_head,FZFeiHHJW-H,u0101,western,test,0.9486832981,0.9128709292,True,0.6502242152,89,89,hard
R1_head,FZFeiHHJW-H,u011B,western,test,0.9486832981,0.9128709292,True,0.6502242152,89,89,hard
R1_head,FZFeiHHJW-H,u3042,kana,test,0.316227766,0.1825741858,True,0.4920212766,169,169,medium
R1_head,FZFeiHHJW-H,u304B,kana,test,0.316227766,0.1825741858,True,0.4920212766,169,169,medium
R1_head,FZFeiHHJW-H,u3055,kana,test,0.316227766,0.1825741858,True,0.4920212766,169,169,medium
R1_head,FZFeiHHJW-H,u3093,kana,test,0.316227766,0.1825741858,True,0.4920212766,169,169,medium
R1_head,FZFeiHHJW-H,u30A2,kana,test,0.316227766,0.1825741858,True,0.4920212766,169,169,medium
R1_head,FZFeiHHJW-H,u30AB,kana,test,0.316227766,0.1825741858,True,0.4920212766,169,169,medium
R1_head,FZFeiHHJW-H,u30F3,kana,test,0.316227766,0.1825741858,True,0.4920212766,169,169,medium
R1_head,FZFeiHHJW-H,u3105,bopomofo,test,,,False,0.5230769231,37,37,medium
R1_head,FZFeiHHJW-H,u3106,bopomofo,test,,,False,0.5230769231,37,37,medium
R1_head,FZFeiHHJW-H,u311A,bopomofo,test,,,False,0.5230769231,37,37,medium
R1_head,FZFengYKSJ,u0030,western,test,0.9486832981,0.9128709292,True,0.7713004484,89,89,hard
R1_head,FZFengYKSJ,u0031,western,test,0.9486832981,0.9128709292,True,0.7713004484,89,89,hard
R1_head,FZFengYKSJ,u0032,western,test,0.632455532,0.5477225575,True,0.7713004484,89,89,hard
R1_head,FZFengYKSJ,u0033,western,test,0.9486832981,0.9128709292,True,0.7713004484,89,89,hard
R1_head,FZFengYKSJ,u0034,western,test,0.632455532,0.5477225575,True,0.7713004484,89,89,hard
R1_head,FZFengYKSJ,u0035,western,test,0.316227766,0.1825741858,True,0.7713004484,89,89,hard
R1_head,FZFengYKSJ,u0036,western,test,0.632455532,0.5477225575,True,0.7713004484,89,89,hard
R1_head,FZFengYKSJ,u0037,western,test,0.316227766,0.1825741858,True,0.7713004484,89,89,hard
R1_head,FZFengYKSJ,u0038,western,test,0.9486832981,0.9128709292,True,0.7713004484,89,89,hard
R1_head,FZFengYKSJ,u0039,western,test,0.9486832981,0.9128709292,True,0.7713004484,89,89,hard
R1_head,FZFengYKSJ,u0041,western,test,0.9486832981,0.9128709292,True,0.7713004484,89,89,hard
R1_head,FZFengYKSJ,u0042,western,test,0.9486832981,0.9128709292,True,0.7713004484,89,89,hard
R1_head,FZFengYKSJ,u0043,western,test,0.632455532,0.5477225575,True,0.7713004484,89,89,hard
R1_head,FZFengYKSJ,u0047,western,test,0.9486832981,0.9128709292,True,0.7713004484,89,89,hard
R1_head,FZFengYKSJ,u004D,western,test,0.9486832981,0.9128709292,True,0.7713004484,89,89,hard
R1_head,FZFengYKSJ,u004F,western,test,0.9486832981,0.9128709292,True,0.7713004484,89,89,hard
R1_head,FZFengYKSJ,u0051,western,test,0.9486832981,0.9128709292,True,0.7713004484,89,89,hard
R1_head,FZFengYKSJ,u0052,western,test,0.9486832981,0.9128709292,True,0.7713004484,89,89,hard
R1_head,FZFengYKSJ,u0057,western,test,0.9486832981,0.9128709292,True,0.7713004484,89,89,hard
R1_head,FZFengYKSJ,u0061,western,test,0.9486832981,0.9128709292,True,0.7713004484,89,89,hard
R1_head,FZFengYKSJ,u0062,western,test,0.9486832981,0.9128709292,True,0.7713004484,89,89,hard
R1_head,FZFengYKSJ,u0063,western,test,0.9486832981,0.9128709292,True,0.7713004484,89,89,hard
R1_head,FZFengYKSJ,u0064,western,test,0.316227766,0.1825741858,True,0.7713004484,89,89,hard
R1_head,FZFengYKSJ,u0065,western,test,0.9486832981,0.9128709292,True,0.7713004484,89,89,hard
R1_head,FZFengYKSJ,u0067,western,test,0.9486832981,0.9128709292,True,0.7713004484,89,89,hard
R1_head,FZFengYKSJ,u0069,western,test,0.632455532,0.5477225575,True,0.7713004484,89,89,hard
R1_head,FZFengYKSJ,u006C,western,test,0.9486832981,0.9128709292,True,0.7713004484,89,89,hard
R1_head,FZFengYKSJ,u006E,western,test,0.9486832981,0.9128709292,True,0.7713004484,89,89,hard
R1_head,FZFengYKSJ,u006F,western,test,0.632455532,0.5477225575,True,0.7713004484,89,89,hard
R1_head,FZFengYKSJ,u0070,western,test,0.9486832981,0.9128709292,True,0.7713004484,89,89,hard
R1_head,FZFengYKSJ,u0071,western,test,0.632455532,0.5477225575,True,0.7713004484,89,89,hard
R1_head,FZFengYKSJ,u0075,western,test,0.316227766,0.1825741858,True,0.7713004484,89,89,hard
R1_head,FZFengYKSJ,u00E0,western,test,0.632455532,0.5477225575,True,0.7713004484,89,89,hard
R1_head,FZFengYKSJ,u00E9,western,test,0.9486832981,0.9128709292,True,0.7713004484,89,89,hard
R1_head,FZFengYKSJ,u00FC,western,test,0.316227766,0.1825741858,True,0.7713004484,89,89,hard
R1_head,FZFengYKSJ,u0101,western,test,0.9486832981,0.9128709292,True,0.7713004484,89,89,hard
R1_head,FZFengYKSJ,u011B,western,test,0.316227766,0.1825741858,True,0.7713004484,89,89,hard
R1_head,FZFengYKSJ,u3042,kana,test,0.632455532,0.5477225575,True,0.7845744681,169,169,hard
R1_head,FZFengYKSJ,u304B,kana,test,0.9486832981,0.9128709292,True,0.7845744681,169,169,hard
R1_head,FZFengYKSJ,u3055,kana,test,0.9486832981,0.9128709292,True,0.7845744681,169,169,hard
R1_head,FZFengYKSJ,u3093,kana,test,0.9486832981,0.9128709292,True,0.7845744681,169,169,hard
R1_head,FZFengYKSJ,u30A2,kana,test,0.9486832981,0.9128709292,True,0.7845744681,169,169,hard
R1_head,FZFengYKSJ,u30AB,kana,test,0.9486832981,0.9128709292,True,0.7845744681,169,169,hard
R1_head,FZFengYKSJ,u30F3,kana,test,0.9486832981,0.9128709292,True,0.7845744681,169,169,hard
R1_head,FZHanWZKJW,u0030,western,test,0.9486832981,0.9128709292,True,0.5852017937,89,89,hard
R1_head,FZHanWZKJW,u0031,western,test,0.9486832981,0.9128709292,True,0.5852017937,89,89,hard
R1_head,FZHanWZKJW,u0032,western,test,0.9486832981,0.9128709292,True,0.5852017937,89,89,hard
R1_head,FZHanWZKJW,u0033,western,test,0.9486832981,0.9128709292,True,0.5852017937,89,89,hard
R1_head,FZHanWZKJW,u0034,western,test,0.9486832981,0.9128709292,True,0.5852017937,89,89,hard
R1_head,FZHanWZKJW,u0035,western,test,0.9486832981,0.9128709292,True,0.5852017937,89,89,hard
R1_head,FZHanWZKJW,u0036,western,test,0.9486832981,0.9128709292,True,0.5852017937,89,89,hard
R1_head,FZHanWZKJW,u0037,western,test,0.9486832981,0.9128709292,True,0.5852017937,89,89,hard
R1_head,FZHanWZKJW,u0038,western,test,0.9486832981,0.9128709292,True,0.5852017937,89,89,hard
R1_head,FZHanWZKJW,u0039,western,test,0.9486832981,0.9128709292,True,0.5852017937,89,89,hard
R1_head,FZHanWZKJW,u0041,western,test,0.9486832981,0.9128709292,True,0.5852017937,89,89,hard
R1_head,FZHanWZKJW,u0042,western,test,0.9486832981,0.9128709292,True,0.5852017937,89,89,hard
R1_head,FZHanWZKJW,u0043,western,test,0.9486832981,0.9128709292,True,0.5852017937,89,89,hard
R1_head,FZHanWZKJW,u0047,western,test,0.9486832981,0.9128709292,True,0.5852017937,89,89,hard
R1_head,FZHanWZKJW,u004D,western,test,0.9486832981,0.9128709292,True,0.5852017937,89,89,hard
R1_head,FZHanWZKJW,u004F,western,test,0.9486832981,0.9128709292,True,0.5852017937,89,89,hard
R1_head,FZHanWZKJW,u0051,western,test,0.9486832981,0.9128709292,True,0.5852017937,89,89,hard
R1_head,FZHanWZKJW,u0052,western,test,0.9486832981,0.9128709292,True,0.5852017937,89,89,hard
R1_head,FZHanWZKJW,u0057,western,test,0.9486832981,0.9128709292,True,0.5852017937,89,89,hard
R1_head,FZHanWZKJW,u0061,western,test,0.9486832981,0.9128709292,True,0.5852017937,89,89,hard
R1_head,FZHanWZKJW,u0062,western,test,0.9486832981,0.9128709292,True,0.5852017937,89,89,hard
R1_head,FZHanWZKJW,u0063,western,test,0.9486832981,0.9128709292,True,0.5852017937,89,89,hard
R1_head,FZHanWZKJW,u0064,western,test,0.9486832981,0.9128709292,True,0.5852017937,89,89,hard
R1_head,FZHanWZKJW,u0065,western,test,0.9486832981,0.9128709292,True,0.5852017937,89,89,hard
R1_head,FZHanWZKJW,u0067,western,test,0.9486832981,0.9128709292,True,0.5852017937,89,89,hard
R1_head,FZHanWZKJW,u0069,western,test,0.9486832981,0.9128709292,True,0.5852017937,89,89,hard
R1_head,FZHanWZKJW,u006C,western,test,0.9486832981,0.9128709292,True,0.5852017937,89,89,hard
R1_head,FZHanWZKJW,u006E,western,test,0.9486832981,0.9128709292,True,0.5852017937,89,89,hard
R1_head,FZHanWZKJW,u006F,western,test,0.9486832981,0.9128709292,True,0.5852017937,89,89,hard
R1_head,FZHanWZKJW,u0070,western,test,0.9486832981,0.9128709292,True,0.5852017937,89,89,hard
R1_head,FZHanWZKJW,u0071,western,test,0.9486832981,0.9128709292,True,0.5852017937,89,89,hard
R1_head,FZHanWZKJW,u0075,western,test,0.9486832981,0.9128709292,True,0.5852017937,89,89,hard
R1_head,FZHanWZKJW,u00E0,western,test,0.9486832981,0.9128709292,True,0.5852017937,89,89,hard
R1_head,FZHanWZKJW,u00E9,western,test,0.9486832981,0.9128709292,True,0.5852017937,89,89,hard
R1_head,FZHanWZKJW,u00FC,western,test,0.9486832981,0.9128709292,True,0.5852017937,89,89,hard
R1_head,FZHanWZKJW,u0101,western,test,0.9486832981,0.9128709292,True,0.5852017937,89,89,hard
R1_head,FZHanWZKJW,u011B,western,test,0.9486832981,0.9128709292,True,0.5852017937,89,89,hard
R1_head,FZHanWZKJW,u3042,kana,test,0.9486832981,0.9128709292,True,0.7074468085,169,169,hard
R1_head,FZHanWZKJW,u304B,kana,test,0.9486832981,0.9128709292,True,0.7074468085,169,169,hard
R1_head,FZHanWZKJW,u3055,kana,test,0.9486832981,0.9128709292,True,0.7074468085,169,169,hard
R1_head,FZHanWZKJW,u3093,kana,test,0.9486832981,0.9128709292,True,0.7074468085,169,169,hard
R1_head,FZHanWZKJW,u30A2,kana,test,0.9486832981,0.9128709292,True,0.7074468085,169,169,hard
R1_head,FZHanWZKJW,u30AB,kana,test,0.9486832981,0.9128709292,True,0.7074468085,169,169,hard
R1_head,FZHanWZKJW,u30F3,kana,test,0.9486832981,0.9128709292,True,0.7074468085,169,169,hard
R1_head,FZHanWZKJW,u3105,bopomofo,test,0.9486832981,0.9128709292,True,0.65,37,37,hard
R1_head,FZHanWZKJW,u3106,bopomofo,test,0.9486832981,0.9128709292,True,0.65,37,37,hard
R1_head,FZHanWZKJW,u311A,bopomofo,test,0.9486832981,0.9128709292,True,0.65,37,37,hard
R1_head,FZHuoYYJW-T,u0030,western,test,0.9486832981,0.9128709292,True,0.8587443946,89,89,hard
R1_head,FZHuoYYJW-T,u0031,western,test,0.9486832981,0.9128709292,True,0.8587443946,89,89,hard
R1_head,FZHuoYYJW-T,u0032,western,test,0.9486832981,0.9128709292,True,0.8587443946,89,89,hard
R1_head,FZHuoYYJW-T,u0033,western,test,0.9486832981,0.9128709292,True,0.8587443946,89,89,hard
R1_head,FZHuoYYJW-T,u0034,western,test,0.9486832981,0.9128709292,True,0.8587443946,89,89,hard
R1_head,FZHuoYYJW-T,u0035,western,test,0.9486832981,0.9128709292,True,0.8587443946,89,89,hard
R1_head,FZHuoYYJW-T,u0036,western,test,0.9486832981,0.9128709292,True,0.8587443946,89,89,hard
R1_head,FZHuoYYJW-T,u0037,western,test,0.9486832981,0.9128709292,True,0.8587443946,89,89,hard
R1_head,FZHuoYYJW-T,u0038,western,test,0.9486832981,0.9128709292,True,0.8587443946,89,89,hard
R1_head,FZHuoYYJW-T,u0039,western,test,0.9486832981,0.9128709292,True,0.8587443946,89,89,hard
R1_head,FZHuoYYJW-T,u0041,western,test,0.316227766,0.1825741858,True,0.8587443946,89,89,hard
R1_head,FZHuoYYJW-T,u0042,western,test,0.9486832981,0.9128709292,True,0.8587443946,89,89,hard
R1_head,FZHuoYYJW-T,u0043,western,test,0.9486832981,0.9128709292,True,0.8587443946,89,89,hard
R1_head,FZHuoYYJW-T,u0047,western,test,0.9486832981,0.9128709292,True,0.8587443946,89,89,hard
R1_head,FZHuoYYJW-T,u004D,western,test,0.9486832981,0.9128709292,True,0.8587443946,89,89,hard
R1_head,FZHuoYYJW-T,u004F,western,test,0.9486832981,0.9128709292,True,0.8587443946,89,89,hard
R1_head,FZHuoYYJW-T,u0051,western,test,0.9486832981,0.9128709292,True,0.8587443946,89,89,hard
R1_head,FZHuoYYJW-T,u0052,western,test,0.9486832981,0.9128709292,True,0.8587443946,89,89,hard
R1_head,FZHuoYYJW-T,u0057,western,test,0.9486832981,0.9128709292,True,0.8587443946,89,89,hard
R1_head,FZHuoYYJW-T,u0061,western,test,0.9486832981,0.9128709292,True,0.8587443946,89,89,hard
R1_head,FZHuoYYJW-T,u0062,western,test,0.9486832981,0.9128709292,True,0.8587443946,89,89,hard
R1_head,FZHuoYYJW-T,u0063,western,test,0.9486832981,0.9128709292,True,0.8587443946,89,89,hard
R1_head,FZHuoYYJW-T,u0064,western,test,0.9486832981,0.9128709292,True,0.8587443946,89,89,hard
R1_head,FZHuoYYJW-T,u0065,western,test,0.9486832981,0.9128709292,True,0.8587443946,89,89,hard
R1_head,FZHuoYYJW-T,u0067,western,test,0.9486832981,0.9128709292,True,0.8587443946,89,89,hard
R1_head,FZHuoYYJW-T,u0069,western,test,0.9486832981,0.9128709292,True,0.8587443946,89,89,hard
R1_head,FZHuoYYJW-T,u006C,western,test,0.9486832981,0.9128709292,True,0.8587443946,89,89,hard
R1_head,FZHuoYYJW-T,u006E,western,test,0.9486832981,0.9128709292,True,0.8587443946,89,89,hard
R1_head,FZHuoYYJW-T,u006F,western,test,0.9486832981,0.9128709292,True,0.8587443946,89,89,hard
R1_head,FZHuoYYJW-T,u0070,western,test,0.9486832981,0.9128709292,True,0.8587443946,89,89,hard
R1_head,FZHuoYYJW-T,u0071,western,test,0.9486832981,0.9128709292,True,0.8587443946,89,89,hard
R1_head,FZHuoYYJW-T,u0075,western,test,0.9486832981,0.9128709292,True,0.8587443946,89,89,hard
R1_head,FZHuoYYJW-T,u00E0,western,test,0.9486832981,0.9128709292,True,0.8587443946,89,89,hard
R1_head,FZHuoYYJW-T,u00E9,western,test,0.9486832981,0.9128709292,True,0.8587443946,89,89,hard
R1_head,FZHuoYYJW-T,u00FC,western,test,0.9486832981,0.9128709292,True,0.8587443946,89,89,hard
R1_head,FZHuoYYJW-T,u0101,western,test,0.9486832981,0.9128709292,True,0.8587443946,89,89,hard
R1_head,FZHuoYYJW-T,u011B,western,test,0.9486832981,0.9128709292,True,0.8587443946,89,89,hard
R1_head,FZJianLTJW_Te,u0030,western,test,0.316227766,0.1825741858,True,0.2892376682,89,89,easy
R1_head,FZJianLTJW_Te,u0031,western,test,0.316227766,0.1825741858,True,0.2892376682,89,89,easy
R1_head,FZJianLTJW_Te,u0032,western,test,0.316227766,0.1825741858,True,0.2892376682,89,89,easy
R1_head,FZJianLTJW_Te,u0033,western,test,0.316227766,0.1825741858,True,0.2892376682,89,89,easy
R1_head,FZJianLTJW_Te,u0034,western,test,0.9486832981,0.9128709292,True,0.2892376682,89,89,easy
R1_head,FZJianLTJW_Te,u0035,western,test,0.632455532,0.5477225575,True,0.2892376682,89,89,easy
R1_head,FZJianLTJW_Te,u0036,western,test,0.316227766,0.1825741858,True,0.2892376682,89,89,easy
R1_head,FZJianLTJW_Te,u0037,western,test,0.9486832981,0.9128709292,True,0.2892376682,89,89,easy
R1_head,FZJianLTJW_Te,u0038,western,test,0.632455532,0.5477225575,True,0.2892376682,89,89,easy
R1_head,FZJianLTJW_Te,u0039,western,test,0.632455532,0.5477225575,True,0.2892376682,89,89,easy
R1_head,FZJianLTJW_Te,u0041,western,test,0.316227766,0.1825741858,True,0.2892376682,89,89,easy
R1_head,FZJianLTJW_Te,u0042,western,test,0.632455532,0.5477225575,True,0.2892376682,89,89,easy
R1_head,FZJianLTJW_Te,u0043,western,test,0.316227766,0.1825741858,True,0.2892376682,89,89,easy
R1_head,FZJianLTJW_Te,u0047,western,test,0.316227766,0.1825741858,True,0.2892376682,89,89,easy
R1_head,FZJianLTJW_Te,u004D,western,test,0.632455532,0.5477225575,True,0.2892376682,89,89,easy
R1_head,FZJianLTJW_Te,u004F,western,test,0.316227766,0.1825741858,True,0.2892376682,89,89,easy
R1_head,FZJianLTJW_Te,u0051,western,test,0.9486832981,0.9128709292,True,0.2892376682,89,89,easy
R1_head,FZJianLTJW_Te,u0052,western,test,0.632455532,0.5477225575,True,0.2892376682,89,89,easy
R1_head,FZJianLTJW_Te,u0057,western,test,0.316227766,0.1825741858,True,0.2892376682,89,89,easy
R1_head,FZJianLTJW_Te,u0061,western,test,0.9486832981,0.9128709292,True,0.2892376682,89,89,easy
R1_head,FZJianLTJW_Te,u0062,western,test,0.316227766,0.1825741858,True,0.2892376682,89,89,easy
R1_head,FZJianLTJW_Te,u0063,western,test,0.316227766,0.1825741858,True,0.2892376682,89,89,easy
R1_head,FZJianLTJW_Te,u0064,western,test,0.9486832981,0.9128709292,True,0.2892376682,89,89,easy
R1_head,FZJianLTJW_Te,u0065,western,test,0.632455532,0.5477225575,True,0.2892376682,89,89,easy
R1_head,FZJianLTJW_Te,u0067,western,test,0.632455532,0.5477225575,True,0.2892376682,89,89,easy
R1_head,FZJianLTJW_Te,u0069,western,test,0.316227766,0.1825741858,True,0.2892376682,89,89,easy
R1_head,FZJianLTJW_Te,u006C,western,test,0.632455532,0.5477225575,True,0.2892376682,89,89,easy
R1_head,FZJianLTJW_Te,u006E,western,test,0.316227766,0.1825741858,True,0.2892376682,89,89,easy
R1_head,FZJianLTJW_Te,u006F,western,test,0.632455532,0.5477225575,True,0.2892376682,89,89,easy
R1_head,FZJianLTJW_Te,u0070,western,test,0.632455532,0.5477225575,True,0.2892376682,89,89,easy
R1_head,FZJianLTJW_Te,u0071,western,test,0.632455532,0.5477225575,True,0.2892376682,89,89,easy
R1_head,FZJianLTJW_Te,u0075,western,test,0.632455532,0.5477225575,True,0.2892376682,89,89,easy
R1_head,FZJianLTJW_Te,u00E0,western,test,0.632455532,0.5477225575,True,0.2892376682,89,89,easy
R1_head,FZJianLTJW_Te,u00E9,western,test,0.316227766,0.1825741858,True,0.2892376682,89,89,easy
R1_head,FZJianLTJW_Te,u00FC,western,test,0.316227766,0.1825741858,True,0.2892376682,89,89,easy
R1_head,FZJianLTJW_Te,u0101,western,test,0.632455532,0.5477225575,True,0.2892376682,89,89,easy
R1_head,FZJianLTJW_Te,u011B,western,test,0.632455532,0.5477225575,True,0.2892376682,89,89,easy
R1_head,FZJianLTJW_Te,u3042,kana,test,0.9486832981,0.9128709292,True,0.2340425532,169,169,easy
R1_head,FZJianLTJW_Te,u304B,kana,test,0.9486832981,0.9128709292,True,0.2340425532,169,169,easy
R1_head,FZJianLTJW_Te,u3055,kana,test,0.9486832981,0.9128709292,True,0.2340425532,169,169,easy
R1_head,FZJianLTJW_Te,u3093,kana,test,0.9486832981,0.9128709292,True,0.2340425532,169,169,easy
R1_head,FZJianLTJW_Te,u30A2,kana,test,0.9486832981,0.9128709292,True,0.2340425532,169,169,easy
R1_head,FZJianLTJW_Te,u30AB,kana,test,0.9486832981,0.9128709292,True,0.2340425532,169,169,easy
R1_head,FZJianLTJW_Te,u30F3,kana,test,0.9486832981,0.9128709292,True,0.2340425532,169,169,easy
R1_head,FZJingLTJW-H,u0030,western,test,0.9486832981,0.9128709292,True,0.4349775785,89,89,medium
R1_head,FZJingLTJW-H,u0031,western,test,0.9486832981,0.9128709292,True,0.4349775785,89,89,medium
R1_head,FZJingLTJW-H,u0032,western,test,0.9486832981,0.9128709292,True,0.4349775785,89,89,medium
R1_head,FZJingLTJW-H,u0033,western,test,0.9486832981,0.9128709292,True,0.4349775785,89,89,medium
R1_head,FZJingLTJW-H,u0034,western,test,0.9486832981,0.9128709292,True,0.4349775785,89,89,medium
R1_head,FZJingLTJW-H,u0035,western,test,0.9486832981,0.9128709292,True,0.4349775785,89,89,medium
R1_head,FZJingLTJW-H,u0036,western,test,0.9486832981,0.9128709292,True,0.4349775785,89,89,medium
R1_head,FZJingLTJW-H,u0037,western,test,0.9486832981,0.9128709292,True,0.4349775785,89,89,medium
R1_head,FZJingLTJW-H,u0038,western,test,0.9486832981,0.9128709292,True,0.4349775785,89,89,medium
R1_head,FZJingLTJW-H,u0039,western,test,0.9486832981,0.9128709292,True,0.4349775785,89,89,medium
R1_head,FZJingLTJW-H,u0041,western,test,0.9486832981,0.9128709292,True,0.4349775785,89,89,medium
R1_head,FZJingLTJW-H,u0042,western,test,0.9486832981,0.9128709292,True,0.4349775785,89,89,medium
R1_head,FZJingLTJW-H,u0043,western,test,0.9486832981,0.9128709292,True,0.4349775785,89,89,medium
R1_head,FZJingLTJW-H,u0047,western,test,0.9486832981,0.9128709292,True,0.4349775785,89,89,medium
R1_head,FZJingLTJW-H,u004D,western,test,0.9486832981,0.9128709292,True,0.4349775785,89,89,medium
R1_head,FZJingLTJW-H,u004F,western,test,0.9486832981,0.9128709292,True,0.4349775785,89,89,medium
R1_head,FZJingLTJW-H,u0051,western,test,0.9486832981,0.9128709292,True,0.4349775785,89,89,medium
R1_head,FZJingLTJW-H,u0052,western,test,0.9486832981,0.9128709292,True,0.4349775785,89,89,medium
R1_head,FZJingLTJW-H,u0057,western,test,0.9486832981,0.9128709292,True,0.4349775785,89,89,medium
R1_head,FZJingLTJW-H,u0061,western,test,0.9486832981,0.9128709292,True,0.4349775785,89,89,medium
R1_head,FZJingLTJW-H,u0062,western,test,0.9486832981,0.9128709292,True,0.4349775785,89,89,medium
R1_head,FZJingLTJW-H,u0063,western,test,0.9486832981,0.9128709292,True,0.4349775785,89,89,medium
R1_head,FZJingLTJW-H,u0064,western,test,0.9486832981,0.9128709292,True,0.4349775785,89,89,medium
R1_head,FZJingLTJW-H,u0065,western,test,0.9486832981,0.9128709292,True,0.4349775785,89,89,medium
R1_head,FZJingLTJW-H,u0067,western,test,0.9486832981,0.9128709292,True,0.4349775785,89,89,medium
R1_head,FZJingLTJW-H,u0069,western,test,0.9486832981,0.9128709292,True,0.4349775785,89,89,medium
R1_head,FZJingLTJW-H,u006C,western,test,0.9486832981,0.9128709292,True,0.4349775785,89,89,medium
R1_head,FZJingLTJW-H,u006E,western,test,0.9486832981,0.9128709292,True,0.4349775785,89,89,medium
R1_head,FZJingLTJW-H,u006F,western,test,0.9486832981,0.9128709292,True,0.4349775785,89,89,medium
R1_head,FZJingLTJW-H,u0070,western,test,0.9486832981,0.9128709292,True,0.4349775785,89,89,medium
R1_head,FZJingLTJW-H,u0071,western,test,0.9486832981,0.9128709292,True,0.4349775785,89,89,medium
R1_head,FZJingLTJW-H,u0075,western,test,0.9486832981,0.9128709292,True,0.4349775785,89,89,medium
R1_head,FZJingLTJW-H,u00E0,western,test,0.9486832981,0.9128709292,True,0.4349775785,89,89,medium
R1_head,FZJingLTJW-H,u00E9,western,test,0.9486832981,0.9128709292,True,0.4349775785,89,89,medium
R1_head,FZJingLTJW-H,u00FC,western,test,0.9486832981,0.9128709292,True,0.4349775785,89,89,medium
R1_head,FZJingLTJW-H,u0101,western,test,0.9486832981,0.9128709292,True,0.4349775785,89,89,medium
R1_head,FZJingLTJW-H,u011B,western,test,0.9486832981,0.9128709292,True,0.4349775785,89,89,medium
R1_head,FZJingLTJW-H,u3042,kana,test,0.9486832981,0.9128709292,True,0.3510638298,169,169,easy
R1_head,FZJingLTJW-H,u304B,kana,test,0.9486832981,0.9128709292,True,0.3510638298,169,169,easy
R1_head,FZJingLTJW-H,u3055,kana,test,0.9486832981,0.9128709292,True,0.3510638298,169,169,easy
R1_head,FZJingLTJW-H,u3093,kana,test,0.9486832981,0.9128709292,True,0.3510638298,169,169,easy
R1_head,FZJingLTJW-H,u30A2,kana,test,0.9486832981,0.9128709292,True,0.3510638298,169,169,easy
R1_head,FZJingLTJW-H,u30AB,kana,test,0.9486832981,0.9128709292,True,0.3510638298,169,169,easy
R1_head,FZJingLTJW-H,u30F3,kana,test,0.9486832981,0.9128709292,True,0.3510638298,169,169,easy
R1_head,FZJingLTJW-H,u3105,bopomofo,test,0.9486832981,0.9128709292,True,0.3615384615,37,37,easy
R1_head,FZJingLTJW-H,u3106,bopomofo,test,0.9486832981,0.9128709292,True,0.3615384615,37,37,easy
R1_head,FZJingLTJW-H,u311A,bopomofo,test,0.9486832981,0.9128709292,True,0.3615384615,37,37,easy
R1_head,FZJingYLLTJW,u0030,western,test,0.9486832981,0.9128709292,True,0.4304932735,89,89,medium
R1_head,FZJingYLLTJW,u0031,western,test,0.316227766,0.1825741858,True,0.4304932735,89,89,medium
R1_head,FZJingYLLTJW,u0032,western,test,0.316227766,0.1825741858,True,0.4304932735,89,89,medium
R1_head,FZJingYLLTJW,u0033,western,test,0.9486832981,0.9128709292,True,0.4304932735,89,89,medium
R1_head,FZJingYLLTJW,u0034,western,test,0.316227766,0.1825741858,True,0.4304932735,89,89,medium
R1_head,FZJingYLLTJW,u0035,western,test,0.9486832981,0.9128709292,True,0.4304932735,89,89,medium
R1_head,FZJingYLLTJW,u0036,western,test,0.632455532,0.5477225575,True,0.4304932735,89,89,medium
R1_head,FZJingYLLTJW,u0037,western,test,0.316227766,0.1825741858,True,0.4304932735,89,89,medium
R1_head,FZJingYLLTJW,u0038,western,test,0.9486832981,0.9128709292,True,0.4304932735,89,89,medium
R1_head,FZJingYLLTJW,u0039,western,test,0.9486832981,0.9128709292,True,0.4304932735,89,89,medium
R1_head,FZJingYLLTJW,u0041,western,test,0.9486832981,0.9128709292,True,0.4304932735,89,89,medium
R1_head,FZJingYLLTJW,u0042,western,test,0.316227766,0.1825741858,True,0.4304932735,89,89,medium
R1_head,FZJingYLLTJW,u0043,western,test,0.316227766,0.1825741858,True,0.4304932735,89,89,medium
R1_head,FZJingYLLTJW,u0047,western,test,0.9486832981,0.9128709292,True,0.4304932735,89,89,medium
R1_head,FZJingYLLTJW,u004D,western,test,0.316227766,0.1825741858,True,0.4304932735,89,89,medium
R1_head,FZJingYLLTJW,u004F,western,test,0.9486832981,0.9128709292,True,0.4304932735,89,89,medium
R1_head,FZJingYLLTJW,u0051,western,test,0.316227766,0.1825741858,True,0.4304932735,89,89,medium
R1_head,FZJingYLLTJW,u0052,western,test,0.9486832981,0.9128709292,True,0.4304932735,89,89,medium
R1_head,FZJingYLLTJW,u0057,western,test,0.316227766,0.1825741858,True,0.4304932735,89,89,medium
R1_head,FZJingYLLTJW,u0061,western,test,0.316227766,0.1825741858,True,0.4304932735,89,89,medium
R1_head,FZJingYLLTJW,u0062,western,test,0.9486832981,0.9128709292,True,0.4304932735,89,89,medium
R1_head,FZJingYLLTJW,u0063,western,test,0.632455532,0.5477225575,True,0.4304932735,89,89,medium
R1_head,FZJingYLLTJW,u0064,western,test,0.316227766,0.1825741858,True,0.4304932735,89,89,medium
R1_head,FZJingYLLTJW,u0065,western,test,0.316227766,0.1825741858,True,0.4304932735,89,89,medium
R1_head,FZJingYLLTJW,u0067,western,test,0.632455532,0.5477225575,True,0.4304932735,89,89,medium
R1_head,FZJingYLLTJW,u0069,western,test,0.316227766,0.1825741858,True,0.4304932735,89,89,medium
R1_head,FZJingYLLTJW,u006C,western,test,0.316227766,0.1825741858,True,0.4304932735,89,89,medium
R1_head,FZJingYLLTJW,u006E,western,test,0.316227766,0.1825741858,True,0.4304932735,89,89,medium
R1_head,FZJingYLLTJW,u006F,western,test,0.316227766,0.1825741858,True,0.4304932735,89,89,medium
R1_head,FZJingYLLTJW,u0070,western,test,0.316227766,0.1825741858,True,0.4304932735,89,89,medium
R1_head,FZJingYLLTJW,u0071,western,test,0.632455532,0.5477225575,True,0.4304932735,89,89,medium
R1_head,FZJingYLLTJW,u0075,western,test,0.316227766,0.1825741858,True,0.4304932735,89,89,medium
R1_head,FZJingYLLTJW,u00E0,western,test,0.316227766,0.1825741858,True,0.4304932735,89,89,medium
R1_head,FZJingYLLTJW,u00E9,western,test,0.632455532,0.5477225575,True,0.4304932735,89,89,medium
R1_head,FZJingYLLTJW,u00FC,western,test,0.9486832981,0.9128709292,True,0.4304932735,89,89,medium
R1_head,FZJingYLLTJW,u0101,western,test,0.632455532,0.5477225575,True,0.4304932735,89,89,medium
R1_head,FZJingYLLTJW,u011B,western,test,0.632455532,0.5477225575,True,0.4304932735,89,89,medium
R1_head,FZLingFKSJW-B,u0030,western,test,0.9486832981,0.9128709292,True,0.634529148,89,89,hard
R1_head,FZLingFKSJW-B,u0031,western,test,0.9486832981,0.9128709292,True,0.634529148,89,89,hard
R1_head,FZLingFKSJW-B,u0032,western,test,0.9486832981,0.9128709292,True,0.634529148,89,89,hard
R1_head,FZLingFKSJW-B,u0033,western,test,0.9486832981,0.9128709292,True,0.634529148,89,89,hard
R1_head,FZLingFKSJW-B,u0034,western,test,0.9486832981,0.9128709292,True,0.634529148,89,89,hard
R1_head,FZLingFKSJW-B,u0035,western,test,0.9486832981,0.9128709292,True,0.634529148,89,89,hard
R1_head,FZLingFKSJW-B,u0036,western,test,0.9486832981,0.9128709292,True,0.634529148,89,89,hard
R1_head,FZLingFKSJW-B,u0037,western,test,0.9486832981,0.9128709292,True,0.634529148,89,89,hard
R1_head,FZLingFKSJW-B,u0038,western,test,0.9486832981,0.9128709292,True,0.634529148,89,89,hard
R1_head,FZLingFKSJW-B,u0039,western,test,0.9486832981,0.9128709292,True,0.634529148,89,89,hard
R1_head,FZLingFKSJW-B,u0041,western,test,0.7378647874,0.5477225575,True,0.634529148,89,89,hard
R1_head,FZLingFKSJW-B,u0042,western,test,0.316227766,0.1825741858,True,0.634529148,89,89,hard
R1_head,FZLingFKSJW-B,u0043,western,test,0.632455532,0.5477225575,True,0.634529148,89,89,hard
R1_head,FZLingFKSJW-B,u0047,western,test,0.316227766,0.1825741858,True,0.634529148,89,89,hard
R1_head,FZLingFKSJW-B,u004D,western,test,0.632455532,0.5477225575,True,0.634529148,89,89,hard
R1_head,FZLingFKSJW-B,u004F,western,test,0.9486832981,0.9128709292,True,0.634529148,89,89,hard
R1_head,FZLingFKSJW-B,u0051,western,test,0.316227766,0.1825741858,True,0.634529148,89,89,hard
R1_head,FZLingFKSJW-B,u0052,western,test,0.632455532,0.5477225575,True,0.634529148,89,89,hard
R1_head,FZLingFKSJW-B,u0057,western,test,0.9486832981,0.9128709292,True,0.634529148,89,89,hard
R1_head,FZLingFKSJW-B,u0061,western,test,0.632455532,0.5477225575,True,0.634529148,89,89,hard
R1_head,FZLingFKSJW-B,u0062,western,test,0.9486832981,0.9128709292,True,0.634529148,89,89,hard
R1_head,FZLingFKSJW-B,u0063,western,test,0.9486832981,0.9128709292,True,0.634529148,89,89,hard
R1_head,FZLingFKSJW-B,u0064,western,test,0.316227766,0.1825741858,True,0.634529148,89,89,hard
R1_head,FZLingFKSJW-B,u0065,western,test,0.9486832981,0.9128709292,True,0.634529148,89,89,hard
R1_head,FZLingFKSJW-B,u0067,western,test,0.9486832981,0.9128709292,True,0.634529148,89,89,hard
R1_head,FZLingFKSJW-B,u0069,western,test,0.9486832981,0.9128709292,True,0.634529148,89,89,hard
R1_head,FZLingFKSJW-B,u006C,western,test,0.9486832981,0.9128709292,True,0.634529148,89,89,hard
R1_head,FZLingFKSJW-B,u006E,western,test,0.9486832981,0.9128709292,True,0.634529148,89,89,hard
R1_head,FZLingFKSJW-B,u006F,western,test,0.316227766,0.1825741858,True,0.634529148,89,89,hard
R1_head,FZLingFKSJW-B,u0070,western,test,0.632455532,0.5477225575,True,0.634529148,89,89,hard
R1_head,FZLingFKSJW-B,u0071,western,test,0.316227766,0.1825741858,True,0.634529148,89,89,hard
R1_head,FZLingFKSJW-B,u0075,western,test,0.9486832981,0.9128709292,True,0.634529148,89,89,hard
R1_head,FZLingFKSJW-B,u00E0,western,test,0.316227766,0.1825741858,True,0.634529148,89,89,hard
R1_head,FZLingFKSJW-B,u00E9,western,test,0.316227766,0.1825741858,True,0.634529148,89,89,hard
R1_head,FZLingFKSJW-B,u00FC,western,test,0.632455532,0.5477225575,True,0.634529148,89,89,hard
R1_head,FZLingFKSJW-B,u0101,western,test,0.9486832981,0.9128709292,True,0.634529148,89,89,hard
R1_head,FZLingFKSJW-B,u011B,western,test,0.316227766,0.1825741858,True,0.634529148,89,89,hard
R1_head,FZLingFKSJW-B,u3042,kana,test,0.632455532,0.5477225575,True,0.5531914894,169,169,medium
R1_head,FZLingFKSJW-B,u304B,kana,test,0.632455532,0.5477225575,True,0.5531914894,169,169,medium
R1_head,FZLingFKSJW-B,u3055,kana,test,0.9486832981,0.9128709292,True,0.5531914894,169,169,medium
R1_head,FZLingFKSJW-B,u3093,kana,test,0.9486832981,0.9128709292,True,0.5531914894,169,169,medium
R1_head,FZLingFKSJW-B,u30A2,kana,test,0.632455532,0.5477225575,True,0.5531914894,169,169,medium
R1_head,FZLingFKSJW-B,u30AB,kana,test,0.9486832981,0.9128709292,True,0.5531914894,169,169,medium
R1_head,FZLingFKSJW-B,u30F3,kana,test,0.316227766,0.1825741858,True,0.5531914894,169,169,medium
R1_head,FZLingFKSJW-B,u3105,bopomofo,test,0.316227766,0.1825741858,True,0.5192307692,37,37,medium
R1_head,FZLingFKSJW-B,u3106,bopomofo,test,0.9486832981,0.9128709292,True,0.5192307692,37,37,medium
R1_head,FZLingFKSJW-B,u311A,bopomofo,test,0.9486832981,0.9128709292,True,0.5192307692,37,37,medium
R1_head,FZLiuGQKJW-L,u0030,western,test,0.9486832981,0.9128709292,True,0.7264573991,89,89,hard
R1_head,FZLiuGQKJW-L,u0031,western,test,0.316227766,0.1825741858,True,0.7264573991,89,89,hard
R1_head,FZLiuGQKJW-L,u0032,western,test,0.9486832981,0.9128709292,True,0.7264573991,89,89,hard
R1_head,FZLiuGQKJW-L,u0033,western,test,0.316227766,0.1825741858,True,0.7264573991,89,89,hard
R1_head,FZLiuGQKJW-L,u0034,western,test,0.632455532,0.5477225575,True,0.7264573991,89,89,hard
R1_head,FZLiuGQKJW-L,u0035,western,test,0.9486832981,0.9128709292,True,0.7264573991,89,89,hard
R1_head,FZLiuGQKJW-L,u0036,western,test,0.9486832981,0.9128709292,True,0.7264573991,89,89,hard
R1_head,FZLiuGQKJW-L,u0037,western,test,0.9486832981,0.9128709292,True,0.7264573991,89,89,hard
R1_head,FZLiuGQKJW-L,u0038,western,test,0.9486832981,0.9128709292,True,0.7264573991,89,89,hard
R1_head,FZLiuGQKJW-L,u0039,western,test,0.9486832981,0.9128709292,True,0.7264573991,89,89,hard
R1_head,FZLiuGQKJW-L,u0041,western,test,0.9486832981,0.9128709292,True,0.7264573991,89,89,hard
R1_head,FZLiuGQKJW-L,u0042,western,test,0.9486832981,0.9128709292,True,0.7264573991,89,89,hard
R1_head,FZLiuGQKJW-L,u0043,western,test,0.632455532,0.5477225575,True,0.7264573991,89,89,hard
R1_head,FZLiuGQKJW-L,u0047,western,test,0.9486832981,0.9128709292,True,0.7264573991,89,89,hard
R1_head,FZLiuGQKJW-L,u004D,western,test,0.9486832981,0.9128709292,True,0.7264573991,89,89,hard
R1_head,FZLiuGQKJW-L,u004F,western,test,0.9486832981,0.9128709292,True,0.7264573991,89,89,hard
R1_head,FZLiuGQKJW-L,u0051,western,test,0.9486832981,0.9128709292,True,0.7264573991,89,89,hard
R1_head,FZLiuGQKJW-L,u0052,western,test,0.9486832981,0.9128709292,True,0.7264573991,89,89,hard
R1_head,FZLiuGQKJW-L,u0057,western,test,0.632455532,0.5477225575,True,0.7264573991,89,89,hard
R1_head,FZLiuGQKJW-L,u0061,western,test,0.9486832981,0.9128709292,True,0.7264573991,89,89,hard
R1_head,FZLiuGQKJW-L,u0062,western,test,0.316227766,0.1825741858,True,0.7264573991,89,89,hard
R1_head,FZLiuGQKJW-L,u0063,western,test,0.9486832981,0.9128709292,True,0.7264573991,89,89,hard
R1_head,FZLiuGQKJW-L,u0064,western,test,0.9486832981,0.9128709292,True,0.7264573991,89,89,hard
R1_head,FZLiuGQKJW-L,u0065,western,test,0.632455532,0.5477225575,True,0.7264573991,89,89,hard
R1_head,FZLiuGQKJW-L,u0067,western,test,0.316227766,0.1825741858,True,0.7264573991,89,89,hard
R1_head,FZLiuGQKJW-L,u0069,western,test,0.9486832981,0.9128709292,True,0.7264573991,89,89,hard
R1_head,FZLiuGQKJW-L,u006C,western,test,0.632455532,0.5477225575,True,0.7264573991,89,89,hard
R1_head,FZLiuGQKJW-L,u006E,western,test,0.316227766,0.1825741858,True,0.7264573991,89,89,hard
R1_head,FZLiuGQKJW-L,u006F,western,test,0.9486832981,0.9128709292,True,0.7264573991,89,89,hard
R1_head,FZLiuGQKJW-L,u0070,western,test,0.9486832981,0.9128709292,True,0.7264573991,89,89,hard
R1_head,FZLiuGQKJW-L,u0071,western,test,0.632455532,0.5477225575,True,0.7264573991,89,89,hard
R1_head,FZLiuGQKJW-L,u0075,western,test,0.316227766,0.1825741858,True,0.7264573991,89,89,hard
R1_head,FZLiuGQKJW-L,u00E0,western,test,0.9486832981,0.9128709292,True,0.7264573991,89,89,hard
R1_head,FZLiuGQKJW-L,u00E9,western,test,0.9486832981,0.9128709292,True,0.7264573991,89,89,hard
R1_head,FZLiuGQKJW-L,u00FC,western,test,0.316227766,0.1825741858,True,0.7264573991,89,89,hard
R1_head,FZLiuGQKJW-L,u0101,western,test,0.9486832981,0.9128709292,True,0.7264573991,89,89,hard
R1_head,FZLiuGQKJW-L,u011B,western,test,0.632455532,0.5477225575,True,0.7264573991,89,89,hard
R1_head,FZLiuGQKJW-L,u3042,kana,test,0.9486832981,0.9128709292,True,0.7473404255,169,169,hard
R1_head,FZLiuGQKJW-L,u304B,kana,test,0.9486832981,0.9128709292,True,0.7473404255,169,169,hard
R1_head,FZLiuGQKJW-L,u3055,kana,test,0.9486832981,0.9128709292,True,0.7473404255,169,169,hard
R1_head,FZLiuGQKJW-L,u3093,kana,test,0.9486832981,0.9128709292,True,0.7473404255,169,169,hard
R1_head,FZLiuGQKJW-L,u30A2,kana,test,0.9486832981,0.9128709292,True,0.7473404255,169,169,hard
R1_head,FZLiuGQKJW-L,u30AB,kana,test,0.9486832981,0.9128709292,True,0.7473404255,169,169,hard
R1_head,FZLiuGQKJW-L,u30F3,kana,test,0.9486832981,0.9128709292,True,0.7473404255,169,169,hard
R1_head,FZMaWDBSJW,u0030,western,test,0.9486832981,0.9128709292,True,0.5448430493,89,89,medium
R1_head,FZMaWDBSJW,u0031,western,test,0.9486832981,0.9128709292,True,0.5448430493,89,89,medium
R1_head,FZMaWDBSJW,u0032,western,test,0.9486832981,0.9128709292,True,0.5448430493,89,89,medium
R1_head,FZMaWDBSJW,u0033,western,test,0.9486832981,0.9128709292,True,0.5448430493,89,89,medium
R1_head,FZMaWDBSJW,u0034,western,test,0.9486832981,0.9128709292,True,0.5448430493,89,89,medium
R1_head,FZMaWDBSJW,u0035,western,test,0.9486832981,0.9128709292,True,0.5448430493,89,89,medium
R1_head,FZMaWDBSJW,u0036,western,test,0.9486832981,0.9128709292,True,0.5448430493,89,89,medium
R1_head,FZMaWDBSJW,u0037,western,test,0.9486832981,0.9128709292,True,0.5448430493,89,89,medium
R1_head,FZMaWDBSJW,u0038,western,test,0.9486832981,0.9128709292,True,0.5448430493,89,89,medium
R1_head,FZMaWDBSJW,u0039,western,test,0.9486832981,0.9128709292,True,0.5448430493,89,89,medium
R1_head,FZMaWDBSJW,u0041,western,test,0.9486832981,0.9128709292,True,0.5448430493,89,89,medium
R1_head,FZMaWDBSJW,u0042,western,test,0.9486832981,0.9128709292,True,0.5448430493,89,89,medium
R1_head,FZMaWDBSJW,u0043,western,test,0.9486832981,0.9128709292,True,0.5448430493,89,89,medium
R1_head,FZMaWDBSJW,u0047,western,test,0.9486832981,0.9128709292,True,0.5448430493,89,89,medium
R1_head,FZMaWDBSJW,u004D,western,test,0.9486832981,0.9128709292,True,0.5448430493,89,89,medium
R1_head,FZMaWDBSJW,u004F,western,test,0.9486832981,0.9128709292,True,0.5448430493,89,89,medium
R1_head,FZMaWDBSJW,u0051,western,test,0.9486832981,0.9128709292,True,0.5448430493,89,89,medium
R1_head,FZMaWDBSJW,u0052,western,test,0.9486832981,0.9128709292,True,0.5448430493,89,89,medium
R1_head,FZMaWDBSJW,u0057,western,test,0.9486832981,0.9128709292,True,0.5448430493,89,89,medium
R1_head,FZMaWDBSJW,u0061,western,test,0.316227766,0.1825741858,True,0.5448430493,89,89,medium
R1_head,FZMaWDBSJW,u0062,western,test,0.9486832981,0.9128709292,True,0.5448430493,89,89,medium
R1_head,FZMaWDBSJW,u0063,western,test,0.9486832981,0.9128709292,True,0.5448430493,89,89,medium
R1_head,FZMaWDBSJW,u0064,western,test,0.632455532,0.5477225575,True,0.5448430493,89,89,medium
R1_head,FZMaWDBSJW,u0065,western,test,0.9486832981,0.9128709292,True,0.5448430493,89,89,medium
R1_head,FZMaWDBSJW,u0067,western,test,0.9486832981,0.9128709292,True,0.5448430493,89,89,medium
R1_head,FZMaWDBSJW,u0069,western,test,0.9486832981,0.9128709292,True,0.5448430493,89,89,medium
R1_head,FZMaWDBSJW,u006C,western,test,0.9486832981,0.9128709292,True,0.5448430493,89,89,medium
R1_head,FZMaWDBSJW,u006E,western,test,0.9486832981,0.9128709292,True,0.5448430493,89,89,medium
R1_head,FZMaWDBSJW,u006F,western,test,0.9486832981,0.9128709292,True,0.5448430493,89,89,medium
R1_head,FZMaWDBSJW,u0070,western,test,0.9486832981,0.9128709292,True,0.5448430493,89,89,medium
R1_head,FZMaWDBSJW,u0071,western,test,0.9486832981,0.9128709292,True,0.5448430493,89,89,medium
R1_head,FZMaWDBSJW,u0075,western,test,0.9486832981,0.9128709292,True,0.5448430493,89,89,medium
R1_head,FZMaWDBSJW,u00E0,western,test,0.9486832981,0.9128709292,True,0.5448430493,89,89,medium
R1_head,FZMaWDBSJW,u00E9,western,test,0.9486832981,0.9128709292,True,0.5448430493,89,89,medium
R1_head,FZMaWDBSJW,u00FC,western,test,0.9486832981,0.9128709292,True,0.5448430493,89,89,medium
R1_head,FZMaWDBSJW,u0101,western,test,0.9486832981,0.9128709292,True,0.5448430493,89,89,medium
R1_head,FZMaWDBSJW,u011B,western,test,0.9486832981,0.9128709292,True,0.5448430493,89,89,medium
R1_head,FZMaWDBSJW,u3042,kana,test,0.9486832981,0.9128709292,True,0.5079787234,169,169,medium
R1_head,FZMaWDBSJW,u304B,kana,test,0.632455532,0.5477225575,True,0.5079787234,169,169,medium
R1_head,FZMaWDBSJW,u3055,kana,test,0.9486832981,0.9128709292,True,0.5079787234,169,169,medium
R1_head,FZMaWDBSJW,u3093,kana,test,0.9486832981,0.9128709292,True,0.5079787234,169,169,medium
R1_head,FZMaWDBSJW,u30A2,kana,test,0.9486832981,0.9128709292,True,0.5079787234,169,169,medium
R1_head,FZMaWDBSJW,u30AB,kana,test,0.9486832981,0.9128709292,True,0.5079787234,169,169,medium
R1_head,FZMaWDBSJW,u30F3,kana,test,0.632455532,0.5477225575,True,0.5079787234,169,169,medium
R1_head,FZMaWDBSJW,u3105,bopomofo,test,,,False,0.4884615385,37,37,medium
R1_head,FZMaWDBSJW,u3106,bopomofo,test,,,False,0.4884615385,37,37,medium
R1_head,FZMaWDBSJW,u311A,bopomofo,test,,,False,0.4884615385,37,37,medium
R1_head,FZTJLSJW,u0030,western,test,0.9486832981,0.9128709292,True,0.8004484305,89,89,hard
R1_head,FZTJLSJW,u0031,western,test,0.9486832981,0.9128709292,True,0.8004484305,89,89,hard
R1_head,FZTJLSJW,u0032,western,test,0.9486832981,0.9128709292,True,0.8004484305,89,89,hard
R1_head,FZTJLSJW,u0033,western,test,0.9486832981,0.9128709292,True,0.8004484305,89,89,hard
R1_head,FZTJLSJW,u0034,western,test,0.9486832981,0.9128709292,True,0.8004484305,89,89,hard
R1_head,FZTJLSJW,u0035,western,test,0.9486832981,0.9128709292,True,0.8004484305,89,89,hard
R1_head,FZTJLSJW,u0036,western,test,0.9486832981,0.9128709292,True,0.8004484305,89,89,hard
R1_head,FZTJLSJW,u0037,western,test,0.316227766,0.1825741858,True,0.8004484305,89,89,hard
R1_head,FZTJLSJW,u0038,western,test,0.316227766,0.1825741858,True,0.8004484305,89,89,hard
R1_head,FZTJLSJW,u0039,western,test,0.9486832981,0.9128709292,True,0.8004484305,89,89,hard
R1_head,FZTJLSJW,u0041,western,test,0.9486832981,0.9128709292,True,0.8004484305,89,89,hard
R1_head,FZTJLSJW,u0042,western,test,0.632455532,0.5477225575,True,0.8004484305,89,89,hard
R1_head,FZTJLSJW,u0043,western,test,0.9486832981,0.9128709292,True,0.8004484305,89,89,hard
R1_head,FZTJLSJW,u0047,western,test,0.632455532,0.5477225575,True,0.8004484305,89,89,hard
R1_head,FZTJLSJW,u004D,western,test,0.632455532,0.5477225575,True,0.8004484305,89,89,hard
R1_head,FZTJLSJW,u004F,western,test,0.316227766,0.1825741858,True,0.8004484305,89,89,hard
R1_head,FZTJLSJW,u0051,western,test,0.9486832981,0.9128709292,True,0.8004484305,89,89,hard
R1_head,FZTJLSJW,u0052,western,test,0.9486832981,0.9128709292,True,0.8004484305,89,89,hard
R1_head,FZTJLSJW,u0057,western,test,0.9486832981,0.9128709292,True,0.8004484305,89,89,hard
R1_head,FZTJLSJW,u0061,western,test,0.632455532,0.5477225575,True,0.8004484305,89,89,hard
R1_head,FZTJLSJW,u0062,western,test,0.632455532,0.5477225575,True,0.8004484305,89,89,hard
R1_head,FZTJLSJW,u0063,western,test,0.316227766,0.1825741858,True,0.8004484305,89,89,hard
R1_head,FZTJLSJW,u0064,western,test,0.9486832981,0.9128709292,True,0.8004484305,89,89,hard
R1_head,FZTJLSJW,u0065,western,test,0.9486832981,0.9128709292,True,0.8004484305,89,89,hard
R1_head,FZTJLSJW,u0067,western,test,0.9486832981,0.9128709292,True,0.8004484305,89,89,hard
R1_head,FZTJLSJW,u0069,western,test,0.9486832981,0.9128709292,True,0.8004484305,89,89,hard
R1_head,FZTJLSJW,u006C,western,test,0.9486832981,0.9128709292,True,0.8004484305,89,89,hard
R1_head,FZTJLSJW,u006E,western,test,0.9486832981,0.9128709292,True,0.8004484305,89,89,hard
R1_head,FZTJLSJW,u006F,western,test,0.316227766,0.1825741858,True,0.8004484305,89,89,hard
R1_head,FZTJLSJW,u0070,western,test,0.9486832981,0.9128709292,True,0.8004484305,89,89,hard
R1_head,FZTJLSJW,u0071,western,test,0.9486832981,0.9128709292,True,0.8004484305,89,89,hard
R1_head,FZTJLSJW,u0075,western,test,0.9486832981,0.9128709292,True,0.8004484305,89,89,hard
R1_head,FZTJLSJW,u00E0,western,test,0.632455532,0.5477225575,True,0.8004484305,89,89,hard
R1_head,FZTJLSJW,u00E9,western,test,0.316227766,0.1825741858,True,0.8004484305,89,89,hard
R1_head,FZTJLSJW,u00FC,western,test,0.632455532,0.5477225575,True,0.8004484305,89,89,hard
R1_head,FZTJLSJW,u0101,western,test,0.9486832981,0.9128709292,True,0.8004484305,89,89,hard
R1_head,FZTJLSJW,u011B,western,test,0.9486832981,0.9128709292,True,0.8004484305,89,89,hard
R2_cosine,FZBuGTJW,u0030,western,test,0.9486832981,0.9128709292,True,0.5,89,89,medium
R2_cosine,FZBuGTJW,u0031,western,test,0.9486832981,0.9128709292,True,0.5,89,89,medium
R2_cosine,FZBuGTJW,u0032,western,test,0.316227766,0.1825741858,True,0.5,89,89,medium
R2_cosine,FZBuGTJW,u0033,western,test,0.9486832981,0.9128709292,True,0.5,89,89,medium
R2_cosine,FZBuGTJW,u0034,western,test,0.9486832981,0.9128709292,True,0.5,89,89,medium
R2_cosine,FZBuGTJW,u0035,western,test,0.9486832981,0.9128709292,True,0.5,89,89,medium
R2_cosine,FZBuGTJW,u0036,western,test,0.9486832981,0.9128709292,True,0.5,89,89,medium
R2_cosine,FZBuGTJW,u0037,western,test,0.9486832981,0.9128709292,True,0.5,89,89,medium
R2_cosine,FZBuGTJW,u0038,western,test,0.632455532,0.5477225575,True,0.5,89,89,medium
R2_cosine,FZBuGTJW,u0039,western,test,0.9486832981,0.9128709292,True,0.5,89,89,medium
R2_cosine,FZBuGTJW,u0041,western,test,0.9486832981,0.9128709292,True,0.5,89,89,medium
R2_cosine,FZBuGTJW,u0042,western,test,0.9486832981,0.9128709292,True,0.5,89,89,medium
R2_cosine,FZBuGTJW,u0043,western,test,0.9486832981,0.9128709292,True,0.5,89,89,medium
R2_cosine,FZBuGTJW,u0047,western,test,0.9486832981,0.9128709292,True,0.5,89,89,medium
R2_cosine,FZBuGTJW,u004D,western,test,0.9486832981,0.9128709292,True,0.5,89,89,medium
R2_cosine,FZBuGTJW,u004F,western,test,0.9486832981,0.9128709292,True,0.5,89,89,medium
R2_cosine,FZBuGTJW,u0051,western,test,0.9486832981,0.9128709292,True,0.5,89,89,medium
R2_cosine,FZBuGTJW,u0052,western,test,0.9486832981,0.9128709292,True,0.5,89,89,medium
R2_cosine,FZBuGTJW,u0057,western,test,0.9486832981,0.9128709292,True,0.5,89,89,medium
R2_cosine,FZBuGTJW,u0061,western,test,0.9486832981,0.9128709292,True,0.5,89,89,medium
R2_cosine,FZBuGTJW,u0062,western,test,0.7378647874,0.5477225575,True,0.5,89,89,medium
R2_cosine,FZBuGTJW,u0063,western,test,0.9486832981,0.9128709292,True,0.5,89,89,medium
R2_cosine,FZBuGTJW,u0064,western,test,0.9486832981,0.9128709292,True,0.5,89,89,medium
R2_cosine,FZBuGTJW,u0065,western,test,0.9486832981,0.9128709292,True,0.5,89,89,medium
R2_cosine,FZBuGTJW,u0067,western,test,0.9486832981,0.9128709292,True,0.5,89,89,medium
R2_cosine,FZBuGTJW,u0069,western,test,0.9486832981,0.9128709292,True,0.5,89,89,medium
R2_cosine,FZBuGTJW,u006C,western,test,0.9486832981,0.9128709292,True,0.5,89,89,medium
R2_cosine,FZBuGTJW,u006E,western,test,0.9486832981,0.9128709292,True,0.5,89,89,medium
R2_cosine,FZBuGTJW,u006F,western,test,0.9486832981,0.9128709292,True,0.5,89,89,medium
R2_cosine,FZBuGTJW,u0070,western,test,0.9486832981,0.9128709292,True,0.5,89,89,medium
R2_cosine,FZBuGTJW,u0071,western,test,0.9486832981,0.9128709292,True,0.5,89,89,medium
R2_cosine,FZBuGTJW,u0075,western,test,0.316227766,0.1825741858,True,0.5,89,89,medium
R2_cosine,FZBuGTJW,u00E0,western,test,0.9486832981,0.9128709292,True,0.5,89,89,medium
R2_cosine,FZBuGTJW,u00E9,western,test,0.9486832981,0.9128709292,True,0.5,89,89,medium
R2_cosine,FZBuGTJW,u00FC,western,test,0.9486832981,0.9128709292,True,0.5,89,89,medium
R2_cosine,FZBuGTJW,u0101,western,test,0.9486832981,0.9128709292,True,0.5,89,89,medium
R2_cosine,FZBuGTJW,u011B,western,test,0.9486832981,0.9128709292,True,0.5,89,89,medium
R2_cosine,FZBuGTJW,u3042,kana,test,0.632455532,0.5477225575,True,0.545212766,169,169,medium
R2_cosine,FZBuGTJW,u304B,kana,test,0.632455532,0.5477225575,True,0.545212766,169,169,medium
R2_cosine,FZBuGTJW,u3055,kana,test,0.9486832981,0.9128709292,True,0.545212766,169,169,medium
R2_cosine,FZBuGTJW,u3093,kana,test,0.9486832981,0.9128709292,True,0.545212766,169,169,medium
R2_cosine,FZBuGTJW,u30A2,kana,test,0.9486832981,0.9128709292,True,0.545212766,169,169,medium
R2_cosine,FZBuGTJW,u30AB,kana,test,0.9486832981,0.9128709292,True,0.545212766,169,169,medium
R2_cosine,FZBuGTJW,u30F3,kana,test,0.9486832981,0.9128709292,True,0.545212766,169,169,medium
R2_cosine,FZBuGTJW,u3105,bopomofo,test,0.632455532,0.5477225575,True,0.4961538462,37,37,medium
R2_cosine,FZBuGTJW,u3106,bopomofo,test,0.9486832981,0.9128709292,True,0.4961538462,37,37,medium
R2_cosine,FZBuGTJW,u311A,bopomofo,test,0.9486832981,0.9128709292,True,0.4961538462,37,37,medium
R2_cosine,FZChuangHJW_DB,u0030,western,test,0.632455532,0.5477225575,True,0.6031390135,89,89,hard
R2_cosine,FZChuangHJW_DB,u0031,western,test,0.9486832981,0.9128709292,True,0.6031390135,89,89,hard
R2_cosine,FZChuangHJW_DB,u0032,western,test,0.9486832981,0.9128709292,True,0.6031390135,89,89,hard
R2_cosine,FZChuangHJW_DB,u0033,western,test,0.9486832981,0.9128709292,True,0.6031390135,89,89,hard
R2_cosine,FZChuangHJW_DB,u0034,western,test,0.9486832981,0.9128709292,True,0.6031390135,89,89,hard
R2_cosine,FZChuangHJW_DB,u0035,western,test,0.9486832981,0.9128709292,True,0.6031390135,89,89,hard
R2_cosine,FZChuangHJW_DB,u0036,western,test,0.9486832981,0.9128709292,True,0.6031390135,89,89,hard
R2_cosine,FZChuangHJW_DB,u0037,western,test,0.9486832981,0.9128709292,True,0.6031390135,89,89,hard
R2_cosine,FZChuangHJW_DB,u0038,western,test,0.9486832981,0.9128709292,True,0.6031390135,89,89,hard
R2_cosine,FZChuangHJW_DB,u0039,western,test,0.9486832981,0.9128709292,True,0.6031390135,89,89,hard
R2_cosine,FZChuangHJW_DB,u0041,western,test,0.9486832981,0.9128709292,True,0.6031390135,89,89,hard
R2_cosine,FZChuangHJW_DB,u0042,western,test,0.9486832981,0.9128709292,True,0.6031390135,89,89,hard
R2_cosine,FZChuangHJW_DB,u0043,western,test,0.9486832981,0.9128709292,True,0.6031390135,89,89,hard
R2_cosine,FZChuangHJW_DB,u0047,western,test,0.9486832981,0.9128709292,True,0.6031390135,89,89,hard
R2_cosine,FZChuangHJW_DB,u004D,western,test,0.9486832981,0.9128709292,True,0.6031390135,89,89,hard
R2_cosine,FZChuangHJW_DB,u004F,western,test,0.9486832981,0.9128709292,True,0.6031390135,89,89,hard
R2_cosine,FZChuangHJW_DB,u0051,western,test,0.9486832981,0.9128709292,True,0.6031390135,89,89,hard
R2_cosine,FZChuangHJW_DB,u0052,western,test,0.632455532,0.5477225575,True,0.6031390135,89,89,hard
R2_cosine,FZChuangHJW_DB,u0057,western,test,0.9486832981,0.9128709292,True,0.6031390135,89,89,hard
R2_cosine,FZChuangHJW_DB,u0061,western,test,0.9486832981,0.9128709292,True,0.6031390135,89,89,hard
R2_cosine,FZChuangHJW_DB,u0062,western,test,0.9486832981,0.9128709292,True,0.6031390135,89,89,hard
R2_cosine,FZChuangHJW_DB,u0063,western,test,0.9486832981,0.9128709292,True,0.6031390135,89,89,hard
R2_cosine,FZChuangHJW_DB,u0064,western,test,0.9486832981,0.9128709292,True,0.6031390135,89,89,hard
R2_cosine,FZChuangHJW_DB,u0065,western,test,0.9486832981,0.9128709292,True,0.6031390135,89,89,hard
R2_cosine,FZChuangHJW_DB,u0067,western,test,0.9486832981,0.9128709292,True,0.6031390135,89,89,hard
R2_cosine,FZChuangHJW_DB,u0069,western,test,0.9486832981,0.9128709292,True,0.6031390135,89,89,hard
R2_cosine,FZChuangHJW_DB,u006C,western,test,0.9486832981,0.9128709292,True,0.6031390135,89,89,hard
R2_cosine,FZChuangHJW_DB,u006E,western,test,0.9486832981,0.9128709292,True,0.6031390135,89,89,hard
R2_cosine,FZChuangHJW_DB,u006F,western,test,0.9486832981,0.9128709292,True,0.6031390135,89,89,hard
R2_cosine,FZChuangHJW_DB,u0070,western,test,0.9486832981,0.9128709292,True,0.6031390135,89,89,hard
R2_cosine,FZChuangHJW_DB,u0071,western,test,0.9486832981,0.9128709292,True,0.6031390135,89,89,hard
R2_cosine,FZChuangHJW_DB,u0075,western,test,0.9486832981,0.9128709292,True,0.6031390135,89,89,hard
R2_cosine,FZChuangHJW_DB,u00E0,western,test,0.9486832981,0.9128709292,True,0.6031390135,89,89,hard
R2_cosine,FZChuangHJW_DB,u00E9,western,test,0.9486832981,0.9128709292,True,0.6031390135,89,89,hard
R2_cosine,FZChuangHJW_DB,u00FC,western,test,0.9486832981,0.9128709292,True,0.6031390135,89,89,hard
R2_cosine,FZChuangHJW_DB,u0101,western,test,0.9486832981,0.9128709292,True,0.6031390135,89,89,hard
R2_cosine,FZChuangHJW_DB,u011B,western,test,0.9486832981,0.9128709292,True,0.6031390135,89,89,hard
R2_cosine,FZChuangHJW_DB,u3042,kana,test,0.9486832981,0.9128709292,True,0.4920212766,169,169,medium
R2_cosine,FZChuangHJW_DB,u304B,kana,test,0.9486832981,0.9128709292,True,0.4920212766,169,169,medium
R2_cosine,FZChuangHJW_DB,u3055,kana,test,0.9486832981,0.9128709292,True,0.4920212766,169,169,medium
R2_cosine,FZChuangHJW_DB,u3093,kana,test,0.9486832981,0.9128709292,True,0.4920212766,169,169,medium
R2_cosine,FZChuangHJW_DB,u30A2,kana,test,0.9486832981,0.9128709292,True,0.4920212766,169,169,medium
R2_cosine,FZChuangHJW_DB,u30AB,kana,test,0.9486832981,0.9128709292,True,0.4920212766,169,169,medium
R2_cosine,FZChuangHJW_DB,u30F3,kana,test,0.632455532,0.5477225575,True,0.4920212766,169,169,medium
R2_cosine,FZCuanBZBKSJW,u0030,western,test,0.9486832981,0.9128709292,True,0.5403587444,89,89,medium
R2_cosine,FZCuanBZBKSJW,u0031,western,test,0.316227766,0.1825741858,True,0.5403587444,89,89,medium
R2_cosine,FZCuanBZBKSJW,u0032,western,test,0.9486832981,0.9128709292,True,0.5403587444,89,89,medium
R2_cosine,FZCuanBZBKSJW,u0033,western,test,0.9486832981,0.9128709292,True,0.5403587444,89,89,medium
R2_cosine,FZCuanBZBKSJW,u0034,western,test,0.632455532,0.5477225575,True,0.5403587444,89,89,medium
R2_cosine,FZCuanBZBKSJW,u0035,western,test,0.9486832981,0.9128709292,True,0.5403587444,89,89,medium
R2_cosine,FZCuanBZBKSJW,u0036,western,test,0.9486832981,0.9128709292,True,0.5403587444,89,89,medium
R2_cosine,FZCuanBZBKSJW,u0037,western,test,0.9486832981,0.9128709292,True,0.5403587444,89,89,medium
R2_cosine,FZCuanBZBKSJW,u0038,western,test,0.9486832981,0.9128709292,True,0.5403587444,89,89,medium
R2_cosine,FZCuanBZBKSJW,u0039,western,test,0.9486832981,0.9128709292,True,0.5403587444,89,89,medium
R2_cosine,FZCuanBZBKSJW,u0041,western,test,0.9486832981,0.9128709292,True,0.5403587444,89,89,medium
R2_cosine,FZCuanBZBKSJW,u0042,western,test,0.9486832981,0.9128709292,True,0.5403587444,89,89,medium
R2_cosine,FZCuanBZBKSJW,u0043,western,test,0.9486832981,0.9128709292,True,0.5403587444,89,89,medium
R2_cosine,FZCuanBZBKSJW,u0047,western,test,0.9486832981,0.9128709292,True,0.5403587444,89,89,medium
R2_cosine,FZCuanBZBKSJW,u004D,western,test,0.9486832981,0.9128709292,True,0.5403587444,89,89,medium
R2_cosine,FZCuanBZBKSJW,u004F,western,test,0.9486832981,0.9128709292,True,0.5403587444,89,89,medium
R2_cosine,FZCuanBZBKSJW,u0051,western,test,0.9486832981,0.9128709292,True,0.5403587444,89,89,medium
R2_cosine,FZCuanBZBKSJW,u0052,western,test,0.9486832981,0.9128709292,True,0.5403587444,89,89,medium
R2_cosine,FZCuanBZBKSJW,u0057,western,test,0.9486832981,0.9128709292,True,0.5403587444,89,89,medium
R2_cosine,FZCuanBZBKSJW,u0061,western,test,0.9486832981,0.9128709292,True,0.5403587444,89,89,medium
R2_cosine,FZCuanBZBKSJW,u0062,western,test,0.9486832981,0.9128709292,True,0.5403587444,89,89,medium
R2_cosine,FZCuanBZBKSJW,u0063,western,test,0.9486832981,0.9128709292,True,0.5403587444,89,89,medium
R2_cosine,FZCuanBZBKSJW,u0064,western,test,0.9486832981,0.9128709292,True,0.5403587444,89,89,medium
R2_cosine,FZCuanBZBKSJW,u0065,western,test,0.9486832981,0.9128709292,True,0.5403587444,89,89,medium
R2_cosine,FZCuanBZBKSJW,u0067,western,test,0.9486832981,0.9128709292,True,0.5403587444,89,89,medium
R2_cosine,FZCuanBZBKSJW,u0069,western,test,0.9486832981,0.9128709292,True,0.5403587444,89,89,medium
R2_cosine,FZCuanBZBKSJW,u006C,western,test,0.9486832981,0.9128709292,True,0.5403587444,89,89,medium
R2_cosine,FZCuanBZBKSJW,u006E,western,test,0.9486832981,0.9128709292,True,0.5403587444,89,89,medium
R2_cosine,FZCuanBZBKSJW,u006F,western,test,0.632455532,0.5477225575,True,0.5403587444,89,89,medium
R2_cosine,FZCuanBZBKSJW,u0070,western,test,0.9486832981,0.9128709292,True,0.5403587444,89,89,medium
R2_cosine,FZCuanBZBKSJW,u0071,western,test,0.9486832981,0.9128709292,True,0.5403587444,89,89,medium
R2_cosine,FZCuanBZBKSJW,u0075,western,test,0.316227766,0.1825741858,True,0.5403587444,89,89,medium
R2_cosine,FZCuanBZBKSJW,u00E0,western,test,0.9486832981,0.9128709292,True,0.5403587444,89,89,medium
R2_cosine,FZCuanBZBKSJW,u00E9,western,test,0.9486832981,0.9128709292,True,0.5403587444,89,89,medium
R2_cosine,FZCuanBZBKSJW,u00FC,western,test,0.9486832981,0.9128709292,True,0.5403587444,89,89,medium
R2_cosine,FZCuanBZBKSJW,u0101,western,test,0.9486832981,0.9128709292,True,0.5403587444,89,89,medium
R2_cosine,FZCuanBZBKSJW,u011B,western,test,0.9486832981,0.9128709292,True,0.5403587444,89,89,medium
R2_cosine,FZCuanBZBKSJW,u3042,kana,test,0.9486832981,0.9128709292,True,0.5824468085,169,169,medium
R2_cosine,FZCuanBZBKSJW,u304B,kana,test,0.9486832981,0.9128709292,True,0.5824468085,169,169,medium
R2_cosine,FZCuanBZBKSJW,u3055,kana,test,0.9486832981,0.9128709292,True,0.5824468085,169,169,medium
R2_cosine,FZCuanBZBKSJW,u3093,kana,test,0.9486832981,0.9128709292,True,0.5824468085,169,169,medium
R2_cosine,FZCuanBZBKSJW,u30A2,kana,test,0.9486832981,0.9128709292,True,0.5824468085,169,169,medium
R2_cosine,FZCuanBZBKSJW,u30AB,kana,test,0.9486832981,0.9128709292,True,0.5824468085,169,169,medium
R2_cosine,FZCuanBZBKSJW,u30F3,kana,test,0.316227766,0.1825741858,True,0.5824468085,169,169,medium
R2_cosine,FZCuanBZBKSJW,u3105,bopomofo,test,0.632455532,0.5477225575,True,0.5769230769,37,37,hard
R2_cosine,FZCuanBZBKSJW,u3106,bopomofo,test,0.9486832981,0.9128709292,True,0.5769230769,37,37,hard
R2_cosine,FZCuanBZBKSJW,u311A,bopomofo,test,0.9486832981,0.9128709292,True,0.5769230769,37,37,hard
R2_cosine,FZDeSHJW_515H,u0030,western,test,0.9486832981,0.9128709292,True,0.3452914798,89,89,easy
R2_cosine,FZDeSHJW_515H,u0031,western,test,0.9486832981,0.9128709292,True,0.3452914798,89,89,easy
R2_cosine,FZDeSHJW_515H,u0032,western,test,0.9486832981,0.9128709292,True,0.3452914798,89,89,easy
R2_cosine,FZDeSHJW_515H,u0033,western,test,0.9486832981,0.9128709292,True,0.3452914798,89,89,easy
R2_cosine,FZDeSHJW_515H,u0034,western,test,0.9486832981,0.9128709292,True,0.3452914798,89,89,easy
R2_cosine,FZDeSHJW_515H,u0035,western,test,0.632455532,0.5477225575,True,0.3452914798,89,89,easy
R2_cosine,FZDeSHJW_515H,u0036,western,test,0.9486832981,0.9128709292,True,0.3452914798,89,89,easy
R2_cosine,FZDeSHJW_515H,u0037,western,test,0.9486832981,0.9128709292,True,0.3452914798,89,89,easy
R2_cosine,FZDeSHJW_515H,u0038,western,test,0.9486832981,0.9128709292,True,0.3452914798,89,89,easy
R2_cosine,FZDeSHJW_515H,u0039,western,test,0.9486832981,0.9128709292,True,0.3452914798,89,89,easy
R2_cosine,FZDeSHJW_515H,u0041,western,test,0.9486832981,0.9128709292,True,0.3452914798,89,89,easy
R2_cosine,FZDeSHJW_515H,u0042,western,test,0.632455532,0.5477225575,True,0.3452914798,89,89,easy
R2_cosine,FZDeSHJW_515H,u0043,western,test,0.9486832981,0.9128709292,True,0.3452914798,89,89,easy
R2_cosine,FZDeSHJW_515H,u0047,western,test,0.632455532,0.5477225575,True,0.3452914798,89,89,easy
R2_cosine,FZDeSHJW_515H,u004D,western,test,0.9486832981,0.9128709292,True,0.3452914798,89,89,easy
R2_cosine,FZDeSHJW_515H,u004F,western,test,0.9486832981,0.9128709292,True,0.3452914798,89,89,easy
R2_cosine,FZDeSHJW_515H,u0051,western,test,0.632455532,0.5477225575,True,0.3452914798,89,89,easy
R2_cosine,FZDeSHJW_515H,u0052,western,test,0.9486832981,0.9128709292,True,0.3452914798,89,89,easy
R2_cosine,FZDeSHJW_515H,u0057,western,test,0.9486832981,0.9128709292,True,0.3452914798,89,89,easy
R2_cosine,FZDeSHJW_515H,u0061,western,test,0.9486832981,0.9128709292,True,0.3452914798,89,89,easy
R2_cosine,FZDeSHJW_515H,u0062,western,test,0.9486832981,0.9128709292,True,0.3452914798,89,89,easy
R2_cosine,FZDeSHJW_515H,u0063,western,test,0.9486832981,0.9128709292,True,0.3452914798,89,89,easy
R2_cosine,FZDeSHJW_515H,u0064,western,test,0.9486832981,0.9128709292,True,0.3452914798,89,89,easy
R2_cosine,FZDeSHJW_515H,u0065,western,test,0.9486832981,0.9128709292,True,0.3452914798,89,89,easy
R2_cosine,FZDeSHJW_515H,u0067,western,test,0.9486832981,0.9128709292,True,0.3452914798,89,89,easy
R2_cosine,FZDeSHJW_515H,u0069,western,test,0.9486832981,0.9128709292,True,0.3452914798,89,89,easy
R2_cosine,FZDeSHJW_515H,u006C,western,test,0.9486832981,0.9128709292,True,0.3452914798,89,89,easy
R2_cosine,FZDeSHJW_515H,u006E,western,test,0.9486832981,0.9128709292,True,0.3452914798,89,89,easy
R2_cosine,FZDeSHJW_515H,u006F,western,test,0.9486832981,0.9128709292,True,0.3452914798,89,89,easy
R2_cosine,FZDeSHJW_515H,u0070,western,test,0.9486832981,0.9128709292,True,0.3452914798,89,89,easy
R2_cosine,FZDeSHJW_515H,u0071,western,test,0.9486832981,0.9128709292,True,0.3452914798,89,89,easy
R2_cosine,FZDeSHJW_515H,u0075,western,test,0.9486832981,0.9128709292,True,0.3452914798,89,89,easy
R2_cosine,FZDeSHJW_515H,u00E0,western,test,0.9486832981,0.9128709292,True,0.3452914798,89,89,easy
R2_cosine,FZDeSHJW_515H,u00E9,western,test,0.9486832981,0.9128709292,True,0.3452914798,89,89,easy
R2_cosine,FZDeSHJW_515H,u00FC,western,test,0.9486832981,0.9128709292,True,0.3452914798,89,89,easy
R2_cosine,FZDeSHJW_515H,u0101,western,test,0.9486832981,0.9128709292,True,0.3452914798,89,89,easy
R2_cosine,FZDeSHJW_515H,u011B,western,test,0.9486832981,0.9128709292,True,0.3452914798,89,89,easy
R2_cosine,FZDeSHJW_515H,u3042,kana,test,0.9486832981,0.9128709292,True,0.2553191489,169,169,easy
R2_cosine,FZDeSHJW_515H,u304B,kana,test,0.316227766,0.1825741858,True,0.2553191489,169,169,easy
R2_cosine,FZDeSHJW_515H,u3055,kana,test,0.9486832981,0.9128709292,True,0.2553191489,169,169,easy
R2_cosine,FZDeSHJW_515H,u3093,kana,test,0.9486832981,0.9128709292,True,0.2553191489,169,169,easy
R2_cosine,FZDeSHJW_515H,u30A2,kana,test,0.9486832981,0.9128709292,True,0.2553191489,169,169,easy
R2_cosine,FZDeSHJW_515H,u30AB,kana,test,0.9486832981,0.9128709292,True,0.2553191489,169,169,easy
R2_cosine,FZDeSHJW_515H,u30F3,kana,test,0.9486832981,0.9128709292,True,0.2553191489,169,169,easy
R2_cosine,FZDouNTJW_Te,u0030,western,test,0.9486832981,0.9128709292,True,0.2847533632,89,89,easy
R2_cosine,FZDouNTJW_Te,u0031,western,test,0.9486832981,0.9128709292,True,0.2847533632,89,89,easy
R2_cosine,FZDouNTJW_Te,u0032,western,test,0.9486832981,0.9128709292,True,0.2847533632,89,89,easy
R2_cosine,FZDouNTJW_Te,u0033,western,test,0.9486832981,0.9128709292,True,0.2847533632,89,89,easy
R2_cosine,FZDouNTJW_Te,u0034,western,test,0.9486832981,0.9128709292,True,0.2847533632,89,89,easy
R2_cosine,FZDouNTJW_Te,u0035,western,test,0.9486832981,0.9128709292,True,0.2847533632,89,89,easy
R2_cosine,FZDouNTJW_Te,u0036,western,test,0.9486832981,0.9128709292,True,0.2847533632,89,89,easy
R2_cosine,FZDouNTJW_Te,u0037,western,test,0.9486832981,0.9128709292,True,0.2847533632,89,89,easy
R2_cosine,FZDouNTJW_Te,u0038,western,test,0.9486832981,0.9128709292,True,0.2847533632,89,89,easy
R2_cosine,FZDouNTJW_Te,u0039,western,test,0.9486832981,0.9128709292,True,0.2847533632,89,89,easy
R2_cosine,FZDouNTJW_Te,u0041,western,test,0.632455532,0.5477225575,True,0.2847533632,89,89,easy
R2_cosine,FZDouNTJW_Te,u0042,western,test,0.9486832981,0.9128709292,True,0.2847533632,89,89,easy
R2_cosine,FZDouNTJW_Te,u0043,western,test,0.9486832981,0.9128709292,True,0.2847533632,89,89,easy
R2_cosine,FZDouNTJW_Te,u0047,western,test,0.9486832981,0.9128709292,True,0.2847533632,89,89,easy
R2_cosine,FZDouNTJW_Te,u004D,western,test,0.9486832981,0.9128709292,True,0.2847533632,89,89,easy
R2_cosine,FZDouNTJW_Te,u004F,western,test,0.9486832981,0.9128709292,True,0.2847533632,89,89,easy
R2_cosine,FZDouNTJW_Te,u0051,western,test,0.9486832981,0.9128709292,True,0.2847533632,89,89,easy
R2_cosine,FZDouNTJW_Te,u0052,western,test,0.9486832981,0.9128709292,True,0.2847533632,89,89,easy
R2_cosine,FZDouNTJW_Te,u0057,western,test,0.316227766,0.1825741858,True,0.2847533632,89,89,easy
R2_cosine,FZDouNTJW_Te,u0061,western,test,0.9486832981,0.9128709292,True,0.2847533632,89,89,easy
R2_cosine,FZDouNTJW_Te,u0062,western,test,0.9486832981,0.9128709292,True,0.2847533632,89,89,easy
R2_cosine,FZDouNTJW_Te,u0063,western,test,0.9486832981,0.9128709292,True,0.2847533632,89,89,easy
R2_cosine,FZDouNTJW_Te,u0064,western,test,0.9486832981,0.9128709292,True,0.2847533632,89,89,easy
R2_cosine,FZDouNTJW_Te,u0065,western,test,0.9486832981,0.9128709292,True,0.2847533632,89,89,easy
R2_cosine,FZDouNTJW_Te,u0067,western,test,0.9486832981,0.9128709292,True,0.2847533632,89,89,easy
R2_cosine,FZDouNTJW_Te,u0069,western,test,0.316227766,0.1825741858,True,0.2847533632,89,89,easy
R2_cosine,FZDouNTJW_Te,u006C,western,test,0.632455532,0.5477225575,True,0.2847533632,89,89,easy
R2_cosine,FZDouNTJW_Te,u006E,western,test,0.632455532,0.5477225575,True,0.2847533632,89,89,easy
R2_cosine,FZDouNTJW_Te,u006F,western,test,0.9486832981,0.9128709292,True,0.2847533632,89,89,easy
R2_cosine,FZDouNTJW_Te,u0070,western,test,0.9486832981,0.9128709292,True,0.2847533632,89,89,easy
R2_cosine,FZDouNTJW_Te,u0071,western,test,0.9486832981,0.9128709292,True,0.2847533632,89,89,easy
R2_cosine,FZDouNTJW_Te,u0075,western,test,0.9486832981,0.9128709292,True,0.2847533632,89,89,easy
R2_cosine,FZDouNTJW_Te,u00E0,western,test,0.9486832981,0.9128709292,True,0.2847533632,89,89,easy
R2_cosine,FZDouNTJW_Te,u00E9,western,test,0.9486832981,0.9128709292,True,0.2847533632,89,89,easy
R2_cosine,FZDouNTJW_Te,u00FC,western,test,0.9486832981,0.9128709292,True,0.2847533632,89,89,easy
R2_cosine,FZDouNTJW_Te,u0101,western,test,0.9486832981,0.9128709292,True,0.2847533632,89,89,easy
R2_cosine,FZDouNTJW_Te,u011B,western,test,0.9486832981,0.9128709292,True,0.2847533632,89,89,easy
R2_cosine,FZDouNTJW_Te,u3042,kana,test,0.632455532,0.5477225575,True,0.2712765957,169,169,easy
R2_cosine,FZDouNTJW_Te,u304B,kana,test,0.9486832981,0.9128709292,True,0.2712765957,169,169,easy
R2_cosine,FZDouNTJW_Te,u3055,kana,test,0.632455532,0.5477225575,True,0.2712765957,169,169,easy
R2_cosine,FZDouNTJW_Te,u3093,kana,test,0.9486832981,0.9128709292,True,0.2712765957,169,169,easy
R2_cosine,FZDouNTJW_Te,u30A2,kana,test,0.9486832981,0.9128709292,True,0.2712765957,169,169,easy
R2_cosine,FZDouNTJW_Te,u30AB,kana,test,0.9486832981,0.9128709292,True,0.2712765957,169,169,easy
R2_cosine,FZDouNTJW_Te,u30F3,kana,test,0.9486832981,0.9128709292,True,0.2712765957,169,169,easy
R2_cosine,FZFeiHHJW-H,u0030,western,test,0.9486832981,0.9128709292,True,0.6502242152,89,89,hard
R2_cosine,FZFeiHHJW-H,u0031,western,test,0.632455532,0.5477225575,True,0.6502242152,89,89,hard
R2_cosine,FZFeiHHJW-H,u0032,western,test,0.632455532,0.5477225575,True,0.6502242152,89,89,hard
R2_cosine,FZFeiHHJW-H,u0033,western,test,0.9486832981,0.9128709292,True,0.6502242152,89,89,hard
R2_cosine,FZFeiHHJW-H,u0034,western,test,0.9486832981,0.9128709292,True,0.6502242152,89,89,hard
R2_cosine,FZFeiHHJW-H,u0035,western,test,0.632455532,0.5477225575,True,0.6502242152,89,89,hard
R2_cosine,FZFeiHHJW-H,u0036,western,test,0.9486832981,0.9128709292,True,0.6502242152,89,89,hard
R2_cosine,FZFeiHHJW-H,u0037,western,test,0.632455532,0.5477225575,True,0.6502242152,89,89,hard
R2_cosine,FZFeiHHJW-H,u0038,western,test,0.632455532,0.5477225575,True,0.6502242152,89,89,hard
R2_cosine,FZFeiHHJW-H,u0039,western,test,0.9486832981,0.9128709292,True,0.6502242152,89,89,hard
R2_cosine,FZFeiHHJW-H,u0041,western,test,0.9486832981,0.9128709292,True,0.6502242152,89,89,hard
R2_cosine,FZFeiHHJW-H,u0042,western,test,0.9486832981,0.9128709292,True,0.6502242152,89,89,hard
R2_cosine,FZFeiHHJW-H,u0043,western,test,0.9486832981,0.9128709292,True,0.6502242152,89,89,hard
R2_cosine,FZFeiHHJW-H,u0047,western,test,0.316227766,0.1825741858,True,0.6502242152,89,89,hard
R2_cosine,FZFeiHHJW-H,u004D,western,test,0.9486832981,0.9128709292,True,0.6502242152,89,89,hard
R2_cosine,FZFeiHHJW-H,u004F,western,test,0.632455532,0.5477225575,True,0.6502242152,89,89,hard
R2_cosine,FZFeiHHJW-H,u0051,western,test,0.632455532,0.5477225575,True,0.6502242152,89,89,hard
R2_cosine,FZFeiHHJW-H,u0052,western,test,0.632455532,0.5477225575,True,0.6502242152,89,89,hard
R2_cosine,FZFeiHHJW-H,u0057,western,test,0.632455532,0.5477225575,True,0.6502242152,89,89,hard
R2_cosine,FZFeiHHJW-H,u0061,western,test,0.9486832981,0.9128709292,True,0.6502242152,89,89,hard
R2_cosine,FZFeiHHJW-H,u0062,western,test,0.632455532,0.5477225575,True,0.6502242152,89,89,hard
R2_cosine,FZFeiHHJW-H,u0063,western,test,0.9486832981,0.9128709292,True,0.6502242152,89,89,hard
R2_cosine,FZFeiHHJW-H,u0064,western,test,0.9486832981,0.9128709292,True,0.6502242152,89,89,hard
R2_cosine,FZFeiHHJW-H,u0065,western,test,0.9486832981,0.9128709292,True,0.6502242152,89,89,hard
R2_cosine,FZFeiHHJW-H,u0067,western,test,0.316227766,0.1825741858,True,0.6502242152,89,89,hard
R2_cosine,FZFeiHHJW-H,u0069,western,test,0.9486832981,0.9128709292,True,0.6502242152,89,89,hard
R2_cosine,FZFeiHHJW-H,u006C,western,test,0.316227766,0.1825741858,True,0.6502242152,89,89,hard
R2_cosine,FZFeiHHJW-H,u006E,western,test,0.632455532,0.5477225575,True,0.6502242152,89,89,hard
R2_cosine,FZFeiHHJW-H,u006F,western,test,0.9486832981,0.9128709292,True,0.6502242152,89,89,hard
R2_cosine,FZFeiHHJW-H,u0070,western,test,0.9486832981,0.9128709292,True,0.6502242152,89,89,hard
R2_cosine,FZFeiHHJW-H,u0071,western,test,0.9486832981,0.9128709292,True,0.6502242152,89,89,hard
R2_cosine,FZFeiHHJW-H,u0075,western,test,0.316227766,0.1825741858,True,0.6502242152,89,89,hard
R2_cosine,FZFeiHHJW-H,u00E0,western,test,0.316227766,0.1825741858,True,0.6502242152,89,89,hard
R2_cosine,FZFeiHHJW-H,u00E9,western,test,0.9486832981,0.9128709292,True,0.6502242152,89,89,hard
R2_cosine,FZFeiHHJW-H,u00FC,western,test,0.316227766,0.1825741858,True,0.6502242152,89,89,hard
R2_cosine,FZFeiHHJW-H,u0101,western,test,0.9486832981,0.9128709292,True,0.6502242152,89,89,hard
R2_cosine,FZFeiHHJW-H,u011B,western,test,0.9486832981,0.9128709292,True,0.6502242152,89,89,hard
R2_cosine,FZFeiHHJW-H,u3042,kana,test,0.316227766,0.1825741858,True,0.4920212766,169,169,medium
R2_cosine,FZFeiHHJW-H,u304B,kana,test,0.316227766,0.1825741858,True,0.4920212766,169,169,medium
R2_cosine,FZFeiHHJW-H,u3055,kana,test,0.316227766,0.1825741858,True,0.4920212766,169,169,medium
R2_cosine,FZFeiHHJW-H,u3093,kana,test,0.632455532,0.5477225575,True,0.4920212766,169,169,medium
R2_cosine,FZFeiHHJW-H,u30A2,kana,test,0.632455532,0.5477225575,True,0.4920212766,169,169,medium
R2_cosine,FZFeiHHJW-H,u30AB,kana,test,0.316227766,0.1825741858,True,0.4920212766,169,169,medium
R2_cosine,FZFeiHHJW-H,u30F3,kana,test,0.9486832981,0.9128709292,True,0.4920212766,169,169,medium
R2_cosine,FZFeiHHJW-H,u3105,bopomofo,test,,,False,0.5230769231,37,37,medium
R2_cosine,FZFeiHHJW-H,u3106,bopomofo,test,,,False,0.5230769231,37,37,medium
R2_cosine,FZFeiHHJW-H,u311A,bopomofo,test,,,False,0.5230769231,37,37,medium
R2_cosine,FZFengYKSJ,u0030,western,test,0.9486832981,0.9128709292,True,0.7713004484,89,89,hard
R2_cosine,FZFengYKSJ,u0031,western,test,0.9486832981,0.9128709292,True,0.7713004484,89,89,hard
R2_cosine,FZFengYKSJ,u0032,western,test,0.9486832981,0.9128709292,True,0.7713004484,89,89,hard
R2_cosine,FZFengYKSJ,u0033,western,test,0.9486832981,0.9128709292,True,0.7713004484,89,89,hard
R2_cosine,FZFengYKSJ,u0034,western,test,0.9486832981,0.9128709292,True,0.7713004484,89,89,hard
R2_cosine,FZFengYKSJ,u0035,western,test,0.9486832981,0.9128709292,True,0.7713004484,89,89,hard
R2_cosine,FZFengYKSJ,u0036,western,test,0.9486832981,0.9128709292,True,0.7713004484,89,89,hard
R2_cosine,FZFengYKSJ,u0037,western,test,0.9486832981,0.9128709292,True,0.7713004484,89,89,hard
R2_cosine,FZFengYKSJ,u0038,western,test,0.9486832981,0.9128709292,True,0.7713004484,89,89,hard
R2_cosine,FZFengYKSJ,u0039,western,test,0.9486832981,0.9128709292,True,0.7713004484,89,89,hard
R2_cosine,FZFengYKSJ,u0041,western,test,0.9486832981,0.9128709292,True,0.7713004484,89,89,hard
R2_cosine,FZFengYKSJ,u0042,western,test,0.9486832981,0.9128709292,True,0.7713004484,89,89,hard
R2_cosine,FZFengYKSJ,u0043,western,test,0.632455532,0.5477225575,True,0.7713004484,89,89,hard
R2_cosine,FZFengYKSJ,u0047,western,test,0.9486832981,0.9128709292,True,0.7713004484,89,89,hard
R2_cosine,FZFengYKSJ,u004D,western,test,0.9486832981,0.9128709292,True,0.7713004484,89,89,hard
R2_cosine,FZFengYKSJ,u004F,western,test,0.9486832981,0.9128709292,True,0.7713004484,89,89,hard
R2_cosine,FZFengYKSJ,u0051,western,test,0.9486832981,0.9128709292,True,0.7713004484,89,89,hard
R2_cosine,FZFengYKSJ,u0052,western,test,0.9486832981,0.9128709292,True,0.7713004484,89,89,hard
R2_cosine,FZFengYKSJ,u0057,western,test,0.9486832981,0.9128709292,True,0.7713004484,89,89,hard
R2_cosine,FZFengYKSJ,u0061,western,test,0.9486832981,0.9128709292,True,0.7713004484,89,89,hard
R2_cosine,FZFengYKSJ,u0062,western,test,0.9486832981,0.9128709292,True,0.7713004484,89,89,hard
R2_cosine,FZFengYKSJ,u0063,western,test,0.632455532,0.5477225575,True,0.7713004484,89,89,hard
R2_cosine,FZFengYKSJ,u0064,western,test,0.9486832981,0.9128709292,True,0.7713004484,89,89,hard
R2_cosine,FZFengYKSJ,u0065,western,test,0.632455532,0.5477225575,True,0.7713004484,89,89,hard
R2_cosine,FZFengYKSJ,u0067,western,test,0.9486832981,0.9128709292,True,0.7713004484,89,89,hard
R2_cosine,FZFengYKSJ,u0069,western,test,0.9486832981,0.9128709292,True,0.7713004484,89,89,hard
R2_cosine,FZFengYKSJ,u006C,western,test,0.9486832981,0.9128709292,True,0.7713004484,89,89,hard
R2_cosine,FZFengYKSJ,u006E,western,test,0.9486832981,0.9128709292,True,0.7713004484,89,89,hard
R2_cosine,FZFengYKSJ,u006F,western,test,0.9486832981,0.9128709292,True,0.7713004484,89,89,hard
R2_cosine,FZFengYKSJ,u0070,western,test,0.9486832981,0.9128709292,True,0.7713004484,89,89,hard
R2_cosine,FZFengYKSJ,u0071,western,test,0.632455532,0.5477225575,True,0.7713004484,89,89,hard
R2_cosine,FZFengYKSJ,u0075,western,test,0.316227766,0.1825741858,True,0.7713004484,89,89,hard
R2_cosine,FZFengYKSJ,u00E0,western,test,0.632455532,0.5477225575,True,0.7713004484,89,89,hard
R2_cosine,FZFengYKSJ,u00E9,western,test,0.9486832981,0.9128709292,True,0.7713004484,89,89,hard
R2_cosine,FZFengYKSJ,u00FC,western,test,0.316227766,0.1825741858,True,0.7713004484,89,89,hard
R2_cosine,FZFengYKSJ,u0101,western,test,0.9486832981,0.9128709292,True,0.7713004484,89,89,hard
R2_cosine,FZFengYKSJ,u011B,western,test,0.9486832981,0.9128709292,True,0.7713004484,89,89,hard
R2_cosine,FZFengYKSJ,u3042,kana,test,0.9486832981,0.9128709292,True,0.7845744681,169,169,hard
R2_cosine,FZFengYKSJ,u304B,kana,test,0.9486832981,0.9128709292,True,0.7845744681,169,169,hard
R2_cosine,FZFengYKSJ,u3055,kana,test,0.9486832981,0.9128709292,True,0.7845744681,169,169,hard
R2_cosine,FZFengYKSJ,u3093,kana,test,0.9486832981,0.9128709292,True,0.7845744681,169,169,hard
R2_cosine,FZFengYKSJ,u30A2,kana,test,0.9486832981,0.9128709292,True,0.7845744681,169,169,hard
R2_cosine,FZFengYKSJ,u30AB,kana,test,0.9486832981,0.9128709292,True,0.7845744681,169,169,hard
R2_cosine,FZFengYKSJ,u30F3,kana,test,0.9486832981,0.9128709292,True,0.7845744681,169,169,hard
R2_cosine,FZHanWZKJW,u0030,western,test,0.9486832981,0.9128709292,True,0.5852017937,89,89,hard
R2_cosine,FZHanWZKJW,u0031,western,test,0.9486832981,0.9128709292,True,0.5852017937,89,89,hard
R2_cosine,FZHanWZKJW,u0032,western,test,0.9486832981,0.9128709292,True,0.5852017937,89,89,hard
R2_cosine,FZHanWZKJW,u0033,western,test,0.9486832981,0.9128709292,True,0.5852017937,89,89,hard
R2_cosine,FZHanWZKJW,u0034,western,test,0.9486832981,0.9128709292,True,0.5852017937,89,89,hard
R2_cosine,FZHanWZKJW,u0035,western,test,0.9486832981,0.9128709292,True,0.5852017937,89,89,hard
R2_cosine,FZHanWZKJW,u0036,western,test,0.9486832981,0.9128709292,True,0.5852017937,89,89,hard
R2_cosine,FZHanWZKJW,u0037,western,test,0.9486832981,0.9128709292,True,0.5852017937,89,89,hard
R2_cosine,FZHanWZKJW,u0038,western,test,0.9486832981,0.9128709292,True,0.5852017937,89,89,hard
R2_cosine,FZHanWZKJW,u0039,western,test,0.9486832981,0.9128709292,True,0.5852017937,89,89,hard
R2_cosine,FZHanWZKJW,u0041,western,test,0.9486832981,0.9128709292,True,0.5852017937,89,89,hard
R2_cosine,FZHanWZKJW,u0042,western,test,0.9486832981,0.9128709292,True,0.5852017937,89,89,hard
R2_cosine,FZHanWZKJW,u0043,western,test,0.9486832981,0.9128709292,True,0.5852017937,89,89,hard
R2_cosine,FZHanWZKJW,u0047,western,test,0.9486832981,0.9128709292,True,0.5852017937,89,89,hard
R2_cosine,FZHanWZKJW,u004D,western,test,0.9486832981,0.9128709292,True,0.5852017937,89,89,hard
R2_cosine,FZHanWZKJW,u004F,western,test,0.9486832981,0.9128709292,True,0.5852017937,89,89,hard
R2_cosine,FZHanWZKJW,u0051,western,test,0.632455532,0.5477225575,True,0.5852017937,89,89,hard
R2_cosine,FZHanWZKJW,u0052,western,test,0.632455532,0.5477225575,True,0.5852017937,89,89,hard
R2_cosine,FZHanWZKJW,u0057,western,test,0.9486832981,0.9128709292,True,0.5852017937,89,89,hard
R2_cosine,FZHanWZKJW,u0061,western,test,0.9486832981,0.9128709292,True,0.5852017937,89,89,hard
R2_cosine,FZHanWZKJW,u0062,western,test,0.9486832981,0.9128709292,True,0.5852017937,89,89,hard
R2_cosine,FZHanWZKJW,u0063,western,test,0.9486832981,0.9128709292,True,0.5852017937,89,89,hard
R2_cosine,FZHanWZKJW,u0064,western,test,0.9486832981,0.9128709292,True,0.5852017937,89,89,hard
R2_cosine,FZHanWZKJW,u0065,western,test,0.9486832981,0.9128709292,True,0.5852017937,89,89,hard
R2_cosine,FZHanWZKJW,u0067,western,test,0.9486832981,0.9128709292,True,0.5852017937,89,89,hard
R2_cosine,FZHanWZKJW,u0069,western,test,0.9486832981,0.9128709292,True,0.5852017937,89,89,hard
R2_cosine,FZHanWZKJW,u006C,western,test,0.9486832981,0.9128709292,True,0.5852017937,89,89,hard
R2_cosine,FZHanWZKJW,u006E,western,test,0.9486832981,0.9128709292,True,0.5852017937,89,89,hard
R2_cosine,FZHanWZKJW,u006F,western,test,0.632455532,0.5477225575,True,0.5852017937,89,89,hard
R2_cosine,FZHanWZKJW,u0070,western,test,0.632455532,0.5477225575,True,0.5852017937,89,89,hard
R2_cosine,FZHanWZKJW,u0071,western,test,0.9486832981,0.9128709292,True,0.5852017937,89,89,hard
R2_cosine,FZHanWZKJW,u0075,western,test,0.9486832981,0.9128709292,True,0.5852017937,89,89,hard
R2_cosine,FZHanWZKJW,u00E0,western,test,0.9486832981,0.9128709292,True,0.5852017937,89,89,hard
R2_cosine,FZHanWZKJW,u00E9,western,test,0.9486832981,0.9128709292,True,0.5852017937,89,89,hard
R2_cosine,FZHanWZKJW,u00FC,western,test,0.9486832981,0.9128709292,True,0.5852017937,89,89,hard
R2_cosine,FZHanWZKJW,u0101,western,test,0.9486832981,0.9128709292,True,0.5852017937,89,89,hard
R2_cosine,FZHanWZKJW,u011B,western,test,0.9486832981,0.9128709292,True,0.5852017937,89,89,hard
R2_cosine,FZHanWZKJW,u3042,kana,test,0.9486832981,0.9128709292,True,0.7074468085,169,169,hard
R2_cosine,FZHanWZKJW,u304B,kana,test,0.9486832981,0.9128709292,True,0.7074468085,169,169,hard
R2_cosine,FZHanWZKJW,u3055,kana,test,0.9486832981,0.9128709292,True,0.7074468085,169,169,hard
R2_cosine,FZHanWZKJW,u3093,kana,test,0.9486832981,0.9128709292,True,0.7074468085,169,169,hard
R2_cosine,FZHanWZKJW,u30A2,kana,test,0.9486832981,0.9128709292,True,0.7074468085,169,169,hard
R2_cosine,FZHanWZKJW,u30AB,kana,test,0.9486832981,0.9128709292,True,0.7074468085,169,169,hard
R2_cosine,FZHanWZKJW,u30F3,kana,test,0.9486832981,0.9128709292,True,0.7074468085,169,169,hard
R2_cosine,FZHanWZKJW,u3105,bopomofo,test,0.9486832981,0.9128709292,True,0.65,37,37,hard
R2_cosine,FZHanWZKJW,u3106,bopomofo,test,0.9486832981,0.9128709292,True,0.65,37,37,hard
R2_cosine,FZHanWZKJW,u311A,bopomofo,test,0.9486832981,0.9128709292,True,0.65,37,37,hard
R2_cosine,FZHuoYYJW-T,u0030,western,test,0.9486832981,0.9128709292,True,0.8587443946,89,89,hard
R2_cosine,FZHuoYYJW-T,u0031,western,test,0.9486832981,0.9128709292,True,0.8587443946,89,89,hard
R2_cosine,FZHuoYYJW-T,u0032,western,test,0.9486832981,0.9128709292,True,0.8587443946,89,89,hard
R2_cosine,FZHuoYYJW-T,u0033,western,test,0.9486832981,0.9128709292,True,0.8587443946,89,89,hard
R2_cosine,FZHuoYYJW-T,u0034,western,test,0.9486832981,0.9128709292,True,0.8587443946,89,89,hard
R2_cosine,FZHuoYYJW-T,u0035,western,test,0.9486832981,0.9128709292,True,0.8587443946,89,89,hard
R2_cosine,FZHuoYYJW-T,u0036,western,test,0.9486832981,0.9128709292,True,0.8587443946,89,89,hard
R2_cosine,FZHuoYYJW-T,u0037,western,test,0.9486832981,0.9128709292,True,0.8587443946,89,89,hard
R2_cosine,FZHuoYYJW-T,u0038,western,test,0.9486832981,0.9128709292,True,0.8587443946,89,89,hard
R2_cosine,FZHuoYYJW-T,u0039,western,test,0.9486832981,0.9128709292,True,0.8587443946,89,89,hard
R2_cosine,FZHuoYYJW-T,u0041,western,test,0.9486832981,0.9128709292,True,0.8587443946,89,89,hard
R2_cosine,FZHuoYYJW-T,u0042,western,test,0.9486832981,0.9128709292,True,0.8587443946,89,89,hard
R2_cosine,FZHuoYYJW-T,u0043,western,test,0.9486832981,0.9128709292,True,0.8587443946,89,89,hard
R2_cosine,FZHuoYYJW-T,u0047,western,test,0.9486832981,0.9128709292,True,0.8587443946,89,89,hard
R2_cosine,FZHuoYYJW-T,u004D,western,test,0.9486832981,0.9128709292,True,0.8587443946,89,89,hard
R2_cosine,FZHuoYYJW-T,u004F,western,test,0.9486832981,0.9128709292,True,0.8587443946,89,89,hard
R2_cosine,FZHuoYYJW-T,u0051,western,test,0.9486832981,0.9128709292,True,0.8587443946,89,89,hard
R2_cosine,FZHuoYYJW-T,u0052,western,test,0.9486832981,0.9128709292,True,0.8587443946,89,89,hard
R2_cosine,FZHuoYYJW-T,u0057,western,test,0.9486832981,0.9128709292,True,0.8587443946,89,89,hard
R2_cosine,FZHuoYYJW-T,u0061,western,test,0.9486832981,0.9128709292,True,0.8587443946,89,89,hard
R2_cosine,FZHuoYYJW-T,u0062,western,test,0.632455532,0.5477225575,True,0.8587443946,89,89,hard
R2_cosine,FZHuoYYJW-T,u0063,western,test,0.9486832981,0.9128709292,True,0.8587443946,89,89,hard
R2_cosine,FZHuoYYJW-T,u0064,western,test,0.9486832981,0.9128709292,True,0.8587443946,89,89,hard
R2_cosine,FZHuoYYJW-T,u0065,western,test,0.9486832981,0.9128709292,True,0.8587443946,89,89,hard
R2_cosine,FZHuoYYJW-T,u0067,western,test,0.9486832981,0.9128709292,True,0.8587443946,89,89,hard
R2_cosine,FZHuoYYJW-T,u0069,western,test,0.9486832981,0.9128709292,True,0.8587443946,89,89,hard
R2_cosine,FZHuoYYJW-T,u006C,western,test,0.9486832981,0.9128709292,True,0.8587443946,89,89,hard
R2_cosine,FZHuoYYJW-T,u006E,western,test,0.9486832981,0.9128709292,True,0.8587443946,89,89,hard
R2_cosine,FZHuoYYJW-T,u006F,western,test,0.9486832981,0.9128709292,True,0.8587443946,89,89,hard
R2_cosine,FZHuoYYJW-T,u0070,western,test,0.9486832981,0.9128709292,True,0.8587443946,89,89,hard
R2_cosine,FZHuoYYJW-T,u0071,western,test,0.9486832981,0.9128709292,True,0.8587443946,89,89,hard
R2_cosine,FZHuoYYJW-T,u0075,western,test,0.9486832981,0.9128709292,True,0.8587443946,89,89,hard
R2_cosine,FZHuoYYJW-T,u00E0,western,test,0.9486832981,0.9128709292,True,0.8587443946,89,89,hard
R2_cosine,FZHuoYYJW-T,u00E9,western,test,0.9486832981,0.9128709292,True,0.8587443946,89,89,hard
R2_cosine,FZHuoYYJW-T,u00FC,western,test,0.9486832981,0.9128709292,True,0.8587443946,89,89,hard
R2_cosine,FZHuoYYJW-T,u0101,western,test,0.9486832981,0.9128709292,True,0.8587443946,89,89,hard
R2_cosine,FZHuoYYJW-T,u011B,western,test,0.9486832981,0.9128709292,True,0.8587443946,89,89,hard
R2_cosine,FZJianLTJW_Te,u0030,western,test,0.316227766,0.1825741858,True,0.2892376682,89,89,easy
R2_cosine,FZJianLTJW_Te,u0031,western,test,0.632455532,0.5477225575,True,0.2892376682,89,89,easy
R2_cosine,FZJianLTJW_Te,u0032,western,test,0.9486832981,0.9128709292,True,0.2892376682,89,89,easy
R2_cosine,FZJianLTJW_Te,u0033,western,test,0.632455532,0.5477225575,True,0.2892376682,89,89,easy
R2_cosine,FZJianLTJW_Te,u0034,western,test,0.9486832981,0.9128709292,True,0.2892376682,89,89,easy
R2_cosine,FZJianLTJW_Te,u0035,western,test,0.632455532,0.5477225575,True,0.2892376682,89,89,easy
R2_cosine,FZJianLTJW_Te,u0036,western,test,0.9486832981,0.9128709292,True,0.2892376682,89,89,easy
R2_cosine,FZJianLTJW_Te,u0037,western,test,0.9486832981,0.9128709292,True,0.2892376682,89,89,easy
R2_cosine,FZJianLTJW_Te,u0038,western,test,0.9486832981,0.9128709292,True,0.2892376682,89,89,easy
R2_cosine,FZJianLTJW_Te,u0039,western,test,0.632455532,0.5477225575,True,0.2892376682,89,89,easy
R2_cosine,FZJianLTJW_Te,u0041,western,test,0.9486832981,0.9128709292,True,0.2892376682,89,89,easy
R2_cosine,FZJianLTJW_Te,u0042,western,test,0.632455532,0.5477225575,True,0.2892376682,89,89,easy
R2_cosine,FZJianLTJW_Te,u0043,western,test,0.632455532,0.5477225575,True,0.2892376682,89,89,easy
R2_cosine,FZJianLTJW_Te,u0047,western,test,0.632455532,0.5477225575,True,0.2892376682,89,89,easy
R2_cosine,FZJianLTJW_Te,u004D,western,test,0.9486832981,0.9128709292,True,0.2892376682,89,89,easy
R2_cosine,FZJianLTJW_Te,u004F,western,test,0.316227766,0.1825741858,True,0.2892376682,89,89,easy
R2_cosine,FZJianLTJW_Te,u0051,western,test,0.632455532,0.5477225575,True,0.2892376682,89,89,easy
R2_cosine,FZJianLTJW_Te,u0052,western,test,0.632455532,0.5477225575,True,0.2892376682,89,89,easy
R2_cosine,FZJianLTJW_Te,u0057,western,test,0.9486832981,0.9128709292,True,0.2892376682,89,89,easy
R2_cosine,FZJianLTJW_Te,u0061,western,test,0.9486832981,0.9128709292,True,0.2892376682,89,89,easy
R2_cosine,FZJianLTJW_Te,u0062,western,test,0.9486832981,0.9128709292,True,0.2892376682,89,89,easy
R2_cosine,FZJianLTJW_Te,u0063,western,test,0.632455532,0.5477225575,True,0.2892376682,89,89,easy
R2_cosine,FZJianLTJW_Te,u0064,western,test,0.9486832981,0.9128709292,True,0.2892376682,89,89,easy
R2_cosine,FZJianLTJW_Te,u0065,western,test,0.9486832981,0.9128709292,True,0.2892376682,89,89,easy
R2_cosine,FZJianLTJW_Te,u0067,western,test,0.9486832981,0.9128709292,True,0.2892376682,89,89,easy
R2_cosine,FZJianLTJW_Te,u0069,western,test,0.9486832981,0.9128709292,True,0.2892376682,89,89,easy
R2_cosine,FZJianLTJW_Te,u006C,western,test,0.632455532,0.5477225575,True,0.2892376682,89,89,easy
R2_cosine,FZJianLTJW_Te,u006E,western,test,0.9486832981,0.9128709292,True,0.2892376682,89,89,easy
R2_cosine,FZJianLTJW_Te,u006F,western,test,0.632455532,0.5477225575,True,0.2892376682,89,89,easy
R2_cosine,FZJianLTJW_Te,u0070,western,test,0.9486832981,0.9128709292,True,0.2892376682,89,89,easy
R2_cosine,FZJianLTJW_Te,u0071,western,test,0.632455532,0.5477225575,True,0.2892376682,89,89,easy
R2_cosine,FZJianLTJW_Te,u0075,western,test,0.632455532,0.5477225575,True,0.2892376682,89,89,easy
R2_cosine,FZJianLTJW_Te,u00E0,western,test,0.9486832981,0.9128709292,True,0.2892376682,89,89,easy
R2_cosine,FZJianLTJW_Te,u00E9,western,test,0.9486832981,0.9128709292,True,0.2892376682,89,89,easy
R2_cosine,FZJianLTJW_Te,u00FC,western,test,0.632455532,0.5477225575,True,0.2892376682,89,89,easy
R2_cosine,FZJianLTJW_Te,u0101,western,test,0.9486832981,0.9128709292,True,0.2892376682,89,89,easy
R2_cosine,FZJianLTJW_Te,u011B,western,test,0.632455532,0.5477225575,True,0.2892376682,89,89,easy
R2_cosine,FZJianLTJW_Te,u3042,kana,test,0.9486832981,0.9128709292,True,0.2340425532,169,169,easy
R2_cosine,FZJianLTJW_Te,u304B,kana,test,0.9486832981,0.9128709292,True,0.2340425532,169,169,easy
R2_cosine,FZJianLTJW_Te,u3055,kana,test,0.9486832981,0.9128709292,True,0.2340425532,169,169,easy
R2_cosine,FZJianLTJW_Te,u3093,kana,test,0.9486832981,0.9128709292,True,0.2340425532,169,169,easy
R2_cosine,FZJianLTJW_Te,u30A2,kana,test,0.9486832981,0.9128709292,True,0.2340425532,169,169,easy
R2_cosine,FZJianLTJW_Te,u30AB,kana,test,0.9486832981,0.9128709292,True,0.2340425532,169,169,easy
R2_cosine,FZJianLTJW_Te,u30F3,kana,test,0.9486832981,0.9128709292,True,0.2340425532,169,169,easy
R2_cosine,FZJingLTJW-H,u0030,western,test,0.9486832981,0.9128709292,True,0.4349775785,89,89,medium
R2_cosine,FZJingLTJW-H,u0031,western,test,0.9486832981,0.9128709292,True,0.4349775785,89,89,medium
R2_cosine,FZJingLTJW-H,u0032,western,test,0.9486832981,0.9128709292,True,0.4349775785,89,89,medium
R2_cosine,FZJingLTJW-H,u0033,western,test,0.9486832981,0.9128709292,True,0.4349775785,89,89,medium
R2_cosine,FZJingLTJW-H,u0034,western,test,0.9486832981,0.9128709292,True,0.4349775785,89,89,medium
R2_cosine,FZJingLTJW-H,u0035,western,test,0.9486832981,0.9128709292,True,0.4349775785,89,89,medium
R2_cosine,FZJingLTJW-H,u0036,western,test,0.9486832981,0.9128709292,True,0.4349775785,89,89,medium
R2_cosine,FZJingLTJW-H,u0037,western,test,0.9486832981,0.9128709292,True,0.4349775785,89,89,medium
R2_cosine,FZJingLTJW-H,u0038,western,test,0.9486832981,0.9128709292,True,0.4349775785,89,89,medium
R2_cosine,FZJingLTJW-H,u0039,western,test,0.9486832981,0.9128709292,True,0.4349775785,89,89,medium
R2_cosine,FZJingLTJW-H,u0041,western,test,0.9486832981,0.9128709292,True,0.4349775785,89,89,medium
R2_cosine,FZJingLTJW-H,u0042,western,test,0.9486832981,0.9128709292,True,0.4349775785,89,89,medium
R2_cosine,FZJingLTJW-H,u0043,western,test,0.9486832981,0.9128709292,True,0.4349775785,89,89,medium
R2_cosine,FZJingLTJW-H,u0047,western,test,0.9486832981,0.9128709292,True,0.4349775785,89,89,medium
R2_cosine,FZJingLTJW-H,u004D,western,test,0.9486832981,0.9128709292,True,0.4349775785,89,89,medium
R2_cosine,FZJingLTJW-H,u004F,western,test,0.9486832981,0.9128709292,True,0.4349775785,89,89,medium
R2_cosine,FZJingLTJW-H,u0051,western,test,0.9486832981,0.9128709292,True,0.4349775785,89,89,medium
R2_cosine,FZJingLTJW-H,u0052,western,test,0.9486832981,0.9128709292,True,0.4349775785,89,89,medium
R2_cosine,FZJingLTJW-H,u0057,western,test,0.9486832981,0.9128709292,True,0.4349775785,89,89,medium
R2_cosine,FZJingLTJW-H,u0061,western,test,0.9486832981,0.9128709292,True,0.4349775785,89,89,medium
R2_cosine,FZJingLTJW-H,u0062,western,test,0.9486832981,0.9128709292,True,0.4349775785,89,89,medium
R2_cosine,FZJingLTJW-H,u0063,western,test,0.9486832981,0.9128709292,True,0.4349775785,89,89,medium
R2_cosine,FZJingLTJW-H,u0064,western,test,0.9486832981,0.9128709292,True,0.4349775785,89,89,medium
R2_cosine,FZJingLTJW-H,u0065,western,test,0.9486832981,0.9128709292,True,0.4349775785,89,89,medium
R2_cosine,FZJingLTJW-H,u0067,western,test,0.9486832981,0.9128709292,True,0.4349775785,89,89,medium
R2_cosine,FZJingLTJW-H,u0069,western,test,0.9486832981,0.9128709292,True,0.4349775785,89,89,medium
R2_cosine,FZJingLTJW-H,u006C,western,test,0.9486832981,0.9128709292,True,0.4349775785,89,89,medium
R2_cosine,FZJingLTJW-H,u006E,western,test,0.9486832981,0.9128709292,True,0.4349775785,89,89,medium
R2_cosine,FZJingLTJW-H,u006F,western,test,0.9486832981,0.9128709292,True,0.4349775785,89,89,medium
R2_cosine,FZJingLTJW-H,u0070,western,test,0.9486832981,0.9128709292,True,0.4349775785,89,89,medium
R2_cosine,FZJingLTJW-H,u0071,western,test,0.9486832981,0.9128709292,True,0.4349775785,89,89,medium
R2_cosine,FZJingLTJW-H,u0075,western,test,0.9486832981,0.9128709292,True,0.4349775785,89,89,medium
R2_cosine,FZJingLTJW-H,u00E0,western,test,0.9486832981,0.9128709292,True,0.4349775785,89,89,medium
R2_cosine,FZJingLTJW-H,u00E9,western,test,0.9486832981,0.9128709292,True,0.4349775785,89,89,medium
R2_cosine,FZJingLTJW-H,u00FC,western,test,0.9486832981,0.9128709292,True,0.4349775785,89,89,medium
R2_cosine,FZJingLTJW-H,u0101,western,test,0.9486832981,0.9128709292,True,0.4349775785,89,89,medium
R2_cosine,FZJingLTJW-H,u011B,western,test,0.9486832981,0.9128709292,True,0.4349775785,89,89,medium
R2_cosine,FZJingLTJW-H,u3042,kana,test,0.9486832981,0.9128709292,True,0.3510638298,169,169,easy
R2_cosine,FZJingLTJW-H,u304B,kana,test,0.9486832981,0.9128709292,True,0.3510638298,169,169,easy
R2_cosine,FZJingLTJW-H,u3055,kana,test,0.9486832981,0.9128709292,True,0.3510638298,169,169,easy
R2_cosine,FZJingLTJW-H,u3093,kana,test,0.9486832981,0.9128709292,True,0.3510638298,169,169,easy
R2_cosine,FZJingLTJW-H,u30A2,kana,test,0.9486832981,0.9128709292,True,0.3510638298,169,169,easy
R2_cosine,FZJingLTJW-H,u30AB,kana,test,0.9486832981,0.9128709292,True,0.3510638298,169,169,easy
R2_cosine,FZJingLTJW-H,u30F3,kana,test,0.9486832981,0.9128709292,True,0.3510638298,169,169,easy
R2_cosine,FZJingLTJW-H,u3105,bopomofo,test,0.9486832981,0.9128709292,True,0.3615384615,37,37,easy
R2_cosine,FZJingLTJW-H,u3106,bopomofo,test,0.9486832981,0.9128709292,True,0.3615384615,37,37,easy
R2_cosine,FZJingLTJW-H,u311A,bopomofo,test,0.9486832981,0.9128709292,True,0.3615384615,37,37,easy
R2_cosine,FZJingYLLTJW,u0030,western,test,0.9486832981,0.9128709292,True,0.4304932735,89,89,medium
R2_cosine,FZJingYLLTJW,u0031,western,test,0.316227766,0.1825741858,True,0.4304932735,89,89,medium
R2_cosine,FZJingYLLTJW,u0032,western,test,0.632455532,0.5477225575,True,0.4304932735,89,89,medium
R2_cosine,FZJingYLLTJW,u0033,western,test,0.9486832981,0.9128709292,True,0.4304932735,89,89,medium
R2_cosine,FZJingYLLTJW,u0034,western,test,0.9486832981,0.9128709292,True,0.4304932735,89,89,medium
R2_cosine,FZJingYLLTJW,u0035,western,test,0.9486832981,0.9128709292,True,0.4304932735,89,89,medium
R2_cosine,FZJingYLLTJW,u0036,western,test,0.632455532,0.5477225575,True,0.4304932735,89,89,medium
R2_cosine,FZJingYLLTJW,u0037,western,test,0.632455532,0.5477225575,True,0.4304932735,89,89,medium
R2_cosine,FZJingYLLTJW,u0038,western,test,0.9486832981,0.9128709292,True,0.4304932735,89,89,medium
R2_cosine,FZJingYLLTJW,u0039,western,test,0.9486832981,0.9128709292,True,0.4304932735,89,89,medium
R2_cosine,FZJingYLLTJW,u0041,western,test,0.9486832981,0.9128709292,True,0.4304932735,89,89,medium
R2_cosine,FZJingYLLTJW,u0042,western,test,0.316227766,0.1825741858,True,0.4304932735,89,89,medium
R2_cosine,FZJingYLLTJW,u0043,western,test,0.316227766,0.1825741858,True,0.4304932735,89,89,medium
R2_cosine,FZJingYLLTJW,u0047,western,test,0.9486832981,0.9128709292,True,0.4304932735,89,89,medium
R2_cosine,FZJingYLLTJW,u004D,western,test,0.9486832981,0.9128709292,True,0.4304932735,89,89,medium
R2_cosine,FZJingYLLTJW,u004F,western,test,0.9486832981,0.9128709292,True,0.4304932735,89,89,medium
R2_cosine,FZJingYLLTJW,u0051,western,test,0.316227766,0.1825741858,True,0.4304932735,89,89,medium
R2_cosine,FZJingYLLTJW,u0052,western,test,0.9486832981,0.9128709292,True,0.4304932735,89,89,medium
R2_cosine,FZJingYLLTJW,u0057,western,test,0.632455532,0.5477225575,True,0.4304932735,89,89,medium
R2_cosine,FZJingYLLTJW,u0061,western,test,0.9486832981,0.9128709292,True,0.4304932735,89,89,medium
R2_cosine,FZJingYLLTJW,u0062,western,test,0.9486832981,0.9128709292,True,0.4304932735,89,89,medium
R2_cosine,FZJingYLLTJW,u0063,western,test,0.9486832981,0.9128709292,True,0.4304932735,89,89,medium
R2_cosine,FZJingYLLTJW,u0064,western,test,0.632455532,0.5477225575,True,0.4304932735,89,89,medium
R2_cosine,FZJingYLLTJW,u0065,western,test,0.9486832981,0.9128709292,True,0.4304932735,89,89,medium
R2_cosine,FZJingYLLTJW,u0067,western,test,0.9486832981,0.9128709292,True,0.4304932735,89,89,medium
R2_cosine,FZJingYLLTJW,u0069,western,test,0.9486832981,0.9128709292,True,0.4304932735,89,89,medium
R2_cosine,FZJingYLLTJW,u006C,western,test,0.316227766,0.1825741858,True,0.4304932735,89,89,medium
R2_cosine,FZJingYLLTJW,u006E,western,test,0.316227766,0.1825741858,True,0.4304932735,89,89,medium
R2_cosine,FZJingYLLTJW,u006F,western,test,0.632455532,0.5477225575,True,0.4304932735,89,89,medium
R2_cosine,FZJingYLLTJW,u0070,western,test,0.632455532,0.5477225575,True,0.4304932735,89,89,medium
R2_cosine,FZJingYLLTJW,u0071,western,test,0.632455532,0.5477225575,True,0.4304932735,89,89,medium
R2_cosine,FZJingYLLTJW,u0075,western,test,0.9486832981,0.9128709292,True,0.4304932735,89,89,medium
R2_cosine,FZJingYLLTJW,u00E0,western,test,0.632455532,0.5477225575,True,0.4304932735,89,89,medium
R2_cosine,FZJingYLLTJW,u00E9,western,test,0.9486832981,0.9128709292,True,0.4304932735,89,89,medium
R2_cosine,FZJingYLLTJW,u00FC,western,test,0.9486832981,0.9128709292,True,0.4304932735,89,89,medium
R2_cosine,FZJingYLLTJW,u0101,western,test,0.9486832981,0.9128709292,True,0.4304932735,89,89,medium
R2_cosine,FZJingYLLTJW,u011B,western,test,0.9486832981,0.9128709292,True,0.4304932735,89,89,medium
R2_cosine,FZLingFKSJW-B,u0030,western,test,0.9486832981,0.9128709292,True,0.634529148,89,89,hard
R2_cosine,FZLingFKSJW-B,u0031,western,test,0.9486832981,0.9128709292,True,0.634529148,89,89,hard
R2_cosine,FZLingFKSJW-B,u0032,western,test,0.9486832981,0.9128709292,True,0.634529148,89,89,hard
R2_cosine,FZLingFKSJW-B,u0033,western,test,0.9486832981,0.9128709292,True,0.634529148,89,89,hard
R2_cosine,FZLingFKSJW-B,u0034,western,test,0.9486832981,0.9128709292,True,0.634529148,89,89,hard
R2_cosine,FZLingFKSJW-B,u0035,western,test,0.9486832981,0.9128709292,True,0.634529148,89,89,hard
R2_cosine,FZLingFKSJW-B,u0036,western,test,0.9486832981,0.9128709292,True,0.634529148,89,89,hard
R2_cosine,FZLingFKSJW-B,u0037,western,test,0.9486832981,0.9128709292,True,0.634529148,89,89,hard
R2_cosine,FZLingFKSJW-B,u0038,western,test,0.9486832981,0.9128709292,True,0.634529148,89,89,hard
R2_cosine,FZLingFKSJW-B,u0039,western,test,0.9486832981,0.9128709292,True,0.634529148,89,89,hard
R2_cosine,FZLingFKSJW-B,u0041,western,test,0.9486832981,0.9128709292,True,0.634529148,89,89,hard
R2_cosine,FZLingFKSJW-B,u0042,western,test,0.316227766,0.1825741858,True,0.634529148,89,89,hard
R2_cosine,FZLingFKSJW-B,u0043,western,test,0.632455532,0.5477225575,True,0.634529148,89,89,hard
R2_cosine,FZLingFKSJW-B,u0047,western,test,0.9486832981,0.9128709292,True,0.634529148,89,89,hard
R2_cosine,FZLingFKSJW-B,u004D,western,test,0.9486832981,0.9128709292,True,0.634529148,89,89,hard
R2_cosine,FZLingFKSJW-B,u004F,western,test,0.9486832981,0.9128709292,True,0.634529148,89,89,hard
R2_cosine,FZLingFKSJW-B,u0051,western,test,0.316227766,0.1825741858,True,0.634529148,89,89,hard
R2_cosine,FZLingFKSJW-B,u0052,western,test,0.9486832981,0.9128709292,True,0.634529148,89,89,hard
R2_cosine,FZLingFKSJW-B,u0057,western,test,0.9486832981,0.9128709292,True,0.634529148,89,89,hard
R2_cosine,FZLingFKSJW-B,u0061,western,test,0.632455532,0.5477225575,True,0.634529148,89,89,hard
R2_cosine,FZLingFKSJW-B,u0062,western,test,0.9486832981,0.9128709292,True,0.634529148,89,89,hard
R2_cosine,FZLingFKSJW-B,u0063,western,test,0.9486832981,0.9128709292,True,0.634529148,89,89,hard
R2_cosine,FZLingFKSJW-B,u0064,western,test,0.9486832981,0.9128709292,True,0.634529148,89,89,hard
R2_cosine,FZLingFKSJW-B,u0065,western,test,0.316227766,0.1825741858,True,0.634529148,89,89,hard
R2_cosine,FZLingFKSJW-B,u0067,western,test,0.316227766,0.1825741858,True,0.634529148,89,89,hard
R2_cosine,FZLingFKSJW-B,u0069,western,test,0.9486832981,0.9128709292,True,0.634529148,89,89,hard
R2_cosine,FZLingFKSJW-B,u006C,western,test,0.9486832981,0.9128709292,True,0.634529148,89,89,hard
R2_cosine,FZLingFKSJW-B,u006E,western,test,0.632455532,0.5477225575,True,0.634529148,89,89,hard
R2_cosine,FZLingFKSJW-B,u006F,western,test,0.316227766,0.1825741858,True,0.634529148,89,89,hard
R2_cosine,FZLingFKSJW-B,u0070,western,test,0.9486832981,0.9128709292,True,0.634529148,89,89,hard
R2_cosine,FZLingFKSJW-B,u0071,western,test,0.316227766,0.1825741858,True,0.634529148,89,89,hard
R2_cosine,FZLingFKSJW-B,u0075,western,test,0.9486832981,0.9128709292,True,0.634529148,89,89,hard
R2_cosine,FZLingFKSJW-B,u00E0,western,test,0.632455532,0.5477225575,True,0.634529148,89,89,hard
R2_cosine,FZLingFKSJW-B,u00E9,western,test,0.316227766,0.1825741858,True,0.634529148,89,89,hard
R2_cosine,FZLingFKSJW-B,u00FC,western,test,0.316227766,0.1825741858,True,0.634529148,89,89,hard
R2_cosine,FZLingFKSJW-B,u0101,western,test,0.9486832981,0.9128709292,True,0.634529148,89,89,hard
R2_cosine,FZLingFKSJW-B,u011B,western,test,0.316227766,0.1825741858,True,0.634529148,89,89,hard
R2_cosine,FZLingFKSJW-B,u3042,kana,test,0.632455532,0.5477225575,True,0.5531914894,169,169,medium
R2_cosine,FZLingFKSJW-B,u304B,kana,test,0.632455532,0.5477225575,True,0.5531914894,169,169,medium
R2_cosine,FZLingFKSJW-B,u3055,kana,test,0.9486832981,0.9128709292,True,0.5531914894,169,169,medium
R2_cosine,FZLingFKSJW-B,u3093,kana,test,0.9486832981,0.9128709292,True,0.5531914894,169,169,medium
R2_cosine,FZLingFKSJW-B,u30A2,kana,test,0.9486832981,0.9128709292,True,0.5531914894,169,169,medium
R2_cosine,FZLingFKSJW-B,u30AB,kana,test,0.9486832981,0.9128709292,True,0.5531914894,169,169,medium
R2_cosine,FZLingFKSJW-B,u30F3,kana,test,0.632455532,0.5477225575,True,0.5531914894,169,169,medium
R2_cosine,FZLingFKSJW-B,u3105,bopomofo,test,0.316227766,0.1825741858,True,0.5192307692,37,37,medium
R2_cosine,FZLingFKSJW-B,u3106,bopomofo,test,0.632455532,0.5477225575,True,0.5192307692,37,37,medium
R2_cosine,FZLingFKSJW-B,u311A,bopomofo,test,0.9486832981,0.9128709292,True,0.5192307692,37,37,medium
R2_cosine,FZLiuGQKJW-L,u0030,western,test,0.9486832981,0.9128709292,True,0.7264573991,89,89,hard
R2_cosine,FZLiuGQKJW-L,u0031,western,test,0.316227766,0.1825741858,True,0.7264573991,89,89,hard
R2_cosine,FZLiuGQKJW-L,u0032,western,test,0.9486832981,0.9128709292,True,0.7264573991,89,89,hard
R2_cosine,FZLiuGQKJW-L,u0033,western,test,0.9486832981,0.9128709292,True,0.7264573991,89,89,hard
R2_cosine,FZLiuGQKJW-L,u0034,western,test,0.316227766,0.1825741858,True,0.7264573991,89,89,hard
R2_cosine,FZLiuGQKJW-L,u0035,western,test,0.9486832981,0.9128709292,True,0.7264573991,89,89,hard
R2_cosine,FZLiuGQKJW-L,u0036,western,test,0.9486832981,0.9128709292,True,0.7264573991,89,89,hard
R2_cosine,FZLiuGQKJW-L,u0037,western,test,0.9486832981,0.9128709292,True,0.7264573991,89,89,hard
R2_cosine,FZLiuGQKJW-L,u0038,western,test,0.9486832981,0.9128709292,True,0.7264573991,89,89,hard
R2_cosine,FZLiuGQKJW-L,u0039,western,test,0.9486832981,0.9128709292,True,0.7264573991,89,89,hard
R2_cosine,FZLiuGQKJW-L,u0041,western,test,0.9486832981,0.9128709292,True,0.7264573991,89,89,hard
R2_cosine,FZLiuGQKJW-L,u0042,western,test,0.9486832981,0.9128709292,True,0.7264573991,89,89,hard
R2_cosine,FZLiuGQKJW-L,u0043,western,test,0.9486832981,0.9128709292,True,0.7264573991,89,89,hard
R2_cosine,FZLiuGQKJW-L,u0047,western,test,0.9486832981,0.9128709292,True,0.7264573991,89,89,hard
R2_cosine,FZLiuGQKJW-L,u004D,western,test,0.9486832981,0.9128709292,True,0.7264573991,89,89,hard
R2_cosine,FZLiuGQKJW-L,u004F,western,test,0.9486832981,0.9128709292,True,0.7264573991,89,89,hard
R2_cosine,FZLiuGQKJW-L,u0051,western,test,0.9486832981,0.9128709292,True,0.7264573991,89,89,hard
R2_cosine,FZLiuGQKJW-L,u0052,western,test,0.9486832981,0.9128709292,True,0.7264573991,89,89,hard
R2_cosine,FZLiuGQKJW-L,u0057,western,test,0.9486832981,0.9128709292,True,0.7264573991,89,89,hard
R2_cosine,FZLiuGQKJW-L,u0061,western,test,0.9486832981,0.9128709292,True,0.7264573991,89,89,hard
R2_cosine,FZLiuGQKJW-L,u0062,western,test,0.632455532,0.5477225575,True,0.7264573991,89,89,hard
R2_cosine,FZLiuGQKJW-L,u0063,western,test,0.9486832981,0.9128709292,True,0.7264573991,89,89,hard
R2_cosine,FZLiuGQKJW-L,u0064,western,test,0.9486832981,0.9128709292,True,0.7264573991,89,89,hard
R2_cosine,FZLiuGQKJW-L,u0065,western,test,0.632455532,0.5477225575,True,0.7264573991,89,89,hard
R2_cosine,FZLiuGQKJW-L,u0067,western,test,0.9486832981,0.9128709292,True,0.7264573991,89,89,hard
R2_cosine,FZLiuGQKJW-L,u0069,western,test,0.9486832981,0.9128709292,True,0.7264573991,89,89,hard
R2_cosine,FZLiuGQKJW-L,u006C,western,test,0.9486832981,0.9128709292,True,0.7264573991,89,89,hard
R2_cosine,FZLiuGQKJW-L,u006E,western,test,0.316227766,0.1825741858,True,0.7264573991,89,89,hard
R2_cosine,FZLiuGQKJW-L,u006F,western,test,0.9486832981,0.9128709292,True,0.7264573991,89,89,hard
R2_cosine,FZLiuGQKJW-L,u0070,western,test,0.9486832981,0.9128709292,True,0.7264573991,89,89,hard
R2_cosine,FZLiuGQKJW-L,u0071,western,test,0.9486832981,0.9128709292,True,0.7264573991,89,89,hard
R2_cosine,FZLiuGQKJW-L,u0075,western,test,0.9486832981,0.9128709292,True,0.7264573991,89,89,hard
R2_cosine,FZLiuGQKJW-L,u00E0,western,test,0.9486832981,0.9128709292,True,0.7264573991,89,89,hard
R2_cosine,FZLiuGQKJW-L,u00E9,western,test,0.9486832981,0.9128709292,True,0.7264573991,89,89,hard
R2_cosine,FZLiuGQKJW-L,u00FC,western,test,0.9486832981,0.9128709292,True,0.7264573991,89,89,hard
R2_cosine,FZLiuGQKJW-L,u0101,western,test,0.9486832981,0.9128709292,True,0.7264573991,89,89,hard
R2_cosine,FZLiuGQKJW-L,u011B,western,test,0.9486832981,0.9128709292,True,0.7264573991,89,89,hard
R2_cosine,FZLiuGQKJW-L,u3042,kana,test,0.9486832981,0.9128709292,True,0.7473404255,169,169,hard
R2_cosine,FZLiuGQKJW-L,u304B,kana,test,0.9486832981,0.9128709292,True,0.7473404255,169,169,hard
R2_cosine,FZLiuGQKJW-L,u3055,kana,test,0.632455532,0.5477225575,True,0.7473404255,169,169,hard
R2_cosine,FZLiuGQKJW-L,u3093,kana,test,0.316227766,0.1825741858,True,0.7473404255,169,169,hard
R2_cosine,FZLiuGQKJW-L,u30A2,kana,test,0.9486832981,0.9128709292,True,0.7473404255,169,169,hard
R2_cosine,FZLiuGQKJW-L,u30AB,kana,test,0.9486832981,0.9128709292,True,0.7473404255,169,169,hard
R2_cosine,FZLiuGQKJW-L,u30F3,kana,test,0.9486832981,0.9128709292,True,0.7473404255,169,169,hard
R2_cosine,FZMaWDBSJW,u0030,western,test,0.9486832981,0.9128709292,True,0.5448430493,89,89,medium
R2_cosine,FZMaWDBSJW,u0031,western,test,0.9486832981,0.9128709292,True,0.5448430493,89,89,medium
R2_cosine,FZMaWDBSJW,u0032,western,test,0.9486832981,0.9128709292,True,0.5448430493,89,89,medium
R2_cosine,FZMaWDBSJW,u0033,western,test,0.9486832981,0.9128709292,True,0.5448430493,89,89,medium
R2_cosine,FZMaWDBSJW,u0034,western,test,0.9486832981,0.9128709292,True,0.5448430493,89,89,medium
R2_cosine,FZMaWDBSJW,u0035,western,test,0.9486832981,0.9128709292,True,0.5448430493,89,89,medium
R2_cosine,FZMaWDBSJW,u0036,western,test,0.9486832981,0.9128709292,True,0.5448430493,89,89,medium
R2_cosine,FZMaWDBSJW,u0037,western,test,0.9486832981,0.9128709292,True,0.5448430493,89,89,medium
R2_cosine,FZMaWDBSJW,u0038,western,test,0.9486832981,0.9128709292,True,0.5448430493,89,89,medium
R2_cosine,FZMaWDBSJW,u0039,western,test,0.9486832981,0.9128709292,True,0.5448430493,89,89,medium
R2_cosine,FZMaWDBSJW,u0041,western,test,0.9486832981,0.9128709292,True,0.5448430493,89,89,medium
R2_cosine,FZMaWDBSJW,u0042,western,test,0.9486832981,0.9128709292,True,0.5448430493,89,89,medium
R2_cosine,FZMaWDBSJW,u0043,western,test,0.9486832981,0.9128709292,True,0.5448430493,89,89,medium
R2_cosine,FZMaWDBSJW,u0047,western,test,0.9486832981,0.9128709292,True,0.5448430493,89,89,medium
R2_cosine,FZMaWDBSJW,u004D,western,test,0.9486832981,0.9128709292,True,0.5448430493,89,89,medium
R2_cosine,FZMaWDBSJW,u004F,western,test,0.9486832981,0.9128709292,True,0.5448430493,89,89,medium
R2_cosine,FZMaWDBSJW,u0051,western,test,0.9486832981,0.9128709292,True,0.5448430493,89,89,medium
R2_cosine,FZMaWDBSJW,u0052,western,test,0.9486832981,0.9128709292,True,0.5448430493,89,89,medium
R2_cosine,FZMaWDBSJW,u0057,western,test,0.9486832981,0.9128709292,True,0.5448430493,89,89,medium
R2_cosine,FZMaWDBSJW,u0061,western,test,0.9486832981,0.9128709292,True,0.5448430493,89,89,medium
R2_cosine,FZMaWDBSJW,u0062,western,test,0.9486832981,0.9128709292,True,0.5448430493,89,89,medium
R2_cosine,FZMaWDBSJW,u0063,western,test,0.9486832981,0.9128709292,True,0.5448430493,89,89,medium
R2_cosine,FZMaWDBSJW,u0064,western,test,0.9486832981,0.9128709292,True,0.5448430493,89,89,medium
R2_cosine,FZMaWDBSJW,u0065,western,test,0.9486832981,0.9128709292,True,0.5448430493,89,89,medium
R2_cosine,FZMaWDBSJW,u0067,western,test,0.9486832981,0.9128709292,True,0.5448430493,89,89,medium
R2_cosine,FZMaWDBSJW,u0069,western,test,0.9486832981,0.9128709292,True,0.5448430493,89,89,medium
R2_cosine,FZMaWDBSJW,u006C,western,test,0.9486832981,0.9128709292,True,0.5448430493,89,89,medium
R2_cosine,FZMaWDBSJW,u006E,western,test,0.9486832981,0.9128709292,True,0.5448430493,89,89,medium
R2_cosine,FZMaWDBSJW,u006F,western,test,0.9486832981,0.9128709292,True,0.5448430493,89,89,medium
R2_cosine,FZMaWDBSJW,u0070,western,test,0.9486832981,0.9128709292,True,0.5448430493,89,89,medium
R2_cosine,FZMaWDBSJW,u0071,western,test,0.9486832981,0.9128709292,True,0.5448430493,89,89,medium
R2_cosine,FZMaWDBSJW,u0075,western,test,0.9486832981,0.9128709292,True,0.5448430493,89,89,medium
R2_cosine,FZMaWDBSJW,u00E0,western,test,0.9486832981,0.9128709292,True,0.5448430493,89,89,medium
R2_cosine,FZMaWDBSJW,u00E9,western,test,0.9486832981,0.9128709292,True,0.5448430493,89,89,medium
R2_cosine,FZMaWDBSJW,u00FC,western,test,0.9486832981,0.9128709292,True,0.5448430493,89,89,medium
R2_cosine,FZMaWDBSJW,u0101,western,test,0.9486832981,0.9128709292,True,0.5448430493,89,89,medium
R2_cosine,FZMaWDBSJW,u011B,western,test,0.9486832981,0.9128709292,True,0.5448430493,89,89,medium
R2_cosine,FZMaWDBSJW,u3042,kana,test,0.9486832981,0.9128709292,True,0.5079787234,169,169,medium
R2_cosine,FZMaWDBSJW,u304B,kana,test,0.9486832981,0.9128709292,True,0.5079787234,169,169,medium
R2_cosine,FZMaWDBSJW,u3055,kana,test,0.9486832981,0.9128709292,True,0.5079787234,169,169,medium
R2_cosine,FZMaWDBSJW,u3093,kana,test,0.9486832981,0.9128709292,True,0.5079787234,169,169,medium
R2_cosine,FZMaWDBSJW,u30A2,kana,test,0.316227766,0.1825741858,True,0.5079787234,169,169,medium
R2_cosine,FZMaWDBSJW,u30AB,kana,test,0.9486832981,0.9128709292,True,0.5079787234,169,169,medium
R2_cosine,FZMaWDBSJW,u30F3,kana,test,0.9486832981,0.9128709292,True,0.5079787234,169,169,medium
R2_cosine,FZMaWDBSJW,u3105,bopomofo,test,,,False,0.4884615385,37,37,medium
R2_cosine,FZMaWDBSJW,u3106,bopomofo,test,,,False,0.4884615385,37,37,medium
R2_cosine,FZMaWDBSJW,u311A,bopomofo,test,,,False,0.4884615385,37,37,medium
R2_cosine,FZTJLSJW,u0030,western,test,0.9486832981,0.9128709292,True,0.8004484305,89,89,hard
R2_cosine,FZTJLSJW,u0031,western,test,0.9486832981,0.9128709292,True,0.8004484305,89,89,hard
R2_cosine,FZTJLSJW,u0032,western,test,0.9486832981,0.9128709292,True,0.8004484305,89,89,hard
R2_cosine,FZTJLSJW,u0033,western,test,0.9486832981,0.9128709292,True,0.8004484305,89,89,hard
R2_cosine,FZTJLSJW,u0034,western,test,0.9486832981,0.9128709292,True,0.8004484305,89,89,hard
R2_cosine,FZTJLSJW,u0035,western,test,0.9486832981,0.9128709292,True,0.8004484305,89,89,hard
R2_cosine,FZTJLSJW,u0036,western,test,0.9486832981,0.9128709292,True,0.8004484305,89,89,hard
R2_cosine,FZTJLSJW,u0037,western,test,0.9486832981,0.9128709292,True,0.8004484305,89,89,hard
R2_cosine,FZTJLSJW,u0038,western,test,0.9486832981,0.9128709292,True,0.8004484305,89,89,hard
R2_cosine,FZTJLSJW,u0039,western,test,0.9486832981,0.9128709292,True,0.8004484305,89,89,hard
R2_cosine,FZTJLSJW,u0041,western,test,0.9486832981,0.9128709292,True,0.8004484305,89,89,hard
R2_cosine,FZTJLSJW,u0042,western,test,0.9486832981,0.9128709292,True,0.8004484305,89,89,hard
R2_cosine,FZTJLSJW,u0043,western,test,0.9486832981,0.9128709292,True,0.8004484305,89,89,hard
R2_cosine,FZTJLSJW,u0047,western,test,0.9486832981,0.9128709292,True,0.8004484305,89,89,hard
R2_cosine,FZTJLSJW,u004D,western,test,0.9486832981,0.9128709292,True,0.8004484305,89,89,hard
R2_cosine,FZTJLSJW,u004F,western,test,0.9486832981,0.9128709292,True,0.8004484305,89,89,hard
R2_cosine,FZTJLSJW,u0051,western,test,0.9486832981,0.9128709292,True,0.8004484305,89,89,hard
R2_cosine,FZTJLSJW,u0052,western,test,0.9486832981,0.9128709292,True,0.8004484305,89,89,hard
R2_cosine,FZTJLSJW,u0057,western,test,0.9486832981,0.9128709292,True,0.8004484305,89,89,hard
R2_cosine,FZTJLSJW,u0061,western,test,0.9486832981,0.9128709292,True,0.8004484305,89,89,hard
R2_cosine,FZTJLSJW,u0062,western,test,0.9486832981,0.9128709292,True,0.8004484305,89,89,hard
R2_cosine,FZTJLSJW,u0063,western,test,0.9486832981,0.9128709292,True,0.8004484305,89,89,hard
R2_cosine,FZTJLSJW,u0064,western,test,0.9486832981,0.9128709292,True,0.8004484305,89,89,hard
R2_cosine,FZTJLSJW,u0065,western,test,0.9486832981,0.9128709292,True,0.8004484305,89,89,hard
R2_cosine,FZTJLSJW,u0067,western,test,0.9486832981,0.9128709292,True,0.8004484305,89,89,hard
R2_cosine,FZTJLSJW,u0069,western,test,0.9486832981,0.9128709292,True,0.8004484305,89,89,hard
R2_cosine,FZTJLSJW,u006C,western,test,0.9486832981,0.9128709292,True,0.8004484305,89,89,hard
R2_cosine,FZTJLSJW,u006E,western,test,0.9486832981,0.9128709292,True,0.8004484305,89,89,hard
R2_cosine,FZTJLSJW,u006F,western,test,0.9486832981,0.9128709292,True,0.8004484305,89,89,hard
R2_cosine,FZTJLSJW,u0070,western,test,0.9486832981,0.9128709292,True,0.8004484305,89,89,hard
R2_cosine,FZTJLSJW,u0071,western,test,0.9486832981,0.9128709292,True,0.8004484305,89,89,hard
R2_cosine,FZTJLSJW,u0075,western,test,0.9486832981,0.9128709292,True,0.8004484305,89,89,hard
R2_cosine,FZTJLSJW,u00E0,western,test,0.9486832981,0.9128709292,True,0.8004484305,89,89,hard
R2_cosine,FZTJLSJW,u00E9,western,test,0.9486832981,0.9128709292,True,0.8004484305,89,89,hard
R2_cosine,FZTJLSJW,u00FC,western,test,0.9486832981,0.9128709292,True,0.8004484305,89,89,hard
R2_cosine,FZTJLSJW,u0101,western,test,0.9486832981,0.9128709292,True,0.8004484305,89,89,hard
R2_cosine,FZTJLSJW,u011B,western,test,0.9486832981,0.9128709292,True,0.8004484305,89,89,hard
R2_head,FZBuGTJW,u0030,western,test,0.9486832981,0.9128709292,True,0.5,89,89,medium
R2_head,FZBuGTJW,u0031,western,test,0.9486832981,0.9128709292,True,0.5,89,89,medium
R2_head,FZBuGTJW,u0032,western,test,0.316227766,0.1825741858,True,0.5,89,89,medium
R2_head,FZBuGTJW,u0033,western,test,0.9486832981,0.9128709292,True,0.5,89,89,medium
R2_head,FZBuGTJW,u0034,western,test,0.9486832981,0.9128709292,True,0.5,89,89,medium
R2_head,FZBuGTJW,u0035,western,test,0.9486832981,0.9128709292,True,0.5,89,89,medium
R2_head,FZBuGTJW,u0036,western,test,0.9486832981,0.9128709292,True,0.5,89,89,medium
R2_head,FZBuGTJW,u0037,western,test,0.9486832981,0.9128709292,True,0.5,89,89,medium
R2_head,FZBuGTJW,u0038,western,test,0.632455532,0.5477225575,True,0.5,89,89,medium
R2_head,FZBuGTJW,u0039,western,test,0.632455532,0.5477225575,True,0.5,89,89,medium
R2_head,FZBuGTJW,u0041,western,test,0.9486832981,0.9128709292,True,0.5,89,89,medium
R2_head,FZBuGTJW,u0042,western,test,0.9486832981,0.9128709292,True,0.5,89,89,medium
R2_head,FZBuGTJW,u0043,western,test,0.9486832981,0.9128709292,True,0.5,89,89,medium
R2_head,FZBuGTJW,u0047,western,test,0.632455532,0.5477225575,True,0.5,89,89,medium
R2_head,FZBuGTJW,u004D,western,test,0.9486832981,0.9128709292,True,0.5,89,89,medium
R2_head,FZBuGTJW,u004F,western,test,0.9486832981,0.9128709292,True,0.5,89,89,medium
R2_head,FZBuGTJW,u0051,western,test,0.9486832981,0.9128709292,True,0.5,89,89,medium
R2_head,FZBuGTJW,u0052,western,test,0.9486832981,0.9128709292,True,0.5,89,89,medium
R2_head,FZBuGTJW,u0057,western,test,0.9486832981,0.9128709292,True,0.5,89,89,medium
R2_head,FZBuGTJW,u0061,western,test,0.9486832981,0.9128709292,True,0.5,89,89,medium
R2_head,FZBuGTJW,u0062,western,test,0.7378647874,0.5477225575,True,0.5,89,89,medium
R2_head,FZBuGTJW,u0063,western,test,0.9486832981,0.9128709292,True,0.5,89,89,medium
R2_head,FZBuGTJW,u0064,western,test,0.9486832981,0.9128709292,True,0.5,89,89,medium
R2_head,FZBuGTJW,u0065,western,test,0.9486832981,0.9128709292,True,0.5,89,89,medium
R2_head,FZBuGTJW,u0067,western,test,0.9486832981,0.9128709292,True,0.5,89,89,medium
R2_head,FZBuGTJW,u0069,western,test,0.9486832981,0.9128709292,True,0.5,89,89,medium
R2_head,FZBuGTJW,u006C,western,test,0.7378647874,0.5477225575,True,0.5,89,89,medium
R2_head,FZBuGTJW,u006E,western,test,0.9486832981,0.9128709292,True,0.5,89,89,medium
R2_head,FZBuGTJW,u006F,western,test,0.9486832981,0.9128709292,True,0.5,89,89,medium
R2_head,FZBuGTJW,u0070,western,test,0.9486832981,0.9128709292,True,0.5,89,89,medium
R2_head,FZBuGTJW,u0071,western,test,0.9486832981,0.9128709292,True,0.5,89,89,medium
R2_head,FZBuGTJW,u0075,western,test,0.632455532,0.5477225575,True,0.5,89,89,medium
R2_head,FZBuGTJW,u00E0,western,test,0.9486832981,0.9128709292,True,0.5,89,89,medium
R2_head,FZBuGTJW,u00E9,western,test,0.9486832981,0.9128709292,True,0.5,89,89,medium
R2_head,FZBuGTJW,u00FC,western,test,0.9486832981,0.9128709292,True,0.5,89,89,medium
R2_head,FZBuGTJW,u0101,western,test,0.9486832981,0.9128709292,True,0.5,89,89,medium
R2_head,FZBuGTJW,u011B,western,test,0.9486832981,0.9128709292,True,0.5,89,89,medium
R2_head,FZBuGTJW,u3042,kana,test,0.632455532,0.5477225575,True,0.545212766,169,169,medium
R2_head,FZBuGTJW,u304B,kana,test,0.632455532,0.5477225575,True,0.545212766,169,169,medium
R2_head,FZBuGTJW,u3055,kana,test,0.9486832981,0.9128709292,True,0.545212766,169,169,medium
R2_head,FZBuGTJW,u3093,kana,test,0.9486832981,0.9128709292,True,0.545212766,169,169,medium
R2_head,FZBuGTJW,u30A2,kana,test,0.9486832981,0.9128709292,True,0.545212766,169,169,medium
R2_head,FZBuGTJW,u30AB,kana,test,0.9486832981,0.9128709292,True,0.545212766,169,169,medium
R2_head,FZBuGTJW,u30F3,kana,test,0.9486832981,0.9128709292,True,0.545212766,169,169,medium
R2_head,FZBuGTJW,u3105,bopomofo,test,0.632455532,0.5477225575,True,0.4961538462,37,37,medium
R2_head,FZBuGTJW,u3106,bopomofo,test,0.632455532,0.5477225575,True,0.4961538462,37,37,medium
R2_head,FZBuGTJW,u311A,bopomofo,test,0.9486832981,0.9128709292,True,0.4961538462,37,37,medium
R2_head,FZChuangHJW_DB,u0030,western,test,0.9486832981,0.9128709292,True,0.6031390135,89,89,hard
R2_head,FZChuangHJW_DB,u0031,western,test,0.9486832981,0.9128709292,True,0.6031390135,89,89,hard
R2_head,FZChuangHJW_DB,u0032,western,test,0.9486832981,0.9128709292,True,0.6031390135,89,89,hard
R2_head,FZChuangHJW_DB,u0033,western,test,0.9486832981,0.9128709292,True,0.6031390135,89,89,hard
R2_head,FZChuangHJW_DB,u0034,western,test,0.9486832981,0.9128709292,True,0.6031390135,89,89,hard
R2_head,FZChuangHJW_DB,u0035,western,test,0.9486832981,0.9128709292,True,0.6031390135,89,89,hard
R2_head,FZChuangHJW_DB,u0036,western,test,0.9486832981,0.9128709292,True,0.6031390135,89,89,hard
R2_head,FZChuangHJW_DB,u0037,western,test,0.9486832981,0.9128709292,True,0.6031390135,89,89,hard
R2_head,FZChuangHJW_DB,u0038,western,test,0.9486832981,0.9128709292,True,0.6031390135,89,89,hard
R2_head,FZChuangHJW_DB,u0039,western,test,0.9486832981,0.9128709292,True,0.6031390135,89,89,hard
R2_head,FZChuangHJW_DB,u0041,western,test,0.9486832981,0.9128709292,True,0.6031390135,89,89,hard
R2_head,FZChuangHJW_DB,u0042,western,test,0.9486832981,0.9128709292,True,0.6031390135,89,89,hard
R2_head,FZChuangHJW_DB,u0043,western,test,0.9486832981,0.9128709292,True,0.6031390135,89,89,hard
R2_head,FZChuangHJW_DB,u0047,western,test,0.9486832981,0.9128709292,True,0.6031390135,89,89,hard
R2_head,FZChuangHJW_DB,u004D,western,test,0.9486832981,0.9128709292,True,0.6031390135,89,89,hard
R2_head,FZChuangHJW_DB,u004F,western,test,0.9486832981,0.9128709292,True,0.6031390135,89,89,hard
R2_head,FZChuangHJW_DB,u0051,western,test,0.9486832981,0.9128709292,True,0.6031390135,89,89,hard
R2_head,FZChuangHJW_DB,u0052,western,test,0.632455532,0.5477225575,True,0.6031390135,89,89,hard
R2_head,FZChuangHJW_DB,u0057,western,test,0.9486832981,0.9128709292,True,0.6031390135,89,89,hard
R2_head,FZChuangHJW_DB,u0061,western,test,0.9486832981,0.9128709292,True,0.6031390135,89,89,hard
R2_head,FZChuangHJW_DB,u0062,western,test,0.9486832981,0.9128709292,True,0.6031390135,89,89,hard
R2_head,FZChuangHJW_DB,u0063,western,test,0.9486832981,0.9128709292,True,0.6031390135,89,89,hard
R2_head,FZChuangHJW_DB,u0064,western,test,0.9486832981,0.9128709292,True,0.6031390135,89,89,hard
R2_head,FZChuangHJW_DB,u0065,western,test,0.9486832981,0.9128709292,True,0.6031390135,89,89,hard
R2_head,FZChuangHJW_DB,u0067,western,test,0.9486832981,0.9128709292,True,0.6031390135,89,89,hard
R2_head,FZChuangHJW_DB,u0069,western,test,0.9486832981,0.9128709292,True,0.6031390135,89,89,hard
R2_head,FZChuangHJW_DB,u006C,western,test,0.9486832981,0.9128709292,True,0.6031390135,89,89,hard
R2_head,FZChuangHJW_DB,u006E,western,test,0.9486832981,0.9128709292,True,0.6031390135,89,89,hard
R2_head,FZChuangHJW_DB,u006F,western,test,0.9486832981,0.9128709292,True,0.6031390135,89,89,hard
R2_head,FZChuangHJW_DB,u0070,western,test,0.9486832981,0.9128709292,True,0.6031390135,89,89,hard
R2_head,FZChuangHJW_DB,u0071,western,test,0.9486832981,0.9128709292,True,0.6031390135,89,89,hard
R2_head,FZChuangHJW_DB,u0075,western,test,0.9486832981,0.9128709292,True,0.6031390135,89,89,hard
R2_head,FZChuangHJW_DB,u00E0,western,test,0.9486832981,0.9128709292,True,0.6031390135,89,89,hard
R2_head,FZChuangHJW_DB,u00E9,western,test,0.9486832981,0.9128709292,True,0.6031390135,89,89,hard
R2_head,FZChuangHJW_DB,u00FC,western,test,0.9486832981,0.9128709292,True,0.6031390135,89,89,hard
R2_head,FZChuangHJW_DB,u0101,western,test,0.9486832981,0.9128709292,True,0.6031390135,89,89,hard
R2_head,FZChuangHJW_DB,u011B,western,test,0.9486832981,0.9128709292,True,0.6031390135,89,89,hard
R2_head,FZChuangHJW_DB,u3042,kana,test,0.9486832981,0.9128709292,True,0.4920212766,169,169,medium
R2_head,FZChuangHJW_DB,u304B,kana,test,0.9486832981,0.9128709292,True,0.4920212766,169,169,medium
R2_head,FZChuangHJW_DB,u3055,kana,test,0.9486832981,0.9128709292,True,0.4920212766,169,169,medium
R2_head,FZChuangHJW_DB,u3093,kana,test,0.9486832981,0.9128709292,True,0.4920212766,169,169,medium
R2_head,FZChuangHJW_DB,u30A2,kana,test,0.9486832981,0.9128709292,True,0.4920212766,169,169,medium
R2_head,FZChuangHJW_DB,u30AB,kana,test,0.9486832981,0.9128709292,True,0.4920212766,169,169,medium
R2_head,FZChuangHJW_DB,u30F3,kana,test,0.632455532,0.5477225575,True,0.4920212766,169,169,medium
R2_head,FZCuanBZBKSJW,u0030,western,test,0.9486832981,0.9128709292,True,0.5403587444,89,89,medium
R2_head,FZCuanBZBKSJW,u0031,western,test,0.316227766,0.1825741858,True,0.5403587444,89,89,medium
R2_head,FZCuanBZBKSJW,u0032,western,test,0.9486832981,0.9128709292,True,0.5403587444,89,89,medium
R2_head,FZCuanBZBKSJW,u0033,western,test,0.9486832981,0.9128709292,True,0.5403587444,89,89,medium
R2_head,FZCuanBZBKSJW,u0034,western,test,0.632455532,0.5477225575,True,0.5403587444,89,89,medium
R2_head,FZCuanBZBKSJW,u0035,western,test,0.9486832981,0.9128709292,True,0.5403587444,89,89,medium
R2_head,FZCuanBZBKSJW,u0036,western,test,0.9486832981,0.9128709292,True,0.5403587444,89,89,medium
R2_head,FZCuanBZBKSJW,u0037,western,test,0.9486832981,0.9128709292,True,0.5403587444,89,89,medium
R2_head,FZCuanBZBKSJW,u0038,western,test,0.9486832981,0.9128709292,True,0.5403587444,89,89,medium
R2_head,FZCuanBZBKSJW,u0039,western,test,0.9486832981,0.9128709292,True,0.5403587444,89,89,medium
R2_head,FZCuanBZBKSJW,u0041,western,test,0.9486832981,0.9128709292,True,0.5403587444,89,89,medium
R2_head,FZCuanBZBKSJW,u0042,western,test,0.9486832981,0.9128709292,True,0.5403587444,89,89,medium
R2_head,FZCuanBZBKSJW,u0043,western,test,0.9486832981,0.9128709292,True,0.5403587444,89,89,medium
R2_head,FZCuanBZBKSJW,u0047,western,test,0.632455532,0.5477225575,True,0.5403587444,89,89,medium
R2_head,FZCuanBZBKSJW,u004D,western,test,0.9486832981,0.9128709292,True,0.5403587444,89,89,medium
R2_head,FZCuanBZBKSJW,u004F,western,test,0.9486832981,0.9128709292,True,0.5403587444,89,89,medium
R2_head,FZCuanBZBKSJW,u0051,western,test,0.9486832981,0.9128709292,True,0.5403587444,89,89,medium
R2_head,FZCuanBZBKSJW,u0052,western,test,0.9486832981,0.9128709292,True,0.5403587444,89,89,medium
R2_head,FZCuanBZBKSJW,u0057,western,test,0.9486832981,0.9128709292,True,0.5403587444,89,89,medium
R2_head,FZCuanBZBKSJW,u0061,western,test,0.9486832981,0.9128709292,True,0.5403587444,89,89,medium
R2_head,FZCuanBZBKSJW,u0062,western,test,0.9486832981,0.9128709292,True,0.5403587444,89,89,medium
R2_head,FZCuanBZBKSJW,u0063,western,test,0.9486832981,0.9128709292,True,0.5403587444,89,89,medium
R2_head,FZCuanBZBKSJW,u0064,western,test,0.9486832981,0.9128709292,True,0.5403587444,89,89,medium
R2_head,FZCuanBZBKSJW,u0065,western,test,0.9486832981,0.9128709292,True,0.5403587444,89,89,medium
R2_head,FZCuanBZBKSJW,u0067,western,test,0.9486832981,0.9128709292,True,0.5403587444,89,89,medium
R2_head,FZCuanBZBKSJW,u0069,western,test,0.9486832981,0.9128709292,True,0.5403587444,89,89,medium
R2_head,FZCuanBZBKSJW,u006C,western,test,0.9486832981,0.9128709292,True,0.5403587444,89,89,medium
R2_head,FZCuanBZBKSJW,u006E,western,test,0.9486832981,0.9128709292,True,0.5403587444,89,89,medium
R2_head,FZCuanBZBKSJW,u006F,western,test,0.9486832981,0.9128709292,True,0.5403587444,89,89,medium
R2_head,FZCuanBZBKSJW,u0070,western,test,0.9486832981,0.9128709292,True,0.5403587444,89,89,medium
R2_head,FZCuanBZBKSJW,u0071,western,test,0.9486832981,0.9128709292,True,0.5403587444,89,89,medium
R2_head,FZCuanBZBKSJW,u0075,western,test,0.316227766,0.1825741858,True,0.5403587444,89,89,medium
R2_head,FZCuanBZBKSJW,u00E0,western,test,0.9486832981,0.9128709292,True,0.5403587444,89,89,medium
R2_head,FZCuanBZBKSJW,u00E9,western,test,0.9486832981,0.9128709292,True,0.5403587444,89,89,medium
R2_head,FZCuanBZBKSJW,u00FC,western,test,0.9486832981,0.9128709292,True,0.5403587444,89,89,medium
R2_head,FZCuanBZBKSJW,u0101,western,test,0.9486832981,0.9128709292,True,0.5403587444,89,89,medium
R2_head,FZCuanBZBKSJW,u011B,western,test,0.9486832981,0.9128709292,True,0.5403587444,89,89,medium
R2_head,FZCuanBZBKSJW,u3042,kana,test,0.9486832981,0.9128709292,True,0.5824468085,169,169,medium
R2_head,FZCuanBZBKSJW,u304B,kana,test,0.316227766,0.1825741858,True,0.5824468085,169,169,medium
R2_head,FZCuanBZBKSJW,u3055,kana,test,0.9486832981,0.9128709292,True,0.5824468085,169,169,medium
R2_head,FZCuanBZBKSJW,u3093,kana,test,0.632455532,0.5477225575,True,0.5824468085,169,169,medium
R2_head,FZCuanBZBKSJW,u30A2,kana,test,0.9486832981,0.9128709292,True,0.5824468085,169,169,medium
R2_head,FZCuanBZBKSJW,u30AB,kana,test,0.9486832981,0.9128709292,True,0.5824468085,169,169,medium
R2_head,FZCuanBZBKSJW,u30F3,kana,test,0.316227766,0.1825741858,True,0.5824468085,169,169,medium
R2_head,FZCuanBZBKSJW,u3105,bopomofo,test,0.316227766,0.1825741858,True,0.5769230769,37,37,hard
R2_head,FZCuanBZBKSJW,u3106,bopomofo,test,0.9486832981,0.9128709292,True,0.5769230769,37,37,hard
R2_head,FZCuanBZBKSJW,u311A,bopomofo,test,0.9486832981,0.9128709292,True,0.5769230769,37,37,hard
R2_head,FZDeSHJW_515H,u0030,western,test,0.9486832981,0.9128709292,True,0.3452914798,89,89,easy
R2_head,FZDeSHJW_515H,u0031,western,test,0.632455532,0.5477225575,True,0.3452914798,89,89,easy
R2_head,FZDeSHJW_515H,u0032,western,test,0.9486832981,0.9128709292,True,0.3452914798,89,89,easy
R2_head,FZDeSHJW_515H,u0033,western,test,0.9486832981,0.9128709292,True,0.3452914798,89,89,easy
R2_head,FZDeSHJW_515H,u0034,western,test,0.9486832981,0.9128709292,True,0.3452914798,89,89,easy
R2_head,FZDeSHJW_515H,u0035,western,test,0.632455532,0.5477225575,True,0.3452914798,89,89,easy
R2_head,FZDeSHJW_515H,u0036,western,test,0.9486832981,0.9128709292,True,0.3452914798,89,89,easy
R2_head,FZDeSHJW_515H,u0037,western,test,0.9486832981,0.9128709292,True,0.3452914798,89,89,easy
R2_head,FZDeSHJW_515H,u0038,western,test,0.9486832981,0.9128709292,True,0.3452914798,89,89,easy
R2_head,FZDeSHJW_515H,u0039,western,test,0.9486832981,0.9128709292,True,0.3452914798,89,89,easy
R2_head,FZDeSHJW_515H,u0041,western,test,0.9486832981,0.9128709292,True,0.3452914798,89,89,easy
R2_head,FZDeSHJW_515H,u0042,western,test,0.632455532,0.5477225575,True,0.3452914798,89,89,easy
R2_head,FZDeSHJW_515H,u0043,western,test,0.9486832981,0.9128709292,True,0.3452914798,89,89,easy
R2_head,FZDeSHJW_515H,u0047,western,test,0.632455532,0.5477225575,True,0.3452914798,89,89,easy
R2_head,FZDeSHJW_515H,u004D,western,test,0.9486832981,0.9128709292,True,0.3452914798,89,89,easy
R2_head,FZDeSHJW_515H,u004F,western,test,0.9486832981,0.9128709292,True,0.3452914798,89,89,easy
R2_head,FZDeSHJW_515H,u0051,western,test,0.632455532,0.5477225575,True,0.3452914798,89,89,easy
R2_head,FZDeSHJW_515H,u0052,western,test,0.9486832981,0.9128709292,True,0.3452914798,89,89,easy
R2_head,FZDeSHJW_515H,u0057,western,test,0.9486832981,0.9128709292,True,0.3452914798,89,89,easy
R2_head,FZDeSHJW_515H,u0061,western,test,0.9486832981,0.9128709292,True,0.3452914798,89,89,easy
R2_head,FZDeSHJW_515H,u0062,western,test,0.9486832981,0.9128709292,True,0.3452914798,89,89,easy
R2_head,FZDeSHJW_515H,u0063,western,test,0.9486832981,0.9128709292,True,0.3452914798,89,89,easy
R2_head,FZDeSHJW_515H,u0064,western,test,0.9486832981,0.9128709292,True,0.3452914798,89,89,easy
R2_head,FZDeSHJW_515H,u0065,western,test,0.9486832981,0.9128709292,True,0.3452914798,89,89,easy
R2_head,FZDeSHJW_515H,u0067,western,test,0.632455532,0.5477225575,True,0.3452914798,89,89,easy
R2_head,FZDeSHJW_515H,u0069,western,test,0.9486832981,0.9128709292,True,0.3452914798,89,89,easy
R2_head,FZDeSHJW_515H,u006C,western,test,0.9486832981,0.9128709292,True,0.3452914798,89,89,easy
R2_head,FZDeSHJW_515H,u006E,western,test,0.9486832981,0.9128709292,True,0.3452914798,89,89,easy
R2_head,FZDeSHJW_515H,u006F,western,test,0.9486832981,0.9128709292,True,0.3452914798,89,89,easy
R2_head,FZDeSHJW_515H,u0070,western,test,0.9486832981,0.9128709292,True,0.3452914798,89,89,easy
R2_head,FZDeSHJW_515H,u0071,western,test,0.632455532,0.5477225575,True,0.3452914798,89,89,easy
R2_head,FZDeSHJW_515H,u0075,western,test,0.9486832981,0.9128709292,True,0.3452914798,89,89,easy
R2_head,FZDeSHJW_515H,u00E0,western,test,0.9486832981,0.9128709292,True,0.3452914798,89,89,easy
R2_head,FZDeSHJW_515H,u00E9,western,test,0.9486832981,0.9128709292,True,0.3452914798,89,89,easy
R2_head,FZDeSHJW_515H,u00FC,western,test,0.9486832981,0.9128709292,True,0.3452914798,89,89,easy
R2_head,FZDeSHJW_515H,u0101,western,test,0.9486832981,0.9128709292,True,0.3452914798,89,89,easy
R2_head,FZDeSHJW_515H,u011B,western,test,0.9486832981,0.9128709292,True,0.3452914798,89,89,easy
R2_head,FZDeSHJW_515H,u3042,kana,test,0.9486832981,0.9128709292,True,0.2553191489,169,169,easy
R2_head,FZDeSHJW_515H,u304B,kana,test,0.632455532,0.5477225575,True,0.2553191489,169,169,easy
R2_head,FZDeSHJW_515H,u3055,kana,test,0.9486832981,0.9128709292,True,0.2553191489,169,169,easy
R2_head,FZDeSHJW_515H,u3093,kana,test,0.9486832981,0.9128709292,True,0.2553191489,169,169,easy
R2_head,FZDeSHJW_515H,u30A2,kana,test,0.9486832981,0.9128709292,True,0.2553191489,169,169,easy
R2_head,FZDeSHJW_515H,u30AB,kana,test,0.9486832981,0.9128709292,True,0.2553191489,169,169,easy
R2_head,FZDeSHJW_515H,u30F3,kana,test,0.9486832981,0.9128709292,True,0.2553191489,169,169,easy
R2_head,FZDouNTJW_Te,u0030,western,test,0.9486832981,0.9128709292,True,0.2847533632,89,89,easy
R2_head,FZDouNTJW_Te,u0031,western,test,0.9486832981,0.9128709292,True,0.2847533632,89,89,easy
R2_head,FZDouNTJW_Te,u0032,western,test,0.9486832981,0.9128709292,True,0.2847533632,89,89,easy
R2_head,FZDouNTJW_Te,u0033,western,test,0.9486832981,0.9128709292,True,0.2847533632,89,89,easy
R2_head,FZDouNTJW_Te,u0034,western,test,0.9486832981,0.9128709292,True,0.2847533632,89,89,easy
R2_head,FZDouNTJW_Te,u0035,western,test,0.9486832981,0.9128709292,True,0.2847533632,89,89,easy
R2_head,FZDouNTJW_Te,u0036,western,test,0.9486832981,0.9128709292,True,0.2847533632,89,89,easy
R2_head,FZDouNTJW_Te,u0037,western,test,0.9486832981,0.9128709292,True,0.2847533632,89,89,easy
R2_head,FZDouNTJW_Te,u0038,western,test,0.9486832981,0.9128709292,True,0.2847533632,89,89,easy
R2_head,FZDouNTJW_Te,u0039,western,test,0.9486832981,0.9128709292,True,0.2847533632,89,89,easy
R2_head,FZDouNTJW_Te,u0041,western,test,0.632455532,0.5477225575,True,0.2847533632,89,89,easy
R2_head,FZDouNTJW_Te,u0042,western,test,0.9486832981,0.9128709292,True,0.2847533632,89,89,easy
R2_head,FZDouNTJW_Te,u0043,western,test,0.9486832981,0.9128709292,True,0.2847533632,89,89,easy
R2_head,FZDouNTJW_Te,u0047,western,test,0.632455532,0.5477225575,True,0.2847533632,89,89,easy
R2_head,FZDouNTJW_Te,u004D,western,test,0.632455532,0.5477225575,True,0.2847533632,89,89,easy
R2_head,FZDouNTJW_Te,u004F,western,test,0.9486832981,0.9128709292,True,0.2847533632,89,89,easy
R2_head,FZDouNTJW_Te,u0051,western,test,0.9486832981,0.9128709292,True,0.2847533632,89,89,easy
R2_head,FZDouNTJW_Te,u0052,western,test,0.9486832981,0.9128709292,True,0.2847533632,89,89,easy
R2_head,FZDouNTJW_Te,u0057,western,test,0.316227766,0.1825741858,True,0.2847533632,89,89,easy
R2_head,FZDouNTJW_Te,u0061,western,test,0.9486832981,0.9128709292,True,0.2847533632,89,89,easy
R2_head,FZDouNTJW_Te,u0062,western,test,0.9486832981,0.9128709292,True,0.2847533632,89,89,easy
R2_head,FZDouNTJW_Te,u0063,western,test,0.9486832981,0.9128709292,True,0.2847533632,89,89,easy
R2_head,FZDouNTJW_Te,u0064,western,test,0.9486832981,0.9128709292,True,0.2847533632,89,89,easy
R2_head,FZDouNTJW_Te,u0065,western,test,0.9486832981,0.9128709292,True,0.2847533632,89,89,easy
R2_head,FZDouNTJW_Te,u0067,western,test,0.9486832981,0.9128709292,True,0.2847533632,89,89,easy
R2_head,FZDouNTJW_Te,u0069,western,test,0.316227766,0.1825741858,True,0.2847533632,89,89,easy
R2_head,FZDouNTJW_Te,u006C,western,test,0.316227766,0.1825741858,True,0.2847533632,89,89,easy
R2_head,FZDouNTJW_Te,u006E,western,test,0.632455532,0.5477225575,True,0.2847533632,89,89,easy
R2_head,FZDouNTJW_Te,u006F,western,test,0.9486832981,0.9128709292,True,0.2847533632,89,89,easy
R2_head,FZDouNTJW_Te,u0070,western,test,0.316227766,0.1825741858,True,0.2847533632,89,89,easy
R2_head,FZDouNTJW_Te,u0071,western,test,0.9486832981,0.9128709292,True,0.2847533632,89,89,easy
R2_head,FZDouNTJW_Te,u0075,western,test,0.9486832981,0.9128709292,True,0.2847533632,89,89,easy
R2_head,FZDouNTJW_Te,u00E0,western,test,0.9486832981,0.9128709292,True,0.2847533632,89,89,easy
R2_head,FZDouNTJW_Te,u00E9,western,test,0.632455532,0.5477225575,True,0.2847533632,89,89,easy
R2_head,FZDouNTJW_Te,u00FC,western,test,0.632455532,0.5477225575,True,0.2847533632,89,89,easy
R2_head,FZDouNTJW_Te,u0101,western,test,0.9486832981,0.9128709292,True,0.2847533632,89,89,easy
R2_head,FZDouNTJW_Te,u011B,western,test,0.9486832981,0.9128709292,True,0.2847533632,89,89,easy
R2_head,FZDouNTJW_Te,u3042,kana,test,0.632455532,0.5477225575,True,0.2712765957,169,169,easy
R2_head,FZDouNTJW_Te,u304B,kana,test,0.9486832981,0.9128709292,True,0.2712765957,169,169,easy
R2_head,FZDouNTJW_Te,u3055,kana,test,0.632455532,0.5477225575,True,0.2712765957,169,169,easy
R2_head,FZDouNTJW_Te,u3093,kana,test,0.9486832981,0.9128709292,True,0.2712765957,169,169,easy
R2_head,FZDouNTJW_Te,u30A2,kana,test,0.632455532,0.5477225575,True,0.2712765957,169,169,easy
R2_head,FZDouNTJW_Te,u30AB,kana,test,0.9486832981,0.9128709292,True,0.2712765957,169,169,easy
R2_head,FZDouNTJW_Te,u30F3,kana,test,0.632455532,0.5477225575,True,0.2712765957,169,169,easy
R2_head,FZFeiHHJW-H,u0030,western,test,0.9486832981,0.9128709292,True,0.6502242152,89,89,hard
R2_head,FZFeiHHJW-H,u0031,western,test,0.632455532,0.5477225575,True,0.6502242152,89,89,hard
R2_head,FZFeiHHJW-H,u0032,western,test,0.316227766,0.1825741858,True,0.6502242152,89,89,hard
R2_head,FZFeiHHJW-H,u0033,western,test,0.9486832981,0.9128709292,True,0.6502242152,89,89,hard
R2_head,FZFeiHHJW-H,u0034,western,test,0.9486832981,0.9128709292,True,0.6502242152,89,89,hard
R2_head,FZFeiHHJW-H,u0035,western,test,0.632455532,0.5477225575,True,0.6502242152,89,89,hard
R2_head,FZFeiHHJW-H,u0036,western,test,0.9486832981,0.9128709292,True,0.6502242152,89,89,hard
R2_head,FZFeiHHJW-H,u0037,western,test,0.316227766,0.1825741858,True,0.6502242152,89,89,hard
R2_head,FZFeiHHJW-H,u0038,western,test,0.632455532,0.5477225575,True,0.6502242152,89,89,hard
R2_head,FZFeiHHJW-H,u0039,western,test,0.9486832981,0.9128709292,True,0.6502242152,89,89,hard
R2_head,FZFeiHHJW-H,u0041,western,test,0.316227766,0.1825741858,True,0.6502242152,89,89,hard
R2_head,FZFeiHHJW-H,u0042,western,test,0.316227766,0.1825741858,True,0.6502242152,89,89,hard
R2_head,FZFeiHHJW-H,u0043,western,test,0.9486832981,0.9128709292,True,0.6502242152,89,89,hard
R2_head,FZFeiHHJW-H,u0047,western,test,0.316227766,0.1825741858,True,0.6502242152,89,89,hard
R2_head,FZFeiHHJW-H,u004D,western,test,0.9486832981,0.9128709292,True,0.6502242152,89,89,hard
R2_head,FZFeiHHJW-H,u004F,western,test,0.316227766,0.1825741858,True,0.6502242152,89,89,hard
R2_head,FZFeiHHJW-H,u0051,western,test,0.632455532,0.5477225575,True,0.6502242152,89,89,hard
R2_head,FZFeiHHJW-H,u0052,western,test,0.632455532,0.5477225575,True,0.6502242152,89,89,hard
R2_head,FZFeiHHJW-H,u0057,western,test,0.9486832981,0.9128709292,True,0.6502242152,89,89,hard
R2_head,FZFeiHHJW-H,u0061,western,test,0.9486832981,0.9128709292,True,0.6502242152,89,89,hard
R2_head,FZFeiHHJW-H,u0062,western,test,0.316227766,0.1825741858,True,0.6502242152,89,89,hard
R2_head,FZFeiHHJW-H,u0063,western,test,0.316227766,0.1825741858,True,0.6502242152,89,89,hard
R2_head,FZFeiHHJW-H,u0064,western,test,0.9486832981,0.9128709292,True,0.6502242152,89,89,hard
R2_head,FZFeiHHJW-H,u0065,western,test,0.9486832981,0.9128709292,True,0.6502242152,89,89,hard
R2_head,FZFeiHHJW-H,u0067,western,test,0.316227766,0.1825741858,True,0.6502242152,89,89,hard
R2_head,FZFeiHHJW-H,u0069,western,test,0.9486832981,0.9128709292,True,0.6502242152,89,89,hard
R2_head,FZFeiHHJW-H,u006C,western,test,0.316227766,0.1825741858,True,0.6502242152,89,89,hard
R2_head,FZFeiHHJW-H,u006E,western,test,0.632455532,0.5477225575,True,0.6502242152,89,89,hard
R2_head,FZFeiHHJW-H,u006F,western,test,0.316227766,0.1825741858,True,0.6502242152,89,89,hard
R2_head,FZFeiHHJW-H,u0070,western,test,0.9486832981,0.9128709292,True,0.6502242152,89,89,hard
R2_head,FZFeiHHJW-H,u0071,western,test,0.316227766,0.1825741858,True,0.6502242152,89,89,hard
R2_head,FZFeiHHJW-H,u0075,western,test,0.316227766,0.1825741858,True,0.6502242152,89,89,hard
R2_head,FZFeiHHJW-H,u00E0,western,test,0.316227766,0.1825741858,True,0.6502242152,89,89,hard
R2_head,FZFeiHHJW-H,u00E9,western,test,0.632455532,0.5477225575,True,0.6502242152,89,89,hard
R2_head,FZFeiHHJW-H,u00FC,western,test,0.316227766,0.1825741858,True,0.6502242152,89,89,hard
R2_head,FZFeiHHJW-H,u0101,western,test,0.9486832981,0.9128709292,True,0.6502242152,89,89,hard
R2_head,FZFeiHHJW-H,u011B,western,test,0.9486832981,0.9128709292,True,0.6502242152,89,89,hard
R2_head,FZFeiHHJW-H,u3042,kana,test,0.316227766,0.1825741858,True,0.4920212766,169,169,medium
R2_head,FZFeiHHJW-H,u304B,kana,test,0.316227766,0.1825741858,True,0.4920212766,169,169,medium
R2_head,FZFeiHHJW-H,u3055,kana,test,0.316227766,0.1825741858,True,0.4920212766,169,169,medium
R2_head,FZFeiHHJW-H,u3093,kana,test,0.316227766,0.1825741858,True,0.4920212766,169,169,medium
R2_head,FZFeiHHJW-H,u30A2,kana,test,0.316227766,0.1825741858,True,0.4920212766,169,169,medium
R2_head,FZFeiHHJW-H,u30AB,kana,test,0.316227766,0.1825741858,True,0.4920212766,169,169,medium
R2_head,FZFeiHHJW-H,u30F3,kana,test,0.9486832981,0.9128709292,True,0.4920212766,169,169,medium
R2_head,FZFeiHHJW-H,u3105,bopomofo,test,,,False,0.5230769231,37,37,medium
R2_head,FZFeiHHJW-H,u3106,bopomofo,test,,,False,0.5230769231,37,37,medium
R2_head,FZFeiHHJW-H,u311A,bopomofo,test,,,False,0.5230769231,37,37,medium
R2_head,FZFengYKSJ,u0030,western,test,0.9486832981,0.9128709292,True,0.7713004484,89,89,hard
R2_head,FZFengYKSJ,u0031,western,test,0.9486832981,0.9128709292,True,0.7713004484,89,89,hard
R2_head,FZFengYKSJ,u0032,western,test,0.9486832981,0.9128709292,True,0.7713004484,89,89,hard
R2_head,FZFengYKSJ,u0033,western,test,0.632455532,0.5477225575,True,0.7713004484,89,89,hard
R2_head,FZFengYKSJ,u0034,western,test,0.316227766,0.1825741858,True,0.7713004484,89,89,hard
R2_head,FZFengYKSJ,u0035,western,test,0.632455532,0.5477225575,True,0.7713004484,89,89,hard
R2_head,FZFengYKSJ,u0036,western,test,0.9486832981,0.9128709292,True,0.7713004484,89,89,hard
R2_head,FZFengYKSJ,u0037,western,test,0.632455532,0.5477225575,True,0.7713004484,89,89,hard
R2_head,FZFengYKSJ,u0038,western,test,0.632455532,0.5477225575,True,0.7713004484,89,89,hard
R2_head,FZFengYKSJ,u0039,western,test,0.9486832981,0.9128709292,True,0.7713004484,89,89,hard
R2_head,FZFengYKSJ,u0041,western,test,0.9486832981,0.9128709292,True,0.7713004484,89,89,hard
R2_head,FZFengYKSJ,u0042,western,test,0.9486832981,0.9128709292,True,0.7713004484,89,89,hard
R2_head,FZFengYKSJ,u0043,western,test,0.632455532,0.5477225575,True,0.7713004484,89,89,hard
R2_head,FZFengYKSJ,u0047,western,test,0.9486832981,0.9128709292,True,0.7713004484,89,89,hard
R2_head,FZFengYKSJ,u004D,western,test,0.9486832981,0.9128709292,True,0.7713004484,89,89,hard
R2_head,FZFengYKSJ,u004F,western,test,0.9486832981,0.9128709292,True,0.7713004484,89,89,hard
R2_head,FZFengYKSJ,u0051,western,test,0.9486832981,0.9128709292,True,0.7713004484,89,89,hard
R2_head,FZFengYKSJ,u0052,western,test,0.9486832981,0.9128709292,True,0.7713004484,89,89,hard
R2_head,FZFengYKSJ,u0057,western,test,0.9486832981,0.9128709292,True,0.7713004484,89,89,hard
R2_head,FZFengYKSJ,u0061,western,test,0.9486832981,0.9128709292,True,0.7713004484,89,89,hard
R2_head,FZFengYKSJ,u0062,western,test,0.9486832981,0.9128709292,True,0.7713004484,89,89,hard
R2_head,FZFengYKSJ,u0063,western,test,0.632455532,0.5477225575,True,0.7713004484,89,89,hard
R2_head,FZFengYKSJ,u0064,western,test,0.9486832981,0.9128709292,True,0.7713004484,89,89,hard
R2_head,FZFengYKSJ,u0065,western,test,0.632455532,0.5477225575,True,0.7713004484,89,89,hard
R2_head,FZFengYKSJ,u0067,western,test,0.9486832981,0.9128709292,True,0.7713004484,89,89,hard
R2_head,FZFengYKSJ,u0069,western,test,0.632455532,0.5477225575,True,0.7713004484,89,89,hard
R2_head,FZFengYKSJ,u006C,western,test,0.9486832981,0.9128709292,True,0.7713004484,89,89,hard
R2_head,FZFengYKSJ,u006E,western,test,0.9486832981,0.9128709292,True,0.7713004484,89,89,hard
R2_head,FZFengYKSJ,u006F,western,test,0.9486832981,0.9128709292,True,0.7713004484,89,89,hard
R2_head,FZFengYKSJ,u0070,western,test,0.9486832981,0.9128709292,True,0.7713004484,89,89,hard
R2_head,FZFengYKSJ,u0071,western,test,0.632455532,0.5477225575,True,0.7713004484,89,89,hard
R2_head,FZFengYKSJ,u0075,western,test,0.316227766,0.1825741858,True,0.7713004484,89,89,hard
R2_head,FZFengYKSJ,u00E0,western,test,0.632455532,0.5477225575,True,0.7713004484,89,89,hard
R2_head,FZFengYKSJ,u00E9,western,test,0.632455532,0.5477225575,True,0.7713004484,89,89,hard
R2_head,FZFengYKSJ,u00FC,western,test,0.316227766,0.1825741858,True,0.7713004484,89,89,hard
R2_head,FZFengYKSJ,u0101,western,test,0.9486832981,0.9128709292,True,0.7713004484,89,89,hard
R2_head,FZFengYKSJ,u011B,western,test,0.632455532,0.5477225575,True,0.7713004484,89,89,hard
R2_head,FZFengYKSJ,u3042,kana,test,0.9486832981,0.9128709292,True,0.7845744681,169,169,hard
R2_head,FZFengYKSJ,u304B,kana,test,0.9486832981,0.9128709292,True,0.7845744681,169,169,hard
R2_head,FZFengYKSJ,u3055,kana,test,0.9486832981,0.9128709292,True,0.7845744681,169,169,hard
R2_head,FZFengYKSJ,u3093,kana,test,0.9486832981,0.9128709292,True,0.7845744681,169,169,hard
R2_head,FZFengYKSJ,u30A2,kana,test,0.9486832981,0.9128709292,True,0.7845744681,169,169,hard
R2_head,FZFengYKSJ,u30AB,kana,test,0.9486832981,0.9128709292,True,0.7845744681,169,169,hard
R2_head,FZFengYKSJ,u30F3,kana,test,0.9486832981,0.9128709292,True,0.7845744681,169,169,hard
R2_head,FZHanWZKJW,u0030,western,test,0.9486832981,0.9128709292,True,0.5852017937,89,89,hard
R2_head,FZHanWZKJW,u0031,western,test,0.632455532,0.5477225575,True,0.5852017937,89,89,hard
R2_head,FZHanWZKJW,u0032,western,test,0.9486832981,0.9128709292,True,0.5852017937,89,89,hard
R2_head,FZHanWZKJW,u0033,western,test,0.632455532,0.5477225575,True,0.5852017937,89,89,hard
R2_head,FZHanWZKJW,u0034,western,test,0.9486832981,0.9128709292,True,0.5852017937,89,89,hard
R2_head,FZHanWZKJW,u0035,western,test,0.9486832981,0.9128709292,True,0.5852017937,89,89,hard
R2_head,FZHanWZKJW,u0036,western,test,0.9486832981,0.9128709292,True,0.5852017937,89,89,hard
R2_head,FZHanWZKJW,u0037,western,test,0.632455532,0.5477225575,True,0.5852017937,89,89,hard
R2_head,FZHanWZKJW,u0038,western,test,0.9486832981,0.9128709292,True,0.5852017937,89,89,hard
R2_head,FZHanWZKJW,u0039,western,test,0.9486832981,0.9128709292,True,0.5852017937,89,89,hard
R2_head,FZHanWZKJW,u0041,western,test,0.9486832981,0.9128709292,True,0.5852017937,89,89,hard
R2_head,FZHanWZKJW,u0042,western,test,0.9486832981,0.9128709292,True,0.5852017937,89,89,hard
R2_head,FZHanWZKJW,u0043,western,test,0.9486832981,0.9128709292,True,0.5852017937,89,89,hard
R2_head,FZHanWZKJW,u0047,western,test,0.9486832981,0.9128709292,True,0.5852017937,89,89,hard
R2_head,FZHanWZKJW,u004D,western,test,0.9486832981,0.9128709292,True,0.5852017937,89,89,hard
R2_head,FZHanWZKJW,u004F,western,test,0.9486832981,0.9128709292,True,0.5852017937,89,89,hard
R2_head,FZHanWZKJW,u0051,western,test,0.9486832981,0.9128709292,True,0.5852017937,89,89,hard
R2_head,FZHanWZKJW,u0052,western,test,0.632455532,0.5477225575,True,0.5852017937,89,89,hard
R2_head,FZHanWZKJW,u0057,western,test,0.9486832981,0.9128709292,True,0.5852017937,89,89,hard
R2_head,FZHanWZKJW,u0061,western,test,0.9486832981,0.9128709292,True,0.5852017937,89,89,hard
R2_head,FZHanWZKJW,u0062,western,test,0.9486832981,0.9128709292,True,0.5852017937,89,89,hard
R2_head,FZHanWZKJW,u0063,western,test,0.9486832981,0.9128709292,True,0.5852017937,89,89,hard
R2_head,FZHanWZKJW,u0064,western,test,0.9486832981,0.9128709292,True,0.5852017937,89,89,hard
R2_head,FZHanWZKJW,u0065,western,test,0.9486832981,0.9128709292,True,0.5852017937,89,89,hard
R2_head,FZHanWZKJW,u0067,western,test,0.9486832981,0.9128709292,True,0.5852017937,89,89,hard
R2_head,FZHanWZKJW,u0069,western,test,0.9486832981,0.9128709292,True,0.5852017937,89,89,hard
R2_head,FZHanWZKJW,u006C,western,test,0.9486832981,0.9128709292,True,0.5852017937,89,89,hard
R2_head,FZHanWZKJW,u006E,western,test,0.9486832981,0.9128709292,True,0.5852017937,89,89,hard
R2_head,FZHanWZKJW,u006F,western,test,0.632455532,0.5477225575,True,0.5852017937,89,89,hard
R2_head,FZHanWZKJW,u0070,western,test,0.9486832981,0.9128709292,True,0.5852017937,89,89,hard
R2_head,FZHanWZKJW,u0071,western,test,0.9486832981,0.9128709292,True,0.5852017937,89,89,hard
R2_head,FZHanWZKJW,u0075,western,test,0.9486832981,0.9128709292,True,0.5852017937,89,89,hard
R2_head,FZHanWZKJW,u00E0,western,test,0.632455532,0.5477225575,True,0.5852017937,89,89,hard
R2_head,FZHanWZKJW,u00E9,western,test,0.9486832981,0.9128709292,True,0.5852017937,89,89,hard
R2_head,FZHanWZKJW,u00FC,western,test,0.9486832981,0.9128709292,True,0.5852017937,89,89,hard
R2_head,FZHanWZKJW,u0101,western,test,0.9486832981,0.9128709292,True,0.5852017937,89,89,hard
R2_head,FZHanWZKJW,u011B,western,test,0.9486832981,0.9128709292,True,0.5852017937,89,89,hard
R2_head,FZHanWZKJW,u3042,kana,test,0.9486832981,0.9128709292,True,0.7074468085,169,169,hard
R2_head,FZHanWZKJW,u304B,kana,test,0.9486832981,0.9128709292,True,0.7074468085,169,169,hard
R2_head,FZHanWZKJW,u3055,kana,test,0.9486832981,0.9128709292,True,0.7074468085,169,169,hard
R2_head,FZHanWZKJW,u3093,kana,test,0.632455532,0.5477225575,True,0.7074468085,169,169,hard
R2_head,FZHanWZKJW,u30A2,kana,test,0.9486832981,0.9128709292,True,0.7074468085,169,169,hard
R2_head,FZHanWZKJW,u30AB,kana,test,0.9486832981,0.9128709292,True,0.7074468085,169,169,hard
R2_head,FZHanWZKJW,u30F3,kana,test,0.9486832981,0.9128709292,True,0.7074468085,169,169,hard
R2_head,FZHanWZKJW,u3105,bopomofo,test,0.9486832981,0.9128709292,True,0.65,37,37,hard
R2_head,FZHanWZKJW,u3106,bopomofo,test,0.9486832981,0.9128709292,True,0.65,37,37,hard
R2_head,FZHanWZKJW,u311A,bopomofo,test,0.9486832981,0.9128709292,True,0.65,37,37,hard
R2_head,FZHuoYYJW-T,u0030,western,test,0.9486832981,0.9128709292,True,0.8587443946,89,89,hard
R2_head,FZHuoYYJW-T,u0031,western,test,0.9486832981,0.9128709292,True,0.8587443946,89,89,hard
R2_head,FZHuoYYJW-T,u0032,western,test,0.9486832981,0.9128709292,True,0.8587443946,89,89,hard
R2_head,FZHuoYYJW-T,u0033,western,test,0.9486832981,0.9128709292,True,0.8587443946,89,89,hard
R2_head,FZHuoYYJW-T,u0034,western,test,0.9486832981,0.9128709292,True,0.8587443946,89,89,hard
R2_head,FZHuoYYJW-T,u0035,western,test,0.9486832981,0.9128709292,True,0.8587443946,89,89,hard
R2_head,FZHuoYYJW-T,u0036,western,test,0.9486832981,0.9128709292,True,0.8587443946,89,89,hard
R2_head,FZHuoYYJW-T,u0037,western,test,0.9486832981,0.9128709292,True,0.8587443946,89,89,hard
R2_head,FZHuoYYJW-T,u0038,western,test,0.9486832981,0.9128709292,True,0.8587443946,89,89,hard
R2_head,FZHuoYYJW-T,u0039,western,test,0.9486832981,0.9128709292,True,0.8587443946,89,89,hard
R2_head,FZHuoYYJW-T,u0041,western,test,0.9486832981,0.9128709292,True,0.8587443946,89,89,hard
R2_head,FZHuoYYJW-T,u0042,western,test,0.9486832981,0.9128709292,True,0.8587443946,89,89,hard
R2_head,FZHuoYYJW-T,u0043,western,test,0.9486832981,0.9128709292,True,0.8587443946,89,89,hard
R2_head,FZHuoYYJW-T,u0047,western,test,0.9486832981,0.9128709292,True,0.8587443946,89,89,hard
R2_head,FZHuoYYJW-T,u004D,western,test,0.9486832981,0.9128709292,True,0.8587443946,89,89,hard
R2_head,FZHuoYYJW-T,u004F,western,test,0.9486832981,0.9128709292,True,0.8587443946,89,89,hard
R2_head,FZHuoYYJW-T,u0051,western,test,0.9486832981,0.9128709292,True,0.8587443946,89,89,hard
R2_head,FZHuoYYJW-T,u0052,western,test,0.9486832981,0.9128709292,True,0.8587443946,89,89,hard
R2_head,FZHuoYYJW-T,u0057,western,test,0.9486832981,0.9128709292,True,0.8587443946,89,89,hard
R2_head,FZHuoYYJW-T,u0061,western,test,0.9486832981,0.9128709292,True,0.8587443946,89,89,hard
R2_head,FZHuoYYJW-T,u0062,western,test,0.9486832981,0.9128709292,True,0.8587443946,89,89,hard
R2_head,FZHuoYYJW-T,u0063,western,test,0.9486832981,0.9128709292,True,0.8587443946,89,89,hard
R2_head,FZHuoYYJW-T,u0064,western,test,0.9486832981,0.9128709292,True,0.8587443946,89,89,hard
R2_head,FZHuoYYJW-T,u0065,western,test,0.9486832981,0.9128709292,True,0.8587443946,89,89,hard
R2_head,FZHuoYYJW-T,u0067,western,test,0.9486832981,0.9128709292,True,0.8587443946,89,89,hard
R2_head,FZHuoYYJW-T,u0069,western,test,0.9486832981,0.9128709292,True,0.8587443946,89,89,hard
R2_head,FZHuoYYJW-T,u006C,western,test,0.9486832981,0.9128709292,True,0.8587443946,89,89,hard
R2_head,FZHuoYYJW-T,u006E,western,test,0.9486832981,0.9128709292,True,0.8587443946,89,89,hard
R2_head,FZHuoYYJW-T,u006F,western,test,0.9486832981,0.9128709292,True,0.8587443946,89,89,hard
R2_head,FZHuoYYJW-T,u0070,western,test,0.9486832981,0.9128709292,True,0.8587443946,89,89,hard
R2_head,FZHuoYYJW-T,u0071,western,test,0.9486832981,0.9128709292,True,0.8587443946,89,89,hard
R2_head,FZHuoYYJW-T,u0075,western,test,0.9486832981,0.9128709292,True,0.8587443946,89,89,hard
R2_head,FZHuoYYJW-T,u00E0,western,test,0.9486832981,0.9128709292,True,0.8587443946,89,89,hard
R2_head,FZHuoYYJW-T,u00E9,western,test,0.9486832981,0.9128709292,True,0.8587443946,89,89,hard
R2_head,FZHuoYYJW-T,u00FC,western,test,0.9486832981,0.9128709292,True,0.8587443946,89,89,hard
R2_head,FZHuoYYJW-T,u0101,western,test,0.9486832981,0.9128709292,True,0.8587443946,89,89,hard
R2_head,FZHuoYYJW-T,u011B,western,test,0.9486832981,0.9128709292,True,0.8587443946,89,89,hard
R2_head,FZJianLTJW_Te,u0030,western,test,0.316227766,0.1825741858,True,0.2892376682,89,89,easy
R2_head,FZJianLTJW_Te,u0031,western,test,0.316227766,0.1825741858,True,0.2892376682,89,89,easy
R2_head,FZJianLTJW_Te,u0032,western,test,0.632455532,0.5477225575,True,0.2892376682,89,89,easy
R2_head,FZJianLTJW_Te,u0033,western,test,0.632455532,0.5477225575,True,0.2892376682,89,89,easy
R2_head,FZJianLTJW_Te,u0034,western,test,0.9486832981,0.9128709292,True,0.2892376682,89,89,easy
R2_head,FZJianLTJW_Te,u0035,western,test,0.632455532,0.5477225575,True,0.2892376682,89,89,easy
R2_head,FZJianLTJW_Te,u0036,western,test,0.632455532,0.5477225575,True,0.2892376682,89,89,easy
R2_head,FZJianLTJW_Te,u0037,western,test,0.9486832981,0.9128709292,True,0.2892376682,89,89,easy
R2_head,FZJianLTJW_Te,u0038,western,test,0.9486832981,0.9128709292,True,0.2892376682,89,89,easy
R2_head,FZJianLTJW_Te,u0039,western,test,0.316227766,0.1825741858,True,0.2892376682,89,89,easy
R2_head,FZJianLTJW_Te,u0041,western,test,0.632455532,0.5477225575,True,0.2892376682,89,89,easy
R2_head,FZJianLTJW_Te,u0042,western,test,0.632455532,0.5477225575,True,0.2892376682,89,89,easy
R2_head,FZJianLTJW_Te,u0043,western,test,0.632455532,0.5477225575,True,0.2892376682,89,89,easy
R2_head,FZJianLTJW_Te,u0047,western,test,0.316227766,0.1825741858,True,0.2892376682,89,89,easy
R2_head,FZJianLTJW_Te,u004D,western,test,0.9486832981,0.9128709292,True,0.2892376682,89,89,easy
R2_head,FZJianLTJW_Te,u004F,western,test,0.316227766,0.1825741858,True,0.2892376682,89,89,easy
R2_head,FZJianLTJW_Te,u0051,western,test,0.9486832981,0.9128709292,True,0.2892376682,89,89,easy
R2_head,FZJianLTJW_Te,u0052,western,test,0.316227766,0.1825741858,True,0.2892376682,89,89,easy
R2_head,FZJianLTJW_Te,u0057,western,test,0.632455532,0.5477225575,True,0.2892376682,89,89,easy
R2_head,FZJianLTJW_Te,u0061,western,test,0.9486832981,0.9128709292,True,0.2892376682,89,89,easy
R2_head,FZJianLTJW_Te,u0062,western,test,0.316227766,0.1825741858,True,0.2892376682,89,89,easy
R2_head,FZJianLTJW_Te,u0063,western,test,0.9486832981,0.9128709292,True,0.2892376682,89,89,easy
R2_head,FZJianLTJW_Te,u0064,western,test,0.9486832981,0.9128709292,True,0.2892376682,89,89,easy
R2_head,FZJianLTJW_Te,u0065,western,test,0.9486832981,0.9128709292,True,0.2892376682,89,89,easy
R2_head,FZJianLTJW_Te,u0067,western,test,0.316227766,0.1825741858,True,0.2892376682,89,89,easy
R2_head,FZJianLTJW_Te,u0069,western,test,0.632455532,0.5477225575,True,0.2892376682,89,89,easy
R2_head,FZJianLTJW_Te,u006C,western,test,0.316227766,0.1825741858,True,0.2892376682,89,89,easy
R2_head,FZJianLTJW_Te,u006E,western,test,0.632455532,0.5477225575,True,0.2892376682,89,89,easy
R2_head,FZJianLTJW_Te,u006F,western,test,0.632455532,0.5477225575,True,0.2892376682,89,89,easy
R2_head,FZJianLTJW_Te,u0070,western,test,0.316227766,0.1825741858,True,0.2892376682,89,89,easy
R2_head,FZJianLTJW_Te,u0071,western,test,0.316227766,0.1825741858,True,0.2892376682,89,89,easy
R2_head,FZJianLTJW_Te,u0075,western,test,0.316227766,0.1825741858,True,0.2892376682,89,89,easy
R2_head,FZJianLTJW_Te,u00E0,western,test,0.316227766,0.1825741858,True,0.2892376682,89,89,easy
R2_head,FZJianLTJW_Te,u00E9,western,test,0.632455532,0.5477225575,True,0.2892376682,89,89,easy
R2_head,FZJianLTJW_Te,u00FC,western,test,0.316227766,0.1825741858,True,0.2892376682,89,89,easy
R2_head,FZJianLTJW_Te,u0101,western,test,0.9486832981,0.9128709292,True,0.2892376682,89,89,easy
R2_head,FZJianLTJW_Te,u011B,western,test,0.632455532,0.5477225575,True,0.2892376682,89,89,easy
R2_head,FZJianLTJW_Te,u3042,kana,test,0.9486832981,0.9128709292,True,0.2340425532,169,169,easy
R2_head,FZJianLTJW_Te,u304B,kana,test,0.9486832981,0.9128709292,True,0.2340425532,169,169,easy
R2_head,FZJianLTJW_Te,u3055,kana,test,0.9486832981,0.9128709292,True,0.2340425532,169,169,easy
R2_head,FZJianLTJW_Te,u3093,kana,test,0.632455532,0.5477225575,True,0.2340425532,169,169,easy
R2_head,FZJianLTJW_Te,u30A2,kana,test,0.9486832981,0.9128709292,True,0.2340425532,169,169,easy
R2_head,FZJianLTJW_Te,u30AB,kana,test,0.9486832981,0.9128709292,True,0.2340425532,169,169,easy
R2_head,FZJianLTJW_Te,u30F3,kana,test,0.9486832981,0.9128709292,True,0.2340425532,169,169,easy
R2_head,FZJingLTJW-H,u0030,western,test,0.9486832981,0.9128709292,True,0.4349775785,89,89,medium
R2_head,FZJingLTJW-H,u0031,western,test,0.9486832981,0.9128709292,True,0.4349775785,89,89,medium
R2_head,FZJingLTJW-H,u0032,western,test,0.9486832981,0.9128709292,True,0.4349775785,89,89,medium
R2_head,FZJingLTJW-H,u0033,western,test,0.9486832981,0.9128709292,True,0.4349775785,89,89,medium
R2_head,FZJingLTJW-H,u0034,western,test,0.9486832981,0.9128709292,True,0.4349775785,89,89,medium
R2_head,FZJingLTJW-H,u0035,western,test,0.9486832981,0.9128709292,True,0.4349775785,89,89,medium
R2_head,FZJingLTJW-H,u0036,western,test,0.9486832981,0.9128709292,True,0.4349775785,89,89,medium
R2_head,FZJingLTJW-H,u0037,western,test,0.9486832981,0.9128709292,True,0.4349775785,89,89,medium
R2_head,FZJingLTJW-H,u0038,western,test,0.9486832981,0.9128709292,True,0.4349775785,89,89,medium
R2_head,FZJingLTJW-H,u0039,western,test,0.9486832981,0.9128709292,True,0.4349775785,89,89,medium
R2_head,FZJingLTJW-H,u0041,western,test,0.9486832981,0.9128709292,True,0.4349775785,89,89,medium
R2_head,FZJingLTJW-H,u0042,western,test,0.9486832981,0.9128709292,True,0.4349775785,89,89,medium
R2_head,FZJingLTJW-H,u0043,western,test,0.9486832981,0.9128709292,True,0.4349775785,89,89,medium
R2_head,FZJingLTJW-H,u0047,western,test,0.9486832981,0.9128709292,True,0.4349775785,89,89,medium
R2_head,FZJingLTJW-H,u004D,western,test,0.9486832981,0.9128709292,True,0.4349775785,89,89,medium
R2_head,FZJingLTJW-H,u004F,western,test,0.9486832981,0.9128709292,True,0.4349775785,89,89,medium
R2_head,FZJingLTJW-H,u0051,western,test,0.9486832981,0.9128709292,True,0.4349775785,89,89,medium
R2_head,FZJingLTJW-H,u0052,western,test,0.9486832981,0.9128709292,True,0.4349775785,89,89,medium
R2_head,FZJingLTJW-H,u0057,western,test,0.9486832981,0.9128709292,True,0.4349775785,89,89,medium
R2_head,FZJingLTJW-H,u0061,western,test,0.9486832981,0.9128709292,True,0.4349775785,89,89,medium
R2_head,FZJingLTJW-H,u0062,western,test,0.9486832981,0.9128709292,True,0.4349775785,89,89,medium
R2_head,FZJingLTJW-H,u0063,western,test,0.9486832981,0.9128709292,True,0.4349775785,89,89,medium
R2_head,FZJingLTJW-H,u0064,western,test,0.9486832981,0.9128709292,True,0.4349775785,89,89,medium
R2_head,FZJingLTJW-H,u0065,western,test,0.9486832981,0.9128709292,True,0.4349775785,89,89,medium
R2_head,FZJingLTJW-H,u0067,western,test,0.9486832981,0.9128709292,True,0.4349775785,89,89,medium
R2_head,FZJingLTJW-H,u0069,western,test,0.9486832981,0.9128709292,True,0.4349775785,89,89,medium
R2_head,FZJingLTJW-H,u006C,western,test,0.9486832981,0.9128709292,True,0.4349775785,89,89,medium
R2_head,FZJingLTJW-H,u006E,western,test,0.9486832981,0.9128709292,True,0.4349775785,89,89,medium
R2_head,FZJingLTJW-H,u006F,western,test,0.9486832981,0.9128709292,True,0.4349775785,89,89,medium
R2_head,FZJingLTJW-H,u0070,western,test,0.9486832981,0.9128709292,True,0.4349775785,89,89,medium
R2_head,FZJingLTJW-H,u0071,western,test,0.9486832981,0.9128709292,True,0.4349775785,89,89,medium
R2_head,FZJingLTJW-H,u0075,western,test,0.9486832981,0.9128709292,True,0.4349775785,89,89,medium
R2_head,FZJingLTJW-H,u00E0,western,test,0.9486832981,0.9128709292,True,0.4349775785,89,89,medium
R2_head,FZJingLTJW-H,u00E9,western,test,0.9486832981,0.9128709292,True,0.4349775785,89,89,medium
R2_head,FZJingLTJW-H,u00FC,western,test,0.9486832981,0.9128709292,True,0.4349775785,89,89,medium
R2_head,FZJingLTJW-H,u0101,western,test,0.9486832981,0.9128709292,True,0.4349775785,89,89,medium
R2_head,FZJingLTJW-H,u011B,western,test,0.9486832981,0.9128709292,True,0.4349775785,89,89,medium
R2_head,FZJingLTJW-H,u3042,kana,test,0.9486832981,0.9128709292,True,0.3510638298,169,169,easy
R2_head,FZJingLTJW-H,u304B,kana,test,0.9486832981,0.9128709292,True,0.3510638298,169,169,easy
R2_head,FZJingLTJW-H,u3055,kana,test,0.9486832981,0.9128709292,True,0.3510638298,169,169,easy
R2_head,FZJingLTJW-H,u3093,kana,test,0.9486832981,0.9128709292,True,0.3510638298,169,169,easy
R2_head,FZJingLTJW-H,u30A2,kana,test,0.9486832981,0.9128709292,True,0.3510638298,169,169,easy
R2_head,FZJingLTJW-H,u30AB,kana,test,0.9486832981,0.9128709292,True,0.3510638298,169,169,easy
R2_head,FZJingLTJW-H,u30F3,kana,test,0.9486832981,0.9128709292,True,0.3510638298,169,169,easy
R2_head,FZJingLTJW-H,u3105,bopomofo,test,0.9486832981,0.9128709292,True,0.3615384615,37,37,easy
R2_head,FZJingLTJW-H,u3106,bopomofo,test,0.9486832981,0.9128709292,True,0.3615384615,37,37,easy
R2_head,FZJingLTJW-H,u311A,bopomofo,test,0.9486832981,0.9128709292,True,0.3615384615,37,37,easy
R2_head,FZJingYLLTJW,u0030,western,test,0.9486832981,0.9128709292,True,0.4304932735,89,89,medium
R2_head,FZJingYLLTJW,u0031,western,test,0.316227766,0.1825741858,True,0.4304932735,89,89,medium
R2_head,FZJingYLLTJW,u0032,western,test,0.632455532,0.5477225575,True,0.4304932735,89,89,medium
R2_head,FZJingYLLTJW,u0033,western,test,0.9486832981,0.9128709292,True,0.4304932735,89,89,medium
R2_head,FZJingYLLTJW,u0034,western,test,0.9486832981,0.9128709292,True,0.4304932735,89,89,medium
R2_head,FZJingYLLTJW,u0035,western,test,0.9486832981,0.9128709292,True,0.4304932735,89,89,medium
R2_head,FZJingYLLTJW,u0036,western,test,0.632455532,0.5477225575,True,0.4304932735,89,89,medium
R2_head,FZJingYLLTJW,u0037,western,test,0.316227766,0.1825741858,True,0.4304932735,89,89,medium
R2_head,FZJingYLLTJW,u0038,western,test,0.632455532,0.5477225575,True,0.4304932735,89,89,medium
R2_head,FZJingYLLTJW,u0039,western,test,0.9486832981,0.9128709292,True,0.4304932735,89,89,medium
R2_head,FZJingYLLTJW,u0041,western,test,0.9486832981,0.9128709292,True,0.4304932735,89,89,medium
R2_head,FZJingYLLTJW,u0042,western,test,0.316227766,0.1825741858,True,0.4304932735,89,89,medium
R2_head,FZJingYLLTJW,u0043,western,test,0.632455532,0.5477225575,True,0.4304932735,89,89,medium
R2_head,FZJingYLLTJW,u0047,western,test,0.9486832981,0.9128709292,True,0.4304932735,89,89,medium
R2_head,FZJingYLLTJW,u004D,western,test,0.316227766,0.1825741858,True,0.4304932735,89,89,medium
R2_head,FZJingYLLTJW,u004F,western,test,0.9486832981,0.9128709292,True,0.4304932735,89,89,medium
R2_head,FZJingYLLTJW,u0051,western,test,0.316227766,0.1825741858,True,0.4304932735,89,89,medium
R2_head,FZJingYLLTJW,u0052,western,test,0.9486832981,0.9128709292,True,0.4304932735,89,89,medium
R2_head,FZJingYLLTJW,u0057,western,test,0.632455532,0.5477225575,True,0.4304932735,89,89,medium
R2_head,FZJingYLLTJW,u0061,western,test,0.9486832981,0.9128709292,True,0.4304932735,89,89,medium
R2_head,FZJingYLLTJW,u0062,western,test,0.9486832981,0.9128709292,True,0.4304932735,89,89,medium
R2_head,FZJingYLLTJW,u0063,western,test,0.9486832981,0.9128709292,True,0.4304932735,89,89,medium
R2_head,FZJingYLLTJW,u0064,western,test,0.316227766,0.1825741858,True,0.4304932735,89,89,medium
R2_head,FZJingYLLTJW,u0065,western,test,0.9486832981,0.9128709292,True,0.4304932735,89,89,medium
R2_head,FZJingYLLTJW,u0067,western,test,0.632455532,0.5477225575,True,0.4304932735,89,89,medium
R2_head,FZJingYLLTJW,u0069,western,test,0.9486832981,0.9128709292,True,0.4304932735,89,89,medium
R2_head,FZJingYLLTJW,u006C,western,test,0.316227766,0.1825741858,True,0.4304932735,89,89,medium
R2_head,FZJingYLLTJW,u006E,western,test,0.316227766,0.1825741858,True,0.4304932735,89,89,medium
R2_head,FZJingYLLTJW,u006F,western,test,0.316227766,0.1825741858,True,0.4304932735,89,89,medium
R2_head,FZJingYLLTJW,u0070,western,test,0.316227766,0.1825741858,True,0.4304932735,89,89,medium
R2_head,FZJingYLLTJW,u0071,western,test,0.9486832981,0.9128709292,True,0.4304932735,89,89,medium
R2_head,FZJingYLLTJW,u0075,western,test,0.9486832981,0.9128709292,True,0.4304932735,89,89,medium
R2_head,FZJingYLLTJW,u00E0,western,test,0.632455532,0.5477225575,True,0.4304932735,89,89,medium
R2_head,FZJingYLLTJW,u00E9,western,test,0.9486832981,0.9128709292,True,0.4304932735,89,89,medium
R2_head,FZJingYLLTJW,u00FC,western,test,0.9486832981,0.9128709292,True,0.4304932735,89,89,medium
R2_head,FZJingYLLTJW,u0101,western,test,0.632455532,0.5477225575,True,0.4304932735,89,89,medium
R2_head,FZJingYLLTJW,u011B,western,test,0.9486832981,0.9128709292,True,0.4304932735,89,89,medium
R2_head,FZLingFKSJW-B,u0030,western,test,0.9486832981,0.9128709292,True,0.634529148,89,89,hard
R2_head,FZLingFKSJW-B,u0031,western,test,0.9486832981,0.9128709292,True,0.634529148,89,89,hard
R2_head,FZLingFKSJW-B,u0032,western,test,0.9486832981,0.9128709292,True,0.634529148,89,89,hard
R2_head,FZLingFKSJW-B,u0033,western,test,0.9486832981,0.9128709292,True,0.634529148,89,89,hard
R2_head,FZLingFKSJW-B,u0034,western,test,0.9486832981,0.9128709292,True,0.634529148,89,89,hard
R2_head,FZLingFKSJW-B,u0035,western,test,0.9486832981,0.9128709292,True,0.634529148,89,89,hard
R2_head,FZLingFKSJW-B,u0036,western,test,0.9486832981,0.9128709292,True,0.634529148,89,89,hard
R2_head,FZLingFKSJW-B,u0037,western,test,0.9486832981,0.9128709292,True,0.634529148,89,89,hard
R2_head,FZLingFKSJW-B,u0038,western,test,0.9486832981,0.9128709292,True,0.634529148,89,89,hard
R2_head,FZLingFKSJW-B,u0039,western,test,0.9486832981,0.9128709292,True,0.634529148,89,89,hard
R2_head,FZLingFKSJW-B,u0041,western,test,0.9486832981,0.9128709292,True,0.634529148,89,89,hard
R2_head,FZLingFKSJW-B,u0042,western,test,0.316227766,0.1825741858,True,0.634529148,89,89,hard
R2_head,FZLingFKSJW-B,u0043,western,test,0.632455532,0.5477225575,True,0.634529148,89,89,hard
R2_head,FZLingFKSJW-B,u0047,western,test,0.316227766,0.1825741858,True,0.634529148,89,89,hard
R2_head,FZLingFKSJW-B,u004D,western,test,0.9486832981,0.9128709292,True,0.634529148,89,89,hard
R2_head,FZLingFKSJW-B,u004F,western,test,0.9486832981,0.9128709292,True,0.634529148,89,89,hard
R2_head,FZLingFKSJW-B,u0051,western,test,0.632455532,0.5477225575,True,0.634529148,89,89,hard
R2_head,FZLingFKSJW-B,u0052,western,test,0.9486832981,0.9128709292,True,0.634529148,89,89,hard
R2_head,FZLingFKSJW-B,u0057,western,test,0.9486832981,0.9128709292,True,0.634529148,89,89,hard
R2_head,FZLingFKSJW-B,u0061,western,test,0.632455532,0.5477225575,True,0.634529148,89,89,hard
R2_head,FZLingFKSJW-B,u0062,western,test,0.9486832981,0.9128709292,True,0.634529148,89,89,hard
R2_head,FZLingFKSJW-B,u0063,western,test,0.9486832981,0.9128709292,True,0.634529148,89,89,hard
R2_head,FZLingFKSJW-B,u0064,western,test,0.316227766,0.1825741858,True,0.634529148,89,89,hard
R2_head,FZLingFKSJW-B,u0065,western,test,0.316227766,0.1825741858,True,0.634529148,89,89,hard
R2_head,FZLingFKSJW-B,u0067,western,test,0.316227766,0.1825741858,True,0.634529148,89,89,hard
R2_head,FZLingFKSJW-B,u0069,western,test,0.9486832981,0.9128709292,True,0.634529148,89,89,hard
R2_head,FZLingFKSJW-B,u006C,western,test,0.9486832981,0.9128709292,True,0.634529148,89,89,hard
R2_head,FZLingFKSJW-B,u006E,western,test,0.632455532,0.5477225575,True,0.634529148,89,89,hard
R2_head,FZLingFKSJW-B,u006F,western,test,0.316227766,0.1825741858,True,0.634529148,89,89,hard
R2_head,FZLingFKSJW-B,u0070,western,test,0.9486832981,0.9128709292,True,0.634529148,89,89,hard
R2_head,FZLingFKSJW-B,u0071,western,test,0.316227766,0.1825741858,True,0.634529148,89,89,hard
R2_head,FZLingFKSJW-B,u0075,western,test,0.9486832981,0.9128709292,True,0.634529148,89,89,hard
R2_head,FZLingFKSJW-B,u00E0,western,test,0.316227766,0.1825741858,True,0.634529148,89,89,hard
R2_head,FZLingFKSJW-B,u00E9,western,test,0.316227766,0.1825741858,True,0.634529148,89,89,hard
R2_head,FZLingFKSJW-B,u00FC,western,test,0.316227766,0.1825741858,True,0.634529148,89,89,hard
R2_head,FZLingFKSJW-B,u0101,western,test,0.9486832981,0.9128709292,True,0.634529148,89,89,hard
R2_head,FZLingFKSJW-B,u011B,western,test,0.316227766,0.1825741858,True,0.634529148,89,89,hard
R2_head,FZLingFKSJW-B,u3042,kana,test,0.632455532,0.5477225575,True,0.5531914894,169,169,medium
R2_head,FZLingFKSJW-B,u304B,kana,test,0.632455532,0.5477225575,True,0.5531914894,169,169,medium
R2_head,FZLingFKSJW-B,u3055,kana,test,0.9486832981,0.9128709292,True,0.5531914894,169,169,medium
R2_head,FZLingFKSJW-B,u3093,kana,test,0.9486832981,0.9128709292,True,0.5531914894,169,169,medium
R2_head,FZLingFKSJW-B,u30A2,kana,test,0.632455532,0.5477225575,True,0.5531914894,169,169,medium
R2_head,FZLingFKSJW-B,u30AB,kana,test,0.632455532,0.5477225575,True,0.5531914894,169,169,medium
R2_head,FZLingFKSJW-B,u30F3,kana,test,0.9486832981,0.9128709292,True,0.5531914894,169,169,medium
R2_head,FZLingFKSJW-B,u3105,bopomofo,test,0.316227766,0.1825741858,True,0.5192307692,37,37,medium
R2_head,FZLingFKSJW-B,u3106,bopomofo,test,0.9486832981,0.9128709292,True,0.5192307692,37,37,medium
R2_head,FZLingFKSJW-B,u311A,bopomofo,test,0.9486832981,0.9128709292,True,0.5192307692,37,37,medium
R2_head,FZLiuGQKJW-L,u0030,western,test,0.9486832981,0.9128709292,True,0.7264573991,89,89,hard
R2_head,FZLiuGQKJW-L,u0031,western,test,0.316227766,0.1825741858,True,0.7264573991,89,89,hard
R2_head,FZLiuGQKJW-L,u0032,western,test,0.9486832981,0.9128709292,True,0.7264573991,89,89,hard
R2_head,FZLiuGQKJW-L,u0033,western,test,0.9486832981,0.9128709292,True,0.7264573991,89,89,hard
R2_head,FZLiuGQKJW-L,u0034,western,test,0.316227766,0.1825741858,True,0.7264573991,89,89,hard
R2_head,FZLiuGQKJW-L,u0035,western,test,0.9486832981,0.9128709292,True,0.7264573991,89,89,hard
R2_head,FZLiuGQKJW-L,u0036,western,test,0.632455532,0.5477225575,True,0.7264573991,89,89,hard
R2_head,FZLiuGQKJW-L,u0037,western,test,0.9486832981,0.9128709292,True,0.7264573991,89,89,hard
R2_head,FZLiuGQKJW-L,u0038,western,test,0.9486832981,0.9128709292,True,0.7264573991,89,89,hard
R2_head,FZLiuGQKJW-L,u0039,western,test,0.9486832981,0.9128709292,True,0.7264573991,89,89,hard
R2_head,FZLiuGQKJW-L,u0041,western,test,0.9486832981,0.9128709292,True,0.7264573991,89,89,hard
R2_head,FZLiuGQKJW-L,u0042,western,test,0.9486832981,0.9128709292,True,0.7264573991,89,89,hard
R2_head,FZLiuGQKJW-L,u0043,western,test,0.9486832981,0.9128709292,True,0.7264573991,89,89,hard
R2_head,FZLiuGQKJW-L,u0047,western,test,0.9486832981,0.9128709292,True,0.7264573991,89,89,hard
R2_head,FZLiuGQKJW-L,u004D,western,test,0.9486832981,0.9128709292,True,0.7264573991,89,89,hard
R2_head,FZLiuGQKJW-L,u004F,western,test,0.9486832981,0.9128709292,True,0.7264573991,89,89,hard
R2_head,FZLiuGQKJW-L,u0051,western,test,0.9486832981,0.9128709292,True,0.7264573991,89,89,hard
R2_head,FZLiuGQKJW-L,u0052,western,test,0.632455532,0.5477225575,True,0.7264573991,89,89,hard
R2_head,FZLiuGQKJW-L,u0057,western,test,0.9486832981,0.9128709292,True,0.7264573991,89,89,hard
R2_head,FZLiuGQKJW-L,u0061,western,test,0.9486832981,0.9128709292,True,0.7264573991,89,89,hard
R2_head,FZLiuGQKJW-L,u0062,western,test,0.316227766,0.1825741858,True,0.7264573991,89,89,hard
R2_head,FZLiuGQKJW-L,u0063,western,test,0.9486832981,0.9128709292,True,0.7264573991,89,89,hard
R2_head,FZLiuGQKJW-L,u0064,western,test,0.9486832981,0.9128709292,True,0.7264573991,89,89,hard
R2_head,FZLiuGQKJW-L,u0065,western,test,0.632455532,0.5477225575,True,0.7264573991,89,89,hard
R2_head,FZLiuGQKJW-L,u0067,western,test,0.9486832981,0.9128709292,True,0.7264573991,89,89,hard
R2_head,FZLiuGQKJW-L,u0069,western,test,0.9486832981,0.9128709292,True,0.7264573991,89,89,hard
R2_head,FZLiuGQKJW-L,u006C,western,test,0.9486832981,0.9128709292,True,0.7264573991,89,89,hard
R2_head,FZLiuGQKJW-L,u006E,western,test,0.632455532,0.5477225575,True,0.7264573991,89,89,hard
R2_head,FZLiuGQKJW-L,u006F,western,test,0.9486832981,0.9128709292,True,0.7264573991,89,89,hard
R2_head,FZLiuGQKJW-L,u0070,western,test,0.9486832981,0.9128709292,True,0.7264573991,89,89,hard
R2_head,FZLiuGQKJW-L,u0071,western,test,0.632455532,0.5477225575,True,0.7264573991,89,89,hard
R2_head,FZLiuGQKJW-L,u0075,western,test,0.632455532,0.5477225575,True,0.7264573991,89,89,hard
R2_head,FZLiuGQKJW-L,u00E0,western,test,0.316227766,0.1825741858,True,0.7264573991,89,89,hard
R2_head,FZLiuGQKJW-L,u00E9,western,test,0.9486832981,0.9128709292,True,0.7264573991,89,89,hard
R2_head,FZLiuGQKJW-L,u00FC,western,test,0.9486832981,0.9128709292,True,0.7264573991,89,89,hard
R2_head,FZLiuGQKJW-L,u0101,western,test,0.9486832981,0.9128709292,True,0.7264573991,89,89,hard
R2_head,FZLiuGQKJW-L,u011B,western,test,0.632455532,0.5477225575,True,0.7264573991,89,89,hard
R2_head,FZLiuGQKJW-L,u3042,kana,test,0.9486832981,0.9128709292,True,0.7473404255,169,169,hard
R2_head,FZLiuGQKJW-L,u304B,kana,test,0.9486832981,0.9128709292,True,0.7473404255,169,169,hard
R2_head,FZLiuGQKJW-L,u3055,kana,test,0.9486832981,0.9128709292,True,0.7473404255,169,169,hard
R2_head,FZLiuGQKJW-L,u3093,kana,test,0.632455532,0.5477225575,True,0.7473404255,169,169,hard
R2_head,FZLiuGQKJW-L,u30A2,kana,test,0.9486832981,0.9128709292,True,0.7473404255,169,169,hard
R2_head,FZLiuGQKJW-L,u30AB,kana,test,0.9486832981,0.9128709292,True,0.7473404255,169,169,hard
R2_head,FZLiuGQKJW-L,u30F3,kana,test,0.9486832981,0.9128709292,True,0.7473404255,169,169,hard
R2_head,FZMaWDBSJW,u0030,western,test,0.9486832981,0.9128709292,True,0.5448430493,89,89,medium
R2_head,FZMaWDBSJW,u0031,western,test,0.9486832981,0.9128709292,True,0.5448430493,89,89,medium
R2_head,FZMaWDBSJW,u0032,western,test,0.9486832981,0.9128709292,True,0.5448430493,89,89,medium
R2_head,FZMaWDBSJW,u0033,western,test,0.9486832981,0.9128709292,True,0.5448430493,89,89,medium
R2_head,FZMaWDBSJW,u0034,western,test,0.9486832981,0.9128709292,True,0.5448430493,89,89,medium
R2_head,FZMaWDBSJW,u0035,western,test,0.9486832981,0.9128709292,True,0.5448430493,89,89,medium
R2_head,FZMaWDBSJW,u0036,western,test,0.9486832981,0.9128709292,True,0.5448430493,89,89,medium
R2_head,FZMaWDBSJW,u0037,western,test,0.9486832981,0.9128709292,True,0.5448430493,89,89,medium
R2_head,FZMaWDBSJW,u0038,western,test,0.9486832981,0.9128709292,True,0.5448430493,89,89,medium
R2_head,FZMaWDBSJW,u0039,western,test,0.632455532,0.5477225575,True,0.5448430493,89,89,medium
R2_head,FZMaWDBSJW,u0041,western,test,0.9486832981,0.9128709292,True,0.5448430493,89,89,medium
R2_head,FZMaWDBSJW,u0042,western,test,0.9486832981,0.9128709292,True,0.5448430493,89,89,medium
R2_head,FZMaWDBSJW,u0043,western,test,0.9486832981,0.9128709292,True,0.5448430493,89,89,medium
R2_head,FZMaWDBSJW,u0047,western,test,0.9486832981,0.9128709292,True,0.5448430493,89,89,medium
R2_head,FZMaWDBSJW,u004D,western,test,0.9486832981,0.9128709292,True,0.5448430493,89,89,medium
R2_head,FZMaWDBSJW,u004F,western,test,0.9486832981,0.9128709292,True,0.5448430493,89,89,medium
R2_head,FZMaWDBSJW,u0051,western,test,0.9486832981,0.9128709292,True,0.5448430493,89,89,medium
R2_head,FZMaWDBSJW,u0052,western,test,0.9486832981,0.9128709292,True,0.5448430493,89,89,medium
R2_head,FZMaWDBSJW,u0057,western,test,0.9486832981,0.9128709292,True,0.5448430493,89,89,medium
R2_head,FZMaWDBSJW,u0061,western,test,0.9486832981,0.9128709292,True,0.5448430493,89,89,medium
R2_head,FZMaWDBSJW,u0062,western,test,0.9486832981,0.9128709292,True,0.5448430493,89,89,medium
R2_head,FZMaWDBSJW,u0063,western,test,0.9486832981,0.9128709292,True,0.5448430493,89,89,medium
R2_head,FZMaWDBSJW,u0064,western,test,0.9486832981,0.9128709292,True,0.5448430493,89,89,medium
R2_head,FZMaWDBSJW,u0065,western,test,0.9486832981,0.9128709292,True,0.5448430493,89,89,medium
R2_head,FZMaWDBSJW,u0067,western,test,0.9486832981,0.9128709292,True,0.5448430493,89,89,medium
R2_head,FZMaWDBSJW,u0069,western,test,0.9486832981,0.9128709292,True,0.5448430493,89,89,medium
R2_head,FZMaWDBSJW,u006C,western,test,0.9486832981,0.9128709292,True,0.5448430493,89,89,medium
R2_head,FZMaWDBSJW,u006E,western,test,0.9486832981,0.9128709292,True,0.5448430493,89,89,medium
R2_head,FZMaWDBSJW,u006F,western,test,0.9486832981,0.9128709292,True,0.5448430493,89,89,medium
R2_head,FZMaWDBSJW,u0070,western,test,0.9486832981,0.9128709292,True,0.5448430493,89,89,medium
R2_head,FZMaWDBSJW,u0071,western,test,0.9486832981,0.9128709292,True,0.5448430493,89,89,medium
R2_head,FZMaWDBSJW,u0075,western,test,0.9486832981,0.9128709292,True,0.5448430493,89,89,medium
R2_head,FZMaWDBSJW,u00E0,western,test,0.9486832981,0.9128709292,True,0.5448430493,89,89,medium
R2_head,FZMaWDBSJW,u00E9,western,test,0.9486832981,0.9128709292,True,0.5448430493,89,89,medium
R2_head,FZMaWDBSJW,u00FC,western,test,0.9486832981,0.9128709292,True,0.5448430493,89,89,medium
R2_head,FZMaWDBSJW,u0101,western,test,0.9486832981,0.9128709292,True,0.5448430493,89,89,medium
R2_head,FZMaWDBSJW,u011B,western,test,0.9486832981,0.9128709292,True,0.5448430493,89,89,medium
R2_head,FZMaWDBSJW,u3042,kana,test,0.9486832981,0.9128709292,True,0.5079787234,169,169,medium
R2_head,FZMaWDBSJW,u304B,kana,test,0.632455532,0.5477225575,True,0.5079787234,169,169,medium
R2_head,FZMaWDBSJW,u3055,kana,test,0.9486832981,0.9128709292,True,0.5079787234,169,169,medium
R2_head,FZMaWDBSJW,u3093,kana,test,0.9486832981,0.9128709292,True,0.5079787234,169,169,medium
R2_head,FZMaWDBSJW,u30A2,kana,test,0.316227766,0.1825741858,True,0.5079787234,169,169,medium
R2_head,FZMaWDBSJW,u30AB,kana,test,0.9486832981,0.9128709292,True,0.5079787234,169,169,medium
R2_head,FZMaWDBSJW,u30F3,kana,test,0.9486832981,0.9128709292,True,0.5079787234,169,169,medium
R2_head,FZMaWDBSJW,u3105,bopomofo,test,,,False,0.4884615385,37,37,medium
R2_head,FZMaWDBSJW,u3106,bopomofo,test,,,False,0.4884615385,37,37,medium
R2_head,FZMaWDBSJW,u311A,bopomofo,test,,,False,0.4884615385,37,37,medium
R2_head,FZTJLSJW,u0030,western,test,0.9486832981,0.9128709292,True,0.8004484305,89,89,hard
R2_head,FZTJLSJW,u0031,western,test,0.9486832981,0.9128709292,True,0.8004484305,89,89,hard
R2_head,FZTJLSJW,u0032,western,test,0.9486832981,0.9128709292,True,0.8004484305,89,89,hard
R2_head,FZTJLSJW,u0033,western,test,0.9486832981,0.9128709292,True,0.8004484305,89,89,hard
R2_head,FZTJLSJW,u0034,western,test,0.9486832981,0.9128709292,True,0.8004484305,89,89,hard
R2_head,FZTJLSJW,u0035,western,test,0.9486832981,0.9128709292,True,0.8004484305,89,89,hard
R2_head,FZTJLSJW,u0036,western,test,0.9486832981,0.9128709292,True,0.8004484305,89,89,hard
R2_head,FZTJLSJW,u0037,western,test,0.9486832981,0.9128709292,True,0.8004484305,89,89,hard
R2_head,FZTJLSJW,u0038,western,test,0.9486832981,0.9128709292,True,0.8004484305,89,89,hard
R2_head,FZTJLSJW,u0039,western,test,0.9486832981,0.9128709292,True,0.8004484305,89,89,hard
R2_head,FZTJLSJW,u0041,western,test,0.9486832981,0.9128709292,True,0.8004484305,89,89,hard
R2_head,FZTJLSJW,u0042,western,test,0.9486832981,0.9128709292,True,0.8004484305,89,89,hard
R2_head,FZTJLSJW,u0043,western,test,0.9486832981,0.9128709292,True,0.8004484305,89,89,hard
R2_head,FZTJLSJW,u0047,western,test,0.9486832981,0.9128709292,True,0.8004484305,89,89,hard
R2_head,FZTJLSJW,u004D,western,test,0.632455532,0.5477225575,True,0.8004484305,89,89,hard
R2_head,FZTJLSJW,u004F,western,test,0.9486832981,0.9128709292,True,0.8004484305,89,89,hard
R2_head,FZTJLSJW,u0051,western,test,0.9486832981,0.9128709292,True,0.8004484305,89,89,hard
R2_head,FZTJLSJW,u0052,western,test,0.632455532,0.5477225575,True,0.8004484305,89,89,hard
R2_head,FZTJLSJW,u0057,western,test,0.9486832981,0.9128709292,True,0.8004484305,89,89,hard
R2_head,FZTJLSJW,u0061,western,test,0.9486832981,0.9128709292,True,0.8004484305,89,89,hard
R2_head,FZTJLSJW,u0062,western,test,0.632455532,0.5477225575,True,0.8004484305,89,89,hard
R2_head,FZTJLSJW,u0063,western,test,0.9486832981,0.9128709292,True,0.8004484305,89,89,hard
R2_head,FZTJLSJW,u0064,western,test,0.9486832981,0.9128709292,True,0.8004484305,89,89,hard
R2_head,FZTJLSJW,u0065,western,test,0.9486832981,0.9128709292,True,0.8004484305,89,89,hard
R2_head,FZTJLSJW,u0067,western,test,0.9486832981,0.9128709292,True,0.8004484305,89,89,hard
R2_head,FZTJLSJW,u0069,western,test,0.9486832981,0.9128709292,True,0.8004484305,89,89,hard
R2_head,FZTJLSJW,u006C,western,test,0.9486832981,0.9128709292,True,0.8004484305,89,89,hard
R2_head,FZTJLSJW,u006E,western,test,0.9486832981,0.9128709292,True,0.8004484305,89,89,hard
R2_head,FZTJLSJW,u006F,western,test,0.9486832981,0.9128709292,True,0.8004484305,89,89,hard
R2_head,FZTJLSJW,u0070,western,test,0.9486832981,0.9128709292,True,0.8004484305,89,89,hard
R2_head,FZTJLSJW,u0071,western,test,0.9486832981,0.9128709292,True,0.8004484305,89,89,hard
R2_head,FZTJLSJW,u0075,western,test,0.9486832981,0.9128709292,True,0.8004484305,89,89,hard
R2_head,FZTJLSJW,u00E0,western,test,0.9486832981,0.9128709292,True,0.8004484305,89,89,hard
R2_head,FZTJLSJW,u00E9,western,test,0.632455532,0.5477225575,True,0.8004484305,89,89,hard
R2_head,FZTJLSJW,u00FC,western,test,0.9486832981,0.9128709292,True,0.8004484305,89,89,hard
R2_head,FZTJLSJW,u0101,western,test,0.9486832981,0.9128709292,True,0.8004484305,89,89,hard
R2_head,FZTJLSJW,u011B,western,test,0.9486832981,0.9128709292,True,0.8004484305,89,89,hard
R3_head,FZBuGTJW,u0030,western,test,0.9486832981,0.9128709292,True,0.5,89,89,medium
R3_head,FZBuGTJW,u0031,western,test,0.9486832981,0.9128709292,True,0.5,89,89,medium
R3_head,FZBuGTJW,u0032,western,test,0.316227766,0.1825741858,True,0.5,89,89,medium
R3_head,FZBuGTJW,u0033,western,test,0.9486832981,0.9128709292,True,0.5,89,89,medium
R3_head,FZBuGTJW,u0034,western,test,0.9486832981,0.9128709292,True,0.5,89,89,medium
R3_head,FZBuGTJW,u0035,western,test,0.9486832981,0.9128709292,True,0.5,89,89,medium
R3_head,FZBuGTJW,u0036,western,test,0.9486832981,0.9128709292,True,0.5,89,89,medium
R3_head,FZBuGTJW,u0037,western,test,0.9486832981,0.9128709292,True,0.5,89,89,medium
R3_head,FZBuGTJW,u0038,western,test,0.632455532,0.5477225575,True,0.5,89,89,medium
R3_head,FZBuGTJW,u0039,western,test,0.632455532,0.5477225575,True,0.5,89,89,medium
R3_head,FZBuGTJW,u0041,western,test,0.9486832981,0.9128709292,True,0.5,89,89,medium
R3_head,FZBuGTJW,u0042,western,test,0.9486832981,0.9128709292,True,0.5,89,89,medium
R3_head,FZBuGTJW,u0043,western,test,0.9486832981,0.9128709292,True,0.5,89,89,medium
R3_head,FZBuGTJW,u0047,western,test,0.9486832981,0.9128709292,True,0.5,89,89,medium
R3_head,FZBuGTJW,u004D,western,test,0.9486832981,0.9128709292,True,0.5,89,89,medium
R3_head,FZBuGTJW,u004F,western,test,0.9486832981,0.9128709292,True,0.5,89,89,medium
R3_head,FZBuGTJW,u0051,western,test,0.9486832981,0.9128709292,True,0.5,89,89,medium
R3_head,FZBuGTJW,u0052,western,test,0.9486832981,0.9128709292,True,0.5,89,89,medium
R3_head,FZBuGTJW,u0057,western,test,0.9486832981,0.9128709292,True,0.5,89,89,medium
R3_head,FZBuGTJW,u0061,western,test,0.9486832981,0.9128709292,True,0.5,89,89,medium
R3_head,FZBuGTJW,u0062,western,test,0.7378647874,0.5477225575,True,0.5,89,89,medium
R3_head,FZBuGTJW,u0063,western,test,0.9486832981,0.9128709292,True,0.5,89,89,medium
R3_head,FZBuGTJW,u0064,western,test,0.9486832981,0.9128709292,True,0.5,89,89,medium
R3_head,FZBuGTJW,u0065,western,test,0.9486832981,0.9128709292,True,0.5,89,89,medium
R3_head,FZBuGTJW,u0067,western,test,0.9486832981,0.9128709292,True,0.5,89,89,medium
R3_head,FZBuGTJW,u0069,western,test,0.9486832981,0.9128709292,True,0.5,89,89,medium
R3_head,FZBuGTJW,u006C,western,test,0.9486832981,0.9128709292,True,0.5,89,89,medium
R3_head,FZBuGTJW,u006E,western,test,0.316227766,0.1825741858,True,0.5,89,89,medium
R3_head,FZBuGTJW,u006F,western,test,0.9486832981,0.9128709292,True,0.5,89,89,medium
R3_head,FZBuGTJW,u0070,western,test,0.9486832981,0.9128709292,True,0.5,89,89,medium
R3_head,FZBuGTJW,u0071,western,test,0.9486832981,0.9128709292,True,0.5,89,89,medium
R3_head,FZBuGTJW,u0075,western,test,0.316227766,0.1825741858,True,0.5,89,89,medium
R3_head,FZBuGTJW,u00E0,western,test,0.9486832981,0.9128709292,True,0.5,89,89,medium
R3_head,FZBuGTJW,u00E9,western,test,0.9486832981,0.9128709292,True,0.5,89,89,medium
R3_head,FZBuGTJW,u00FC,western,test,0.9486832981,0.9128709292,True,0.5,89,89,medium
R3_head,FZBuGTJW,u0101,western,test,0.9486832981,0.9128709292,True,0.5,89,89,medium
R3_head,FZBuGTJW,u011B,western,test,0.9486832981,0.9128709292,True,0.5,89,89,medium
R3_head,FZBuGTJW,u3042,kana,test,0.632455532,0.5477225575,True,0.545212766,169,169,medium
R3_head,FZBuGTJW,u304B,kana,test,0.632455532,0.5477225575,True,0.545212766,169,169,medium
R3_head,FZBuGTJW,u3055,kana,test,0.9486832981,0.9128709292,True,0.545212766,169,169,medium
R3_head,FZBuGTJW,u3093,kana,test,0.9486832981,0.9128709292,True,0.545212766,169,169,medium
R3_head,FZBuGTJW,u30A2,kana,test,0.9486832981,0.9128709292,True,0.545212766,169,169,medium
R3_head,FZBuGTJW,u30AB,kana,test,0.9486832981,0.9128709292,True,0.545212766,169,169,medium
R3_head,FZBuGTJW,u30F3,kana,test,0.9486832981,0.9128709292,True,0.545212766,169,169,medium
R3_head,FZBuGTJW,u3105,bopomofo,test,0.632455532,0.5477225575,True,0.4961538462,37,37,medium
R3_head,FZBuGTJW,u3106,bopomofo,test,0.9486832981,0.9128709292,True,0.4961538462,37,37,medium
R3_head,FZBuGTJW,u311A,bopomofo,test,0.9486832981,0.9128709292,True,0.4961538462,37,37,medium
R3_head,FZChuangHJW_DB,u0030,western,test,0.632455532,0.5477225575,True,0.6031390135,89,89,hard
R3_head,FZChuangHJW_DB,u0031,western,test,0.9486832981,0.9128709292,True,0.6031390135,89,89,hard
R3_head,FZChuangHJW_DB,u0032,western,test,0.9486832981,0.9128709292,True,0.6031390135,89,89,hard
R3_head,FZChuangHJW_DB,u0033,western,test,0.9486832981,0.9128709292,True,0.6031390135,89,89,hard
R3_head,FZChuangHJW_DB,u0034,western,test,0.9486832981,0.9128709292,True,0.6031390135,89,89,hard
R3_head,FZChuangHJW_DB,u0035,western,test,0.9486832981,0.9128709292,True,0.6031390135,89,89,hard
R3_head,FZChuangHJW_DB,u0036,western,test,0.9486832981,0.9128709292,True,0.6031390135,89,89,hard
R3_head,FZChuangHJW_DB,u0037,western,test,0.9486832981,0.9128709292,True,0.6031390135,89,89,hard
R3_head,FZChuangHJW_DB,u0038,western,test,0.9486832981,0.9128709292,True,0.6031390135,89,89,hard
R3_head,FZChuangHJW_DB,u0039,western,test,0.9486832981,0.9128709292,True,0.6031390135,89,89,hard
R3_head,FZChuangHJW_DB,u0041,western,test,0.9486832981,0.9128709292,True,0.6031390135,89,89,hard
R3_head,FZChuangHJW_DB,u0042,western,test,0.9486832981,0.9128709292,True,0.6031390135,89,89,hard
R3_head,FZChuangHJW_DB,u0043,western,test,0.9486832981,0.9128709292,True,0.6031390135,89,89,hard
R3_head,FZChuangHJW_DB,u0047,western,test,0.9486832981,0.9128709292,True,0.6031390135,89,89,hard
R3_head,FZChuangHJW_DB,u004D,western,test,0.9486832981,0.9128709292,True,0.6031390135,89,89,hard
R3_head,FZChuangHJW_DB,u004F,western,test,0.9486832981,0.9128709292,True,0.6031390135,89,89,hard
R3_head,FZChuangHJW_DB,u0051,western,test,0.9486832981,0.9128709292,True,0.6031390135,89,89,hard
R3_head,FZChuangHJW_DB,u0052,western,test,0.9486832981,0.9128709292,True,0.6031390135,89,89,hard
R3_head,FZChuangHJW_DB,u0057,western,test,0.9486832981,0.9128709292,True,0.6031390135,89,89,hard
R3_head,FZChuangHJW_DB,u0061,western,test,0.9486832981,0.9128709292,True,0.6031390135,89,89,hard
R3_head,FZChuangHJW_DB,u0062,western,test,0.9486832981,0.9128709292,True,0.6031390135,89,89,hard
R3_head,FZChuangHJW_DB,u0063,western,test,0.9486832981,0.9128709292,True,0.6031390135,89,89,hard
R3_head,FZChuangHJW_DB,u0064,western,test,0.9486832981,0.9128709292,True,0.6031390135,89,89,hard
R3_head,FZChuangHJW_DB,u0065,western,test,0.9486832981,0.9128709292,True,0.6031390135,89,89,hard
R3_head,FZChuangHJW_DB,u0067,western,test,0.9486832981,0.9128709292,True,0.6031390135,89,89,hard
R3_head,FZChuangHJW_DB,u0069,western,test,0.9486832981,0.9128709292,True,0.6031390135,89,89,hard
R3_head,FZChuangHJW_DB,u006C,western,test,0.9486832981,0.9128709292,True,0.6031390135,89,89,hard
R3_head,FZChuangHJW_DB,u006E,western,test,0.9486832981,0.9128709292,True,0.6031390135,89,89,hard
R3_head,FZChuangHJW_DB,u006F,western,test,0.9486832981,0.9128709292,True,0.6031390135,89,89,hard
R3_head,FZChuangHJW_DB,u0070,western,test,0.9486832981,0.9128709292,True,0.6031390135,89,89,hard
R3_head,FZChuangHJW_DB,u0071,western,test,0.9486832981,0.9128709292,True,0.6031390135,89,89,hard
R3_head,FZChuangHJW_DB,u0075,western,test,0.9486832981,0.9128709292,True,0.6031390135,89,89,hard
R3_head,FZChuangHJW_DB,u00E0,western,test,0.9486832981,0.9128709292,True,0.6031390135,89,89,hard
R3_head,FZChuangHJW_DB,u00E9,western,test,0.9486832981,0.9128709292,True,0.6031390135,89,89,hard
R3_head,FZChuangHJW_DB,u00FC,western,test,0.9486832981,0.9128709292,True,0.6031390135,89,89,hard
R3_head,FZChuangHJW_DB,u0101,western,test,0.9486832981,0.9128709292,True,0.6031390135,89,89,hard
R3_head,FZChuangHJW_DB,u011B,western,test,0.9486832981,0.9128709292,True,0.6031390135,89,89,hard
R3_head,FZChuangHJW_DB,u3042,kana,test,0.9486832981,0.9128709292,True,0.4920212766,169,169,medium
R3_head,FZChuangHJW_DB,u304B,kana,test,0.9486832981,0.9128709292,True,0.4920212766,169,169,medium
R3_head,FZChuangHJW_DB,u3055,kana,test,0.9486832981,0.9128709292,True,0.4920212766,169,169,medium
R3_head,FZChuangHJW_DB,u3093,kana,test,0.9486832981,0.9128709292,True,0.4920212766,169,169,medium
R3_head,FZChuangHJW_DB,u30A2,kana,test,0.9486832981,0.9128709292,True,0.4920212766,169,169,medium
R3_head,FZChuangHJW_DB,u30AB,kana,test,0.9486832981,0.9128709292,True,0.4920212766,169,169,medium
R3_head,FZChuangHJW_DB,u30F3,kana,test,0.632455532,0.5477225575,True,0.4920212766,169,169,medium
R3_head,FZCuanBZBKSJW,u0030,western,test,0.9486832981,0.9128709292,True,0.5403587444,89,89,medium
R3_head,FZCuanBZBKSJW,u0031,western,test,0.316227766,0.1825741858,True,0.5403587444,89,89,medium
R3_head,FZCuanBZBKSJW,u0032,western,test,0.9486832981,0.9128709292,True,0.5403587444,89,89,medium
R3_head,FZCuanBZBKSJW,u0033,western,test,0.9486832981,0.9128709292,True,0.5403587444,89,89,medium
R3_head,FZCuanBZBKSJW,u0034,western,test,0.632455532,0.5477225575,True,0.5403587444,89,89,medium
R3_head,FZCuanBZBKSJW,u0035,western,test,0.9486832981,0.9128709292,True,0.5403587444,89,89,medium
R3_head,FZCuanBZBKSJW,u0036,western,test,0.9486832981,0.9128709292,True,0.5403587444,89,89,medium
R3_head,FZCuanBZBKSJW,u0037,western,test,0.9486832981,0.9128709292,True,0.5403587444,89,89,medium
R3_head,FZCuanBZBKSJW,u0038,western,test,0.9486832981,0.9128709292,True,0.5403587444,89,89,medium
R3_head,FZCuanBZBKSJW,u0039,western,test,0.9486832981,0.9128709292,True,0.5403587444,89,89,medium
R3_head,FZCuanBZBKSJW,u0041,western,test,0.9486832981,0.9128709292,True,0.5403587444,89,89,medium
R3_head,FZCuanBZBKSJW,u0042,western,test,0.9486832981,0.9128709292,True,0.5403587444,89,89,medium
R3_head,FZCuanBZBKSJW,u0043,western,test,0.9486832981,0.9128709292,True,0.5403587444,89,89,medium
R3_head,FZCuanBZBKSJW,u0047,western,test,0.9486832981,0.9128709292,True,0.5403587444,89,89,medium
R3_head,FZCuanBZBKSJW,u004D,western,test,0.9486832981,0.9128709292,True,0.5403587444,89,89,medium
R3_head,FZCuanBZBKSJW,u004F,western,test,0.9486832981,0.9128709292,True,0.5403587444,89,89,medium
R3_head,FZCuanBZBKSJW,u0051,western,test,0.9486832981,0.9128709292,True,0.5403587444,89,89,medium
R3_head,FZCuanBZBKSJW,u0052,western,test,0.9486832981,0.9128709292,True,0.5403587444,89,89,medium
R3_head,FZCuanBZBKSJW,u0057,western,test,0.9486832981,0.9128709292,True,0.5403587444,89,89,medium
R3_head,FZCuanBZBKSJW,u0061,western,test,0.9486832981,0.9128709292,True,0.5403587444,89,89,medium
R3_head,FZCuanBZBKSJW,u0062,western,test,0.9486832981,0.9128709292,True,0.5403587444,89,89,medium
R3_head,FZCuanBZBKSJW,u0063,western,test,0.9486832981,0.9128709292,True,0.5403587444,89,89,medium
R3_head,FZCuanBZBKSJW,u0064,western,test,0.9486832981,0.9128709292,True,0.5403587444,89,89,medium
R3_head,FZCuanBZBKSJW,u0065,western,test,0.9486832981,0.9128709292,True,0.5403587444,89,89,medium
R3_head,FZCuanBZBKSJW,u0067,western,test,0.9486832981,0.9128709292,True,0.5403587444,89,89,medium
R3_head,FZCuanBZBKSJW,u0069,western,test,0.9486832981,0.9128709292,True,0.5403587444,89,89,medium
R3_head,FZCuanBZBKSJW,u006C,western,test,0.9486832981,0.9128709292,True,0.5403587444,89,89,medium
R3_head,FZCuanBZBKSJW,u006E,western,test,0.9486832981,0.9128709292,True,0.5403587444,89,89,medium
R3_head,FZCuanBZBKSJW,u006F,western,test,0.632455532,0.5477225575,True,0.5403587444,89,89,medium
R3_head,FZCuanBZBKSJW,u0070,western,test,0.9486832981,0.9128709292,True,0.5403587444,89,89,medium
R3_head,FZCuanBZBKSJW,u0071,western,test,0.9486832981,0.9128709292,True,0.5403587444,89,89,medium
R3_head,FZCuanBZBKSJW,u0075,western,test,0.316227766,0.1825741858,True,0.5403587444,89,89,medium
R3_head,FZCuanBZBKSJW,u00E0,western,test,0.632455532,0.5477225575,True,0.5403587444,89,89,medium
R3_head,FZCuanBZBKSJW,u00E9,western,test,0.9486832981,0.9128709292,True,0.5403587444,89,89,medium
R3_head,FZCuanBZBKSJW,u00FC,western,test,0.9486832981,0.9128709292,True,0.5403587444,89,89,medium
R3_head,FZCuanBZBKSJW,u0101,western,test,0.9486832981,0.9128709292,True,0.5403587444,89,89,medium
R3_head,FZCuanBZBKSJW,u011B,western,test,0.9486832981,0.9128709292,True,0.5403587444,89,89,medium
R3_head,FZCuanBZBKSJW,u3042,kana,test,0.9486832981,0.9128709292,True,0.5824468085,169,169,medium
R3_head,FZCuanBZBKSJW,u304B,kana,test,0.9486832981,0.9128709292,True,0.5824468085,169,169,medium
R3_head,FZCuanBZBKSJW,u3055,kana,test,0.9486832981,0.9128709292,True,0.5824468085,169,169,medium
R3_head,FZCuanBZBKSJW,u3093,kana,test,0.632455532,0.5477225575,True,0.5824468085,169,169,medium
R3_head,FZCuanBZBKSJW,u30A2,kana,test,0.9486832981,0.9128709292,True,0.5824468085,169,169,medium
R3_head,FZCuanBZBKSJW,u30AB,kana,test,0.9486832981,0.9128709292,True,0.5824468085,169,169,medium
R3_head,FZCuanBZBKSJW,u30F3,kana,test,0.316227766,0.1825741858,True,0.5824468085,169,169,medium
R3_head,FZCuanBZBKSJW,u3105,bopomofo,test,0.632455532,0.5477225575,True,0.5769230769,37,37,hard
R3_head,FZCuanBZBKSJW,u3106,bopomofo,test,0.9486832981,0.9128709292,True,0.5769230769,37,37,hard
R3_head,FZCuanBZBKSJW,u311A,bopomofo,test,0.9486832981,0.9128709292,True,0.5769230769,37,37,hard
R3_head,FZDeSHJW_515H,u0030,western,test,0.9486832981,0.9128709292,True,0.3452914798,89,89,easy
R3_head,FZDeSHJW_515H,u0031,western,test,0.9486832981,0.9128709292,True,0.3452914798,89,89,easy
R3_head,FZDeSHJW_515H,u0032,western,test,0.9486832981,0.9128709292,True,0.3452914798,89,89,easy
R3_head,FZDeSHJW_515H,u0033,western,test,0.9486832981,0.9128709292,True,0.3452914798,89,89,easy
R3_head,FZDeSHJW_515H,u0034,western,test,0.9486832981,0.9128709292,True,0.3452914798,89,89,easy
R3_head,FZDeSHJW_515H,u0035,western,test,0.632455532,0.5477225575,True,0.3452914798,89,89,easy
R3_head,FZDeSHJW_515H,u0036,western,test,0.9486832981,0.9128709292,True,0.3452914798,89,89,easy
R3_head,FZDeSHJW_515H,u0037,western,test,0.9486832981,0.9128709292,True,0.3452914798,89,89,easy
R3_head,FZDeSHJW_515H,u0038,western,test,0.9486832981,0.9128709292,True,0.3452914798,89,89,easy
R3_head,FZDeSHJW_515H,u0039,western,test,0.9486832981,0.9128709292,True,0.3452914798,89,89,easy
R3_head,FZDeSHJW_515H,u0041,western,test,0.9486832981,0.9128709292,True,0.3452914798,89,89,easy
R3_head,FZDeSHJW_515H,u0042,western,test,0.632455532,0.5477225575,True,0.3452914798,89,89,easy
R3_head,FZDeSHJW_515H,u0043,western,test,0.9486832981,0.9128709292,True,0.3452914798,89,89,easy
R3_head,FZDeSHJW_515H,u0047,western,test,0.632455532,0.5477225575,True,0.3452914798,89,89,easy
R3_head,FZDeSHJW_515H,u004D,western,test,0.9486832981,0.9128709292,True,0.3452914798,89,89,easy
R3_head,FZDeSHJW_515H,u004F,western,test,0.9486832981,0.9128709292,True,0.3452914798,89,89,easy
R3_head,FZDeSHJW_515H,u0051,western,test,0.632455532,0.5477225575,True,0.3452914798,89,89,easy
R3_head,FZDeSHJW_515H,u0052,western,test,0.9486832981,0.9128709292,True,0.3452914798,89,89,easy
R3_head,FZDeSHJW_515H,u0057,western,test,0.9486832981,0.9128709292,True,0.3452914798,89,89,easy
R3_head,FZDeSHJW_515H,u0061,western,test,0.9486832981,0.9128709292,True,0.3452914798,89,89,easy
R3_head,FZDeSHJW_515H,u0062,western,test,0.9486832981,0.9128709292,True,0.3452914798,89,89,easy
R3_head,FZDeSHJW_515H,u0063,western,test,0.9486832981,0.9128709292,True,0.3452914798,89,89,easy
R3_head,FZDeSHJW_515H,u0064,western,test,0.9486832981,0.9128709292,True,0.3452914798,89,89,easy
R3_head,FZDeSHJW_515H,u0065,western,test,0.9486832981,0.9128709292,True,0.3452914798,89,89,easy
R3_head,FZDeSHJW_515H,u0067,western,test,0.9486832981,0.9128709292,True,0.3452914798,89,89,easy
R3_head,FZDeSHJW_515H,u0069,western,test,0.9486832981,0.9128709292,True,0.3452914798,89,89,easy
R3_head,FZDeSHJW_515H,u006C,western,test,0.9486832981,0.9128709292,True,0.3452914798,89,89,easy
R3_head,FZDeSHJW_515H,u006E,western,test,0.9486832981,0.9128709292,True,0.3452914798,89,89,easy
R3_head,FZDeSHJW_515H,u006F,western,test,0.9486832981,0.9128709292,True,0.3452914798,89,89,easy
R3_head,FZDeSHJW_515H,u0070,western,test,0.9486832981,0.9128709292,True,0.3452914798,89,89,easy
R3_head,FZDeSHJW_515H,u0071,western,test,0.9486832981,0.9128709292,True,0.3452914798,89,89,easy
R3_head,FZDeSHJW_515H,u0075,western,test,0.9486832981,0.9128709292,True,0.3452914798,89,89,easy
R3_head,FZDeSHJW_515H,u00E0,western,test,0.9486832981,0.9128709292,True,0.3452914798,89,89,easy
R3_head,FZDeSHJW_515H,u00E9,western,test,0.9486832981,0.9128709292,True,0.3452914798,89,89,easy
R3_head,FZDeSHJW_515H,u00FC,western,test,0.9486832981,0.9128709292,True,0.3452914798,89,89,easy
R3_head,FZDeSHJW_515H,u0101,western,test,0.9486832981,0.9128709292,True,0.3452914798,89,89,easy
R3_head,FZDeSHJW_515H,u011B,western,test,0.9486832981,0.9128709292,True,0.3452914798,89,89,easy
R3_head,FZDeSHJW_515H,u3042,kana,test,0.9486832981,0.9128709292,True,0.2553191489,169,169,easy
R3_head,FZDeSHJW_515H,u304B,kana,test,0.316227766,0.1825741858,True,0.2553191489,169,169,easy
R3_head,FZDeSHJW_515H,u3055,kana,test,0.9486832981,0.9128709292,True,0.2553191489,169,169,easy
R3_head,FZDeSHJW_515H,u3093,kana,test,0.9486832981,0.9128709292,True,0.2553191489,169,169,easy
R3_head,FZDeSHJW_515H,u30A2,kana,test,0.9486832981,0.9128709292,True,0.2553191489,169,169,easy
R3_head,FZDeSHJW_515H,u30AB,kana,test,0.9486832981,0.9128709292,True,0.2553191489,169,169,easy
R3_head,FZDeSHJW_515H,u30F3,kana,test,0.9486832981,0.9128709292,True,0.2553191489,169,169,easy
R3_head,FZDouNTJW_Te,u0030,western,test,0.9486832981,0.9128709292,True,0.2847533632,89,89,easy
R3_head,FZDouNTJW_Te,u0031,western,test,0.9486832981,0.9128709292,True,0.2847533632,89,89,easy
R3_head,FZDouNTJW_Te,u0032,western,test,0.9486832981,0.9128709292,True,0.2847533632,89,89,easy
R3_head,FZDouNTJW_Te,u0033,western,test,0.9486832981,0.9128709292,True,0.2847533632,89,89,easy
R3_head,FZDouNTJW_Te,u0034,western,test,0.9486832981,0.9128709292,True,0.2847533632,89,89,easy
R3_head,FZDouNTJW_Te,u0035,western,test,0.9486832981,0.9128709292,True,0.2847533632,89,89,easy
R3_head,FZDouNTJW_Te,u0036,western,test,0.9486832981,0.9128709292,True,0.2847533632,89,89,easy
R3_head,FZDouNTJW_Te,u0037,western,test,0.9486832981,0.9128709292,True,0.2847533632,89,89,easy
R3_head,FZDouNTJW_Te,u0038,western,test,0.9486832981,0.9128709292,True,0.2847533632,89,89,easy
R3_head,FZDouNTJW_Te,u0039,western,test,0.9486832981,0.9128709292,True,0.2847533632,89,89,easy
R3_head,FZDouNTJW_Te,u0041,western,test,0.9486832981,0.9128709292,True,0.2847533632,89,89,easy
R3_head,FZDouNTJW_Te,u0042,western,test,0.9486832981,0.9128709292,True,0.2847533632,89,89,easy
R3_head,FZDouNTJW_Te,u0043,western,test,0.9486832981,0.9128709292,True,0.2847533632,89,89,easy
R3_head,FZDouNTJW_Te,u0047,western,test,0.9486832981,0.9128709292,True,0.2847533632,89,89,easy
R3_head,FZDouNTJW_Te,u004D,western,test,0.9486832981,0.9128709292,True,0.2847533632,89,89,easy
R3_head,FZDouNTJW_Te,u004F,western,test,0.9486832981,0.9128709292,True,0.2847533632,89,89,easy
R3_head,FZDouNTJW_Te,u0051,western,test,0.9486832981,0.9128709292,True,0.2847533632,89,89,easy
R3_head,FZDouNTJW_Te,u0052,western,test,0.9486832981,0.9128709292,True,0.2847533632,89,89,easy
R3_head,FZDouNTJW_Te,u0057,western,test,0.316227766,0.1825741858,True,0.2847533632,89,89,easy
R3_head,FZDouNTJW_Te,u0061,western,test,0.9486832981,0.9128709292,True,0.2847533632,89,89,easy
R3_head,FZDouNTJW_Te,u0062,western,test,0.9486832981,0.9128709292,True,0.2847533632,89,89,easy
R3_head,FZDouNTJW_Te,u0063,western,test,0.9486832981,0.9128709292,True,0.2847533632,89,89,easy
R3_head,FZDouNTJW_Te,u0064,western,test,0.9486832981,0.9128709292,True,0.2847533632,89,89,easy
R3_head,FZDouNTJW_Te,u0065,western,test,0.9486832981,0.9128709292,True,0.2847533632,89,89,easy
R3_head,FZDouNTJW_Te,u0067,western,test,0.9486832981,0.9128709292,True,0.2847533632,89,89,easy
R3_head,FZDouNTJW_Te,u0069,western,test,0.316227766,0.1825741858,True,0.2847533632,89,89,easy
R3_head,FZDouNTJW_Te,u006C,western,test,0.632455532,0.5477225575,True,0.2847533632,89,89,easy
R3_head,FZDouNTJW_Te,u006E,western,test,0.632455532,0.5477225575,True,0.2847533632,89,89,easy
R3_head,FZDouNTJW_Te,u006F,western,test,0.9486832981,0.9128709292,True,0.2847533632,89,89,easy
R3_head,FZDouNTJW_Te,u0070,western,test,0.9486832981,0.9128709292,True,0.2847533632,89,89,easy
R3_head,FZDouNTJW_Te,u0071,western,test,0.9486832981,0.9128709292,True,0.2847533632,89,89,easy
R3_head,FZDouNTJW_Te,u0075,western,test,0.9486832981,0.9128709292,True,0.2847533632,89,89,easy
R3_head,FZDouNTJW_Te,u00E0,western,test,0.9486832981,0.9128709292,True,0.2847533632,89,89,easy
R3_head,FZDouNTJW_Te,u00E9,western,test,0.632455532,0.5477225575,True,0.2847533632,89,89,easy
R3_head,FZDouNTJW_Te,u00FC,western,test,0.9486832981,0.9128709292,True,0.2847533632,89,89,easy
R3_head,FZDouNTJW_Te,u0101,western,test,0.9486832981,0.9128709292,True,0.2847533632,89,89,easy
R3_head,FZDouNTJW_Te,u011B,western,test,0.9486832981,0.9128709292,True,0.2847533632,89,89,easy
R3_head,FZDouNTJW_Te,u3042,kana,test,0.632455532,0.5477225575,True,0.2712765957,169,169,easy
R3_head,FZDouNTJW_Te,u304B,kana,test,0.9486832981,0.9128709292,True,0.2712765957,169,169,easy
R3_head,FZDouNTJW_Te,u3055,kana,test,0.632455532,0.5477225575,True,0.2712765957,169,169,easy
R3_head,FZDouNTJW_Te,u3093,kana,test,0.9486832981,0.9128709292,True,0.2712765957,169,169,easy
R3_head,FZDouNTJW_Te,u30A2,kana,test,0.9486832981,0.9128709292,True,0.2712765957,169,169,easy
R3_head,FZDouNTJW_Te,u30AB,kana,test,0.9486832981,0.9128709292,True,0.2712765957,169,169,easy
R3_head,FZDouNTJW_Te,u30F3,kana,test,0.9486832981,0.9128709292,True,0.2712765957,169,169,easy
R3_head,FZFeiHHJW-H,u0030,western,test,0.9486832981,0.9128709292,True,0.6502242152,89,89,hard
R3_head,FZFeiHHJW-H,u0031,western,test,0.632455532,0.5477225575,True,0.6502242152,89,89,hard
R3_head,FZFeiHHJW-H,u0032,western,test,0.632455532,0.5477225575,True,0.6502242152,89,89,hard
R3_head,FZFeiHHJW-H,u0033,western,test,0.9486832981,0.9128709292,True,0.6502242152,89,89,hard
R3_head,FZFeiHHJW-H,u0034,western,test,0.9486832981,0.9128709292,True,0.6502242152,89,89,hard
R3_head,FZFeiHHJW-H,u0035,western,test,0.632455532,0.5477225575,True,0.6502242152,89,89,hard
R3_head,FZFeiHHJW-H,u0036,western,test,0.9486832981,0.9128709292,True,0.6502242152,89,89,hard
R3_head,FZFeiHHJW-H,u0037,western,test,0.9486832981,0.9128709292,True,0.6502242152,89,89,hard
R3_head,FZFeiHHJW-H,u0038,western,test,0.9486832981,0.9128709292,True,0.6502242152,89,89,hard
R3_head,FZFeiHHJW-H,u0039,western,test,0.9486832981,0.9128709292,True,0.6502242152,89,89,hard
R3_head,FZFeiHHJW-H,u0041,western,test,0.9486832981,0.9128709292,True,0.6502242152,89,89,hard
R3_head,FZFeiHHJW-H,u0042,western,test,0.9486832981,0.9128709292,True,0.6502242152,89,89,hard
R3_head,FZFeiHHJW-H,u0043,western,test,0.9486832981,0.9128709292,True,0.6502242152,89,89,hard
R3_head,FZFeiHHJW-H,u0047,western,test,0.316227766,0.1825741858,True,0.6502242152,89,89,hard
R3_head,FZFeiHHJW-H,u004D,western,test,0.9486832981,0.9128709292,True,0.6502242152,89,89,hard
R3_head,FZFeiHHJW-H,u004F,western,test,0.316227766,0.1825741858,True,0.6502242152,89,89,hard
R3_head,FZFeiHHJW-H,u0051,western,test,0.632455532,0.5477225575,True,0.6502242152,89,89,hard
R3_head,FZFeiHHJW-H,u0052,western,test,0.632455532,0.5477225575,True,0.6502242152,89,89,hard
R3_head,FZFeiHHJW-H,u0057,western,test,0.9486832981,0.9128709292,True,0.6502242152,89,89,hard
R3_head,FZFeiHHJW-H,u0061,western,test,0.9486832981,0.9128709292,True,0.6502242152,89,89,hard
R3_head,FZFeiHHJW-H,u0062,western,test,0.632455532,0.5477225575,True,0.6502242152,89,89,hard
R3_head,FZFeiHHJW-H,u0063,western,test,0.9486832981,0.9128709292,True,0.6502242152,89,89,hard
R3_head,FZFeiHHJW-H,u0064,western,test,0.9486832981,0.9128709292,True,0.6502242152,89,89,hard
R3_head,FZFeiHHJW-H,u0065,western,test,0.9486832981,0.9128709292,True,0.6502242152,89,89,hard
R3_head,FZFeiHHJW-H,u0067,western,test,0.632455532,0.5477225575,True,0.6502242152,89,89,hard
R3_head,FZFeiHHJW-H,u0069,western,test,0.9486832981,0.9128709292,True,0.6502242152,89,89,hard
R3_head,FZFeiHHJW-H,u006C,western,test,0.316227766,0.1825741858,True,0.6502242152,89,89,hard
R3_head,FZFeiHHJW-H,u006E,western,test,0.9486832981,0.9128709292,True,0.6502242152,89,89,hard
R3_head,FZFeiHHJW-H,u006F,western,test,0.9486832981,0.9128709292,True,0.6502242152,89,89,hard
R3_head,FZFeiHHJW-H,u0070,western,test,0.9486832981,0.9128709292,True,0.6502242152,89,89,hard
R3_head,FZFeiHHJW-H,u0071,western,test,0.9486832981,0.9128709292,True,0.6502242152,89,89,hard
R3_head,FZFeiHHJW-H,u0075,western,test,0.316227766,0.1825741858,True,0.6502242152,89,89,hard
R3_head,FZFeiHHJW-H,u00E0,western,test,0.316227766,0.1825741858,True,0.6502242152,89,89,hard
R3_head,FZFeiHHJW-H,u00E9,western,test,0.9486832981,0.9128709292,True,0.6502242152,89,89,hard
R3_head,FZFeiHHJW-H,u00FC,western,test,0.316227766,0.1825741858,True,0.6502242152,89,89,hard
R3_head,FZFeiHHJW-H,u0101,western,test,0.9486832981,0.9128709292,True,0.6502242152,89,89,hard
R3_head,FZFeiHHJW-H,u011B,western,test,0.9486832981,0.9128709292,True,0.6502242152,89,89,hard
R3_head,FZFeiHHJW-H,u3042,kana,test,0.316227766,0.1825741858,True,0.4920212766,169,169,medium
R3_head,FZFeiHHJW-H,u304B,kana,test,0.316227766,0.1825741858,True,0.4920212766,169,169,medium
R3_head,FZFeiHHJW-H,u3055,kana,test,0.316227766,0.1825741858,True,0.4920212766,169,169,medium
R3_head,FZFeiHHJW-H,u3093,kana,test,0.632455532,0.5477225575,True,0.4920212766,169,169,medium
R3_head,FZFeiHHJW-H,u30A2,kana,test,0.632455532,0.5477225575,True,0.4920212766,169,169,medium
R3_head,FZFeiHHJW-H,u30AB,kana,test,0.316227766,0.1825741858,True,0.4920212766,169,169,medium
R3_head,FZFeiHHJW-H,u30F3,kana,test,0.9486832981,0.9128709292,True,0.4920212766,169,169,medium
R3_head,FZFeiHHJW-H,u3105,bopomofo,test,,,False,0.5230769231,37,37,medium
R3_head,FZFeiHHJW-H,u3106,bopomofo,test,,,False,0.5230769231,37,37,medium
R3_head,FZFeiHHJW-H,u311A,bopomofo,test,,,False,0.5230769231,37,37,medium
R3_head,FZFengYKSJ,u0030,western,test,0.9486832981,0.9128709292,True,0.7713004484,89,89,hard
R3_head,FZFengYKSJ,u0031,western,test,0.9486832981,0.9128709292,True,0.7713004484,89,89,hard
R3_head,FZFengYKSJ,u0032,western,test,0.9486832981,0.9128709292,True,0.7713004484,89,89,hard
R3_head,FZFengYKSJ,u0033,western,test,0.9486832981,0.9128709292,True,0.7713004484,89,89,hard
R3_head,FZFengYKSJ,u0034,western,test,0.9486832981,0.9128709292,True,0.7713004484,89,89,hard
R3_head,FZFengYKSJ,u0035,western,test,0.9486832981,0.9128709292,True,0.7713004484,89,89,hard
R3_head,FZFengYKSJ,u0036,western,test,0.9486832981,0.9128709292,True,0.7713004484,89,89,hard
R3_head,FZFengYKSJ,u0037,western,test,0.9486832981,0.9128709292,True,0.7713004484,89,89,hard
R3_head,FZFengYKSJ,u0038,western,test,0.9486832981,0.9128709292,True,0.7713004484,89,89,hard
R3_head,FZFengYKSJ,u0039,western,test,0.9486832981,0.9128709292,True,0.7713004484,89,89,hard
R3_head,FZFengYKSJ,u0041,western,test,0.9486832981,0.9128709292,True,0.7713004484,89,89,hard
R3_head,FZFengYKSJ,u0042,western,test,0.9486832981,0.9128709292,True,0.7713004484,89,89,hard
R3_head,FZFengYKSJ,u0043,western,test,0.632455532,0.5477225575,True,0.7713004484,89,89,hard
R3_head,FZFengYKSJ,u0047,western,test,0.9486832981,0.9128709292,True,0.7713004484,89,89,hard
R3_head,FZFengYKSJ,u004D,western,test,0.9486832981,0.9128709292,True,0.7713004484,89,89,hard
R3_head,FZFengYKSJ,u004F,western,test,0.9486832981,0.9128709292,True,0.7713004484,89,89,hard
R3_head,FZFengYKSJ,u0051,western,test,0.9486832981,0.9128709292,True,0.7713004484,89,89,hard
R3_head,FZFengYKSJ,u0052,western,test,0.9486832981,0.9128709292,True,0.7713004484,89,89,hard
R3_head,FZFengYKSJ,u0057,western,test,0.9486832981,0.9128709292,True,0.7713004484,89,89,hard
R3_head,FZFengYKSJ,u0061,western,test,0.9486832981,0.9128709292,True,0.7713004484,89,89,hard
R3_head,FZFengYKSJ,u0062,western,test,0.9486832981,0.9128709292,True,0.7713004484,89,89,hard
R3_head,FZFengYKSJ,u0063,western,test,0.632455532,0.5477225575,True,0.7713004484,89,89,hard
R3_head,FZFengYKSJ,u0064,western,test,0.9486832981,0.9128709292,True,0.7713004484,89,89,hard
R3_head,FZFengYKSJ,u0065,western,test,0.632455532,0.5477225575,True,0.7713004484,89,89,hard
R3_head,FZFengYKSJ,u0067,western,test,0.9486832981,0.9128709292,True,0.7713004484,89,89,hard
R3_head,FZFengYKSJ,u0069,western,test,0.9486832981,0.9128709292,True,0.7713004484,89,89,hard
R3_head,FZFengYKSJ,u006C,western,test,0.9486832981,0.9128709292,True,0.7713004484,89,89,hard
R3_head,FZFengYKSJ,u006E,western,test,0.9486832981,0.9128709292,True,0.7713004484,89,89,hard
R3_head,FZFengYKSJ,u006F,western,test,0.9486832981,0.9128709292,True,0.7713004484,89,89,hard
R3_head,FZFengYKSJ,u0070,western,test,0.9486832981,0.9128709292,True,0.7713004484,89,89,hard
R3_head,FZFengYKSJ,u0071,western,test,0.632455532,0.5477225575,True,0.7713004484,89,89,hard
R3_head,FZFengYKSJ,u0075,western,test,0.316227766,0.1825741858,True,0.7713004484,89,89,hard
R3_head,FZFengYKSJ,u00E0,western,test,0.632455532,0.5477225575,True,0.7713004484,89,89,hard
R3_head,FZFengYKSJ,u00E9,western,test,0.9486832981,0.9128709292,True,0.7713004484,89,89,hard
R3_head,FZFengYKSJ,u00FC,western,test,0.316227766,0.1825741858,True,0.7713004484,89,89,hard
R3_head,FZFengYKSJ,u0101,western,test,0.9486832981,0.9128709292,True,0.7713004484,89,89,hard
R3_head,FZFengYKSJ,u011B,western,test,0.9486832981,0.9128709292,True,0.7713004484,89,89,hard
R3_head,FZFengYKSJ,u3042,kana,test,0.9486832981,0.9128709292,True,0.7845744681,169,169,hard
R3_head,FZFengYKSJ,u304B,kana,test,0.9486832981,0.9128709292,True,0.7845744681,169,169,hard
R3_head,FZFengYKSJ,u3055,kana,test,0.9486832981,0.9128709292,True,0.7845744681,169,169,hard
R3_head,FZFengYKSJ,u3093,kana,test,0.9486832981,0.9128709292,True,0.7845744681,169,169,hard
R3_head,FZFengYKSJ,u30A2,kana,test,0.9486832981,0.9128709292,True,0.7845744681,169,169,hard
R3_head,FZFengYKSJ,u30AB,kana,test,0.9486832981,0.9128709292,True,0.7845744681,169,169,hard
R3_head,FZFengYKSJ,u30F3,kana,test,0.9486832981,0.9128709292,True,0.7845744681,169,169,hard
R3_head,FZHanWZKJW,u0030,western,test,0.9486832981,0.9128709292,True,0.5852017937,89,89,hard
R3_head,FZHanWZKJW,u0031,western,test,0.9486832981,0.9128709292,True,0.5852017937,89,89,hard
R3_head,FZHanWZKJW,u0032,western,test,0.9486832981,0.9128709292,True,0.5852017937,89,89,hard
R3_head,FZHanWZKJW,u0033,western,test,0.9486832981,0.9128709292,True,0.5852017937,89,89,hard
R3_head,FZHanWZKJW,u0034,western,test,0.9486832981,0.9128709292,True,0.5852017937,89,89,hard
R3_head,FZHanWZKJW,u0035,western,test,0.9486832981,0.9128709292,True,0.5852017937,89,89,hard
R3_head,FZHanWZKJW,u0036,western,test,0.9486832981,0.9128709292,True,0.5852017937,89,89,hard
R3_head,FZHanWZKJW,u0037,western,test,0.632455532,0.5477225575,True,0.5852017937,89,89,hard
R3_head,FZHanWZKJW,u0038,western,test,0.9486832981,0.9128709292,True,0.5852017937,89,89,hard
R3_head,FZHanWZKJW,u0039,western,test,0.9486832981,0.9128709292,True,0.5852017937,89,89,hard
R3_head,FZHanWZKJW,u0041,western,test,0.9486832981,0.9128709292,True,0.5852017937,89,89,hard
R3_head,FZHanWZKJW,u0042,western,test,0.9486832981,0.9128709292,True,0.5852017937,89,89,hard
R3_head,FZHanWZKJW,u0043,western,test,0.9486832981,0.9128709292,True,0.5852017937,89,89,hard
R3_head,FZHanWZKJW,u0047,western,test,0.9486832981,0.9128709292,True,0.5852017937,89,89,hard
R3_head,FZHanWZKJW,u004D,western,test,0.9486832981,0.9128709292,True,0.5852017937,89,89,hard
R3_head,FZHanWZKJW,u004F,western,test,0.9486832981,0.9128709292,True,0.5852017937,89,89,hard
R3_head,FZHanWZKJW,u0051,western,test,0.632455532,0.5477225575,True,0.5852017937,89,89,hard
R3_head,FZHanWZKJW,u0052,western,test,0.632455532,0.5477225575,True,0.5852017937,89,89,hard
R3_head,FZHanWZKJW,u0057,western,test,0.9486832981,0.9128709292,True,0.5852017937,89,89,hard
R3_head,FZHanWZKJW,u0061,western,test,0.9486832981,0.9128709292,True,0.5852017937,89,89,hard
R3_head,FZHanWZKJW,u0062,western,test,0.9486832981,0.9128709292,True,0.5852017937,89,89,hard
R3_head,FZHanWZKJW,u0063,western,test,0.9486832981,0.9128709292,True,0.5852017937,89,89,hard
R3_head,FZHanWZKJW,u0064,western,test,0.9486832981,0.9128709292,True,0.5852017937,89,89,hard
R3_head,FZHanWZKJW,u0065,western,test,0.9486832981,0.9128709292,True,0.5852017937,89,89,hard
R3_head,FZHanWZKJW,u0067,western,test,0.9486832981,0.9128709292,True,0.5852017937,89,89,hard
R3_head,FZHanWZKJW,u0069,western,test,0.9486832981,0.9128709292,True,0.5852017937,89,89,hard
R3_head,FZHanWZKJW,u006C,western,test,0.9486832981,0.9128709292,True,0.5852017937,89,89,hard
R3_head,FZHanWZKJW,u006E,western,test,0.9486832981,0.9128709292,True,0.5852017937,89,89,hard
R3_head,FZHanWZKJW,u006F,western,test,0.632455532,0.5477225575,True,0.5852017937,89,89,hard
R3_head,FZHanWZKJW,u0070,western,test,0.316227766,0.1825741858,True,0.5852017937,89,89,hard
R3_head,FZHanWZKJW,u0071,western,test,0.9486832981,0.9128709292,True,0.5852017937,89,89,hard
R3_head,FZHanWZKJW,u0075,western,test,0.9486832981,0.9128709292,True,0.5852017937,89,89,hard
R3_head,FZHanWZKJW,u00E0,western,test,0.632455532,0.5477225575,True,0.5852017937,89,89,hard
R3_head,FZHanWZKJW,u00E9,western,test,0.9486832981,0.9128709292,True,0.5852017937,89,89,hard
R3_head,FZHanWZKJW,u00FC,western,test,0.9486832981,0.9128709292,True,0.5852017937,89,89,hard
R3_head,FZHanWZKJW,u0101,western,test,0.9486832981,0.9128709292,True,0.5852017937,89,89,hard
R3_head,FZHanWZKJW,u011B,western,test,0.9486832981,0.9128709292,True,0.5852017937,89,89,hard
R3_head,FZHanWZKJW,u3042,kana,test,0.9486832981,0.9128709292,True,0.7074468085,169,169,hard
R3_head,FZHanWZKJW,u304B,kana,test,0.9486832981,0.9128709292,True,0.7074468085,169,169,hard
R3_head,FZHanWZKJW,u3055,kana,test,0.9486832981,0.9128709292,True,0.7074468085,169,169,hard
R3_head,FZHanWZKJW,u3093,kana,test,0.9486832981,0.9128709292,True,0.7074468085,169,169,hard
R3_head,FZHanWZKJW,u30A2,kana,test,0.9486832981,0.9128709292,True,0.7074468085,169,169,hard
R3_head,FZHanWZKJW,u30AB,kana,test,0.9486832981,0.9128709292,True,0.7074468085,169,169,hard
R3_head,FZHanWZKJW,u30F3,kana,test,0.9486832981,0.9128709292,True,0.7074468085,169,169,hard
R3_head,FZHanWZKJW,u3105,bopomofo,test,0.9486832981,0.9128709292,True,0.65,37,37,hard
R3_head,FZHanWZKJW,u3106,bopomofo,test,0.9486832981,0.9128709292,True,0.65,37,37,hard
R3_head,FZHanWZKJW,u311A,bopomofo,test,0.9486832981,0.9128709292,True,0.65,37,37,hard
R3_head,FZHuoYYJW-T,u0030,western,test,0.9486832981,0.9128709292,True,0.8587443946,89,89,hard
R3_head,FZHuoYYJW-T,u0031,western,test,0.9486832981,0.9128709292,True,0.8587443946,89,89,hard
R3_head,FZHuoYYJW-T,u0032,western,test,0.9486832981,0.9128709292,True,0.8587443946,89,89,hard
R3_head,FZHuoYYJW-T,u0033,western,test,0.9486832981,0.9128709292,True,0.8587443946,89,89,hard
R3_head,FZHuoYYJW-T,u0034,western,test,0.9486832981,0.9128709292,True,0.8587443946,89,89,hard
R3_head,FZHuoYYJW-T,u0035,western,test,0.9486832981,0.9128709292,True,0.8587443946,89,89,hard
R3_head,FZHuoYYJW-T,u0036,western,test,0.9486832981,0.9128709292,True,0.8587443946,89,89,hard
R3_head,FZHuoYYJW-T,u0037,western,test,0.9486832981,0.9128709292,True,0.8587443946,89,89,hard
R3_head,FZHuoYYJW-T,u0038,western,test,0.9486832981,0.9128709292,True,0.8587443946,89,89,hard
R3_head,FZHuoYYJW-T,u0039,western,test,0.9486832981,0.9128709292,True,0.8587443946,89,89,hard
R3_head,FZHuoYYJW-T,u0041,western,test,0.9486832981,0.9128709292,True,0.8587443946,89,89,hard
R3_head,FZHuoYYJW-T,u0042,western,test,0.9486832981,0.9128709292,True,0.8587443946,89,89,hard
R3_head,FZHuoYYJW-T,u0043,western,test,0.9486832981,0.9128709292,True,0.8587443946,89,89,hard
R3_head,FZHuoYYJW-T,u0047,western,test,0.9486832981,0.9128709292,True,0.8587443946,89,89,hard
R3_head,FZHuoYYJW-T,u004D,western,test,0.9486832981,0.9128709292,True,0.8587443946,89,89,hard
R3_head,FZHuoYYJW-T,u004F,western,test,0.9486832981,0.9128709292,True,0.8587443946,89,89,hard
R3_head,FZHuoYYJW-T,u0051,western,test,0.9486832981,0.9128709292,True,0.8587443946,89,89,hard
R3_head,FZHuoYYJW-T,u0052,western,test,0.9486832981,0.9128709292,True,0.8587443946,89,89,hard
R3_head,FZHuoYYJW-T,u0057,western,test,0.9486832981,0.9128709292,True,0.8587443946,89,89,hard
R3_head,FZHuoYYJW-T,u0061,western,test,0.9486832981,0.9128709292,True,0.8587443946,89,89,hard
R3_head,FZHuoYYJW-T,u0062,western,test,0.632455532,0.5477225575,True,0.8587443946,89,89,hard
R3_head,FZHuoYYJW-T,u0063,western,test,0.9486832981,0.9128709292,True,0.8587443946,89,89,hard
R3_head,FZHuoYYJW-T,u0064,western,test,0.9486832981,0.9128709292,True,0.8587443946,89,89,hard
R3_head,FZHuoYYJW-T,u0065,western,test,0.9486832981,0.9128709292,True,0.8587443946,89,89,hard
R3_head,FZHuoYYJW-T,u0067,western,test,0.9486832981,0.9128709292,True,0.8587443946,89,89,hard
R3_head,FZHuoYYJW-T,u0069,western,test,0.9486832981,0.9128709292,True,0.8587443946,89,89,hard
R3_head,FZHuoYYJW-T,u006C,western,test,0.9486832981,0.9128709292,True,0.8587443946,89,89,hard
R3_head,FZHuoYYJW-T,u006E,western,test,0.9486832981,0.9128709292,True,0.8587443946,89,89,hard
R3_head,FZHuoYYJW-T,u006F,western,test,0.9486832981,0.9128709292,True,0.8587443946,89,89,hard
R3_head,FZHuoYYJW-T,u0070,western,test,0.9486832981,0.9128709292,True,0.8587443946,89,89,hard
R3_head,FZHuoYYJW-T,u0071,western,test,0.9486832981,0.9128709292,True,0.8587443946,89,89,hard
R3_head,FZHuoYYJW-T,u0075,western,test,0.9486832981,0.9128709292,True,0.8587443946,89,89,hard
R3_head,FZHuoYYJW-T,u00E0,western,test,0.9486832981,0.9128709292,True,0.8587443946,89,89,hard
R3_head,FZHuoYYJW-T,u00E9,western,test,0.9486832981,0.9128709292,True,0.8587443946,89,89,hard
R3_head,FZHuoYYJW-T,u00FC,western,test,0.9486832981,0.9128709292,True,0.8587443946,89,89,hard
R3_head,FZHuoYYJW-T,u0101,western,test,0.9486832981,0.9128709292,True,0.8587443946,89,89,hard
R3_head,FZHuoYYJW-T,u011B,western,test,0.9486832981,0.9128709292,True,0.8587443946,89,89,hard
R3_head,FZJianLTJW_Te,u0030,western,test,0.316227766,0.1825741858,True,0.2892376682,89,89,easy
R3_head,FZJianLTJW_Te,u0031,western,test,0.632455532,0.5477225575,True,0.2892376682,89,89,easy
R3_head,FZJianLTJW_Te,u0032,western,test,0.9486832981,0.9128709292,True,0.2892376682,89,89,easy
R3_head,FZJianLTJW_Te,u0033,western,test,0.632455532,0.5477225575,True,0.2892376682,89,89,easy
R3_head,FZJianLTJW_Te,u0034,western,test,0.9486832981,0.9128709292,True,0.2892376682,89,89,easy
R3_head,FZJianLTJW_Te,u0035,western,test,0.632455532,0.5477225575,True,0.2892376682,89,89,easy
R3_head,FZJianLTJW_Te,u0036,western,test,0.9486832981,0.9128709292,True,0.2892376682,89,89,easy
R3_head,FZJianLTJW_Te,u0037,western,test,0.9486832981,0.9128709292,True,0.2892376682,89,89,easy
R3_head,FZJianLTJW_Te,u0038,western,test,0.9486832981,0.9128709292,True,0.2892376682,89,89,easy
R3_head,FZJianLTJW_Te,u0039,western,test,0.632455532,0.5477225575,True,0.2892376682,89,89,easy
R3_head,FZJianLTJW_Te,u0041,western,test,0.9486832981,0.9128709292,True,0.2892376682,89,89,easy
R3_head,FZJianLTJW_Te,u0042,western,test,0.632455532,0.5477225575,True,0.2892376682,89,89,easy
R3_head,FZJianLTJW_Te,u0043,western,test,0.632455532,0.5477225575,True,0.2892376682,89,89,easy
R3_head,FZJianLTJW_Te,u0047,western,test,0.632455532,0.5477225575,True,0.2892376682,89,89,easy
R3_head,FZJianLTJW_Te,u004D,western,test,0.9486832981,0.9128709292,True,0.2892376682,89,89,easy
R3_head,FZJianLTJW_Te,u004F,western,test,0.316227766,0.1825741858,True,0.2892376682,89,89,easy
R3_head,FZJianLTJW_Te,u0051,western,test,0.632455532,0.5477225575,True,0.2892376682,89,89,easy
R3_head,FZJianLTJW_Te,u0052,western,test,0.632455532,0.5477225575,True,0.2892376682,89,89,easy
R3_head,FZJianLTJW_Te,u0057,western,test,0.9486832981,0.9128709292,True,0.2892376682,89,89,easy
R3_head,FZJianLTJW_Te,u0061,western,test,0.9486832981,0.9128709292,True,0.2892376682,89,89,easy
R3_head,FZJianLTJW_Te,u0062,western,test,0.9486832981,0.9128709292,True,0.2892376682,89,89,easy
R3_head,FZJianLTJW_Te,u0063,western,test,0.632455532,0.5477225575,True,0.2892376682,89,89,easy
R3_head,FZJianLTJW_Te,u0064,western,test,0.9486832981,0.9128709292,True,0.2892376682,89,89,easy
R3_head,FZJianLTJW_Te,u0065,western,test,0.9486832981,0.9128709292,True,0.2892376682,89,89,easy
R3_head,FZJianLTJW_Te,u0067,western,test,0.9486832981,0.9128709292,True,0.2892376682,89,89,easy
R3_head,FZJianLTJW_Te,u0069,western,test,0.9486832981,0.9128709292,True,0.2892376682,89,89,easy
R3_head,FZJianLTJW_Te,u006C,western,test,0.632455532,0.5477225575,True,0.2892376682,89,89,easy
R3_head,FZJianLTJW_Te,u006E,western,test,0.9486832981,0.9128709292,True,0.2892376682,89,89,easy
R3_head,FZJianLTJW_Te,u006F,western,test,0.632455532,0.5477225575,True,0.2892376682,89,89,easy
R3_head,FZJianLTJW_Te,u0070,western,test,0.632455532,0.5477225575,True,0.2892376682,89,89,easy
R3_head,FZJianLTJW_Te,u0071,western,test,0.632455532,0.5477225575,True,0.2892376682,89,89,easy
R3_head,FZJianLTJW_Te,u0075,western,test,0.632455532,0.5477225575,True,0.2892376682,89,89,easy
R3_head,FZJianLTJW_Te,u00E0,western,test,0.9486832981,0.9128709292,True,0.2892376682,89,89,easy
R3_head,FZJianLTJW_Te,u00E9,western,test,0.632455532,0.5477225575,True,0.2892376682,89,89,easy
R3_head,FZJianLTJW_Te,u00FC,western,test,0.632455532,0.5477225575,True,0.2892376682,89,89,easy
R3_head,FZJianLTJW_Te,u0101,western,test,0.9486832981,0.9128709292,True,0.2892376682,89,89,easy
R3_head,FZJianLTJW_Te,u011B,western,test,0.632455532,0.5477225575,True,0.2892376682,89,89,easy
R3_head,FZJianLTJW_Te,u3042,kana,test,0.9486832981,0.9128709292,True,0.2340425532,169,169,easy
R3_head,FZJianLTJW_Te,u304B,kana,test,0.9486832981,0.9128709292,True,0.2340425532,169,169,easy
R3_head,FZJianLTJW_Te,u3055,kana,test,0.9486832981,0.9128709292,True,0.2340425532,169,169,easy
R3_head,FZJianLTJW_Te,u3093,kana,test,0.9486832981,0.9128709292,True,0.2340425532,169,169,easy
R3_head,FZJianLTJW_Te,u30A2,kana,test,0.9486832981,0.9128709292,True,0.2340425532,169,169,easy
R3_head,FZJianLTJW_Te,u30AB,kana,test,0.9486832981,0.9128709292,True,0.2340425532,169,169,easy
R3_head,FZJianLTJW_Te,u30F3,kana,test,0.9486832981,0.9128709292,True,0.2340425532,169,169,easy
R3_head,FZJingLTJW-H,u0030,western,test,0.9486832981,0.9128709292,True,0.4349775785,89,89,medium
R3_head,FZJingLTJW-H,u0031,western,test,0.9486832981,0.9128709292,True,0.4349775785,89,89,medium
R3_head,FZJingLTJW-H,u0032,western,test,0.9486832981,0.9128709292,True,0.4349775785,89,89,medium
R3_head,FZJingLTJW-H,u0033,western,test,0.9486832981,0.9128709292,True,0.4349775785,89,89,medium
R3_head,FZJingLTJW-H,u0034,western,test,0.9486832981,0.9128709292,True,0.4349775785,89,89,medium
R3_head,FZJingLTJW-H,u0035,western,test,0.9486832981,0.9128709292,True,0.4349775785,89,89,medium
R3_head,FZJingLTJW-H,u0036,western,test,0.9486832981,0.9128709292,True,0.4349775785,89,89,medium
R3_head,FZJingLTJW-H,u0037,western,test,0.9486832981,0.9128709292,True,0.4349775785,89,89,medium
R3_head,FZJingLTJW-H,u0038,western,test,0.9486832981,0.9128709292,True,0.4349775785,89,89,medium
R3_head,FZJingLTJW-H,u0039,western,test,0.9486832981,0.9128709292,True,0.4349775785,89,89,medium
R3_head,FZJingLTJW-H,u0041,western,test,0.9486832981,0.9128709292,True,0.4349775785,89,89,medium
R3_head,FZJingLTJW-H,u0042,western,test,0.9486832981,0.9128709292,True,0.4349775785,89,89,medium
R3_head,FZJingLTJW-H,u0043,western,test,0.9486832981,0.9128709292,True,0.4349775785,89,89,medium
R3_head,FZJingLTJW-H,u0047,western,test,0.9486832981,0.9128709292,True,0.4349775785,89,89,medium
R3_head,FZJingLTJW-H,u004D,western,test,0.9486832981,0.9128709292,True,0.4349775785,89,89,medium
R3_head,FZJingLTJW-H,u004F,western,test,0.9486832981,0.9128709292,True,0.4349775785,89,89,medium
R3_head,FZJingLTJW-H,u0051,western,test,0.9486832981,0.9128709292,True,0.4349775785,89,89,medium
R3_head,FZJingLTJW-H,u0052,western,test,0.9486832981,0.9128709292,True,0.4349775785,89,89,medium
R3_head,FZJingLTJW-H,u0057,western,test,0.9486832981,0.9128709292,True,0.4349775785,89,89,medium
R3_head,FZJingLTJW-H,u0061,western,test,0.9486832981,0.9128709292,True,0.4349775785,89,89,medium
R3_head,FZJingLTJW-H,u0062,western,test,0.9486832981,0.9128709292,True,0.4349775785,89,89,medium
R3_head,FZJingLTJW-H,u0063,western,test,0.9486832981,0.9128709292,True,0.4349775785,89,89,medium
R3_head,FZJingLTJW-H,u0064,western,test,0.9486832981,0.9128709292,True,0.4349775785,89,89,medium
R3_head,FZJingLTJW-H,u0065,western,test,0.9486832981,0.9128709292,True,0.4349775785,89,89,medium
R3_head,FZJingLTJW-H,u0067,western,test,0.9486832981,0.9128709292,True,0.4349775785,89,89,medium
R3_head,FZJingLTJW-H,u0069,western,test,0.9486832981,0.9128709292,True,0.4349775785,89,89,medium
R3_head,FZJingLTJW-H,u006C,western,test,0.9486832981,0.9128709292,True,0.4349775785,89,89,medium
R3_head,FZJingLTJW-H,u006E,western,test,0.9486832981,0.9128709292,True,0.4349775785,89,89,medium
R3_head,FZJingLTJW-H,u006F,western,test,0.9486832981,0.9128709292,True,0.4349775785,89,89,medium
R3_head,FZJingLTJW-H,u0070,western,test,0.9486832981,0.9128709292,True,0.4349775785,89,89,medium
R3_head,FZJingLTJW-H,u0071,western,test,0.9486832981,0.9128709292,True,0.4349775785,89,89,medium
R3_head,FZJingLTJW-H,u0075,western,test,0.9486832981,0.9128709292,True,0.4349775785,89,89,medium
R3_head,FZJingLTJW-H,u00E0,western,test,0.9486832981,0.9128709292,True,0.4349775785,89,89,medium
R3_head,FZJingLTJW-H,u00E9,western,test,0.9486832981,0.9128709292,True,0.4349775785,89,89,medium
R3_head,FZJingLTJW-H,u00FC,western,test,0.9486832981,0.9128709292,True,0.4349775785,89,89,medium
R3_head,FZJingLTJW-H,u0101,western,test,0.9486832981,0.9128709292,True,0.4349775785,89,89,medium
R3_head,FZJingLTJW-H,u011B,western,test,0.9486832981,0.9128709292,True,0.4349775785,89,89,medium
R3_head,FZJingLTJW-H,u3042,kana,test,0.9486832981,0.9128709292,True,0.3510638298,169,169,easy
R3_head,FZJingLTJW-H,u304B,kana,test,0.9486832981,0.9128709292,True,0.3510638298,169,169,easy
R3_head,FZJingLTJW-H,u3055,kana,test,0.9486832981,0.9128709292,True,0.3510638298,169,169,easy
R3_head,FZJingLTJW-H,u3093,kana,test,0.9486832981,0.9128709292,True,0.3510638298,169,169,easy
R3_head,FZJingLTJW-H,u30A2,kana,test,0.9486832981,0.9128709292,True,0.3510638298,169,169,easy
R3_head,FZJingLTJW-H,u30AB,kana,test,0.9486832981,0.9128709292,True,0.3510638298,169,169,easy
R3_head,FZJingLTJW-H,u30F3,kana,test,0.9486832981,0.9128709292,True,0.3510638298,169,169,easy
R3_head,FZJingLTJW-H,u3105,bopomofo,test,0.9486832981,0.9128709292,True,0.3615384615,37,37,easy
R3_head,FZJingLTJW-H,u3106,bopomofo,test,0.9486832981,0.9128709292,True,0.3615384615,37,37,easy
R3_head,FZJingLTJW-H,u311A,bopomofo,test,0.9486832981,0.9128709292,True,0.3615384615,37,37,easy
R3_head,FZJingYLLTJW,u0030,western,test,0.9486832981,0.9128709292,True,0.4304932735,89,89,medium
R3_head,FZJingYLLTJW,u0031,western,test,0.316227766,0.1825741858,True,0.4304932735,89,89,medium
R3_head,FZJingYLLTJW,u0032,western,test,0.632455532,0.5477225575,True,0.4304932735,89,89,medium
R3_head,FZJingYLLTJW,u0033,western,test,0.9486832981,0.9128709292,True,0.4304932735,89,89,medium
R3_head,FZJingYLLTJW,u0034,western,test,0.9486832981,0.9128709292,True,0.4304932735,89,89,medium
R3_head,FZJingYLLTJW,u0035,western,test,0.9486832981,0.9128709292,True,0.4304932735,89,89,medium
R3_head,FZJingYLLTJW,u0036,western,test,0.632455532,0.5477225575,True,0.4304932735,89,89,medium
R3_head,FZJingYLLTJW,u0037,western,test,0.632455532,0.5477225575,True,0.4304932735,89,89,medium
R3_head,FZJingYLLTJW,u0038,western,test,0.9486832981,0.9128709292,True,0.4304932735,89,89,medium
R3_head,FZJingYLLTJW,u0039,western,test,0.9486832981,0.9128709292,True,0.4304932735,89,89,medium
R3_head,FZJingYLLTJW,u0041,western,test,0.9486832981,0.9128709292,True,0.4304932735,89,89,medium
R3_head,FZJingYLLTJW,u0042,western,test,0.316227766,0.1825741858,True,0.4304932735,89,89,medium
R3_head,FZJingYLLTJW,u0043,western,test,0.316227766,0.1825741858,True,0.4304932735,89,89,medium
R3_head,FZJingYLLTJW,u0047,western,test,0.9486832981,0.9128709292,True,0.4304932735,89,89,medium
R3_head,FZJingYLLTJW,u004D,western,test,0.9486832981,0.9128709292,True,0.4304932735,89,89,medium
R3_head,FZJingYLLTJW,u004F,western,test,0.9486832981,0.9128709292,True,0.4304932735,89,89,medium
R3_head,FZJingYLLTJW,u0051,western,test,0.316227766,0.1825741858,True,0.4304932735,89,89,medium
R3_head,FZJingYLLTJW,u0052,western,test,0.9486832981,0.9128709292,True,0.4304932735,89,89,medium
R3_head,FZJingYLLTJW,u0057,western,test,0.632455532,0.5477225575,True,0.4304932735,89,89,medium
R3_head,FZJingYLLTJW,u0061,western,test,0.9486832981,0.9128709292,True,0.4304932735,89,89,medium
R3_head,FZJingYLLTJW,u0062,western,test,0.9486832981,0.9128709292,True,0.4304932735,89,89,medium
R3_head,FZJingYLLTJW,u0063,western,test,0.9486832981,0.9128709292,True,0.4304932735,89,89,medium
R3_head,FZJingYLLTJW,u0064,western,test,0.9486832981,0.9128709292,True,0.4304932735,89,89,medium
R3_head,FZJingYLLTJW,u0065,western,test,0.9486832981,0.9128709292,True,0.4304932735,89,89,medium
R3_head,FZJingYLLTJW,u0067,western,test,0.9486832981,0.9128709292,True,0.4304932735,89,89,medium
R3_head,FZJingYLLTJW,u0069,western,test,0.9486832981,0.9128709292,True,0.4304932735,89,89,medium
R3_head,FZJingYLLTJW,u006C,western,test,0.632455532,0.5477225575,True,0.4304932735,89,89,medium
R3_head,FZJingYLLTJW,u006E,western,test,0.632455532,0.5477225575,True,0.4304932735,89,89,medium
R3_head,FZJingYLLTJW,u006F,western,test,0.632455532,0.5477225575,True,0.4304932735,89,89,medium
R3_head,FZJingYLLTJW,u0070,western,test,0.632455532,0.5477225575,True,0.4304932735,89,89,medium
R3_head,FZJingYLLTJW,u0071,western,test,0.9486832981,0.9128709292,True,0.4304932735,89,89,medium
R3_head,FZJingYLLTJW,u0075,western,test,0.9486832981,0.9128709292,True,0.4304932735,89,89,medium
R3_head,FZJingYLLTJW,u00E0,western,test,0.632455532,0.5477225575,True,0.4304932735,89,89,medium
R3_head,FZJingYLLTJW,u00E9,western,test,0.9486832981,0.9128709292,True,0.4304932735,89,89,medium
R3_head,FZJingYLLTJW,u00FC,western,test,0.9486832981,0.9128709292,True,0.4304932735,89,89,medium
R3_head,FZJingYLLTJW,u0101,western,test,0.9486832981,0.9128709292,True,0.4304932735,89,89,medium
R3_head,FZJingYLLTJW,u011B,western,test,0.9486832981,0.9128709292,True,0.4304932735,89,89,medium
R3_head,FZLingFKSJW-B,u0030,western,test,0.9486832981,0.9128709292,True,0.634529148,89,89,hard
R3_head,FZLingFKSJW-B,u0031,western,test,0.9486832981,0.9128709292,True,0.634529148,89,89,hard
R3_head,FZLingFKSJW-B,u0032,western,test,0.9486832981,0.9128709292,True,0.634529148,89,89,hard
R3_head,FZLingFKSJW-B,u0033,western,test,0.9486832981,0.9128709292,True,0.634529148,89,89,hard
R3_head,FZLingFKSJW-B,u0034,western,test,0.9486832981,0.9128709292,True,0.634529148,89,89,hard
R3_head,FZLingFKSJW-B,u0035,western,test,0.9486832981,0.9128709292,True,0.634529148,89,89,hard
R3_head,FZLingFKSJW-B,u0036,western,test,0.9486832981,0.9128709292,True,0.634529148,89,89,hard
R3_head,FZLingFKSJW-B,u0037,western,test,0.9486832981,0.9128709292,True,0.634529148,89,89,hard
R3_head,FZLingFKSJW-B,u0038,western,test,0.9486832981,0.9128709292,True,0.634529148,89,89,hard
R3_head,FZLingFKSJW-B,u0039,western,test,0.9486832981,0.9128709292,True,0.634529148,89,89,hard
R3_head,FZLingFKSJW-B,u0041,western,test,0.9486832981,0.9128709292,True,0.634529148,89,89,hard
R3_head,FZLingFKSJW-B,u0042,western,test,0.316227766,0.1825741858,True,0.634529148,89,89,hard
R3_head,FZLingFKSJW-B,u0043,western,test,0.632455532,0.5477225575,True,0.634529148,89,89,hard
R3_head,FZLingFKSJW-B,u0047,western,test,0.9486832981,0.9128709292,True,0.634529148,89,89,hard
R3_head,FZLingFKSJW-B,u004D,western,test,0.9486832981,0.9128709292,True,0.634529148,89,89,hard
R3_head,FZLingFKSJW-B,u004F,western,test,0.9486832981,0.9128709292,True,0.634529148,89,89,hard
R3_head,FZLingFKSJW-B,u0051,western,test,0.316227766,0.1825741858,True,0.634529148,89,89,hard
R3_head,FZLingFKSJW-B,u0052,western,test,0.9486832981,0.9128709292,True,0.634529148,89,89,hard
R3_head,FZLingFKSJW-B,u0057,western,test,0.9486832981,0.9128709292,True,0.634529148,89,89,hard
R3_head,FZLingFKSJW-B,u0061,western,test,0.9486832981,0.9128709292,True,0.634529148,89,89,hard
R3_head,FZLingFKSJW-B,u0062,western,test,0.9486832981,0.9128709292,True,0.634529148,89,89,hard
R3_head,FZLingFKSJW-B,u0063,western,test,0.9486832981,0.9128709292,True,0.634529148,89,89,hard
R3_head,FZLingFKSJW-B,u0064,western,test,0.9486832981,0.9128709292,True,0.634529148,89,89,hard
R3_head,FZLingFKSJW-B,u0065,western,test,0.316227766,0.1825741858,True,0.634529148,89,89,hard
R3_head,FZLingFKSJW-B,u0067,western,test,0.316227766,0.1825741858,True,0.634529148,89,89,hard
R3_head,FZLingFKSJW-B,u0069,western,test,0.9486832981,0.9128709292,True,0.634529148,89,89,hard
R3_head,FZLingFKSJW-B,u006C,western,test,0.9486832981,0.9128709292,True,0.634529148,89,89,hard
R3_head,FZLingFKSJW-B,u006E,western,test,0.632455532,0.5477225575,True,0.634529148,89,89,hard
R3_head,FZLingFKSJW-B,u006F,western,test,0.316227766,0.1825741858,True,0.634529148,89,89,hard
R3_head,FZLingFKSJW-B,u0070,western,test,0.9486832981,0.9128709292,True,0.634529148,89,89,hard
R3_head,FZLingFKSJW-B,u0071,western,test,0.316227766,0.1825741858,True,0.634529148,89,89,hard
R3_head,FZLingFKSJW-B,u0075,western,test,0.9486832981,0.9128709292,True,0.634529148,89,89,hard
R3_head,FZLingFKSJW-B,u00E0,western,test,0.632455532,0.5477225575,True,0.634529148,89,89,hard
R3_head,FZLingFKSJW-B,u00E9,western,test,0.316227766,0.1825741858,True,0.634529148,89,89,hard
R3_head,FZLingFKSJW-B,u00FC,western,test,0.316227766,0.1825741858,True,0.634529148,89,89,hard
R3_head,FZLingFKSJW-B,u0101,western,test,0.9486832981,0.9128709292,True,0.634529148,89,89,hard
R3_head,FZLingFKSJW-B,u011B,western,test,0.316227766,0.1825741858,True,0.634529148,89,89,hard
R3_head,FZLingFKSJW-B,u3042,kana,test,0.632455532,0.5477225575,True,0.5531914894,169,169,medium
R3_head,FZLingFKSJW-B,u304B,kana,test,0.632455532,0.5477225575,True,0.5531914894,169,169,medium
R3_head,FZLingFKSJW-B,u3055,kana,test,0.9486832981,0.9128709292,True,0.5531914894,169,169,medium
R3_head,FZLingFKSJW-B,u3093,kana,test,0.9486832981,0.9128709292,True,0.5531914894,169,169,medium
R3_head,FZLingFKSJW-B,u30A2,kana,test,0.9486832981,0.9128709292,True,0.5531914894,169,169,medium
R3_head,FZLingFKSJW-B,u30AB,kana,test,0.9486832981,0.9128709292,True,0.5531914894,169,169,medium
R3_head,FZLingFKSJW-B,u30F3,kana,test,0.9486832981,0.9128709292,True,0.5531914894,169,169,medium
R3_head,FZLingFKSJW-B,u3105,bopomofo,test,0.316227766,0.1825741858,True,0.5192307692,37,37,medium
R3_head,FZLingFKSJW-B,u3106,bopomofo,test,0.632455532,0.5477225575,True,0.5192307692,37,37,medium
R3_head,FZLingFKSJW-B,u311A,bopomofo,test,0.9486832981,0.9128709292,True,0.5192307692,37,37,medium
R3_head,FZLiuGQKJW-L,u0030,western,test,0.9486832981,0.9128709292,True,0.7264573991,89,89,hard
R3_head,FZLiuGQKJW-L,u0031,western,test,0.316227766,0.1825741858,True,0.7264573991,89,89,hard
R3_head,FZLiuGQKJW-L,u0032,western,test,0.9486832981,0.9128709292,True,0.7264573991,89,89,hard
R3_head,FZLiuGQKJW-L,u0033,western,test,0.9486832981,0.9128709292,True,0.7264573991,89,89,hard
R3_head,FZLiuGQKJW-L,u0034,western,test,0.316227766,0.1825741858,True,0.7264573991,89,89,hard
R3_head,FZLiuGQKJW-L,u0035,western,test,0.9486832981,0.9128709292,True,0.7264573991,89,89,hard
R3_head,FZLiuGQKJW-L,u0036,western,test,0.632455532,0.5477225575,True,0.7264573991,89,89,hard
R3_head,FZLiuGQKJW-L,u0037,western,test,0.9486832981,0.9128709292,True,0.7264573991,89,89,hard
R3_head,FZLiuGQKJW-L,u0038,western,test,0.9486832981,0.9128709292,True,0.7264573991,89,89,hard
R3_head,FZLiuGQKJW-L,u0039,western,test,0.9486832981,0.9128709292,True,0.7264573991,89,89,hard
R3_head,FZLiuGQKJW-L,u0041,western,test,0.9486832981,0.9128709292,True,0.7264573991,89,89,hard
R3_head,FZLiuGQKJW-L,u0042,western,test,0.9486832981,0.9128709292,True,0.7264573991,89,89,hard
R3_head,FZLiuGQKJW-L,u0043,western,test,0.9486832981,0.9128709292,True,0.7264573991,89,89,hard
R3_head,FZLiuGQKJW-L,u0047,western,test,0.9486832981,0.9128709292,True,0.7264573991,89,89,hard
R3_head,FZLiuGQKJW-L,u004D,western,test,0.9486832981,0.9128709292,True,0.7264573991,89,89,hard
R3_head,FZLiuGQKJW-L,u004F,western,test,0.9486832981,0.9128709292,True,0.7264573991,89,89,hard
R3_head,FZLiuGQKJW-L,u0051,western,test,0.9486832981,0.9128709292,True,0.7264573991,89,89,hard
R3_head,FZLiuGQKJW-L,u0052,western,test,0.9486832981,0.9128709292,True,0.7264573991,89,89,hard
R3_head,FZLiuGQKJW-L,u0057,western,test,0.9486832981,0.9128709292,True,0.7264573991,89,89,hard
R3_head,FZLiuGQKJW-L,u0061,western,test,0.9486832981,0.9128709292,True,0.7264573991,89,89,hard
R3_head,FZLiuGQKJW-L,u0062,western,test,0.632455532,0.5477225575,True,0.7264573991,89,89,hard
R3_head,FZLiuGQKJW-L,u0063,western,test,0.9486832981,0.9128709292,True,0.7264573991,89,89,hard
R3_head,FZLiuGQKJW-L,u0064,western,test,0.9486832981,0.9128709292,True,0.7264573991,89,89,hard
R3_head,FZLiuGQKJW-L,u0065,western,test,0.632455532,0.5477225575,True,0.7264573991,89,89,hard
R3_head,FZLiuGQKJW-L,u0067,western,test,0.9486832981,0.9128709292,True,0.7264573991,89,89,hard
R3_head,FZLiuGQKJW-L,u0069,western,test,0.9486832981,0.9128709292,True,0.7264573991,89,89,hard
R3_head,FZLiuGQKJW-L,u006C,western,test,0.9486832981,0.9128709292,True,0.7264573991,89,89,hard
R3_head,FZLiuGQKJW-L,u006E,western,test,0.316227766,0.1825741858,True,0.7264573991,89,89,hard
R3_head,FZLiuGQKJW-L,u006F,western,test,0.9486832981,0.9128709292,True,0.7264573991,89,89,hard
R3_head,FZLiuGQKJW-L,u0070,western,test,0.9486832981,0.9128709292,True,0.7264573991,89,89,hard
R3_head,FZLiuGQKJW-L,u0071,western,test,0.9486832981,0.9128709292,True,0.7264573991,89,89,hard
R3_head,FZLiuGQKJW-L,u0075,western,test,0.9486832981,0.9128709292,True,0.7264573991,89,89,hard
R3_head,FZLiuGQKJW-L,u00E0,western,test,0.9486832981,0.9128709292,True,0.7264573991,89,89,hard
R3_head,FZLiuGQKJW-L,u00E9,western,test,0.9486832981,0.9128709292,True,0.7264573991,89,89,hard
R3_head,FZLiuGQKJW-L,u00FC,western,test,0.9486832981,0.9128709292,True,0.7264573991,89,89,hard
R3_head,FZLiuGQKJW-L,u0101,western,test,0.9486832981,0.9128709292,True,0.7264573991,89,89,hard
R3_head,FZLiuGQKJW-L,u011B,western,test,0.9486832981,0.9128709292,True,0.7264573991,89,89,hard
R3_head,FZLiuGQKJW-L,u3042,kana,test,0.9486832981,0.9128709292,True,0.7473404255,169,169,hard
R3_head,FZLiuGQKJW-L,u304B,kana,test,0.9486832981,0.9128709292,True,0.7473404255,169,169,hard
R3_head,FZLiuGQKJW-L,u3055,kana,test,0.632455532,0.5477225575,True,0.7473404255,169,169,hard
R3_head,FZLiuGQKJW-L,u3093,kana,test,0.316227766,0.1825741858,True,0.7473404255,169,169,hard
R3_head,FZLiuGQKJW-L,u30A2,kana,test,0.9486832981,0.9128709292,True,0.7473404255,169,169,hard
R3_head,FZLiuGQKJW-L,u30AB,kana,test,0.9486832981,0.9128709292,True,0.7473404255,169,169,hard
R3_head,FZLiuGQKJW-L,u30F3,kana,test,0.9486832981,0.9128709292,True,0.7473404255,169,169,hard
R3_head,FZMaWDBSJW,u0030,western,test,0.9486832981,0.9128709292,True,0.5448430493,89,89,medium
R3_head,FZMaWDBSJW,u0031,western,test,0.9486832981,0.9128709292,True,0.5448430493,89,89,medium
R3_head,FZMaWDBSJW,u0032,western,test,0.9486832981,0.9128709292,True,0.5448430493,89,89,medium
R3_head,FZMaWDBSJW,u0033,western,test,0.9486832981,0.9128709292,True,0.5448430493,89,89,medium
R3_head,FZMaWDBSJW,u0034,western,test,0.9486832981,0.9128709292,True,0.5448430493,89,89,medium
R3_head,FZMaWDBSJW,u0035,western,test,0.9486832981,0.9128709292,True,0.5448430493,89,89,medium
R3_head,FZMaWDBSJW,u0036,western,test,0.9486832981,0.9128709292,True,0.5448430493,89,89,medium
R3_head,FZMaWDBSJW,u0037,western,test,0.9486832981,0.9128709292,True,0.5448430493,89,89,medium
R3_head,FZMaWDBSJW,u0038,western,test,0.9486832981,0.9128709292,True,0.5448430493,89,89,medium
R3_head,FZMaWDBSJW,u0039,western,test,0.9486832981,0.9128709292,True,0.5448430493,89,89,medium
R3_head,FZMaWDBSJW,u0041,western,test,0.9486832981,0.9128709292,True,0.5448430493,89,89,medium
R3_head,FZMaWDBSJW,u0042,western,test,0.9486832981,0.9128709292,True,0.5448430493,89,89,medium
R3_head,FZMaWDBSJW,u0043,western,test,0.9486832981,0.9128709292,True,0.5448430493,89,89,medium
R3_head,FZMaWDBSJW,u0047,western,test,0.9486832981,0.9128709292,True,0.5448430493,89,89,medium
R3_head,FZMaWDBSJW,u004D,western,test,0.9486832981,0.9128709292,True,0.5448430493,89,89,medium
R3_head,FZMaWDBSJW,u004F,western,test,0.9486832981,0.9128709292,True,0.5448430493,89,89,medium
R3_head,FZMaWDBSJW,u0051,western,test,0.9486832981,0.9128709292,True,0.5448430493,89,89,medium
R3_head,FZMaWDBSJW,u0052,western,test,0.9486832981,0.9128709292,True,0.5448430493,89,89,medium
R3_head,FZMaWDBSJW,u0057,western,test,0.9486832981,0.9128709292,True,0.5448430493,89,89,medium
R3_head,FZMaWDBSJW,u0061,western,test,0.9486832981,0.9128709292,True,0.5448430493,89,89,medium
R3_head,FZMaWDBSJW,u0062,western,test,0.9486832981,0.9128709292,True,0.5448430493,89,89,medium
R3_head,FZMaWDBSJW,u0063,western,test,0.9486832981,0.9128709292,True,0.5448430493,89,89,medium
R3_head,FZMaWDBSJW,u0064,western,test,0.9486832981,0.9128709292,True,0.5448430493,89,89,medium
R3_head,FZMaWDBSJW,u0065,western,test,0.9486832981,0.9128709292,True,0.5448430493,89,89,medium
R3_head,FZMaWDBSJW,u0067,western,test,0.9486832981,0.9128709292,True,0.5448430493,89,89,medium
R3_head,FZMaWDBSJW,u0069,western,test,0.9486832981,0.9128709292,True,0.5448430493,89,89,medium
R3_head,FZMaWDBSJW,u006C,western,test,0.9486832981,0.9128709292,True,0.5448430493,89,89,medium
R3_head,FZMaWDBSJW,u006E,western,test,0.9486832981,0.9128709292,True,0.5448430493,89,89,medium
R3_head,FZMaWDBSJW,u006F,western,test,0.9486832981,0.9128709292,True,0.5448430493,89,89,medium
R3_head,FZMaWDBSJW,u0070,western,test,0.9486832981,0.9128709292,True,0.5448430493,89,89,medium
R3_head,FZMaWDBSJW,u0071,western,test,0.9486832981,0.9128709292,True,0.5448430493,89,89,medium
R3_head,FZMaWDBSJW,u0075,western,test,0.9486832981,0.9128709292,True,0.5448430493,89,89,medium
R3_head,FZMaWDBSJW,u00E0,western,test,0.9486832981,0.9128709292,True,0.5448430493,89,89,medium
R3_head,FZMaWDBSJW,u00E9,western,test,0.9486832981,0.9128709292,True,0.5448430493,89,89,medium
R3_head,FZMaWDBSJW,u00FC,western,test,0.9486832981,0.9128709292,True,0.5448430493,89,89,medium
R3_head,FZMaWDBSJW,u0101,western,test,0.9486832981,0.9128709292,True,0.5448430493,89,89,medium
R3_head,FZMaWDBSJW,u011B,western,test,0.9486832981,0.9128709292,True,0.5448430493,89,89,medium
R3_head,FZMaWDBSJW,u3042,kana,test,0.9486832981,0.9128709292,True,0.5079787234,169,169,medium
R3_head,FZMaWDBSJW,u304B,kana,test,0.9486832981,0.9128709292,True,0.5079787234,169,169,medium
R3_head,FZMaWDBSJW,u3055,kana,test,0.9486832981,0.9128709292,True,0.5079787234,169,169,medium
R3_head,FZMaWDBSJW,u3093,kana,test,0.9486832981,0.9128709292,True,0.5079787234,169,169,medium
R3_head,FZMaWDBSJW,u30A2,kana,test,0.316227766,0.1825741858,True,0.5079787234,169,169,medium
R3_head,FZMaWDBSJW,u30AB,kana,test,0.9486832981,0.9128709292,True,0.5079787234,169,169,medium
R3_head,FZMaWDBSJW,u30F3,kana,test,0.9486832981,0.9128709292,True,0.5079787234,169,169,medium
R3_head,FZMaWDBSJW,u3105,bopomofo,test,,,False,0.4884615385,37,37,medium
R3_head,FZMaWDBSJW,u3106,bopomofo,test,,,False,0.4884615385,37,37,medium
R3_head,FZMaWDBSJW,u311A,bopomofo,test,,,False,0.4884615385,37,37,medium
R3_head,FZTJLSJW,u0030,western,test,0.9486832981,0.9128709292,True,0.8004484305,89,89,hard
R3_head,FZTJLSJW,u0031,western,test,0.9486832981,0.9128709292,True,0.8004484305,89,89,hard
R3_head,FZTJLSJW,u0032,western,test,0.9486832981,0.9128709292,True,0.8004484305,89,89,hard
R3_head,FZTJLSJW,u0033,western,test,0.9486832981,0.9128709292,True,0.8004484305,89,89,hard
R3_head,FZTJLSJW,u0034,western,test,0.9486832981,0.9128709292,True,0.8004484305,89,89,hard
R3_head,FZTJLSJW,u0035,western,test,0.9486832981,0.9128709292,True,0.8004484305,89,89,hard
R3_head,FZTJLSJW,u0036,western,test,0.9486832981,0.9128709292,True,0.8004484305,89,89,hard
R3_head,FZTJLSJW,u0037,western,test,0.9486832981,0.9128709292,True,0.8004484305,89,89,hard
R3_head,FZTJLSJW,u0038,western,test,0.9486832981,0.9128709292,True,0.8004484305,89,89,hard
R3_head,FZTJLSJW,u0039,western,test,0.9486832981,0.9128709292,True,0.8004484305,89,89,hard
R3_head,FZTJLSJW,u0041,western,test,0.9486832981,0.9128709292,True,0.8004484305,89,89,hard
R3_head,FZTJLSJW,u0042,western,test,0.9486832981,0.9128709292,True,0.8004484305,89,89,hard
R3_head,FZTJLSJW,u0043,western,test,0.9486832981,0.9128709292,True,0.8004484305,89,89,hard
R3_head,FZTJLSJW,u0047,western,test,0.9486832981,0.9128709292,True,0.8004484305,89,89,hard
R3_head,FZTJLSJW,u004D,western,test,0.9486832981,0.9128709292,True,0.8004484305,89,89,hard
R3_head,FZTJLSJW,u004F,western,test,0.9486832981,0.9128709292,True,0.8004484305,89,89,hard
R3_head,FZTJLSJW,u0051,western,test,0.9486832981,0.9128709292,True,0.8004484305,89,89,hard
R3_head,FZTJLSJW,u0052,western,test,0.9486832981,0.9128709292,True,0.8004484305,89,89,hard
R3_head,FZTJLSJW,u0057,western,test,0.9486832981,0.9128709292,True,0.8004484305,89,89,hard
R3_head,FZTJLSJW,u0061,western,test,0.632455532,0.5477225575,True,0.8004484305,89,89,hard
R3_head,FZTJLSJW,u0062,western,test,0.9486832981,0.9128709292,True,0.8004484305,89,89,hard
R3_head,FZTJLSJW,u0063,western,test,0.9486832981,0.9128709292,True,0.8004484305,89,89,hard
R3_head,FZTJLSJW,u0064,western,test,0.9486832981,0.9128709292,True,0.8004484305,89,89,hard
R3_head,FZTJLSJW,u0065,western,test,0.9486832981,0.9128709292,True,0.8004484305,89,89,hard
R3_head,FZTJLSJW,u0067,western,test,0.9486832981,0.9128709292,True,0.8004484305,89,89,hard
R3_head,FZTJLSJW,u0069,western,test,0.9486832981,0.9128709292,True,0.8004484305,89,89,hard
R3_head,FZTJLSJW,u006C,western,test,0.9486832981,0.9128709292,True,0.8004484305,89,89,hard
R3_head,FZTJLSJW,u006E,western,test,0.9486832981,0.9128709292,True,0.8004484305,89,89,hard
R3_head,FZTJLSJW,u006F,western,test,0.9486832981,0.9128709292,True,0.8004484305,89,89,hard
R3_head,FZTJLSJW,u0070,western,test,0.9486832981,0.9128709292,True,0.8004484305,89,89,hard
R3_head,FZTJLSJW,u0071,western,test,0.9486832981,0.9128709292,True,0.8004484305,89,89,hard
R3_head,FZTJLSJW,u0075,western,test,0.9486832981,0.9128709292,True,0.8004484305,89,89,hard
R3_head,FZTJLSJW,u00E0,western,test,0.9486832981,0.9128709292,True,0.8004484305,89,89,hard
R3_head,FZTJLSJW,u00E9,western,test,0.9486832981,0.9128709292,True,0.8004484305,89,89,hard
R3_head,FZTJLSJW,u00FC,western,test,0.9486832981,0.9128709292,True,0.8004484305,89,89,hard
R3_head,FZTJLSJW,u0101,western,test,0.9486832981,0.9128709292,True,0.8004484305,89,89,hard
R3_head,FZTJLSJW,u011B,western,test,0.9486832981,0.9128709292,True,0.8004484305,89,89,hard
v1_cosine,FZBuGTJW,u0030,western,test,0.9486832981,0.9128709292,True,0.5,89,89,medium
v1_cosine,FZBuGTJW,u0031,western,test,0.316227766,0.1825741858,True,0.5,89,89,medium
v1_cosine,FZBuGTJW,u0032,western,test,0.316227766,0.1825741858,True,0.5,89,89,medium
v1_cosine,FZBuGTJW,u0033,western,test,0.9486832981,0.9128709292,True,0.5,89,89,medium
v1_cosine,FZBuGTJW,u0034,western,test,0.9486832981,0.9128709292,True,0.5,89,89,medium
v1_cosine,FZBuGTJW,u0035,western,test,0.632455532,0.5477225575,True,0.5,89,89,medium
v1_cosine,FZBuGTJW,u0036,western,test,0.9486832981,0.9128709292,True,0.5,89,89,medium
v1_cosine,FZBuGTJW,u0037,western,test,0.9486832981,0.9128709292,True,0.5,89,89,medium
v1_cosine,FZBuGTJW,u0038,western,test,0.632455532,0.5477225575,True,0.5,89,89,medium
v1_cosine,FZBuGTJW,u0039,western,test,0.9486832981,0.9128709292,True,0.5,89,89,medium
v1_cosine,FZBuGTJW,u0041,western,test,0.9486832981,0.9128709292,True,0.5,89,89,medium
v1_cosine,FZBuGTJW,u0042,western,test,0.9486832981,0.9128709292,True,0.5,89,89,medium
v1_cosine,FZBuGTJW,u0043,western,test,0.9486832981,0.9128709292,True,0.5,89,89,medium
v1_cosine,FZBuGTJW,u0047,western,test,0.9486832981,0.9128709292,True,0.5,89,89,medium
v1_cosine,FZBuGTJW,u004D,western,test,0.9486832981,0.9128709292,True,0.5,89,89,medium
v1_cosine,FZBuGTJW,u004F,western,test,0.9486832981,0.9128709292,True,0.5,89,89,medium
v1_cosine,FZBuGTJW,u0051,western,test,0.9486832981,0.9128709292,True,0.5,89,89,medium
v1_cosine,FZBuGTJW,u0052,western,test,0.9486832981,0.9128709292,True,0.5,89,89,medium
v1_cosine,FZBuGTJW,u0057,western,test,0.632455532,0.5477225575,True,0.5,89,89,medium
v1_cosine,FZBuGTJW,u0061,western,test,0.9486832981,0.9128709292,True,0.5,89,89,medium
v1_cosine,FZBuGTJW,u0062,western,test,0.7378647874,0.5477225575,True,0.5,89,89,medium
v1_cosine,FZBuGTJW,u0063,western,test,0.9486832981,0.9128709292,True,0.5,89,89,medium
v1_cosine,FZBuGTJW,u0064,western,test,0.9486832981,0.9128709292,True,0.5,89,89,medium
v1_cosine,FZBuGTJW,u0065,western,test,0.9486832981,0.9128709292,True,0.5,89,89,medium
v1_cosine,FZBuGTJW,u0067,western,test,0.9486832981,0.9128709292,True,0.5,89,89,medium
v1_cosine,FZBuGTJW,u0069,western,test,0.9486832981,0.9128709292,True,0.5,89,89,medium
v1_cosine,FZBuGTJW,u006C,western,test,0.7378647874,0.5477225575,True,0.5,89,89,medium
v1_cosine,FZBuGTJW,u006E,western,test,0.632455532,0.5477225575,True,0.5,89,89,medium
v1_cosine,FZBuGTJW,u006F,western,test,0.9486832981,0.9128709292,True,0.5,89,89,medium
v1_cosine,FZBuGTJW,u0070,western,test,0.9486832981,0.9128709292,True,0.5,89,89,medium
v1_cosine,FZBuGTJW,u0071,western,test,0.9486832981,0.9128709292,True,0.5,89,89,medium
v1_cosine,FZBuGTJW,u0075,western,test,0.316227766,0.1825741858,True,0.5,89,89,medium
v1_cosine,FZBuGTJW,u00E0,western,test,0.7378647874,0.5477225575,True,0.5,89,89,medium
v1_cosine,FZBuGTJW,u00E9,western,test,0.9486832981,0.9128709292,True,0.5,89,89,medium
v1_cosine,FZBuGTJW,u00FC,western,test,0.9486832981,0.9128709292,True,0.5,89,89,medium
v1_cosine,FZBuGTJW,u0101,western,test,0.9486832981,0.9128709292,True,0.5,89,89,medium
v1_cosine,FZBuGTJW,u011B,western,test,0.9486832981,0.9128709292,True,0.5,89,89,medium
v1_cosine,FZBuGTJW,u3042,kana,test,0.632455532,0.5477225575,True,0.545212766,169,169,medium
v1_cosine,FZBuGTJW,u304B,kana,test,0.9486832981,0.9128709292,True,0.545212766,169,169,medium
v1_cosine,FZBuGTJW,u3055,kana,test,0.9486832981,0.9128709292,True,0.545212766,169,169,medium
v1_cosine,FZBuGTJW,u3093,kana,test,0.9486832981,0.9128709292,True,0.545212766,169,169,medium
v1_cosine,FZBuGTJW,u30A2,kana,test,0.9486832981,0.9128709292,True,0.545212766,169,169,medium
v1_cosine,FZBuGTJW,u30AB,kana,test,0.632455532,0.5477225575,True,0.545212766,169,169,medium
v1_cosine,FZBuGTJW,u30F3,kana,test,0.9486832981,0.9128709292,True,0.545212766,169,169,medium
v1_cosine,FZBuGTJW,u3105,bopomofo,test,0.9486832981,0.9128709292,True,0.4961538462,37,37,medium
v1_cosine,FZBuGTJW,u3106,bopomofo,test,0.632455532,0.5477225575,True,0.4961538462,37,37,medium
v1_cosine,FZBuGTJW,u311A,bopomofo,test,0.9486832981,0.9128709292,True,0.4961538462,37,37,medium
v1_cosine,FZChuangHJW_DB,u0030,western,test,0.632455532,0.5477225575,True,0.6031390135,89,89,hard
v1_cosine,FZChuangHJW_DB,u0031,western,test,0.9486832981,0.9128709292,True,0.6031390135,89,89,hard
v1_cosine,FZChuangHJW_DB,u0032,western,test,0.9486832981,0.9128709292,True,0.6031390135,89,89,hard
v1_cosine,FZChuangHJW_DB,u0033,western,test,0.9486832981,0.9128709292,True,0.6031390135,89,89,hard
v1_cosine,FZChuangHJW_DB,u0034,western,test,0.9486832981,0.9128709292,True,0.6031390135,89,89,hard
v1_cosine,FZChuangHJW_DB,u0035,western,test,0.9486832981,0.9128709292,True,0.6031390135,89,89,hard
v1_cosine,FZChuangHJW_DB,u0036,western,test,0.9486832981,0.9128709292,True,0.6031390135,89,89,hard
v1_cosine,FZChuangHJW_DB,u0037,western,test,0.9486832981,0.9128709292,True,0.6031390135,89,89,hard
v1_cosine,FZChuangHJW_DB,u0038,western,test,0.9486832981,0.9128709292,True,0.6031390135,89,89,hard
v1_cosine,FZChuangHJW_DB,u0039,western,test,0.9486832981,0.9128709292,True,0.6031390135,89,89,hard
v1_cosine,FZChuangHJW_DB,u0041,western,test,0.9486832981,0.9128709292,True,0.6031390135,89,89,hard
v1_cosine,FZChuangHJW_DB,u0042,western,test,0.9486832981,0.9128709292,True,0.6031390135,89,89,hard
v1_cosine,FZChuangHJW_DB,u0043,western,test,0.9486832981,0.9128709292,True,0.6031390135,89,89,hard
v1_cosine,FZChuangHJW_DB,u0047,western,test,0.9486832981,0.9128709292,True,0.6031390135,89,89,hard
v1_cosine,FZChuangHJW_DB,u004D,western,test,0.9486832981,0.9128709292,True,0.6031390135,89,89,hard
v1_cosine,FZChuangHJW_DB,u004F,western,test,0.9486832981,0.9128709292,True,0.6031390135,89,89,hard
v1_cosine,FZChuangHJW_DB,u0051,western,test,0.9486832981,0.9128709292,True,0.6031390135,89,89,hard
v1_cosine,FZChuangHJW_DB,u0052,western,test,0.632455532,0.5477225575,True,0.6031390135,89,89,hard
v1_cosine,FZChuangHJW_DB,u0057,western,test,0.9486832981,0.9128709292,True,0.6031390135,89,89,hard
v1_cosine,FZChuangHJW_DB,u0061,western,test,0.9486832981,0.9128709292,True,0.6031390135,89,89,hard
v1_cosine,FZChuangHJW_DB,u0062,western,test,0.9486832981,0.9128709292,True,0.6031390135,89,89,hard
v1_cosine,FZChuangHJW_DB,u0063,western,test,0.9486832981,0.9128709292,True,0.6031390135,89,89,hard
v1_cosine,FZChuangHJW_DB,u0064,western,test,0.9486832981,0.9128709292,True,0.6031390135,89,89,hard
v1_cosine,FZChuangHJW_DB,u0065,western,test,0.316227766,0.1825741858,True,0.6031390135,89,89,hard
v1_cosine,FZChuangHJW_DB,u0067,western,test,0.9486832981,0.9128709292,True,0.6031390135,89,89,hard
v1_cosine,FZChuangHJW_DB,u0069,western,test,0.9486832981,0.9128709292,True,0.6031390135,89,89,hard
v1_cosine,FZChuangHJW_DB,u006C,western,test,0.9486832981,0.9128709292,True,0.6031390135,89,89,hard
v1_cosine,FZChuangHJW_DB,u006E,western,test,0.9486832981,0.9128709292,True,0.6031390135,89,89,hard
v1_cosine,FZChuangHJW_DB,u006F,western,test,0.632455532,0.5477225575,True,0.6031390135,89,89,hard
v1_cosine,FZChuangHJW_DB,u0070,western,test,0.9486832981,0.9128709292,True,0.6031390135,89,89,hard
v1_cosine,FZChuangHJW_DB,u0071,western,test,0.9486832981,0.9128709292,True,0.6031390135,89,89,hard
v1_cosine,FZChuangHJW_DB,u0075,western,test,0.9486832981,0.9128709292,True,0.6031390135,89,89,hard
v1_cosine,FZChuangHJW_DB,u00E0,western,test,0.9486832981,0.9128709292,True,0.6031390135,89,89,hard
v1_cosine,FZChuangHJW_DB,u00E9,western,test,0.632455532,0.5477225575,True,0.6031390135,89,89,hard
v1_cosine,FZChuangHJW_DB,u00FC,western,test,0.9486832981,0.9128709292,True,0.6031390135,89,89,hard
v1_cosine,FZChuangHJW_DB,u0101,western,test,0.9486832981,0.9128709292,True,0.6031390135,89,89,hard
v1_cosine,FZChuangHJW_DB,u011B,western,test,0.9486832981,0.9128709292,True,0.6031390135,89,89,hard
v1_cosine,FZChuangHJW_DB,u3042,kana,test,0.9486832981,0.9128709292,True,0.4920212766,169,169,medium
v1_cosine,FZChuangHJW_DB,u304B,kana,test,0.9486832981,0.9128709292,True,0.4920212766,169,169,medium
v1_cosine,FZChuangHJW_DB,u3055,kana,test,0.9486832981,0.9128709292,True,0.4920212766,169,169,medium
v1_cosine,FZChuangHJW_DB,u3093,kana,test,0.9486832981,0.9128709292,True,0.4920212766,169,169,medium
v1_cosine,FZChuangHJW_DB,u30A2,kana,test,0.9486832981,0.9128709292,True,0.4920212766,169,169,medium
v1_cosine,FZChuangHJW_DB,u30AB,kana,test,0.9486832981,0.9128709292,True,0.4920212766,169,169,medium
v1_cosine,FZChuangHJW_DB,u30F3,kana,test,0.632455532,0.5477225575,True,0.4920212766,169,169,medium
v1_cosine,FZCuanBZBKSJW,u0030,western,test,0.9486832981,0.9128709292,True,0.5403587444,89,89,medium
v1_cosine,FZCuanBZBKSJW,u0031,western,test,0.316227766,0.1825741858,True,0.5403587444,89,89,medium
v1_cosine,FZCuanBZBKSJW,u0032,western,test,0.9486832981,0.9128709292,True,0.5403587444,89,89,medium
v1_cosine,FZCuanBZBKSJW,u0033,western,test,0.7378647874,0.5477225575,True,0.5403587444,89,89,medium
v1_cosine,FZCuanBZBKSJW,u0034,western,test,0.316227766,0.1825741858,True,0.5403587444,89,89,medium
v1_cosine,FZCuanBZBKSJW,u0035,western,test,0.7378647874,0.5477225575,True,0.5403587444,89,89,medium
v1_cosine,FZCuanBZBKSJW,u0036,western,test,0.632455532,0.5477225575,True,0.5403587444,89,89,medium
v1_cosine,FZCuanBZBKSJW,u0037,western,test,0.9486832981,0.9128709292,True,0.5403587444,89,89,medium
v1_cosine,FZCuanBZBKSJW,u0038,western,test,0.9486832981,0.9128709292,True,0.5403587444,89,89,medium
v1_cosine,FZCuanBZBKSJW,u0039,western,test,0.9486832981,0.9128709292,True,0.5403587444,89,89,medium
v1_cosine,FZCuanBZBKSJW,u0041,western,test,0.9486832981,0.9128709292,True,0.5403587444,89,89,medium
v1_cosine,FZCuanBZBKSJW,u0042,western,test,0.9486832981,0.9128709292,True,0.5403587444,89,89,medium
v1_cosine,FZCuanBZBKSJW,u0043,western,test,0.9486832981,0.9128709292,True,0.5403587444,89,89,medium
v1_cosine,FZCuanBZBKSJW,u0047,western,test,0.632455532,0.5477225575,True,0.5403587444,89,89,medium
v1_cosine,FZCuanBZBKSJW,u004D,western,test,0.7378647874,0.5477225575,True,0.5403587444,89,89,medium
v1_cosine,FZCuanBZBKSJW,u004F,western,test,0.632455532,0.5477225575,True,0.5403587444,89,89,medium
v1_cosine,FZCuanBZBKSJW,u0051,western,test,0.632455532,0.5477225575,True,0.5403587444,89,89,medium
v1_cosine,FZCuanBZBKSJW,u0052,western,test,0.9486832981,0.9128709292,True,0.5403587444,89,89,medium
v1_cosine,FZCuanBZBKSJW,u0057,western,test,0.9486832981,0.9128709292,True,0.5403587444,89,89,medium
v1_cosine,FZCuanBZBKSJW,u0061,western,test,0.9486832981,0.9128709292,True,0.5403587444,89,89,medium
v1_cosine,FZCuanBZBKSJW,u0062,western,test,0.316227766,0.1825741858,True,0.5403587444,89,89,medium
v1_cosine,FZCuanBZBKSJW,u0063,western,test,0.9486832981,0.9128709292,True,0.5403587444,89,89,medium
v1_cosine,FZCuanBZBKSJW,u0064,western,test,0.9486832981,0.9128709292,True,0.5403587444,89,89,medium
v1_cosine,FZCuanBZBKSJW,u0065,western,test,0.7378647874,0.5477225575,True,0.5403587444,89,89,medium
v1_cosine,FZCuanBZBKSJW,u0067,western,test,0.632455532,0.5477225575,True,0.5403587444,89,89,medium
v1_cosine,FZCuanBZBKSJW,u0069,western,test,0.632455532,0.5477225575,True,0.5403587444,89,89,medium
v1_cosine,FZCuanBZBKSJW,u006C,western,test,0.632455532,0.5477225575,True,0.5403587444,89,89,medium
v1_cosine,FZCuanBZBKSJW,u006E,western,test,0.316227766,0.1825741858,True,0.5403587444,89,89,medium
v1_cosine,FZCuanBZBKSJW,u006F,western,test,0.316227766,0.1825741858,True,0.5403587444,89,89,medium
v1_cosine,FZCuanBZBKSJW,u0070,western,test,0.632455532,0.5477225575,True,0.5403587444,89,89,medium
v1_cosine,FZCuanBZBKSJW,u0071,western,test,0.632455532,0.5477225575,True,0.5403587444,89,89,medium
v1_cosine,FZCuanBZBKSJW,u0075,western,test,0.316227766,0.1825741858,True,0.5403587444,89,89,medium
v1_cosine,FZCuanBZBKSJW,u00E0,western,test,0.316227766,0.1825741858,True,0.5403587444,89,89,medium
v1_cosine,FZCuanBZBKSJW,u00E9,western,test,0.9486832981,0.9128709292,True,0.5403587444,89,89,medium
v1_cosine,FZCuanBZBKSJW,u00FC,western,test,0.9486832981,0.9128709292,True,0.5403587444,89,89,medium
v1_cosine,FZCuanBZBKSJW,u0101,western,test,0.9486832981,0.9128709292,True,0.5403587444,89,89,medium
v1_cosine,FZCuanBZBKSJW,u011B,western,test,0.9486832981,0.9128709292,True,0.5403587444,89,89,medium
v1_cosine,FZCuanBZBKSJW,u3042,kana,test,0.9486832981,0.9128709292,True,0.5824468085,169,169,medium
v1_cosine,FZCuanBZBKSJW,u304B,kana,test,0.632455532,0.5477225575,True,0.5824468085,169,169,medium
v1_cosine,FZCuanBZBKSJW,u3055,kana,test,0.9486832981,0.9128709292,True,0.5824468085,169,169,medium
v1_cosine,FZCuanBZBKSJW,u3093,kana,test,0.9486832981,0.9128709292,True,0.5824468085,169,169,medium
v1_cosine,FZCuanBZBKSJW,u30A2,kana,test,0.9486832981,0.9128709292,True,0.5824468085,169,169,medium
v1_cosine,FZCuanBZBKSJW,u30AB,kana,test,0.9486832981,0.9128709292,True,0.5824468085,169,169,medium
v1_cosine,FZCuanBZBKSJW,u30F3,kana,test,0.632455532,0.5477225575,True,0.5824468085,169,169,medium
v1_cosine,FZCuanBZBKSJW,u3105,bopomofo,test,0.316227766,0.1825741858,True,0.5769230769,37,37,hard
v1_cosine,FZCuanBZBKSJW,u3106,bopomofo,test,0.9486832981,0.9128709292,True,0.5769230769,37,37,hard
v1_cosine,FZCuanBZBKSJW,u311A,bopomofo,test,0.9486832981,0.9128709292,True,0.5769230769,37,37,hard
v1_cosine,FZDeSHJW_515H,u0030,western,test,0.9486832981,0.9128709292,True,0.3452914798,89,89,easy
v1_cosine,FZDeSHJW_515H,u0031,western,test,0.9486832981,0.9128709292,True,0.3452914798,89,89,easy
v1_cosine,FZDeSHJW_515H,u0032,western,test,0.9486832981,0.9128709292,True,0.3452914798,89,89,easy
v1_cosine,FZDeSHJW_515H,u0033,western,test,0.9486832981,0.9128709292,True,0.3452914798,89,89,easy
v1_cosine,FZDeSHJW_515H,u0034,western,test,0.9486832981,0.9128709292,True,0.3452914798,89,89,easy
v1_cosine,FZDeSHJW_515H,u0035,western,test,0.9486832981,0.9128709292,True,0.3452914798,89,89,easy
v1_cosine,FZDeSHJW_515H,u0036,western,test,0.9486832981,0.9128709292,True,0.3452914798,89,89,easy
v1_cosine,FZDeSHJW_515H,u0037,western,test,0.9486832981,0.9128709292,True,0.3452914798,89,89,easy
v1_cosine,FZDeSHJW_515H,u0038,western,test,0.9486832981,0.9128709292,True,0.3452914798,89,89,easy
v1_cosine,FZDeSHJW_515H,u0039,western,test,0.9486832981,0.9128709292,True,0.3452914798,89,89,easy
v1_cosine,FZDeSHJW_515H,u0041,western,test,0.9486832981,0.9128709292,True,0.3452914798,89,89,easy
v1_cosine,FZDeSHJW_515H,u0042,western,test,0.632455532,0.5477225575,True,0.3452914798,89,89,easy
v1_cosine,FZDeSHJW_515H,u0043,western,test,0.9486832981,0.9128709292,True,0.3452914798,89,89,easy
v1_cosine,FZDeSHJW_515H,u0047,western,test,0.632455532,0.5477225575,True,0.3452914798,89,89,easy
v1_cosine,FZDeSHJW_515H,u004D,western,test,0.9486832981,0.9128709292,True,0.3452914798,89,89,easy
v1_cosine,FZDeSHJW_515H,u004F,western,test,0.9486832981,0.9128709292,True,0.3452914798,89,89,easy
v1_cosine,FZDeSHJW_515H,u0051,western,test,0.9486832981,0.9128709292,True,0.3452914798,89,89,easy
v1_cosine,FZDeSHJW_515H,u0052,western,test,0.9486832981,0.9128709292,True,0.3452914798,89,89,easy
v1_cosine,FZDeSHJW_515H,u0057,western,test,0.9486832981,0.9128709292,True,0.3452914798,89,89,easy
v1_cosine,FZDeSHJW_515H,u0061,western,test,0.9486832981,0.9128709292,True,0.3452914798,89,89,easy
v1_cosine,FZDeSHJW_515H,u0062,western,test,0.9486832981,0.9128709292,True,0.3452914798,89,89,easy
v1_cosine,FZDeSHJW_515H,u0063,western,test,0.9486832981,0.9128709292,True,0.3452914798,89,89,easy
v1_cosine,FZDeSHJW_515H,u0064,western,test,0.632455532,0.5477225575,True,0.3452914798,89,89,easy
v1_cosine,FZDeSHJW_515H,u0065,western,test,0.9486832981,0.9128709292,True,0.3452914798,89,89,easy
v1_cosine,FZDeSHJW_515H,u0067,western,test,0.9486832981,0.9128709292,True,0.3452914798,89,89,easy
v1_cosine,FZDeSHJW_515H,u0069,western,test,0.9486832981,0.9128709292,True,0.3452914798,89,89,easy
v1_cosine,FZDeSHJW_515H,u006C,western,test,0.9486832981,0.9128709292,True,0.3452914798,89,89,easy
v1_cosine,FZDeSHJW_515H,u006E,western,test,0.9486832981,0.9128709292,True,0.3452914798,89,89,easy
v1_cosine,FZDeSHJW_515H,u006F,western,test,0.9486832981,0.9128709292,True,0.3452914798,89,89,easy
v1_cosine,FZDeSHJW_515H,u0070,western,test,0.9486832981,0.9128709292,True,0.3452914798,89,89,easy
v1_cosine,FZDeSHJW_515H,u0071,western,test,0.9486832981,0.9128709292,True,0.3452914798,89,89,easy
v1_cosine,FZDeSHJW_515H,u0075,western,test,0.9486832981,0.9128709292,True,0.3452914798,89,89,easy
v1_cosine,FZDeSHJW_515H,u00E0,western,test,0.9486832981,0.9128709292,True,0.3452914798,89,89,easy
v1_cosine,FZDeSHJW_515H,u00E9,western,test,0.9486832981,0.9128709292,True,0.3452914798,89,89,easy
v1_cosine,FZDeSHJW_515H,u00FC,western,test,0.9486832981,0.9128709292,True,0.3452914798,89,89,easy
v1_cosine,FZDeSHJW_515H,u0101,western,test,0.9486832981,0.9128709292,True,0.3452914798,89,89,easy
v1_cosine,FZDeSHJW_515H,u011B,western,test,0.9486832981,0.9128709292,True,0.3452914798,89,89,easy
v1_cosine,FZDeSHJW_515H,u3042,kana,test,0.9486832981,0.9128709292,True,0.2553191489,169,169,easy
v1_cosine,FZDeSHJW_515H,u304B,kana,test,0.316227766,0.1825741858,True,0.2553191489,169,169,easy
v1_cosine,FZDeSHJW_515H,u3055,kana,test,0.9486832981,0.9128709292,True,0.2553191489,169,169,easy
v1_cosine,FZDeSHJW_515H,u3093,kana,test,0.9486832981,0.9128709292,True,0.2553191489,169,169,easy
v1_cosine,FZDeSHJW_515H,u30A2,kana,test,0.9486832981,0.9128709292,True,0.2553191489,169,169,easy
v1_cosine,FZDeSHJW_515H,u30AB,kana,test,0.9486832981,0.9128709292,True,0.2553191489,169,169,easy
v1_cosine,FZDeSHJW_515H,u30F3,kana,test,0.9486832981,0.9128709292,True,0.2553191489,169,169,easy
v1_cosine,FZDouNTJW_Te,u0030,western,test,0.9486832981,0.9128709292,True,0.2847533632,89,89,easy
v1_cosine,FZDouNTJW_Te,u0031,western,test,0.9486832981,0.9128709292,True,0.2847533632,89,89,easy
v1_cosine,FZDouNTJW_Te,u0032,western,test,0.9486832981,0.9128709292,True,0.2847533632,89,89,easy
v1_cosine,FZDouNTJW_Te,u0033,western,test,0.9486832981,0.9128709292,True,0.2847533632,89,89,easy
v1_cosine,FZDouNTJW_Te,u0034,western,test,0.9486832981,0.9128709292,True,0.2847533632,89,89,easy
v1_cosine,FZDouNTJW_Te,u0035,western,test,0.9486832981,0.9128709292,True,0.2847533632,89,89,easy
v1_cosine,FZDouNTJW_Te,u0036,western,test,0.9486832981,0.9128709292,True,0.2847533632,89,89,easy
v1_cosine,FZDouNTJW_Te,u0037,western,test,0.9486832981,0.9128709292,True,0.2847533632,89,89,easy
v1_cosine,FZDouNTJW_Te,u0038,western,test,0.9486832981,0.9128709292,True,0.2847533632,89,89,easy
v1_cosine,FZDouNTJW_Te,u0039,western,test,0.9486832981,0.9128709292,True,0.2847533632,89,89,easy
v1_cosine,FZDouNTJW_Te,u0041,western,test,0.9486832981,0.9128709292,True,0.2847533632,89,89,easy
v1_cosine,FZDouNTJW_Te,u0042,western,test,0.9486832981,0.9128709292,True,0.2847533632,89,89,easy
v1_cosine,FZDouNTJW_Te,u0043,western,test,0.9486832981,0.9128709292,True,0.2847533632,89,89,easy
v1_cosine,FZDouNTJW_Te,u0047,western,test,0.9486832981,0.9128709292,True,0.2847533632,89,89,easy
v1_cosine,FZDouNTJW_Te,u004D,western,test,0.9486832981,0.9128709292,True,0.2847533632,89,89,easy
v1_cosine,FZDouNTJW_Te,u004F,western,test,0.9486832981,0.9128709292,True,0.2847533632,89,89,easy
v1_cosine,FZDouNTJW_Te,u0051,western,test,0.9486832981,0.9128709292,True,0.2847533632,89,89,easy
v1_cosine,FZDouNTJW_Te,u0052,western,test,0.9486832981,0.9128709292,True,0.2847533632,89,89,easy
v1_cosine,FZDouNTJW_Te,u0057,western,test,0.632455532,0.5477225575,True,0.2847533632,89,89,easy
v1_cosine,FZDouNTJW_Te,u0061,western,test,0.9486832981,0.9128709292,True,0.2847533632,89,89,easy
v1_cosine,FZDouNTJW_Te,u0062,western,test,0.9486832981,0.9128709292,True,0.2847533632,89,89,easy
v1_cosine,FZDouNTJW_Te,u0063,western,test,0.9486832981,0.9128709292,True,0.2847533632,89,89,easy
v1_cosine,FZDouNTJW_Te,u0064,western,test,0.9486832981,0.9128709292,True,0.2847533632,89,89,easy
v1_cosine,FZDouNTJW_Te,u0065,western,test,0.9486832981,0.9128709292,True,0.2847533632,89,89,easy
v1_cosine,FZDouNTJW_Te,u0067,western,test,0.9486832981,0.9128709292,True,0.2847533632,89,89,easy
v1_cosine,FZDouNTJW_Te,u0069,western,test,0.316227766,0.1825741858,True,0.2847533632,89,89,easy
v1_cosine,FZDouNTJW_Te,u006C,western,test,0.316227766,0.1825741858,True,0.2847533632,89,89,easy
v1_cosine,FZDouNTJW_Te,u006E,western,test,0.632455532,0.5477225575,True,0.2847533632,89,89,easy
v1_cosine,FZDouNTJW_Te,u006F,western,test,0.9486832981,0.9128709292,True,0.2847533632,89,89,easy
v1_cosine,FZDouNTJW_Te,u0070,western,test,0.9486832981,0.9128709292,True,0.2847533632,89,89,easy
v1_cosine,FZDouNTJW_Te,u0071,western,test,0.9486832981,0.9128709292,True,0.2847533632,89,89,easy
v1_cosine,FZDouNTJW_Te,u0075,western,test,0.9486832981,0.9128709292,True,0.2847533632,89,89,easy
v1_cosine,FZDouNTJW_Te,u00E0,western,test,0.9486832981,0.9128709292,True,0.2847533632,89,89,easy
v1_cosine,FZDouNTJW_Te,u00E9,western,test,0.9486832981,0.9128709292,True,0.2847533632,89,89,easy
v1_cosine,FZDouNTJW_Te,u00FC,western,test,0.9486832981,0.9128709292,True,0.2847533632,89,89,easy
v1_cosine,FZDouNTJW_Te,u0101,western,test,0.9486832981,0.9128709292,True,0.2847533632,89,89,easy
v1_cosine,FZDouNTJW_Te,u011B,western,test,0.9486832981,0.9128709292,True,0.2847533632,89,89,easy
v1_cosine,FZDouNTJW_Te,u3042,kana,test,0.9486832981,0.9128709292,True,0.2712765957,169,169,easy
v1_cosine,FZDouNTJW_Te,u304B,kana,test,0.9486832981,0.9128709292,True,0.2712765957,169,169,easy
v1_cosine,FZDouNTJW_Te,u3055,kana,test,0.632455532,0.5477225575,True,0.2712765957,169,169,easy
v1_cosine,FZDouNTJW_Te,u3093,kana,test,0.9486832981,0.9128709292,True,0.2712765957,169,169,easy
v1_cosine,FZDouNTJW_Te,u30A2,kana,test,0.9486832981,0.9128709292,True,0.2712765957,169,169,easy
v1_cosine,FZDouNTJW_Te,u30AB,kana,test,0.9486832981,0.9128709292,True,0.2712765957,169,169,easy
v1_cosine,FZDouNTJW_Te,u30F3,kana,test,0.9486832981,0.9128709292,True,0.2712765957,169,169,easy
v1_cosine,FZFeiHHJW-H,u0030,western,test,0.9486832981,0.9128709292,True,0.6502242152,89,89,hard
v1_cosine,FZFeiHHJW-H,u0031,western,test,0.316227766,0.1825741858,True,0.6502242152,89,89,hard
v1_cosine,FZFeiHHJW-H,u0032,western,test,0.632455532,0.5477225575,True,0.6502242152,89,89,hard
v1_cosine,FZFeiHHJW-H,u0033,western,test,0.9486832981,0.9128709292,True,0.6502242152,89,89,hard
v1_cosine,FZFeiHHJW-H,u0034,western,test,0.632455532,0.5477225575,True,0.6502242152,89,89,hard
v1_cosine,FZFeiHHJW-H,u0035,western,test,0.316227766,0.1825741858,True,0.6502242152,89,89,hard
v1_cosine,FZFeiHHJW-H,u0036,western,test,0.9486832981,0.9128709292,True,0.6502242152,89,89,hard
v1_cosine,FZFeiHHJW-H,u0037,western,test,0.632455532,0.5477225575,True,0.6502242152,89,89,hard
v1_cosine,FZFeiHHJW-H,u0038,western,test,0.316227766,0.1825741858,True,0.6502242152,89,89,hard
v1_cosine,FZFeiHHJW-H,u0039,western,test,0.9486832981,0.9128709292,True,0.6502242152,89,89,hard
v1_cosine,FZFeiHHJW-H,u0041,western,test,0.9486832981,0.9128709292,True,0.6502242152,89,89,hard
v1_cosine,FZFeiHHJW-H,u0042,western,test,0.9486832981,0.9128709292,True,0.6502242152,89,89,hard
v1_cosine,FZFeiHHJW-H,u0043,western,test,0.9486832981,0.9128709292,True,0.6502242152,89,89,hard
v1_cosine,FZFeiHHJW-H,u0047,western,test,0.316227766,0.1825741858,True,0.6502242152,89,89,hard
v1_cosine,FZFeiHHJW-H,u004D,western,test,0.9486832981,0.9128709292,True,0.6502242152,89,89,hard
v1_cosine,FZFeiHHJW-H,u004F,western,test,0.632455532,0.5477225575,True,0.6502242152,89,89,hard
v1_cosine,FZFeiHHJW-H,u0051,western,test,0.9486832981,0.9128709292,True,0.6502242152,89,89,hard
v1_cosine,FZFeiHHJW-H,u0052,western,test,0.632455532,0.5477225575,True,0.6502242152,89,89,hard
v1_cosine,FZFeiHHJW-H,u0057,western,test,0.632455532,0.5477225575,True,0.6502242152,89,89,hard
v1_cosine,FZFeiHHJW-H,u0061,western,test,0.9486832981,0.9128709292,True,0.6502242152,89,89,hard
v1_cosine,FZFeiHHJW-H,u0062,western,test,0.316227766,0.1825741858,True,0.6502242152,89,89,hard
v1_cosine,FZFeiHHJW-H,u0063,western,test,0.632455532,0.5477225575,True,0.6502242152,89,89,hard
v1_cosine,FZFeiHHJW-H,u0064,western,test,0.632455532,0.5477225575,True,0.6502242152,89,89,hard
v1_cosine,FZFeiHHJW-H,u0065,western,test,0.632455532,0.5477225575,True,0.6502242152,89,89,hard
v1_cosine,FZFeiHHJW-H,u0067,western,test,0.316227766,0.1825741858,True,0.6502242152,89,89,hard
v1_cosine,FZFeiHHJW-H,u0069,western,test,0.632455532,0.5477225575,True,0.6502242152,89,89,hard
v1_cosine,FZFeiHHJW-H,u006C,western,test,0.632455532,0.5477225575,True,0.6502242152,89,89,hard
v1_cosine,FZFeiHHJW-H,u006E,western,test,0.632455532,0.5477225575,True,0.6502242152,89,89,hard
v1_cosine,FZFeiHHJW-H,u006F,western,test,0.632455532,0.5477225575,True,0.6502242152,89,89,hard
v1_cosine,FZFeiHHJW-H,u0070,western,test,0.9486832981,0.9128709292,True,0.6502242152,89,89,hard
v1_cosine,FZFeiHHJW-H,u0071,western,test,0.9486832981,0.9128709292,True,0.6502242152,89,89,hard
v1_cosine,FZFeiHHJW-H,u0075,western,test,0.316227766,0.1825741858,True,0.6502242152,89,89,hard
v1_cosine,FZFeiHHJW-H,u00E0,western,test,0.316227766,0.1825741858,True,0.6502242152,89,89,hard
v1_cosine,FZFeiHHJW-H,u00E9,western,test,0.9486832981,0.9128709292,True,0.6502242152,89,89,hard
v1_cosine,FZFeiHHJW-H,u00FC,western,test,0.632455532,0.5477225575,True,0.6502242152,89,89,hard
v1_cosine,FZFeiHHJW-H,u0101,western,test,0.9486832981,0.9128709292,True,0.6502242152,89,89,hard
v1_cosine,FZFeiHHJW-H,u011B,western,test,0.9486832981,0.9128709292,True,0.6502242152,89,89,hard
v1_cosine,FZFeiHHJW-H,u3042,kana,test,0.316227766,0.1825741858,True,0.4920212766,169,169,medium
v1_cosine,FZFeiHHJW-H,u304B,kana,test,0.9486832981,0.9128709292,True,0.4920212766,169,169,medium
v1_cosine,FZFeiHHJW-H,u3055,kana,test,0.9486832981,0.9128709292,True,0.4920212766,169,169,medium
v1_cosine,FZFeiHHJW-H,u3093,kana,test,0.632455532,0.5477225575,True,0.4920212766,169,169,medium
v1_cosine,FZFeiHHJW-H,u30A2,kana,test,0.632455532,0.5477225575,True,0.4920212766,169,169,medium
v1_cosine,FZFeiHHJW-H,u30AB,kana,test,0.316227766,0.1825741858,True,0.4920212766,169,169,medium
v1_cosine,FZFeiHHJW-H,u30F3,kana,test,0.9486832981,0.9128709292,True,0.4920212766,169,169,medium
v1_cosine,FZFeiHHJW-H,u3105,bopomofo,test,,,False,0.5230769231,37,37,medium
v1_cosine,FZFeiHHJW-H,u3106,bopomofo,test,,,False,0.5230769231,37,37,medium
v1_cosine,FZFeiHHJW-H,u311A,bopomofo,test,,,False,0.5230769231,37,37,medium
v1_cosine,FZFengYKSJ,u0030,western,test,0.9486832981,0.9128709292,True,0.7713004484,89,89,hard
v1_cosine,FZFengYKSJ,u0031,western,test,0.9486832981,0.9128709292,True,0.7713004484,89,89,hard
v1_cosine,FZFengYKSJ,u0032,western,test,0.9486832981,0.9128709292,True,0.7713004484,89,89,hard
v1_cosine,FZFengYKSJ,u0033,western,test,0.9486832981,0.9128709292,True,0.7713004484,89,89,hard
v1_cosine,FZFengYKSJ,u0034,western,test,0.9486832981,0.9128709292,True,0.7713004484,89,89,hard
v1_cosine,FZFengYKSJ,u0035,western,test,0.9486832981,0.9128709292,True,0.7713004484,89,89,hard
v1_cosine,FZFengYKSJ,u0036,western,test,0.9486832981,0.9128709292,True,0.7713004484,89,89,hard
v1_cosine,FZFengYKSJ,u0037,western,test,0.9486832981,0.9128709292,True,0.7713004484,89,89,hard
v1_cosine,FZFengYKSJ,u0038,western,test,0.9486832981,0.9128709292,True,0.7713004484,89,89,hard
v1_cosine,FZFengYKSJ,u0039,western,test,0.9486832981,0.9128709292,True,0.7713004484,89,89,hard
v1_cosine,FZFengYKSJ,u0041,western,test,0.9486832981,0.9128709292,True,0.7713004484,89,89,hard
v1_cosine,FZFengYKSJ,u0042,western,test,0.9486832981,0.9128709292,True,0.7713004484,89,89,hard
v1_cosine,FZFengYKSJ,u0043,western,test,0.9486832981,0.9128709292,True,0.7713004484,89,89,hard
v1_cosine,FZFengYKSJ,u0047,western,test,0.9486832981,0.9128709292,True,0.7713004484,89,89,hard
v1_cosine,FZFengYKSJ,u004D,western,test,0.9486832981,0.9128709292,True,0.7713004484,89,89,hard
v1_cosine,FZFengYKSJ,u004F,western,test,0.9486832981,0.9128709292,True,0.7713004484,89,89,hard
v1_cosine,FZFengYKSJ,u0051,western,test,0.9486832981,0.9128709292,True,0.7713004484,89,89,hard
v1_cosine,FZFengYKSJ,u0052,western,test,0.9486832981,0.9128709292,True,0.7713004484,89,89,hard
v1_cosine,FZFengYKSJ,u0057,western,test,0.9486832981,0.9128709292,True,0.7713004484,89,89,hard
v1_cosine,FZFengYKSJ,u0061,western,test,0.9486832981,0.9128709292,True,0.7713004484,89,89,hard
v1_cosine,FZFengYKSJ,u0062,western,test,0.9486832981,0.9128709292,True,0.7713004484,89,89,hard
v1_cosine,FZFengYKSJ,u0063,western,test,0.632455532,0.5477225575,True,0.7713004484,89,89,hard
v1_cosine,FZFengYKSJ,u0064,western,test,0.9486832981,0.9128709292,True,0.7713004484,89,89,hard
v1_cosine,FZFengYKSJ,u0065,western,test,0.632455532,0.5477225575,True,0.7713004484,89,89,hard
v1_cosine,FZFengYKSJ,u0067,western,test,0.9486832981,0.9128709292,True,0.7713004484,89,89,hard
v1_cosine,FZFengYKSJ,u0069,western,test,0.9486832981,0.9128709292,True,0.7713004484,89,89,hard
v1_cosine,FZFengYKSJ,u006C,western,test,0.9486832981,0.9128709292,True,0.7713004484,89,89,hard
v1_cosine,FZFengYKSJ,u006E,western,test,0.9486832981,0.9128709292,True,0.7713004484,89,89,hard
v1_cosine,FZFengYKSJ,u006F,western,test,0.9486832981,0.9128709292,True,0.7713004484,89,89,hard
v1_cosine,FZFengYKSJ,u0070,western,test,0.9486832981,0.9128709292,True,0.7713004484,89,89,hard
v1_cosine,FZFengYKSJ,u0071,western,test,0.9486832981,0.9128709292,True,0.7713004484,89,89,hard
v1_cosine,FZFengYKSJ,u0075,western,test,0.316227766,0.1825741858,True,0.7713004484,89,89,hard
v1_cosine,FZFengYKSJ,u00E0,western,test,0.9486832981,0.9128709292,True,0.7713004484,89,89,hard
v1_cosine,FZFengYKSJ,u00E9,western,test,0.9486832981,0.9128709292,True,0.7713004484,89,89,hard
v1_cosine,FZFengYKSJ,u00FC,western,test,0.316227766,0.1825741858,True,0.7713004484,89,89,hard
v1_cosine,FZFengYKSJ,u0101,western,test,0.632455532,0.5477225575,True,0.7713004484,89,89,hard
v1_cosine,FZFengYKSJ,u011B,western,test,0.9486832981,0.9128709292,True,0.7713004484,89,89,hard
v1_cosine,FZFengYKSJ,u3042,kana,test,0.632455532,0.5477225575,True,0.7845744681,169,169,hard
v1_cosine,FZFengYKSJ,u304B,kana,test,0.9486832981,0.9128709292,True,0.7845744681,169,169,hard
v1_cosine,FZFengYKSJ,u3055,kana,test,0.9486832981,0.9128709292,True,0.7845744681,169,169,hard
v1_cosine,FZFengYKSJ,u3093,kana,test,0.9486832981,0.9128709292,True,0.7845744681,169,169,hard
v1_cosine,FZFengYKSJ,u30A2,kana,test,0.9486832981,0.9128709292,True,0.7845744681,169,169,hard
v1_cosine,FZFengYKSJ,u30AB,kana,test,0.9486832981,0.9128709292,True,0.7845744681,169,169,hard
v1_cosine,FZFengYKSJ,u30F3,kana,test,0.9486832981,0.9128709292,True,0.7845744681,169,169,hard
v1_cosine,FZHanWZKJW,u0030,western,test,0.9486832981,0.9128709292,True,0.5852017937,89,89,hard
v1_cosine,FZHanWZKJW,u0031,western,test,0.9486832981,0.9128709292,True,0.5852017937,89,89,hard
v1_cosine,FZHanWZKJW,u0032,western,test,0.9486832981,0.9128709292,True,0.5852017937,89,89,hard
v1_cosine,FZHanWZKJW,u0033,western,test,0.9486832981,0.9128709292,True,0.5852017937,89,89,hard
v1_cosine,FZHanWZKJW,u0034,western,test,0.9486832981,0.9128709292,True,0.5852017937,89,89,hard
v1_cosine,FZHanWZKJW,u0035,western,test,0.9486832981,0.9128709292,True,0.5852017937,89,89,hard
v1_cosine,FZHanWZKJW,u0036,western,test,0.9486832981,0.9128709292,True,0.5852017937,89,89,hard
v1_cosine,FZHanWZKJW,u0037,western,test,0.9486832981,0.9128709292,True,0.5852017937,89,89,hard
v1_cosine,FZHanWZKJW,u0038,western,test,0.9486832981,0.9128709292,True,0.5852017937,89,89,hard
v1_cosine,FZHanWZKJW,u0039,western,test,0.9486832981,0.9128709292,True,0.5852017937,89,89,hard
v1_cosine,FZHanWZKJW,u0041,western,test,0.9486832981,0.9128709292,True,0.5852017937,89,89,hard
v1_cosine,FZHanWZKJW,u0042,western,test,0.9486832981,0.9128709292,True,0.5852017937,89,89,hard
v1_cosine,FZHanWZKJW,u0043,western,test,0.9486832981,0.9128709292,True,0.5852017937,89,89,hard
v1_cosine,FZHanWZKJW,u0047,western,test,0.9486832981,0.9128709292,True,0.5852017937,89,89,hard
v1_cosine,FZHanWZKJW,u004D,western,test,0.9486832981,0.9128709292,True,0.5852017937,89,89,hard
v1_cosine,FZHanWZKJW,u004F,western,test,0.9486832981,0.9128709292,True,0.5852017937,89,89,hard
v1_cosine,FZHanWZKJW,u0051,western,test,0.9486832981,0.9128709292,True,0.5852017937,89,89,hard
v1_cosine,FZHanWZKJW,u0052,western,test,0.632455532,0.5477225575,True,0.5852017937,89,89,hard
v1_cosine,FZHanWZKJW,u0057,western,test,0.9486832981,0.9128709292,True,0.5852017937,89,89,hard
v1_cosine,FZHanWZKJW,u0061,western,test,0.9486832981,0.9128709292,True,0.5852017937,89,89,hard
v1_cosine,FZHanWZKJW,u0062,western,test,0.9486832981,0.9128709292,True,0.5852017937,89,89,hard
v1_cosine,FZHanWZKJW,u0063,western,test,0.9486832981,0.9128709292,True,0.5852017937,89,89,hard
v1_cosine,FZHanWZKJW,u0064,western,test,0.9486832981,0.9128709292,True,0.5852017937,89,89,hard
v1_cosine,FZHanWZKJW,u0065,western,test,0.9486832981,0.9128709292,True,0.5852017937,89,89,hard
v1_cosine,FZHanWZKJW,u0067,western,test,0.9486832981,0.9128709292,True,0.5852017937,89,89,hard
v1_cosine,FZHanWZKJW,u0069,western,test,0.9486832981,0.9128709292,True,0.5852017937,89,89,hard
v1_cosine,FZHanWZKJW,u006C,western,test,0.9486832981,0.9128709292,True,0.5852017937,89,89,hard
v1_cosine,FZHanWZKJW,u006E,western,test,0.9486832981,0.9128709292,True,0.5852017937,89,89,hard
v1_cosine,FZHanWZKJW,u006F,western,test,0.632455532,0.5477225575,True,0.5852017937,89,89,hard
v1_cosine,FZHanWZKJW,u0070,western,test,0.316227766,0.1825741858,True,0.5852017937,89,89,hard
v1_cosine,FZHanWZKJW,u0071,western,test,0.9486832981,0.9128709292,True,0.5852017937,89,89,hard
v1_cosine,FZHanWZKJW,u0075,western,test,0.9486832981,0.9128709292,True,0.5852017937,89,89,hard
v1_cosine,FZHanWZKJW,u00E0,western,test,0.9486832981,0.9128709292,True,0.5852017937,89,89,hard
v1_cosine,FZHanWZKJW,u00E9,western,test,0.9486832981,0.9128709292,True,0.5852017937,89,89,hard
v1_cosine,FZHanWZKJW,u00FC,western,test,0.9486832981,0.9128709292,True,0.5852017937,89,89,hard
v1_cosine,FZHanWZKJW,u0101,western,test,0.9486832981,0.9128709292,True,0.5852017937,89,89,hard
v1_cosine,FZHanWZKJW,u011B,western,test,0.9486832981,0.9128709292,True,0.5852017937,89,89,hard
v1_cosine,FZHanWZKJW,u3042,kana,test,0.9486832981,0.9128709292,True,0.7074468085,169,169,hard
v1_cosine,FZHanWZKJW,u304B,kana,test,0.9486832981,0.9128709292,True,0.7074468085,169,169,hard
v1_cosine,FZHanWZKJW,u3055,kana,test,0.9486832981,0.9128709292,True,0.7074468085,169,169,hard
v1_cosine,FZHanWZKJW,u3093,kana,test,0.9486832981,0.9128709292,True,0.7074468085,169,169,hard
v1_cosine,FZHanWZKJW,u30A2,kana,test,0.9486832981,0.9128709292,True,0.7074468085,169,169,hard
v1_cosine,FZHanWZKJW,u30AB,kana,test,0.9486832981,0.9128709292,True,0.7074468085,169,169,hard
v1_cosine,FZHanWZKJW,u30F3,kana,test,0.9486832981,0.9128709292,True,0.7074468085,169,169,hard
v1_cosine,FZHanWZKJW,u3105,bopomofo,test,0.9486832981,0.9128709292,True,0.65,37,37,hard
v1_cosine,FZHanWZKJW,u3106,bopomofo,test,0.9486832981,0.9128709292,True,0.65,37,37,hard
v1_cosine,FZHanWZKJW,u311A,bopomofo,test,0.9486832981,0.9128709292,True,0.65,37,37,hard
v1_cosine,FZHuoYYJW-T,u0030,western,test,0.9486832981,0.9128709292,True,0.8587443946,89,89,hard
v1_cosine,FZHuoYYJW-T,u0031,western,test,0.9486832981,0.9128709292,True,0.8587443946,89,89,hard
v1_cosine,FZHuoYYJW-T,u0032,western,test,0.9486832981,0.9128709292,True,0.8587443946,89,89,hard
v1_cosine,FZHuoYYJW-T,u0033,western,test,0.9486832981,0.9128709292,True,0.8587443946,89,89,hard
v1_cosine,FZHuoYYJW-T,u0034,western,test,0.9486832981,0.9128709292,True,0.8587443946,89,89,hard
v1_cosine,FZHuoYYJW-T,u0035,western,test,0.9486832981,0.9128709292,True,0.8587443946,89,89,hard
v1_cosine,FZHuoYYJW-T,u0036,western,test,0.9486832981,0.9128709292,True,0.8587443946,89,89,hard
v1_cosine,FZHuoYYJW-T,u0037,western,test,0.9486832981,0.9128709292,True,0.8587443946,89,89,hard
v1_cosine,FZHuoYYJW-T,u0038,western,test,0.9486832981,0.9128709292,True,0.8587443946,89,89,hard
v1_cosine,FZHuoYYJW-T,u0039,western,test,0.9486832981,0.9128709292,True,0.8587443946,89,89,hard
v1_cosine,FZHuoYYJW-T,u0041,western,test,0.632455532,0.5477225575,True,0.8587443946,89,89,hard
v1_cosine,FZHuoYYJW-T,u0042,western,test,0.9486832981,0.9128709292,True,0.8587443946,89,89,hard
v1_cosine,FZHuoYYJW-T,u0043,western,test,0.9486832981,0.9128709292,True,0.8587443946,89,89,hard
v1_cosine,FZHuoYYJW-T,u0047,western,test,0.9486832981,0.9128709292,True,0.8587443946,89,89,hard
v1_cosine,FZHuoYYJW-T,u004D,western,test,0.9486832981,0.9128709292,True,0.8587443946,89,89,hard
v1_cosine,FZHuoYYJW-T,u004F,western,test,0.9486832981,0.9128709292,True,0.8587443946,89,89,hard
v1_cosine,FZHuoYYJW-T,u0051,western,test,0.9486832981,0.9128709292,True,0.8587443946,89,89,hard
v1_cosine,FZHuoYYJW-T,u0052,western,test,0.9486832981,0.9128709292,True,0.8587443946,89,89,hard
v1_cosine,FZHuoYYJW-T,u0057,western,test,0.9486832981,0.9128709292,True,0.8587443946,89,89,hard
v1_cosine,FZHuoYYJW-T,u0061,western,test,0.9486832981,0.9128709292,True,0.8587443946,89,89,hard
v1_cosine,FZHuoYYJW-T,u0062,western,test,0.632455532,0.5477225575,True,0.8587443946,89,89,hard
v1_cosine,FZHuoYYJW-T,u0063,western,test,0.632455532,0.5477225575,True,0.8587443946,89,89,hard
v1_cosine,FZHuoYYJW-T,u0064,western,test,0.9486832981,0.9128709292,True,0.8587443946,89,89,hard
v1_cosine,FZHuoYYJW-T,u0065,western,test,0.9486832981,0.9128709292,True,0.8587443946,89,89,hard
v1_cosine,FZHuoYYJW-T,u0067,western,test,0.9486832981,0.9128709292,True,0.8587443946,89,89,hard
v1_cosine,FZHuoYYJW-T,u0069,western,test,0.9486832981,0.9128709292,True,0.8587443946,89,89,hard
v1_cosine,FZHuoYYJW-T,u006C,western,test,0.9486832981,0.9128709292,True,0.8587443946,89,89,hard
v1_cosine,FZHuoYYJW-T,u006E,western,test,0.9486832981,0.9128709292,True,0.8587443946,89,89,hard
v1_cosine,FZHuoYYJW-T,u006F,western,test,0.632455532,0.5477225575,True,0.8587443946,89,89,hard
v1_cosine,FZHuoYYJW-T,u0070,western,test,0.9486832981,0.9128709292,True,0.8587443946,89,89,hard
v1_cosine,FZHuoYYJW-T,u0071,western,test,0.9486832981,0.9128709292,True,0.8587443946,89,89,hard
v1_cosine,FZHuoYYJW-T,u0075,western,test,0.9486832981,0.9128709292,True,0.8587443946,89,89,hard
v1_cosine,FZHuoYYJW-T,u00E0,western,test,0.9486832981,0.9128709292,True,0.8587443946,89,89,hard
v1_cosine,FZHuoYYJW-T,u00E9,western,test,0.632455532,0.5477225575,True,0.8587443946,89,89,hard
v1_cosine,FZHuoYYJW-T,u00FC,western,test,0.632455532,0.5477225575,True,0.8587443946,89,89,hard
v1_cosine,FZHuoYYJW-T,u0101,western,test,0.9486832981,0.9128709292,True,0.8587443946,89,89,hard
v1_cosine,FZHuoYYJW-T,u011B,western,test,0.9486832981,0.9128709292,True,0.8587443946,89,89,hard
v1_cosine,FZJianLTJW_Te,u0030,western,test,0.316227766,0.1825741858,True,0.2892376682,89,89,easy
v1_cosine,FZJianLTJW_Te,u0031,western,test,0.9486832981,0.9128709292,True,0.2892376682,89,89,easy
v1_cosine,FZJianLTJW_Te,u0032,western,test,0.9486832981,0.9128709292,True,0.2892376682,89,89,easy
v1_cosine,FZJianLTJW_Te,u0033,western,test,0.9486832981,0.9128709292,True,0.2892376682,89,89,easy
v1_cosine,FZJianLTJW_Te,u0034,western,test,0.9486832981,0.9128709292,True,0.2892376682,89,89,easy
v1_cosine,FZJianLTJW_Te,u0035,western,test,0.632455532,0.5477225575,True,0.2892376682,89,89,easy
v1_cosine,FZJianLTJW_Te,u0036,western,test,0.9486832981,0.9128709292,True,0.2892376682,89,89,easy
v1_cosine,FZJianLTJW_Te,u0037,western,test,0.9486832981,0.9128709292,True,0.2892376682,89,89,easy
v1_cosine,FZJianLTJW_Te,u0038,western,test,0.9486832981,0.9128709292,True,0.2892376682,89,89,easy
v1_cosine,FZJianLTJW_Te,u0039,western,test,0.632455532,0.5477225575,True,0.2892376682,89,89,easy
v1_cosine,FZJianLTJW_Te,u0041,western,test,0.9486832981,0.9128709292,True,0.2892376682,89,89,easy
v1_cosine,FZJianLTJW_Te,u0042,western,test,0.632455532,0.5477225575,True,0.2892376682,89,89,easy
v1_cosine,FZJianLTJW_Te,u0043,western,test,0.316227766,0.1825741858,True,0.2892376682,89,89,easy
v1_cosine,FZJianLTJW_Te,u0047,western,test,0.632455532,0.5477225575,True,0.2892376682,89,89,easy
v1_cosine,FZJianLTJW_Te,u004D,western,test,0.9486832981,0.9128709292,True,0.2892376682,89,89,easy
v1_cosine,FZJianLTJW_Te,u004F,western,test,0.316227766,0.1825741858,True,0.2892376682,89,89,easy
v1_cosine,FZJianLTJW_Te,u0051,western,test,0.632455532,0.5477225575,True,0.2892376682,89,89,easy
v1_cosine,FZJianLTJW_Te,u0052,western,test,0.9486832981,0.9128709292,True,0.2892376682,89,89,easy
v1_cosine,FZJianLTJW_Te,u0057,western,test,0.9486832981,0.9128709292,True,0.2892376682,89,89,easy
v1_cosine,FZJianLTJW_Te,u0061,western,test,0.9486832981,0.9128709292,True,0.2892376682,89,89,easy
v1_cosine,FZJianLTJW_Te,u0062,western,test,0.9486832981,0.9128709292,True,0.2892376682,89,89,easy
v1_cosine,FZJianLTJW_Te,u0063,western,test,0.632455532,0.5477225575,True,0.2892376682,89,89,easy
v1_cosine,FZJianLTJW_Te,u0064,western,test,0.9486832981,0.9128709292,True,0.2892376682,89,89,easy
v1_cosine,FZJianLTJW_Te,u0065,western,test,0.9486832981,0.9128709292,True,0.2892376682,89,89,easy
v1_cosine,FZJianLTJW_Te,u0067,western,test,0.9486832981,0.9128709292,True,0.2892376682,89,89,easy
v1_cosine,FZJianLTJW_Te,u0069,western,test,0.9486832981,0.9128709292,True,0.2892376682,89,89,easy
v1_cosine,FZJianLTJW_Te,u006C,western,test,0.632455532,0.5477225575,True,0.2892376682,89,89,easy
v1_cosine,FZJianLTJW_Te,u006E,western,test,0.632455532,0.5477225575,True,0.2892376682,89,89,easy
v1_cosine,FZJianLTJW_Te,u006F,western,test,0.632455532,0.5477225575,True,0.2892376682,89,89,easy
v1_cosine,FZJianLTJW_Te,u0070,western,test,0.9486832981,0.9128709292,True,0.2892376682,89,89,easy
v1_cosine,FZJianLTJW_Te,u0071,western,test,0.632455532,0.5477225575,True,0.2892376682,89,89,easy
v1_cosine,FZJianLTJW_Te,u0075,western,test,0.9486832981,0.9128709292,True,0.2892376682,89,89,easy
v1_cosine,FZJianLTJW_Te,u00E0,western,test,0.9486832981,0.9128709292,True,0.2892376682,89,89,easy
v1_cosine,FZJianLTJW_Te,u00E9,western,test,0.9486832981,0.9128709292,True,0.2892376682,89,89,easy
v1_cosine,FZJianLTJW_Te,u00FC,western,test,0.632455532,0.5477225575,True,0.2892376682,89,89,easy
v1_cosine,FZJianLTJW_Te,u0101,western,test,0.9486832981,0.9128709292,True,0.2892376682,89,89,easy
v1_cosine,FZJianLTJW_Te,u011B,western,test,0.9486832981,0.9128709292,True,0.2892376682,89,89,easy
v1_cosine,FZJianLTJW_Te,u3042,kana,test,0.9486832981,0.9128709292,True,0.2340425532,169,169,easy
v1_cosine,FZJianLTJW_Te,u304B,kana,test,0.9486832981,0.9128709292,True,0.2340425532,169,169,easy
v1_cosine,FZJianLTJW_Te,u3055,kana,test,0.9486832981,0.9128709292,True,0.2340425532,169,169,easy
v1_cosine,FZJianLTJW_Te,u3093,kana,test,0.632455532,0.5477225575,True,0.2340425532,169,169,easy
v1_cosine,FZJianLTJW_Te,u30A2,kana,test,0.9486832981,0.9128709292,True,0.2340425532,169,169,easy
v1_cosine,FZJianLTJW_Te,u30AB,kana,test,0.9486832981,0.9128709292,True,0.2340425532,169,169,easy
v1_cosine,FZJianLTJW_Te,u30F3,kana,test,0.9486832981,0.9128709292,True,0.2340425532,169,169,easy
v1_cosine,FZJingLTJW-H,u0030,western,test,0.9486832981,0.9128709292,True,0.4349775785,89,89,medium
v1_cosine,FZJingLTJW-H,u0031,western,test,0.9486832981,0.9128709292,True,0.4349775785,89,89,medium
v1_cosine,FZJingLTJW-H,u0032,western,test,0.9486832981,0.9128709292,True,0.4349775785,89,89,medium
v1_cosine,FZJingLTJW-H,u0033,western,test,0.9486832981,0.9128709292,True,0.4349775785,89,89,medium
v1_cosine,FZJingLTJW-H,u0034,western,test,0.9486832981,0.9128709292,True,0.4349775785,89,89,medium
v1_cosine,FZJingLTJW-H,u0035,western,test,0.9486832981,0.9128709292,True,0.4349775785,89,89,medium
v1_cosine,FZJingLTJW-H,u0036,western,test,0.9486832981,0.9128709292,True,0.4349775785,89,89,medium
v1_cosine,FZJingLTJW-H,u0037,western,test,0.9486832981,0.9128709292,True,0.4349775785,89,89,medium
v1_cosine,FZJingLTJW-H,u0038,western,test,0.9486832981,0.9128709292,True,0.4349775785,89,89,medium
v1_cosine,FZJingLTJW-H,u0039,western,test,0.9486832981,0.9128709292,True,0.4349775785,89,89,medium
v1_cosine,FZJingLTJW-H,u0041,western,test,0.9486832981,0.9128709292,True,0.4349775785,89,89,medium
v1_cosine,FZJingLTJW-H,u0042,western,test,0.9486832981,0.9128709292,True,0.4349775785,89,89,medium
v1_cosine,FZJingLTJW-H,u0043,western,test,0.9486832981,0.9128709292,True,0.4349775785,89,89,medium
v1_cosine,FZJingLTJW-H,u0047,western,test,0.9486832981,0.9128709292,True,0.4349775785,89,89,medium
v1_cosine,FZJingLTJW-H,u004D,western,test,0.9486832981,0.9128709292,True,0.4349775785,89,89,medium
v1_cosine,FZJingLTJW-H,u004F,western,test,0.9486832981,0.9128709292,True,0.4349775785,89,89,medium
v1_cosine,FZJingLTJW-H,u0051,western,test,0.9486832981,0.9128709292,True,0.4349775785,89,89,medium
v1_cosine,FZJingLTJW-H,u0052,western,test,0.9486832981,0.9128709292,True,0.4349775785,89,89,medium
v1_cosine,FZJingLTJW-H,u0057,western,test,0.9486832981,0.9128709292,True,0.4349775785,89,89,medium
v1_cosine,FZJingLTJW-H,u0061,western,test,0.9486832981,0.9128709292,True,0.4349775785,89,89,medium
v1_cosine,FZJingLTJW-H,u0062,western,test,0.9486832981,0.9128709292,True,0.4349775785,89,89,medium
v1_cosine,FZJingLTJW-H,u0063,western,test,0.9486832981,0.9128709292,True,0.4349775785,89,89,medium
v1_cosine,FZJingLTJW-H,u0064,western,test,0.9486832981,0.9128709292,True,0.4349775785,89,89,medium
v1_cosine,FZJingLTJW-H,u0065,western,test,0.9486832981,0.9128709292,True,0.4349775785,89,89,medium
v1_cosine,FZJingLTJW-H,u0067,western,test,0.9486832981,0.9128709292,True,0.4349775785,89,89,medium
v1_cosine,FZJingLTJW-H,u0069,western,test,0.9486832981,0.9128709292,True,0.4349775785,89,89,medium
v1_cosine,FZJingLTJW-H,u006C,western,test,0.9486832981,0.9128709292,True,0.4349775785,89,89,medium
v1_cosine,FZJingLTJW-H,u006E,western,test,0.9486832981,0.9128709292,True,0.4349775785,89,89,medium
v1_cosine,FZJingLTJW-H,u006F,western,test,0.9486832981,0.9128709292,True,0.4349775785,89,89,medium
v1_cosine,FZJingLTJW-H,u0070,western,test,0.9486832981,0.9128709292,True,0.4349775785,89,89,medium
v1_cosine,FZJingLTJW-H,u0071,western,test,0.9486832981,0.9128709292,True,0.4349775785,89,89,medium
v1_cosine,FZJingLTJW-H,u0075,western,test,0.9486832981,0.9128709292,True,0.4349775785,89,89,medium
v1_cosine,FZJingLTJW-H,u00E0,western,test,0.9486832981,0.9128709292,True,0.4349775785,89,89,medium
v1_cosine,FZJingLTJW-H,u00E9,western,test,0.9486832981,0.9128709292,True,0.4349775785,89,89,medium
v1_cosine,FZJingLTJW-H,u00FC,western,test,0.9486832981,0.9128709292,True,0.4349775785,89,89,medium
v1_cosine,FZJingLTJW-H,u0101,western,test,0.9486832981,0.9128709292,True,0.4349775785,89,89,medium
v1_cosine,FZJingLTJW-H,u011B,western,test,0.9486832981,0.9128709292,True,0.4349775785,89,89,medium
v1_cosine,FZJingLTJW-H,u3042,kana,test,0.9486832981,0.9128709292,True,0.3510638298,169,169,easy
v1_cosine,FZJingLTJW-H,u304B,kana,test,0.9486832981,0.9128709292,True,0.3510638298,169,169,easy
v1_cosine,FZJingLTJW-H,u3055,kana,test,0.9486832981,0.9128709292,True,0.3510638298,169,169,easy
v1_cosine,FZJingLTJW-H,u3093,kana,test,0.9486832981,0.9128709292,True,0.3510638298,169,169,easy
v1_cosine,FZJingLTJW-H,u30A2,kana,test,0.9486832981,0.9128709292,True,0.3510638298,169,169,easy
v1_cosine,FZJingLTJW-H,u30AB,kana,test,0.9486832981,0.9128709292,True,0.3510638298,169,169,easy
v1_cosine,FZJingLTJW-H,u30F3,kana,test,0.9486832981,0.9128709292,True,0.3510638298,169,169,easy
v1_cosine,FZJingLTJW-H,u3105,bopomofo,test,0.9486832981,0.9128709292,True,0.3615384615,37,37,easy
v1_cosine,FZJingLTJW-H,u3106,bopomofo,test,0.9486832981,0.9128709292,True,0.3615384615,37,37,easy
v1_cosine,FZJingLTJW-H,u311A,bopomofo,test,0.9486832981,0.9128709292,True,0.3615384615,37,37,easy
v1_cosine,FZJingYLLTJW,u0030,western,test,0.9486832981,0.9128709292,True,0.4304932735,89,89,medium
v1_cosine,FZJingYLLTJW,u0031,western,test,0.632455532,0.5477225575,True,0.4304932735,89,89,medium
v1_cosine,FZJingYLLTJW,u0032,western,test,0.632455532,0.5477225575,True,0.4304932735,89,89,medium
v1_cosine,FZJingYLLTJW,u0033,western,test,0.9486832981,0.9128709292,True,0.4304932735,89,89,medium
v1_cosine,FZJingYLLTJW,u0034,western,test,0.9486832981,0.9128709292,True,0.4304932735,89,89,medium
v1_cosine,FZJingYLLTJW,u0035,western,test,0.9486832981,0.9128709292,True,0.4304932735,89,89,medium
v1_cosine,FZJingYLLTJW,u0036,western,test,0.632455532,0.5477225575,True,0.4304932735,89,89,medium
v1_cosine,FZJingYLLTJW,u0037,western,test,0.632455532,0.5477225575,True,0.4304932735,89,89,medium
v1_cosine,FZJingYLLTJW,u0038,western,test,0.9486832981,0.9128709292,True,0.4304932735,89,89,medium
v1_cosine,FZJingYLLTJW,u0039,western,test,0.9486832981,0.9128709292,True,0.4304932735,89,89,medium
v1_cosine,FZJingYLLTJW,u0041,western,test,0.9486832981,0.9128709292,True,0.4304932735,89,89,medium
v1_cosine,FZJingYLLTJW,u0042,western,test,0.316227766,0.1825741858,True,0.4304932735,89,89,medium
v1_cosine,FZJingYLLTJW,u0043,western,test,0.316227766,0.1825741858,True,0.4304932735,89,89,medium
v1_cosine,FZJingYLLTJW,u0047,western,test,0.9486832981,0.9128709292,True,0.4304932735,89,89,medium
v1_cosine,FZJingYLLTJW,u004D,western,test,0.9486832981,0.9128709292,True,0.4304932735,89,89,medium
v1_cosine,FZJingYLLTJW,u004F,western,test,0.9486832981,0.9128709292,True,0.4304932735,89,89,medium
v1_cosine,FZJingYLLTJW,u0051,western,test,0.316227766,0.1825741858,True,0.4304932735,89,89,medium
v1_cosine,FZJingYLLTJW,u0052,western,test,0.9486832981,0.9128709292,True,0.4304932735,89,89,medium
v1_cosine,FZJingYLLTJW,u0057,western,test,0.632455532,0.5477225575,True,0.4304932735,89,89,medium
v1_cosine,FZJingYLLTJW,u0061,western,test,0.9486832981,0.9128709292,True,0.4304932735,89,89,medium
v1_cosine,FZJingYLLTJW,u0062,western,test,0.9486832981,0.9128709292,True,0.4304932735,89,89,medium
v1_cosine,FZJingYLLTJW,u0063,western,test,0.9486832981,0.9128709292,True,0.4304932735,89,89,medium
v1_cosine,FZJingYLLTJW,u0064,western,test,0.9486832981,0.9128709292,True,0.4304932735,89,89,medium
v1_cosine,FZJingYLLTJW,u0065,western,test,0.632455532,0.5477225575,True,0.4304932735,89,89,medium
v1_cosine,FZJingYLLTJW,u0067,western,test,0.9486832981,0.9128709292,True,0.4304932735,89,89,medium
v1_cosine,FZJingYLLTJW,u0069,western,test,0.9486832981,0.9128709292,True,0.4304932735,89,89,medium
v1_cosine,FZJingYLLTJW,u006C,western,test,0.316227766,0.1825741858,True,0.4304932735,89,89,medium
v1_cosine,FZJingYLLTJW,u006E,western,test,0.316227766,0.1825741858,True,0.4304932735,89,89,medium
v1_cosine,FZJingYLLTJW,u006F,western,test,0.632455532,0.5477225575,True,0.4304932735,89,89,medium
v1_cosine,FZJingYLLTJW,u0070,western,test,0.9486832981,0.9128709292,True,0.4304932735,89,89,medium
v1_cosine,FZJingYLLTJW,u0071,western,test,0.9486832981,0.9128709292,True,0.4304932735,89,89,medium
v1_cosine,FZJingYLLTJW,u0075,western,test,0.9486832981,0.9128709292,True,0.4304932735,89,89,medium
v1_cosine,FZJingYLLTJW,u00E0,western,test,0.316227766,0.1825741858,True,0.4304932735,89,89,medium
v1_cosine,FZJingYLLTJW,u00E9,western,test,0.9486832981,0.9128709292,True,0.4304932735,89,89,medium
v1_cosine,FZJingYLLTJW,u00FC,western,test,0.9486832981,0.9128709292,True,0.4304932735,89,89,medium
v1_cosine,FZJingYLLTJW,u0101,western,test,0.9486832981,0.9128709292,True,0.4304932735,89,89,medium
v1_cosine,FZJingYLLTJW,u011B,western,test,0.9486832981,0.9128709292,True,0.4304932735,89,89,medium
v1_cosine,FZLingFKSJW-B,u0030,western,test,0.632455532,0.5477225575,True,0.634529148,89,89,hard
v1_cosine,FZLingFKSJW-B,u0031,western,test,0.9486832981,0.9128709292,True,0.634529148,89,89,hard
v1_cosine,FZLingFKSJW-B,u0032,western,test,0.9486832981,0.9128709292,True,0.634529148,89,89,hard
v1_cosine,FZLingFKSJW-B,u0033,western,test,0.9486832981,0.9128709292,True,0.634529148,89,89,hard
v1_cosine,FZLingFKSJW-B,u0034,western,test,0.9486832981,0.9128709292,True,0.634529148,89,89,hard
v1_cosine,FZLingFKSJW-B,u0035,western,test,0.9486832981,0.9128709292,True,0.634529148,89,89,hard
v1_cosine,FZLingFKSJW-B,u0036,western,test,0.9486832981,0.9128709292,True,0.634529148,89,89,hard
v1_cosine,FZLingFKSJW-B,u0037,western,test,0.9486832981,0.9128709292,True,0.634529148,89,89,hard
v1_cosine,FZLingFKSJW-B,u0038,western,test,0.9486832981,0.9128709292,True,0.634529148,89,89,hard
v1_cosine,FZLingFKSJW-B,u0039,western,test,0.9486832981,0.9128709292,True,0.634529148,89,89,hard
v1_cosine,FZLingFKSJW-B,u0041,western,test,0.7378647874,0.5477225575,True,0.634529148,89,89,hard
v1_cosine,FZLingFKSJW-B,u0042,western,test,0.316227766,0.1825741858,True,0.634529148,89,89,hard
v1_cosine,FZLingFKSJW-B,u0043,western,test,0.632455532,0.5477225575,True,0.634529148,89,89,hard
v1_cosine,FZLingFKSJW-B,u0047,western,test,0.316227766,0.1825741858,True,0.634529148,89,89,hard
v1_cosine,FZLingFKSJW-B,u004D,western,test,0.9486832981,0.9128709292,True,0.634529148,89,89,hard
v1_cosine,FZLingFKSJW-B,u004F,western,test,0.7378647874,0.5477225575,True,0.634529148,89,89,hard
v1_cosine,FZLingFKSJW-B,u0051,western,test,0.9486832981,0.9128709292,True,0.634529148,89,89,hard
v1_cosine,FZLingFKSJW-B,u0052,western,test,0.632455532,0.5477225575,True,0.634529148,89,89,hard
v1_cosine,FZLingFKSJW-B,u0057,western,test,0.9486832981,0.9128709292,True,0.634529148,89,89,hard
v1_cosine,FZLingFKSJW-B,u0061,western,test,0.9486832981,0.9128709292,True,0.634529148,89,89,hard
v1_cosine,FZLingFKSJW-B,u0062,western,test,0.9486832981,0.9128709292,True,0.634529148,89,89,hard
v1_cosine,FZLingFKSJW-B,u0063,western,test,0.7378647874,0.5477225575,True,0.634529148,89,89,hard
v1_cosine,FZLingFKSJW-B,u0064,western,test,0.9486832981,0.9128709292,True,0.634529148,89,89,hard
v1_cosine,FZLingFKSJW-B,u0065,western,test,0.316227766,0.1825741858,True,0.634529148,89,89,hard
v1_cosine,FZLingFKSJW-B,u0067,western,test,0.316227766,0.1825741858,True,0.634529148,89,89,hard
v1_cosine,FZLingFKSJW-B,u0069,western,test,0.9486832981,0.9128709292,True,0.634529148,89,89,hard
v1_cosine,FZLingFKSJW-B,u006C,western,test,0.632455532,0.5477225575,True,0.634529148,89,89,hard
v1_cosine,FZLingFKSJW-B,u006E,western,test,0.9486832981,0.9128709292,True,0.634529148,89,89,hard
v1_cosine,FZLingFKSJW-B,u006F,western,test,0.316227766,0.1825741858,True,0.634529148,89,89,hard
v1_cosine,FZLingFKSJW-B,u0070,western,test,0.9486832981,0.9128709292,True,0.634529148,89,89,hard
v1_cosine,FZLingFKSJW-B,u0071,western,test,0.316227766,0.1825741858,True,0.634529148,89,89,hard
v1_cosine,FZLingFKSJW-B,u0075,western,test,0.9486832981,0.9128709292,True,0.634529148,89,89,hard
v1_cosine,FZLingFKSJW-B,u00E0,western,test,0.316227766,0.1825741858,True,0.634529148,89,89,hard
v1_cosine,FZLingFKSJW-B,u00E9,western,test,0.316227766,0.1825741858,True,0.634529148,89,89,hard
v1_cosine,FZLingFKSJW-B,u00FC,western,test,0.316227766,0.1825741858,True,0.634529148,89,89,hard
v1_cosine,FZLingFKSJW-B,u0101,western,test,0.9486832981,0.9128709292,True,0.634529148,89,89,hard
v1_cosine,FZLingFKSJW-B,u011B,western,test,0.316227766,0.1825741858,True,0.634529148,89,89,hard
v1_cosine,FZLingFKSJW-B,u3042,kana,test,0.632455532,0.5477225575,True,0.5531914894,169,169,medium
v1_cosine,FZLingFKSJW-B,u304B,kana,test,0.632455532,0.5477225575,True,0.5531914894,169,169,medium
v1_cosine,FZLingFKSJW-B,u3055,kana,test,0.9486832981,0.9128709292,True,0.5531914894,169,169,medium
v1_cosine,FZLingFKSJW-B,u3093,kana,test,0.9486832981,0.9128709292,True,0.5531914894,169,169,medium
v1_cosine,FZLingFKSJW-B,u30A2,kana,test,0.9486832981,0.9128709292,True,0.5531914894,169,169,medium
v1_cosine,FZLingFKSJW-B,u30AB,kana,test,0.632455532,0.5477225575,True,0.5531914894,169,169,medium
v1_cosine,FZLingFKSJW-B,u30F3,kana,test,0.632455532,0.5477225575,True,0.5531914894,169,169,medium
v1_cosine,FZLingFKSJW-B,u3105,bopomofo,test,0.632455532,0.5477225575,True,0.5192307692,37,37,medium
v1_cosine,FZLingFKSJW-B,u3106,bopomofo,test,0.632455532,0.5477225575,True,0.5192307692,37,37,medium
v1_cosine,FZLingFKSJW-B,u311A,bopomofo,test,0.9486832981,0.9128709292,True,0.5192307692,37,37,medium
v1_cosine,FZLiuGQKJW-L,u0030,western,test,0.9486832981,0.9128709292,True,0.7264573991,89,89,hard
v1_cosine,FZLiuGQKJW-L,u0031,western,test,0.316227766,0.1825741858,True,0.7264573991,89,89,hard
v1_cosine,FZLiuGQKJW-L,u0032,western,test,0.9486832981,0.9128709292,True,0.7264573991,89,89,hard
v1_cosine,FZLiuGQKJW-L,u0033,western,test,0.9486832981,0.9128709292,True,0.7264573991,89,89,hard
v1_cosine,FZLiuGQKJW-L,u0034,western,test,0.316227766,0.1825741858,True,0.7264573991,89,89,hard
v1_cosine,FZLiuGQKJW-L,u0035,western,test,0.632455532,0.5477225575,True,0.7264573991,89,89,hard
v1_cosine,FZLiuGQKJW-L,u0036,western,test,0.9486832981,0.9128709292,True,0.7264573991,89,89,hard
v1_cosine,FZLiuGQKJW-L,u0037,western,test,0.7378647874,0.5477225575,True,0.7264573991,89,89,hard
v1_cosine,FZLiuGQKJW-L,u0038,western,test,0.9486832981,0.9128709292,True,0.7264573991,89,89,hard
v1_cosine,FZLiuGQKJW-L,u0039,western,test,0.9486832981,0.9128709292,True,0.7264573991,89,89,hard
v1_cosine,FZLiuGQKJW-L,u0041,western,test,0.9486832981,0.9128709292,True,0.7264573991,89,89,hard
v1_cosine,FZLiuGQKJW-L,u0042,western,test,0.9486832981,0.9128709292,True,0.7264573991,89,89,hard
v1_cosine,FZLiuGQKJW-L,u0043,western,test,0.9486832981,0.9128709292,True,0.7264573991,89,89,hard
v1_cosine,FZLiuGQKJW-L,u0047,western,test,0.9486832981,0.9128709292,True,0.7264573991,89,89,hard
v1_cosine,FZLiuGQKJW-L,u004D,western,test,0.9486832981,0.9128709292,True,0.7264573991,89,89,hard
v1_cosine,FZLiuGQKJW-L,u004F,western,test,0.9486832981,0.9128709292,True,0.7264573991,89,89,hard
v1_cosine,FZLiuGQKJW-L,u0051,western,test,0.9486832981,0.9128709292,True,0.7264573991,89,89,hard
v1_cosine,FZLiuGQKJW-L,u0052,western,test,0.9486832981,0.9128709292,True,0.7264573991,89,89,hard
v1_cosine,FZLiuGQKJW-L,u0057,western,test,0.9486832981,0.9128709292,True,0.7264573991,89,89,hard
v1_cosine,FZLiuGQKJW-L,u0061,western,test,0.9486832981,0.9128709292,True,0.7264573991,89,89,hard
v1_cosine,FZLiuGQKJW-L,u0062,western,test,0.632455532,0.5477225575,True,0.7264573991,89,89,hard
v1_cosine,FZLiuGQKJW-L,u0063,western,test,0.9486832981,0.9128709292,True,0.7264573991,89,89,hard
v1_cosine,FZLiuGQKJW-L,u0064,western,test,0.9486832981,0.9128709292,True,0.7264573991,89,89,hard
v1_cosine,FZLiuGQKJW-L,u0065,western,test,0.9486832981,0.9128709292,True,0.7264573991,89,89,hard
v1_cosine,FZLiuGQKJW-L,u0067,western,test,0.9486832981,0.9128709292,True,0.7264573991,89,89,hard
v1_cosine,FZLiuGQKJW-L,u0069,western,test,0.9486832981,0.9128709292,True,0.7264573991,89,89,hard
v1_cosine,FZLiuGQKJW-L,u006C,western,test,0.9486832981,0.9128709292,True,0.7264573991,89,89,hard
v1_cosine,FZLiuGQKJW-L,u006E,western,test,0.316227766,0.1825741858,True,0.7264573991,89,89,hard
v1_cosine,FZLiuGQKJW-L,u006F,western,test,0.9486832981,0.9128709292,True,0.7264573991,89,89,hard
v1_cosine,FZLiuGQKJW-L,u0070,western,test,0.9486832981,0.9128709292,True,0.7264573991,89,89,hard
v1_cosine,FZLiuGQKJW-L,u0071,western,test,0.9486832981,0.9128709292,True,0.7264573991,89,89,hard
v1_cosine,FZLiuGQKJW-L,u0075,western,test,0.632455532,0.5477225575,True,0.7264573991,89,89,hard
v1_cosine,FZLiuGQKJW-L,u00E0,western,test,0.9486832981,0.9128709292,True,0.7264573991,89,89,hard
v1_cosine,FZLiuGQKJW-L,u00E9,western,test,0.9486832981,0.9128709292,True,0.7264573991,89,89,hard
v1_cosine,FZLiuGQKJW-L,u00FC,western,test,0.9486832981,0.9128709292,True,0.7264573991,89,89,hard
v1_cosine,FZLiuGQKJW-L,u0101,western,test,0.9486832981,0.9128709292,True,0.7264573991,89,89,hard
v1_cosine,FZLiuGQKJW-L,u011B,western,test,0.9486832981,0.9128709292,True,0.7264573991,89,89,hard
v1_cosine,FZLiuGQKJW-L,u3042,kana,test,0.9486832981,0.9128709292,True,0.7473404255,169,169,hard
v1_cosine,FZLiuGQKJW-L,u304B,kana,test,0.9486832981,0.9128709292,True,0.7473404255,169,169,hard
v1_cosine,FZLiuGQKJW-L,u3055,kana,test,0.632455532,0.5477225575,True,0.7473404255,169,169,hard
v1_cosine,FZLiuGQKJW-L,u3093,kana,test,0.316227766,0.1825741858,True,0.7473404255,169,169,hard
v1_cosine,FZLiuGQKJW-L,u30A2,kana,test,0.9486832981,0.9128709292,True,0.7473404255,169,169,hard
v1_cosine,FZLiuGQKJW-L,u30AB,kana,test,0.9486832981,0.9128709292,True,0.7473404255,169,169,hard
v1_cosine,FZLiuGQKJW-L,u30F3,kana,test,0.9486832981,0.9128709292,True,0.7473404255,169,169,hard
v1_cosine,FZMaWDBSJW,u0030,western,test,0.9486832981,0.9128709292,True,0.5448430493,89,89,medium
v1_cosine,FZMaWDBSJW,u0031,western,test,0.9486832981,0.9128709292,True,0.5448430493,89,89,medium
v1_cosine,FZMaWDBSJW,u0032,western,test,0.9486832981,0.9128709292,True,0.5448430493,89,89,medium
v1_cosine,FZMaWDBSJW,u0033,western,test,0.9486832981,0.9128709292,True,0.5448430493,89,89,medium
v1_cosine,FZMaWDBSJW,u0034,western,test,0.9486832981,0.9128709292,True,0.5448430493,89,89,medium
v1_cosine,FZMaWDBSJW,u0035,western,test,0.9486832981,0.9128709292,True,0.5448430493,89,89,medium
v1_cosine,FZMaWDBSJW,u0036,western,test,0.9486832981,0.9128709292,True,0.5448430493,89,89,medium
v1_cosine,FZMaWDBSJW,u0037,western,test,0.9486832981,0.9128709292,True,0.5448430493,89,89,medium
v1_cosine,FZMaWDBSJW,u0038,western,test,0.9486832981,0.9128709292,True,0.5448430493,89,89,medium
v1_cosine,FZMaWDBSJW,u0039,western,test,0.9486832981,0.9128709292,True,0.5448430493,89,89,medium
v1_cosine,FZMaWDBSJW,u0041,western,test,0.9486832981,0.9128709292,True,0.5448430493,89,89,medium
v1_cosine,FZMaWDBSJW,u0042,western,test,0.9486832981,0.9128709292,True,0.5448430493,89,89,medium
v1_cosine,FZMaWDBSJW,u0043,western,test,0.9486832981,0.9128709292,True,0.5448430493,89,89,medium
v1_cosine,FZMaWDBSJW,u0047,western,test,0.9486832981,0.9128709292,True,0.5448430493,89,89,medium
v1_cosine,FZMaWDBSJW,u004D,western,test,0.9486832981,0.9128709292,True,0.5448430493,89,89,medium
v1_cosine,FZMaWDBSJW,u004F,western,test,0.9486832981,0.9128709292,True,0.5448430493,89,89,medium
v1_cosine,FZMaWDBSJW,u0051,western,test,0.9486832981,0.9128709292,True,0.5448430493,89,89,medium
v1_cosine,FZMaWDBSJW,u0052,western,test,0.9486832981,0.9128709292,True,0.5448430493,89,89,medium
v1_cosine,FZMaWDBSJW,u0057,western,test,0.9486832981,0.9128709292,True,0.5448430493,89,89,medium
v1_cosine,FZMaWDBSJW,u0061,western,test,0.632455532,0.5477225575,True,0.5448430493,89,89,medium
v1_cosine,FZMaWDBSJW,u0062,western,test,0.9486832981,0.9128709292,True,0.5448430493,89,89,medium
v1_cosine,FZMaWDBSJW,u0063,western,test,0.9486832981,0.9128709292,True,0.5448430493,89,89,medium
v1_cosine,FZMaWDBSJW,u0064,western,test,0.9486832981,0.9128709292,True,0.5448430493,89,89,medium
v1_cosine,FZMaWDBSJW,u0065,western,test,0.9486832981,0.9128709292,True,0.5448430493,89,89,medium
v1_cosine,FZMaWDBSJW,u0067,western,test,0.9486832981,0.9128709292,True,0.5448430493,89,89,medium
v1_cosine,FZMaWDBSJW,u0069,western,test,0.9486832981,0.9128709292,True,0.5448430493,89,89,medium
v1_cosine,FZMaWDBSJW,u006C,western,test,0.9486832981,0.9128709292,True,0.5448430493,89,89,medium
v1_cosine,FZMaWDBSJW,u006E,western,test,0.9486832981,0.9128709292,True,0.5448430493,89,89,medium
v1_cosine,FZMaWDBSJW,u006F,western,test,0.9486832981,0.9128709292,True,0.5448430493,89,89,medium
v1_cosine,FZMaWDBSJW,u0070,western,test,0.9486832981,0.9128709292,True,0.5448430493,89,89,medium
v1_cosine,FZMaWDBSJW,u0071,western,test,0.9486832981,0.9128709292,True,0.5448430493,89,89,medium
v1_cosine,FZMaWDBSJW,u0075,western,test,0.9486832981,0.9128709292,True,0.5448430493,89,89,medium
v1_cosine,FZMaWDBSJW,u00E0,western,test,0.9486832981,0.9128709292,True,0.5448430493,89,89,medium
v1_cosine,FZMaWDBSJW,u00E9,western,test,0.9486832981,0.9128709292,True,0.5448430493,89,89,medium
v1_cosine,FZMaWDBSJW,u00FC,western,test,0.9486832981,0.9128709292,True,0.5448430493,89,89,medium
v1_cosine,FZMaWDBSJW,u0101,western,test,0.9486832981,0.9128709292,True,0.5448430493,89,89,medium
v1_cosine,FZMaWDBSJW,u011B,western,test,0.9486832981,0.9128709292,True,0.5448430493,89,89,medium
v1_cosine,FZMaWDBSJW,u3042,kana,test,0.9486832981,0.9128709292,True,0.5079787234,169,169,medium
v1_cosine,FZMaWDBSJW,u304B,kana,test,0.9486832981,0.9128709292,True,0.5079787234,169,169,medium
v1_cosine,FZMaWDBSJW,u3055,kana,test,0.9486832981,0.9128709292,True,0.5079787234,169,169,medium
v1_cosine,FZMaWDBSJW,u3093,kana,test,0.9486832981,0.9128709292,True,0.5079787234,169,169,medium
v1_cosine,FZMaWDBSJW,u30A2,kana,test,0.9486832981,0.9128709292,True,0.5079787234,169,169,medium
v1_cosine,FZMaWDBSJW,u30AB,kana,test,0.9486832981,0.9128709292,True,0.5079787234,169,169,medium
v1_cosine,FZMaWDBSJW,u30F3,kana,test,0.9486832981,0.9128709292,True,0.5079787234,169,169,medium
v1_cosine,FZMaWDBSJW,u3105,bopomofo,test,,,False,0.4884615385,37,37,medium
v1_cosine,FZMaWDBSJW,u3106,bopomofo,test,,,False,0.4884615385,37,37,medium
v1_cosine,FZMaWDBSJW,u311A,bopomofo,test,,,False,0.4884615385,37,37,medium
v1_cosine,FZTJLSJW,u0030,western,test,0.9486832981,0.9128709292,True,0.8004484305,89,89,hard
v1_cosine,FZTJLSJW,u0031,western,test,0.9486832981,0.9128709292,True,0.8004484305,89,89,hard
v1_cosine,FZTJLSJW,u0032,western,test,0.9486832981,0.9128709292,True,0.8004484305,89,89,hard
v1_cosine,FZTJLSJW,u0033,western,test,0.9486832981,0.9128709292,True,0.8004484305,89,89,hard
v1_cosine,FZTJLSJW,u0034,western,test,0.9486832981,0.9128709292,True,0.8004484305,89,89,hard
v1_cosine,FZTJLSJW,u0035,western,test,0.9486832981,0.9128709292,True,0.8004484305,89,89,hard
v1_cosine,FZTJLSJW,u0036,western,test,0.9486832981,0.9128709292,True,0.8004484305,89,89,hard
v1_cosine,FZTJLSJW,u0037,western,test,0.9486832981,0.9128709292,True,0.8004484305,89,89,hard
v1_cosine,FZTJLSJW,u0038,western,test,0.9486832981,0.9128709292,True,0.8004484305,89,89,hard
v1_cosine,FZTJLSJW,u0039,western,test,0.9486832981,0.9128709292,True,0.8004484305,89,89,hard
v1_cosine,FZTJLSJW,u0041,western,test,0.9486832981,0.9128709292,True,0.8004484305,89,89,hard
v1_cosine,FZTJLSJW,u0042,western,test,0.9486832981,0.9128709292,True,0.8004484305,89,89,hard
v1_cosine,FZTJLSJW,u0043,western,test,0.9486832981,0.9128709292,True,0.8004484305,89,89,hard
v1_cosine,FZTJLSJW,u0047,western,test,0.9486832981,0.9128709292,True,0.8004484305,89,89,hard
v1_cosine,FZTJLSJW,u004D,western,test,0.9486832981,0.9128709292,True,0.8004484305,89,89,hard
v1_cosine,FZTJLSJW,u004F,western,test,0.9486832981,0.9128709292,True,0.8004484305,89,89,hard
v1_cosine,FZTJLSJW,u0051,western,test,0.9486832981,0.9128709292,True,0.8004484305,89,89,hard
v1_cosine,FZTJLSJW,u0052,western,test,0.9486832981,0.9128709292,True,0.8004484305,89,89,hard
v1_cosine,FZTJLSJW,u0057,western,test,0.9486832981,0.9128709292,True,0.8004484305,89,89,hard
v1_cosine,FZTJLSJW,u0061,western,test,0.9486832981,0.9128709292,True,0.8004484305,89,89,hard
v1_cosine,FZTJLSJW,u0062,western,test,0.632455532,0.5477225575,True,0.8004484305,89,89,hard
v1_cosine,FZTJLSJW,u0063,western,test,0.9486832981,0.9128709292,True,0.8004484305,89,89,hard
v1_cosine,FZTJLSJW,u0064,western,test,0.9486832981,0.9128709292,True,0.8004484305,89,89,hard
v1_cosine,FZTJLSJW,u0065,western,test,0.9486832981,0.9128709292,True,0.8004484305,89,89,hard
v1_cosine,FZTJLSJW,u0067,western,test,0.9486832981,0.9128709292,True,0.8004484305,89,89,hard
v1_cosine,FZTJLSJW,u0069,western,test,0.9486832981,0.9128709292,True,0.8004484305,89,89,hard
v1_cosine,FZTJLSJW,u006C,western,test,0.9486832981,0.9128709292,True,0.8004484305,89,89,hard
v1_cosine,FZTJLSJW,u006E,western,test,0.9486832981,0.9128709292,True,0.8004484305,89,89,hard
v1_cosine,FZTJLSJW,u006F,western,test,0.9486832981,0.9128709292,True,0.8004484305,89,89,hard
v1_cosine,FZTJLSJW,u0070,western,test,0.9486832981,0.9128709292,True,0.8004484305,89,89,hard
v1_cosine,FZTJLSJW,u0071,western,test,0.9486832981,0.9128709292,True,0.8004484305,89,89,hard
v1_cosine,FZTJLSJW,u0075,western,test,0.9486832981,0.9128709292,True,0.8004484305,89,89,hard
v1_cosine,FZTJLSJW,u00E0,western,test,0.9486832981,0.9128709292,True,0.8004484305,89,89,hard
v1_cosine,FZTJLSJW,u00E9,western,test,0.9486832981,0.9128709292,True,0.8004484305,89,89,hard
v1_cosine,FZTJLSJW,u00FC,western,test,0.9486832981,0.9128709292,True,0.8004484305,89,89,hard
v1_cosine,FZTJLSJW,u0101,western,test,0.9486832981,0.9128709292,True,0.8004484305,89,89,hard
v1_cosine,FZTJLSJW,u011B,western,test,0.9486832981,0.9128709292,True,0.8004484305,89,89,hard
v1_head,FZBuGTJW,u0030,western,test,0.316227766,0.1825741858,True,0.5,89,89,medium
v1_head,FZBuGTJW,u0031,western,test,0.316227766,0.1825741858,True,0.5,89,89,medium
v1_head,FZBuGTJW,u0032,western,test,0.316227766,0.1825741858,True,0.5,89,89,medium
v1_head,FZBuGTJW,u0033,western,test,0.9486832981,0.9128709292,True,0.5,89,89,medium
v1_head,FZBuGTJW,u0034,western,test,0.9486832981,0.9128709292,True,0.5,89,89,medium
v1_head,FZBuGTJW,u0035,western,test,0.632455532,0.5477225575,True,0.5,89,89,medium
v1_head,FZBuGTJW,u0036,western,test,0.9486832981,0.9128709292,True,0.5,89,89,medium
v1_head,FZBuGTJW,u0037,western,test,0.9486832981,0.9128709292,True,0.5,89,89,medium
v1_head,FZBuGTJW,u0038,western,test,0.632455532,0.5477225575,True,0.5,89,89,medium
v1_head,FZBuGTJW,u0039,western,test,0.632455532,0.5477225575,True,0.5,89,89,medium
v1_head,FZBuGTJW,u0041,western,test,0.9486832981,0.9128709292,True,0.5,89,89,medium
v1_head,FZBuGTJW,u0042,western,test,0.9486832981,0.9128709292,True,0.5,89,89,medium
v1_head,FZBuGTJW,u0043,western,test,0.9486832981,0.9128709292,True,0.5,89,89,medium
v1_head,FZBuGTJW,u0047,western,test,0.9486832981,0.9128709292,True,0.5,89,89,medium
v1_head,FZBuGTJW,u004D,western,test,0.9486832981,0.9128709292,True,0.5,89,89,medium
v1_head,FZBuGTJW,u004F,western,test,0.9486832981,0.9128709292,True,0.5,89,89,medium
v1_head,FZBuGTJW,u0051,western,test,0.9486832981,0.9128709292,True,0.5,89,89,medium
v1_head,FZBuGTJW,u0052,western,test,0.9486832981,0.9128709292,True,0.5,89,89,medium
v1_head,FZBuGTJW,u0057,western,test,0.9486832981,0.9128709292,True,0.5,89,89,medium
v1_head,FZBuGTJW,u0061,western,test,0.9486832981,0.9128709292,True,0.5,89,89,medium
v1_head,FZBuGTJW,u0062,western,test,0.9486832981,0.9128709292,True,0.5,89,89,medium
v1_head,FZBuGTJW,u0063,western,test,0.7378647874,0.5477225575,True,0.5,89,89,medium
v1_head,FZBuGTJW,u0064,western,test,0.9486832981,0.9128709292,True,0.5,89,89,medium
v1_head,FZBuGTJW,u0065,western,test,0.9486832981,0.9128709292,True,0.5,89,89,medium
v1_head,FZBuGTJW,u0067,western,test,0.9486832981,0.9128709292,True,0.5,89,89,medium
v1_head,FZBuGTJW,u0069,western,test,0.9486832981,0.9128709292,True,0.5,89,89,medium
v1_head,FZBuGTJW,u006C,western,test,0.7378647874,0.5477225575,True,0.5,89,89,medium
v1_head,FZBuGTJW,u006E,western,test,0.632455532,0.5477225575,True,0.5,89,89,medium
v1_head,FZBuGTJW,u006F,western,test,0.9486832981,0.9128709292,True,0.5,89,89,medium
v1_head,FZBuGTJW,u0070,western,test,0.9486832981,0.9128709292,True,0.5,89,89,medium
v1_head,FZBuGTJW,u0071,western,test,0.9486832981,0.9128709292,True,0.5,89,89,medium
v1_head,FZBuGTJW,u0075,western,test,0.316227766,0.1825741858,True,0.5,89,89,medium
v1_head,FZBuGTJW,u00E0,western,test,0.9486832981,0.9128709292,True,0.5,89,89,medium
v1_head,FZBuGTJW,u00E9,western,test,0.9486832981,0.9128709292,True,0.5,89,89,medium
v1_head,FZBuGTJW,u00FC,western,test,0.9486832981,0.9128709292,True,0.5,89,89,medium
v1_head,FZBuGTJW,u0101,western,test,0.632455532,0.5477225575,True,0.5,89,89,medium
v1_head,FZBuGTJW,u011B,western,test,0.632455532,0.5477225575,True,0.5,89,89,medium
v1_head,FZBuGTJW,u3042,kana,test,0.632455532,0.5477225575,True,0.545212766,169,169,medium
v1_head,FZBuGTJW,u304B,kana,test,0.632455532,0.5477225575,True,0.545212766,169,169,medium
v1_head,FZBuGTJW,u3055,kana,test,0.9486832981,0.9128709292,True,0.545212766,169,169,medium
v1_head,FZBuGTJW,u3093,kana,test,0.9486832981,0.9128709292,True,0.545212766,169,169,medium
v1_head,FZBuGTJW,u30A2,kana,test,0.632455532,0.5477225575,True,0.545212766,169,169,medium
v1_head,FZBuGTJW,u30AB,kana,test,0.632455532,0.5477225575,True,0.545212766,169,169,medium
v1_head,FZBuGTJW,u30F3,kana,test,0.9486832981,0.9128709292,True,0.545212766,169,169,medium
v1_head,FZBuGTJW,u3105,bopomofo,test,0.9486832981,0.9128709292,True,0.4961538462,37,37,medium
v1_head,FZBuGTJW,u3106,bopomofo,test,0.9486832981,0.9128709292,True,0.4961538462,37,37,medium
v1_head,FZBuGTJW,u311A,bopomofo,test,0.632455532,0.5477225575,True,0.4961538462,37,37,medium
v1_head,FZChuangHJW_DB,u0030,western,test,0.316227766,0.1825741858,True,0.6031390135,89,89,hard
v1_head,FZChuangHJW_DB,u0031,western,test,0.9486832981,0.9128709292,True,0.6031390135,89,89,hard
v1_head,FZChuangHJW_DB,u0032,western,test,0.9486832981,0.9128709292,True,0.6031390135,89,89,hard
v1_head,FZChuangHJW_DB,u0033,western,test,0.9486832981,0.9128709292,True,0.6031390135,89,89,hard
v1_head,FZChuangHJW_DB,u0034,western,test,0.9486832981,0.9128709292,True,0.6031390135,89,89,hard
v1_head,FZChuangHJW_DB,u0035,western,test,0.9486832981,0.9128709292,True,0.6031390135,89,89,hard
v1_head,FZChuangHJW_DB,u0036,western,test,0.9486832981,0.9128709292,True,0.6031390135,89,89,hard
v1_head,FZChuangHJW_DB,u0037,western,test,0.9486832981,0.9128709292,True,0.6031390135,89,89,hard
v1_head,FZChuangHJW_DB,u0038,western,test,0.9486832981,0.9128709292,True,0.6031390135,89,89,hard
v1_head,FZChuangHJW_DB,u0039,western,test,0.9486832981,0.9128709292,True,0.6031390135,89,89,hard
v1_head,FZChuangHJW_DB,u0041,western,test,0.9486832981,0.9128709292,True,0.6031390135,89,89,hard
v1_head,FZChuangHJW_DB,u0042,western,test,0.9486832981,0.9128709292,True,0.6031390135,89,89,hard
v1_head,FZChuangHJW_DB,u0043,western,test,0.9486832981,0.9128709292,True,0.6031390135,89,89,hard
v1_head,FZChuangHJW_DB,u0047,western,test,0.9486832981,0.9128709292,True,0.6031390135,89,89,hard
v1_head,FZChuangHJW_DB,u004D,western,test,0.9486832981,0.9128709292,True,0.6031390135,89,89,hard
v1_head,FZChuangHJW_DB,u004F,western,test,0.9486832981,0.9128709292,True,0.6031390135,89,89,hard
v1_head,FZChuangHJW_DB,u0051,western,test,0.9486832981,0.9128709292,True,0.6031390135,89,89,hard
v1_head,FZChuangHJW_DB,u0052,western,test,0.632455532,0.5477225575,True,0.6031390135,89,89,hard
v1_head,FZChuangHJW_DB,u0057,western,test,0.9486832981,0.9128709292,True,0.6031390135,89,89,hard
v1_head,FZChuangHJW_DB,u0061,western,test,0.9486832981,0.9128709292,True,0.6031390135,89,89,hard
v1_head,FZChuangHJW_DB,u0062,western,test,0.9486832981,0.9128709292,True,0.6031390135,89,89,hard
v1_head,FZChuangHJW_DB,u0063,western,test,0.9486832981,0.9128709292,True,0.6031390135,89,89,hard
v1_head,FZChuangHJW_DB,u0064,western,test,0.9486832981,0.9128709292,True,0.6031390135,89,89,hard
v1_head,FZChuangHJW_DB,u0065,western,test,0.632455532,0.5477225575,True,0.6031390135,89,89,hard
v1_head,FZChuangHJW_DB,u0067,western,test,0.9486832981,0.9128709292,True,0.6031390135,89,89,hard
v1_head,FZChuangHJW_DB,u0069,western,test,0.9486832981,0.9128709292,True,0.6031390135,89,89,hard
v1_head,FZChuangHJW_DB,u006C,western,test,0.9486832981,0.9128709292,True,0.6031390135,89,89,hard
v1_head,FZChuangHJW_DB,u006E,western,test,0.9486832981,0.9128709292,True,0.6031390135,89,89,hard
v1_head,FZChuangHJW_DB,u006F,western,test,0.9486832981,0.9128709292,True,0.6031390135,89,89,hard
v1_head,FZChuangHJW_DB,u0070,western,test,0.9486832981,0.9128709292,True,0.6031390135,89,89,hard
v1_head,FZChuangHJW_DB,u0071,western,test,0.9486832981,0.9128709292,True,0.6031390135,89,89,hard
v1_head,FZChuangHJW_DB,u0075,western,test,0.9486832981,0.9128709292,True,0.6031390135,89,89,hard
v1_head,FZChuangHJW_DB,u00E0,western,test,0.7378647874,0.5477225575,True,0.6031390135,89,89,hard
v1_head,FZChuangHJW_DB,u00E9,western,test,0.9486832981,0.9128709292,True,0.6031390135,89,89,hard
v1_head,FZChuangHJW_DB,u00FC,western,test,0.9486832981,0.9128709292,True,0.6031390135,89,89,hard
v1_head,FZChuangHJW_DB,u0101,western,test,0.9486832981,0.9128709292,True,0.6031390135,89,89,hard
v1_head,FZChuangHJW_DB,u011B,western,test,0.9486832981,0.9128709292,True,0.6031390135,89,89,hard
v1_head,FZChuangHJW_DB,u3042,kana,test,0.9486832981,0.9128709292,True,0.4920212766,169,169,medium
v1_head,FZChuangHJW_DB,u304B,kana,test,0.9486832981,0.9128709292,True,0.4920212766,169,169,medium
v1_head,FZChuangHJW_DB,u3055,kana,test,0.9486832981,0.9128709292,True,0.4920212766,169,169,medium
v1_head,FZChuangHJW_DB,u3093,kana,test,0.9486832981,0.9128709292,True,0.4920212766,169,169,medium
v1_head,FZChuangHJW_DB,u30A2,kana,test,0.9486832981,0.9128709292,True,0.4920212766,169,169,medium
v1_head,FZChuangHJW_DB,u30AB,kana,test,0.9486832981,0.9128709292,True,0.4920212766,169,169,medium
v1_head,FZChuangHJW_DB,u30F3,kana,test,0.632455532,0.5477225575,True,0.4920212766,169,169,medium
v1_head,FZCuanBZBKSJW,u0030,western,test,0.9486832981,0.9128709292,True,0.5403587444,89,89,medium
v1_head,FZCuanBZBKSJW,u0031,western,test,0.316227766,0.1825741858,True,0.5403587444,89,89,medium
v1_head,FZCuanBZBKSJW,u0032,western,test,0.9486832981,0.9128709292,True,0.5403587444,89,89,medium
v1_head,FZCuanBZBKSJW,u0033,western,test,0.7378647874,0.5477225575,True,0.5403587444,89,89,medium
v1_head,FZCuanBZBKSJW,u0034,western,test,0.632455532,0.5477225575,True,0.5403587444,89,89,medium
v1_head,FZCuanBZBKSJW,u0035,western,test,0.7378647874,0.5477225575,True,0.5403587444,89,89,medium
v1_head,FZCuanBZBKSJW,u0036,western,test,0.9486832981,0.9128709292,True,0.5403587444,89,89,medium
v1_head,FZCuanBZBKSJW,u0037,western,test,0.9486832981,0.9128709292,True,0.5403587444,89,89,medium
v1_head,FZCuanBZBKSJW,u0038,western,test,0.9486832981,0.9128709292,True,0.5403587444,89,89,medium
v1_head,FZCuanBZBKSJW,u0039,western,test,0.9486832981,0.9128709292,True,0.5403587444,89,89,medium
v1_head,FZCuanBZBKSJW,u0041,western,test,0.9486832981,0.9128709292,True,0.5403587444,89,89,medium
v1_head,FZCuanBZBKSJW,u0042,western,test,0.9486832981,0.9128709292,True,0.5403587444,89,89,medium
v1_head,FZCuanBZBKSJW,u0043,western,test,0.9486832981,0.9128709292,True,0.5403587444,89,89,medium
v1_head,FZCuanBZBKSJW,u0047,western,test,0.9486832981,0.9128709292,True,0.5403587444,89,89,medium
v1_head,FZCuanBZBKSJW,u004D,western,test,0.9486832981,0.9128709292,True,0.5403587444,89,89,medium
v1_head,FZCuanBZBKSJW,u004F,western,test,0.9486832981,0.9128709292,True,0.5403587444,89,89,medium
v1_head,FZCuanBZBKSJW,u0051,western,test,0.9486832981,0.9128709292,True,0.5403587444,89,89,medium
v1_head,FZCuanBZBKSJW,u0052,western,test,0.9486832981,0.9128709292,True,0.5403587444,89,89,medium
v1_head,FZCuanBZBKSJW,u0057,western,test,0.9486832981,0.9128709292,True,0.5403587444,89,89,medium
v1_head,FZCuanBZBKSJW,u0061,western,test,0.632455532,0.5477225575,True,0.5403587444,89,89,medium
v1_head,FZCuanBZBKSJW,u0062,western,test,0.316227766,0.1825741858,True,0.5403587444,89,89,medium
v1_head,FZCuanBZBKSJW,u0063,western,test,0.9486832981,0.9128709292,True,0.5403587444,89,89,medium
v1_head,FZCuanBZBKSJW,u0064,western,test,0.9486832981,0.9128709292,True,0.5403587444,89,89,medium
v1_head,FZCuanBZBKSJW,u0065,western,test,0.9486832981,0.9128709292,True,0.5403587444,89,89,medium
v1_head,FZCuanBZBKSJW,u0067,western,test,0.9486832981,0.9128709292,True,0.5403587444,89,89,medium
v1_head,FZCuanBZBKSJW,u0069,western,test,0.9486832981,0.9128709292,True,0.5403587444,89,89,medium
v1_head,FZCuanBZBKSJW,u006C,western,test,0.632455532,0.5477225575,True,0.5403587444,89,89,medium
v1_head,FZCuanBZBKSJW,u006E,western,test,0.9486832981,0.9128709292,True,0.5403587444,89,89,medium
v1_head,FZCuanBZBKSJW,u006F,western,test,0.632455532,0.5477225575,True,0.5403587444,89,89,medium
v1_head,FZCuanBZBKSJW,u0070,western,test,0.9486832981,0.9128709292,True,0.5403587444,89,89,medium
v1_head,FZCuanBZBKSJW,u0071,western,test,0.632455532,0.5477225575,True,0.5403587444,89,89,medium
v1_head,FZCuanBZBKSJW,u0075,western,test,0.632455532,0.5477225575,True,0.5403587444,89,89,medium
v1_head,FZCuanBZBKSJW,u00E0,western,test,0.632455532,0.5477225575,True,0.5403587444,89,89,medium
v1_head,FZCuanBZBKSJW,u00E9,western,test,0.9486832981,0.9128709292,True,0.5403587444,89,89,medium
v1_head,FZCuanBZBKSJW,u00FC,western,test,0.9486832981,0.9128709292,True,0.5403587444,89,89,medium
v1_head,FZCuanBZBKSJW,u0101,western,test,0.9486832981,0.9128709292,True,0.5403587444,89,89,medium
v1_head,FZCuanBZBKSJW,u011B,western,test,0.9486832981,0.9128709292,True,0.5403587444,89,89,medium
v1_head,FZCuanBZBKSJW,u3042,kana,test,0.632455532,0.5477225575,True,0.5824468085,169,169,medium
v1_head,FZCuanBZBKSJW,u304B,kana,test,0.9486832981,0.9128709292,True,0.5824468085,169,169,medium
v1_head,FZCuanBZBKSJW,u3055,kana,test,0.9486832981,0.9128709292,True,0.5824468085,169,169,medium
v1_head,FZCuanBZBKSJW,u3093,kana,test,0.632455532,0.5477225575,True,0.5824468085,169,169,medium
v1_head,FZCuanBZBKSJW,u30A2,kana,test,0.9486832981,0.9128709292,True,0.5824468085,169,169,medium
v1_head,FZCuanBZBKSJW,u30AB,kana,test,0.9486832981,0.9128709292,True,0.5824468085,169,169,medium
v1_head,FZCuanBZBKSJW,u30F3,kana,test,0.632455532,0.5477225575,True,0.5824468085,169,169,medium
v1_head,FZCuanBZBKSJW,u3105,bopomofo,test,0.316227766,0.1825741858,True,0.5769230769,37,37,hard
v1_head,FZCuanBZBKSJW,u3106,bopomofo,test,0.9486832981,0.9128709292,True,0.5769230769,37,37,hard
v1_head,FZCuanBZBKSJW,u311A,bopomofo,test,0.9486832981,0.9128709292,True,0.5769230769,37,37,hard
v1_head,FZDeSHJW_515H,u0030,western,test,0.9486832981,0.9128709292,True,0.3452914798,89,89,easy
v1_head,FZDeSHJW_515H,u0031,western,test,0.9486832981,0.9128709292,True,0.3452914798,89,89,easy
v1_head,FZDeSHJW_515H,u0032,western,test,0.9486832981,0.9128709292,True,0.3452914798,89,89,easy
v1_head,FZDeSHJW_515H,u0033,western,test,0.9486832981,0.9128709292,True,0.3452914798,89,89,easy
v1_head,FZDeSHJW_515H,u0034,western,test,0.9486832981,0.9128709292,True,0.3452914798,89,89,easy
v1_head,FZDeSHJW_515H,u0035,western,test,0.632455532,0.5477225575,True,0.3452914798,89,89,easy
v1_head,FZDeSHJW_515H,u0036,western,test,0.9486832981,0.9128709292,True,0.3452914798,89,89,easy
v1_head,FZDeSHJW_515H,u0037,western,test,0.9486832981,0.9128709292,True,0.3452914798,89,89,easy
v1_head,FZDeSHJW_515H,u0038,western,test,0.9486832981,0.9128709292,True,0.3452914798,89,89,easy
v1_head,FZDeSHJW_515H,u0039,western,test,0.9486832981,0.9128709292,True,0.3452914798,89,89,easy
v1_head,FZDeSHJW_515H,u0041,western,test,0.9486832981,0.9128709292,True,0.3452914798,89,89,easy
v1_head,FZDeSHJW_515H,u0042,western,test,0.632455532,0.5477225575,True,0.3452914798,89,89,easy
v1_head,FZDeSHJW_515H,u0043,western,test,0.9486832981,0.9128709292,True,0.3452914798,89,89,easy
v1_head,FZDeSHJW_515H,u0047,western,test,0.9486832981,0.9128709292,True,0.3452914798,89,89,easy
v1_head,FZDeSHJW_515H,u004D,western,test,0.9486832981,0.9128709292,True,0.3452914798,89,89,easy
v1_head,FZDeSHJW_515H,u004F,western,test,0.9486832981,0.9128709292,True,0.3452914798,89,89,easy
v1_head,FZDeSHJW_515H,u0051,western,test,0.9486832981,0.9128709292,True,0.3452914798,89,89,easy
v1_head,FZDeSHJW_515H,u0052,western,test,0.9486832981,0.9128709292,True,0.3452914798,89,89,easy
v1_head,FZDeSHJW_515H,u0057,western,test,0.9486832981,0.9128709292,True,0.3452914798,89,89,easy
v1_head,FZDeSHJW_515H,u0061,western,test,0.9486832981,0.9128709292,True,0.3452914798,89,89,easy
v1_head,FZDeSHJW_515H,u0062,western,test,0.9486832981,0.9128709292,True,0.3452914798,89,89,easy
v1_head,FZDeSHJW_515H,u0063,western,test,0.9486832981,0.9128709292,True,0.3452914798,89,89,easy
v1_head,FZDeSHJW_515H,u0064,western,test,0.632455532,0.5477225575,True,0.3452914798,89,89,easy
v1_head,FZDeSHJW_515H,u0065,western,test,0.9486832981,0.9128709292,True,0.3452914798,89,89,easy
v1_head,FZDeSHJW_515H,u0067,western,test,0.9486832981,0.9128709292,True,0.3452914798,89,89,easy
v1_head,FZDeSHJW_515H,u0069,western,test,0.9486832981,0.9128709292,True,0.3452914798,89,89,easy
v1_head,FZDeSHJW_515H,u006C,western,test,0.9486832981,0.9128709292,True,0.3452914798,89,89,easy
v1_head,FZDeSHJW_515H,u006E,western,test,0.9486832981,0.9128709292,True,0.3452914798,89,89,easy
v1_head,FZDeSHJW_515H,u006F,western,test,0.9486832981,0.9128709292,True,0.3452914798,89,89,easy
v1_head,FZDeSHJW_515H,u0070,western,test,0.9486832981,0.9128709292,True,0.3452914798,89,89,easy
v1_head,FZDeSHJW_515H,u0071,western,test,0.9486832981,0.9128709292,True,0.3452914798,89,89,easy
v1_head,FZDeSHJW_515H,u0075,western,test,0.9486832981,0.9128709292,True,0.3452914798,89,89,easy
v1_head,FZDeSHJW_515H,u00E0,western,test,0.9486832981,0.9128709292,True,0.3452914798,89,89,easy
v1_head,FZDeSHJW_515H,u00E9,western,test,0.9486832981,0.9128709292,True,0.3452914798,89,89,easy
v1_head,FZDeSHJW_515H,u00FC,western,test,0.9486832981,0.9128709292,True,0.3452914798,89,89,easy
v1_head,FZDeSHJW_515H,u0101,western,test,0.9486832981,0.9128709292,True,0.3452914798,89,89,easy
v1_head,FZDeSHJW_515H,u011B,western,test,0.9486832981,0.9128709292,True,0.3452914798,89,89,easy
v1_head,FZDeSHJW_515H,u3042,kana,test,0.9486832981,0.9128709292,True,0.2553191489,169,169,easy
v1_head,FZDeSHJW_515H,u304B,kana,test,0.316227766,0.1825741858,True,0.2553191489,169,169,easy
v1_head,FZDeSHJW_515H,u3055,kana,test,0.9486832981,0.9128709292,True,0.2553191489,169,169,easy
v1_head,FZDeSHJW_515H,u3093,kana,test,0.9486832981,0.9128709292,True,0.2553191489,169,169,easy
v1_head,FZDeSHJW_515H,u30A2,kana,test,0.9486832981,0.9128709292,True,0.2553191489,169,169,easy
v1_head,FZDeSHJW_515H,u30AB,kana,test,0.9486832981,0.9128709292,True,0.2553191489,169,169,easy
v1_head,FZDeSHJW_515H,u30F3,kana,test,0.9486832981,0.9128709292,True,0.2553191489,169,169,easy
v1_head,FZDouNTJW_Te,u0030,western,test,0.9486832981,0.9128709292,True,0.2847533632,89,89,easy
v1_head,FZDouNTJW_Te,u0031,western,test,0.632455532,0.5477225575,True,0.2847533632,89,89,easy
v1_head,FZDouNTJW_Te,u0032,western,test,0.9486832981,0.9128709292,True,0.2847533632,89,89,easy
v1_head,FZDouNTJW_Te,u0033,western,test,0.9486832981,0.9128709292,True,0.2847533632,89,89,easy
v1_head,FZDouNTJW_Te,u0034,western,test,0.9486832981,0.9128709292,True,0.2847533632,89,89,easy
v1_head,FZDouNTJW_Te,u0035,western,test,0.9486832981,0.9128709292,True,0.2847533632,89,89,easy
v1_head,FZDouNTJW_Te,u0036,western,test,0.9486832981,0.9128709292,True,0.2847533632,89,89,easy
v1_head,FZDouNTJW_Te,u0037,western,test,0.9486832981,0.9128709292,True,0.2847533632,89,89,easy
v1_head,FZDouNTJW_Te,u0038,western,test,0.9486832981,0.9128709292,True,0.2847533632,89,89,easy
v1_head,FZDouNTJW_Te,u0039,western,test,0.9486832981,0.9128709292,True,0.2847533632,89,89,easy
v1_head,FZDouNTJW_Te,u0041,western,test,0.316227766,0.1825741858,True,0.2847533632,89,89,easy
v1_head,FZDouNTJW_Te,u0042,western,test,0.9486832981,0.9128709292,True,0.2847533632,89,89,easy
v1_head,FZDouNTJW_Te,u0043,western,test,0.9486832981,0.9128709292,True,0.2847533632,89,89,easy
v1_head,FZDouNTJW_Te,u0047,western,test,0.9486832981,0.9128709292,True,0.2847533632,89,89,easy
v1_head,FZDouNTJW_Te,u004D,western,test,0.632455532,0.5477225575,True,0.2847533632,89,89,easy
v1_head,FZDouNTJW_Te,u004F,western,test,0.9486832981,0.9128709292,True,0.2847533632,89,89,easy
v1_head,FZDouNTJW_Te,u0051,western,test,0.9486832981,0.9128709292,True,0.2847533632,89,89,easy
v1_head,FZDouNTJW_Te,u0052,western,test,0.9486832981,0.9128709292,True,0.2847533632,89,89,easy
v1_head,FZDouNTJW_Te,u0057,western,test,0.632455532,0.5477225575,True,0.2847533632,89,89,easy
v1_head,FZDouNTJW_Te,u0061,western,test,0.9486832981,0.9128709292,True,0.2847533632,89,89,easy
v1_head,FZDouNTJW_Te,u0062,western,test,0.9486832981,0.9128709292,True,0.2847533632,89,89,easy
v1_head,FZDouNTJW_Te,u0063,western,test,0.9486832981,0.9128709292,True,0.2847533632,89,89,easy
v1_head,FZDouNTJW_Te,u0064,western,test,0.9486832981,0.9128709292,True,0.2847533632,89,89,easy
v1_head,FZDouNTJW_Te,u0065,western,test,0.9486832981,0.9128709292,True,0.2847533632,89,89,easy
v1_head,FZDouNTJW_Te,u0067,western,test,0.9486832981,0.9128709292,True,0.2847533632,89,89,easy
v1_head,FZDouNTJW_Te,u0069,western,test,0.316227766,0.1825741858,True,0.2847533632,89,89,easy
v1_head,FZDouNTJW_Te,u006C,western,test,0.316227766,0.1825741858,True,0.2847533632,89,89,easy
v1_head,FZDouNTJW_Te,u006E,western,test,0.316227766,0.1825741858,True,0.2847533632,89,89,easy
v1_head,FZDouNTJW_Te,u006F,western,test,0.9486832981,0.9128709292,True,0.2847533632,89,89,easy
v1_head,FZDouNTJW_Te,u0070,western,test,0.9486832981,0.9128709292,True,0.2847533632,89,89,easy
v1_head,FZDouNTJW_Te,u0071,western,test,0.9486832981,0.9128709292,True,0.2847533632,89,89,easy
v1_head,FZDouNTJW_Te,u0075,western,test,0.9486832981,0.9128709292,True,0.2847533632,89,89,easy
v1_head,FZDouNTJW_Te,u00E0,western,test,0.9486832981,0.9128709292,True,0.2847533632,89,89,easy
v1_head,FZDouNTJW_Te,u00E9,western,test,0.9486832981,0.9128709292,True,0.2847533632,89,89,easy
v1_head,FZDouNTJW_Te,u00FC,western,test,0.9486832981,0.9128709292,True,0.2847533632,89,89,easy
v1_head,FZDouNTJW_Te,u0101,western,test,0.9486832981,0.9128709292,True,0.2847533632,89,89,easy
v1_head,FZDouNTJW_Te,u011B,western,test,0.9486832981,0.9128709292,True,0.2847533632,89,89,easy
v1_head,FZDouNTJW_Te,u3042,kana,test,0.316227766,0.1825741858,True,0.2712765957,169,169,easy
v1_head,FZDouNTJW_Te,u304B,kana,test,0.9486832981,0.9128709292,True,0.2712765957,169,169,easy
v1_head,FZDouNTJW_Te,u3055,kana,test,0.632455532,0.5477225575,True,0.2712765957,169,169,easy
v1_head,FZDouNTJW_Te,u3093,kana,test,0.9486832981,0.9128709292,True,0.2712765957,169,169,easy
v1_head,FZDouNTJW_Te,u30A2,kana,test,0.632455532,0.5477225575,True,0.2712765957,169,169,easy
v1_head,FZDouNTJW_Te,u30AB,kana,test,0.9486832981,0.9128709292,True,0.2712765957,169,169,easy
v1_head,FZDouNTJW_Te,u30F3,kana,test,0.9486832981,0.9128709292,True,0.2712765957,169,169,easy
v1_head,FZFeiHHJW-H,u0030,western,test,0.9486832981,0.9128709292,True,0.6502242152,89,89,hard
v1_head,FZFeiHHJW-H,u0031,western,test,0.316227766,0.1825741858,True,0.6502242152,89,89,hard
v1_head,FZFeiHHJW-H,u0032,western,test,0.316227766,0.1825741858,True,0.6502242152,89,89,hard
v1_head,FZFeiHHJW-H,u0033,western,test,0.9486832981,0.9128709292,True,0.6502242152,89,89,hard
v1_head,FZFeiHHJW-H,u0034,western,test,0.316227766,0.1825741858,True,0.6502242152,89,89,hard
v1_head,FZFeiHHJW-H,u0035,western,test,0.316227766,0.1825741858,True,0.6502242152,89,89,hard
v1_head,FZFeiHHJW-H,u0036,western,test,0.9486832981,0.9128709292,True,0.6502242152,89,89,hard
v1_head,FZFeiHHJW-H,u0037,western,test,0.632455532,0.5477225575,True,0.6502242152,89,89,hard
v1_head,FZFeiHHJW-H,u0038,western,test,0.316227766,0.1825741858,True,0.6502242152,89,89,hard
v1_head,FZFeiHHJW-H,u0039,western,test,0.9486832981,0.9128709292,True,0.6502242152,89,89,hard
v1_head,FZFeiHHJW-H,u0041,western,test,0.632455532,0.5477225575,True,0.6502242152,89,89,hard
v1_head,FZFeiHHJW-H,u0042,western,test,0.9486832981,0.9128709292,True,0.6502242152,89,89,hard
v1_head,FZFeiHHJW-H,u0043,western,test,0.9486832981,0.9128709292,True,0.6502242152,89,89,hard
v1_head,FZFeiHHJW-H,u0047,western,test,0.316227766,0.1825741858,True,0.6502242152,89,89,hard
v1_head,FZFeiHHJW-H,u004D,western,test,0.9486832981,0.9128709292,True,0.6502242152,89,89,hard
v1_head,FZFeiHHJW-H,u004F,western,test,0.316227766,0.1825741858,True,0.6502242152,89,89,hard
v1_head,FZFeiHHJW-H,u0051,western,test,0.632455532,0.5477225575,True,0.6502242152,89,89,hard
v1_head,FZFeiHHJW-H,u0052,western,test,0.316227766,0.1825741858,True,0.6502242152,89,89,hard
v1_head,FZFeiHHJW-H,u0057,western,test,0.316227766,0.1825741858,True,0.6502242152,89,89,hard
v1_head,FZFeiHHJW-H,u0061,western,test,0.9486832981,0.9128709292,True,0.6502242152,89,89,hard
v1_head,FZFeiHHJW-H,u0062,western,test,0.316227766,0.1825741858,True,0.6502242152,89,89,hard
v1_head,FZFeiHHJW-H,u0063,western,test,0.316227766,0.1825741858,True,0.6502242152,89,89,hard
v1_head,FZFeiHHJW-H,u0064,western,test,0.316227766,0.1825741858,True,0.6502242152,89,89,hard
v1_head,FZFeiHHJW-H,u0065,western,test,0.316227766,0.1825741858,True,0.6502242152,89,89,hard
v1_head,FZFeiHHJW-H,u0067,western,test,0.316227766,0.1825741858,True,0.6502242152,89,89,hard
v1_head,FZFeiHHJW-H,u0069,western,test,0.316227766,0.1825741858,True,0.6502242152,89,89,hard
v1_head,FZFeiHHJW-H,u006C,western,test,0.632455532,0.5477225575,True,0.6502242152,89,89,hard
v1_head,FZFeiHHJW-H,u006E,western,test,0.316227766,0.1825741858,True,0.6502242152,89,89,hard
v1_head,FZFeiHHJW-H,u006F,western,test,0.316227766,0.1825741858,True,0.6502242152,89,89,hard
v1_head,FZFeiHHJW-H,u0070,western,test,0.9486832981,0.9128709292,True,0.6502242152,89,89,hard
v1_head,FZFeiHHJW-H,u0071,western,test,0.632455532,0.5477225575,True,0.6502242152,89,89,hard
v1_head,FZFeiHHJW-H,u0075,western,test,0.316227766,0.1825741858,True,0.6502242152,89,89,hard
v1_head,FZFeiHHJW-H,u00E0,western,test,0.316227766,0.1825741858,True,0.6502242152,89,89,hard
v1_head,FZFeiHHJW-H,u00E9,western,test,0.632455532,0.5477225575,True,0.6502242152,89,89,hard
v1_head,FZFeiHHJW-H,u00FC,western,test,0.632455532,0.5477225575,True,0.6502242152,89,89,hard
v1_head,FZFeiHHJW-H,u0101,western,test,0.9486832981,0.9128709292,True,0.6502242152,89,89,hard
v1_head,FZFeiHHJW-H,u011B,western,test,0.9486832981,0.9128709292,True,0.6502242152,89,89,hard
v1_head,FZFeiHHJW-H,u3042,kana,test,0.316227766,0.1825741858,True,0.4920212766,169,169,medium
v1_head,FZFeiHHJW-H,u304B,kana,test,0.316227766,0.1825741858,True,0.4920212766,169,169,medium
v1_head,FZFeiHHJW-H,u3055,kana,test,0.316227766,0.1825741858,True,0.4920212766,169,169,medium
v1_head,FZFeiHHJW-H,u3093,kana,test,0.316227766,0.1825741858,True,0.4920212766,169,169,medium
v1_head,FZFeiHHJW-H,u30A2,kana,test,0.316227766,0.1825741858,True,0.4920212766,169,169,medium
v1_head,FZFeiHHJW-H,u30AB,kana,test,0.316227766,0.1825741858,True,0.4920212766,169,169,medium
v1_head,FZFeiHHJW-H,u30F3,kana,test,0.316227766,0.1825741858,True,0.4920212766,169,169,medium
v1_head,FZFeiHHJW-H,u3105,bopomofo,test,,,False,0.5230769231,37,37,medium
v1_head,FZFeiHHJW-H,u3106,bopomofo,test,,,False,0.5230769231,37,37,medium
v1_head,FZFeiHHJW-H,u311A,bopomofo,test,,,False,0.5230769231,37,37,medium
v1_head,FZFengYKSJ,u0030,western,test,0.9486832981,0.9128709292,True,0.7713004484,89,89,hard
v1_head,FZFengYKSJ,u0031,western,test,0.9486832981,0.9128709292,True,0.7713004484,89,89,hard
v1_head,FZFengYKSJ,u0032,western,test,0.9486832981,0.9128709292,True,0.7713004484,89,89,hard
v1_head,FZFengYKSJ,u0033,western,test,0.9486832981,0.9128709292,True,0.7713004484,89,89,hard
v1_head,FZFengYKSJ,u0034,western,test,0.316227766,0.1825741858,True,0.7713004484,89,89,hard
v1_head,FZFengYKSJ,u0035,western,test,0.9486832981,0.9128709292,True,0.7713004484,89,89,hard
v1_head,FZFengYKSJ,u0036,western,test,0.632455532,0.5477225575,True,0.7713004484,89,89,hard
v1_head,FZFengYKSJ,u0037,western,test,0.9486832981,0.9128709292,True,0.7713004484,89,89,hard
v1_head,FZFengYKSJ,u0038,western,test,0.9486832981,0.9128709292,True,0.7713004484,89,89,hard
v1_head,FZFengYKSJ,u0039,western,test,0.9486832981,0.9128709292,True,0.7713004484,89,89,hard
v1_head,FZFengYKSJ,u0041,western,test,0.9486832981,0.9128709292,True,0.7713004484,89,89,hard
v1_head,FZFengYKSJ,u0042,western,test,0.9486832981,0.9128709292,True,0.7713004484,89,89,hard
v1_head,FZFengYKSJ,u0043,western,test,0.316227766,0.1825741858,True,0.7713004484,89,89,hard
v1_head,FZFengYKSJ,u0047,western,test,0.9486832981,0.9128709292,True,0.7713004484,89,89,hard
v1_head,FZFengYKSJ,u004D,western,test,0.9486832981,0.9128709292,True,0.7713004484,89,89,hard
v1_head,FZFengYKSJ,u004F,western,test,0.9486832981,0.9128709292,True,0.7713004484,89,89,hard
v1_head,FZFengYKSJ,u0051,western,test,0.9486832981,0.9128709292,True,0.7713004484,89,89,hard
v1_head,FZFengYKSJ,u0052,western,test,0.9486832981,0.9128709292,True,0.7713004484,89,89,hard
v1_head,FZFengYKSJ,u0057,western,test,0.9486832981,0.9128709292,True,0.7713004484,89,89,hard
v1_head,FZFengYKSJ,u0061,western,test,0.9486832981,0.9128709292,True,0.7713004484,89,89,hard
v1_head,FZFengYKSJ,u0062,western,test,0.9486832981,0.9128709292,True,0.7713004484,89,89,hard
v1_head,FZFengYKSJ,u0063,western,test,0.9486832981,0.9128709292,True,0.7713004484,89,89,hard
v1_head,FZFengYKSJ,u0064,western,test,0.632455532,0.5477225575,True,0.7713004484,89,89,hard
v1_head,FZFengYKSJ,u0065,western,test,0.9486832981,0.9128709292,True,0.7713004484,89,89,hard
v1_head,FZFengYKSJ,u0067,western,test,0.9486832981,0.9128709292,True,0.7713004484,89,89,hard
v1_head,FZFengYKSJ,u0069,western,test,0.632455532,0.5477225575,True,0.7713004484,89,89,hard
v1_head,FZFengYKSJ,u006C,western,test,0.9486832981,0.9128709292,True,0.7713004484,89,89,hard
v1_head,FZFengYKSJ,u006E,western,test,0.9486832981,0.9128709292,True,0.7713004484,89,89,hard
v1_head,FZFengYKSJ,u006F,western,test,0.9486832981,0.9128709292,True,0.7713004484,89,89,hard
v1_head,FZFengYKSJ,u0070,western,test,0.9486832981,0.9128709292,True,0.7713004484,89,89,hard
v1_head,FZFengYKSJ,u0071,western,test,0.632455532,0.5477225575,True,0.7713004484,89,89,hard
v1_head,FZFengYKSJ,u0075,western,test,0.9486832981,0.9128709292,True,0.7713004484,89,89,hard
v1_head,FZFengYKSJ,u00E0,western,test,0.632455532,0.5477225575,True,0.7713004484,89,89,hard
v1_head,FZFengYKSJ,u00E9,western,test,0.632455532,0.5477225575,True,0.7713004484,89,89,hard
v1_head,FZFengYKSJ,u00FC,western,test,0.316227766,0.1825741858,True,0.7713004484,89,89,hard
v1_head,FZFengYKSJ,u0101,western,test,0.9486832981,0.9128709292,True,0.7713004484,89,89,hard
v1_head,FZFengYKSJ,u011B,western,test,0.632455532,0.5477225575,True,0.7713004484,89,89,hard
v1_head,FZFengYKSJ,u3042,kana,test,0.632455532,0.5477225575,True,0.7845744681,169,169,hard
v1_head,FZFengYKSJ,u304B,kana,test,0.9486832981,0.9128709292,True,0.7845744681,169,169,hard
v1_head,FZFengYKSJ,u3055,kana,test,0.9486832981,0.9128709292,True,0.7845744681,169,169,hard
v1_head,FZFengYKSJ,u3093,kana,test,0.9486832981,0.9128709292,True,0.7845744681,169,169,hard
v1_head,FZFengYKSJ,u30A2,kana,test,0.9486832981,0.9128709292,True,0.7845744681,169,169,hard
v1_head,FZFengYKSJ,u30AB,kana,test,0.9486832981,0.9128709292,True,0.7845744681,169,169,hard
v1_head,FZFengYKSJ,u30F3,kana,test,0.9486832981,0.9128709292,True,0.7845744681,169,169,hard
v1_head,FZHanWZKJW,u0030,western,test,0.9486832981,0.9128709292,True,0.5852017937,89,89,hard
v1_head,FZHanWZKJW,u0031,western,test,0.9486832981,0.9128709292,True,0.5852017937,89,89,hard
v1_head,FZHanWZKJW,u0032,western,test,0.9486832981,0.9128709292,True,0.5852017937,89,89,hard
v1_head,FZHanWZKJW,u0033,western,test,0.9486832981,0.9128709292,True,0.5852017937,89,89,hard
v1_head,FZHanWZKJW,u0034,western,test,0.9486832981,0.9128709292,True,0.5852017937,89,89,hard
v1_head,FZHanWZKJW,u0035,western,test,0.9486832981,0.9128709292,True,0.5852017937,89,89,hard
v1_head,FZHanWZKJW,u0036,western,test,0.9486832981,0.9128709292,True,0.5852017937,89,89,hard
v1_head,FZHanWZKJW,u0037,western,test,0.9486832981,0.9128709292,True,0.5852017937,89,89,hard
v1_head,FZHanWZKJW,u0038,western,test,0.9486832981,0.9128709292,True,0.5852017937,89,89,hard
v1_head,FZHanWZKJW,u0039,western,test,0.9486832981,0.9128709292,True,0.5852017937,89,89,hard
v1_head,FZHanWZKJW,u0041,western,test,0.9486832981,0.9128709292,True,0.5852017937,89,89,hard
v1_head,FZHanWZKJW,u0042,western,test,0.9486832981,0.9128709292,True,0.5852017937,89,89,hard
v1_head,FZHanWZKJW,u0043,western,test,0.9486832981,0.9128709292,True,0.5852017937,89,89,hard
v1_head,FZHanWZKJW,u0047,western,test,0.9486832981,0.9128709292,True,0.5852017937,89,89,hard
v1_head,FZHanWZKJW,u004D,western,test,0.9486832981,0.9128709292,True,0.5852017937,89,89,hard
v1_head,FZHanWZKJW,u004F,western,test,0.9486832981,0.9128709292,True,0.5852017937,89,89,hard
v1_head,FZHanWZKJW,u0051,western,test,0.9486832981,0.9128709292,True,0.5852017937,89,89,hard
v1_head,FZHanWZKJW,u0052,western,test,0.9486832981,0.9128709292,True,0.5852017937,89,89,hard
v1_head,FZHanWZKJW,u0057,western,test,0.9486832981,0.9128709292,True,0.5852017937,89,89,hard
v1_head,FZHanWZKJW,u0061,western,test,0.9486832981,0.9128709292,True,0.5852017937,89,89,hard
v1_head,FZHanWZKJW,u0062,western,test,0.9486832981,0.9128709292,True,0.5852017937,89,89,hard
v1_head,FZHanWZKJW,u0063,western,test,0.9486832981,0.9128709292,True,0.5852017937,89,89,hard
v1_head,FZHanWZKJW,u0064,western,test,0.9486832981,0.9128709292,True,0.5852017937,89,89,hard
v1_head,FZHanWZKJW,u0065,western,test,0.9486832981,0.9128709292,True,0.5852017937,89,89,hard
v1_head,FZHanWZKJW,u0067,western,test,0.9486832981,0.9128709292,True,0.5852017937,89,89,hard
v1_head,FZHanWZKJW,u0069,western,test,0.9486832981,0.9128709292,True,0.5852017937,89,89,hard
v1_head,FZHanWZKJW,u006C,western,test,0.9486832981,0.9128709292,True,0.5852017937,89,89,hard
v1_head,FZHanWZKJW,u006E,western,test,0.7378647874,0.5477225575,True,0.5852017937,89,89,hard
v1_head,FZHanWZKJW,u006F,western,test,0.9486832981,0.9128709292,True,0.5852017937,89,89,hard
v1_head,FZHanWZKJW,u0070,western,test,0.632455532,0.5477225575,True,0.5852017937,89,89,hard
v1_head,FZHanWZKJW,u0071,western,test,0.9486832981,0.9128709292,True,0.5852017937,89,89,hard
v1_head,FZHanWZKJW,u0075,western,test,0.9486832981,0.9128709292,True,0.5852017937,89,89,hard
v1_head,FZHanWZKJW,u00E0,western,test,0.9486832981,0.9128709292,True,0.5852017937,89,89,hard
v1_head,FZHanWZKJW,u00E9,western,test,0.9486832981,0.9128709292,True,0.5852017937,89,89,hard
v1_head,FZHanWZKJW,u00FC,western,test,0.9486832981,0.9128709292,True,0.5852017937,89,89,hard
v1_head,FZHanWZKJW,u0101,western,test,0.9486832981,0.9128709292,True,0.5852017937,89,89,hard
v1_head,FZHanWZKJW,u011B,western,test,0.9486832981,0.9128709292,True,0.5852017937,89,89,hard
v1_head,FZHanWZKJW,u3042,kana,test,0.9486832981,0.9128709292,True,0.7074468085,169,169,hard
v1_head,FZHanWZKJW,u304B,kana,test,0.9486832981,0.9128709292,True,0.7074468085,169,169,hard
v1_head,FZHanWZKJW,u3055,kana,test,0.9486832981,0.9128709292,True,0.7074468085,169,169,hard
v1_head,FZHanWZKJW,u3093,kana,test,0.9486832981,0.9128709292,True,0.7074468085,169,169,hard
v1_head,FZHanWZKJW,u30A2,kana,test,0.9486832981,0.9128709292,True,0.7074468085,169,169,hard
v1_head,FZHanWZKJW,u30AB,kana,test,0.9486832981,0.9128709292,True,0.7074468085,169,169,hard
v1_head,FZHanWZKJW,u30F3,kana,test,0.9486832981,0.9128709292,True,0.7074468085,169,169,hard
v1_head,FZHanWZKJW,u3105,bopomofo,test,0.9486832981,0.9128709292,True,0.65,37,37,hard
v1_head,FZHanWZKJW,u3106,bopomofo,test,0.9486832981,0.9128709292,True,0.65,37,37,hard
v1_head,FZHanWZKJW,u311A,bopomofo,test,0.9486832981,0.9128709292,True,0.65,37,37,hard
v1_head,FZHuoYYJW-T,u0030,western,test,0.9486832981,0.9128709292,True,0.8587443946,89,89,hard
v1_head,FZHuoYYJW-T,u0031,western,test,0.9486832981,0.9128709292,True,0.8587443946,89,89,hard
v1_head,FZHuoYYJW-T,u0032,western,test,0.9486832981,0.9128709292,True,0.8587443946,89,89,hard
v1_head,FZHuoYYJW-T,u0033,western,test,0.9486832981,0.9128709292,True,0.8587443946,89,89,hard
v1_head,FZHuoYYJW-T,u0034,western,test,0.9486832981,0.9128709292,True,0.8587443946,89,89,hard
v1_head,FZHuoYYJW-T,u0035,western,test,0.9486832981,0.9128709292,True,0.8587443946,89,89,hard
v1_head,FZHuoYYJW-T,u0036,western,test,0.9486832981,0.9128709292,True,0.8587443946,89,89,hard
v1_head,FZHuoYYJW-T,u0037,western,test,0.9486832981,0.9128709292,True,0.8587443946,89,89,hard
v1_head,FZHuoYYJW-T,u0038,western,test,0.9486832981,0.9128709292,True,0.8587443946,89,89,hard
v1_head,FZHuoYYJW-T,u0039,western,test,0.9486832981,0.9128709292,True,0.8587443946,89,89,hard
v1_head,FZHuoYYJW-T,u0041,western,test,0.316227766,0.1825741858,True,0.8587443946,89,89,hard
v1_head,FZHuoYYJW-T,u0042,western,test,0.9486832981,0.9128709292,True,0.8587443946,89,89,hard
v1_head,FZHuoYYJW-T,u0043,western,test,0.9486832981,0.9128709292,True,0.8587443946,89,89,hard
v1_head,FZHuoYYJW-T,u0047,western,test,0.9486832981,0.9128709292,True,0.8587443946,89,89,hard
v1_head,FZHuoYYJW-T,u004D,western,test,0.9486832981,0.9128709292,True,0.8587443946,89,89,hard
v1_head,FZHuoYYJW-T,u004F,western,test,0.9486832981,0.9128709292,True,0.8587443946,89,89,hard
v1_head,FZHuoYYJW-T,u0051,western,test,0.9486832981,0.9128709292,True,0.8587443946,89,89,hard
v1_head,FZHuoYYJW-T,u0052,western,test,0.9486832981,0.9128709292,True,0.8587443946,89,89,hard
v1_head,FZHuoYYJW-T,u0057,western,test,0.9486832981,0.9128709292,True,0.8587443946,89,89,hard
v1_head,FZHuoYYJW-T,u0061,western,test,0.9486832981,0.9128709292,True,0.8587443946,89,89,hard
v1_head,FZHuoYYJW-T,u0062,western,test,0.632455532,0.5477225575,True,0.8587443946,89,89,hard
v1_head,FZHuoYYJW-T,u0063,western,test,0.9486832981,0.9128709292,True,0.8587443946,89,89,hard
v1_head,FZHuoYYJW-T,u0064,western,test,0.9486832981,0.9128709292,True,0.8587443946,89,89,hard
v1_head,FZHuoYYJW-T,u0065,western,test,0.9486832981,0.9128709292,True,0.8587443946,89,89,hard
v1_head,FZHuoYYJW-T,u0067,western,test,0.9486832981,0.9128709292,True,0.8587443946,89,89,hard
v1_head,FZHuoYYJW-T,u0069,western,test,0.9486832981,0.9128709292,True,0.8587443946,89,89,hard
v1_head,FZHuoYYJW-T,u006C,western,test,0.9486832981,0.9128709292,True,0.8587443946,89,89,hard
v1_head,FZHuoYYJW-T,u006E,western,test,0.9486832981,0.9128709292,True,0.8587443946,89,89,hard
v1_head,FZHuoYYJW-T,u006F,western,test,0.632455532,0.5477225575,True,0.8587443946,89,89,hard
v1_head,FZHuoYYJW-T,u0070,western,test,0.9486832981,0.9128709292,True,0.8587443946,89,89,hard
v1_head,FZHuoYYJW-T,u0071,western,test,0.9486832981,0.9128709292,True,0.8587443946,89,89,hard
v1_head,FZHuoYYJW-T,u0075,western,test,0.9486832981,0.9128709292,True,0.8587443946,89,89,hard
v1_head,FZHuoYYJW-T,u00E0,western,test,0.9486832981,0.9128709292,True,0.8587443946,89,89,hard
v1_head,FZHuoYYJW-T,u00E9,western,test,0.632455532,0.5477225575,True,0.8587443946,89,89,hard
v1_head,FZHuoYYJW-T,u00FC,western,test,0.9486832981,0.9128709292,True,0.8587443946,89,89,hard
v1_head,FZHuoYYJW-T,u0101,western,test,0.9486832981,0.9128709292,True,0.8587443946,89,89,hard
v1_head,FZHuoYYJW-T,u011B,western,test,0.9486832981,0.9128709292,True,0.8587443946,89,89,hard
v1_head,FZJianLTJW_Te,u0030,western,test,0.316227766,0.1825741858,True,0.2892376682,89,89,easy
v1_head,FZJianLTJW_Te,u0031,western,test,0.316227766,0.1825741858,True,0.2892376682,89,89,easy
v1_head,FZJianLTJW_Te,u0032,western,test,0.316227766,0.1825741858,True,0.2892376682,89,89,easy
v1_head,FZJianLTJW_Te,u0033,western,test,0.316227766,0.1825741858,True,0.2892376682,89,89,easy
v1_head,FZJianLTJW_Te,u0034,western,test,0.9486832981,0.9128709292,True,0.2892376682,89,89,easy
v1_head,FZJianLTJW_Te,u0035,western,test,0.632455532,0.5477225575,True,0.2892376682,89,89,easy
v1_head,FZJianLTJW_Te,u0036,western,test,0.316227766,0.1825741858,True,0.2892376682,89,89,easy
v1_head,FZJianLTJW_Te,u0037,western,test,0.9486832981,0.9128709292,True,0.2892376682,89,89,easy
v1_head,FZJianLTJW_Te,u0038,western,test,0.632455532,0.5477225575,True,0.2892376682,89,89,easy
v1_head,FZJianLTJW_Te,u0039,western,test,0.632455532,0.5477225575,True,0.2892376682,89,89,easy
v1_head,FZJianLTJW_Te,u0041,western,test,0.9486832981,0.9128709292,True,0.2892376682,89,89,easy
v1_head,FZJianLTJW_Te,u0042,western,test,0.632455532,0.5477225575,True,0.2892376682,89,89,easy
v1_head,FZJianLTJW_Te,u0043,western,test,0.316227766,0.1825741858,True,0.2892376682,89,89,easy
v1_head,FZJianLTJW_Te,u0047,western,test,0.316227766,0.1825741858,True,0.2892376682,89,89,easy
v1_head,FZJianLTJW_Te,u004D,western,test,0.632455532,0.5477225575,True,0.2892376682,89,89,easy
v1_head,FZJianLTJW_Te,u004F,western,test,0.316227766,0.1825741858,True,0.2892376682,89,89,easy
v1_head,FZJianLTJW_Te,u0051,western,test,0.632455532,0.5477225575,True,0.2892376682,89,89,easy
v1_head,FZJianLTJW_Te,u0052,western,test,0.316227766,0.1825741858,True,0.2892376682,89,89,easy
v1_head,FZJianLTJW_Te,u0057,western,test,0.316227766,0.1825741858,True,0.2892376682,89,89,easy
v1_head,FZJianLTJW_Te,u0061,western,test,0.9486832981,0.9128709292,True,0.2892376682,89,89,easy
v1_head,FZJianLTJW_Te,u0062,western,test,0.632455532,0.5477225575,True,0.2892376682,89,89,easy
v1_head,FZJianLTJW_Te,u0063,western,test,0.316227766,0.1825741858,True,0.2892376682,89,89,easy
v1_head,FZJianLTJW_Te,u0064,western,test,0.9486832981,0.9128709292,True,0.2892376682,89,89,easy
v1_head,FZJianLTJW_Te,u0065,western,test,0.9486832981,0.9128709292,True,0.2892376682,89,89,easy
v1_head,FZJianLTJW_Te,u0067,western,test,0.632455532,0.5477225575,True,0.2892376682,89,89,easy
v1_head,FZJianLTJW_Te,u0069,western,test,0.632455532,0.5477225575,True,0.2892376682,89,89,easy
v1_head,FZJianLTJW_Te,u006C,western,test,0.632455532,0.5477225575,True,0.2892376682,89,89,easy
v1_head,FZJianLTJW_Te,u006E,western,test,0.316227766,0.1825741858,True,0.2892376682,89,89,easy
v1_head,FZJianLTJW_Te,u006F,western,test,0.632455532,0.5477225575,True,0.2892376682,89,89,easy
v1_head,FZJianLTJW_Te,u0070,western,test,0.316227766,0.1825741858,True,0.2892376682,89,89,easy
v1_head,FZJianLTJW_Te,u0071,western,test,0.632455532,0.5477225575,True,0.2892376682,89,89,easy
v1_head,FZJianLTJW_Te,u0075,western,test,0.632455532,0.5477225575,True,0.2892376682,89,89,easy
v1_head,FZJianLTJW_Te,u00E0,western,test,0.632455532,0.5477225575,True,0.2892376682,89,89,easy
v1_head,FZJianLTJW_Te,u00E9,western,test,0.632455532,0.5477225575,True,0.2892376682,89,89,easy
v1_head,FZJianLTJW_Te,u00FC,western,test,0.632455532,0.5477225575,True,0.2892376682,89,89,easy
v1_head,FZJianLTJW_Te,u0101,western,test,0.632455532,0.5477225575,True,0.2892376682,89,89,easy
v1_head,FZJianLTJW_Te,u011B,western,test,0.632455532,0.5477225575,True,0.2892376682,89,89,easy
v1_head,FZJianLTJW_Te,u3042,kana,test,0.9486832981,0.9128709292,True,0.2340425532,169,169,easy
v1_head,FZJianLTJW_Te,u304B,kana,test,0.9486832981,0.9128709292,True,0.2340425532,169,169,easy
v1_head,FZJianLTJW_Te,u3055,kana,test,0.9486832981,0.9128709292,True,0.2340425532,169,169,easy
v1_head,FZJianLTJW_Te,u3093,kana,test,0.632455532,0.5477225575,True,0.2340425532,169,169,easy
v1_head,FZJianLTJW_Te,u30A2,kana,test,0.9486832981,0.9128709292,True,0.2340425532,169,169,easy
v1_head,FZJianLTJW_Te,u30AB,kana,test,0.9486832981,0.9128709292,True,0.2340425532,169,169,easy
v1_head,FZJianLTJW_Te,u30F3,kana,test,0.9486832981,0.9128709292,True,0.2340425532,169,169,easy
v1_head,FZJingLTJW-H,u0030,western,test,0.9486832981,0.9128709292,True,0.4349775785,89,89,medium
v1_head,FZJingLTJW-H,u0031,western,test,0.9486832981,0.9128709292,True,0.4349775785,89,89,medium
v1_head,FZJingLTJW-H,u0032,western,test,0.9486832981,0.9128709292,True,0.4349775785,89,89,medium
v1_head,FZJingLTJW-H,u0033,western,test,0.9486832981,0.9128709292,True,0.4349775785,89,89,medium
v1_head,FZJingLTJW-H,u0034,western,test,0.9486832981,0.9128709292,True,0.4349775785,89,89,medium
v1_head,FZJingLTJW-H,u0035,western,test,0.9486832981,0.9128709292,True,0.4349775785,89,89,medium
v1_head,FZJingLTJW-H,u0036,western,test,0.9486832981,0.9128709292,True,0.4349775785,89,89,medium
v1_head,FZJingLTJW-H,u0037,western,test,0.9486832981,0.9128709292,True,0.4349775785,89,89,medium
v1_head,FZJingLTJW-H,u0038,western,test,0.9486832981,0.9128709292,True,0.4349775785,89,89,medium
v1_head,FZJingLTJW-H,u0039,western,test,0.9486832981,0.9128709292,True,0.4349775785,89,89,medium
v1_head,FZJingLTJW-H,u0041,western,test,0.9486832981,0.9128709292,True,0.4349775785,89,89,medium
v1_head,FZJingLTJW-H,u0042,western,test,0.9486832981,0.9128709292,True,0.4349775785,89,89,medium
v1_head,FZJingLTJW-H,u0043,western,test,0.9486832981,0.9128709292,True,0.4349775785,89,89,medium
v1_head,FZJingLTJW-H,u0047,western,test,0.9486832981,0.9128709292,True,0.4349775785,89,89,medium
v1_head,FZJingLTJW-H,u004D,western,test,0.9486832981,0.9128709292,True,0.4349775785,89,89,medium
v1_head,FZJingLTJW-H,u004F,western,test,0.9486832981,0.9128709292,True,0.4349775785,89,89,medium
v1_head,FZJingLTJW-H,u0051,western,test,0.9486832981,0.9128709292,True,0.4349775785,89,89,medium
v1_head,FZJingLTJW-H,u0052,western,test,0.9486832981,0.9128709292,True,0.4349775785,89,89,medium
v1_head,FZJingLTJW-H,u0057,western,test,0.9486832981,0.9128709292,True,0.4349775785,89,89,medium
v1_head,FZJingLTJW-H,u0061,western,test,0.9486832981,0.9128709292,True,0.4349775785,89,89,medium
v1_head,FZJingLTJW-H,u0062,western,test,0.9486832981,0.9128709292,True,0.4349775785,89,89,medium
v1_head,FZJingLTJW-H,u0063,western,test,0.9486832981,0.9128709292,True,0.4349775785,89,89,medium
v1_head,FZJingLTJW-H,u0064,western,test,0.9486832981,0.9128709292,True,0.4349775785,89,89,medium
v1_head,FZJingLTJW-H,u0065,western,test,0.9486832981,0.9128709292,True,0.4349775785,89,89,medium
v1_head,FZJingLTJW-H,u0067,western,test,0.9486832981,0.9128709292,True,0.4349775785,89,89,medium
v1_head,FZJingLTJW-H,u0069,western,test,0.9486832981,0.9128709292,True,0.4349775785,89,89,medium
v1_head,FZJingLTJW-H,u006C,western,test,0.9486832981,0.9128709292,True,0.4349775785,89,89,medium
v1_head,FZJingLTJW-H,u006E,western,test,0.9486832981,0.9128709292,True,0.4349775785,89,89,medium
v1_head,FZJingLTJW-H,u006F,western,test,0.9486832981,0.9128709292,True,0.4349775785,89,89,medium
v1_head,FZJingLTJW-H,u0070,western,test,0.9486832981,0.9128709292,True,0.4349775785,89,89,medium
v1_head,FZJingLTJW-H,u0071,western,test,0.9486832981,0.9128709292,True,0.4349775785,89,89,medium
v1_head,FZJingLTJW-H,u0075,western,test,0.9486832981,0.9128709292,True,0.4349775785,89,89,medium
v1_head,FZJingLTJW-H,u00E0,western,test,0.9486832981,0.9128709292,True,0.4349775785,89,89,medium
v1_head,FZJingLTJW-H,u00E9,western,test,0.9486832981,0.9128709292,True,0.4349775785,89,89,medium
v1_head,FZJingLTJW-H,u00FC,western,test,0.9486832981,0.9128709292,True,0.4349775785,89,89,medium
v1_head,FZJingLTJW-H,u0101,western,test,0.9486832981,0.9128709292,True,0.4349775785,89,89,medium
v1_head,FZJingLTJW-H,u011B,western,test,0.9486832981,0.9128709292,True,0.4349775785,89,89,medium
v1_head,FZJingLTJW-H,u3042,kana,test,0.9486832981,0.9128709292,True,0.3510638298,169,169,easy
v1_head,FZJingLTJW-H,u304B,kana,test,0.9486832981,0.9128709292,True,0.3510638298,169,169,easy
v1_head,FZJingLTJW-H,u3055,kana,test,0.9486832981,0.9128709292,True,0.3510638298,169,169,easy
v1_head,FZJingLTJW-H,u3093,kana,test,0.9486832981,0.9128709292,True,0.3510638298,169,169,easy
v1_head,FZJingLTJW-H,u30A2,kana,test,0.9486832981,0.9128709292,True,0.3510638298,169,169,easy
v1_head,FZJingLTJW-H,u30AB,kana,test,0.9486832981,0.9128709292,True,0.3510638298,169,169,easy
v1_head,FZJingLTJW-H,u30F3,kana,test,0.9486832981,0.9128709292,True,0.3510638298,169,169,easy
v1_head,FZJingLTJW-H,u3105,bopomofo,test,0.9486832981,0.9128709292,True,0.3615384615,37,37,easy
v1_head,FZJingLTJW-H,u3106,bopomofo,test,0.9486832981,0.9128709292,True,0.3615384615,37,37,easy
v1_head,FZJingLTJW-H,u311A,bopomofo,test,0.9486832981,0.9128709292,True,0.3615384615,37,37,easy
v1_head,FZJingYLLTJW,u0030,western,test,0.9486832981,0.9128709292,True,0.4304932735,89,89,medium
v1_head,FZJingYLLTJW,u0031,western,test,0.316227766,0.1825741858,True,0.4304932735,89,89,medium
v1_head,FZJingYLLTJW,u0032,western,test,0.316227766,0.1825741858,True,0.4304932735,89,89,medium
v1_head,FZJingYLLTJW,u0033,western,test,0.9486832981,0.9128709292,True,0.4304932735,89,89,medium
v1_head,FZJingYLLTJW,u0034,western,test,0.9486832981,0.9128709292,True,0.4304932735,89,89,medium
v1_head,FZJingYLLTJW,u0035,western,test,0.9486832981,0.9128709292,True,0.4304932735,89,89,medium
v1_head,FZJingYLLTJW,u0036,western,test,0.9486832981,0.9128709292,True,0.4304932735,89,89,medium
v1_head,FZJingYLLTJW,u0037,western,test,0.316227766,0.1825741858,True,0.4304932735,89,89,medium
v1_head,FZJingYLLTJW,u0038,western,test,0.9486832981,0.9128709292,True,0.4304932735,89,89,medium
v1_head,FZJingYLLTJW,u0039,western,test,0.9486832981,0.9128709292,True,0.4304932735,89,89,medium
v1_head,FZJingYLLTJW,u0041,western,test,0.9486832981,0.9128709292,True,0.4304932735,89,89,medium
v1_head,FZJingYLLTJW,u0042,western,test,0.316227766,0.1825741858,True,0.4304932735,89,89,medium
v1_head,FZJingYLLTJW,u0043,western,test,0.316227766,0.1825741858,True,0.4304932735,89,89,medium
v1_head,FZJingYLLTJW,u0047,western,test,0.9486832981,0.9128709292,True,0.4304932735,89,89,medium
v1_head,FZJingYLLTJW,u004D,western,test,0.632455532,0.5477225575,True,0.4304932735,89,89,medium
v1_head,FZJingYLLTJW,u004F,western,test,0.9486832981,0.9128709292,True,0.4304932735,89,89,medium
v1_head,FZJingYLLTJW,u0051,western,test,0.316227766,0.1825741858,True,0.4304932735,89,89,medium
v1_head,FZJingYLLTJW,u0052,western,test,0.7378647874,0.5477225575,True,0.4304932735,89,89,medium
v1_head,FZJingYLLTJW,u0057,western,test,0.316227766,0.1825741858,True,0.4304932735,89,89,medium
v1_head,FZJingYLLTJW,u0061,western,test,0.632455532,0.5477225575,True,0.4304932735,89,89,medium
v1_head,FZJingYLLTJW,u0062,western,test,0.9486832981,0.9128709292,True,0.4304932735,89,89,medium
v1_head,FZJingYLLTJW,u0063,western,test,0.9486832981,0.9128709292,True,0.4304932735,89,89,medium
v1_head,FZJingYLLTJW,u0064,western,test,0.632455532,0.5477225575,True,0.4304932735,89,89,medium
v1_head,FZJingYLLTJW,u0065,western,test,0.316227766,0.1825741858,True,0.4304932735,89,89,medium
v1_head,FZJingYLLTJW,u0067,western,test,0.632455532,0.5477225575,True,0.4304932735,89,89,medium
v1_head,FZJingYLLTJW,u0069,western,test,0.316227766,0.1825741858,True,0.4304932735,89,89,medium
v1_head,FZJingYLLTJW,u006C,western,test,0.316227766,0.1825741858,True,0.4304932735,89,89,medium
v1_head,FZJingYLLTJW,u006E,western,test,0.316227766,0.1825741858,True,0.4304932735,89,89,medium
v1_head,FZJingYLLTJW,u006F,western,test,0.316227766,0.1825741858,True,0.4304932735,89,89,medium
v1_head,FZJingYLLTJW,u0070,western,test,0.9486832981,0.9128709292,True,0.4304932735,89,89,medium
v1_head,FZJingYLLTJW,u0071,western,test,0.632455532,0.5477225575,True,0.4304932735,89,89,medium
v1_head,FZJingYLLTJW,u0075,western,test,0.632455532,0.5477225575,True,0.4304932735,89,89,medium
v1_head,FZJingYLLTJW,u00E0,western,test,0.316227766,0.1825741858,True,0.4304932735,89,89,medium
v1_head,FZJingYLLTJW,u00E9,western,test,0.632455532,0.5477225575,True,0.4304932735,89,89,medium
v1_head,FZJingYLLTJW,u00FC,western,test,0.9486832981,0.9128709292,True,0.4304932735,89,89,medium
v1_head,FZJingYLLTJW,u0101,western,test,0.632455532,0.5477225575,True,0.4304932735,89,89,medium
v1_head,FZJingYLLTJW,u011B,western,test,0.632455532,0.5477225575,True,0.4304932735,89,89,medium
v1_head,FZLingFKSJW-B,u0030,western,test,0.9486832981,0.9128709292,True,0.634529148,89,89,hard
v1_head,FZLingFKSJW-B,u0031,western,test,0.9486832981,0.9128709292,True,0.634529148,89,89,hard
v1_head,FZLingFKSJW-B,u0032,western,test,0.9486832981,0.9128709292,True,0.634529148,89,89,hard
v1_head,FZLingFKSJW-B,u0033,western,test,0.9486832981,0.9128709292,True,0.634529148,89,89,hard
v1_head,FZLingFKSJW-B,u0034,western,test,0.9486832981,0.9128709292,True,0.634529148,89,89,hard
v1_head,FZLingFKSJW-B,u0035,western,test,0.9486832981,0.9128709292,True,0.634529148,89,89,hard
v1_head,FZLingFKSJW-B,u0036,western,test,0.9486832981,0.9128709292,True,0.634529148,89,89,hard
v1_head,FZLingFKSJW-B,u0037,western,test,0.9486832981,0.9128709292,True,0.634529148,89,89,hard
v1_head,FZLingFKSJW-B,u0038,western,test,0.9486832981,0.9128709292,True,0.634529148,89,89,hard
v1_head,FZLingFKSJW-B,u0039,western,test,0.9486832981,0.9128709292,True,0.634529148,89,89,hard
v1_head,FZLingFKSJW-B,u0041,western,test,0.7378647874,0.5477225575,True,0.634529148,89,89,hard
v1_head,FZLingFKSJW-B,u0042,western,test,0.316227766,0.1825741858,True,0.634529148,89,89,hard
v1_head,FZLingFKSJW-B,u0043,western,test,0.316227766,0.1825741858,True,0.634529148,89,89,hard
v1_head,FZLingFKSJW-B,u0047,western,test,0.632455532,0.5477225575,True,0.634529148,89,89,hard
v1_head,FZLingFKSJW-B,u004D,western,test,0.632455532,0.5477225575,True,0.634529148,89,89,hard
v1_head,FZLingFKSJW-B,u004F,western,test,0.9486832981,0.9128709292,True,0.634529148,89,89,hard
v1_head,FZLingFKSJW-B,u0051,western,test,0.9486832981,0.9128709292,True,0.634529148,89,89,hard
v1_head,FZLingFKSJW-B,u0052,western,test,0.9486832981,0.9128709292,True,0.634529148,89,89,hard
v1_head,FZLingFKSJW-B,u0057,western,test,0.9486832981,0.9128709292,True,0.634529148,89,89,hard
v1_head,FZLingFKSJW-B,u0061,western,test,0.632455532,0.5477225575,True,0.634529148,89,89,hard
v1_head,FZLingFKSJW-B,u0062,western,test,0.9486832981,0.9128709292,True,0.634529148,89,89,hard
v1_head,FZLingFKSJW-B,u0063,western,test,0.9486832981,0.9128709292,True,0.634529148,89,89,hard
v1_head,FZLingFKSJW-B,u0064,western,test,0.632455532,0.5477225575,True,0.634529148,89,89,hard
v1_head,FZLingFKSJW-B,u0065,western,test,0.9486832981,0.9128709292,True,0.634529148,89,89,hard
v1_head,FZLingFKSJW-B,u0067,western,test,0.632455532,0.5477225575,True,0.634529148,89,89,hard
v1_head,FZLingFKSJW-B,u0069,western,test,0.9486832981,0.9128709292,True,0.634529148,89,89,hard
v1_head,FZLingFKSJW-B,u006C,western,test,0.9486832981,0.9128709292,True,0.634529148,89,89,hard
v1_head,FZLingFKSJW-B,u006E,western,test,0.9486832981,0.9128709292,True,0.634529148,89,89,hard
v1_head,FZLingFKSJW-B,u006F,western,test,0.632455532,0.5477225575,True,0.634529148,89,89,hard
v1_head,FZLingFKSJW-B,u0070,western,test,0.632455532,0.5477225575,True,0.634529148,89,89,hard
v1_head,FZLingFKSJW-B,u0071,western,test,0.316227766,0.1825741858,True,0.634529148,89,89,hard
v1_head,FZLingFKSJW-B,u0075,western,test,0.9486832981,0.9128709292,True,0.634529148,89,89,hard
v1_head,FZLingFKSJW-B,u00E0,western,test,0.316227766,0.1825741858,True,0.634529148,89,89,hard
v1_head,FZLingFKSJW-B,u00E9,western,test,0.316227766,0.1825741858,True,0.634529148,89,89,hard
v1_head,FZLingFKSJW-B,u00FC,western,test,0.316227766,0.1825741858,True,0.634529148,89,89,hard
v1_head,FZLingFKSJW-B,u0101,western,test,0.9486832981,0.9128709292,True,0.634529148,89,89,hard
v1_head,FZLingFKSJW-B,u011B,western,test,0.316227766,0.1825741858,True,0.634529148,89,89,hard
v1_head,FZLingFKSJW-B,u3042,kana,test,0.9486832981,0.9128709292,True,0.5531914894,169,169,medium
v1_head,FZLingFKSJW-B,u304B,kana,test,0.632455532,0.5477225575,True,0.5531914894,169,169,medium
v1_head,FZLingFKSJW-B,u3055,kana,test,0.9486832981,0.9128709292,True,0.5531914894,169,169,medium
v1_head,FZLingFKSJW-B,u3093,kana,test,0.9486832981,0.9128709292,True,0.5531914894,169,169,medium
v1_head,FZLingFKSJW-B,u30A2,kana,test,0.9486832981,0.9128709292,True,0.5531914894,169,169,medium
v1_head,FZLingFKSJW-B,u30AB,kana,test,0.632455532,0.5477225575,True,0.5531914894,169,169,medium
v1_head,FZLingFKSJW-B,u30F3,kana,test,0.316227766,0.1825741858,True,0.5531914894,169,169,medium
v1_head,FZLingFKSJW-B,u3105,bopomofo,test,0.632455532,0.5477225575,True,0.5192307692,37,37,medium
v1_head,FZLingFKSJW-B,u3106,bopomofo,test,0.9486832981,0.9128709292,True,0.5192307692,37,37,medium
v1_head,FZLingFKSJW-B,u311A,bopomofo,test,0.9486832981,0.9128709292,True,0.5192307692,37,37,medium
v1_head,FZLiuGQKJW-L,u0030,western,test,0.9486832981,0.9128709292,True,0.7264573991,89,89,hard
v1_head,FZLiuGQKJW-L,u0031,western,test,0.316227766,0.1825741858,True,0.7264573991,89,89,hard
v1_head,FZLiuGQKJW-L,u0032,western,test,0.9486832981,0.9128709292,True,0.7264573991,89,89,hard
v1_head,FZLiuGQKJW-L,u0033,western,test,0.316227766,0.1825741858,True,0.7264573991,89,89,hard
v1_head,FZLiuGQKJW-L,u0034,western,test,0.316227766,0.1825741858,True,0.7264573991,89,89,hard
v1_head,FZLiuGQKJW-L,u0035,western,test,0.632455532,0.5477225575,True,0.7264573991,89,89,hard
v1_head,FZLiuGQKJW-L,u0036,western,test,0.632455532,0.5477225575,True,0.7264573991,89,89,hard
v1_head,FZLiuGQKJW-L,u0037,western,test,0.7378647874,0.5477225575,True,0.7264573991,89,89,hard
v1_head,FZLiuGQKJW-L,u0038,western,test,0.9486832981,0.9128709292,True,0.7264573991,89,89,hard
v1_head,FZLiuGQKJW-L,u0039,western,test,0.9486832981,0.9128709292,True,0.7264573991,89,89,hard
v1_head,FZLiuGQKJW-L,u0041,western,test,0.9486832981,0.9128709292,True,0.7264573991,89,89,hard
v1_head,FZLiuGQKJW-L,u0042,western,test,0.9486832981,0.9128709292,True,0.7264573991,89,89,hard
v1_head,FZLiuGQKJW-L,u0043,western,test,0.316227766,0.1825741858,True,0.7264573991,89,89,hard
v1_head,FZLiuGQKJW-L,u0047,western,test,0.9486832981,0.9128709292,True,0.7264573991,89,89,hard
v1_head,FZLiuGQKJW-L,u004D,western,test,0.632455532,0.5477225575,True,0.7264573991,89,89,hard
v1_head,FZLiuGQKJW-L,u004F,western,test,0.316227766,0.1825741858,True,0.7264573991,89,89,hard
v1_head,FZLiuGQKJW-L,u0051,western,test,0.9486832981,0.9128709292,True,0.7264573991,89,89,hard
v1_head,FZLiuGQKJW-L,u0052,western,test,0.9486832981,0.9128709292,True,0.7264573991,89,89,hard
v1_head,FZLiuGQKJW-L,u0057,western,test,0.632455532,0.5477225575,True,0.7264573991,89,89,hard
v1_head,FZLiuGQKJW-L,u0061,western,test,0.9486832981,0.9128709292,True,0.7264573991,89,89,hard
v1_head,FZLiuGQKJW-L,u0062,western,test,0.316227766,0.1825741858,True,0.7264573991,89,89,hard
v1_head,FZLiuGQKJW-L,u0063,western,test,0.9486832981,0.9128709292,True,0.7264573991,89,89,hard
v1_head,FZLiuGQKJW-L,u0064,western,test,0.9486832981,0.9128709292,True,0.7264573991,89,89,hard
v1_head,FZLiuGQKJW-L,u0065,western,test,0.9486832981,0.9128709292,True,0.7264573991,89,89,hard
v1_head,FZLiuGQKJW-L,u0067,western,test,0.316227766,0.1825741858,True,0.7264573991,89,89,hard
v1_head,FZLiuGQKJW-L,u0069,western,test,0.9486832981,0.9128709292,True,0.7264573991,89,89,hard
v1_head,FZLiuGQKJW-L,u006C,western,test,0.632455532,0.5477225575,True,0.7264573991,89,89,hard
v1_head,FZLiuGQKJW-L,u006E,western,test,0.632455532,0.5477225575,True,0.7264573991,89,89,hard
v1_head,FZLiuGQKJW-L,u006F,western,test,0.9486832981,0.9128709292,True,0.7264573991,89,89,hard
v1_head,FZLiuGQKJW-L,u0070,western,test,0.9486832981,0.9128709292,True,0.7264573991,89,89,hard
v1_head,FZLiuGQKJW-L,u0071,western,test,0.316227766,0.1825741858,True,0.7264573991,89,89,hard
v1_head,FZLiuGQKJW-L,u0075,western,test,0.316227766,0.1825741858,True,0.7264573991,89,89,hard
v1_head,FZLiuGQKJW-L,u00E0,western,test,0.632455532,0.5477225575,True,0.7264573991,89,89,hard
v1_head,FZLiuGQKJW-L,u00E9,western,test,0.9486832981,0.9128709292,True,0.7264573991,89,89,hard
v1_head,FZLiuGQKJW-L,u00FC,western,test,0.316227766,0.1825741858,True,0.7264573991,89,89,hard
v1_head,FZLiuGQKJW-L,u0101,western,test,0.9486832981,0.9128709292,True,0.7264573991,89,89,hard
v1_head,FZLiuGQKJW-L,u011B,western,test,0.632455532,0.5477225575,True,0.7264573991,89,89,hard
v1_head,FZLiuGQKJW-L,u3042,kana,test,0.9486832981,0.9128709292,True,0.7473404255,169,169,hard
v1_head,FZLiuGQKJW-L,u304B,kana,test,0.632455532,0.5477225575,True,0.7473404255,169,169,hard
v1_head,FZLiuGQKJW-L,u3055,kana,test,0.9486832981,0.9128709292,True,0.7473404255,169,169,hard
v1_head,FZLiuGQKJW-L,u3093,kana,test,0.9486832981,0.9128709292,True,0.7473404255,169,169,hard
v1_head,FZLiuGQKJW-L,u30A2,kana,test,0.9486832981,0.9128709292,True,0.7473404255,169,169,hard
v1_head,FZLiuGQKJW-L,u30AB,kana,test,0.9486832981,0.9128709292,True,0.7473404255,169,169,hard
v1_head,FZLiuGQKJW-L,u30F3,kana,test,0.9486832981,0.9128709292,True,0.7473404255,169,169,hard
v1_head,FZMaWDBSJW,u0030,western,test,0.9486832981,0.9128709292,True,0.5448430493,89,89,medium
v1_head,FZMaWDBSJW,u0031,western,test,0.9486832981,0.9128709292,True,0.5448430493,89,89,medium
v1_head,FZMaWDBSJW,u0032,western,test,0.9486832981,0.9128709292,True,0.5448430493,89,89,medium
v1_head,FZMaWDBSJW,u0033,western,test,0.9486832981,0.9128709292,True,0.5448430493,89,89,medium
v1_head,FZMaWDBSJW,u0034,western,test,0.9486832981,0.9128709292,True,0.5448430493,89,89,medium
v1_head,FZMaWDBSJW,u0035,western,test,0.9486832981,0.9128709292,True,0.5448430493,89,89,medium
v1_head,FZMaWDBSJW,u0036,western,test,0.9486832981,0.9128709292,True,0.5448430493,89,89,medium
v1_head,FZMaWDBSJW,u0037,western,test,0.9486832981,0.9128709292,True,0.5448430493,89,89,medium
v1_head,FZMaWDBSJW,u0038,western,test,0.9486832981,0.9128709292,True,0.5448430493,89,89,medium
v1_head,FZMaWDBSJW,u0039,western,test,0.632455532,0.5477225575,True,0.5448430493,89,89,medium
v1_head,FZMaWDBSJW,u0041,western,test,0.9486832981,0.9128709292,True,0.5448430493,89,89,medium
v1_head,FZMaWDBSJW,u0042,western,test,0.9486832981,0.9128709292,True,0.5448430493,89,89,medium
v1_head,FZMaWDBSJW,u0043,western,test,0.9486832981,0.9128709292,True,0.5448430493,89,89,medium
v1_head,FZMaWDBSJW,u0047,western,test,0.9486832981,0.9128709292,True,0.5448430493,89,89,medium
v1_head,FZMaWDBSJW,u004D,western,test,0.9486832981,0.9128709292,True,0.5448430493,89,89,medium
v1_head,FZMaWDBSJW,u004F,western,test,0.9486832981,0.9128709292,True,0.5448430493,89,89,medium
v1_head,FZMaWDBSJW,u0051,western,test,0.9486832981,0.9128709292,True,0.5448430493,89,89,medium
v1_head,FZMaWDBSJW,u0052,western,test,0.9486832981,0.9128709292,True,0.5448430493,89,89,medium
v1_head,FZMaWDBSJW,u0057,western,test,0.9486832981,0.9128709292,True,0.5448430493,89,89,medium
v1_head,FZMaWDBSJW,u0061,western,test,0.632455532,0.5477225575,True,0.5448430493,89,89,medium
v1_head,FZMaWDBSJW,u0062,western,test,0.9486832981,0.9128709292,True,0.5448430493,89,89,medium
v1_head,FZMaWDBSJW,u0063,western,test,0.9486832981,0.9128709292,True,0.5448430493,89,89,medium
v1_head,FZMaWDBSJW,u0064,western,test,0.632455532,0.5477225575,True,0.5448430493,89,89,medium
v1_head,FZMaWDBSJW,u0065,western,test,0.9486832981,0.9128709292,True,0.5448430493,89,89,medium
v1_head,FZMaWDBSJW,u0067,western,test,0.9486832981,0.9128709292,True,0.5448430493,89,89,medium
v1_head,FZMaWDBSJW,u0069,western,test,0.9486832981,0.9128709292,True,0.5448430493,89,89,medium
v1_head,FZMaWDBSJW,u006C,western,test,0.9486832981,0.9128709292,True,0.5448430493,89,89,medium
v1_head,FZMaWDBSJW,u006E,western,test,0.9486832981,0.9128709292,True,0.5448430493,89,89,medium
v1_head,FZMaWDBSJW,u006F,western,test,0.9486832981,0.9128709292,True,0.5448430493,89,89,medium
v1_head,FZMaWDBSJW,u0070,western,test,0.9486832981,0.9128709292,True,0.5448430493,89,89,medium
v1_head,FZMaWDBSJW,u0071,western,test,0.9486832981,0.9128709292,True,0.5448430493,89,89,medium
v1_head,FZMaWDBSJW,u0075,western,test,0.9486832981,0.9128709292,True,0.5448430493,89,89,medium
v1_head,FZMaWDBSJW,u00E0,western,test,0.9486832981,0.9128709292,True,0.5448430493,89,89,medium
v1_head,FZMaWDBSJW,u00E9,western,test,0.9486832981,0.9128709292,True,0.5448430493,89,89,medium
v1_head,FZMaWDBSJW,u00FC,western,test,0.9486832981,0.9128709292,True,0.5448430493,89,89,medium
v1_head,FZMaWDBSJW,u0101,western,test,0.9486832981,0.9128709292,True,0.5448430493,89,89,medium
v1_head,FZMaWDBSJW,u011B,western,test,0.9486832981,0.9128709292,True,0.5448430493,89,89,medium
v1_head,FZMaWDBSJW,u3042,kana,test,0.9486832981,0.9128709292,True,0.5079787234,169,169,medium
v1_head,FZMaWDBSJW,u304B,kana,test,0.9486832981,0.9128709292,True,0.5079787234,169,169,medium
v1_head,FZMaWDBSJW,u3055,kana,test,0.9486832981,0.9128709292,True,0.5079787234,169,169,medium
v1_head,FZMaWDBSJW,u3093,kana,test,0.9486832981,0.9128709292,True,0.5079787234,169,169,medium
v1_head,FZMaWDBSJW,u30A2,kana,test,0.9486832981,0.9128709292,True,0.5079787234,169,169,medium
v1_head,FZMaWDBSJW,u30AB,kana,test,0.9486832981,0.9128709292,True,0.5079787234,169,169,medium
v1_head,FZMaWDBSJW,u30F3,kana,test,0.632455532,0.5477225575,True,0.5079787234,169,169,medium
v1_head,FZMaWDBSJW,u3105,bopomofo,test,,,False,0.4884615385,37,37,medium
v1_head,FZMaWDBSJW,u3106,bopomofo,test,,,False,0.4884615385,37,37,medium
v1_head,FZMaWDBSJW,u311A,bopomofo,test,,,False,0.4884615385,37,37,medium
v1_head,FZTJLSJW,u0030,western,test,0.9486832981,0.9128709292,True,0.8004484305,89,89,hard
v1_head,FZTJLSJW,u0031,western,test,0.9486832981,0.9128709292,True,0.8004484305,89,89,hard
v1_head,FZTJLSJW,u0032,western,test,0.9486832981,0.9128709292,True,0.8004484305,89,89,hard
v1_head,FZTJLSJW,u0033,western,test,0.9486832981,0.9128709292,True,0.8004484305,89,89,hard
v1_head,FZTJLSJW,u0034,western,test,0.9486832981,0.9128709292,True,0.8004484305,89,89,hard
v1_head,FZTJLSJW,u0035,western,test,0.9486832981,0.9128709292,True,0.8004484305,89,89,hard
v1_head,FZTJLSJW,u0036,western,test,0.9486832981,0.9128709292,True,0.8004484305,89,89,hard
v1_head,FZTJLSJW,u0037,western,test,0.9486832981,0.9128709292,True,0.8004484305,89,89,hard
v1_head,FZTJLSJW,u0038,western,test,0.9486832981,0.9128709292,True,0.8004484305,89,89,hard
v1_head,FZTJLSJW,u0039,western,test,0.9486832981,0.9128709292,True,0.8004484305,89,89,hard
v1_head,FZTJLSJW,u0041,western,test,0.9486832981,0.9128709292,True,0.8004484305,89,89,hard
v1_head,FZTJLSJW,u0042,western,test,0.9486832981,0.9128709292,True,0.8004484305,89,89,hard
v1_head,FZTJLSJW,u0043,western,test,0.9486832981,0.9128709292,True,0.8004484305,89,89,hard
v1_head,FZTJLSJW,u0047,western,test,0.316227766,0.1825741858,True,0.8004484305,89,89,hard
v1_head,FZTJLSJW,u004D,western,test,0.632455532,0.5477225575,True,0.8004484305,89,89,hard
v1_head,FZTJLSJW,u004F,western,test,0.9486832981,0.9128709292,True,0.8004484305,89,89,hard
v1_head,FZTJLSJW,u0051,western,test,0.9486832981,0.9128709292,True,0.8004484305,89,89,hard
v1_head,FZTJLSJW,u0052,western,test,0.9486832981,0.9128709292,True,0.8004484305,89,89,hard
v1_head,FZTJLSJW,u0057,western,test,0.632455532,0.5477225575,True,0.8004484305,89,89,hard
v1_head,FZTJLSJW,u0061,western,test,0.9486832981,0.9128709292,True,0.8004484305,89,89,hard
v1_head,FZTJLSJW,u0062,western,test,0.9486832981,0.9128709292,True,0.8004484305,89,89,hard
v1_head,FZTJLSJW,u0063,western,test,0.632455532,0.5477225575,True,0.8004484305,89,89,hard
v1_head,FZTJLSJW,u0064,western,test,0.9486832981,0.9128709292,True,0.8004484305,89,89,hard
v1_head,FZTJLSJW,u0065,western,test,0.9486832981,0.9128709292,True,0.8004484305,89,89,hard
v1_head,FZTJLSJW,u0067,western,test,0.9486832981,0.9128709292,True,0.8004484305,89,89,hard
v1_head,FZTJLSJW,u0069,western,test,0.9486832981,0.9128709292,True,0.8004484305,89,89,hard
v1_head,FZTJLSJW,u006C,western,test,0.9486832981,0.9128709292,True,0.8004484305,89,89,hard
v1_head,FZTJLSJW,u006E,western,test,0.9486832981,0.9128709292,True,0.8004484305,89,89,hard
v1_head,FZTJLSJW,u006F,western,test,0.632455532,0.5477225575,True,0.8004484305,89,89,hard
v1_head,FZTJLSJW,u0070,western,test,0.9486832981,0.9128709292,True,0.8004484305,89,89,hard
v1_head,FZTJLSJW,u0071,western,test,0.9486832981,0.9128709292,True,0.8004484305,89,89,hard
v1_head,FZTJLSJW,u0075,western,test,0.9486832981,0.9128709292,True,0.8004484305,89,89,hard
v1_head,FZTJLSJW,u00E0,western,test,0.632455532,0.5477225575,True,0.8004484305,89,89,hard
v1_head,FZTJLSJW,u00E9,western,test,0.316227766,0.1825741858,True,0.8004484305,89,89,hard
v1_head,FZTJLSJW,u00FC,western,test,0.9486832981,0.9128709292,True,0.8004484305,89,89,hard
v1_head,FZTJLSJW,u0101,western,test,0.9486832981,0.9128709292,True,0.8004484305,89,89,hard
v1_head,FZTJLSJW,u011B,western,test,0.9486832981,0.9128709292,True,0.8004484305,89,89,hard
