protocol,split,arm,script,k,font,metric,higher_is_better_orientation,images,rho
default128,test,K0,bopomofo,1,FZBuGTJW,lpips_alex,-1,16,-0.2558823529
default128,test,K0,bopomofo,1,FZBuGTJW,l1,-1,16,-0.3941176471
default128,test,K0,bopomofo,1,FZBuGTJW,ssim,1,16,-0.2676470588
default128,test,K0,bopomofo,1,FZBuGTJW,D_change,-1,16,-0.2382352941
default128,test,K0,bopomofo,1,FZCuanBZBKSJW,lpips_alex,-1,16,-0.2147058824
default128,test,K0,bopomofo,1,FZCuanBZBKSJW,l1,-1,16,-0.3176470588
default128,test,K0,bopomofo,1,FZCuanBZBKSJW,ssim,1,16,-0.3823529412
default128,test,K0,bopomofo,1,FZCuanBZBKSJW,D_change,-1,16,-0.3470588235
default128,test,K0,bopomofo,1,FZFeiHHJW-H,lpips_alex,-1,16,0.1058823529
default128,test,K0,bopomofo,1,FZFeiHHJW-H,l1,-1,16,0.08235294118
default128,test,K0,bopomofo,1,FZFeiHHJW-H,ssim,1,16,0.02058823529
default128,test,K0,bopomofo,1,FZFeiHHJW-H,D_change,-1,16,0.4970588235
default128,test,K0,bopomofo,1,FZHanWZKJW,lpips_alex,-1,16,0.1058823529
default128,test,K0,bopomofo,1,FZHanWZKJW,l1,-1,16,-0.07352941176
default128,test,K0,bopomofo,1,FZHanWZKJW,ssim,1,16,-0.08823529412
default128,test,K0,bopomofo,1,FZHanWZKJW,D_change,-1,16,-0.2411764706
default128,test,K0,bopomofo,1,FZJingLTJW-H,lpips_alex,-1,16,0.08823529412
default128,test,K0,bopomofo,1,FZJingLTJW-H,l1,-1,16,-0.08235294118
default128,test,K0,bopomofo,1,FZJingLTJW-H,ssim,1,16,-0.2323529412
default128,test,K0,bopomofo,1,FZJingLTJW-H,D_change,-1,16,-0.01470588235
default128,test,K0,bopomofo,1,FZLingFKSJW-B,lpips_alex,-1,16,-0.4029411765
default128,test,K0,bopomofo,1,FZLingFKSJW-B,l1,-1,16,-0.2117647059
default128,test,K0,bopomofo,1,FZLingFKSJW-B,ssim,1,16,-0.2264705882
default128,test,K0,bopomofo,1,FZLingFKSJW-B,D_change,-1,16,-0.5705882353
default128,test,K0,bopomofo,1,FZMaWDBSJW,lpips_alex,-1,16,0.4176470588
default128,test,K0,bopomofo,1,FZMaWDBSJW,l1,-1,16,0.1529411765
default128,test,K0,bopomofo,1,FZMaWDBSJW,ssim,1,16,0.06176470588
default128,test,K0,bopomofo,1,FZMaWDBSJW,D_change,-1,16,0.07647058824
default128,test,K0,bopomofo,2,FZBuGTJW,lpips_alex,-1,16,-0.6852941176
default128,test,K0,bopomofo,2,FZBuGTJW,l1,-1,16,-0.2941176471
default128,test,K0,bopomofo,2,FZBuGTJW,ssim,1,16,-0.1411764706
default128,test,K0,bopomofo,2,FZBuGTJW,D_change,-1,16,-0.3823529412
default128,test,K0,bopomofo,2,FZCuanBZBKSJW,lpips_alex,-1,16,-0.2676470588
default128,test,K0,bopomofo,2,FZCuanBZBKSJW,l1,-1,16,-0.1794117647
default128,test,K0,bopomofo,2,FZCuanBZBKSJW,ssim,1,16,-0.1676470588
default128,test,K0,bopomofo,2,FZCuanBZBKSJW,D_change,-1,16,-0.3588235294
default128,test,K0,bopomofo,2,FZFeiHHJW-H,lpips_alex,-1,16,0.03235294118
default128,test,K0,bopomofo,2,FZFeiHHJW-H,l1,-1,16,0.07941176471
default128,test,K0,bopomofo,2,FZFeiHHJW-H,ssim,1,16,0.07058823529
default128,test,K0,bopomofo,2,FZFeiHHJW-H,D_change,-1,16,0.2911764706
default128,test,K0,bopomofo,2,FZHanWZKJW,lpips_alex,-1,16,0.07647058824
default128,test,K0,bopomofo,2,FZHanWZKJW,l1,-1,16,0.08823529412
default128,test,K0,bopomofo,2,FZHanWZKJW,ssim,1,16,0.08823529412
default128,test,K0,bopomofo,2,FZHanWZKJW,D_change,-1,16,0.1176470588
default128,test,K0,bopomofo,2,FZJingLTJW-H,lpips_alex,-1,16,0.04411764706
default128,test,K0,bopomofo,2,FZJingLTJW-H,l1,-1,16,-0.2088235294
default128,test,K0,bopomofo,2,FZJingLTJW-H,ssim,1,16,-0.3941176471
default128,test,K0,bopomofo,2,FZJingLTJW-H,D_change,-1,16,0.1
default128,test,K0,bopomofo,2,FZLingFKSJW-B,lpips_alex,-1,16,0.1617647059
default128,test,K0,bopomofo,2,FZLingFKSJW-B,l1,-1,16,-0.005882352941
default128,test,K0,bopomofo,2,FZLingFKSJW-B,ssim,1,16,-0.1352941176
default128,test,K0,bopomofo,2,FZLingFKSJW-B,D_change,-1,16,0.1
default128,test,K0,bopomofo,2,FZMaWDBSJW,lpips_alex,-1,16,0.03823529412
default128,test,K0,bopomofo,2,FZMaWDBSJW,l1,-1,16,-0.3647058824
default128,test,K0,bopomofo,2,FZMaWDBSJW,ssim,1,16,-0.35
default128,test,K0,bopomofo,2,FZMaWDBSJW,D_change,-1,16,-0.2411764706
default128,test,K0,bopomofo,4,FZBuGTJW,lpips_alex,-1,16,-0.4352941176
default128,test,K0,bopomofo,4,FZBuGTJW,l1,-1,16,-0.1411764706
default128,test,K0,bopomofo,4,FZBuGTJW,ssim,1,16,-0.07647058824
default128,test,K0,bopomofo,4,FZBuGTJW,D_change,-1,16,-0.25
default128,test,K0,bopomofo,4,FZCuanBZBKSJW,lpips_alex,-1,16,0.09705882353
default128,test,K0,bopomofo,4,FZCuanBZBKSJW,l1,-1,16,-0.08235294118
default128,test,K0,bopomofo,4,FZCuanBZBKSJW,ssim,1,16,-0.2088235294
default128,test,K0,bopomofo,4,FZCuanBZBKSJW,D_change,-1,16,-0.1
default128,test,K0,bopomofo,4,FZFeiHHJW-H,lpips_alex,-1,16,0.08529411765
default128,test,K0,bopomofo,4,FZFeiHHJW-H,l1,-1,16,0.2382352941
default128,test,K0,bopomofo,4,FZFeiHHJW-H,ssim,1,16,0.1970588235
default128,test,K0,bopomofo,4,FZFeiHHJW-H,D_change,-1,16,0.3294117647
default128,test,K0,bopomofo,4,FZHanWZKJW,lpips_alex,-1,16,-0.07647058824
default128,test,K0,bopomofo,4,FZHanWZKJW,l1,-1,16,-0.1235294118
default128,test,K0,bopomofo,4,FZHanWZKJW,ssim,1,16,-0.07647058824
default128,test,K0,bopomofo,4,FZHanWZKJW,D_change,-1,16,-0.2205882353
default128,test,K0,bopomofo,4,FZJingLTJW-H,lpips_alex,-1,16,-0.2117647059
default128,test,K0,bopomofo,4,FZJingLTJW-H,l1,-1,16,-0.3558823529
default128,test,K0,bopomofo,4,FZJingLTJW-H,ssim,1,16,-0.5147058824
default128,test,K0,bopomofo,4,FZJingLTJW-H,D_change,-1,16,0.04117647059
default128,test,K0,bopomofo,4,FZLingFKSJW-B,lpips_alex,-1,16,0.005882352941
default128,test,K0,bopomofo,4,FZLingFKSJW-B,l1,-1,16,-0.1529411765
default128,test,K0,bopomofo,4,FZLingFKSJW-B,ssim,1,16,-0.2323529412
default128,test,K0,bopomofo,4,FZLingFKSJW-B,D_change,-1,16,-0.008823529412
default128,test,K0,bopomofo,4,FZMaWDBSJW,lpips_alex,-1,16,0.1941176471
default128,test,K0,bopomofo,4,FZMaWDBSJW,l1,-1,16,0.01470588235
default128,test,K0,bopomofo,4,FZMaWDBSJW,ssim,1,16,0.04705882353
default128,test,K0,bopomofo,4,FZMaWDBSJW,D_change,-1,16,-0.01470588235
default128,test,K0,bopomofo,8,FZBuGTJW,lpips_alex,-1,16,-0.2382352941
default128,test,K0,bopomofo,8,FZBuGTJW,l1,-1,16,-0.2735294118
default128,test,K0,bopomofo,8,FZBuGTJW,ssim,1,16,-0.2676470588
default128,test,K0,bopomofo,8,FZBuGTJW,D_change,-1,16,-0.3970588235
default128,test,K0,bopomofo,8,FZCuanBZBKSJW,lpips_alex,-1,16,-0.09411764706
default128,test,K0,bopomofo,8,FZCuanBZBKSJW,l1,-1,16,-0.1088235294
default128,test,K0,bopomofo,8,FZCuanBZBKSJW,ssim,1,16,-0.1735294118
default128,test,K0,bopomofo,8,FZCuanBZBKSJW,D_change,-1,16,-0.2676470588
default128,test,K0,bopomofo,8,FZFeiHHJW-H,lpips_alex,-1,16,0.1323529412
default128,test,K0,bopomofo,8,FZFeiHHJW-H,l1,-1,16,0.3147058824
default128,test,K0,bopomofo,8,FZFeiHHJW-H,ssim,1,16,0.3235294118
default128,test,K0,bopomofo,8,FZFeiHHJW-H,D_change,-1,16,0.2882352941
default128,test,K0,bopomofo,8,FZHanWZKJW,lpips_alex,-1,16,-0.1294117647
default128,test,K0,bopomofo,8,FZHanWZKJW,l1,-1,16,-0.1264705882
default128,test,K0,bopomofo,8,FZHanWZKJW,ssim,1,16,-0.09411764706
default128,test,K0,bopomofo,8,FZHanWZKJW,D_change,-1,16,-0.2647058824
default128,test,K0,bopomofo,8,FZJingLTJW-H,lpips_alex,-1,16,-0.2058823529
default128,test,K0,bopomofo,8,FZJingLTJW-H,l1,-1,16,-0.2558823529
default128,test,K0,bopomofo,8,FZJingLTJW-H,ssim,1,16,-0.3911764706
default128,test,K0,bopomofo,8,FZJingLTJW-H,D_change,-1,16,0.1176470588
default128,test,K0,bopomofo,8,FZLingFKSJW-B,lpips_alex,-1,16,0.1735294118
default128,test,K0,bopomofo,8,FZLingFKSJW-B,l1,-1,16,-0.1294117647
default128,test,K0,bopomofo,8,FZLingFKSJW-B,ssim,1,16,-0.2705882353
default128,test,K0,bopomofo,8,FZLingFKSJW-B,D_change,-1,16,-0.1235294118
default128,test,K0,bopomofo,8,FZMaWDBSJW,lpips_alex,-1,16,0.1352941176
default128,test,K0,bopomofo,8,FZMaWDBSJW,l1,-1,16,-0.04117647059
default128,test,K0,bopomofo,8,FZMaWDBSJW,ssim,1,16,-0.02647058824
default128,test,K0,bopomofo,8,FZMaWDBSJW,D_change,-1,16,-0.04117647059
default128,test,K0,kana,1,FZBuGTJW,lpips_alex,-1,32,-0.146627566
default128,test,K0,kana,1,FZBuGTJW,l1,-1,32,0.155058651
default128,test,K0,kana,1,FZBuGTJW,ssim,1,32,0.08137829912
default128,test,K0,kana,1,FZBuGTJW,D_change,-1,32,0.2030791789
default128,test,K0,kana,1,FZChuangHJW_DB,lpips_alex,-1,32,0.2056451613
default128,test,K0,kana,1,FZChuangHJW_DB,l1,-1,32,-0.04508797654
default128,test,K0,kana,1,FZChuangHJW_DB,ssim,1,32,-0.008431085044
default128,test,K0,kana,1,FZChuangHJW_DB,D_change,-1,32,0.03885630499
default128,test,K0,kana,1,FZCuanBZBKSJW,lpips_alex,-1,32,0.09640762463
default128,test,K0,kana,1,FZCuanBZBKSJW,l1,-1,32,0.01099706745
default128,test,K0,kana,1,FZCuanBZBKSJW,ssim,1,32,-0.09897360704
default128,test,K0,kana,1,FZCuanBZBKSJW,D_change,-1,32,0.1198680352
default128,test,K0,kana,1,FZDeSHJW_515H,lpips_alex,-1,32,-0.2038123167
default128,test,K0,kana,1,FZDeSHJW_515H,l1,-1,32,-0.5410557185
default128,test,K0,kana,1,FZDeSHJW_515H,ssim,1,32,-0.5439882698
default128,test,K0,kana,1,FZDeSHJW_515H,D_change,-1,32,-0.4673753666
default128,test,K0,kana,1,FZDouNTJW_Te,lpips_alex,-1,32,0.2701612903
default128,test,K0,kana,1,FZDouNTJW_Te,l1,-1,32,0.08211143695
default128,test,K0,kana,1,FZDouNTJW_Te,ssim,1,32,0.08651026393
default128,test,K0,kana,1,FZDouNTJW_Te,D_change,-1,32,0.1480938416
default128,test,K0,kana,1,FZFeiHHJW-H,lpips_alex,-1,32,-0.3390762463
default128,test,K0,kana,1,FZFeiHHJW-H,l1,-1,32,-0.3383431085
default128,test,K0,kana,1,FZFeiHHJW-H,ssim,1,32,-0.4959677419
default128,test,K0,kana,1,FZFeiHHJW-H,D_change,-1,32,-0.116202346
default128,test,K0,kana,1,FZFengYKSJ,lpips_alex,-1,32,0.0146627566
default128,test,K0,kana,1,FZFengYKSJ,l1,-1,32,-0.1451612903
default128,test,K0,kana,1,FZFengYKSJ,ssim,1,32,-0.2829912023
default128,test,K0,kana,1,FZFengYKSJ,D_change,-1,32,-0.1436950147
default128,test,K0,kana,1,FZHanWZKJW,lpips_alex,-1,32,0.4351173021
default128,test,K0,kana,1,FZHanWZKJW,l1,-1,32,0.08687683284
default128,test,K0,kana,1,FZHanWZKJW,ssim,1,32,0.009897360704
default128,test,K0,kana,1,FZHanWZKJW,D_change,-1,32,0.1521260997
default128,test,K0,kana,1,FZJianLTJW_Te,lpips_alex,-1,32,-0.1565249267
default128,test,K0,kana,1,FZJianLTJW_Te,l1,-1,32,-0.2470674487
default128,test,K0,kana,1,FZJianLTJW_Te,ssim,1,32,-0.1653225806
default128,test,K0,kana,1,FZJianLTJW_Te,D_change,-1,32,-0.1543255132
default128,test,K0,kana,1,FZJingLTJW-H,lpips_alex,-1,32,-0.004398826979
default128,test,K0,kana,1,FZJingLTJW-H,l1,-1,32,0.1986803519
default128,test,K0,kana,1,FZJingLTJW-H,ssim,1,32,0.1924486804
default128,test,K0,kana,1,FZJingLTJW-H,D_change,-1,32,0.2639296188
default128,test,K0,kana,1,FZLingFKSJW-B,lpips_alex,-1,32,-0.1304985337
default128,test,K0,kana,1,FZLingFKSJW-B,l1,-1,32,-0.09934017595
default128,test,K0,kana,1,FZLingFKSJW-B,ssim,1,32,-0.271627566
default128,test,K0,kana,1,FZLingFKSJW-B,D_change,-1,32,0.1180351906
default128,test,K0,kana,1,FZLiuGQKJW-L,lpips_alex,-1,32,-0.08101173021
default128,test,K0,kana,1,FZLiuGQKJW-L,l1,-1,32,-0.0245601173
default128,test,K0,kana,1,FZLiuGQKJW-L,ssim,1,32,-0.1074046921
default128,test,K0,kana,1,FZLiuGQKJW-L,D_change,-1,32,0.08284457478
default128,test,K0,kana,1,FZMaWDBSJW,lpips_alex,-1,32,0.01282991202
default128,test,K0,kana,1,FZMaWDBSJW,l1,-1,32,0.03848973607
default128,test,K0,kana,1,FZMaWDBSJW,ssim,1,32,0.009897360704
default128,test,K0,kana,1,FZMaWDBSJW,D_change,-1,32,0.0245601173
default128,test,K0,kana,2,FZBuGTJW,lpips_alex,-1,32,-0.3368768328
default128,test,K0,kana,2,FZBuGTJW,l1,-1,32,-0.2815249267
default128,test,K0,kana,2,FZBuGTJW,ssim,1,32,-0.2162756598
default128,test,K0,kana,2,FZBuGTJW,D_change,-1,32,-0.2052785924
default128,test,K0,kana,2,FZChuangHJW_DB,lpips_alex,-1,32,0.09860703812
default128,test,K0,kana,2,FZChuangHJW_DB,l1,-1,32,-0.07514662757
default128,test,K0,kana,2,FZChuangHJW_DB,ssim,1,32,0.03042521994
default128,test,K0,kana,2,FZChuangHJW_DB,D_change,-1,32,-0.1158357771
default128,test,K0,kana,2,FZCuanBZBKSJW,lpips_alex,-1,32,-0.01026392962
default128,test,K0,kana,2,FZCuanBZBKSJW,l1,-1,32,-0.1103372434
default128,test,K0,kana,2,FZCuanBZBKSJW,ssim,1,32,-0.1576246334
default128,test,K0,kana,2,FZCuanBZBKSJW,D_change,-1,32,0.004398826979
default128,test,K0,kana,2,FZDeSHJW_515H,lpips_alex,-1,32,-0.0832111437
default128,test,K0,kana,2,FZDeSHJW_515H,l1,-1,32,-0.2225073314
default128,test,K0,kana,2,FZDeSHJW_515H,ssim,1,32,-0.2870234604
default128,test,K0,kana,2,FZDeSHJW_515H,D_change,-1,32,-0.2280058651
default128,test,K0,kana,2,FZDouNTJW_Te,lpips_alex,-1,32,0.1330645161
default128,test,K0,kana,2,FZDouNTJW_Te,l1,-1,32,-0.03739002933
default128,test,K0,kana,2,FZDouNTJW_Te,ssim,1,32,-0.1147360704
default128,test,K0,kana,2,FZDouNTJW_Te,D_change,-1,32,-0.00146627566
default128,test,K0,kana,2,FZFeiHHJW-H,lpips_alex,-1,32,-0.07368035191
default128,test,K0,kana,2,FZFeiHHJW-H,l1,-1,32,-0.1184017595
default128,test,K0,kana,2,FZFeiHHJW-H,ssim,1,32,-0.1704545455
default128,test,K0,kana,2,FZFeiHHJW-H,D_change,-1,32,0.0956744868
default128,test,K0,kana,2,FZFengYKSJ,lpips_alex,-1,32,0.05095307918
default128,test,K0,kana,2,FZFengYKSJ,l1,-1,32,-0.3020527859
default128,test,K0,kana,2,FZFengYKSJ,ssim,1,32,-0.3995601173
default128,test,K0,kana,2,FZFengYKSJ,D_change,-1,32,-0.198313783
default128,test,K0,kana,2,FZHanWZKJW,lpips_alex,-1,32,0.3929618768
default128,test,K0,kana,2,FZHanWZKJW,l1,-1,32,0.1041055718
default128,test,K0,kana,2,FZHanWZKJW,ssim,1,32,0.04105571848
default128,test,K0,kana,2,FZHanWZKJW,D_change,-1,32,0.2650293255
default128,test,K0,kana,2,FZJianLTJW_Te,lpips_alex,-1,32,-0.2895894428
default128,test,K0,kana,2,FZJianLTJW_Te,l1,-1,32,-0.3101173021
default128,test,K0,kana,2,FZJianLTJW_Te,ssim,1,32,-0.2423020528
default128,test,K0,kana,2,FZJianLTJW_Te,D_change,-1,32,-0.245601173
default128,test,K0,kana,2,FZJingLTJW-H,lpips_alex,-1,32,-0.1484604106
default128,test,K0,kana,2,FZJingLTJW-H,l1,-1,32,0.2225073314
default128,test,K0,kana,2,FZJingLTJW-H,ssim,1,32,0.3291788856
default128,test,K0,kana,2,FZJingLTJW-H,D_change,-1,32,0.4193548387
default128,test,K0,kana,2,FZLingFKSJW-B,lpips_alex,-1,32,0.01356304985
default128,test,K0,kana,2,FZLingFKSJW-B,l1,-1,32,-0.167888563
default128,test,K0,kana,2,FZLingFKSJW-B,ssim,1,32,-0.3196480938
default128,test,K0,kana,2,FZLingFKSJW-B,D_change,-1,32,0.06781524927
default128,test,K0,kana,2,FZLiuGQKJW-L,lpips_alex,-1,32,-0.1689882698
default128,test,K0,kana,2,FZLiuGQKJW-L,l1,-1,32,-0.1070381232
default128,test,K0,kana,2,FZLiuGQKJW-L,ssim,1,32,-0.1781524927
default128,test,K0,kana,2,FZLiuGQKJW-L,D_change,-1,32,0.03812316716
default128,test,K0,kana,2,FZMaWDBSJW,lpips_alex,-1,32,0.05351906158
default128,test,K0,kana,2,FZMaWDBSJW,l1,-1,32,-0.02712609971
default128,test,K0,kana,2,FZMaWDBSJW,ssim,1,32,-0.06488269795
default128,test,K0,kana,2,FZMaWDBSJW,D_change,-1,32,0.1440615836
default128,test,K0,kana,4,FZBuGTJW,lpips_alex,-1,32,-0.2390029326
default128,test,K0,kana,4,FZBuGTJW,l1,-1,32,-0.2620967742
default128,test,K0,kana,4,FZBuGTJW,ssim,1,32,-0.2642961877
default128,test,K0,kana,4,FZBuGTJW,D_change,-1,32,-0.03079178886
default128,test,K0,kana,4,FZChuangHJW_DB,lpips_alex,-1,32,0.07624633431
default128,test,K0,kana,4,FZChuangHJW_DB,l1,-1,32,-0.01539589443
default128,test,K0,kana,4,FZChuangHJW_DB,ssim,1,32,0.06048387097
default128,test,K0,kana,4,FZChuangHJW_DB,D_change,-1,32,-0.1389296188
default128,test,K0,kana,4,FZCuanBZBKSJW,lpips_alex,-1,32,0.0564516129
default128,test,K0,kana,4,FZCuanBZBKSJW,l1,-1,32,0.04545454545
default128,test,K0,kana,4,FZCuanBZBKSJW,ssim,1,32,-0.07661290323
default128,test,K0,kana,4,FZCuanBZBKSJW,D_change,-1,32,0.09860703812
default128,test,K0,kana,4,FZDeSHJW_515H,lpips_alex,-1,32,0.01209677419
default128,test,K0,kana,4,FZDeSHJW_515H,l1,-1,32,-0.2426686217
default128,test,K0,kana,4,FZDeSHJW_515H,ssim,1,32,-0.3185483871
default128,test,K0,kana,4,FZDeSHJW_515H,D_change,-1,32,-0.1634897361
default128,test,K0,kana,4,FZDouNTJW_Te,lpips_alex,-1,32,0.008064516129
default128,test,K0,kana,4,FZDouNTJW_Te,l1,-1,32,-0.1143695015
default128,test,K0,kana,4,FZDouNTJW_Te,ssim,1,32,-0.1326979472
default128,test,K0,kana,4,FZDouNTJW_Te,D_change,-1,32,-0.07258064516
default128,test,K0,kana,4,FZFeiHHJW-H,lpips_alex,-1,32,-0.1623900293
default128,test,K0,kana,4,FZFeiHHJW-H,l1,-1,32,-0.2126099707
default128,test,K0,kana,4,FZFeiHHJW-H,ssim,1,32,-0.2668621701
default128,test,K0,kana,4,FZFeiHHJW-H,D_change,-1,32,-0.1282991202
default128,test,K0,kana,4,FZFengYKSJ,lpips_alex,-1,32,-0.017228739
default128,test,K0,kana,4,FZFengYKSJ,l1,-1,32,-0.09494134897
default128,test,K0,kana,4,FZFengYKSJ,ssim,1,32,-0.1645894428
default128,test,K0,kana,4,FZFengYKSJ,D_change,-1,32,-0.00293255132
default128,test,K0,kana,4,FZHanWZKJW,lpips_alex,-1,32,0.4593108504
default128,test,K0,kana,4,FZHanWZKJW,l1,-1,32,0.1279325513
default128,test,K0,kana,4,FZHanWZKJW,ssim,1,32,0.05681818182
default128,test,K0,kana,4,FZHanWZKJW,D_change,-1,32,0.2576979472
default128,test,K0,kana,4,FZJianLTJW_Te,lpips_alex,-1,32,-0.0637829912
default128,test,K0,kana,4,FZJianLTJW_Te,l1,-1,32,-0.01392961877
default128,test,K0,kana,4,FZJianLTJW_Te,ssim,1,32,0.009164222874
default128,test,K0,kana,4,FZJianLTJW_Te,D_change,-1,32,0.06524926686
default128,test,K0,kana,4,FZJingLTJW-H,lpips_alex,-1,32,-0.00219941349
default128,test,K0,kana,4,FZJingLTJW-H,l1,-1,32,0.09677419355
default128,test,K0,kana,4,FZJingLTJW-H,ssim,1,32,0.1312316716
default128,test,K0,kana,4,FZJingLTJW-H,D_change,-1,32,0.2474340176
default128,test,K0,kana,4,FZLingFKSJW-B,lpips_alex,-1,32,-0.06488269795
default128,test,K0,kana,4,FZLingFKSJW-B,l1,-1,32,-0.1491935484
default128,test,K0,kana,4,FZLingFKSJW-B,ssim,1,32,-0.2569648094
default128,test,K0,kana,4,FZLingFKSJW-B,D_change,-1,32,0.05498533724
default128,test,K0,kana,4,FZLiuGQKJW-L,lpips_alex,-1,32,-0.04472140762
default128,test,K0,kana,4,FZLiuGQKJW-L,l1,-1,32,-0.07368035191
default128,test,K0,kana,4,FZLiuGQKJW-L,ssim,1,32,-0.09237536657
default128,test,K0,kana,4,FZLiuGQKJW-L,D_change,-1,32,0.09934017595
default128,test,K0,kana,4,FZMaWDBSJW,lpips_alex,-1,32,0.006964809384
default128,test,K0,kana,4,FZMaWDBSJW,l1,-1,32,0.0711143695
default128,test,K0,kana,4,FZMaWDBSJW,ssim,1,32,0.05938416422
default128,test,K0,kana,4,FZMaWDBSJW,D_change,-1,32,0.09604105572
default128,test,K0,kana,8,FZBuGTJW,lpips_alex,-1,32,-0.06708211144
default128,test,K0,kana,8,FZBuGTJW,l1,-1,32,-0.189516129
default128,test,K0,kana,8,FZBuGTJW,ssim,1,32,-0.25
default128,test,K0,kana,8,FZBuGTJW,D_change,-1,32,-0.04398826979
default128,test,K0,kana,8,FZChuangHJW_DB,lpips_alex,-1,32,-0.01906158358
default128,test,K0,kana,8,FZChuangHJW_DB,l1,-1,32,-0.03079178886
default128,test,K0,kana,8,FZChuangHJW_DB,ssim,1,32,0.06195014663
default128,test,K0,kana,8,FZChuangHJW_DB,D_change,-1,32,-0.06561583578
default128,test,K0,kana,8,FZCuanBZBKSJW,lpips_alex,-1,32,0.1147360704
default128,test,K0,kana,8,FZCuanBZBKSJW,l1,-1,32,0.03958944282
default128,test,K0,kana,8,FZCuanBZBKSJW,ssim,1,32,-0.02492668622
default128,test,K0,kana,8,FZCuanBZBKSJW,D_change,-1,32,0.1700879765
default128,test,K0,kana,8,FZDeSHJW_515H,lpips_alex,-1,32,-0.1708211144
default128,test,K0,kana,8,FZDeSHJW_515H,l1,-1,32,-0.4065249267
default128,test,K0,kana,8,FZDeSHJW_515H,ssim,1,32,-0.4941348974
default128,test,K0,kana,8,FZDeSHJW_515H,D_change,-1,32,-0.2489002933
default128,test,K0,kana,8,FZDouNTJW_Te,lpips_alex,-1,32,0.0007331378299
default128,test,K0,kana,8,FZDouNTJW_Te,l1,-1,32,-0.2056451613
default128,test,K0,kana,8,FZDouNTJW_Te,ssim,1,32,-0.1818181818
default128,test,K0,kana,8,FZDouNTJW_Te,D_change,-1,32,-0.1975806452
default128,test,K0,kana,8,FZFeiHHJW-H,lpips_alex,-1,32,-0.00366568915
default128,test,K0,kana,8,FZFeiHHJW-H,l1,-1,32,-0.02602639296
default128,test,K0,kana,8,FZFeiHHJW-H,ssim,1,32,-0.004032258065
default128,test,K0,kana,8,FZFeiHHJW-H,D_change,-1,32,0.003299120235
default128,test,K0,kana,8,FZFengYKSJ,lpips_alex,-1,32,0.02089442815
default128,test,K0,kana,8,FZFengYKSJ,l1,-1,32,-0.1103372434
default128,test,K0,kana,8,FZFengYKSJ,ssim,1,32,-0.185483871
default128,test,K0,kana,8,FZFengYKSJ,D_change,-1,32,-0.02419354839
default128,test,K0,kana,8,FZHanWZKJW,lpips_alex,-1,32,0.448313783
default128,test,K0,kana,8,FZHanWZKJW,l1,-1,32,0.1257331378
default128,test,K0,kana,8,FZHanWZKJW,ssim,1,32,0.04435483871
default128,test,K0,kana,8,FZHanWZKJW,D_change,-1,32,0.2657624633
default128,test,K0,kana,8,FZJianLTJW_Te,lpips_alex,-1,32,-0.1653225806
default128,test,K0,kana,8,FZJianLTJW_Te,l1,-1,32,-0.1392961877
default128,test,K0,kana,8,FZJianLTJW_Te,ssim,1,32,-0.1275659824
default128,test,K0,kana,8,FZJianLTJW_Te,D_change,-1,32,-0.05571847507
default128,test,K0,kana,8,FZJingLTJW-H,lpips_alex,-1,32,-0.06195014663
default128,test,K0,kana,8,FZJingLTJW-H,l1,-1,32,0.03262463343
default128,test,K0,kana,8,FZJingLTJW-H,ssim,1,32,0.1239002933
default128,test,K0,kana,8,FZJingLTJW-H,D_change,-1,32,0.2126099707
default128,test,K0,kana,8,FZLingFKSJW-B,lpips_alex,-1,32,0.0366568915
default128,test,K0,kana,8,FZLingFKSJW-B,l1,-1,32,-0.0857771261
default128,test,K0,kana,8,FZLingFKSJW-B,ssim,1,32,-0.1308651026
default128,test,K0,kana,8,FZLingFKSJW-B,D_change,-1,32,0.01099706745
default128,test,K0,kana,8,FZLiuGQKJW-L,lpips_alex,-1,32,-0.08980938416
default128,test,K0,kana,8,FZLiuGQKJW-L,l1,-1,32,-0.09090909091
default128,test,K0,kana,8,FZLiuGQKJW-L,ssim,1,32,-0.1363636364
default128,test,K0,kana,8,FZLiuGQKJW-L,D_change,-1,32,0.03555718475
default128,test,K0,kana,8,FZMaWDBSJW,lpips_alex,-1,32,-0.07038123167
default128,test,K0,kana,8,FZMaWDBSJW,l1,-1,32,0.09750733138
default128,test,K0,kana,8,FZMaWDBSJW,ssim,1,32,0.07661290323
default128,test,K0,kana,8,FZMaWDBSJW,D_change,-1,32,0.1455278592
default128,test,K0,western,1,FZBuGTJW,lpips_alex,-1,80,0.1484294421
default128,test,K0,western,1,FZBuGTJW,l1,-1,80,0.1702062822
default128,test,K0,western,1,FZBuGTJW,ssim,1,80,0.2176511955
default128,test,K0,western,1,FZBuGTJW,D_change,-1,80,0.2966947961
default128,test,K0,western,1,FZChuangHJW_DB,lpips_alex,-1,80,-0.316432255
default128,test,K0,western,1,FZChuangHJW_DB,l1,-1,80,-0.1715189873
default128,test,K0,western,1,FZChuangHJW_DB,ssim,1,80,-0.1788560713
default128,test,K0,western,1,FZChuangHJW_DB,D_change,-1,80,-0.04261603376
default128,test,K0,western,1,FZCuanBZBKSJW,lpips_alex,-1,80,0.1630801688
default128,test,K0,western,1,FZCuanBZBKSJW,l1,-1,80,0.2081575246
default128,test,K0,western,1,FZCuanBZBKSJW,ssim,1,80,0.1641584623
default128,test,K0,western,1,FZCuanBZBKSJW,D_change,-1,80,0.2520628223
default128,test,K0,western,1,FZDeSHJW_515H,lpips_alex,-1,80,-0.2106891702
default128,test,K0,western,1,FZDeSHJW_515H,l1,-1,80,-0.2323488045
default128,test,K0,western,1,FZDeSHJW_515H,ssim,1,80,-0.2300984529
default128,test,K0,western,1,FZDeSHJW_515H,D_change,-1,80,-0.1428035631
default128,test,K0,western,1,FZDouNTJW_Te,lpips_alex,-1,80,0.3646272855
default128,test,K0,western,1,FZDouNTJW_Te,l1,-1,80,0.2554852321
default128,test,K0,western,1,FZDouNTJW_Te,ssim,1,80,0.1619784341
default128,test,K0,western,1,FZDouNTJW_Te,D_change,-1,80,0.222339428
default128,test,K0,western,1,FZFeiHHJW-H,lpips_alex,-1,80,0.5375761838
default128,test,K0,western,1,FZFeiHHJW-H,l1,-1,80,0.1825363338
default128,test,K0,western,1,FZFeiHHJW-H,ssim,1,80,0.107923113
default128,test,K0,western,1,FZFeiHHJW-H,D_change,-1,80,0.1561415846
default128,test,K0,western,1,FZFengYKSJ,lpips_alex,-1,80,0.09624941397
default128,test,K0,western,1,FZFengYKSJ,l1,-1,80,-0.02686357243
default128,test,K0,western,1,FZFengYKSJ,ssim,1,80,-0.07648851383
default128,test,K0,western,1,FZFengYKSJ,D_change,-1,80,0.02470698547
default128,test,K0,western,1,FZHanWZKJW,lpips_alex,-1,80,-0.002437880919
default128,test,K0,western,1,FZHanWZKJW,l1,-1,80,-0.2232536334
default128,test,K0,western,1,FZHanWZKJW,ssim,1,80,-0.2013361463
default128,test,K0,western,1,FZHanWZKJW,D_change,-1,80,-0.1700421941
default128,test,K0,western,1,FZHuoYYJW-T,lpips_alex,-1,80,0.07641819034
default128,test,K0,western,1,FZHuoYYJW-T,l1,-1,80,-0.364556962
default128,test,K0,western,1,FZHuoYYJW-T,ssim,1,80,-0.3522503516
default128,test,K0,western,1,FZHuoYYJW-T,D_change,-1,80,0.1447726207
default128,test,K0,western,1,FZJianLTJW_Te,lpips_alex,-1,80,-0.1518049695
default128,test,K0,western,1,FZJianLTJW_Te,l1,-1,80,-0.3555086732
default128,test,K0,western,1,FZJianLTJW_Te,ssim,1,80,-0.4082747304
default128,test,K0,western,1,FZJianLTJW_Te,D_change,-1,80,-0.1484763244
default128,test,K0,western,1,FZJingLTJW-H,lpips_alex,-1,80,0.4760900141
default128,test,K0,western,1,FZJingLTJW-H,l1,-1,80,0.2148616971
default128,test,K0,western,1,FZJingLTJW-H,ssim,1,80,0.2035864979
default128,test,K0,western,1,FZJingLTJW-H,D_change,-1,80,0.08785747773
default128,test,K0,western,1,FZJingYLLTJW,lpips_alex,-1,80,0.164838256
default128,test,K0,western,1,FZJingYLLTJW,l1,-1,80,0.09767932489
default128,test,K0,western,1,FZJingYLLTJW,ssim,1,80,0.005180496953
default128,test,K0,western,1,FZJingYLLTJW,D_change,-1,80,0.1161978434
default128,test,K0,western,1,FZLingFKSJW-B,lpips_alex,-1,80,-0.1052508204
default128,test,K0,western,1,FZLingFKSJW-B,l1,-1,80,-0.284294421
default128,test,K0,western,1,FZLingFKSJW-B,ssim,1,80,-0.2157524613
default128,test,K0,western,1,FZLingFKSJW-B,D_change,-1,80,-0.2490389123
default128,test,K0,western,1,FZLiuGQKJW-L,lpips_alex,-1,80,0.1564932021
default128,test,K0,western,1,FZLiuGQKJW-L,l1,-1,80,-0.1884435068
default128,test,K0,western,1,FZLiuGQKJW-L,ssim,1,80,-0.2025550867
default128,test,K0,western,1,FZLiuGQKJW-L,D_change,-1,80,-0.06994842944
default128,test,K0,western,1,FZMaWDBSJW,lpips_alex,-1,80,-0.1387716831
default128,test,K0,western,1,FZMaWDBSJW,l1,-1,80,0.115846226
default128,test,K0,western,1,FZMaWDBSJW,ssim,1,80,0.1718706048
default128,test,K0,western,1,FZMaWDBSJW,D_change,-1,80,-0.1158696671
default128,test,K0,western,1,FZTJLSJW,lpips_alex,-1,80,0.0400140647
default128,test,K0,western,1,FZTJLSJW,l1,-1,80,0.1691983122
default128,test,K0,western,1,FZTJLSJW,ssim,1,80,0.1882325363
default128,test,K0,western,1,FZTJLSJW,D_change,-1,80,0.09069385842
default128,test,K0,western,2,FZBuGTJW,lpips_alex,-1,80,0.07257383966
default128,test,K0,western,2,FZBuGTJW,l1,-1,80,0.04556962025
default128,test,K0,western,2,FZBuGTJW,ssim,1,80,0.1109939053
default128,test,K0,western,2,FZBuGTJW,D_change,-1,80,0.1294889827
default128,test,K0,western,2,FZChuangHJW_DB,lpips_alex,-1,80,-0.378668542
default128,test,K0,western,2,FZChuangHJW_DB,l1,-1,80,-0.1627051102
default128,test,K0,western,2,FZChuangHJW_DB,ssim,1,80,-0.1505391467
default128,test,K0,western,2,FZChuangHJW_DB,D_change,-1,80,-0.08757618378
default128,test,K0,western,2,FZCuanBZBKSJW,lpips_alex,-1,80,0.1973277075
default128,test,K0,western,2,FZCuanBZBKSJW,l1,-1,80,0.1691748711
default128,test,K0,western,2,FZCuanBZBKSJW,ssim,1,80,0.1400140647
default128,test,K0,western,2,FZCuanBZBKSJW,D_change,-1,80,0.2013361463
default128,test,K0,western,2,FZDeSHJW_515H,lpips_alex,-1,80,-0.1977730895
default128,test,K0,western,2,FZDeSHJW_515H,l1,-1,80,-0.1266994843
default128,test,K0,western,2,FZDeSHJW_515H,ssim,1,80,-0.107782466
default128,test,K0,western,2,FZDeSHJW_515H,D_change,-1,80,-0.04796061885
default128,test,K0,western,2,FZDouNTJW_Te,lpips_alex,-1,80,0.410665729
default128,test,K0,western,2,FZDouNTJW_Te,l1,-1,80,0.1989451477
default128,test,K0,western,2,FZDouNTJW_Te,ssim,1,80,0.1413033286
default128,test,K0,western,2,FZDouNTJW_Te,D_change,-1,80,0.1302859822
default128,test,K0,western,2,FZFeiHHJW-H,lpips_alex,-1,80,0.6356305673
default128,test,K0,western,2,FZFeiHHJW-H,l1,-1,80,0.2240740741
default128,test,K0,western,2,FZFeiHHJW-H,ssim,1,80,0.1440693858
default128,test,K0,western,2,FZFeiHHJW-H,D_change,-1,80,0.2181903422
default128,test,K0,western,2,FZFengYKSJ,lpips_alex,-1,80,0.1180965776
default128,test,K0,western,2,FZFengYKSJ,l1,-1,80,-0.01561181435
default128,test,K0,western,2,FZFengYKSJ,ssim,1,80,-0.04936708861
default128,test,K0,western,2,FZFengYKSJ,D_change,-1,80,0.02616033755
default128,test,K0,western,2,FZHanWZKJW,lpips_alex,-1,80,0.02212845757
default128,test,K0,western,2,FZHanWZKJW,l1,-1,80,-0.2220581341
default128,test,K0,western,2,FZHanWZKJW,ssim,1,80,-0.226371308
default128,test,K0,western,2,FZHanWZKJW,D_change,-1,80,-0.1758556024
default128,test,K0,western,2,FZHuoYYJW-T,lpips_alex,-1,80,-0.01308016878
default128,test,K0,western,2,FZHuoYYJW-T,l1,-1,80,-0.3806375996
default128,test,K0,western,2,FZHuoYYJW-T,ssim,1,80,-0.3690107829
default128,test,K0,western,2,FZHuoYYJW-T,D_change,-1,80,0.1445147679
default128,test,K0,western,2,FZJianLTJW_Te,lpips_alex,-1,80,-0.03089545241
default128,test,K0,western,2,FZJianLTJW_Te,l1,-1,80,-0.1877637131
default128,test,K0,western,2,FZJianLTJW_Te,ssim,1,80,-0.2302156587
default128,test,K0,western,2,FZJianLTJW_Te,D_change,-1,80,-0.08462259728
default128,test,K0,western,2,FZJingLTJW-H,lpips_alex,-1,80,0.4098452883
default128,test,K0,western,2,FZJingLTJW-H,l1,-1,80,0.261673699
default128,test,K0,western,2,FZJingLTJW-H,ssim,1,80,0.2355368026
default128,test,K0,western,2,FZJingLTJW-H,D_change,-1,80,0.195241444
default128,test,K0,western,2,FZJingYLLTJW,lpips_alex,-1,80,-0.06917487107
default128,test,K0,western,2,FZJingYLLTJW,l1,-1,80,-0.1169714018
default128,test,K0,western,2,FZJingYLLTJW,ssim,1,80,-0.1720581341
default128,test,K0,western,2,FZJingYLLTJW,D_change,-1,80,0.02102672293
default128,test,K0,western,2,FZLingFKSJW-B,lpips_alex,-1,80,-0.08977965307
default128,test,K0,western,2,FZLingFKSJW-B,l1,-1,80,-0.3012658228
default128,test,K0,western,2,FZLingFKSJW-B,ssim,1,80,-0.2971401782
default128,test,K0,western,2,FZLingFKSJW-B,D_change,-1,80,-0.2119784341
default128,test,K0,western,2,FZLiuGQKJW-L,lpips_alex,-1,80,0.2326066573
default128,test,K0,western,2,FZLiuGQKJW-L,l1,-1,80,-0.1714252227
default128,test,K0,western,2,FZLiuGQKJW-L,ssim,1,80,-0.177238631
default128,test,K0,western,2,FZLiuGQKJW-L,D_change,-1,80,-0.055907173
default128,test,K0,western,2,FZMaWDBSJW,lpips_alex,-1,80,-0.05077355837
default128,test,K0,western,2,FZMaWDBSJW,l1,-1,80,0.1906469761
default128,test,K0,western,2,FZMaWDBSJW,ssim,1,80,0.2114861697
default128,test,K0,western,2,FZMaWDBSJW,D_change,-1,80,0.1193858415
default128,test,K0,western,2,FZTJLSJW,lpips_alex,-1,80,-0.1671823722
default128,test,K0,western,2,FZTJLSJW,l1,-1,80,0.09299109236
default128,test,K0,western,2,FZTJLSJW,ssim,1,80,0.1210501641
default128,test,K0,western,2,FZTJLSJW,D_change,-1,80,0.06828410689
default128,test,K0,western,4,FZBuGTJW,lpips_alex,-1,80,0.009540553211
default128,test,K0,western,4,FZBuGTJW,l1,-1,80,-0.03546647914
default128,test,K0,western,4,FZBuGTJW,ssim,1,80,0.0462962963
default128,test,K0,western,4,FZBuGTJW,D_change,-1,80,0.06347866854
default128,test,K0,western,4,FZChuangHJW_DB,lpips_alex,-1,80,-0.3389357712
default128,test,K0,western,4,FZChuangHJW_DB,l1,-1,80,-0.181411158
default128,test,K0,western,4,FZChuangHJW_DB,ssim,1,80,-0.188326301
default128,test,K0,western,4,FZChuangHJW_DB,D_change,-1,80,-0.05039849977
default128,test,K0,western,4,FZCuanBZBKSJW,lpips_alex,-1,80,0.2623066104
default128,test,K0,western,4,FZCuanBZBKSJW,l1,-1,80,0.2363572433
default128,test,K0,western,4,FZCuanBZBKSJW,ssim,1,80,0.1577121425
default128,test,K0,western,4,FZCuanBZBKSJW,D_change,-1,80,0.2317862166
default128,test,K0,western,4,FZDeSHJW_515H,lpips_alex,-1,80,-0.1582981716
default128,test,K0,western,4,FZDeSHJW_515H,l1,-1,80,-0.1286451008
default128,test,K0,western,4,FZDeSHJW_515H,ssim,1,80,-0.1004453821
default128,test,K0,western,4,FZDeSHJW_515H,D_change,-1,80,-0.05792311299
default128,test,K0,western,4,FZDouNTJW_Te,lpips_alex,-1,80,0.3991092358
default128,test,K0,western,4,FZDouNTJW_Te,l1,-1,80,0.2892873887
default128,test,K0,western,4,FZDouNTJW_Te,ssim,1,80,0.2254571027
default128,test,K0,western,4,FZDouNTJW_Te,D_change,-1,80,0.2037037037
default128,test,K0,western,4,FZFeiHHJW-H,lpips_alex,-1,80,0.6069620253
default128,test,K0,western,4,FZFeiHHJW-H,l1,-1,80,0.1918190342
default128,test,K0,western,4,FZFeiHHJW-H,ssim,1,80,0.09360056259
default128,test,K0,western,4,FZFeiHHJW-H,D_change,-1,80,0.1554617909
default128,test,K0,western,4,FZFengYKSJ,lpips_alex,-1,80,0.06202531646
default128,test,K0,western,4,FZFengYKSJ,l1,-1,80,0.05944678856
default128,test,K0,western,4,FZFengYKSJ,ssim,1,80,0.02102672293
default128,test,K0,western,4,FZFengYKSJ,D_change,-1,80,0.1213080169
default128,test,K0,western,4,FZHanWZKJW,lpips_alex,-1,80,0.006962025316
default128,test,K0,western,4,FZHanWZKJW,l1,-1,80,-0.2197609001
default128,test,K0,western,4,FZHanWZKJW,ssim,1,80,-0.2267932489
default128,test,K0,western,4,FZHanWZKJW,D_change,-1,80,-0.1153539616
default128,test,K0,western,4,FZHuoYYJW-T,lpips_alex,-1,80,0.03703703704
default128,test,K0,western,4,FZHuoYYJW-T,l1,-1,80,-0.3826300985
default128,test,K0,western,4,FZHuoYYJW-T,ssim,1,80,-0.3767932489
default128,test,K0,western,4,FZHuoYYJW-T,D_change,-1,80,0.03098921707
default128,test,K0,western,4,FZJianLTJW_Te,lpips_alex,-1,80,-0.09793717768
default128,test,K0,western,4,FZJianLTJW_Te,l1,-1,80,-0.2861462729
default128,test,K0,western,4,FZJianLTJW_Te,ssim,1,80,-0.3020393812
default128,test,K0,western,4,FZJianLTJW_Te,D_change,-1,80,-0.1440459447
default128,test,K0,western,4,FZJingLTJW-H,lpips_alex,-1,80,0.2592592593
default128,test,K0,western,4,FZJingLTJW-H,l1,-1,80,0.06422878575
default128,test,K0,western,4,FZJingLTJW-H,ssim,1,80,0.04514767932
default128,test,K0,western,4,FZJingLTJW-H,D_change,-1,80,0.1272855134
default128,test,K0,western,4,FZJingYLLTJW,lpips_alex,-1,80,-0.006680731364
default128,test,K0,western,4,FZJingYLLTJW,l1,-1,80,-0.05412564463
default128,test,K0,western,4,FZJingYLLTJW,ssim,1,80,-0.1229957806
default128,test,K0,western,4,FZJingYLLTJW,D_change,-1,80,0.04132676981
default128,test,K0,western,4,FZLingFKSJW-B,lpips_alex,-1,80,-0.1438584154
default128,test,K0,western,4,FZLingFKSJW-B,l1,-1,80,-0.3012423816
default128,test,K0,western,4,FZLingFKSJW-B,ssim,1,80,-0.2706751055
default128,test,K0,western,4,FZLingFKSJW-B,D_change,-1,80,-0.2486169714
default128,test,K0,western,4,FZLiuGQKJW-L,lpips_alex,-1,80,0.1413267698
default128,test,K0,western,4,FZLiuGQKJW-L,l1,-1,80,-0.1395695005
default128,test,K0,western,4,FZLiuGQKJW-L,ssim,1,80,-0.150281294
default128,test,K0,western,4,FZLiuGQKJW-L,D_change,-1,80,-0.03647444913
default128,test,K0,western,4,FZMaWDBSJW,lpips_alex,-1,80,-0.1101265823
default128,test,K0,western,4,FZMaWDBSJW,l1,-1,80,0.1801687764
default128,test,K0,western,4,FZMaWDBSJW,ssim,1,80,0.20907173
default128,test,K0,western,4,FZMaWDBSJW,D_change,-1,80,0.08598218472
default128,test,K0,western,4,FZTJLSJW,lpips_alex,-1,80,-0.2098921707
default128,test,K0,western,4,FZTJLSJW,l1,-1,80,0.1359587436
default128,test,K0,western,4,FZTJLSJW,ssim,1,80,0.1421940928
default128,test,K0,western,4,FZTJLSJW,D_change,-1,80,0.09835911861
default128,test,K0,western,8,FZBuGTJW,lpips_alex,-1,80,0.01282231599
default128,test,K0,western,8,FZBuGTJW,l1,-1,80,0.02676980778
default128,test,K0,western,8,FZBuGTJW,ssim,1,80,0.1110173465
default128,test,K0,western,8,FZBuGTJW,D_change,-1,80,-0.03541959681
default128,test,K0,western,8,FZChuangHJW_DB,lpips_alex,-1,80,-0.2816221285
default128,test,K0,western,8,FZChuangHJW_DB,l1,-1,80,-0.1465775902
default128,test,K0,western,8,FZChuangHJW_DB,ssim,1,80,-0.1366385373
default128,test,K0,western,8,FZChuangHJW_DB,D_change,-1,80,-0.01685419597
default128,test,K0,western,8,FZCuanBZBKSJW,lpips_alex,-1,80,0.1989685888
default128,test,K0,western,8,FZCuanBZBKSJW,l1,-1,80,0.1909751524
default128,test,K0,western,8,FZCuanBZBKSJW,ssim,1,80,0.1308954524
default128,test,K0,western,8,FZCuanBZBKSJW,D_change,-1,80,0.2849507736
default128,test,K0,western,8,FZDeSHJW_515H,lpips_alex,-1,80,-0.1072198781
default128,test,K0,western,8,FZDeSHJW_515H,l1,-1,80,-0.116713549
default128,test,K0,western,8,FZDeSHJW_515H,ssim,1,80,-0.09892170652
default128,test,K0,western,8,FZDeSHJW_515H,D_change,-1,80,-0.03802156587
default128,test,K0,western,8,FZDouNTJW_Te,lpips_alex,-1,80,0.3553914674
default128,test,K0,western,8,FZDouNTJW_Te,l1,-1,80,0.2491795593
default128,test,K0,western,8,FZDouNTJW_Te,ssim,1,80,0.2096812002
default128,test,K0,western,8,FZDouNTJW_Te,D_change,-1,80,0.140342241
default128,test,K0,western,8,FZFeiHHJW-H,lpips_alex,-1,80,0.5402484763
default128,test,K0,western,8,FZFeiHHJW-H,l1,-1,80,0.1794655415
default128,test,K0,western,8,FZFeiHHJW-H,ssim,1,80,0.1081340835
default128,test,K0,western,8,FZFeiHHJW-H,D_change,-1,80,0.1845053915
default128,test,K0,western,8,FZFengYKSJ,lpips_alex,-1,80,0.1029770277
default128,test,K0,western,8,FZFengYKSJ,l1,-1,80,0.05621190811
default128,test,K0,western,8,FZFengYKSJ,ssim,1,80,0.007126113455
default128,test,K0,western,8,FZFengYKSJ,D_change,-1,80,0.117580872
default128,test,K0,western,8,FZHanWZKJW,lpips_alex,-1,80,-0.03138771683
default128,test,K0,western,8,FZHanWZKJW,l1,-1,80,-0.2673933427
default128,test,K0,western,8,FZHanWZKJW,ssim,1,80,-0.2774730427
default128,test,K0,western,8,FZHanWZKJW,D_change,-1,80,-0.1507969995
default128,test,K0,western,8,FZHuoYYJW-T,lpips_alex,-1,80,-0.06868260666
default128,test,K0,western,8,FZHuoYYJW-T,l1,-1,80,-0.357782466
default128,test,K0,western,8,FZHuoYYJW-T,ssim,1,80,-0.3479606188
default128,test,K0,western,8,FZHuoYYJW-T,D_change,-1,80,0.1370839194
default128,test,K0,western,8,FZJianLTJW_Te,lpips_alex,-1,80,-0.0984294421
default128,test,K0,western,8,FZJianLTJW_Te,l1,-1,80,-0.2593061416
default128,test,K0,western,8,FZJianLTJW_Te,ssim,1,80,-0.2792780122
default128,test,K0,western,8,FZJianLTJW_Te,D_change,-1,80,-0.118870136
default128,test,K0,western,8,FZJingLTJW-H,lpips_alex,-1,80,0.1629160806
default128,test,K0,western,8,FZJingLTJW-H,l1,-1,80,0.0498124707
default128,test,K0,western,8,FZJingLTJW-H,ssim,1,80,0.02224566338
default128,test,K0,western,8,FZJingLTJW-H,D_change,-1,80,0.1830989217
default128,test,K0,western,8,FZJingYLLTJW,lpips_alex,-1,80,-0.09596812002
default128,test,K0,western,8,FZJingYLLTJW,l1,-1,80,-0.1400140647
default128,test,K0,western,8,FZJingYLLTJW,ssim,1,80,-0.1872480075
default128,test,K0,western,8,FZJingYLLTJW,D_change,-1,80,0.06279887482
default128,test,K0,western,8,FZLingFKSJW-B,lpips_alex,-1,80,-0.07827004219
default128,test,K0,western,8,FZLingFKSJW-B,l1,-1,80,-0.3407172996
default128,test,K0,western,8,FZLingFKSJW-B,ssim,1,80,-0.3057196437
default128,test,K0,western,8,FZLingFKSJW-B,D_change,-1,80,-0.2631270511
default128,test,K0,western,8,FZLiuGQKJW-L,lpips_alex,-1,80,0.174777309
default128,test,K0,western,8,FZLiuGQKJW-L,l1,-1,80,-0.09087019966
default128,test,K0,western,8,FZLiuGQKJW-L,ssim,1,80,-0.09474917956
default128,test,K0,western,8,FZLiuGQKJW-L,D_change,-1,80,0.01429910924
default128,test,K0,western,8,FZMaWDBSJW,lpips_alex,-1,80,0.02948898265
default128,test,K0,western,8,FZMaWDBSJW,l1,-1,80,0.2523441163
default128,test,K0,western,8,FZMaWDBSJW,ssim,1,80,0.2974683544
default128,test,K0,western,8,FZMaWDBSJW,D_change,-1,80,0.1663384904
default128,test,K0,western,8,FZTJLSJW,lpips_alex,-1,80,-0.2705110173
default128,test,K0,western,8,FZTJLSJW,l1,-1,80,0.1269338959
default128,test,K0,western,8,FZTJLSJW,ssim,1,80,0.128387248
default128,test,K0,western,8,FZTJLSJW,D_change,-1,80,0.09336615096
default128,test,K1,bopomofo,1,FZBuGTJW,lpips_alex,-1,16,0.2264705882
default128,test,K1,bopomofo,1,FZBuGTJW,l1,-1,16,-0.2088235294
default128,test,K1,bopomofo,1,FZBuGTJW,ssim,1,16,-0.2558823529
default128,test,K1,bopomofo,1,FZBuGTJW,D_change,-1,16,0.03529411765
default128,test,K1,bopomofo,1,FZCuanBZBKSJW,lpips_alex,-1,16,-0.3294117647
default128,test,K1,bopomofo,1,FZCuanBZBKSJW,l1,-1,16,-0.2647058824
default128,test,K1,bopomofo,1,FZCuanBZBKSJW,ssim,1,16,-0.4147058824
default128,test,K1,bopomofo,1,FZCuanBZBKSJW,D_change,-1,16,-0.1058823529
default128,test,K1,bopomofo,1,FZFeiHHJW-H,lpips_alex,-1,16,0.1147058824
default128,test,K1,bopomofo,1,FZFeiHHJW-H,l1,-1,16,-0.1735294118
default128,test,K1,bopomofo,1,FZFeiHHJW-H,ssim,1,16,-0.1411764706
default128,test,K1,bopomofo,1,FZFeiHHJW-H,D_change,-1,16,0.1
default128,test,K1,bopomofo,1,FZHanWZKJW,lpips_alex,-1,16,-0.06764705882
default128,test,K1,bopomofo,1,FZHanWZKJW,l1,-1,16,0.008823529412
default128,test,K1,bopomofo,1,FZHanWZKJW,ssim,1,16,-0.05294117647
default128,test,K1,bopomofo,1,FZHanWZKJW,D_change,-1,16,0.2323529412
default128,test,K1,bopomofo,1,FZJingLTJW-H,lpips_alex,-1,16,-0.04705882353
default128,test,K1,bopomofo,1,FZJingLTJW-H,l1,-1,16,-0.2
default128,test,K1,bopomofo,1,FZJingLTJW-H,ssim,1,16,-0.1441176471
default128,test,K1,bopomofo,1,FZJingLTJW-H,D_change,-1,16,0.05588235294
default128,test,K1,bopomofo,1,FZLingFKSJW-B,lpips_alex,-1,16,-0.6176470588
default128,test,K1,bopomofo,1,FZLingFKSJW-B,l1,-1,16,-0.6970588235
default128,test,K1,bopomofo,1,FZLingFKSJW-B,ssim,1,16,-0.6352941176
default128,test,K1,bopomofo,1,FZLingFKSJW-B,D_change,-1,16,-0.2970588235
default128,test,K1,bopomofo,1,FZMaWDBSJW,lpips_alex,-1,16,0.4
default128,test,K1,bopomofo,1,FZMaWDBSJW,l1,-1,16,0.7676470588
default128,test,K1,bopomofo,1,FZMaWDBSJW,ssim,1,16,0.6735294118
default128,test,K1,bopomofo,1,FZMaWDBSJW,D_change,-1,16,0.3941176471
default128,test,K1,bopomofo,2,FZBuGTJW,lpips_alex,-1,16,-0.3147058824
default128,test,K1,bopomofo,2,FZBuGTJW,l1,-1,16,-0.35
default128,test,K1,bopomofo,2,FZBuGTJW,ssim,1,16,-0.3470588235
default128,test,K1,bopomofo,2,FZBuGTJW,D_change,-1,16,-0.3117647059
default128,test,K1,bopomofo,2,FZCuanBZBKSJW,lpips_alex,-1,16,-0.3294117647
default128,test,K1,bopomofo,2,FZCuanBZBKSJW,l1,-1,16,-0.4411764706
default128,test,K1,bopomofo,2,FZCuanBZBKSJW,ssim,1,16,-0.4529411765
default128,test,K1,bopomofo,2,FZCuanBZBKSJW,D_change,-1,16,-0.2088235294
default128,test,K1,bopomofo,2,FZFeiHHJW-H,lpips_alex,-1,16,0.1294117647
default128,test,K1,bopomofo,2,FZFeiHHJW-H,l1,-1,16,-0.1088235294
default128,test,K1,bopomofo,2,FZFeiHHJW-H,ssim,1,16,-0.1176470588
default128,test,K1,bopomofo,2,FZFeiHHJW-H,D_change,-1,16,0.08235294118
default128,test,K1,bopomofo,2,FZHanWZKJW,lpips_alex,-1,16,0.03235294118
default128,test,K1,bopomofo,2,FZHanWZKJW,l1,-1,16,0.2029411765
default128,test,K1,bopomofo,2,FZHanWZKJW,ssim,1,16,0.1647058824
default128,test,K1,bopomofo,2,FZHanWZKJW,D_change,-1,16,0.3735294118
default128,test,K1,bopomofo,2,FZJingLTJW-H,lpips_alex,-1,16,-0.08529411765
default128,test,K1,bopomofo,2,FZJingLTJW-H,l1,-1,16,-0.2147058824
default128,test,K1,bopomofo,2,FZJingLTJW-H,ssim,1,16,-0.4264705882
default128,test,K1,bopomofo,2,FZJingLTJW-H,D_change,-1,16,0.2794117647
default128,test,K1,bopomofo,2,FZLingFKSJW-B,lpips_alex,-1,16,-0.1117647059
default128,test,K1,bopomofo,2,FZLingFKSJW-B,l1,-1,16,-0.1794117647
default128,test,K1,bopomofo,2,FZLingFKSJW-B,ssim,1,16,-0.2382352941
default128,test,K1,bopomofo,2,FZLingFKSJW-B,D_change,-1,16,0.3382352941
default128,test,K1,bopomofo,2,FZMaWDBSJW,lpips_alex,-1,16,0.1911764706
default128,test,K1,bopomofo,2,FZMaWDBSJW,l1,-1,16,0.3294117647
default128,test,K1,bopomofo,2,FZMaWDBSJW,ssim,1,16,0.3882352941
default128,test,K1,bopomofo,2,FZMaWDBSJW,D_change,-1,16,-0.1029411765
default128,test,K1,bopomofo,4,FZBuGTJW,lpips_alex,-1,16,-0.1617647059
default128,test,K1,bopomofo,4,FZBuGTJW,l1,-1,16,-0.3117647059
default128,test,K1,bopomofo,4,FZBuGTJW,ssim,1,16,-0.4
default128,test,K1,bopomofo,4,FZBuGTJW,D_change,-1,16,0.002941176471
default128,test,K1,bopomofo,4,FZCuanBZBKSJW,lpips_alex,-1,16,-0.3647058824
default128,test,K1,bopomofo,4,FZCuanBZBKSJW,l1,-1,16,-0.45
default128,test,K1,bopomofo,4,FZCuanBZBKSJW,ssim,1,16,-0.4794117647
default128,test,K1,bopomofo,4,FZCuanBZBKSJW,D_change,-1,16,-0.1029411765
default128,test,K1,bopomofo,4,FZFeiHHJW-H,lpips_alex,-1,16,0.1352941176
default128,test,K1,bopomofo,4,FZFeiHHJW-H,l1,-1,16,-0.02941176471
default128,test,K1,bopomofo,4,FZFeiHHJW-H,ssim,1,16,-0.05294117647
default128,test,K1,bopomofo,4,FZFeiHHJW-H,D_change,-1,16,0.3617647059
default128,test,K1,bopomofo,4,FZHanWZKJW,lpips_alex,-1,16,-0.02352941176
default128,test,K1,bopomofo,4,FZHanWZKJW,l1,-1,16,0.07647058824
default128,test,K1,bopomofo,4,FZHanWZKJW,ssim,1,16,0.05882352941
default128,test,K1,bopomofo,4,FZHanWZKJW,D_change,-1,16,0.3117647059
default128,test,K1,bopomofo,4,FZJingLTJW-H,lpips_alex,-1,16,-0.2294117647
default128,test,K1,bopomofo,4,FZJingLTJW-H,l1,-1,16,-0.3558823529
default128,test,K1,bopomofo,4,FZJingLTJW-H,ssim,1,16,-0.4970588235
default128,test,K1,bopomofo,4,FZJingLTJW-H,D_change,-1,16,0.1029411765
default128,test,K1,bopomofo,4,FZLingFKSJW-B,lpips_alex,-1,16,-0.1852941176
default128,test,K1,bopomofo,4,FZLingFKSJW-B,l1,-1,16,-0.1882352941
default128,test,K1,bopomofo,4,FZLingFKSJW-B,ssim,1,16,-0.2676470588
default128,test,K1,bopomofo,4,FZLingFKSJW-B,D_change,-1,16,0.2470588235
default128,test,K1,bopomofo,4,FZMaWDBSJW,lpips_alex,-1,16,0.2911764706
default128,test,K1,bopomofo,4,FZMaWDBSJW,l1,-1,16,0.6882352941
default128,test,K1,bopomofo,4,FZMaWDBSJW,ssim,1,16,0.6235294118
default128,test,K1,bopomofo,4,FZMaWDBSJW,D_change,-1,16,0.1588235294
default128,test,K1,bopomofo,8,FZBuGTJW,lpips_alex,-1,16,0.2352941176
default128,test,K1,bopomofo,8,FZBuGTJW,l1,-1,16,-0.05882352941
default128,test,K1,bopomofo,8,FZBuGTJW,ssim,1,16,-0.1647058824
default128,test,K1,bopomofo,8,FZBuGTJW,D_change,-1,16,0.3735294118
default128,test,K1,bopomofo,8,FZCuanBZBKSJW,lpips_alex,-1,16,-0.2294117647
default128,test,K1,bopomofo,8,FZCuanBZBKSJW,l1,-1,16,-0.3176470588
default128,test,K1,bopomofo,8,FZCuanBZBKSJW,ssim,1,16,-0.45
default128,test,K1,bopomofo,8,FZCuanBZBKSJW,D_change,-1,16,0.1382352941
default128,test,K1,bopomofo,8,FZFeiHHJW-H,lpips_alex,-1,16,-0.1970588235
default128,test,K1,bopomofo,8,FZFeiHHJW-H,l1,-1,16,-0.3470588235
default128,test,K1,bopomofo,8,FZFeiHHJW-H,ssim,1,16,-0.3264705882
default128,test,K1,bopomofo,8,FZFeiHHJW-H,D_change,-1,16,0.2058823529
default128,test,K1,bopomofo,8,FZHanWZKJW,lpips_alex,-1,16,0.04411764706
default128,test,K1,bopomofo,8,FZHanWZKJW,l1,-1,16,0.1294117647
default128,test,K1,bopomofo,8,FZHanWZKJW,ssim,1,16,0.1029411765
default128,test,K1,bopomofo,8,FZHanWZKJW,D_change,-1,16,0.3676470588
default128,test,K1,bopomofo,8,FZJingLTJW-H,lpips_alex,-1,16,-0.1911764706
default128,test,K1,bopomofo,8,FZJingLTJW-H,l1,-1,16,-0.3705882353
default128,test,K1,bopomofo,8,FZJingLTJW-H,ssim,1,16,-0.5794117647
default128,test,K1,bopomofo,8,FZJingLTJW-H,D_change,-1,16,0.1823529412
default128,test,K1,bopomofo,8,FZLingFKSJW-B,lpips_alex,-1,16,-0.25
default128,test,K1,bopomofo,8,FZLingFKSJW-B,l1,-1,16,-0.1088235294
default128,test,K1,bopomofo,8,FZLingFKSJW-B,ssim,1,16,-0.2205882353
default128,test,K1,bopomofo,8,FZLingFKSJW-B,D_change,-1,16,0.3058823529
default128,test,K1,bopomofo,8,FZMaWDBSJW,lpips_alex,-1,16,0.3088235294
default128,test,K1,bopomofo,8,FZMaWDBSJW,l1,-1,16,0.5970588235
default128,test,K1,bopomofo,8,FZMaWDBSJW,ssim,1,16,0.5882352941
default128,test,K1,bopomofo,8,FZMaWDBSJW,D_change,-1,16,0.1352941176
default128,test,K1,kana,1,FZBuGTJW,lpips_alex,-1,32,-0.2357038123
default128,test,K1,kana,1,FZBuGTJW,l1,-1,32,-0.01392961877
default128,test,K1,kana,1,FZBuGTJW,ssim,1,32,0.05021994135
default128,test,K1,kana,1,FZBuGTJW,D_change,-1,32,0.03042521994
default128,test,K1,kana,1,FZChuangHJW_DB,lpips_alex,-1,32,-0.05278592375
default128,test,K1,kana,1,FZChuangHJW_DB,l1,-1,32,-0.06524926686
default128,test,K1,kana,1,FZChuangHJW_DB,ssim,1,32,-0.05608504399
default128,test,K1,kana,1,FZChuangHJW_DB,D_change,-1,32,-0.133431085
default128,test,K1,kana,1,FZCuanBZBKSJW,lpips_alex,-1,32,-0.08614369501
default128,test,K1,kana,1,FZCuanBZBKSJW,l1,-1,32,0.04252199413
default128,test,K1,kana,1,FZCuanBZBKSJW,ssim,1,32,-0.005865102639
default128,test,K1,kana,1,FZCuanBZBKSJW,D_change,-1,32,0.08760997067
default128,test,K1,kana,1,FZDeSHJW_515H,lpips_alex,-1,32,-0.2580645161
default128,test,K1,kana,1,FZDeSHJW_515H,l1,-1,32,-0.2741935484
default128,test,K1,kana,1,FZDeSHJW_515H,ssim,1,32,-0.258797654
default128,test,K1,kana,1,FZDeSHJW_515H,D_change,-1,32,-0.353372434
default128,test,K1,kana,1,FZDouNTJW_Te,lpips_alex,-1,32,0.4519794721
default128,test,K1,kana,1,FZDouNTJW_Te,l1,-1,32,0.1143695015
default128,test,K1,kana,1,FZDouNTJW_Te,ssim,1,32,0.1689882698
default128,test,K1,kana,1,FZDouNTJW_Te,D_change,-1,32,0.1909824047
default128,test,K1,kana,1,FZFeiHHJW-H,lpips_alex,-1,32,-0.1030058651
default128,test,K1,kana,1,FZFeiHHJW-H,l1,-1,32,-0.1228005865
default128,test,K1,kana,1,FZFeiHHJW-H,ssim,1,32,-0.2474340176
default128,test,K1,kana,1,FZFeiHHJW-H,D_change,-1,32,-0.04545454545
default128,test,K1,kana,1,FZFengYKSJ,lpips_alex,-1,32,-0.1869501466
default128,test,K1,kana,1,FZFengYKSJ,l1,-1,32,-0.2430351906
default128,test,K1,kana,1,FZFengYKSJ,ssim,1,32,-0.2811583578
default128,test,K1,kana,1,FZFengYKSJ,D_change,-1,32,-0.3848973607
default128,test,K1,kana,1,FZHanWZKJW,lpips_alex,-1,32,0.3647360704
default128,test,K1,kana,1,FZHanWZKJW,l1,-1,32,0.07807917889
default128,test,K1,kana,1,FZHanWZKJW,ssim,1,32,-0.01576246334
default128,test,K1,kana,1,FZHanWZKJW,D_change,-1,32,0.1363636364
default128,test,K1,kana,1,FZJianLTJW_Te,lpips_alex,-1,32,0.01429618768
default128,test,K1,kana,1,FZJianLTJW_Te,l1,-1,32,0.02126099707
default128,test,K1,kana,1,FZJianLTJW_Te,ssim,1,32,0.09934017595
default128,test,K1,kana,1,FZJianLTJW_Te,D_change,-1,32,0.04728739003
default128,test,K1,kana,1,FZJingLTJW-H,lpips_alex,-1,32,0.06158357771
default128,test,K1,kana,1,FZJingLTJW-H,l1,-1,32,0.2357038123
default128,test,K1,kana,1,FZJingLTJW-H,ssim,1,32,0.1660557185
default128,test,K1,kana,1,FZJingLTJW-H,D_change,-1,32,0.4560117302
default128,test,K1,kana,1,FZLingFKSJW-B,lpips_alex,-1,32,0.09934017595
default128,test,K1,kana,1,FZLingFKSJW-B,l1,-1,32,0.05865102639
default128,test,K1,kana,1,FZLingFKSJW-B,ssim,1,32,-0.04692082111
default128,test,K1,kana,1,FZLingFKSJW-B,D_change,-1,32,0.1070381232
default128,test,K1,kana,1,FZLiuGQKJW-L,lpips_alex,-1,32,0.01612903226
default128,test,K1,kana,1,FZLiuGQKJW-L,l1,-1,32,-0.05975073314
default128,test,K1,kana,1,FZLiuGQKJW-L,ssim,1,32,-0.129398827
default128,test,K1,kana,1,FZLiuGQKJW-L,D_change,-1,32,-0.09824046921
default128,test,K1,kana,1,FZMaWDBSJW,lpips_alex,-1,32,0.04032258065
default128,test,K1,kana,1,FZMaWDBSJW,l1,-1,32,-0.00146627566
default128,test,K1,kana,1,FZMaWDBSJW,ssim,1,32,0.02859237537
default128,test,K1,kana,1,FZMaWDBSJW,D_change,-1,32,-0.0219941349
default128,test,K1,kana,2,FZBuGTJW,lpips_alex,-1,32,-0.3064516129
default128,test,K1,kana,2,FZBuGTJW,l1,-1,32,-0.1202346041
default128,test,K1,kana,2,FZBuGTJW,ssim,1,32,-0.07954545455
default128,test,K1,kana,2,FZBuGTJW,D_change,-1,32,-0.03115835777
default128,test,K1,kana,2,FZChuangHJW_DB,lpips_alex,-1,32,0.1209677419
default128,test,K1,kana,2,FZChuangHJW_DB,l1,-1,32,0.06231671554
default128,test,K1,kana,2,FZChuangHJW_DB,ssim,1,32,0.0465542522
default128,test,K1,kana,2,FZChuangHJW_DB,D_change,-1,32,-0.103372434
default128,test,K1,kana,2,FZCuanBZBKSJW,lpips_alex,-1,32,-0.2683284457
default128,test,K1,kana,2,FZCuanBZBKSJW,l1,-1,32,-0.1264662757
default128,test,K1,kana,2,FZCuanBZBKSJW,ssim,1,32,-0.1708211144
default128,test,K1,kana,2,FZCuanBZBKSJW,D_change,-1,32,-0.1099706745
default128,test,K1,kana,2,FZDeSHJW_515H,lpips_alex,-1,32,0.0417888563
default128,test,K1,kana,2,FZDeSHJW_515H,l1,-1,32,-0.142228739
default128,test,K1,kana,2,FZDeSHJW_515H,ssim,1,32,-0.2133431085
default128,test,K1,kana,2,FZDeSHJW_515H,D_change,-1,32,-0.1312316716
default128,test,K1,kana,2,FZDouNTJW_Te,lpips_alex,-1,32,0.3295454545
default128,test,K1,kana,2,FZDouNTJW_Te,l1,-1,32,0.08137829912
default128,test,K1,kana,2,FZDouNTJW_Te,ssim,1,32,-0.004032258065
default128,test,K1,kana,2,FZDouNTJW_Te,D_change,-1,32,0.1986803519
default128,test,K1,kana,2,FZFeiHHJW-H,lpips_alex,-1,32,-0.01539589443
default128,test,K1,kana,2,FZFeiHHJW-H,l1,-1,32,0.09530791789
default128,test,K1,kana,2,FZFeiHHJW-H,ssim,1,32,0.01869501466
default128,test,K1,kana,2,FZFeiHHJW-H,D_change,-1,32,0.07074780059
default128,test,K1,kana,2,FZFengYKSJ,lpips_alex,-1,32,-0.07881231672
default128,test,K1,kana,2,FZFengYKSJ,l1,-1,32,-0.2324046921
default128,test,K1,kana,2,FZFengYKSJ,ssim,1,32,-0.2925219941
default128,test,K1,kana,2,FZFengYKSJ,D_change,-1,32,-0.2393695015
default128,test,K1,kana,2,FZHanWZKJW,lpips_alex,-1,32,0.2925219941
default128,test,K1,kana,2,FZHanWZKJW,l1,-1,32,0.02969208211
default128,test,K1,kana,2,FZHanWZKJW,ssim,1,32,-0.01209677419
default128,test,K1,kana,2,FZHanWZKJW,D_change,-1,32,0.1462609971
default128,test,K1,kana,2,FZJianLTJW_Te,lpips_alex,-1,32,-0.04948680352
default128,test,K1,kana,2,FZJianLTJW_Te,l1,-1,32,-0.03629032258
default128,test,K1,kana,2,FZJianLTJW_Te,ssim,1,32,0.05535190616
default128,test,K1,kana,2,FZJianLTJW_Te,D_change,-1,32,0.005131964809
default128,test,K1,kana,2,FZJingLTJW-H,lpips_alex,-1,32,0.1048387097
default128,test,K1,kana,2,FZJingLTJW-H,l1,-1,32,0.2137096774
default128,test,K1,kana,2,FZJingLTJW-H,ssim,1,32,0.1781524927
default128,test,K1,kana,2,FZJingLTJW-H,D_change,-1,32,0.306085044
default128,test,K1,kana,2,FZLingFKSJW-B,lpips_alex,-1,32,0.05608504399
default128,test,K1,kana,2,FZLingFKSJW-B,l1,-1,32,-0.09347507331
default128,test,K1,kana,2,FZLingFKSJW-B,ssim,1,32,-0.1950146628
default128,test,K1,kana,2,FZLingFKSJW-B,D_change,-1,32,0.03042521994
default128,test,K1,kana,2,FZLiuGQKJW-L,lpips_alex,-1,32,0.05131964809
default128,test,K1,kana,2,FZLiuGQKJW-L,l1,-1,32,-0.06818181818
default128,test,K1,kana,2,FZLiuGQKJW-L,ssim,1,32,-0.1151026393
default128,test,K1,kana,2,FZLiuGQKJW-L,D_change,-1,32,-0.1301319648
default128,test,K1,kana,2,FZMaWDBSJW,lpips_alex,-1,32,-0.007331378299
default128,test,K1,kana,2,FZMaWDBSJW,l1,-1,32,-0.03372434018
default128,test,K1,kana,2,FZMaWDBSJW,ssim,1,32,-0.04142228739
default128,test,K1,kana,2,FZMaWDBSJW,D_change,-1,32,-0.01429618768
default128,test,K1,kana,4,FZBuGTJW,lpips_alex,-1,32,-0.219941349
default128,test,K1,kana,4,FZBuGTJW,l1,-1,32,-0.08027859238
default128,test,K1,kana,4,FZBuGTJW,ssim,1,32,-0.09200879765
default128,test,K1,kana,4,FZBuGTJW,D_change,-1,32,0.1143695015
default128,test,K1,kana,4,FZChuangHJW_DB,lpips_alex,-1,32,0.08907624633
default128,test,K1,kana,4,FZChuangHJW_DB,l1,-1,32,0.1085043988
default128,test,K1,kana,4,FZChuangHJW_DB,ssim,1,32,0.1140029326
default128,test,K1,kana,4,FZChuangHJW_DB,D_change,-1,32,-0.1271994135
default128,test,K1,kana,4,FZCuanBZBKSJW,lpips_alex,-1,32,-0.2170087977
default128,test,K1,kana,4,FZCuanBZBKSJW,l1,-1,32,0.0318914956
default128,test,K1,kana,4,FZCuanBZBKSJW,ssim,1,32,-0.000366568915
default128,test,K1,kana,4,FZCuanBZBKSJW,D_change,-1,32,-0.03409090909
default128,test,K1,kana,4,FZDeSHJW_515H,lpips_alex,-1,32,0.2184750733
default128,test,K1,kana,4,FZDeSHJW_515H,l1,-1,32,0.04802052786
default128,test,K1,kana,4,FZDeSHJW_515H,ssim,1,32,-0.06634897361
default128,test,K1,kana,4,FZDeSHJW_515H,D_change,-1,32,0.0007331378299
default128,test,K1,kana,4,FZDouNTJW_Te,lpips_alex,-1,32,0.3057184751
default128,test,K1,kana,4,FZDouNTJW_Te,l1,-1,32,0.05901759531
default128,test,K1,kana,4,FZDouNTJW_Te,ssim,1,32,-0.05975073314
default128,test,K1,kana,4,FZDouNTJW_Te,D_change,-1,32,0.2529325513
default128,test,K1,kana,4,FZFeiHHJW-H,lpips_alex,-1,32,-0.03958944282
default128,test,K1,kana,4,FZFeiHHJW-H,l1,-1,32,-0.02089442815
default128,test,K1,kana,4,FZFeiHHJW-H,ssim,1,32,-0.1543255132
default128,test,K1,kana,4,FZFeiHHJW-H,D_change,-1,32,0.02969208211
default128,test,K1,kana,4,FZFengYKSJ,lpips_alex,-1,32,-0.1015395894
default128,test,K1,kana,4,FZFengYKSJ,l1,-1,32,-0.1180351906
default128,test,K1,kana,4,FZFengYKSJ,ssim,1,32,-0.1590909091
default128,test,K1,kana,4,FZFengYKSJ,D_change,-1,32,-0.2686950147
default128,test,K1,kana,4,FZHanWZKJW,lpips_alex,-1,32,0.2518328446
default128,test,K1,kana,4,FZHanWZKJW,l1,-1,32,0.01649560117
default128,test,K1,kana,4,FZHanWZKJW,ssim,1,32,-0.01136363636
default128,test,K1,kana,4,FZHanWZKJW,D_change,-1,32,0.1418621701
default128,test,K1,kana,4,FZJianLTJW_Te,lpips_alex,-1,32,0.01026392962
default128,test,K1,kana,4,FZJianLTJW_Te,l1,-1,32,0.03995601173
default128,test,K1,kana,4,FZJianLTJW_Te,ssim,1,32,0.07991202346
default128,test,K1,kana,4,FZJianLTJW_Te,D_change,-1,32,-0.03555718475
default128,test,K1,kana,4,FZJingLTJW-H,lpips_alex,-1,32,0.02016129032
default128,test,K1,kana,4,FZJingLTJW-H,l1,-1,32,-0.02822580645
default128,test,K1,kana,4,FZJingLTJW-H,ssim,1,32,-0.03885630499
default128,test,K1,kana,4,FZJingLTJW-H,D_change,-1,32,0.1561583578
default128,test,K1,kana,4,FZLingFKSJW-B,lpips_alex,-1,32,0.04362170088
default128,test,K1,kana,4,FZLingFKSJW-B,l1,-1,32,-0.04508797654
default128,test,K1,kana,4,FZLingFKSJW-B,ssim,1,32,-0.2192082111
default128,test,K1,kana,4,FZLingFKSJW-B,D_change,-1,32,0.1312316716
default128,test,K1,kana,4,FZLiuGQKJW-L,lpips_alex,-1,32,0.1389296188
default128,test,K1,kana,4,FZLiuGQKJW-L,l1,-1,32,-0.04215542522
default128,test,K1,kana,4,FZLiuGQKJW-L,ssim,1,32,-0.08357771261
default128,test,K1,kana,4,FZLiuGQKJW-L,D_change,-1,32,0.03958944282
default128,test,K1,kana,4,FZMaWDBSJW,lpips_alex,-1,32,0.116568915
default128,test,K1,kana,4,FZMaWDBSJW,l1,-1,32,0.09457478006
default128,test,K1,kana,4,FZMaWDBSJW,ssim,1,32,0.08980938416
default128,test,K1,kana,4,FZMaWDBSJW,D_change,-1,32,0.1176686217
default128,test,K1,kana,8,FZBuGTJW,lpips_alex,-1,32,-0.04362170088
default128,test,K1,kana,8,FZBuGTJW,l1,-1,32,-0.1546920821
default128,test,K1,kana,8,FZBuGTJW,ssim,1,32,-0.241202346
default128,test,K1,kana,8,FZBuGTJW,D_change,-1,32,0.1884164223
default128,test,K1,kana,8,FZChuangHJW_DB,lpips_alex,-1,32,0.07807917889
default128,test,K1,kana,8,FZChuangHJW_DB,l1,-1,32,0.1224340176
default128,test,K1,kana,8,FZChuangHJW_DB,ssim,1,32,0.08797653959
default128,test,K1,kana,8,FZChuangHJW_DB,D_change,-1,32,-0.08101173021
default128,test,K1,kana,8,FZCuanBZBKSJW,lpips_alex,-1,32,-0.3346774194
default128,test,K1,kana,8,FZCuanBZBKSJW,l1,-1,32,-0.1902492669
default128,test,K1,kana,8,FZCuanBZBKSJW,ssim,1,32,-0.2159090909
default128,test,K1,kana,8,FZCuanBZBKSJW,D_change,-1,32,-0.2338709677
default128,test,K1,kana,8,FZDeSHJW_515H,lpips_alex,-1,32,-0.08211143695
default128,test,K1,kana,8,FZDeSHJW_515H,l1,-1,32,-0.3269794721
default128,test,K1,kana,8,FZDeSHJW_515H,ssim,1,32,-0.3313782991
default128,test,K1,kana,8,FZDeSHJW_515H,D_change,-1,32,-0.1843841642
default128,test,K1,kana,8,FZDouNTJW_Te,lpips_alex,-1,32,0.2313049853
default128,test,K1,kana,8,FZDouNTJW_Te,l1,-1,32,-0.05351906158
default128,test,K1,kana,8,FZDouNTJW_Te,ssim,1,32,-0.1209677419
default128,test,K1,kana,8,FZDouNTJW_Te,D_change,-1,32,0.03775659824
default128,test,K1,kana,8,FZFeiHHJW-H,lpips_alex,-1,32,-0.142228739
default128,test,K1,kana,8,FZFeiHHJW-H,l1,-1,32,-0.06341642229
default128,test,K1,kana,8,FZFeiHHJW-H,ssim,1,32,-0.06304985337
default128,test,K1,kana,8,FZFeiHHJW-H,D_change,-1,32,-0.1052052786
default128,test,K1,kana,8,FZFengYKSJ,lpips_alex,-1,32,-0.1308651026
default128,test,K1,kana,8,FZFengYKSJ,l1,-1,32,-0.0564516129
default128,test,K1,kana,8,FZFengYKSJ,ssim,1,32,-0.1008064516
default128,test,K1,kana,8,FZFengYKSJ,D_change,-1,32,-0.06268328446
default128,test,K1,kana,8,FZHanWZKJW,lpips_alex,-1,32,0.271627566
default128,test,K1,kana,8,FZHanWZKJW,l1,-1,32,0.03152492669
default128,test,K1,kana,8,FZHanWZKJW,ssim,1,32,-0.02785923754
default128,test,K1,kana,8,FZHanWZKJW,D_change,-1,32,0.1532258065
default128,test,K1,kana,8,FZJianLTJW_Te,lpips_alex,-1,32,0.00366568915
default128,test,K1,kana,8,FZJianLTJW_Te,l1,-1,32,0.07331378299
default128,test,K1,kana,8,FZJianLTJW_Te,ssim,1,32,0.1370967742
default128,test,K1,kana,8,FZJianLTJW_Te,D_change,-1,32,0.06818181818
default128,test,K1,kana,8,FZJingLTJW-H,lpips_alex,-1,32,-0.1019061584
default128,test,K1,kana,8,FZJingLTJW-H,l1,-1,32,-0.008797653959
default128,test,K1,kana,8,FZJingLTJW-H,ssim,1,32,-0.05131964809
default128,test,K1,kana,8,FZJingLTJW-H,D_change,-1,32,0.1763196481
default128,test,K1,kana,8,FZLingFKSJW-B,lpips_alex,-1,32,0.1132697947
default128,test,K1,kana,8,FZLingFKSJW-B,l1,-1,32,0.02272727273
default128,test,K1,kana,8,FZLingFKSJW-B,ssim,1,32,-0.08101173021
default128,test,K1,kana,8,FZLingFKSJW-B,D_change,-1,32,0.1367302053
default128,test,K1,kana,8,FZLiuGQKJW-L,lpips_alex,-1,32,0.04068914956
default128,test,K1,kana,8,FZLiuGQKJW-L,l1,-1,32,-0.07221407625
default128,test,K1,kana,8,FZLiuGQKJW-L,ssim,1,32,-0.129398827
default128,test,K1,kana,8,FZLiuGQKJW-L,D_change,-1,32,-0.1455278592
default128,test,K1,kana,8,FZMaWDBSJW,lpips_alex,-1,32,0.129398827
default128,test,K1,kana,8,FZMaWDBSJW,l1,-1,32,0.1231671554
default128,test,K1,kana,8,FZMaWDBSJW,ssim,1,32,0.1066715543
default128,test,K1,kana,8,FZMaWDBSJW,D_change,-1,32,0.06011730205
default128,test,K1,western,1,FZBuGTJW,lpips_alex,-1,80,-0.03316924519
default128,test,K1,western,1,FZBuGTJW,l1,-1,80,0.0580403188
default128,test,K1,western,1,FZBuGTJW,ssim,1,80,0.1155180497
default128,test,K1,western,1,FZBuGTJW,D_change,-1,80,0.01500234412
default128,test,K1,western,1,FZChuangHJW_DB,lpips_alex,-1,80,-0.1164556962
default128,test,K1,western,1,FZChuangHJW_DB,l1,-1,80,-0.2698312236
default128,test,K1,western,1,FZChuangHJW_DB,ssim,1,80,-0.2708157525
default128,test,K1,western,1,FZChuangHJW_DB,D_change,-1,80,-0.2023206751
default128,test,K1,western,1,FZCuanBZBKSJW,lpips_alex,-1,80,0.1229723394
default128,test,K1,western,1,FZCuanBZBKSJW,l1,-1,80,0.2278949836
default128,test,K1,western,1,FZCuanBZBKSJW,ssim,1,80,0.1643225504
default128,test,K1,western,1,FZCuanBZBKSJW,D_change,-1,80,0.239474918
default128,test,K1,western,1,FZDeSHJW_515H,lpips_alex,-1,80,-0.07390998594
default128,test,K1,western,1,FZDeSHJW_515H,l1,-1,80,-0.1734646038
default128,test,K1,western,1,FZDeSHJW_515H,ssim,1,80,-0.1720346929
default128,test,K1,western,1,FZDeSHJW_515H,D_change,-1,80,-0.05874355368
default128,test,K1,western,1,FZDouNTJW_Te,lpips_alex,-1,80,0.2010314112
default128,test,K1,western,1,FZDouNTJW_Te,l1,-1,80,0.1213548992
default128,test,K1,western,1,FZDouNTJW_Te,ssim,1,80,0.09866385373
default128,test,K1,western,1,FZDouNTJW_Te,D_change,-1,80,0.1295827473
default128,test,K1,western,1,FZFeiHHJW-H,lpips_alex,-1,80,0.5750351617
default128,test,K1,western,1,FZFeiHHJW-H,l1,-1,80,0.1403656821
default128,test,K1,western,1,FZFeiHHJW-H,ssim,1,80,0.05729020159
default128,test,K1,western,1,FZFeiHHJW-H,D_change,-1,80,0.1751523676
default128,test,K1,western,1,FZFengYKSJ,lpips_alex,-1,80,0.127238631
default128,test,K1,western,1,FZFengYKSJ,l1,-1,80,0.06235349273
default128,test,K1,western,1,FZFengYKSJ,ssim,1,80,0.0117440225
default128,test,K1,western,1,FZFengYKSJ,D_change,-1,80,0.0229254571
default128,test,K1,western,1,FZHanWZKJW,lpips_alex,-1,80,-0.2336849508
default128,test,K1,western,1,FZHanWZKJW,l1,-1,80,-0.431270511
default128,test,K1,western,1,FZHanWZKJW,ssim,1,80,-0.4355368026
default128,test,K1,western,1,FZHanWZKJW,D_change,-1,80,-0.331270511
default128,test,K1,western,1,FZHuoYYJW-T,lpips_alex,-1,80,0.1095874355
default128,test,K1,western,1,FZHuoYYJW-T,l1,-1,80,-0.250726676
default128,test,K1,western,1,FZHuoYYJW-T,ssim,1,80,-0.2522972339
default128,test,K1,western,1,FZHuoYYJW-T,D_change,-1,80,0.1394280356
default128,test,K1,western,1,FZJianLTJW_Te,lpips_alex,-1,80,-0.279535865
default128,test,K1,western,1,FZJianLTJW_Te,l1,-1,80,-0.3162916081
default128,test,K1,western,1,FZJianLTJW_Te,ssim,1,80,-0.3524144398
default128,test,K1,western,1,FZJianLTJW_Te,D_change,-1,80,-0.236029067
default128,test,K1,western,1,FZJingLTJW-H,lpips_alex,-1,80,0.3936005626
default128,test,K1,western,1,FZJingLTJW-H,l1,-1,80,0.2514533521
default128,test,K1,western,1,FZJingLTJW-H,ssim,1,80,0.223769339
default128,test,K1,western,1,FZJingLTJW-H,D_change,-1,80,0.2016643226
default128,test,K1,western,1,FZJingYLLTJW,lpips_alex,-1,80,0.1043600563
default128,test,K1,western,1,FZJingYLLTJW,l1,-1,80,-0.00227379278
default128,test,K1,western,1,FZJingYLLTJW,ssim,1,80,-0.08670886076
default128,test,K1,western,1,FZJingYLLTJW,D_change,-1,80,0.0237458978
default128,test,K1,western,1,FZLingFKSJW-B,lpips_alex,-1,80,-0.04120956399
default128,test,K1,western,1,FZLingFKSJW-B,l1,-1,80,-0.3653539616
default128,test,K1,western,1,FZLingFKSJW-B,ssim,1,80,-0.3860759494
default128,test,K1,western,1,FZLingFKSJW-B,D_change,-1,80,-0.1931786217
default128,test,K1,western,1,FZLiuGQKJW-L,lpips_alex,-1,80,-0.04796061885
default128,test,K1,western,1,FZLiuGQKJW-L,l1,-1,80,-0.09217065166
default128,test,K1,western,1,FZLiuGQKJW-L,ssim,1,80,-0.1047819972
default128,test,K1,western,1,FZLiuGQKJW-L,D_change,-1,80,0.005625879044
default128,test,K1,western,1,FZMaWDBSJW,lpips_alex,-1,80,-0.2661509611
default128,test,K1,western,1,FZMaWDBSJW,l1,-1,80,0.1026254102
default128,test,K1,western,1,FZMaWDBSJW,ssim,1,80,0.150281294
default128,test,K1,western,1,FZMaWDBSJW,D_change,-1,80,-0.1334036568
default128,test,K1,western,1,FZTJLSJW,lpips_alex,-1,80,-0.1735114862
default128,test,K1,western,1,FZTJLSJW,l1,-1,80,-0.1159399906
default128,test,K1,western,1,FZTJLSJW,ssim,1,80,-0.1060947023
default128,test,K1,western,1,FZTJLSJW,D_change,-1,80,-0.1312236287
default128,test,K1,western,2,FZBuGTJW,lpips_alex,-1,80,-0.0629395218
default128,test,K1,western,2,FZBuGTJW,l1,-1,80,-0.06722925457
default128,test,K1,western,2,FZBuGTJW,ssim,1,80,-0.003281762775
default128,test,K1,western,2,FZBuGTJW,D_change,-1,80,-0.1275668073
default128,test,K1,western,2,FZChuangHJW_DB,lpips_alex,-1,80,-0.2672995781
default128,test,K1,western,2,FZChuangHJW_DB,l1,-1,80,-0.2468823254
default128,test,K1,western,2,FZChuangHJW_DB,ssim,1,80,-0.2228082513
default128,test,K1,western,2,FZChuangHJW_DB,D_change,-1,80,-0.1654477262
default128,test,K1,western,2,FZCuanBZBKSJW,lpips_alex,-1,80,0.08345053915
default128,test,K1,western,2,FZCuanBZBKSJW,l1,-1,80,0.1161040788
default128,test,K1,western,2,FZCuanBZBKSJW,ssim,1,80,0.0699718706
default128,test,K1,western,2,FZCuanBZBKSJW,D_change,-1,80,0.1401547117
default128,test,K1,western,2,FZDeSHJW_515H,lpips_alex,-1,80,-0.09549929677
default128,test,K1,western,2,FZDeSHJW_515H,l1,-1,80,-0.06104078762
default128,test,K1,western,2,FZDeSHJW_515H,ssim,1,80,-0.03239568683
default128,test,K1,western,2,FZDeSHJW_515H,D_change,-1,80,0.002367557431
default128,test,K1,western,2,FZDouNTJW_Te,lpips_alex,-1,80,0.2733708392
default128,test,K1,western,2,FZDouNTJW_Te,l1,-1,80,0.1667369902
default128,test,K1,western,2,FZDouNTJW_Te,ssim,1,80,0.09946085326
default128,test,K1,western,2,FZDouNTJW_Te,D_change,-1,80,0.1633849039
default128,test,K1,western,2,FZFeiHHJW-H,lpips_alex,-1,80,0.4605954055
default128,test,K1,western,2,FZFeiHHJW-H,l1,-1,80,0.1230426629
default128,test,K1,western,2,FZFeiHHJW-H,ssim,1,80,0.05468823254
default128,test,K1,western,2,FZFeiHHJW-H,D_change,-1,80,0.1296061885
default128,test,K1,western,2,FZFengYKSJ,lpips_alex,-1,80,0.1230895452
default128,test,K1,western,2,FZFengYKSJ,l1,-1,80,0.02496483826
default128,test,K1,western,2,FZFengYKSJ,ssim,1,80,-0.02119081106
default128,test,K1,western,2,FZFengYKSJ,D_change,-1,80,0.04620253165
default128,test,K1,western,2,FZHanWZKJW,lpips_alex,-1,80,-0.1799109236
default128,test,K1,western,2,FZHanWZKJW,l1,-1,80,-0.2290670417
default128,test,K1,western,2,FZHanWZKJW,ssim,1,80,-0.2169479606
default128,test,K1,western,2,FZHanWZKJW,D_change,-1,80,-0.1446319737
default128,test,K1,western,2,FZHuoYYJW-T,lpips_alex,-1,80,-0.05515705579
default128,test,K1,western,2,FZHuoYYJW-T,l1,-1,80,-0.3555321144
default128,test,K1,western,2,FZHuoYYJW-T,ssim,1,80,-0.3452648851
default128,test,K1,western,2,FZHuoYYJW-T,D_change,-1,80,0.0290201594
default128,test,K1,western,2,FZJianLTJW_Te,lpips_alex,-1,80,-0.3359353024
default128,test,K1,western,2,FZJianLTJW_Te,l1,-1,80,-0.3894514768
default128,test,K1,western,2,FZJianLTJW_Te,ssim,1,80,-0.3800750117
default128,test,K1,western,2,FZJianLTJW_Te,D_change,-1,80,-0.3376230661
default128,test,K1,western,2,FZJingLTJW-H,lpips_alex,-1,80,0.233145804
default128,test,K1,western,2,FZJingLTJW-H,l1,-1,80,0.1596343179
default128,test,K1,western,2,FZJingLTJW-H,ssim,1,80,0.1257618378
default128,test,K1,western,2,FZJingLTJW-H,D_change,-1,80,0.2703000469
default128,test,K1,western,2,FZJingYLLTJW,lpips_alex,-1,80,-0.06230661041
default128,test,K1,western,2,FZJingYLLTJW,l1,-1,80,-0.05956399437
default128,test,K1,western,2,FZJingYLLTJW,ssim,1,80,-0.1523206751
default128,test,K1,western,2,FZJingYLLTJW,D_change,-1,80,0.01786216596
default128,test,K1,western,2,FZLingFKSJW-B,lpips_alex,-1,80,0.09249882794
default128,test,K1,western,2,FZLingFKSJW-B,l1,-1,80,-0.2479371777
default128,test,K1,western,2,FZLingFKSJW-B,ssim,1,80,-0.2695030474
default128,test,K1,western,2,FZLingFKSJW-B,D_change,-1,80,-0.1176511955
default128,test,K1,western,2,FZLiuGQKJW-L,lpips_alex,-1,80,0.07105016409
default128,test,K1,western,2,FZLiuGQKJW-L,l1,-1,80,-0.04031879981
default128,test,K1,western,2,FZLiuGQKJW-L,ssim,1,80,-0.03558368495
default128,test,K1,western,2,FZLiuGQKJW-L,D_change,-1,80,0.04643694327
default128,test,K1,western,2,FZMaWDBSJW,lpips_alex,-1,80,-0.2323019222
default128,test,K1,western,2,FZMaWDBSJW,l1,-1,80,0.06005625879
default128,test,K1,western,2,FZMaWDBSJW,ssim,1,80,0.1760900141
default128,test,K1,western,2,FZMaWDBSJW,D_change,-1,80,-0.1928270042
default128,test,K1,western,2,FZTJLSJW,lpips_alex,-1,80,-0.2040787623
default128,test,K1,western,2,FZTJLSJW,l1,-1,80,0.0006094702297
default128,test,K1,western,2,FZTJLSJW,ssim,1,80,0.006610407876
default128,test,K1,western,2,FZTJLSJW,D_change,-1,80,-0.1629864041
default128,test,K1,western,4,FZBuGTJW,lpips_alex,-1,80,-0.08326300985
default128,test,K1,western,4,FZBuGTJW,l1,-1,80,-0.03180965776
default128,test,K1,western,4,FZBuGTJW,ssim,1,80,0.02332395687
default128,test,K1,western,4,FZBuGTJW,D_change,-1,80,-0.08736521331
default128,test,K1,western,4,FZChuangHJW_DB,lpips_alex,-1,80,-0.2798640413
default128,test,K1,western,4,FZChuangHJW_DB,l1,-1,80,-0.2656352555
default128,test,K1,western,4,FZChuangHJW_DB,ssim,1,80,-0.2336615096
default128,test,K1,western,4,FZChuangHJW_DB,D_change,-1,80,-0.182419128
default128,test,K1,western,4,FZCuanBZBKSJW,lpips_alex,-1,80,0.0456633849
default128,test,K1,western,4,FZCuanBZBKSJW,l1,-1,80,0.1167604313
default128,test,K1,western,4,FZCuanBZBKSJW,ssim,1,80,0.03211439287
default128,test,K1,western,4,FZCuanBZBKSJW,D_change,-1,80,0.1169245195
default128,test,K1,western,4,FZDeSHJW_515H,lpips_alex,-1,80,-0.07599624941
default128,test,K1,western,4,FZDeSHJW_515H,l1,-1,80,-0.08012189405
default128,test,K1,western,4,FZDeSHJW_515H,ssim,1,80,-0.05325832161
default128,test,K1,western,4,FZDeSHJW_515H,D_change,-1,80,-0.04549929677
default128,test,K1,western,4,FZDouNTJW_Te,lpips_alex,-1,80,0.3247304266
default128,test,K1,western,4,FZDouNTJW_Te,l1,-1,80,0.1688935771
default128,test,K1,western,4,FZDouNTJW_Te,ssim,1,80,0.1146272855
default128,test,K1,western,4,FZDouNTJW_Te,D_change,-1,80,0.1125644632
default128,test,K1,western,4,FZFeiHHJW-H,lpips_alex,-1,80,0.4559540553
default128,test,K1,western,4,FZFeiHHJW-H,l1,-1,80,0.1248476324
default128,test,K1,western,4,FZFeiHHJW-H,ssim,1,80,0.04807782466
default128,test,K1,western,4,FZFeiHHJW-H,D_change,-1,80,0.1971870605
default128,test,K1,western,4,FZFengYKSJ,lpips_alex,-1,80,0.1115799344
default128,test,K1,western,4,FZFengYKSJ,l1,-1,80,0.0356774496
default128,test,K1,western,4,FZFengYKSJ,ssim,1,80,0.005039849977
default128,test,K1,western,4,FZFengYKSJ,D_change,-1,80,0.03553680263
default128,test,K1,western,4,FZHanWZKJW,lpips_alex,-1,80,-0.1263244257
default128,test,K1,western,4,FZHanWZKJW,l1,-1,80,-0.2170182841
default128,test,K1,western,4,FZHanWZKJW,ssim,1,80,-0.1952648851
default128,test,K1,western,4,FZHanWZKJW,D_change,-1,80,-0.06701828411
default128,test,K1,western,4,FZHuoYYJW-T,lpips_alex,-1,80,-0.1558368495
default128,test,K1,western,4,FZHuoYYJW-T,l1,-1,80,-0.2707688701
default128,test,K1,western,4,FZHuoYYJW-T,ssim,1,80,-0.2460150023
default128,test,K1,western,4,FZHuoYYJW-T,D_change,-1,80,0.05726676043
default128,test,K1,western,4,FZJianLTJW_Te,lpips_alex,-1,80,-0.1981715893
default128,test,K1,western,4,FZJianLTJW_Te,l1,-1,80,-0.3073839662
default128,test,K1,western,4,FZJianLTJW_Te,ssim,1,80,-0.3406235349
default128,test,K1,western,4,FZJianLTJW_Te,D_change,-1,80,-0.2471401782
default128,test,K1,western,4,FZJingLTJW-H,lpips_alex,-1,80,-0.08748241913
default128,test,K1,western,4,FZJingLTJW-H,l1,-1,80,-0.06704172527
default128,test,K1,western,4,FZJingLTJW-H,ssim,1,80,-0.1295593061
default128,test,K1,western,4,FZJingLTJW-H,D_change,-1,80,0.1017580872
default128,test,K1,western,4,FZJingYLLTJW,lpips_alex,-1,80,0.1062119081
default128,test,K1,western,4,FZJingYLLTJW,l1,-1,80,0.04367088608
default128,test,K1,western,4,FZJingYLLTJW,ssim,1,80,-0.04620253165
default128,test,K1,western,4,FZJingYLLTJW,D_change,-1,80,0.09153774027
default128,test,K1,western,4,FZLingFKSJW-B,lpips_alex,-1,80,0.1581340835
default128,test,K1,western,4,FZLingFKSJW-B,l1,-1,80,-0.2263478669
default128,test,K1,western,4,FZLingFKSJW-B,ssim,1,80,-0.2549226442
default128,test,K1,western,4,FZLingFKSJW-B,D_change,-1,80,-0.0629395218
default128,test,K1,western,4,FZLiuGQKJW-L,lpips_alex,-1,80,0.1402250352
default128,test,K1,western,4,FZLiuGQKJW-L,l1,-1,80,-0.06127519925
default128,test,K1,western,4,FZLiuGQKJW-L,ssim,1,80,-0.0623769339
default128,test,K1,western,4,FZLiuGQKJW-L,D_change,-1,80,0.03443506798
default128,test,K1,western,4,FZMaWDBSJW,lpips_alex,-1,80,-0.2012892639
default128,test,K1,western,4,FZMaWDBSJW,l1,-1,80,0.2009610877
default128,test,K1,western,4,FZMaWDBSJW,ssim,1,80,0.2718706048
default128,test,K1,western,4,FZMaWDBSJW,D_change,-1,80,-0.04142053446
default128,test,K1,western,4,FZTJLSJW,lpips_alex,-1,80,-0.1290670417
default128,test,K1,western,4,FZTJLSJW,l1,-1,80,-0.03469292077
default128,test,K1,western,4,FZTJLSJW,ssim,1,80,-0.01324425692
default128,test,K1,western,4,FZTJLSJW,D_change,-1,80,-0.05403187998
default128,test,K1,western,8,FZBuGTJW,lpips_alex,-1,80,0.09486638537
default128,test,K1,western,8,FZBuGTJW,l1,-1,80,0.04460853258
default128,test,K1,western,8,FZBuGTJW,ssim,1,80,0.1014064698
default128,test,K1,western,8,FZBuGTJW,D_change,-1,80,0.07039381153
default128,test,K1,western,8,FZChuangHJW_DB,lpips_alex,-1,80,-0.2859821847
default128,test,K1,western,8,FZChuangHJW_DB,l1,-1,80,-0.2583919362
default128,test,K1,western,8,FZChuangHJW_DB,ssim,1,80,-0.2090248476
default128,test,K1,western,8,FZChuangHJW_DB,D_change,-1,80,-0.1387716831
default128,test,K1,western,8,FZCuanBZBKSJW,lpips_alex,-1,80,-0.005602437881
default128,test,K1,western,8,FZCuanBZBKSJW,l1,-1,80,0.1549929677
default128,test,K1,western,8,FZCuanBZBKSJW,ssim,1,80,0.09383497421
default128,test,K1,western,8,FZCuanBZBKSJW,D_change,-1,80,0.09627285513
default128,test,K1,western,8,FZDeSHJW_515H,lpips_alex,-1,80,0.001969057665
default128,test,K1,western,8,FZDeSHJW_515H,l1,-1,80,0.008063759962
default128,test,K1,western,8,FZDeSHJW_515H,ssim,1,80,-0.006774496015
default128,test,K1,western,8,FZDeSHJW_515H,D_change,-1,80,0.1004453821
default128,test,K1,western,8,FZDouNTJW_Te,lpips_alex,-1,80,0.2598921707
default128,test,K1,western,8,FZDouNTJW_Te,l1,-1,80,0.1418190342
default128,test,K1,western,8,FZDouNTJW_Te,ssim,1,80,0.1160103141
default128,test,K1,western,8,FZDouNTJW_Te,D_change,-1,80,0.1370135959
default128,test,K1,western,8,FZFeiHHJW-H,lpips_alex,-1,80,0.3986404126
default128,test,K1,western,8,FZFeiHHJW-H,l1,-1,80,0.0868729489
default128,test,K1,western,8,FZFeiHHJW-H,ssim,1,80,0.02937177684
default128,test,K1,western,8,FZFeiHHJW-H,D_change,-1,80,0.1038677918
default128,test,K1,western,8,FZFengYKSJ,lpips_alex,-1,80,0.09545241444
default128,test,K1,western,8,FZFengYKSJ,l1,-1,80,0.01816690108
default128,test,K1,western,8,FZFengYKSJ,ssim,1,80,0.006774496015
default128,test,K1,western,8,FZFengYKSJ,D_change,-1,80,0.06950304735
default128,test,K1,western,8,FZHanWZKJW,lpips_alex,-1,80,-0.1445616503
default128,test,K1,western,8,FZHanWZKJW,l1,-1,80,-0.2748710736
default128,test,K1,western,8,FZHanWZKJW,ssim,1,80,-0.249273324
default128,test,K1,western,8,FZHanWZKJW,D_change,-1,80,-0.1235114862
default128,test,K1,western,8,FZHuoYYJW-T,lpips_alex,-1,80,-0.281411158
default128,test,K1,western,8,FZHuoYYJW-T,l1,-1,80,-0.3353727145
default128,test,K1,western,8,FZHuoYYJW-T,ssim,1,80,-0.3141819034
default128,test,K1,western,8,FZHuoYYJW-T,D_change,-1,80,-0.06315049226
default128,test,K1,western,8,FZJianLTJW_Te,lpips_alex,-1,80,-0.1979371777
default128,test,K1,western,8,FZJianLTJW_Te,l1,-1,80,-0.3462728551
default128,test,K1,western,8,FZJianLTJW_Te,ssim,1,80,-0.3543366151
default128,test,K1,western,8,FZJianLTJW_Te,D_change,-1,80,-0.2213783404
default128,test,K1,western,8,FZJingLTJW-H,lpips_alex,-1,80,0.04917955931
default128,test,K1,western,8,FZJingLTJW-H,l1,-1,80,-0.02276136896
default128,test,K1,western,8,FZJingLTJW-H,ssim,1,80,-0.1125644632
default128,test,K1,western,8,FZJingLTJW-H,D_change,-1,80,0.04411626817
default128,test,K1,western,8,FZJingYLLTJW,lpips_alex,-1,80,-0.04746835443
default128,test,K1,western,8,FZJingYLLTJW,l1,-1,80,-0.1330520394
default128,test,K1,western,8,FZJingYLLTJW,ssim,1,80,-0.1825363338
default128,test,K1,western,8,FZJingYLLTJW,D_change,-1,80,0.07266760431
default128,test,K1,western,8,FZLingFKSJW-B,lpips_alex,-1,80,-0.0337318331
default128,test,K1,western,8,FZLingFKSJW-B,l1,-1,80,-0.3451711205
default128,test,K1,western,8,FZLingFKSJW-B,ssim,1,80,-0.3419596812
default128,test,K1,western,8,FZLingFKSJW-B,D_change,-1,80,-0.2098452883
default128,test,K1,western,8,FZLiuGQKJW-L,lpips_alex,-1,80,0.05515705579
default128,test,K1,western,8,FZLiuGQKJW-L,l1,-1,80,-0.1233708392
default128,test,K1,western,8,FZLiuGQKJW-L,ssim,1,80,-0.1450539147
default128,test,K1,western,8,FZLiuGQKJW-L,D_change,-1,80,-0.004219409283
default128,test,K1,western,8,FZMaWDBSJW,lpips_alex,-1,80,-0.1341068917
default128,test,K1,western,8,FZMaWDBSJW,l1,-1,80,0.3190811064
default128,test,K1,western,8,FZMaWDBSJW,ssim,1,80,0.3825832161
default128,test,K1,western,8,FZMaWDBSJW,D_change,-1,80,0.2174636662
default128,test,K1,western,8,FZTJLSJW,lpips_alex,-1,80,-0.1592123769
default128,test,K1,western,8,FZTJLSJW,l1,-1,80,-0.01699484294
default128,test,K1,western,8,FZTJLSJW,ssim,1,80,-0.01141584623
default128,test,K1,western,8,FZTJLSJW,D_change,-1,80,-0.03771683075
default128,train,K0,bopomofo,1,FZFeiSJW-EL,lpips_alex,-1,16,-0.1029411765
default128,train,K0,bopomofo,1,FZFeiSJW-EL,l1,-1,16,0.1529411765
default128,train,K0,bopomofo,1,FZFeiSJW-EL,ssim,1,16,0.02352941176
default128,train,K0,bopomofo,1,FZFeiSJW-EL,D_change,-1,16,0.3264705882
default128,train,K0,bopomofo,1,FZShuLTJW-H,lpips_alex,-1,16,-0.09117647059
default128,train,K0,bopomofo,1,FZShuLTJW-H,l1,-1,16,0.2588235294
default128,train,K0,bopomofo,1,FZShuLTJW-H,ssim,1,16,0.2441176471
default128,train,K0,bopomofo,1,FZShuLTJW-H,D_change,-1,16,0.1764705882
default128,train,K0,bopomofo,1,FZYiMSJW-T,lpips_alex,-1,16,0.2058823529
default128,train,K0,bopomofo,1,FZYiMSJW-T,l1,-1,16,0.01176470588
default128,train,K0,bopomofo,1,FZYiMSJW-T,ssim,1,16,0.01176470588
default128,train,K0,bopomofo,1,FZYiMSJW-T,D_change,-1,16,-0.1588235294
default128,train,K0,bopomofo,2,FZFeiSJW-EL,lpips_alex,-1,16,-0.2294117647
default128,train,K0,bopomofo,2,FZFeiSJW-EL,l1,-1,16,-0.01470588235
default128,train,K0,bopomofo,2,FZFeiSJW-EL,ssim,1,16,-0.1294117647
default128,train,K0,bopomofo,2,FZFeiSJW-EL,D_change,-1,16,0.03823529412
default128,train,K0,bopomofo,2,FZShuLTJW-H,lpips_alex,-1,16,0.3
default128,train,K0,bopomofo,2,FZShuLTJW-H,l1,-1,16,0.2029411765
default128,train,K0,bopomofo,2,FZShuLTJW-H,ssim,1,16,0.1441176471
default128,train,K0,bopomofo,2,FZShuLTJW-H,D_change,-1,16,0.2529411765
default128,train,K0,bopomofo,2,FZYiMSJW-T,lpips_alex,-1,16,0.2147058824
default128,train,K0,bopomofo,2,FZYiMSJW-T,l1,-1,16,0.3264705882
default128,train,K0,bopomofo,2,FZYiMSJW-T,ssim,1,16,0.4970588235
default128,train,K0,bopomofo,2,FZYiMSJW-T,D_change,-1,16,0.3529411765
default128,train,K0,bopomofo,4,FZFeiSJW-EL,lpips_alex,-1,16,-0.03823529412
default128,train,K0,bopomofo,4,FZFeiSJW-EL,l1,-1,16,-0.1117647059
default128,train,K0,bopomofo,4,FZFeiSJW-EL,ssim,1,16,-0.2470588235
default128,train,K0,bopomofo,4,FZFeiSJW-EL,D_change,-1,16,0.1058823529
default128,train,K0,bopomofo,4,FZShuLTJW-H,lpips_alex,-1,16,0.1176470588
default128,train,K0,bopomofo,4,FZShuLTJW-H,l1,-1,16,0.2147058824
default128,train,K0,bopomofo,4,FZShuLTJW-H,ssim,1,16,0.2
default128,train,K0,bopomofo,4,FZShuLTJW-H,D_change,-1,16,-0.03235294118
default128,train,K0,bopomofo,4,FZYiMSJW-T,lpips_alex,-1,16,0.1852941176
default128,train,K0,bopomofo,4,FZYiMSJW-T,l1,-1,16,0.1029411765
default128,train,K0,bopomofo,4,FZYiMSJW-T,ssim,1,16,0.07058823529
default128,train,K0,bopomofo,4,FZYiMSJW-T,D_change,-1,16,0.1794117647
default128,train,K0,bopomofo,8,FZFeiSJW-EL,lpips_alex,-1,16,-0.2029411765
default128,train,K0,bopomofo,8,FZFeiSJW-EL,l1,-1,16,-0.2441176471
default128,train,K0,bopomofo,8,FZFeiSJW-EL,ssim,1,16,-0.2264705882
default128,train,K0,bopomofo,8,FZFeiSJW-EL,D_change,-1,16,0.03823529412
default128,train,K0,bopomofo,8,FZShuLTJW-H,lpips_alex,-1,16,-0.05
default128,train,K0,bopomofo,8,FZShuLTJW-H,l1,-1,16,0.1411764706
default128,train,K0,bopomofo,8,FZShuLTJW-H,ssim,1,16,0.09411764706
default128,train,K0,bopomofo,8,FZShuLTJW-H,D_change,-1,16,0.05882352941
default128,train,K0,bopomofo,8,FZYiMSJW-T,lpips_alex,-1,16,0.04117647059
default128,train,K0,bopomofo,8,FZYiMSJW-T,l1,-1,16,-0.2323529412
default128,train,K0,bopomofo,8,FZYiMSJW-T,ssim,1,16,-0.2382352941
default128,train,K0,bopomofo,8,FZYiMSJW-T,D_change,-1,16,-0.01764705882
default128,train,K0,kana,1,FZDuHJW_Cu,lpips_alex,-1,32,-0.1675219941
default128,train,K0,kana,1,FZDuHJW_Cu,l1,-1,32,-0.07807917889
default128,train,K0,kana,1,FZDuHJW_Cu,ssim,1,32,-0.07221407625
default128,train,K0,kana,1,FZDuHJW_Cu,D_change,-1,32,0.01502932551
default128,train,K0,kana,1,FZFeiSJW-EL,lpips_alex,-1,32,0.1015395894
default128,train,K0,kana,1,FZFeiSJW-EL,l1,-1,32,-0.002565982405
default128,train,K0,kana,1,FZFeiSJW-EL,ssim,1,32,-0.08211143695
default128,train,K0,kana,1,FZFeiSJW-EL,D_change,-1,32,0.01832844575
default128,train,K0,kana,1,FZShuLTJW-H,lpips_alex,-1,32,0.3478739003
default128,train,K0,kana,1,FZShuLTJW-H,l1,-1,32,0.2217741935
default128,train,K0,kana,1,FZShuLTJW-H,ssim,1,32,0.1869501466
default128,train,K0,kana,1,FZShuLTJW-H,D_change,-1,32,0.2525659824
default128,train,K0,kana,1,FZYiMSJW-T,lpips_alex,-1,32,0.3918621701
default128,train,K0,kana,1,FZYiMSJW-T,l1,-1,32,0.02895894428
default128,train,K0,kana,1,FZYiMSJW-T,ssim,1,32,-0.00219941349
default128,train,K0,kana,1,FZYiMSJW-T,D_change,-1,32,0.03519061584
default128,train,K0,kana,2,FZDuHJW_Cu,lpips_alex,-1,32,-0.0956744868
default128,train,K0,kana,2,FZDuHJW_Cu,l1,-1,32,-0.1627565982
default128,train,K0,kana,2,FZDuHJW_Cu,ssim,1,32,-0.1246334311
default128,train,K0,kana,2,FZDuHJW_Cu,D_change,-1,32,-0.1385630499
default128,train,K0,kana,2,FZFeiSJW-EL,lpips_alex,-1,32,0.1118035191
default128,train,K0,kana,2,FZFeiSJW-EL,l1,-1,32,-0.004398826979
default128,train,K0,kana,2,FZFeiSJW-EL,ssim,1,32,-0.07258064516
default128,train,K0,kana,2,FZFeiSJW-EL,D_change,-1,32,0.01649560117
default128,train,K0,kana,2,FZShuLTJW-H,lpips_alex,-1,32,0.3563049853
default128,train,K0,kana,2,FZShuLTJW-H,l1,-1,32,0.1997800587
default128,train,K0,kana,2,FZShuLTJW-H,ssim,1,32,0.189516129
default128,train,K0,kana,2,FZShuLTJW-H,D_change,-1,32,0.1385630499
default128,train,K0,kana,2,FZYiMSJW-T,lpips_alex,-1,32,0.1352639296
default128,train,K0,kana,2,FZYiMSJW-T,l1,-1,32,-0.01209677419
default128,train,K0,kana,2,FZYiMSJW-T,ssim,1,32,-0.1136363636
default128,train,K0,kana,2,FZYiMSJW-T,D_change,-1,32,0.2177419355
default128,train,K0,kana,4,FZDuHJW_Cu,lpips_alex,-1,32,-0.2170087977
default128,train,K0,kana,4,FZDuHJW_Cu,l1,-1,32,-0.207111437
default128,train,K0,kana,4,FZDuHJW_Cu,ssim,1,32,-0.1664222874
default128,train,K0,kana,4,FZDuHJW_Cu,D_change,-1,32,-0.1598240469
default128,train,K0,kana,4,FZFeiSJW-EL,lpips_alex,-1,32,0.1634897361
default128,train,K0,kana,4,FZFeiSJW-EL,l1,-1,32,0.05168621701
default128,train,K0,kana,4,FZFeiSJW-EL,ssim,1,32,0.04435483871
default128,train,K0,kana,4,FZFeiSJW-EL,D_change,-1,32,-0.000366568915
default128,train,K0,kana,4,FZShuLTJW-H,lpips_alex,-1,32,0.3024193548
default128,train,K0,kana,4,FZShuLTJW-H,l1,-1,32,0.1741202346
default128,train,K0,kana,4,FZShuLTJW-H,ssim,1,32,0.1814516129
default128,train,K0,kana,4,FZShuLTJW-H,D_change,-1,32,0.1689882698
default128,train,K0,kana,4,FZYiMSJW-T,lpips_alex,-1,32,0.1063049853
default128,train,K0,kana,4,FZYiMSJW-T,l1,-1,32,-0.06964809384
default128,train,K0,kana,4,FZYiMSJW-T,ssim,1,32,-0.1931818182
default128,train,K0,kana,4,FZYiMSJW-T,D_change,-1,32,0.1858504399
default128,train,K0,kana,8,FZDuHJW_Cu,lpips_alex,-1,32,-0.2558651026
default128,train,K0,kana,8,FZDuHJW_Cu,l1,-1,32,-0.1920821114
default128,train,K0,kana,8,FZDuHJW_Cu,ssim,1,32,-0.1612903226
default128,train,K0,kana,8,FZDuHJW_Cu,D_change,-1,32,-0.1513929619
default128,train,K0,kana,8,FZFeiSJW-EL,lpips_alex,-1,32,0.1726539589
default128,train,K0,kana,8,FZFeiSJW-EL,l1,-1,32,0.08174486804
default128,train,K0,kana,8,FZFeiSJW-EL,ssim,1,32,0.07954545455
default128,train,K0,kana,8,FZFeiSJW-EL,D_change,-1,32,0.1271994135
default128,train,K0,kana,8,FZShuLTJW-H,lpips_alex,-1,32,0.1326979472
default128,train,K0,kana,8,FZShuLTJW-H,l1,-1,32,0.03262463343
default128,train,K0,kana,8,FZShuLTJW-H,ssim,1,32,0.05755131965
default128,train,K0,kana,8,FZShuLTJW-H,D_change,-1,32,0.05975073314
default128,train,K0,kana,8,FZYiMSJW-T,lpips_alex,-1,32,0.07074780059
default128,train,K0,kana,8,FZYiMSJW-T,l1,-1,32,-0.05938416422
default128,train,K0,kana,8,FZYiMSJW-T,ssim,1,32,-0.1906158358
default128,train,K0,kana,8,FZYiMSJW-T,D_change,-1,32,0.07184750733
default128,train,K0,western,1,FZDuHJW_Cu,lpips_alex,-1,80,-0.04003750586
default128,train,K0,western,1,FZDuHJW_Cu,l1,-1,80,-0.1457571496
default128,train,K0,western,1,FZDuHJW_Cu,ssim,1,80,-0.1269104548
default128,train,K0,western,1,FZDuHJW_Cu,D_change,-1,80,-0.1364978903
default128,train,K0,western,1,FZFeiSJW-EL,lpips_alex,-1,80,0.07991092358
default128,train,K0,western,1,FZFeiSJW-EL,l1,-1,80,-0.09901547117
default128,train,K0,western,1,FZFeiSJW-EL,ssim,1,80,-0.09589779653
default128,train,K0,western,1,FZFeiSJW-EL,D_change,-1,80,0.06919831224
default128,train,K0,western,1,FZPTYJW,lpips_alex,-1,80,-0.109939053
default128,train,K0,western,1,FZPTYJW,l1,-1,80,-0.1650961088
default128,train,K0,western,1,FZPTYJW,ssim,1,80,-0.1314814815
default128,train,K0,western,1,FZPTYJW,D_change,-1,80,-0.1588607595
default128,train,K0,western,1,FZShuLTJW-H,lpips_alex,-1,80,0.1856305673
default128,train,K0,western,1,FZShuLTJW-H,l1,-1,80,0.2100562588
default128,train,K0,western,1,FZShuLTJW-H,ssim,1,80,0.1976793249
default128,train,K0,western,1,FZShuLTJW-H,D_change,-1,80,0.2127051102
default128,train,K0,western,1,FZYiMSJW-T,lpips_alex,-1,80,0.004758556024
default128,train,K0,western,1,FZYiMSJW-T,l1,-1,80,-0.2267698078
default128,train,K0,western,1,FZYiMSJW-T,ssim,1,80,-0.2529535865
default128,train,K0,western,1,FZYiMSJW-T,D_change,-1,80,-0.08952180028
default128,train,K0,western,2,FZDuHJW_Cu,lpips_alex,-1,80,-0.1982419128
default128,train,K0,western,2,FZDuHJW_Cu,l1,-1,80,-0.2491561181
default128,train,K0,western,2,FZDuHJW_Cu,ssim,1,80,-0.238045007
default128,train,K0,western,2,FZDuHJW_Cu,D_change,-1,80,-0.2115096109
default128,train,K0,western,2,FZFeiSJW-EL,lpips_alex,-1,80,-0.07055789967
default128,train,K0,western,2,FZFeiSJW-EL,l1,-1,80,-0.131411158
default128,train,K0,western,2,FZFeiSJW-EL,ssim,1,80,-0.1161040788
default128,train,K0,western,2,FZFeiSJW-EL,D_change,-1,80,0.03947491796
default128,train,K0,western,2,FZPTYJW,lpips_alex,-1,80,-0.1320206282
default128,train,K0,western,2,FZPTYJW,l1,-1,80,-0.1571495546
default128,train,K0,western,2,FZPTYJW,ssim,1,80,-0.1160103141
default128,train,K0,western,2,FZPTYJW,D_change,-1,80,-0.1026019691
default128,train,K0,western,2,FZShuLTJW-H,lpips_alex,-1,80,0.06493202063
default128,train,K0,western,2,FZShuLTJW-H,l1,-1,80,0.1249648383
default128,train,K0,western,2,FZShuLTJW-H,ssim,1,80,0.118448195
default128,train,K0,western,2,FZShuLTJW-H,D_change,-1,80,0.2523675574
default128,train,K0,western,2,FZYiMSJW-T,lpips_alex,-1,80,0.1009142053
default128,train,K0,western,2,FZYiMSJW-T,l1,-1,80,-0.1699015471
default128,train,K0,western,2,FZYiMSJW-T,ssim,1,80,-0.2190811064
default128,train,K0,western,2,FZYiMSJW-T,D_change,-1,80,-0.04249882794
default128,train,K0,western,4,FZDuHJW_Cu,lpips_alex,-1,80,-0.08999062353
default128,train,K0,western,4,FZDuHJW_Cu,l1,-1,80,-0.1748007501
default128,train,K0,western,4,FZDuHJW_Cu,ssim,1,80,-0.1815986873
default128,train,K0,western,4,FZDuHJW_Cu,D_change,-1,80,-0.1735818097
default128,train,K0,western,4,FZFeiSJW-EL,lpips_alex,-1,80,-0.004641350211
default128,train,K0,western,4,FZFeiSJW-EL,l1,-1,80,-0.1078996718
default128,train,K0,western,4,FZFeiSJW-EL,ssim,1,80,-0.1150492264
default128,train,K0,western,4,FZFeiSJW-EL,D_change,-1,80,0.0462962963
default128,train,K0,western,4,FZPTYJW,lpips_alex,-1,80,-0.1442803563
default128,train,K0,western,4,FZPTYJW,l1,-1,80,-0.1582512893
default128,train,K0,western,4,FZPTYJW,ssim,1,80,-0.1137834037
default128,train,K0,western,4,FZPTYJW,D_change,-1,80,-0.1173699015
default128,train,K0,western,4,FZShuLTJW-H,lpips_alex,-1,80,0.007032348805
default128,train,K0,western,4,FZShuLTJW-H,l1,-1,80,0.1611111111
default128,train,K0,western,4,FZShuLTJW-H,ssim,1,80,0.1906235349
default128,train,K0,western,4,FZShuLTJW-H,D_change,-1,80,0.2435067979
default128,train,K0,western,4,FZYiMSJW-T,lpips_alex,-1,80,0.07641819034
default128,train,K0,western,4,FZYiMSJW-T,l1,-1,80,-0.1872011252
default128,train,K0,western,4,FZYiMSJW-T,ssim,1,80,-0.2288795124
default128,train,K0,western,4,FZYiMSJW-T,D_change,-1,80,-0.02733239569
default128,train,K0,western,8,FZDuHJW_Cu,lpips_alex,-1,80,-0.09910923582
default128,train,K0,western,8,FZDuHJW_Cu,l1,-1,80,-0.1861228317
default128,train,K0,western,8,FZDuHJW_Cu,ssim,1,80,-0.1787154243
default128,train,K0,western,8,FZDuHJW_Cu,D_change,-1,80,-0.2251758087
default128,train,K0,western,8,FZFeiSJW-EL,lpips_alex,-1,80,-0.08340365682
default128,train,K0,western,8,FZFeiSJW-EL,l1,-1,80,-0.02416783872
default128,train,K0,western,8,FZFeiSJW-EL,ssim,1,80,-0.04132676981
default128,train,K0,western,8,FZFeiSJW-EL,D_change,-1,80,0.08914674168
default128,train,K0,western,8,FZPTYJW,lpips_alex,-1,80,-0.112962963
default128,train,K0,western,8,FZPTYJW,l1,-1,80,-0.103891233
default128,train,K0,western,8,FZPTYJW,ssim,1,80,-0.05661040788
default128,train,K0,western,8,FZPTYJW,D_change,-1,80,-0.1029301453
default128,train,K0,western,8,FZShuLTJW-H,lpips_alex,-1,80,-0.06214252227
default128,train,K0,western,8,FZShuLTJW-H,l1,-1,80,0.06870604782
default128,train,K0,western,8,FZShuLTJW-H,ssim,1,80,0.0837318331
default128,train,K0,western,8,FZShuLTJW-H,D_change,-1,80,0.2091889358
default128,train,K0,western,8,FZYiMSJW-T,lpips_alex,-1,80,0.0174636662
default128,train,K0,western,8,FZYiMSJW-T,l1,-1,80,-0.234153774
default128,train,K0,western,8,FZYiMSJW-T,ssim,1,80,-0.276652602
default128,train,K0,western,8,FZYiMSJW-T,D_change,-1,80,-0.1041022035
default128,train,K1,bopomofo,1,FZFeiSJW-EL,lpips_alex,-1,16,-0.4470588235
default128,train,K1,bopomofo,1,FZFeiSJW-EL,l1,-1,16,-0.3235294118
default128,train,K1,bopomofo,1,FZFeiSJW-EL,ssim,1,16,-0.3764705882
default128,train,K1,bopomofo,1,FZFeiSJW-EL,D_change,-1,16,0
default128,train,K1,bopomofo,1,FZShuLTJW-H,lpips_alex,-1,16,-0.02352941176
default128,train,K1,bopomofo,1,FZShuLTJW-H,l1,-1,16,0.3147058824
default128,train,K1,bopomofo,1,FZShuLTJW-H,ssim,1,16,0.3205882353
default128,train,K1,bopomofo,1,FZShuLTJW-H,D_change,-1,16,0.1882352941
default128,train,K1,bopomofo,1,FZYiMSJW-T,lpips_alex,-1,16,0.07058823529
default128,train,K1,bopomofo,1,FZYiMSJW-T,l1,-1,16,0.1411764706
default128,train,K1,bopomofo,1,FZYiMSJW-T,ssim,1,16,0.05882352941
default128,train,K1,bopomofo,1,FZYiMSJW-T,D_change,-1,16,-0.1088235294
default128,train,K1,bopomofo,2,FZFeiSJW-EL,lpips_alex,-1,16,-0.3676470588
default128,train,K1,bopomofo,2,FZFeiSJW-EL,l1,-1,16,-0.5176470588
default128,train,K1,bopomofo,2,FZFeiSJW-EL,ssim,1,16,-0.4911764706
default128,train,K1,bopomofo,2,FZFeiSJW-EL,D_change,-1,16,-0.1588235294
default128,train,K1,bopomofo,2,FZShuLTJW-H,lpips_alex,-1,16,0.08823529412
default128,train,K1,bopomofo,2,FZShuLTJW-H,l1,-1,16,0.02058823529
default128,train,K1,bopomofo,2,FZShuLTJW-H,ssim,1,16,0.1294117647
default128,train,K1,bopomofo,2,FZShuLTJW-H,D_change,-1,16,-0.08823529412
default128,train,K1,bopomofo,2,FZYiMSJW-T,lpips_alex,-1,16,0.3117647059
default128,train,K1,bopomofo,2,FZYiMSJW-T,l1,-1,16,0.2588235294
default128,train,K1,bopomofo,2,FZYiMSJW-T,ssim,1,16,0.2705882353
default128,train,K1,bopomofo,2,FZYiMSJW-T,D_change,-1,16,0.05588235294
default128,train,K1,bopomofo,4,FZFeiSJW-EL,lpips_alex,-1,16,-0.2617647059
default128,train,K1,bopomofo,4,FZFeiSJW-EL,l1,-1,16,-0.2323529412
default128,train,K1,bopomofo,4,FZFeiSJW-EL,ssim,1,16,-0.2235294118
default128,train,K1,bopomofo,4,FZFeiSJW-EL,D_change,-1,16,-0.05588235294
default128,train,K1,bopomofo,4,FZShuLTJW-H,lpips_alex,-1,16,0.002941176471
default128,train,K1,bopomofo,4,FZShuLTJW-H,l1,-1,16,0.07352941176
default128,train,K1,bopomofo,4,FZShuLTJW-H,ssim,1,16,0.06176470588
default128,train,K1,bopomofo,4,FZShuLTJW-H,D_change,-1,16,0.1088235294
default128,train,K1,bopomofo,4,FZYiMSJW-T,lpips_alex,-1,16,0.2676470588
default128,train,K1,bopomofo,4,FZYiMSJW-T,l1,-1,16,0.2058823529
default128,train,K1,bopomofo,4,FZYiMSJW-T,ssim,1,16,0.2352941176
default128,train,K1,bopomofo,4,FZYiMSJW-T,D_change,-1,16,0.08823529412
default128,train,K1,bopomofo,8,FZFeiSJW-EL,lpips_alex,-1,16,-0.1588235294
default128,train,K1,bopomofo,8,FZFeiSJW-EL,l1,-1,16,-0.3617647059
default128,train,K1,bopomofo,8,FZFeiSJW-EL,ssim,1,16,-0.3382352941
default128,train,K1,bopomofo,8,FZFeiSJW-EL,D_change,-1,16,-0.07352941176
default128,train,K1,bopomofo,8,FZShuLTJW-H,lpips_alex,-1,16,-0.2470588235
default128,train,K1,bopomofo,8,FZShuLTJW-H,l1,-1,16,0.09411764706
default128,train,K1,bopomofo,8,FZShuLTJW-H,ssim,1,16,0.1558823529
default128,train,K1,bopomofo,8,FZShuLTJW-H,D_change,-1,16,0.1294117647
default128,train,K1,bopomofo,8,FZYiMSJW-T,lpips_alex,-1,16,0.4794117647
default128,train,K1,bopomofo,8,FZYiMSJW-T,l1,-1,16,0.2470588235
default128,train,K1,bopomofo,8,FZYiMSJW-T,ssim,1,16,0.2617647059
default128,train,K1,bopomofo,8,FZYiMSJW-T,D_change,-1,16,0.04117647059
default128,train,K1,kana,1,FZDuHJW_Cu,lpips_alex,-1,32,0.2115102639
default128,train,K1,kana,1,FZDuHJW_Cu,l1,-1,32,0.03445747801
default128,train,K1,kana,1,FZDuHJW_Cu,ssim,1,32,0.05791788856
default128,train,K1,kana,1,FZDuHJW_Cu,D_change,-1,32,-0.03848973607
default128,train,K1,kana,1,FZFeiSJW-EL,lpips_alex,-1,32,0.2664956012
default128,train,K1,kana,1,FZFeiSJW-EL,l1,-1,32,0.01246334311
default128,train,K1,kana,1,FZFeiSJW-EL,ssim,1,32,-0.08687683284
default128,train,K1,kana,1,FZFeiSJW-EL,D_change,-1,32,-0.08980938416
default128,train,K1,kana,1,FZShuLTJW-H,lpips_alex,-1,32,0.2624633431
default128,train,K1,kana,1,FZShuLTJW-H,l1,-1,32,0.1297653959
default128,train,K1,kana,1,FZShuLTJW-H,ssim,1,32,0.1675219941
default128,train,K1,kana,1,FZShuLTJW-H,D_change,-1,32,0.2140762463
default128,train,K1,kana,1,FZYiMSJW-T,lpips_alex,-1,32,0.4626099707
default128,train,K1,kana,1,FZYiMSJW-T,l1,-1,32,0.1704545455
default128,train,K1,kana,1,FZYiMSJW-T,ssim,1,32,0.2291055718
default128,train,K1,kana,1,FZYiMSJW-T,D_change,-1,32,0.2969208211
default128,train,K1,kana,2,FZDuHJW_Cu,lpips_alex,-1,32,0.04435483871
default128,train,K1,kana,2,FZDuHJW_Cu,l1,-1,32,-0.07551319648
default128,train,K1,kana,2,FZDuHJW_Cu,ssim,1,32,-0.04105571848
default128,train,K1,kana,2,FZDuHJW_Cu,D_change,-1,32,-0.06085043988
default128,train,K1,kana,2,FZFeiSJW-EL,lpips_alex,-1,32,0.3673020528
default128,train,K1,kana,2,FZFeiSJW-EL,l1,-1,32,0.1598240469
default128,train,K1,kana,2,FZFeiSJW-EL,ssim,1,32,0.09824046921
default128,train,K1,kana,2,FZFeiSJW-EL,D_change,-1,32,0.08870967742
default128,train,K1,kana,2,FZShuLTJW-H,lpips_alex,-1,32,0.3009530792
default128,train,K1,kana,2,FZShuLTJW-H,l1,-1,32,0.1359970674
default128,train,K1,kana,2,FZShuLTJW-H,ssim,1,32,0.1583577713
default128,train,K1,kana,2,FZShuLTJW-H,D_change,-1,32,0.2434017595
default128,train,K1,kana,2,FZYiMSJW-T,lpips_alex,-1,32,0.3269794721
default128,train,K1,kana,2,FZYiMSJW-T,l1,-1,32,0.2005131965
default128,train,K1,kana,2,FZYiMSJW-T,ssim,1,32,0.2265395894
default128,train,K1,kana,2,FZYiMSJW-T,D_change,-1,32,0.3064516129
default128,train,K1,kana,4,FZDuHJW_Cu,lpips_alex,-1,32,0.02785923754
default128,train,K1,kana,4,FZDuHJW_Cu,l1,-1,32,0.1275659824
default128,train,K1,kana,4,FZDuHJW_Cu,ssim,1,32,0.1667888563
default128,train,K1,kana,4,FZDuHJW_Cu,D_change,-1,32,0.0931085044
default128,train,K1,kana,4,FZFeiSJW-EL,lpips_alex,-1,32,0.2976539589
default128,train,K1,kana,4,FZFeiSJW-EL,l1,-1,32,0.1601906158
default128,train,K1,kana,4,FZFeiSJW-EL,ssim,1,32,0.07771260997
default128,train,K1,kana,4,FZFeiSJW-EL,D_change,-1,32,0.1348973607
default128,train,K1,kana,4,FZShuLTJW-H,lpips_alex,-1,32,0.1851173021
default128,train,K1,kana,4,FZShuLTJW-H,l1,-1,32,0.1634897361
default128,train,K1,kana,4,FZShuLTJW-H,ssim,1,32,0.1477272727
default128,train,K1,kana,4,FZShuLTJW-H,D_change,-1,32,0.2232404692
default128,train,K1,kana,4,FZYiMSJW-T,lpips_alex,-1,32,0.4659090909
default128,train,K1,kana,4,FZYiMSJW-T,l1,-1,32,0.2525659824
default128,train,K1,kana,4,FZYiMSJW-T,ssim,1,32,0.2481671554
default128,train,K1,kana,4,FZYiMSJW-T,D_change,-1,32,0.3225806452
default128,train,K1,kana,8,FZDuHJW_Cu,lpips_alex,-1,32,0.1169354839
default128,train,K1,kana,8,FZDuHJW_Cu,l1,-1,32,0.1099706745
default128,train,K1,kana,8,FZDuHJW_Cu,ssim,1,32,0.1367302053
default128,train,K1,kana,8,FZDuHJW_Cu,D_change,-1,32,0.1055718475
default128,train,K1,kana,8,FZFeiSJW-EL,lpips_alex,-1,32,0.3101173021
default128,train,K1,kana,8,FZFeiSJW-EL,l1,-1,32,0.005865102639
default128,train,K1,kana,8,FZFeiSJW-EL,ssim,1,32,0.009530791789
default128,train,K1,kana,8,FZFeiSJW-EL,D_change,-1,32,0.04105571848
default128,train,K1,kana,8,FZShuLTJW-H,lpips_alex,-1,32,0.1385630499
default128,train,K1,kana,8,FZShuLTJW-H,l1,-1,32,0.1946480938
default128,train,K1,kana,8,FZShuLTJW-H,ssim,1,32,0.2331378299
default128,train,K1,kana,8,FZShuLTJW-H,D_change,-1,32,0.2225073314
default128,train,K1,kana,8,FZYiMSJW-T,lpips_alex,-1,32,0.1579912023
default128,train,K1,kana,8,FZYiMSJW-T,l1,-1,32,0.0637829912
default128,train,K1,kana,8,FZYiMSJW-T,ssim,1,32,0.04545454545
default128,train,K1,kana,8,FZYiMSJW-T,D_change,-1,32,0.2474340176
default128,train,K1,western,1,FZDuHJW_Cu,lpips_alex,-1,80,-0.1898968589
default128,train,K1,western,1,FZDuHJW_Cu,l1,-1,80,-0.135302391
default128,train,K1,western,1,FZDuHJW_Cu,ssim,1,80,-0.09125644632
default128,train,K1,western,1,FZDuHJW_Cu,D_change,-1,80,-0.1118612283
default128,train,K1,western,1,FZFeiSJW-EL,lpips_alex,-1,80,-0.05117205813
default128,train,K1,western,1,FZFeiSJW-EL,l1,-1,80,-0.2383028598
default128,train,K1,western,1,FZFeiSJW-EL,ssim,1,80,-0.242217534
default128,train,K1,western,1,FZFeiSJW-EL,D_change,-1,80,-0.1536099391
default128,train,K1,western,1,FZPTYJW,lpips_alex,-1,80,-0.1692920769
default128,train,K1,western,1,FZPTYJW,l1,-1,80,-0.120604782
default128,train,K1,western,1,FZPTYJW,ssim,1,80,-0.08260665729
default128,train,K1,western,1,FZPTYJW,D_change,-1,80,-0.2110407876
default128,train,K1,western,1,FZShuLTJW-H,lpips_alex,-1,80,0.164838256
default128,train,K1,western,1,FZShuLTJW-H,l1,-1,80,0.07428504454
default128,train,K1,western,1,FZShuLTJW-H,ssim,1,80,0.05096108767
default128,train,K1,western,1,FZShuLTJW-H,D_change,-1,80,0.120464135
default128,train,K1,western,1,FZYiMSJW-T,lpips_alex,-1,80,0.0719878106
default128,train,K1,western,1,FZYiMSJW-T,l1,-1,80,-0.3053680263
default128,train,K1,western,1,FZYiMSJW-T,ssim,1,80,-0.3474683544
default128,train,K1,western,1,FZYiMSJW-T,D_change,-1,80,-0.1794186592
default128,train,K1,western,2,FZDuHJW_Cu,lpips_alex,-1,80,-0.1083684951
default128,train,K1,western,2,FZDuHJW_Cu,l1,-1,80,-0.1972105016
default128,train,K1,western,2,FZDuHJW_Cu,ssim,1,80,-0.2334974215
default128,train,K1,western,2,FZDuHJW_Cu,D_change,-1,80,-0.2696202532
default128,train,K1,western,2,FZFeiSJW-EL,lpips_alex,-1,80,-0.08729488983
default128,train,K1,western,2,FZFeiSJW-EL,l1,-1,80,-0.1850679794
default128,train,K1,western,2,FZFeiSJW-EL,ssim,1,80,-0.1848101266
default128,train,K1,western,2,FZFeiSJW-EL,D_change,-1,80,-0.1085560244
default128,train,K1,western,2,FZPTYJW,lpips_alex,-1,80,-0.1565400844
default128,train,K1,western,2,FZPTYJW,l1,-1,80,-0.1441631505
default128,train,K1,western,2,FZPTYJW,ssim,1,80,-0.1071026723
default128,train,K1,western,2,FZPTYJW,D_change,-1,80,-0.1590951711
default128,train,K1,western,2,FZShuLTJW-H,lpips_alex,-1,80,-0.126230661
default128,train,K1,western,2,FZShuLTJW-H,l1,-1,80,-0.02407407407
default128,train,K1,western,2,FZShuLTJW-H,ssim,1,80,-0.04212376934
default128,train,K1,western,2,FZShuLTJW-H,D_change,-1,80,0.14596812
default128,train,K1,western,2,FZYiMSJW-T,lpips_alex,-1,80,-0.05274261603
default128,train,K1,western,2,FZYiMSJW-T,l1,-1,80,-0.3346929208
default128,train,K1,western,2,FZYiMSJW-T,ssim,1,80,-0.3684247539
default128,train,K1,western,2,FZYiMSJW-T,D_change,-1,80,-0.1658696671
default128,train,K1,western,4,FZDuHJW_Cu,lpips_alex,-1,80,-0.1342240975
default128,train,K1,western,4,FZDuHJW_Cu,l1,-1,80,-0.2713783404
default128,train,K1,western,4,FZDuHJW_Cu,ssim,1,80,-0.253891233
default128,train,K1,western,4,FZDuHJW_Cu,D_change,-1,80,-0.3050632911
default128,train,K1,western,4,FZFeiSJW-EL,lpips_alex,-1,80,-0.05145335209
default128,train,K1,western,4,FZFeiSJW-EL,l1,-1,80,-0.08366150961
default128,train,K1,western,4,FZFeiSJW-EL,ssim,1,80,-0.07686357243
default128,train,K1,western,4,FZFeiSJW-EL,D_change,-1,80,0.0008438818565
default128,train,K1,western,4,FZPTYJW,lpips_alex,-1,80,-0.1578996718
default128,train,K1,western,4,FZPTYJW,l1,-1,80,-0.1382794187
default128,train,K1,western,4,FZPTYJW,ssim,1,80,-0.107923113
default128,train,K1,western,4,FZPTYJW,D_change,-1,80,-0.1880684482
default128,train,K1,western,4,FZShuLTJW-H,lpips_alex,-1,80,-0.1063056728
default128,train,K1,western,4,FZShuLTJW-H,l1,-1,80,0.01216596343
default128,train,K1,western,4,FZShuLTJW-H,ssim,1,80,2.344116268e-05
default128,train,K1,western,4,FZShuLTJW-H,D_change,-1,80,0.2352789498
default128,train,K1,western,4,FZYiMSJW-T,lpips_alex,-1,80,0.03033286451
default128,train,K1,western,4,FZYiMSJW-T,l1,-1,80,-0.3135958744
default128,train,K1,western,4,FZYiMSJW-T,ssim,1,80,-0.3346929208
default128,train,K1,western,4,FZYiMSJW-T,D_change,-1,80,-0.1751992499
default128,train,K1,western,8,FZDuHJW_Cu,lpips_alex,-1,80,-0.1171120488
default128,train,K1,western,8,FZDuHJW_Cu,l1,-1,80,-0.2732067511
default128,train,K1,western,8,FZDuHJW_Cu,ssim,1,80,-0.2721753399
default128,train,K1,western,8,FZDuHJW_Cu,D_change,-1,80,-0.3094936709
default128,train,K1,western,8,FZFeiSJW-EL,lpips_alex,-1,80,-0.2409751524
default128,train,K1,western,8,FZFeiSJW-EL,l1,-1,80,-0.167721519
default128,train,K1,western,8,FZFeiSJW-EL,ssim,1,80,-0.1314580403
default128,train,K1,western,8,FZFeiSJW-EL,D_change,-1,80,-0.1212142522
default128,train,K1,western,8,FZPTYJW,lpips_alex,-1,80,-0.1586263479
default128,train,K1,western,8,FZPTYJW,l1,-1,80,-0.1085325832
default128,train,K1,western,8,FZPTYJW,ssim,1,80,-0.07742616034
default128,train,K1,western,8,FZPTYJW,D_change,-1,80,-0.1236052508
default128,train,K1,western,8,FZShuLTJW-H,lpips_alex,-1,80,-0.08061415846
default128,train,K1,western,8,FZShuLTJW-H,l1,-1,80,0.1068448195
default128,train,K1,western,8,FZShuLTJW-H,ssim,1,80,0.08823253633
default128,train,K1,western,8,FZShuLTJW-H,D_change,-1,80,0.264556962
default128,train,K1,western,8,FZYiMSJW-T,lpips_alex,-1,80,0.02995780591
default128,train,K1,western,8,FZYiMSJW-T,l1,-1,80,-0.332419128
default128,train,K1,western,8,FZYiMSJW-T,ssim,1,80,-0.335443038
default128,train,K1,western,8,FZYiMSJW-T,D_change,-1,80,-0.1768166901
default128,val,K0,bopomofo,1,FZBangSKKXJW,lpips_alex,-1,16,-0.03823529412
default128,val,K0,bopomofo,1,FZBangSKKXJW,l1,-1,16,-0.1382352941
default128,val,K0,bopomofo,1,FZBangSKKXJW,ssim,1,16,-0.07941176471
default128,val,K0,bopomofo,1,FZBangSKKXJW,D_change,-1,16,-0.2411764706
default128,val,K0,bopomofo,1,FZYouHK_511M,lpips_alex,-1,16,0.2823529412
default128,val,K0,bopomofo,1,FZYouHK_511M,l1,-1,16,-0.3117647059
default128,val,K0,bopomofo,1,FZYouHK_511M,ssim,1,16,-0.3441176471
default128,val,K0,bopomofo,1,FZYouHK_511M,D_change,-1,16,-0.2176470588
default128,val,K0,bopomofo,2,FZBangSKKXJW,lpips_alex,-1,16,-0.1823529412
default128,val,K0,bopomofo,2,FZBangSKKXJW,l1,-1,16,0.1647058824
default128,val,K0,bopomofo,2,FZBangSKKXJW,ssim,1,16,0.1558823529
default128,val,K0,bopomofo,2,FZBangSKKXJW,D_change,-1,16,-0.1882352941
default128,val,K0,bopomofo,2,FZYouHK_511M,lpips_alex,-1,16,0.1205882353
default128,val,K0,bopomofo,2,FZYouHK_511M,l1,-1,16,-0.3411764706
default128,val,K0,bopomofo,2,FZYouHK_511M,ssim,1,16,-0.3588235294
default128,val,K0,bopomofo,2,FZYouHK_511M,D_change,-1,16,-0.1823529412
default128,val,K0,bopomofo,4,FZBangSKKXJW,lpips_alex,-1,16,-0.2882352941
default128,val,K0,bopomofo,4,FZBangSKKXJW,l1,-1,16,0.3117647059
default128,val,K0,bopomofo,4,FZBangSKKXJW,ssim,1,16,0.2705882353
default128,val,K0,bopomofo,4,FZBangSKKXJW,D_change,-1,16,-0.02941176471
default128,val,K0,bopomofo,4,FZYouHK_511M,lpips_alex,-1,16,0.1970588235
default128,val,K0,bopomofo,4,FZYouHK_511M,l1,-1,16,-0.3794117647
default128,val,K0,bopomofo,4,FZYouHK_511M,ssim,1,16,-0.4352941176
default128,val,K0,bopomofo,4,FZYouHK_511M,D_change,-1,16,-0.3
default128,val,K0,bopomofo,8,FZBangSKKXJW,lpips_alex,-1,16,-0.3205882353
default128,val,K0,bopomofo,8,FZBangSKKXJW,l1,-1,16,0.1323529412
default128,val,K0,bopomofo,8,FZBangSKKXJW,ssim,1,16,0.1
default128,val,K0,bopomofo,8,FZBangSKKXJW,D_change,-1,16,-0.02941176471
default128,val,K0,bopomofo,8,FZYouHK_511M,lpips_alex,-1,16,0.1970588235
default128,val,K0,bopomofo,8,FZYouHK_511M,l1,-1,16,-0.3235294118
default128,val,K0,bopomofo,8,FZYouHK_511M,ssim,1,16,-0.3764705882
default128,val,K0,bopomofo,8,FZYouHK_511M,D_change,-1,16,-0.2735294118
default128,val,K0,kana,1,FZBangSKKXJW,lpips_alex,-1,32,0.1004398827
default128,val,K0,kana,1,FZBangSKKXJW,l1,-1,32,-0.1979472141
default128,val,K0,kana,1,FZBangSKKXJW,ssim,1,32,-0.1799853372
default128,val,K0,kana,1,FZBangSKKXJW,D_change,-1,32,-0.01906158358
default128,val,K0,kana,1,FZLTHProGBK_H,lpips_alex,-1,32,0.2133431085
default128,val,K0,kana,1,FZLTHProGBK_H,l1,-1,32,0.25
default128,val,K0,kana,1,FZLTHProGBK_H,ssim,1,32,0.2595307918
default128,val,K0,kana,1,FZLTHProGBK_H,D_change,-1,32,0.04142228739
default128,val,K0,kana,1,FZYouHK_511M,lpips_alex,-1,32,0.09164222874
default128,val,K0,kana,1,FZYouHK_511M,l1,-1,32,-0.06634897361
default128,val,K0,kana,1,FZYouHK_511M,ssim,1,32,-0.1022727273
default128,val,K0,kana,1,FZYouHK_511M,D_change,-1,32,0.004765395894
default128,val,K0,kana,2,FZBangSKKXJW,lpips_alex,-1,32,-0.2280058651
default128,val,K0,kana,2,FZBangSKKXJW,l1,-1,32,-0.2635630499
default128,val,K0,kana,2,FZBangSKKXJW,ssim,1,32,-0.2807917889
default128,val,K0,kana,2,FZBangSKKXJW,D_change,-1,32,-0.2386363636
default128,val,K0,kana,2,FZLTHProGBK_H,lpips_alex,-1,32,0.2562316716
default128,val,K0,kana,2,FZLTHProGBK_H,l1,-1,32,0.3332111437
default128,val,K0,kana,2,FZLTHProGBK_H,ssim,1,32,0.3119501466
default128,val,K0,kana,2,FZLTHProGBK_H,D_change,-1,32,0.07514662757
default128,val,K0,kana,2,FZYouHK_511M,lpips_alex,-1,32,0.09200879765
default128,val,K0,kana,2,FZYouHK_511M,l1,-1,32,0.01392961877
default128,val,K0,kana,2,FZYouHK_511M,ssim,1,32,-0.04032258065
default128,val,K0,kana,2,FZYouHK_511M,D_change,-1,32,0.0007331378299
default128,val,K0,kana,4,FZBangSKKXJW,lpips_alex,-1,32,-0.2899560117
default128,val,K0,kana,4,FZBangSKKXJW,l1,-1,32,-0.2639296188
default128,val,K0,kana,4,FZBangSKKXJW,ssim,1,32,-0.258431085
default128,val,K0,kana,4,FZBangSKKXJW,D_change,-1,32,-0.2173753666
default128,val,K0,kana,4,FZLTHProGBK_H,lpips_alex,-1,32,0.2184750733
default128,val,K0,kana,4,FZLTHProGBK_H,l1,-1,32,0.2701612903
default128,val,K0,kana,4,FZLTHProGBK_H,ssim,1,32,0.2818914956
default128,val,K0,kana,4,FZLTHProGBK_H,D_change,-1,32,0.1345307918
default128,val,K0,kana,4,FZYouHK_511M,lpips_alex,-1,32,0.04032258065
default128,val,K0,kana,4,FZYouHK_511M,l1,-1,32,-0.02602639296
default128,val,K0,kana,4,FZYouHK_511M,ssim,1,32,-0.09860703812
default128,val,K0,kana,4,FZYouHK_511M,D_change,-1,32,0.02822580645
default128,val,K0,kana,8,FZBangSKKXJW,lpips_alex,-1,32,-0.1737536657
default128,val,K0,kana,8,FZBangSKKXJW,l1,-1,32,-0.3203812317
default128,val,K0,kana,8,FZBangSKKXJW,ssim,1,32,-0.3244134897
default128,val,K0,kana,8,FZBangSKKXJW,D_change,-1,32,-0.2122434018
default128,val,K0,kana,8,FZLTHProGBK_H,lpips_alex,-1,32,0.2569648094
default128,val,K0,kana,8,FZLTHProGBK_H,l1,-1,32,0.3350439883
default128,val,K0,kana,8,FZLTHProGBK_H,ssim,1,32,0.3343108504
default128,val,K0,kana,8,FZLTHProGBK_H,D_change,-1,32,0.1118035191
default128,val,K0,kana,8,FZYouHK_511M,lpips_alex,-1,32,-0.04215542522
default128,val,K0,kana,8,FZYouHK_511M,l1,-1,32,-0.0685483871
default128,val,K0,kana,8,FZYouHK_511M,ssim,1,32,-0.09824046921
default128,val,K0,kana,8,FZYouHK_511M,D_change,-1,32,-0.04545454545
default128,val,K0,western,1,FZBangSKKXJW,lpips_alex,-1,80,0.0770745429
default128,val,K0,western,1,FZBangSKKXJW,l1,-1,80,-0.09357712143
default128,val,K0,western,1,FZBangSKKXJW,ssim,1,80,-0.125503985
default128,val,K0,western,1,FZBangSKKXJW,D_change,-1,80,0.2382090952
default128,val,K0,western,1,FZJunYTJW-H,lpips_alex,-1,80,0.1242381622
default128,val,K0,western,1,FZJunYTJW-H,l1,-1,80,-0.07081575246
default128,val,K0,western,1,FZJunYTJW-H,ssim,1,80,-0.07233942804
default128,val,K0,western,1,FZJunYTJW-H,D_change,-1,80,-0.2073605251
default128,val,K0,western,1,FZKANGJW,lpips_alex,-1,80,0.1898265354
default128,val,K0,western,1,FZKANGJW,l1,-1,80,0.1367557431
default128,val,K0,western,1,FZKANGJW,ssim,1,80,0.1063994374
default128,val,K0,western,1,FZKANGJW,D_change,-1,80,0.05093764651
default128,val,K0,western,1,FZLTHProGBK_H,lpips_alex,-1,80,-0.008602906704
default128,val,K0,western,1,FZLTHProGBK_H,l1,-1,80,-0.1950070323
default128,val,K0,western,1,FZLTHProGBK_H,ssim,1,80,-0.2299812471
default128,val,K0,western,1,FZLTHProGBK_H,D_change,-1,80,-0.01359587436
default128,val,K0,western,1,FZYouHK_511M,lpips_alex,-1,80,-0.06172058134
default128,val,K0,western,1,FZYouHK_511M,l1,-1,80,-0.07102672293
default128,val,K0,western,1,FZYouHK_511M,ssim,1,80,-0.04585091421
default128,val,K0,western,1,FZYouHK_511M,D_change,-1,80,0.07510548523
default128,val,K0,western,2,FZBangSKKXJW,lpips_alex,-1,80,0.2332630098
default128,val,K0,western,2,FZBangSKKXJW,l1,-1,80,-0.1394514768
default128,val,K0,western,2,FZBangSKKXJW,ssim,1,80,-0.1576652602
default128,val,K0,western,2,FZBangSKKXJW,D_change,-1,80,0.1754805438
default128,val,K0,western,2,FZJunYTJW-H,lpips_alex,-1,80,0.06762775434
default128,val,K0,western,2,FZJunYTJW-H,l1,-1,80,-0.08112986404
default128,val,K0,western,2,FZJunYTJW-H,ssim,1,80,-0.1048757618
default128,val,K0,western,2,FZJunYTJW-H,D_change,-1,80,-0.1961556493
default128,val,K0,western,2,FZKANGJW,lpips_alex,-1,80,0.1545710267
default128,val,K0,western,2,FZKANGJW,l1,-1,80,0.09090482888
default128,val,K0,western,2,FZKANGJW,ssim,1,80,0.02730895452
default128,val,K0,western,2,FZKANGJW,D_change,-1,80,0.03865447726
default128,val,K0,western,2,FZLTHProGBK_H,lpips_alex,-1,80,-0.07294889827
default128,val,K0,western,2,FZLTHProGBK_H,l1,-1,80,-0.2568448195
default128,val,K0,western,2,FZLTHProGBK_H,ssim,1,80,-0.274777309
default128,val,K0,western,2,FZLTHProGBK_H,D_change,-1,80,-0.02941865917
default128,val,K0,western,2,FZYouHK_511M,lpips_alex,-1,80,-0.1285513361
default128,val,K0,western,2,FZYouHK_511M,l1,-1,80,-0.1190342241
default128,val,K0,western,2,FZYouHK_511M,ssim,1,80,-0.1029067042
default128,val,K0,western,2,FZYouHK_511M,D_change,-1,80,-0.006868260666
default128,val,K0,western,4,FZBangSKKXJW,lpips_alex,-1,80,0.2032583216
default128,val,K0,western,4,FZBangSKKXJW,l1,-1,80,-0.2072433193
default128,val,K0,western,4,FZBangSKKXJW,ssim,1,80,-0.2118846695
default128,val,K0,western,4,FZBangSKKXJW,D_change,-1,80,0.1194796062
default128,val,K0,western,4,FZJunYTJW-H,lpips_alex,-1,80,0.1269807782
default128,val,K0,western,4,FZJunYTJW-H,l1,-1,80,-0.02388654477
default128,val,K0,western,4,FZJunYTJW-H,ssim,1,80,-0.03284106892
default128,val,K0,western,4,FZJunYTJW-H,D_change,-1,80,-0.1860759494
default128,val,K0,western,4,FZKANGJW,lpips_alex,-1,80,0.08691983122
default128,val,K0,western,4,FZKANGJW,l1,-1,80,0.01380684482
default128,val,K0,western,4,FZKANGJW,ssim,1,80,-0.03035630567
default128,val,K0,western,4,FZKANGJW,D_change,-1,80,-9.376465073e-05
default128,val,K0,western,4,FZLTHProGBK_H,lpips_alex,-1,80,-0.1222456634
default128,val,K0,western,4,FZLTHProGBK_H,l1,-1,80,-0.3018049695
default128,val,K0,western,4,FZLTHProGBK_H,ssim,1,80,-0.3228316925
default128,val,K0,western,4,FZLTHProGBK_H,D_change,-1,80,-0.08166901078
default128,val,K0,western,4,FZYouHK_511M,lpips_alex,-1,80,-0.1001875293
default128,val,K0,western,4,FZYouHK_511M,l1,-1,80,-0.1464603844
default128,val,K0,western,4,FZYouHK_511M,ssim,1,80,-0.1291139241
default128,val,K0,western,4,FZYouHK_511M,D_change,-1,80,-0.00576652602
default128,val,K0,western,8,FZBangSKKXJW,lpips_alex,-1,80,0.2271683075
default128,val,K0,western,8,FZBangSKKXJW,l1,-1,80,-0.2179559306
default128,val,K0,western,8,FZBangSKKXJW,ssim,1,80,-0.2436943272
default128,val,K0,western,8,FZBangSKKXJW,D_change,-1,80,0.1276136896
default128,val,K0,western,8,FZJunYTJW-H,lpips_alex,-1,80,0.06324425692
default128,val,K0,western,8,FZJunYTJW-H,l1,-1,80,-0.06647913737
default128,val,K0,western,8,FZJunYTJW-H,ssim,1,80,-0.1050632911
default128,val,K0,western,8,FZJunYTJW-H,D_change,-1,80,-0.1500234412
default128,val,K0,western,8,FZKANGJW,lpips_alex,-1,80,0.04217065166
default128,val,K0,western,8,FZKANGJW,l1,-1,80,0.05161744023
default128,val,K0,western,8,FZKANGJW,ssim,1,80,0.02201125176
default128,val,K0,western,8,FZKANGJW,D_change,-1,80,-0.04130332865
default128,val,K0,western,8,FZLTHProGBK_H,lpips_alex,-1,80,-0.1170182841
default128,val,K0,western,8,FZLTHProGBK_H,l1,-1,80,-0.2884435068
default128,val,K0,western,8,FZLTHProGBK_H,ssim,1,80,-0.3074074074
default128,val,K0,western,8,FZLTHProGBK_H,D_change,-1,80,-0.05534458509
default128,val,K0,western,8,FZYouHK_511M,lpips_alex,-1,80,-0.08023909986
default128,val,K0,western,8,FZYouHK_511M,l1,-1,80,-0.1679793718
default128,val,K0,western,8,FZYouHK_511M,ssim,1,80,-0.1467651195
default128,val,K0,western,8,FZYouHK_511M,D_change,-1,80,-0.00909517112
default128,val,K1,bopomofo,1,FZBangSKKXJW,lpips_alex,-1,16,-0.1823529412
default128,val,K1,bopomofo,1,FZBangSKKXJW,l1,-1,16,-0.3294117647
default128,val,K1,bopomofo,1,FZBangSKKXJW,ssim,1,16,-0.2970588235
default128,val,K1,bopomofo,1,FZBangSKKXJW,D_change,-1,16,-0.04117647059
default128,val,K1,bopomofo,1,FZYouHK_511M,lpips_alex,-1,16,0.3794117647
default128,val,K1,bopomofo,1,FZYouHK_511M,l1,-1,16,-0.1676470588
default128,val,K1,bopomofo,1,FZYouHK_511M,ssim,1,16,-0.1441176471
default128,val,K1,bopomofo,1,FZYouHK_511M,D_change,-1,16,-0.07647058824
default128,val,K1,bopomofo,2,FZBangSKKXJW,lpips_alex,-1,16,-0.09117647059
default128,val,K1,bopomofo,2,FZBangSKKXJW,l1,-1,16,-0.1441176471
default128,val,K1,bopomofo,2,FZBangSKKXJW,ssim,1,16,-0.1941176471
default128,val,K1,bopomofo,2,FZBangSKKXJW,D_change,-1,16,-0.03823529412
default128,val,K1,bopomofo,2,FZYouHK_511M,lpips_alex,-1,16,0.4794117647
default128,val,K1,bopomofo,2,FZYouHK_511M,l1,-1,16,-0.05
default128,val,K1,bopomofo,2,FZYouHK_511M,ssim,1,16,-0.008823529412
default128,val,K1,bopomofo,2,FZYouHK_511M,D_change,-1,16,-0.02647058824
default128,val,K1,bopomofo,4,FZBangSKKXJW,lpips_alex,-1,16,-0.07058823529
default128,val,K1,bopomofo,4,FZBangSKKXJW,l1,-1,16,-0.05882352941
default128,val,K1,bopomofo,4,FZBangSKKXJW,ssim,1,16,-0.1705882353
default128,val,K1,bopomofo,4,FZBangSKKXJW,D_change,-1,16,-0.1
default128,val,K1,bopomofo,4,FZYouHK_511M,lpips_alex,-1,16,0.4823529412
default128,val,K1,bopomofo,4,FZYouHK_511M,l1,-1,16,-0.1588235294
default128,val,K1,bopomofo,4,FZYouHK_511M,ssim,1,16,-0.07647058824
default128,val,K1,bopomofo,4,FZYouHK_511M,D_change,-1,16,-0.09705882353
default128,val,K1,bopomofo,8,FZBangSKKXJW,lpips_alex,-1,16,0.08529411765
default128,val,K1,bopomofo,8,FZBangSKKXJW,l1,-1,16,0.06176470588
default128,val,K1,bopomofo,8,FZBangSKKXJW,ssim,1,16,-0.02647058824
default128,val,K1,bopomofo,8,FZBangSKKXJW,D_change,-1,16,-0.01176470588
default128,val,K1,bopomofo,8,FZYouHK_511M,lpips_alex,-1,16,0.5088235294
default128,val,K1,bopomofo,8,FZYouHK_511M,l1,-1,16,-0.15
default128,val,K1,bopomofo,8,FZYouHK_511M,ssim,1,16,-0.15
default128,val,K1,bopomofo,8,FZYouHK_511M,D_change,-1,16,-0.1735294118
default128,val,K1,kana,1,FZBangSKKXJW,lpips_alex,-1,32,0.06451612903
default128,val,K1,kana,1,FZBangSKKXJW,l1,-1,32,0.03958944282
default128,val,K1,kana,1,FZBangSKKXJW,ssim,1,32,0.001099706745
default128,val,K1,kana,1,FZBangSKKXJW,D_change,-1,32,0.1686217009
default128,val,K1,kana,1,FZLTHProGBK_H,lpips_alex,-1,32,-0.09090909091
default128,val,K1,kana,1,FZLTHProGBK_H,l1,-1,32,0.2947214076
default128,val,K1,kana,1,FZLTHProGBK_H,ssim,1,32,0.2811583578
default128,val,K1,kana,1,FZLTHProGBK_H,D_change,-1,32,-0.05498533724
default128,val,K1,kana,1,FZYouHK_511M,lpips_alex,-1,32,-0.01649560117
default128,val,K1,kana,1,FZYouHK_511M,l1,-1,32,-0.1008064516
default128,val,K1,kana,1,FZYouHK_511M,ssim,1,32,-0.1495601173
default128,val,K1,kana,1,FZYouHK_511M,D_change,-1,32,0.04948680352
default128,val,K1,kana,2,FZBangSKKXJW,lpips_alex,-1,32,-0.06744868035
default128,val,K1,kana,2,FZBangSKKXJW,l1,-1,32,0.08724340176
default128,val,K1,kana,2,FZBangSKKXJW,ssim,1,32,0.02602639296
default128,val,K1,kana,2,FZBangSKKXJW,D_change,-1,32,0.1059384164
default128,val,K1,kana,2,FZLTHProGBK_H,lpips_alex,-1,32,0.0392228739
default128,val,K1,kana,2,FZLTHProGBK_H,l1,-1,32,0.1891495601
default128,val,K1,kana,2,FZLTHProGBK_H,ssim,1,32,0.1554252199
default128,val,K1,kana,2,FZLTHProGBK_H,D_change,-1,32,-0.1323313783
default128,val,K1,kana,2,FZYouHK_511M,lpips_alex,-1,32,-0.05608504399
default128,val,K1,kana,2,FZYouHK_511M,l1,-1,32,-0.0465542522
default128,val,K1,kana,2,FZYouHK_511M,ssim,1,32,-0.1239002933
default128,val,K1,kana,2,FZYouHK_511M,D_change,-1,32,-0.0832111437
default128,val,K1,kana,4,FZBangSKKXJW,lpips_alex,-1,32,-0.09127565982
default128,val,K1,kana,4,FZBangSKKXJW,l1,-1,32,0.05168621701
default128,val,K1,kana,4,FZBangSKKXJW,ssim,1,32,-0.01429618768
default128,val,K1,kana,4,FZBangSKKXJW,D_change,-1,32,0.03299120235
default128,val,K1,kana,4,FZLTHProGBK_H,lpips_alex,-1,32,0.1477272727
default128,val,K1,kana,4,FZLTHProGBK_H,l1,-1,32,0.3368768328
default128,val,K1,kana,4,FZLTHProGBK_H,ssim,1,32,0.2565982405
default128,val,K1,kana,4,FZLTHProGBK_H,D_change,-1,32,-0.08797653959
default128,val,K1,kana,4,FZYouHK_511M,lpips_alex,-1,32,0.01319648094
default128,val,K1,kana,4,FZYouHK_511M,l1,-1,32,-0.05351906158
default128,val,K1,kana,4,FZYouHK_511M,ssim,1,32,-0.1092375367
default128,val,K1,kana,4,FZYouHK_511M,D_change,-1,32,-0.01209677419
default128,val,K1,kana,8,FZBangSKKXJW,lpips_alex,-1,32,-0.1528592375
default128,val,K1,kana,8,FZBangSKKXJW,l1,-1,32,0.04618768328
default128,val,K1,kana,8,FZBangSKKXJW,ssim,1,32,0.009164222874
default128,val,K1,kana,8,FZBangSKKXJW,D_change,-1,32,0.06634897361
default128,val,K1,kana,8,FZLTHProGBK_H,lpips_alex,-1,32,0.1037390029
default128,val,K1,kana,8,FZLTHProGBK_H,l1,-1,32,0.2763929619
default128,val,K1,kana,8,FZLTHProGBK_H,ssim,1,32,0.2254398827
default128,val,K1,kana,8,FZLTHProGBK_H,D_change,-1,32,-0.04985337243
default128,val,K1,kana,8,FZYouHK_511M,lpips_alex,-1,32,0.03115835777
default128,val,K1,kana,8,FZYouHK_511M,l1,-1,32,0.01906158358
default128,val,K1,kana,8,FZYouHK_511M,ssim,1,32,-0.0711143695
default128,val,K1,kana,8,FZYouHK_511M,D_change,-1,32,0.06488269795
default128,val,K1,western,1,FZBangSKKXJW,lpips_alex,-1,80,0.08506797937
default128,val,K1,western,1,FZBangSKKXJW,l1,-1,80,-0.1036333802
default128,val,K1,western,1,FZBangSKKXJW,ssim,1,80,-0.1164556962
default128,val,K1,western,1,FZBangSKKXJW,D_change,-1,80,0.131551805
default128,val,K1,western,1,FZJunYTJW-H,lpips_alex,-1,80,0.08443506798
default128,val,K1,western,1,FZJunYTJW-H,l1,-1,80,-0.03497421472
default128,val,K1,western,1,FZJunYTJW-H,ssim,1,80,-0.001336146273
default128,val,K1,western,1,FZJunYTJW-H,D_change,-1,80,-0.07543366151
default128,val,K1,western,1,FZKANGJW,lpips_alex,-1,80,0.3448898265
default128,val,K1,western,1,FZKANGJW,l1,-1,80,0.2611111111
default128,val,K1,western,1,FZKANGJW,ssim,1,80,0.2084388186
default128,val,K1,western,1,FZKANGJW,D_change,-1,80,0.3139006095
default128,val,K1,western,1,FZLTHProGBK_H,lpips_alex,-1,80,0.0925222691
default128,val,K1,western,1,FZLTHProGBK_H,l1,-1,80,-0.06990154712
default128,val,K1,western,1,FZLTHProGBK_H,ssim,1,80,-0.09568682607
default128,val,K1,western,1,FZLTHProGBK_H,D_change,-1,80,0.1274261603
default128,val,K1,western,1,FZYouHK_511M,lpips_alex,-1,80,-0.1079699953
default128,val,K1,western,1,FZYouHK_511M,l1,-1,80,-0.2965072668
default128,val,K1,western,1,FZYouHK_511M,ssim,1,80,-0.2920534459
default128,val,K1,western,1,FZYouHK_511M,D_change,-1,80,-0.1718471636
default128,val,K1,western,2,FZBangSKKXJW,lpips_alex,-1,80,0.1875527426
default128,val,K1,western,2,FZBangSKKXJW,l1,-1,80,-0.1945147679
default128,val,K1,western,2,FZBangSKKXJW,ssim,1,80,-0.1818096578
default128,val,K1,western,2,FZBangSKKXJW,D_change,-1,80,0.01579934365
default128,val,K1,western,2,FZJunYTJW-H,lpips_alex,-1,80,-0.02287857478
default128,val,K1,western,2,FZJunYTJW-H,l1,-1,80,-0.1208626348
default128,val,K1,western,2,FZJunYTJW-H,ssim,1,80,-0.1248476324
default128,val,K1,western,2,FZJunYTJW-H,D_change,-1,80,-0.1286216596
default128,val,K1,western,2,FZKANGJW,lpips_alex,-1,80,0.4386544773
default128,val,K1,western,2,FZKANGJW,l1,-1,80,0.3225035162
default128,val,K1,western,2,FZKANGJW,ssim,1,80,0.2368729489
default128,val,K1,western,2,FZKANGJW,D_change,-1,80,0.4011954993
default128,val,K1,western,2,FZLTHProGBK_H,lpips_alex,-1,80,0.1956633849
default128,val,K1,western,2,FZLTHProGBK_H,l1,-1,80,-0.005180496953
default128,val,K1,western,2,FZLTHProGBK_H,ssim,1,80,-0.01322081575
default128,val,K1,western,2,FZLTHProGBK_H,D_change,-1,80,0.1238631036
default128,val,K1,western,2,FZYouHK_511M,lpips_alex,-1,80,-0.1338255977
default128,val,K1,western,2,FZYouHK_511M,l1,-1,80,-0.3451711205
default128,val,K1,western,2,FZYouHK_511M,ssim,1,80,-0.3308954524
default128,val,K1,western,2,FZYouHK_511M,D_change,-1,80,-0.2206751055
default128,val,K1,western,4,FZBangSKKXJW,lpips_alex,-1,80,0.2130098453
default128,val,K1,western,4,FZBangSKKXJW,l1,-1,80,-0.1058837318
default128,val,K1,western,4,FZBangSKKXJW,ssim,1,80,-0.09104547586
default128,val,K1,western,4,FZBangSKKXJW,D_change,-1,80,-0.04725738397
default128,val,K1,western,4,FZJunYTJW-H,lpips_alex,-1,80,0.04484294421
default128,val,K1,western,4,FZJunYTJW-H,l1,-1,80,-0.0405766526
default128,val,K1,western,4,FZJunYTJW-H,ssim,1,80,-0.04449132677
default128,val,K1,western,4,FZJunYTJW-H,D_change,-1,80,-0.003539615565
default128,val,K1,western,4,FZKANGJW,lpips_alex,-1,80,0.3050867323
default128,val,K1,western,4,FZKANGJW,l1,-1,80,0.3457337084
default128,val,K1,western,4,FZKANGJW,ssim,1,80,0.285443038
default128,val,K1,western,4,FZKANGJW,D_change,-1,80,0.3366854196
default128,val,K1,western,4,FZLTHProGBK_H,lpips_alex,-1,80,0.03277074543
default128,val,K1,western,4,FZLTHProGBK_H,l1,-1,80,-0.1064932021
default128,val,K1,western,4,FZLTHProGBK_H,ssim,1,80,-0.1253398969
default128,val,K1,western,4,FZLTHProGBK_H,D_change,-1,80,-0.01671354899
default128,val,K1,western,4,FZYouHK_511M,lpips_alex,-1,80,-0.1184013127
default128,val,K1,western,4,FZYouHK_511M,l1,-1,80,-0.3510782935
default128,val,K1,western,4,FZYouHK_511M,ssim,1,80,-0.3400140647
default128,val,K1,western,4,FZYouHK_511M,D_change,-1,80,-0.2007501172
default128,val,K1,western,8,FZBangSKKXJW,lpips_alex,-1,80,0.1796296296
default128,val,K1,western,8,FZBangSKKXJW,l1,-1,80,-0.1843178622
default128,val,K1,western,8,FZBangSKKXJW,ssim,1,80,-0.1836146273
default128,val,K1,western,8,FZBangSKKXJW,D_change,-1,80,0.03781059541
default128,val,K1,western,8,FZJunYTJW-H,lpips_alex,-1,80,-0.07487107361
default128,val,K1,western,8,FZJunYTJW-H,l1,-1,80,-0.169596812
default128,val,K1,western,8,FZJunYTJW-H,ssim,1,80,-0.172620722
default128,val,K1,western,8,FZJunYTJW-H,D_change,-1,80,-0.1829113924
default128,val,K1,western,8,FZKANGJW,lpips_alex,-1,80,0.2487341772
default128,val,K1,western,8,FZKANGJW,l1,-1,80,0.2150023441
default128,val,K1,western,8,FZKANGJW,ssim,1,80,0.1539146742
default128,val,K1,western,8,FZKANGJW,D_change,-1,80,0.2179793718
default128,val,K1,western,8,FZLTHProGBK_H,lpips_alex,-1,80,0.0962962963
default128,val,K1,western,8,FZLTHProGBK_H,l1,-1,80,-0.04181903422
default128,val,K1,western,8,FZLTHProGBK_H,ssim,1,80,-0.05475855602
default128,val,K1,western,8,FZLTHProGBK_H,D_change,-1,80,0.03227848101
default128,val,K1,western,8,FZYouHK_511M,lpips_alex,-1,80,-0.1192217534
default128,val,K1,western,8,FZYouHK_511M,l1,-1,80,-0.3580168776
default128,val,K1,western,8,FZYouHK_511M,ssim,1,80,-0.3439990624
default128,val,K1,western,8,FZYouHK_511M,D_change,-1,80,-0.2108766995
original47,test,K0,western,1,FZBuGTJW,lpips_alex,-1,37,0.1292081555
original47,test,K0,western,1,FZBuGTJW,l1,-1,37,0.1315789474
original47,test,K0,western,1,FZBuGTJW,ssim,1,37,0.1993835941
original47,test,K0,western,1,FZBuGTJW,D_change,-1,37,0.2626837364
original47,test,K0,western,1,FZChuangHJW_DB,lpips_alex,-1,37,-0.3269321954
original47,test,K0,western,1,FZChuangHJW_DB,l1,-1,37,-0.151730678
original47,test,K0,western,1,FZChuangHJW_DB,ssim,1,37,-0.1623992413
original47,test,K0,western,1,FZChuangHJW_DB,D_change,-1,37,-0.118302513
original47,test,K0,western,1,FZCuanBZBKSJW,lpips_alex,-1,37,0.2484589853
original47,test,K0,western,1,FZCuanBZBKSJW,l1,-1,37,0.2830725462
original47,test,K0,western,1,FZCuanBZBKSJW,ssim,1,37,0.2669511617
original47,test,K0,western,1,FZCuanBZBKSJW,D_change,-1,37,0.2641062115
original47,test,K0,western,1,FZDeSHJW_515H,lpips_alex,-1,37,-0.1190137506
original47,test,K0,western,1,FZDeSHJW_515H,l1,-1,37,-0.1365576102
original47,test,K0,western,1,FZDeSHJW_515H,ssim,1,37,-0.1303935514
original47,test,K0,western,1,FZDeSHJW_515H,D_change,-1,37,-0.07302038881
original47,test,K0,western,1,FZDouNTJW_Te,lpips_alex,-1,37,0.3762446657
original47,test,K0,western,1,FZDouNTJW_Te,l1,-1,37,0.4547178758
original47,test,K0,western,1,FZDouNTJW_Te,ssim,1,37,0.3402086297
original47,test,K0,western,1,FZDouNTJW_Te,D_change,-1,37,0.3928402086
original47,test,K0,western,1,FZFeiHHJW-H,lpips_alex,-1,37,0.5101944049
original47,test,K0,western,1,FZFeiHHJW-H,l1,-1,37,0.1282598388
original47,test,K0,western,1,FZFeiHHJW-H,ssim,1,37,0.05073494547
original47,test,K0,western,1,FZFeiHHJW-H,D_change,-1,37,0.1258890469
original47,test,K0,western,1,FZFengYKSJ,lpips_alex,-1,37,-0.07349454718
original47,test,K0,western,1,FZFengYKSJ,l1,-1,37,-0.0533428165
original47,test,K0,western,1,FZFengYKSJ,ssim,1,37,-0.1571834993
original47,test,K0,western,1,FZFengYKSJ,D_change,-1,37,0.08392603129
original47,test,K0,western,1,FZHanWZKJW,lpips_alex,-1,37,0.08274063537
original47,test,K0,western,1,FZHanWZKJW,l1,-1,37,-0.1377430062
original47,test,K0,western,1,FZHanWZKJW,ssim,1,37,-0.1244665718
original47,test,K0,western,1,FZHanWZKJW,D_change,-1,37,0.02110004742
original47,test,K0,western,1,FZHuoYYJW-T,lpips_alex,-1,37,-0.1635846373
original47,test,K0,western,1,FZHuoYYJW-T,l1,-1,37,-0.5810810811
original47,test,K0,western,1,FZHuoYYJW-T,ssim,1,37,-0.5132764343
original47,test,K0,western,1,FZHuoYYJW-T,D_change,-1,37,0.06211474633
original47,test,K0,western,1,FZJianLTJW_Te,lpips_alex,-1,37,-0.2264106211
original47,test,K0,western,1,FZJianLTJW_Te,l1,-1,37,-0.4348032243
original47,test,K0,western,1,FZJianLTJW_Te,ssim,1,37,-0.4642010431
original47,test,K0,western,1,FZJianLTJW_Te,D_change,-1,37,-0.2944523471
original47,test,K0,western,1,FZJingLTJW-H,lpips_alex,-1,37,0.561640588
original47,test,K0,western,1,FZJingLTJW-H,l1,-1,37,0.4366998578
original47,test,K0,western,1,FZJingLTJW-H,ssim,1,37,0.4457088668
original47,test,K0,western,1,FZJingLTJW-H,D_change,-1,37,0.3321479374
original47,test,K0,western,1,FZJingYLLTJW,lpips_alex,-1,37,0.3029871977
original47,test,K0,western,1,FZJingYLLTJW,l1,-1,37,0.0004741583689
original47,test,K0,western,1,FZJingYLLTJW,ssim,1,37,-0.115694642
original47,test,K0,western,1,FZJingYLLTJW,D_change,-1,37,0.2169274538
original47,test,K0,western,1,FZLingFKSJW-B,lpips_alex,-1,37,0.03390232338
original47,test,K0,western,1,FZLingFKSJW-B,l1,-1,37,-0.2408724514
original47,test,K0,western,1,FZLingFKSJW-B,ssim,1,37,-0.1391654813
original47,test,K0,western,1,FZLingFKSJW-B,D_change,-1,37,-0.2591275486
original47,test,K0,western,1,FZLiuGQKJW-L,lpips_alex,-1,37,0.2242769085
original47,test,K0,western,1,FZLiuGQKJW-L,l1,-1,37,-0.1749644381
original47,test,K0,western,1,FZLiuGQKJW-L,ssim,1,37,-0.2143195827
original47,test,K0,western,1,FZLiuGQKJW-L,D_change,-1,37,-0.08890469417
original47,test,K0,western,1,FZMaWDBSJW,lpips_alex,-1,37,-0.2328117591
original47,test,K0,western,1,FZMaWDBSJW,l1,-1,37,0.1806543385
original47,test,K0,western,1,FZMaWDBSJW,ssim,1,37,0.2143195827
original47,test,K0,western,1,FZMaWDBSJW,D_change,-1,37,-0.03247984827
original47,test,K0,western,1,FZTJLSJW,lpips_alex,-1,37,-0.09246088193
original47,test,K0,western,1,FZTJLSJW,l1,-1,37,0.3895211
original47,test,K0,western,1,FZTJLSJW,ssim,1,37,0.3923660503
original47,test,K0,western,1,FZTJLSJW,D_change,-1,37,0.1450924609
original47,test,K0,western,2,FZBuGTJW,lpips_alex,-1,37,-0.2105263158
original47,test,K0,western,2,FZBuGTJW,l1,-1,37,-0.06353722143
original47,test,K0,western,2,FZBuGTJW,ssim,1,37,-0.03105737316
original47,test,K0,western,2,FZBuGTJW,D_change,-1,37,-0.07302038881
original47,test,K0,western,2,FZChuangHJW_DB,lpips_alex,-1,37,-0.3935514462
original47,test,K0,western,2,FZChuangHJW_DB,l1,-1,37,-0.1429587482
original47,test,K0,western,2,FZChuangHJW_DB,ssim,1,37,-0.1877667141
original47,test,K0,western,2,FZChuangHJW_DB,D_change,-1,37,-0.1116642959
original47,test,K0,western,2,FZCuanBZBKSJW,lpips_alex,-1,37,0.332859175
original47,test,K0,western,2,FZCuanBZBKSJW,l1,-1,37,0.2356567093
original47,test,K0,western,2,FZCuanBZBKSJW,ssim,1,37,0.2678994784
original47,test,K0,western,2,FZCuanBZBKSJW,D_change,-1,37,0.2131341868
original47,test,K0,western,2,FZDeSHJW_515H,lpips_alex,-1,37,-0.2145566619
original47,test,K0,western,2,FZDeSHJW_515H,l1,-1,37,-0.008297771456
original47,test,K0,western,2,FZDeSHJW_515H,ssim,1,37,0.00640113798
original47,test,K0,western,2,FZDeSHJW_515H,D_change,-1,37,0.09388335704
original47,test,K0,western,2,FZDouNTJW_Te,lpips_alex,-1,37,0.4772403983
original47,test,K0,western,2,FZDouNTJW_Te,l1,-1,37,0.2238027501
original47,test,K0,western,2,FZDouNTJW_Te,ssim,1,37,0.08771929825
original47,test,K0,western,2,FZDouNTJW_Te,D_change,-1,37,0.05974395448
original47,test,K0,western,2,FZFeiHHJW-H,lpips_alex,-1,37,0.6647700332
original47,test,K0,western,2,FZFeiHHJW-H,l1,-1,37,0.0929350403
original47,test,K0,western,2,FZFeiHHJW-H,ssim,1,37,0.04907539118
original47,test,K0,western,2,FZFeiHHJW-H,D_change,-1,37,0.1846846847
original47,test,K0,western,2,FZFengYKSJ,lpips_alex,-1,37,-0.03034613561
original47,test,K0,western,2,FZFengYKSJ,l1,-1,37,-0.005926979611
original47,test,K0,western,2,FZFengYKSJ,ssim,1,37,-0.07373162636
original47,test,K0,western,2,FZFengYKSJ,D_change,-1,37,0.09032716927
original47,test,K0,western,2,FZHanWZKJW,lpips_alex,-1,37,0.05452821242
original47,test,K0,western,2,FZHanWZKJW,l1,-1,37,-0.1842105263
original47,test,K0,western,2,FZHanWZKJW,ssim,1,37,-0.2221431958
original47,test,K0,western,2,FZHanWZKJW,D_change,-1,37,0.07373162636
original47,test,K0,western,2,FZHuoYYJW-T,lpips_alex,-1,37,-0.2614983404
original47,test,K0,western,2,FZHuoYYJW-T,l1,-1,37,-0.5068752963
original47,test,K0,western,2,FZHuoYYJW-T,ssim,1,37,-0.4753437648
original47,test,K0,western,2,FZHuoYYJW-T,D_change,-1,37,0.2024656235
original47,test,K0,western,2,FZJianLTJW_Te,lpips_alex,-1,37,-0.1000474158
original47,test,K0,western,2,FZJianLTJW_Te,l1,-1,37,-0.2501185396
original47,test,K0,western,2,FZJianLTJW_Te,ssim,1,37,-0.2470365102
original47,test,K0,western,2,FZJianLTJW_Te,D_change,-1,37,-0.2124229493
original47,test,K0,western,2,FZJingLTJW-H,lpips_alex,-1,37,0.5184921764
original47,test,K0,western,2,FZJingLTJW-H,l1,-1,37,0.484589853
original47,test,K0,western,2,FZJingLTJW-H,ssim,1,37,0.4599336178
original47,test,K0,western,2,FZJingLTJW-H,D_change,-1,37,0.4369369369
original47,test,K0,western,2,FZJingYLLTJW,lpips_alex,-1,37,-0.04741583689
original47,test,K0,western,2,FZJingYLLTJW,l1,-1,37,-0.20056899
original47,test,K0,western,2,FZJingYLLTJW,ssim,1,37,-0.222380275
original47,test,K0,western,2,FZJingYLLTJW,D_change,-1,37,-0.0960170697
original47,test,K0,western,2,FZLingFKSJW-B,lpips_alex,-1,37,-0.005215742058
original47,test,K0,western,2,FZLingFKSJW-B,l1,-1,37,-0.2330488383
original47,test,K0,western,2,FZLingFKSJW-B,ssim,1,37,-0.2425320057
original47,test,K0,western,2,FZLingFKSJW-B,D_change,-1,37,-0.2949265055
original47,test,K0,western,2,FZLiuGQKJW-L,lpips_alex,-1,37,0.3314366999
original47,test,K0,western,2,FZLiuGQKJW-L,l1,-1,37,-0.09269796112
original47,test,K0,western,2,FZLiuGQKJW-L,ssim,1,37,-0.1078710289
original47,test,K0,western,2,FZLiuGQKJW-L,D_change,-1,37,0.1055002371
original47,test,K0,western,2,FZMaWDBSJW,lpips_alex,-1,37,-0.1256519678
original47,test,K0,western,2,FZMaWDBSJW,l1,-1,37,0.1958274064
original47,test,K0,western,2,FZMaWDBSJW,ssim,1,37,0.1782835467
original47,test,K0,western,2,FZMaWDBSJW,D_change,-1,37,0.1422475107
original47,test,K0,western,2,FZTJLSJW,lpips_alex,-1,37,-0.2662399241
original47,test,K0,western,2,FZTJLSJW,l1,-1,37,0.3262209578
original47,test,K0,western,2,FZTJLSJW,ssim,1,37,0.3160265529
original47,test,K0,western,2,FZTJLSJW,D_change,-1,37,0.3281175913
original47,test,K0,western,4,FZBuGTJW,lpips_alex,-1,37,-0.3091512565
original47,test,K0,western,4,FZBuGTJW,l1,-1,37,-0.1303935514
original47,test,K0,western,4,FZBuGTJW,ssim,1,37,-0.1076339497
original47,test,K0,western,4,FZBuGTJW,D_change,-1,37,-0.1266002845
original47,test,K0,western,4,FZChuangHJW_DB,lpips_alex,-1,37,-0.3731626363
original47,test,K0,western,4,FZChuangHJW_DB,l1,-1,37,-0.2773826458
original47,test,K0,western,4,FZChuangHJW_DB,ssim,1,37,-0.2645803698
original47,test,K0,western,4,FZChuangHJW_DB,D_change,-1,37,-0.1287339972
original47,test,K0,western,4,FZCuanBZBKSJW,lpips_alex,-1,37,0.3442389758
original47,test,K0,western,4,FZCuanBZBKSJW,l1,-1,37,0.2102892366
original47,test,K0,western,4,FZCuanBZBKSJW,ssim,1,37,0.1996206733
original47,test,K0,western,4,FZCuanBZBKSJW,D_change,-1,37,0.2147937411
original47,test,K0,western,4,FZDeSHJW_515H,lpips_alex,-1,37,-0.07942152679
original47,test,K0,western,4,FZDeSHJW_515H,l1,-1,37,0.07705073495
original47,test,K0,western,4,FZDeSHJW_515H,ssim,1,37,0.1209103841
original47,test,K0,western,4,FZDeSHJW_515H,D_change,-1,37,0.08961593172
original47,test,K0,western,4,FZDouNTJW_Te,lpips_alex,-1,37,0.4758179232
original47,test,K0,western,4,FZDouNTJW_Te,l1,-1,37,0.4004267425
original47,test,K0,western,4,FZDouNTJW_Te,ssim,1,37,0.2773826458
original47,test,K0,western,4,FZDouNTJW_Te,D_change,-1,37,0.2565196776
original47,test,K0,western,4,FZFeiHHJW-H,lpips_alex,-1,37,0.584874348
original47,test,K0,western,4,FZFeiHHJW-H,l1,-1,37,0.09743954481
original47,test,K0,western,4,FZFeiHHJW-H,ssim,1,37,0.01920341394
original47,test,K0,western,4,FZFeiHHJW-H,D_change,-1,37,0.2000948317
original47,test,K0,western,4,FZFengYKSJ,lpips_alex,-1,37,-0.02370791844
original47,test,K0,western,4,FZFengYKSJ,l1,-1,37,0.07349454718
original47,test,K0,western,4,FZFengYKSJ,ssim,1,37,-0.01849217639
original47,test,K0,western,4,FZFengYKSJ,D_change,-1,37,0.1552868658
original47,test,K0,western,4,FZHanWZKJW,lpips_alex,-1,37,0.005215742058
original47,test,K0,western,4,FZHanWZKJW,l1,-1,37,-0.2204836415
original47,test,K0,western,4,FZHanWZKJW,ssim,1,37,-0.2335229967
original47,test,K0,western,4,FZHanWZKJW,D_change,-1,37,-0.004030346136
original47,test,K0,western,4,FZHuoYYJW-T,lpips_alex,-1,37,-0.2392128971
original47,test,K0,western,4,FZHuoYYJW-T,l1,-1,37,-0.5471787577
original47,test,K0,western,4,FZHuoYYJW-T,ssim,1,37,-0.570649597
original47,test,K0,western,4,FZHuoYYJW-T,D_change,-1,37,0.04480796586
original47,test,K0,western,4,FZJianLTJW_Te,lpips_alex,-1,37,-0.1853959222
original47,test,K0,western,4,FZJianLTJW_Te,l1,-1,37,-0.4608819346
original47,test,K0,western,4,FZJianLTJW_Te,ssim,1,37,-0.4618302513
original47,test,K0,western,4,FZJianLTJW_Te,D_change,-1,37,-0.4596965386
original47,test,K0,western,4,FZJingLTJW-H,lpips_alex,-1,37,0.4326695116
original47,test,K0,western,4,FZJingLTJW-H,l1,-1,37,0.1910858227
original47,test,K0,western,4,FZJingLTJW-H,ssim,1,37,0.2292555714
original47,test,K0,western,4,FZJingLTJW-H,D_change,-1,37,0.1500711238
original47,test,K0,western,4,FZJingYLLTJW,lpips_alex,-1,37,0.04243717402
original47,test,K0,western,4,FZJingYLLTJW,l1,-1,37,-0.09009009009
original47,test,K0,western,4,FZJingYLLTJW,ssim,1,37,-0.1303935514
original47,test,K0,western,4,FZJingYLLTJW,D_change,-1,37,-0.04148885728
original47,test,K0,western,4,FZLingFKSJW-B,lpips_alex,-1,37,0.03247984827
original47,test,K0,western,4,FZLingFKSJW-B,l1,-1,37,-0.2000948317
original47,test,K0,western,4,FZLingFKSJW-B,ssim,1,37,-0.1631104789
original47,test,K0,western,4,FZLingFKSJW-B,D_change,-1,37,-0.2771455666
original47,test,K0,western,4,FZLiuGQKJW-L,lpips_alex,-1,37,0.2572309151
original47,test,K0,western,4,FZLiuGQKJW-L,l1,-1,37,-0.02844950213
original47,test,K0,western,4,FZLiuGQKJW-L,ssim,1,37,-0.02631578947
original47,test,K0,western,4,FZLiuGQKJW-L,D_change,-1,37,0.1744902798
original47,test,K0,western,4,FZMaWDBSJW,lpips_alex,-1,37,-0.1510194405
original47,test,K0,western,4,FZMaWDBSJW,l1,-1,37,0.2894736842
original47,test,K0,western,4,FZMaWDBSJW,ssim,1,37,0.2908961593
original47,test,K0,western,4,FZMaWDBSJW,D_change,-1,37,0.134898056
original47,test,K0,western,4,FZTJLSJW,lpips_alex,-1,37,-0.2271218587
original47,test,K0,western,4,FZTJLSJW,l1,-1,37,0.3051209104
original47,test,K0,western,4,FZTJLSJW,ssim,1,37,0.2761972499
original47,test,K0,western,4,FZTJLSJW,D_change,-1,37,0.3373636795
original47,test,K0,western,8,FZBuGTJW,lpips_alex,-1,37,-0.2975343765
original47,test,K0,western,8,FZBuGTJW,l1,-1,37,-0.1358463727
original47,test,K0,western,8,FZBuGTJW,ssim,1,37,-0.09009009009
original47,test,K0,western,8,FZBuGTJW,D_change,-1,37,-0.2363679469
original47,test,K0,western,8,FZChuangHJW_DB,lpips_alex,-1,37,-0.3857278331
original47,test,K0,western,8,FZChuangHJW_DB,l1,-1,37,-0.2470365102
original47,test,K0,western,8,FZChuangHJW_DB,ssim,1,37,-0.2093409199
original47,test,K0,western,8,FZChuangHJW_DB,D_change,-1,37,-0.1488857278
original47,test,K0,western,8,FZCuanBZBKSJW,lpips_alex,-1,37,0.2825983879
original47,test,K0,western,8,FZCuanBZBKSJW,l1,-1,37,0.2498814604
original47,test,K0,western,8,FZCuanBZBKSJW,ssim,1,37,0.2539118065
original47,test,K0,western,8,FZCuanBZBKSJW,D_change,-1,37,0.3165007112
original47,test,K0,western,8,FZDeSHJW_515H,lpips_alex,-1,37,0.1339497392
original47,test,K0,western,8,FZDeSHJW_515H,l1,-1,37,0.1756756757
original47,test,K0,western,8,FZDeSHJW_515H,ssim,1,37,0.1780464675
original47,test,K0,western,8,FZDeSHJW_515H,D_change,-1,37,0.1721194879
original47,test,K0,western,8,FZDouNTJW_Te,lpips_alex,-1,37,0.4298245614
original47,test,K0,western,8,FZDouNTJW_Te,l1,-1,37,0.3413940256
original47,test,K0,western,8,FZDouNTJW_Te,ssim,1,37,0.2754860123
original47,test,K0,western,8,FZDouNTJW_Te,D_change,-1,37,0.182550972
original47,test,K0,western,8,FZFeiHHJW-H,lpips_alex,-1,37,0.5704125178
original47,test,K0,western,8,FZFeiHHJW-H,l1,-1,37,0.08463726885
original47,test,K0,western,8,FZFeiHHJW-H,ssim,1,37,0.01730678046
original47,test,K0,western,8,FZFeiHHJW-H,D_change,-1,37,0.1280227596
original47,test,K0,western,8,FZFengYKSJ,lpips_alex,-1,37,0.06021811285
original47,test,K0,western,8,FZFengYKSJ,l1,-1,37,0.09317211949
original47,test,K0,western,8,FZFengYKSJ,ssim,1,37,0
original47,test,K0,western,8,FZFengYKSJ,D_change,-1,37,0.1398767188
original47,test,K0,western,8,FZHanWZKJW,lpips_alex,-1,37,-0.02702702703
original47,test,K0,western,8,FZHanWZKJW,l1,-1,37,-0.259601707
original47,test,K0,western,8,FZHanWZKJW,ssim,1,37,-0.2515410147
original47,test,K0,western,8,FZHanWZKJW,D_change,-1,37,-0.048838312
original47,test,K0,western,8,FZHuoYYJW-T,lpips_alex,-1,37,-0.3070175439
original47,test,K0,western,8,FZHuoYYJW-T,l1,-1,37,-0.4677572309
original47,test,K0,western,8,FZHuoYYJW-T,ssim,1,37,-0.4611190138
original47,test,K0,western,8,FZHuoYYJW-T,D_change,-1,37,0.2382645804
original47,test,K0,western,8,FZJianLTJW_Te,lpips_alex,-1,37,-0.2088667615
original47,test,K0,western,8,FZJianLTJW_Te,l1,-1,37,-0.375296349
original47,test,K0,western,8,FZJianLTJW_Te,ssim,1,37,-0.3636794689
original47,test,K0,western,8,FZJianLTJW_Te,D_change,-1,37,-0.375296349
original47,test,K0,western,8,FZJingLTJW-H,lpips_alex,-1,37,0.2470365102
original47,test,K0,western,8,FZJingLTJW-H,l1,-1,37,0.1303935514
original47,test,K0,western,8,FZJingLTJW-H,ssim,1,37,0.1564722617
original47,test,K0,western,8,FZJingLTJW-H,D_change,-1,37,0.1834992888
original47,test,K0,western,8,FZJingYLLTJW,lpips_alex,-1,37,-0.02275960171
original47,test,K0,western,8,FZJingYLLTJW,l1,-1,37,-0.140113798
original47,test,K0,western,8,FZJingYLLTJW,ssim,1,37,-0.1676149834
original47,test,K0,western,8,FZJingYLLTJW,D_change,-1,37,-0.03010905642
original47,test,K0,western,8,FZLingFKSJW-B,lpips_alex,-1,37,0.0884305358
original47,test,K0,western,8,FZLingFKSJW-B,l1,-1,37,-0.3198198198
original47,test,K0,western,8,FZLingFKSJW-B,ssim,1,37,-0.2790422001
original47,test,K0,western,8,FZLingFKSJW-B,D_change,-1,37,-0.3480322428
original47,test,K0,western,8,FZLiuGQKJW-L,lpips_alex,-1,37,0.2607871029
original47,test,K0,western,8,FZLiuGQKJW-L,l1,-1,37,-0.004504504505
original47,test,K0,western,8,FZLiuGQKJW-L,ssim,1,37,-0.02038880986
original47,test,K0,western,8,FZLiuGQKJW-L,D_change,-1,37,0.1865813182
original47,test,K0,western,8,FZMaWDBSJW,lpips_alex,-1,37,-0.1420104315
original47,test,K0,western,8,FZMaWDBSJW,l1,-1,37,0.3221906117
original47,test,K0,western,8,FZMaWDBSJW,ssim,1,37,0.3233760076
original47,test,K0,western,8,FZMaWDBSJW,D_change,-1,37,0.1315789474
original47,test,K0,western,8,FZTJLSJW,lpips_alex,-1,37,-0.3594120436
original47,test,K0,western,8,FZTJLSJW,l1,-1,37,0.3440018966
original47,test,K0,western,8,FZTJLSJW,ssim,1,37,0.3240872451
original47,test,K0,western,8,FZTJLSJW,D_change,-1,37,0.3760075865
original47,test,K1,western,1,FZBuGTJW,lpips_alex,-1,37,-0.1460407776
original47,test,K1,western,1,FZBuGTJW,l1,-1,37,-0.03082029398
original47,test,K1,western,1,FZBuGTJW,ssim,1,37,0.01920341394
original47,test,K1,western,1,FZBuGTJW,D_change,-1,37,-0.08345187293
original47,test,K1,western,1,FZChuangHJW_DB,lpips_alex,-1,37,-0.1688003793
original47,test,K1,western,1,FZChuangHJW_DB,l1,-1,37,-0.2489331437
original47,test,K1,western,1,FZChuangHJW_DB,ssim,1,37,-0.2714556662
original47,test,K1,western,1,FZChuangHJW_DB,D_change,-1,37,-0.1576576577
original47,test,K1,western,1,FZCuanBZBKSJW,lpips_alex,-1,37,0.2195353248
original47,test,K1,western,1,FZCuanBZBKSJW,l1,-1,37,0.3885727833
original47,test,K1,western,1,FZCuanBZBKSJW,ssim,1,37,0.3575154101
original47,test,K1,western,1,FZCuanBZBKSJW,D_change,-1,37,0.3089141773
original47,test,K1,western,1,FZDeSHJW_515H,lpips_alex,-1,37,0.09388335704
original47,test,K1,western,1,FZDeSHJW_515H,l1,-1,37,0.02987197724
original47,test,K1,western,1,FZDeSHJW_515H,ssim,1,37,0.001659554291
original47,test,K1,western,1,FZDeSHJW_515H,D_change,-1,37,0.01920341394
original47,test,K1,western,1,FZDouNTJW_Te,lpips_alex,-1,37,0.2951635846
original47,test,K1,western,1,FZDouNTJW_Te,l1,-1,37,0.09506875296
original47,test,K1,western,1,FZDouNTJW_Te,ssim,1,37,0.01872925557
original47,test,K1,western,1,FZDouNTJW_Te,D_change,-1,37,0.1659554291
original47,test,K1,western,1,FZFeiHHJW-H,lpips_alex,-1,37,0.5836889521
original47,test,K1,western,1,FZFeiHHJW-H,l1,-1,37,0.03342816501
original47,test,K1,western,1,FZFeiHHJW-H,ssim,1,37,-0.02797534376
original47,test,K1,western,1,FZFeiHHJW-H,D_change,-1,37,0.07064959697
original47,test,K1,western,1,FZFengYKSJ,lpips_alex,-1,37,-0.07088667615
original47,test,K1,western,1,FZFengYKSJ,l1,-1,37,0.01469890944
original47,test,K1,western,1,FZFengYKSJ,ssim,1,37,-0.09767662399
original47,test,K1,western,1,FZFengYKSJ,D_change,-1,37,-0.04291133239
original47,test,K1,western,1,FZHanWZKJW,lpips_alex,-1,37,-0.1692745377
original47,test,K1,western,1,FZHanWZKJW,l1,-1,37,-0.3826458037
original47,test,K1,western,1,FZHanWZKJW,ssim,1,37,-0.3731626363
original47,test,K1,western,1,FZHanWZKJW,D_change,-1,37,-0.353485064
original47,test,K1,western,1,FZHuoYYJW-T,lpips_alex,-1,37,-0.1332385017
original47,test,K1,western,1,FZHuoYYJW-T,l1,-1,37,-0.3518255097
original47,test,K1,western,1,FZHuoYYJW-T,ssim,1,37,-0.3416311048
original47,test,K1,western,1,FZHuoYYJW-T,D_change,-1,37,-0.006875296349
original47,test,K1,western,1,FZJianLTJW_Te,lpips_alex,-1,37,-0.3838311996
original47,test,K1,western,1,FZJianLTJW_Te,l1,-1,37,-0.4848269322
original47,test,K1,western,1,FZJianLTJW_Te,ssim,1,37,-0.5526315789
original47,test,K1,western,1,FZJianLTJW_Te,D_change,-1,37,-0.4310099573
original47,test,K1,western,1,FZJingLTJW-H,lpips_alex,-1,37,0.5021337127
original47,test,K1,western,1,FZJingLTJW-H,l1,-1,37,0.335467046
original47,test,K1,western,1,FZJingLTJW-H,ssim,1,37,0.356092935
original47,test,K1,western,1,FZJingLTJW-H,D_change,-1,37,0.2655286866
original47,test,K1,western,1,FZJingYLLTJW,lpips_alex,-1,37,0.06543385491
original47,test,K1,western,1,FZJingYLLTJW,l1,-1,37,-0.1474632527
original47,test,K1,western,1,FZJingYLLTJW,ssim,1,37,-0.2385016596
original47,test,K1,western,1,FZJingYLLTJW,D_change,-1,37,0.01137980085
original47,test,K1,western,1,FZLingFKSJW-B,lpips_alex,-1,37,-0.04528212423
original47,test,K1,western,1,FZLingFKSJW-B,l1,-1,37,-0.3655761024
original47,test,K1,western,1,FZLingFKSJW-B,ssim,1,37,-0.3835941204
original47,test,K1,western,1,FZLingFKSJW-B,D_change,-1,37,-0.3240872451
original47,test,K1,western,1,FZLiuGQKJW-L,lpips_alex,-1,37,-0.05523944998
original47,test,K1,western,1,FZLiuGQKJW-L,l1,-1,37,-0.0960170697
original47,test,K1,western,1,FZLiuGQKJW-L,ssim,1,37,-0.1209103841
original47,test,K1,western,1,FZLiuGQKJW-L,D_change,-1,37,-0.109293504
original47,test,K1,western,1,FZMaWDBSJW,lpips_alex,-1,37,-0.2880512091
original47,test,K1,western,1,FZMaWDBSJW,l1,-1,37,0.009483167378
original47,test,K1,western,1,FZMaWDBSJW,ssim,1,37,0.009957325747
original47,test,K1,western,1,FZMaWDBSJW,D_change,-1,37,-0.1730678046
original47,test,K1,western,1,FZTJLSJW,lpips_alex,-1,37,-0.3013276434
original47,test,K1,western,1,FZTJLSJW,l1,-1,37,-0.0258416311
original47,test,K1,western,1,FZTJLSJW,ssim,1,37,-0.01896633476
original47,test,K1,western,1,FZTJLSJW,D_change,-1,37,-0.048838312
original47,test,K1,western,2,FZBuGTJW,lpips_alex,-1,37,-0.3544333807
original47,test,K1,western,2,FZBuGTJW,l1,-1,37,-0.2254623044
original47,test,K1,western,2,FZBuGTJW,ssim,1,37,-0.1695116169
original47,test,K1,western,2,FZBuGTJW,D_change,-1,37,-0.2619724988
original47,test,K1,western,2,FZChuangHJW_DB,lpips_alex,-1,37,-0.3233760076
original47,test,K1,western,2,FZChuangHJW_DB,l1,-1,37,-0.2306780465
original47,test,K1,western,2,FZChuangHJW_DB,ssim,1,37,-0.1963015647
original47,test,K1,western,2,FZChuangHJW_DB,D_change,-1,37,-0.2366050261
original47,test,K1,western,2,FZCuanBZBKSJW,lpips_alex,-1,37,0.1967757231
original47,test,K1,western,2,FZCuanBZBKSJW,l1,-1,37,0.128496918
original47,test,K1,western,2,FZCuanBZBKSJW,ssim,1,37,0.1341868184
original47,test,K1,western,2,FZCuanBZBKSJW,D_change,-1,37,0.1811284969
original47,test,K1,western,2,FZDeSHJW_515H,lpips_alex,-1,37,0.01920341394
original47,test,K1,western,2,FZDeSHJW_515H,l1,-1,37,0.2079184448
original47,test,K1,western,2,FZDeSHJW_515H,ssim,1,37,0.2437174016
original47,test,K1,western,2,FZDeSHJW_515H,D_change,-1,37,0.1028923661
original47,test,K1,western,2,FZDouNTJW_Te,lpips_alex,-1,37,0.2401612138
original47,test,K1,western,2,FZDouNTJW_Te,l1,-1,37,0.08914177335
original47,test,K1,western,2,FZDouNTJW_Te,ssim,1,37,-0.0670934092
original47,test,K1,western,2,FZDouNTJW_Te,D_change,-1,37,0.1173541963
original47,test,K1,western,2,FZFeiHHJW-H,lpips_alex,-1,37,0.48838312
original47,test,K1,western,2,FZFeiHHJW-H,l1,-1,37,0.1085822665
original47,test,K1,western,2,FZFeiHHJW-H,ssim,1,37,0.0777619725
original47,test,K1,western,2,FZFeiHHJW-H,D_change,-1,37,0.1159317212
original47,test,K1,western,2,FZFengYKSJ,lpips_alex,-1,37,-0.01137980085
original47,test,K1,western,2,FZFengYKSJ,l1,-1,37,-0.03176861072
original47,test,K1,western,2,FZFengYKSJ,ssim,1,37,-0.1358463727
original47,test,K1,western,2,FZFengYKSJ,D_change,-1,37,0.06353722143
original47,test,K1,western,2,FZHanWZKJW,lpips_alex,-1,37,-0.01137980085
original47,test,K1,western,2,FZHanWZKJW,l1,-1,37,-0.1448553817
original47,test,K1,western,2,FZHanWZKJW,ssim,1,37,-0.1370317686
original47,test,K1,western,2,FZHanWZKJW,D_change,-1,37,-0.03034613561
original47,test,K1,western,2,FZHuoYYJW-T,lpips_alex,-1,37,-0.1270744429
original47,test,K1,western,2,FZHuoYYJW-T,l1,-1,37,-0.3281175913
original47,test,K1,western,2,FZHuoYYJW-T,ssim,1,37,-0.3231389284
original47,test,K1,western,2,FZHuoYYJW-T,D_change,-1,37,-0.04338549075
original47,test,K1,western,2,FZJianLTJW_Te,lpips_alex,-1,37,-0.4874348032
original47,test,K1,western,2,FZJianLTJW_Te,l1,-1,37,-0.4620673305
original47,test,K1,western,2,FZJianLTJW_Te,ssim,1,37,-0.4324324324
original47,test,K1,western,2,FZJianLTJW_Te,D_change,-1,37,-0.5137505927
original47,test,K1,western,2,FZJingLTJW-H,lpips_alex,-1,37,0.3300142248
original47,test,K1,western,2,FZJingLTJW-H,l1,-1,37,0.1218587008
original47,test,K1,western,2,FZJingLTJW-H,ssim,1,37,0.1628733997
original47,test,K1,western,2,FZJingLTJW-H,D_change,-1,37,0.2245139877
original47,test,K1,western,2,FZJingYLLTJW,lpips_alex,-1,37,-0.04860123281
original47,test,K1,western,2,FZJingYLLTJW,l1,-1,37,-0.2652916074
original47,test,K1,western,2,FZJingYLLTJW,ssim,1,37,-0.3093883357
original47,test,K1,western,2,FZJingYLLTJW,D_change,-1,37,-0.1522048364
original47,test,K1,western,2,FZLingFKSJW-B,lpips_alex,-1,37,0.04954954955
original47,test,K1,western,2,FZLingFKSJW-B,l1,-1,37,-0.302038881
original47,test,K1,western,2,FZLingFKSJW-B,ssim,1,37,-0.3162636321
original47,test,K1,western,2,FZLingFKSJW-B,D_change,-1,37,-0.2650545282
original47,test,K1,western,2,FZLiuGQKJW-L,lpips_alex,-1,37,0.1818397345
original47,test,K1,western,2,FZLiuGQKJW-L,l1,-1,37,0.08036984353
original47,test,K1,western,2,FZLiuGQKJW-L,ssim,1,37,0.0853485064
original47,test,K1,western,2,FZLiuGQKJW-L,D_change,-1,37,0.08795637743
original47,test,K1,western,2,FZMaWDBSJW,lpips_alex,-1,37,-0.3013276434
original47,test,K1,western,2,FZMaWDBSJW,l1,-1,37,0.08605974395
original47,test,K1,western,2,FZMaWDBSJW,ssim,1,37,0.1740161214
original47,test,K1,western,2,FZMaWDBSJW,D_change,-1,37,-0.1503082029
original47,test,K1,western,2,FZTJLSJW,lpips_alex,-1,37,-0.1365576102
original47,test,K1,western,2,FZTJLSJW,l1,-1,37,0.271218587
original47,test,K1,western,2,FZTJLSJW,ssim,1,37,0.2579421527
original47,test,K1,western,2,FZTJLSJW,D_change,-1,37,0.106685633
original47,test,K1,western,4,FZBuGTJW,lpips_alex,-1,37,-0.4483167378
original47,test,K1,western,4,FZBuGTJW,l1,-1,37,-0.2567567568
original47,test,K1,western,4,FZBuGTJW,ssim,1,37,-0.2292555714
original47,test,K1,western,4,FZBuGTJW,D_change,-1,37,-0.3608345187
original47,test,K1,western,4,FZChuangHJW_DB,lpips_alex,-1,37,-0.3956851588
original47,test,K1,western,4,FZChuangHJW_DB,l1,-1,37,-0.3451872926
original47,test,K1,western,4,FZChuangHJW_DB,ssim,1,37,-0.3053579896
original47,test,K1,western,4,FZChuangHJW_DB,D_change,-1,37,-0.3703176861
original47,test,K1,western,4,FZCuanBZBKSJW,lpips_alex,-1,37,0.1450924609
original47,test,K1,western,4,FZCuanBZBKSJW,l1,-1,37,0.161925083
original47,test,K1,western,4,FZCuanBZBKSJW,ssim,1,37,0.1211474633
original47,test,K1,western,4,FZCuanBZBKSJW,D_change,-1,37,0.04528212423
original47,test,K1,western,4,FZDeSHJW_515H,lpips_alex,-1,37,0.0381697487
original47,test,K1,western,4,FZDeSHJW_515H,l1,-1,37,0.1607396871
original47,test,K1,western,4,FZDeSHJW_515H,ssim,1,37,0.2164532954
original47,test,K1,western,4,FZDeSHJW_515H,D_change,-1,37,0.05737316264
original47,test,K1,western,4,FZDouNTJW_Te,lpips_alex,-1,37,0.2190611664
original47,test,K1,western,4,FZDouNTJW_Te,l1,-1,37,0.1306306306
original47,test,K1,western,4,FZDouNTJW_Te,ssim,1,37,-0.0009483167378
original47,test,K1,western,4,FZDouNTJW_Te,D_change,-1,37,0.04362256994
original47,test,K1,western,4,FZFeiHHJW-H,lpips_alex,-1,37,0.5379326695
original47,test,K1,western,4,FZFeiHHJW-H,l1,-1,37,0.1524419156
original47,test,K1,western,4,FZFeiHHJW-H,ssim,1,37,0.08179231863
original47,test,K1,western,4,FZFeiHHJW-H,D_change,-1,37,0.1759127549
original47,test,K1,western,4,FZFengYKSJ,lpips_alex,-1,37,0.06235182551
original47,test,K1,western,4,FZFengYKSJ,l1,-1,37,0.001896633476
original47,test,K1,western,4,FZFengYKSJ,ssim,1,37,-0.09246088193
original47,test,K1,western,4,FZFengYKSJ,D_change,-1,37,0.08416311048
original47,test,K1,western,4,FZHanWZKJW,lpips_alex,-1,37,-0.005689900427
original47,test,K1,western,4,FZHanWZKJW,l1,-1,37,-0.1899004267
original47,test,K1,western,4,FZHanWZKJW,ssim,1,37,-0.1545756283
original47,test,K1,western,4,FZHanWZKJW,D_change,-1,37,0.005689900427
original47,test,K1,western,4,FZHuoYYJW-T,lpips_alex,-1,37,-0.05713608345
original47,test,K1,western,4,FZHuoYYJW-T,l1,-1,37,-0.176149834
original47,test,K1,western,4,FZHuoYYJW-T,ssim,1,37,-0.1697486961
original47,test,K1,western,4,FZHuoYYJW-T,D_change,-1,37,0.006638217165
original47,test,K1,western,4,FZJianLTJW_Te,lpips_alex,-1,37,-0.5208629682
original47,test,K1,western,4,FZJianLTJW_Te,l1,-1,37,-0.539829303
original47,test,K1,western,4,FZJianLTJW_Te,ssim,1,37,-0.5225225225
original47,test,K1,western,4,FZJianLTJW_Te,D_change,-1,37,-0.609293504
original47,test,K1,western,4,FZJingLTJW-H,lpips_alex,-1,37,-0.1941678521
original47,test,K1,western,4,FZJingLTJW-H,l1,-1,37,-0.2221431958
original47,test,K1,western,4,FZJingLTJW-H,ssim,1,37,-0.3089141773
original47,test,K1,western,4,FZJingLTJW-H,D_change,-1,37,-0.02607871029
original47,test,K1,western,4,FZJingYLLTJW,lpips_alex,-1,37,0.1033665244
original47,test,K1,western,4,FZJingYLLTJW,l1,-1,37,-0.2152678995
original47,test,K1,western,4,FZJingYLLTJW,ssim,1,37,-0.3212422949
original47,test,K1,western,4,FZJingYLLTJW,D_change,-1,37,-0.03935514462
original47,test,K1,western,4,FZLingFKSJW-B,lpips_alex,-1,37,0.1763869132
original47,test,K1,western,4,FZLingFKSJW-B,l1,-1,37,-0.2451398767
original47,test,K1,western,4,FZLingFKSJW-B,ssim,1,37,-0.2880512091
original47,test,K1,western,4,FZLingFKSJW-B,D_change,-1,37,-0.2081555239
original47,test,K1,western,4,FZLiuGQKJW-L,lpips_alex,-1,37,0.3653390232
original47,test,K1,western,4,FZLiuGQKJW-L,l1,-1,37,0.07373162636
original47,test,K1,western,4,FZLiuGQKJW-L,ssim,1,37,0.07871028924
original47,test,K1,western,4,FZLiuGQKJW-L,D_change,-1,37,0.1858700806
original47,test,K1,western,4,FZMaWDBSJW,lpips_alex,-1,37,-0.1436699858
original47,test,K1,western,4,FZMaWDBSJW,l1,-1,37,0.192745377
original47,test,K1,western,4,FZMaWDBSJW,ssim,1,37,0.2304409673
original47,test,K1,western,4,FZMaWDBSJW,D_change,-1,37,-0.05097202466
original47,test,K1,western,4,FZTJLSJW,lpips_alex,-1,37,-0.152916074
original47,test,K1,western,4,FZTJLSJW,l1,-1,37,0.1659554291
original47,test,K1,western,4,FZTJLSJW,ssim,1,37,0.1657183499
original47,test,K1,western,4,FZTJLSJW,D_change,-1,37,0.2754860123
original47,test,K1,western,8,FZBuGTJW,lpips_alex,-1,37,-0.3214793741
original47,test,K1,western,8,FZBuGTJW,l1,-1,37,-0.1730678046
original47,test,K1,western,8,FZBuGTJW,ssim,1,37,-0.09720246562
original47,test,K1,western,8,FZBuGTJW,D_change,-1,37,-0.191559981
original47,test,K1,western,8,FZChuangHJW_DB,lpips_alex,-1,37,-0.4876718824
original47,test,K1,western,8,FZChuangHJW_DB,l1,-1,37,-0.3029871977
original47,test,K1,western,8,FZChuangHJW_DB,ssim,1,37,-0.2617354196
original47,test,K1,western,8,FZChuangHJW_DB,D_change,-1,37,-0.2614983404
original47,test,K1,western,8,FZCuanBZBKSJW,lpips_alex,-1,37,0.08677098151
original47,test,K1,western,8,FZCuanBZBKSJW,l1,-1,37,0.2927927928
original47,test,K1,western,8,FZCuanBZBKSJW,ssim,1,37,0.2496443812
original47,test,K1,western,8,FZCuanBZBKSJW,D_change,-1,37,0.0960170697
original47,test,K1,western,8,FZDeSHJW_515H,lpips_alex,-1,37,0.1161688004
original47,test,K1,western,8,FZDeSHJW_515H,l1,-1,37,0.2128971076
original47,test,K1,western,8,FZDeSHJW_515H,ssim,1,37,0.2209577999
original47,test,K1,western,8,FZDeSHJW_515H,D_change,-1,37,0.1287339972
original47,test,K1,western,8,FZDouNTJW_Te,lpips_alex,-1,37,0.2610241821
original47,test,K1,western,8,FZDouNTJW_Te,l1,-1,37,0.02299668089
original47,test,K1,western,8,FZDouNTJW_Te,ssim,1,37,0.0350877193
original47,test,K1,western,8,FZDouNTJW_Te,D_change,-1,37,0.06638217165
original47,test,K1,western,8,FZFeiHHJW-H,lpips_alex,-1,37,0.3923660503
original47,test,K1,western,8,FZFeiHHJW-H,l1,-1,37,0.02868658132
original47,test,K1,western,8,FZFeiHHJW-H,ssim,1,37,-0.05192034139
original47,test,K1,western,8,FZFeiHHJW-H,D_change,-1,37,0.1922712186
original47,test,K1,western,8,FZFengYKSJ,lpips_alex,-1,37,0.07136083452
original47,test,K1,western,8,FZFengYKSJ,l1,-1,37,-0.009483167378
original47,test,K1,western,8,FZFengYKSJ,ssim,1,37,-0.06922712186
original47,test,K1,western,8,FZFengYKSJ,D_change,-1,37,0.1299193931
original47,test,K1,western,8,FZHanWZKJW,lpips_alex,-1,37,-0.09649122807
original47,test,K1,western,8,FZHanWZKJW,l1,-1,37,-0.2356567093
original47,test,K1,western,8,FZHanWZKJW,ssim,1,37,-0.2238027501
original47,test,K1,western,8,FZHanWZKJW,D_change,-1,37,-0.09743954481
original47,test,K1,western,8,FZHuoYYJW-T,lpips_alex,-1,37,-0.1346609768
original47,test,K1,western,8,FZHuoYYJW-T,l1,-1,37,-0.2344713134
original47,test,K1,western,8,FZHuoYYJW-T,ssim,1,37,-0.1917970602
original47,test,K1,western,8,FZHuoYYJW-T,D_change,-1,37,-0.1213845424
original47,test,K1,western,8,FZJianLTJW_Te,lpips_alex,-1,37,-0.44476055
original47,test,K1,western,8,FZJianLTJW_Te,l1,-1,37,-0.4556661925
original47,test,K1,western,8,FZJianLTJW_Te,ssim,1,37,-0.4051683262
original47,test,K1,western,8,FZJianLTJW_Te,D_change,-1,37,-0.430535799
original47,test,K1,western,8,FZJingLTJW-H,lpips_alex,-1,37,-0.1690374585
original47,test,K1,western,8,FZJingLTJW-H,l1,-1,37,-0.2363679469
original47,test,K1,western,8,FZJingLTJW-H,ssim,1,37,-0.3432906591
original47,test,K1,western,8,FZJingLTJW-H,D_change,-1,37,-0.1628733997
original47,test,K1,western,8,FZJingYLLTJW,lpips_alex,-1,37,-0.03745851114
original47,test,K1,western,8,FZJingYLLTJW,l1,-1,37,-0.2645803698
original47,test,K1,western,8,FZJingYLLTJW,ssim,1,37,-0.2854433381
original47,test,K1,western,8,FZJingYLLTJW,D_change,-1,37,-0.04314841157
original47,test,K1,western,8,FZLingFKSJW-B,lpips_alex,-1,37,-0.0915125652
original47,test,K1,western,8,FZLingFKSJW-B,l1,-1,37,-0.3880986249
original47,test,K1,western,8,FZLingFKSJW-B,ssim,1,37,-0.3781412992
original47,test,K1,western,8,FZLingFKSJW-B,D_change,-1,37,-0.3442389758
original47,test,K1,western,8,FZLiuGQKJW-L,lpips_alex,-1,37,0.2389758179
original47,test,K1,western,8,FZLiuGQKJW-L,l1,-1,37,-0.001422475107
original47,test,K1,western,8,FZLiuGQKJW-L,ssim,1,37,0.01327643433
original47,test,K1,western,8,FZLiuGQKJW-L,D_change,-1,37,0.2083926031
original47,test,K1,western,8,FZMaWDBSJW,lpips_alex,-1,37,-0.07705073495
original47,test,K1,western,8,FZMaWDBSJW,l1,-1,37,0.3155523945
original47,test,K1,western,8,FZMaWDBSJW,ssim,1,37,0.3283546705
original47,test,K1,western,8,FZMaWDBSJW,D_change,-1,37,0.2977714557
original47,test,K1,western,8,FZTJLSJW,lpips_alex,-1,37,-0.2498814604
original47,test,K1,western,8,FZTJLSJW,l1,-1,37,0.1498340446
original47,test,K1,western,8,FZTJLSJW,ssim,1,37,0.1448553817
original47,test,K1,western,8,FZTJLSJW,D_change,-1,37,0.2844950213
