model,step,protocol,split,generation_shot,script,font,n,logit,cosine,gt_logit
I0,10000,formal4096,val,1,ALL,FZBangSKKXJW,64,0.8317622169852257,0.6799946615938097,0.8383674193173647
I0,10000,formal4096,val,1,ALL,FZCaoQBLSJW,64,0.9362555520201568,0.766839581541717,0.8562735375016928
I0,10000,formal4096,val,1,ALL,FZFWZhuZiHeiB,64,1.232538049807772,0.7987779136747122,1.0214777514338493
I0,10000,formal4096,val,1,ALL,FZHengFSJW-T,64,1.126344962976873,0.8075882149860263,1.1624632813036442
I0,10000,formal4096,val,1,ALL,FZJunYTJW-H,64,0.8032817762577906,0.7057833005674183,0.8090110485209152
I0,10000,formal4096,val,1,ALL,FZKANGJW,64,0.5298780524171889,0.6879980256780982,0.9039787286892533
I0,10000,formal4096,val,1,ALL,FZKuaiHTJW_Te,64,1.098847733810544,0.7710945624858141,1.2415367886424065
I0,10000,formal4096,val,1,ALL,FZLTHProGBK_H,64,1.1245238799601793,0.7898907586932182,1.0033346930285916
I0,10000,formal4096,val,1,ALL,FZMiFXSJW,64,0.806073842162732,0.7496245834045112,1.0821409556083381
I0,10000,formal4096,val,1,ALL,FZQingYSJW-T,64,1.2194189578294754,0.8116974020376801,1.0917087085545063
I0,10000,formal4096,val,1,ALL,FZSongKBXKJW-EB,64,1.3467993891099468,0.7923963805660605,1.149775526020676
I0,10000,formal4096,val,1,ALL,FZSuHJW,64,1.1221732192207128,0.7400355720892549,0.7419911697506905
I0,10000,formal4096,val,1,ALL,FZYouHK_511M,64,1.00454238045495,0.7566316397860646,1.300058301538229
I0,10000,formal4096,val,1,ALL,FZZHJW,64,1.1097549768455792,0.7930750763043761,1.1881522201001644
I0,10000,formal4096,val,1,ALL,FZZanMTJW_Te,64,0.9631673162803054,0.6999666576739401,1.0213664616458118
I0,10000,formal4096,val,1,ALL,FZZhongYSJW_Te,64,0.9277567251119763,0.7028504009358585,1.25036009401083
I0,10000,formal4096,val,1,bopomofo,FZBangSKKXJW,16,0.9987257458269596,0.7303852587938309,0.8691550195217133
I0,10000,formal4096,val,1,bopomofo,FZCaoQBLSJW,16,0.964760142378509,0.7666550651192665,1.0050677061080933
I0,10000,formal4096,val,1,bopomofo,FZFWZhuZiHeiB,16,1.0534526826813817,0.754640743136406,1.68684920668602
I0,10000,formal4096,val,1,bopomofo,FZHengFSJW-T,16,1.106394860893488,0.8726276904344559,1.1945441365242004
I0,10000,formal4096,val,1,bopomofo,FZMiFXSJW,16,0.7508950643241405,0.75039466843009,1.0658781677484512
I0,10000,formal4096,val,1,bopomofo,FZQingYSJW-T,16,1.2476972118020058,0.858650453388691,1.003349632024765
I0,10000,formal4096,val,1,bopomofo,FZSongKBXKJW-EB,16,1.5501593053340912,0.8157032430171967,1.7157626748085022
I0,10000,formal4096,val,1,bopomofo,FZYouHK_511M,16,1.186234038323164,0.7869762592017651,1.2918909341096878
I0,10000,formal4096,val,1,bopomofo,FZZHJW,16,1.1617359928786755,0.8518421351909637,0.7944012880325317
I0,10000,formal4096,val,1,kana,FZBangSKKXJW,12,0.8895423312981924,0.6918068081140518,0.7585003773371378
I0,10000,formal4096,val,1,kana,FZCaoQBLSJW,12,1.0937350789705913,0.8273511677980423,1.3175904750823975
I0,10000,formal4096,val,1,kana,FZFWZhuZiHeiB,12,1.007602182527383,0.8098891725142797,0.8952454129854838
I0,10000,formal4096,val,1,kana,FZHengFSJW-T,12,1.0339430024226506,0.8095337301492691,1.2082821528116863
I0,10000,formal4096,val,1,kana,FZKuaiHTJW_Te,12,1.1484281023343403,0.7884392489989599,1.4598731994628906
I0,10000,formal4096,val,1,kana,FZLTHProGBK_H,12,1.0736382553974788,0.816231315334638,1.3368837436040242
I0,10000,formal4096,val,1,kana,FZMiFXSJW,12,0.9290516575177511,0.7787700444459915,1.2366973161697388
I0,10000,formal4096,val,1,kana,FZQingYSJW-T,12,1.2679066956043243,0.8666521112124125,1.137002408504486
I0,10000,formal4096,val,1,kana,FZSongKBXKJW-EB,12,1.5546122243007023,0.8343301862478256,1.297378659248352
I0,10000,formal4096,val,1,kana,FZSuHJW,12,1.1148205250501633,0.8156086107095083,1.1700513164202373
I0,10000,formal4096,val,1,kana,FZYouHK_511M,12,1.0564914892117183,0.8301305224498113,1.3883026440938313
I0,10000,formal4096,val,1,kana,FZZHJW,12,1.2381565049290657,0.8195158690214157,1.2767743666966755
I0,10000,formal4096,val,1,kana,FZZanMTJW_Te,12,1.4822229544321697,0.8427682469288508,1.5672092040379841
I0,10000,formal4096,val,1,kana,FZZhongYSJW_Te,12,1.5669034123420715,0.8341752092043558,1.7110515435536702
I0,10000,formal4096,val,1,latin,FZBangSKKXJW,36,0.738296166062355,0.6536614584426085,0.8513063887755076
I0,10000,formal4096,val,1,latin,FZCaoQBLSJW,36,0.8710936695440776,0.7467510600884756,0.6363704833719466
I0,10000,formal4096,val,1,latin,FZFWZhuZiHeiB,36,1.3871101687351863,0.8146906809674369,0.7678345508045621
I0,10000,formal4096,val,1,latin,FZHengFSJW-T,36,1.166012328532007,0.7780332763989767,1.1329321662584941
I0,10000,formal4096,val,1,latin,FZJunYTJW-H,64,0.8032817762577906,0.7057833005674183,0.8090110485209152
I0,10000,formal4096,val,1,latin,FZKANGJW,64,0.5298780524171889,0.6879980256780982,0.9039787286892533
I0,10000,formal4096,val,1,latin,FZKuaiHTJW_Te,52,1.0874061103050525,0.767091942521242,1.1911514630684485
I0,10000,formal4096,val,1,latin,FZLTHProGBK_H,52,1.1362667163977256,0.7838121686990445,0.9263618352034917
I0,10000,formal4096,val,1,latin,FZMiFXSJW,36,0.7896051383059886,0.7395671697126495,1.0378500744700432
I0,10000,formal4096,val,1,latin,FZQingYSJW-T,36,1.1906882656945124,0.7725111428234313,1.1158815092510648
I0,10000,formal4096,val,1,latin,FZSongKBXKJW-EB,36,1.187146259057853,0.7680598398049673,0.84902463770575
I0,10000,formal4096,val,1,latin,FZSuHJW,52,1.123869994798532,0.7225956400999656,0.643208058980795
I0,10000,formal4096,val,1,latin,FZYouHK_511M,36,0.9064741629279323,0.7186455147133933,1.2742734617657132
I0,10000,formal4096,val,1,latin,FZZHJW,36,1.0438517936919298,0.7581427858935462,1.3336119188202753
I0,10000,formal4096,val,1,latin,FZZanMTJW_Te,52,0.8433852459375675,0.6670124447689607,0.8954027518630028
I0,10000,formal4096,val,1,latin,FZZhongYSJW_Te,52,0.7802613357511851,0.6725446759508207,1.1440466825778668
I0,10000,formal4096,val,2,ALL,FZBangSKKXJW,64,1.0489364117383957,0.7261905986815691,0.8383674193173647
I0,10000,formal4096,val,2,ALL,FZCaoQBLSJW,64,0.9927110378630459,0.7789044259116054,0.8562735375016928
I0,10000,formal4096,val,2,ALL,FZFWZhuZiHeiB,64,1.1574912385549396,0.7829822590574622,1.0214777514338493
I0,10000,formal4096,val,2,ALL,FZHengFSJW-T,64,1.1096255434677005,0.8140347488224506,1.1624632813036442
I0,10000,formal4096,val,2,ALL,FZJunYTJW-H,64,0.8082780963741243,0.7045291336253285,0.8090110485209152
I0,10000,formal4096,val,2,ALL,FZKANGJW,64,0.6772820228652563,0.7072001942433417,0.9039787286892533
I0,10000,formal4096,val,2,ALL,FZKuaiHTJW_Te,64,1.1707144216634333,0.8017270360141993,1.2415367886424065
I0,10000,formal4096,val,2,ALL,FZLTHProGBK_H,64,1.1682789851911366,0.8020075093954802,1.0033346930285916
I0,10000,formal4096,val,2,ALL,FZMiFXSJW,64,0.9546544747427106,0.7646873518824577,1.0821409556083381
I0,10000,formal4096,val,2,ALL,FZQingYSJW-T,64,1.2104218872264028,0.8137222351506352,1.0917087085545063
I0,10000,formal4096,val,2,ALL,FZSongKBXKJW-EB,64,1.326421990757808,0.7878448963165283,1.149775526020676
I0,10000,formal4096,val,2,ALL,FZSuHJW,64,1.1873173122294247,0.7728754989802837,0.7419911697506905
I0,10000,formal4096,val,2,ALL,FZYouHK_511M,64,1.0113789863826241,0.7554321214556694,1.300058301538229
I0,10000,formal4096,val,2,ALL,FZZHJW,64,1.0850082859396935,0.7911658943630755,1.1881522201001644
I0,10000,formal4096,val,2,ALL,FZZanMTJW_Te,64,0.9505856023170054,0.7007637224160135,1.0213664616458118
I0,10000,formal4096,val,2,ALL,FZZhongYSJW_Te,64,1.0379894165089354,0.7285341233946383,1.25036009401083
I0,10000,formal4096,val,2,bopomofo,FZBangSKKXJW,16,1.0588399842381477,0.752170741558075,0.8691550195217133
I0,10000,formal4096,val,2,bopomofo,FZCaoQBLSJW,16,1.0159842371940613,0.7745097652077675,1.0050677061080933
I0,10000,formal4096,val,2,bopomofo,FZFWZhuZiHeiB,16,0.9695132030174136,0.7404268458485603,1.68684920668602
I0,10000,formal4096,val,2,bopomofo,FZHengFSJW-T,16,1.0664831399917603,0.8738597743213177,1.1945441365242004
I0,10000,formal4096,val,2,bopomofo,FZMiFXSJW,16,0.9357119146734476,0.7675028145313263,1.0658781677484512
I0,10000,formal4096,val,2,bopomofo,FZQingYSJW-T,16,1.1698209904134274,0.8369988054037094,1.003349632024765
I0,10000,formal4096,val,2,bopomofo,FZSongKBXKJW-EB,16,1.5492218621075153,0.8162005506455898,1.7157626748085022
I0,10000,formal4096,val,2,bopomofo,FZYouHK_511M,16,1.14219206944108,0.772775586694479,1.2918909341096878
I0,10000,formal4096,val,2,bopomofo,FZZHJW,16,1.1027109734714031,0.8453212603926659,0.7944012880325317
I0,10000,formal4096,val,2,kana,FZBangSKKXJW,12,1.101134608189265,0.7562547624111176,0.7585003773371378
I0,10000,formal4096,val,2,kana,FZCaoQBLSJW,12,1.1218003431955974,0.8232322583595911,1.3175904750823975
I0,10000,formal4096,val,2,kana,FZFWZhuZiHeiB,12,1.020330550769965,0.8066647822658221,0.8952454129854838
I0,10000,formal4096,val,2,kana,FZHengFSJW-T,12,1.0510539313157399,0.8250605314970016,1.2082821528116863
I0,10000,formal4096,val,2,kana,FZKuaiHTJW_Te,12,1.2218310212095578,0.8000648617744446,1.4598731994628906
I0,10000,formal4096,val,2,kana,FZLTHProGBK_H,12,1.0653178840875626,0.8123765289783478,1.3368837436040242
I0,10000,formal4096,val,2,kana,FZMiFXSJW,12,1.0638636698325474,0.8078510016202927,1.2366973161697388
I0,10000,formal4096,val,2,kana,FZQingYSJW-T,12,1.3033490975697835,0.8866947988669077,1.137002408504486
I0,10000,formal4096,val,2,kana,FZSongKBXKJW-EB,12,1.5625942746798198,0.8395029952128729,1.297378659248352
I0,10000,formal4096,val,2,kana,FZSuHJW,12,1.1895706901947658,0.8527567585309347,1.1700513164202373
I0,10000,formal4096,val,2,kana,FZYouHK_511M,12,1.0922669221957524,0.8338761180639267,1.3883026440938313
I0,10000,formal4096,val,2,kana,FZZHJW,12,1.2119463061292965,0.8208718200524648,1.2767743666966755
I0,10000,formal4096,val,2,kana,FZZanMTJW_Te,12,1.5492028792699177,0.8678537756204605,1.5672092040379841
I0,10000,formal4096,val,2,kana,FZZhongYSJW_Te,12,1.5865167776743572,0.8398452450831732,1.7110515435536702
I0,10000,formal4096,val,2,latin,FZBangSKKXJW,36,1.0271354251437717,0.7046224806043837,0.8513063887755076
I0,10000,formal4096,val,2,latin,FZCaoQBLSJW,36,0.9393376252717442,0.7660816642973158,0.6363704833719466
I0,10000,formal4096,val,2,latin,FZFWZhuZiHeiB,36,1.2867572613888316,0.7940016016364098,0.7678345508045621
I0,10000,formal4096,val,2,latin,FZHengFSJW-T,36,1.148323815729883,0.7837705877092149,1.1329321662584941
I0,10000,formal4096,val,2,latin,FZJunYTJW-H,64,0.8082780963741243,0.7045291336253285,0.8090110485209152
I0,10000,formal4096,val,2,latin,FZKANGJW,64,0.6772820228652563,0.7072001942433417,0.9039787286892533
I0,10000,formal4096,val,2,latin,FZKuaiHTJW_Te,52,1.1589182833066354,0.8021106146849118,1.1911514630684485
I0,10000,formal4096,val,2,latin,FZLTHProGBK_H,52,1.1920392392919614,0.7996146587225107,0.9263618352034917
I0,10000,formal4096,val,2,latin,FZMiFXSJW,36,0.9266703252991041,0.7490481519036822,1.0378500744700432
I0,10000,formal4096,val,2,latin,FZQingYSJW-T,36,1.197490993473265,0.7790529049105115,1.1158815092510648
I0,10000,formal4096,val,2,latin,FZSongKBXKJW-EB,36,1.1486757310728233,0.7580230169826083,0.84902463770575
I0,10000,formal4096,val,2,latin,FZSuHJW,52,1.1867973019297307,0.7544413621609027,0.643208058980795
I0,10000,formal4096,val,2,latin,FZYouHK_511M,36,0.926277193085601,0.721575915813446,1.2742734617657132
I0,10000,formal4096,val,2,latin,FZZHJW,36,1.0348277514179547,0.7571948675645722,1.3336119188202753
I0,10000,formal4096,val,2,latin,FZZanMTJW_Te,52,0.8124431537894102,0.6622044793688334,0.8954027518630028
I0,10000,formal4096,val,2,latin,FZZhongYSJW_Te,52,0.911406179316915,0.7028469414665148,1.1440466825778668
I0,10000,formal4096,val,4,ALL,FZBangSKKXJW,64,1.075915320776403,0.7276666518300772,0.8383674193173647
I0,10000,formal4096,val,4,ALL,FZCaoQBLSJW,64,1.0585087407380342,0.7854936784133315,0.8562735375016928
I0,10000,formal4096,val,4,ALL,FZFWZhuZiHeiB,64,1.1025277869775891,0.7675929511897266,1.0214777514338493
I0,10000,formal4096,val,4,ALL,FZHengFSJW-T,64,1.10566165484488,0.8107966100797057,1.1624632813036442
I0,10000,formal4096,val,4,ALL,FZJunYTJW-H,64,0.6712348586297594,0.6770966700278223,0.8090110485209152
I0,10000,formal4096,val,4,ALL,FZKANGJW,64,0.6116430005058646,0.6886085029691458,0.9039787286892533
I0,10000,formal4096,val,4,ALL,FZKuaiHTJW_Te,64,1.1405164990574121,0.7993972403928638,1.2415367886424065
I0,10000,formal4096,val,4,ALL,FZLTHProGBK_H,64,1.148662197170779,0.798911121673882,1.0033346930285916
I0,10000,formal4096,val,4,ALL,FZMiFXSJW,64,0.9157726879639085,0.7590320948511362,1.0821409556083381
I0,10000,formal4096,val,4,ALL,FZQingYSJW-T,64,1.2114207660779357,0.814095395617187,1.0917087085545063
I0,10000,formal4096,val,4,ALL,FZSongKBXKJW-EB,64,1.304323691263562,0.7928251391276717,1.149775526020676
I0,10000,formal4096,val,4,ALL,FZSuHJW,64,1.2070664409548044,0.7829905222170055,0.7419911697506905
I0,10000,formal4096,val,4,ALL,FZYouHK_511M,64,1.0218278265092522,0.7579882075078785,1.300058301538229
I0,10000,formal4096,val,4,ALL,FZZHJW,64,1.1470025980379432,0.7979867518879473,1.1881522201001644
I0,10000,formal4096,val,4,ALL,FZZanMTJW_Te,64,0.9077492769574746,0.6909507671371102,1.0213664616458118
I0,10000,formal4096,val,4,ALL,FZZhongYSJW_Te,64,1.136244420427829,0.7551740021444857,1.25036009401083
I0,10000,formal4096,val,4,bopomofo,FZBangSKKXJW,16,1.1663921847939491,0.7531870454549789,0.8691550195217133
I0,10000,formal4096,val,4,bopomofo,FZCaoQBLSJW,16,1.1544093191623688,0.8041555806994438,1.0050677061080933
I0,10000,formal4096,val,4,bopomofo,FZFWZhuZiHeiB,16,0.9536462314426899,0.7262625806033611,1.68684920668602
I0,10000,formal4096,val,4,bopomofo,FZHengFSJW-T,16,1.044897899031639,0.8699366860091686,1.1945441365242004
I0,10000,formal4096,val,4,bopomofo,FZMiFXSJW,16,0.8693114580819383,0.7574101202189922,1.0658781677484512
I0,10000,formal4096,val,4,bopomofo,FZQingYSJW-T,16,1.1518212147057056,0.8154504671692848,1.003349632024765
I0,10000,formal4096,val,4,bopomofo,FZSongKBXKJW-EB,16,1.5715075880289078,0.8252142705023289,1.7157626748085022
I0,10000,formal4096,val,4,bopomofo,FZYouHK_511M,16,1.2258441969752312,0.7926012873649597,1.2918909341096878
I0,10000,formal4096,val,4,bopomofo,FZZHJW,16,1.1908040940761566,0.8607461377978325,0.7944012880325317
I0,10000,formal4096,val,4,kana,FZBangSKKXJW,12,1.1947621603806813,0.765279750029246,0.7585003773371378
I0,10000,formal4096,val,4,kana,FZCaoQBLSJW,12,1.1084392368793488,0.8241786857446035,1.3175904750823975
I0,10000,formal4096,val,4,kana,FZFWZhuZiHeiB,12,0.9572418530782064,0.7871383478244146,0.8952454129854838
I0,10000,formal4096,val,4,kana,FZHengFSJW-T,12,1.05190110206604,0.8202430605888367,1.2082821528116863
I0,10000,formal4096,val,4,kana,FZKuaiHTJW_Te,12,1.2905480066935222,0.8231364240248998,1.4598731994628906
I0,10000,formal4096,val,4,kana,FZLTHProGBK_H,12,1.0352701023221016,0.8104955554008484,1.3368837436040242
I0,10000,formal4096,val,4,kana,FZMiFXSJW,12,1.0403653184572856,0.8044427285591761,1.2366973161697388
I0,10000,formal4096,val,4,kana,FZQingYSJW-T,12,1.3253564735253651,0.8895688652992249,1.137002408504486
I0,10000,formal4096,val,4,kana,FZSongKBXKJW-EB,12,1.6127135058244069,0.8601033190886179,1.297378659248352
I0,10000,formal4096,val,4,kana,FZSuHJW,12,1.2304753065109253,0.8751589804887772,1.1700513164202373
I0,10000,formal4096,val,4,kana,FZYouHK_511M,12,1.1062687461574872,0.8341506818930308,1.3883026440938313
I0,10000,formal4096,val,4,kana,FZZHJW,12,1.2943075150251389,0.8243554532527924,1.2767743666966755
I0,10000,formal4096,val,4,kana,FZZanMTJW_Te,12,1.533342073361079,0.8638892869154612,1.5672092040379841
I0,10000,formal4096,val,4,kana,FZZhongYSJW_Te,12,1.6344538927078247,0.8415690163771311,1.7110515435536702
I0,10000,formal4096,val,4,latin,FZBangSKKXJW,36,0.9960877680116229,0.7037865552637312,0.8513063887755076
I0,10000,formal4096,val,4,latin,FZCaoQBLSJW,36,0.9992427627245585,0.7643044971757464,0.6363704833719466
I0,10000,formal4096,val,4,latin,FZFWZhuZiHeiB,36,1.2171260118484497,0.7794468725721041,0.7678345508045621
I0,10000,formal4096,val,4,latin,FZHengFSJW-T,36,1.1505879527992673,0.7813633150524564,1.1329321662584941
I0,10000,formal4096,val,4,latin,FZJunYTJW-H,64,0.6712348586297594,0.6770966700278223,0.8090110485209152
I0,10000,formal4096,val,4,latin,FZKANGJW,64,0.6116430005058646,0.6886085029691458,0.9039787286892533
I0,10000,formal4096,val,4,latin,FZKuaiHTJW_Te,52,1.105893843449079,0.7939189672470093,1.1911514630684485
I0,10000,formal4096,val,4,latin,FZLTHProGBK_H,52,1.17482960367432,0.7962377908138129,0.9263618352034917
I0,10000,formal4096,val,4,latin,FZMiFXSJW,36,0.8948912466358807,0.7446160945627425,1.0378500744700432
I0,10000,formal4096,val,4,latin,FZQingYSJW-T,36,1.1999308864275615,0.7883353183666865,1.1158815092510648
I0,10000,formal4096,val,4,latin,FZSongKBXKJW-EB,36,1.0827786878475711,0.756003909640842,0.84902463770575
I0,10000,formal4096,val,4,latin,FZSuHJW,52,1.201664395057238,0.7617208780004427,0.643208058980795
I0,10000,formal4096,val,4,latin,FZYouHK_511M,36,0.9030069108638499,0.7172171249985695,1.2742734617657132
I0,10000,formal4096,val,4,latin,FZZHJW,36,1.0784336274696722,0.761304124361939,1.3336119188202753
I0,10000,formal4096,val,4,latin,FZZanMTJW_Te,52,0.7633817085566429,0.6510418779574908,0.8954027518630028
I0,10000,formal4096,val,4,latin,FZZhongYSJW_Te,52,1.02127300374783,0.7352366911677214,1.1440466825778668
I0,10000,formal4096,val,8,ALL,FZBangSKKXJW,64,1.1099715903401375,0.736727328505367,0.8383674193173647
I0,10000,formal4096,val,8,ALL,FZCaoQBLSJW,64,1.0563831757754087,0.7818512162193656,0.8562735375016928
I0,10000,formal4096,val,8,ALL,FZFWZhuZiHeiB,64,1.20737107435707,0.7902963263913989,1.0214777514338493
I0,10000,formal4096,val,8,ALL,FZHengFSJW-T,64,1.1124211605638266,0.8114437013864517,1.1624632813036442
I0,10000,formal4096,val,8,ALL,FZJunYTJW-H,64,0.5426270531024784,0.6452882601879537,0.8090110485209152
I0,10000,formal4096,val,8,ALL,FZKANGJW,64,0.7160949994286057,0.7038901010528207,0.9039787286892533
I0,10000,formal4096,val,8,ALL,FZKuaiHTJW_Te,64,1.1801778436638415,0.7998603992164135,1.2415367886424065
I0,10000,formal4096,val,8,ALL,FZLTHProGBK_H,64,1.1389847872196697,0.7962656682357192,1.0033346930285916
I0,10000,formal4096,val,8,ALL,FZMiFXSJW,64,0.9281803708290681,0.766136871650815,1.0821409556083381
I0,10000,formal4096,val,8,ALL,FZQingYSJW-T,64,1.2274532159790397,0.8181203287094831,1.0917087085545063
I0,10000,formal4096,val,8,ALL,FZSongKBXKJW-EB,64,1.293972397892503,0.786821867339313,1.149775526020676
I0,10000,formal4096,val,8,ALL,FZSuHJW,64,1.2197726462036371,0.7907821461558342,0.7419911697506905
I0,10000,formal4096,val,8,ALL,FZYouHK_511M,64,1.0215938036562875,0.7603039033710957,1.300058301538229
I0,10000,formal4096,val,8,ALL,FZZHJW,64,1.082224573707208,0.7829152196645737,1.1881522201001644
I0,10000,formal4096,val,8,ALL,FZZanMTJW_Te,64,0.930681597412331,0.6964238183572888,1.0213664616458118
I0,10000,formal4096,val,8,ALL,FZZhongYSJW_Te,64,1.0146811537852045,0.7183651365339756,1.25036009401083
I0,10000,formal4096,val,8,bopomofo,FZBangSKKXJW,16,1.205199170857668,0.7561300210654736,0.8691550195217133
I0,10000,formal4096,val,8,bopomofo,FZCaoQBLSJW,16,1.1380884759128094,0.7868288941681385,1.0050677061080933
I0,10000,formal4096,val,8,bopomofo,FZFWZhuZiHeiB,16,1.0586333815008402,0.7516432516276836,1.68684920668602
I0,10000,formal4096,val,8,bopomofo,FZHengFSJW-T,16,1.0564863793551922,0.8714621029794216,1.1945441365242004
I0,10000,formal4096,val,8,bopomofo,FZMiFXSJW,16,0.9269099421799183,0.7756887041032314,1.0658781677484512
I0,10000,formal4096,val,8,bopomofo,FZQingYSJW-T,16,1.201781291514635,0.8213071972131729,1.003349632024765
I0,10000,formal4096,val,8,bopomofo,FZSongKBXKJW-EB,16,1.563761167228222,0.8199293874204159,1.7157626748085022
I0,10000,formal4096,val,8,bopomofo,FZYouHK_511M,16,1.2684025131165981,0.7969508692622185,1.2918909341096878
I0,10000,formal4096,val,8,bopomofo,FZZHJW,16,1.146398339420557,0.8523423075675964,0.7944012880325317
I0,10000,formal4096,val,8,kana,FZBangSKKXJW,12,1.2224319477876027,0.7748100757598877,0.7585003773371378
I0,10000,formal4096,val,8,kana,FZCaoQBLSJW,12,1.131635497013728,0.8301819562911987,1.3175904750823975
I0,10000,formal4096,val,8,kana,FZFWZhuZiHeiB,12,1.0757370150337617,0.8088461011648178,0.8952454129854838
I0,10000,formal4096,val,8,kana,FZHengFSJW-T,12,1.0528906931479771,0.8226953943570455,1.2082821528116863
I0,10000,formal4096,val,8,kana,FZKuaiHTJW_Te,12,1.2873027821381886,0.8109070410331091,1.4598731994628906
I0,10000,formal4096,val,8,kana,FZLTHProGBK_H,12,1.0423816815018654,0.8124678333600363,1.3368837436040242
I0,10000,formal4096,val,8,kana,FZMiFXSJW,12,1.0730927685896556,0.8140763938426971,1.2366973161697388
I0,10000,formal4096,val,8,kana,FZQingYSJW-T,12,1.3515225152174632,0.8943739036719004,1.137002408504486
I0,10000,formal4096,val,8,kana,FZSongKBXKJW-EB,12,1.6624830961227417,0.870249887307485,1.297378659248352
I0,10000,formal4096,val,8,kana,FZSuHJW,12,1.2607188820838928,0.8884616792201996,1.1700513164202373
I0,10000,formal4096,val,8,kana,FZYouHK_511M,12,1.1120118449131648,0.8430162568887075,1.3883026440938313
I0,10000,formal4096,val,8,kana,FZZHJW,12,1.2659365087747574,0.8210867196321487,1.2767743666966755
I0,10000,formal4096,val,8,kana,FZZanMTJW_Te,12,1.5187223851680756,0.8809591184059778,1.5672092040379841
I0,10000,formal4096,val,8,kana,FZZhongYSJW_Te,12,1.5639270047346752,0.8289162864287695,1.7110515435536702
I0,10000,formal4096,val,8,latin,FZBangSKKXJW,36,1.0301614354054134,0.7154096605049239,0.8513063887755076
I0,10000,formal4096,val,8,latin,FZCaoQBLSJW,36,0.9949856019682355,0.7635286682181888,0.6363704833719466
I0,10000,formal4096,val,8,latin,FZFWZhuZiHeiB,36,1.3173547354009416,0.8012922124730216,0.7678345508045621
I0,10000,formal4096,val,8,latin,FZHengFSJW-T,36,1.157124552461836,0.7810182919104894,1.1329321662584941
I0,10000,formal4096,val,8,latin,FZJunYTJW-H,64,0.5426270531024784,0.6452882601879537,0.8090110485209152
I0,10000,formal4096,val,8,latin,FZKANGJW,64,0.7160949994286057,0.7038901010528207,0.9039787286892533
I0,10000,formal4096,val,8,latin,FZKuaiHTJW_Te,52,1.1554567040159152,0.7973111741817914,1.1911514630684485
I0,10000,formal4096,val,8,latin,FZLTHProGBK_H,52,1.161277811616086,0.7925267070531845,0.9263618352034917
I0,10000,formal4096,val,8,latin,FZMiFXSJW,36,0.8804408731973834,0.745911772052447,1.0378500744700432
I0,10000,formal4096,val,8,latin,FZQingYSJW-T,36,1.1975065271059673,0.7912860843870375,1.1158815092510648
I0,10000,formal4096,val,8,latin,FZSongKBXKJW-EB,36,1.0512293787776597,0.7442980739805434,0.84902463770575
I0,10000,formal4096,val,8,latin,FZSuHJW,52,1.2103235148466551,0.768240715448673,0.643208058980795
I0,10000,formal4096,val,8,latin,FZYouHK_511M,36,0.8817616968105236,0.7164455784691705,1.2742734617657132
I0,10000,formal4096,val,8,latin,FZZHJW,36,0.9924655883676476,0.7393349028295941,1.3336119188202753
I0,10000,formal4096,val,8,latin,FZZanMTJW_Te,52,0.7949798771610054,0.6538387491152837,0.8954027518630028
I0,10000,formal4096,val,8,latin,FZZhongYSJW_Te,52,0.8879321112584037,0.6928533327121001,1.1440466825778668
I0,10000,formal4096,val,ALL,ALL,FZBangSKKXJW,256,1.0166463849600405,0.7176448101527058,0.8383674193173647
I0,10000,formal4096,val,ALL,ALL,FZCaoQBLSJW,256,1.0109646265991614,0.7782722255215049,0.8562735375016928
I0,10000,formal4096,val,ALL,ALL,FZFWZhuZiHeiB,256,1.1749820374243427,0.784912362578325,1.0214777514338493
I0,10000,formal4096,val,ALL,ALL,FZHengFSJW-T,256,1.11351333046332,0.8109658188186586,1.1624632813036442
I0,10000,formal4096,val,ALL,ALL,FZJunYTJW-H,256,0.7063554460910382,0.6831743411021307,0.8090110485209152
I0,10000,formal4096,val,ALL,ALL,FZKANGJW,256,0.6337245188042289,0.6969242059858516,0.9039787286892533
I0,10000,formal4096,val,ALL,ALL,FZKuaiHTJW_Te,256,1.1475641245488077,0.7930198095273226,1.2415367886424065
I0,10000,formal4096,val,ALL,ALL,FZLTHProGBK_H,256,1.1451124623854412,0.7967687644995749,1.0033346930285916
I0,10000,formal4096,val,ALL,ALL,FZMiFXSJW,256,0.9011703439246048,0.75987022544723,1.0821409556083381
I0,10000,formal4096,val,ALL,ALL,FZQingYSJW-T,256,1.2171787067782134,0.8144088403787464,1.0917087085545063
I0,10000,formal4096,val,ALL,ALL,FZSongKBXKJW-EB,256,1.317879367255955,0.7899720708373934,1.149775526020676
I0,10000,formal4096,val,ALL,ALL,FZSuHJW,256,1.1840824046521448,0.7716709348605946,0.7419911697506905
I0,10000,formal4096,val,ALL,ALL,FZYouHK_511M,256,1.0148357492507785,0.7575889680301771,1.300058301538229
I0,10000,formal4096,val,ALL,ALL,FZZHJW,256,1.105997608632606,0.7912857355549932,1.1881522201001644
I0,10000,formal4096,val,ALL,ALL,FZZanMTJW_Te,256,0.9380459482417791,0.6970262413960882,1.0213664616458118
I0,10000,formal4096,val,ALL,ALL,FZZhongYSJW_Te,256,1.0291679289584863,0.7262309157522395,1.25036009401083
I0,10000,formal4096,val,ALL,bopomofo,FZBangSKKXJW,64,1.107289271429181,0.7479682667180896,0.8691550195217133
I0,10000,formal4096,val,ALL,bopomofo,FZCaoQBLSJW,64,1.0683105436619371,0.7830373262986541,1.0050677061080933
I0,10000,formal4096,val,ALL,bopomofo,FZFWZhuZiHeiB,64,1.0088113746605814,0.7432433553040028,1.68684920668602
I0,10000,formal4096,val,ALL,bopomofo,FZHengFSJW-T,64,1.0685655698180199,0.871971563436091,1.1945441365242004
I0,10000,formal4096,val,ALL,bopomofo,FZMiFXSJW,64,0.8707070948148612,0.76274907682091,1.0658781677484512
I0,10000,formal4096,val,ALL,bopomofo,FZQingYSJW-T,64,1.1927801771089435,0.8331017307937145,1.003349632024765
I0,10000,formal4096,val,ALL,bopomofo,FZSongKBXKJW-EB,64,1.558662480674684,0.8192618628963828,1.7157626748085022
I0,10000,formal4096,val,ALL,bopomofo,FZYouHK_511M,64,1.2056682044640183,0.7873260006308556,1.2918909341096878
I0,10000,formal4096,val,ALL,bopomofo,FZZHJW,64,1.150412349961698,0.8525629602372646,0.7944012880325317
I0,10000,formal4096,val,ALL,kana,FZBangSKKXJW,48,1.1019677619139354,0.7470378490785757,0.7585003773371378
I0,10000,formal4096,val,ALL,kana,FZCaoQBLSJW,48,1.1139025390148163,0.8262360170483589,1.3175904750823975
I0,10000,formal4096,val,ALL,kana,FZFWZhuZiHeiB,48,1.015227900352329,0.8031346009423336,0.8952454129854838
I0,10000,formal4096,val,ALL,kana,FZHengFSJW-T,48,1.047447182238102,0.8193831791480383,1.2082821528116863
I0,10000,formal4096,val,ALL,kana,FZKuaiHTJW_Te,48,1.2370274780939023,0.8056368939578533,1.4598731994628906
I0,10000,formal4096,val,ALL,kana,FZLTHProGBK_H,48,1.0541519808272521,0.8128928082684675,1.3368837436040242
I0,10000,formal4096,val,ALL,kana,FZMiFXSJW,48,1.02659335359931,0.8012850421170393,1.2366973161697388
I0,10000,formal4096,val,ALL,kana,FZQingYSJW-T,48,1.312033695479234,0.8843224197626114,1.137002408504486
I0,10000,formal4096,val,ALL,kana,FZSongKBXKJW-EB,48,1.5981007752319176,0.8510465969642004,1.297378659248352
I0,10000,formal4096,val,ALL,kana,FZSuHJW,48,1.1988963509599369,0.8579965072373549,1.1700513164202373
I0,10000,formal4096,val,ALL,kana,FZYouHK_511M,48,1.0917597506195307,0.8352933948238691,1.3883026440938313
I0,10000,formal4096,val,ALL,kana,FZZHJW,48,1.2525867087145646,0.8214574654897054,1.2767743666966755
I0,10000,formal4096,val,ALL,kana,FZZanMTJW_Te,48,1.5208725730578105,0.8638676069676876,1.5672092040379841
I0,10000,formal4096,val,ALL,kana,FZZhongYSJW_Te,48,1.587950271864732,0.8361264392733574,1.7110515435536702
I0,10000,formal4096,val,ALL,latin,FZBangSKKXJW,144,0.9479201986557908,0.6943700387039118,0.8513063887755076
I0,10000,formal4096,val,ALL,latin,FZCaoQBLSJW,144,0.9511649148771539,0.7601664724449316,0.6363704833719466
I0,10000,formal4096,val,ALL,latin,FZFWZhuZiHeiB,144,1.3020870443433523,0.7973578419122431,0.7678345508045621
I0,10000,formal4096,val,ALL,latin,FZHengFSJW-T,144,1.1555121623807483,0.7810463677677844,1.1329321662584941
I0,10000,formal4096,val,ALL,latin,FZJunYTJW-H,256,0.7063554460910382,0.6831743411021307,0.8090110485209152
I0,10000,formal4096,val,ALL,latin,FZKANGJW,256,0.6337245188042289,0.6969242059858516,0.9039787286892533
I0,10000,formal4096,val,ALL,latin,FZKuaiHTJW_Te,208,1.1269187352691705,0.7901081746587386,1.1911514630684485
I0,10000,formal4096,val,ALL,latin,FZLTHProGBK_H,208,1.1661033427450234,0.7930478313221381,0.9263618352034917
I0,10000,formal4096,val,ALL,latin,FZMiFXSJW,144,0.8729018958595892,0.7447857970578803,1.0378500744700432
I0,10000,formal4096,val,ALL,latin,FZQingYSJW-T,144,1.1964041681753264,0.7827963626219167,1.1158815092510648
I0,10000,formal4096,val,ALL,latin,FZSongKBXKJW-EB,144,1.1174575141889767,0.7565962101022402,0.84902463770575
I0,10000,formal4096,val,ALL,latin,FZSuHJW,208,1.1806638016580389,0.7517496489274961,0.643208058980795
I0,10000,formal4096,val,ALL,latin,FZYouHK_511M,144,0.9043799909219766,0.7184710334986448,1.2742734617657132
I0,10000,formal4096,val,ALL,latin,FZZHJW,144,1.037394690236801,0.7539941701624129,1.3336119188202753
I0,10000,formal4096,val,ALL,latin,FZZanMTJW_Te,208,0.8035474963611565,0.6585243878026421,0.8954027518630028
I0,10000,formal4096,val,ALL,latin,FZZhongYSJW_Te,208,0.9002181575185835,0.7008704103242892,1.1440466825778668
I0,10000,matched4888,test,1,ALL,FZBuGTJW,47,-0.16895270058290757,0.5631631485959316,0.5735618734851162
I0,10000,matched4888,test,1,ALL,FZChuangHJW_DB,47,1.1260931555261002,0.7343744375604264,1.0242944037977686
I0,10000,matched4888,test,1,ALL,FZCuanBZBKSJW,47,1.0338213965296745,0.7202427070191566,0.5722659070916633
I0,10000,matched4888,test,1,ALL,FZDeSHJW_515H,47,1.3367073954419886,0.8619136569347787,0.9879101647975597
I0,10000,matched4888,test,1,ALL,FZDouNTJW_Te,47,1.1124636486489723,0.7602734026756692,0.9521670576105726
I0,10000,matched4888,test,1,ALL,FZFeiHHJW-H,47,0.6758066491085164,0.6007078695804515,0.5402036107125434
I0,10000,matched4888,test,1,ALL,FZFengYKSJ,47,0.36269528295924053,0.5508811156800453,0.6694826293498912
I0,10000,matched4888,test,1,ALL,FZHanWZKJW,47,1.142812798830106,0.7696581552637384,0.9681272341849956
I0,10000,matched4888,test,1,ALL,FZHuoYYJW-T,47,1.223925160600784,0.8161518396215236,1.180650809977917
I0,10000,matched4888,test,1,ALL,FZJianLTJW_Te,47,0.9780838034571485,0.7592889983603295,0.6539842999996023
I0,10000,matched4888,test,1,ALL,FZJingLTJW-H,47,0.747408378433357,0.6892914074532529,1.187834806898807
I0,10000,matched4888,test,1,ALL,FZJingYLLTJW,47,0.4312108272012878,0.624481828922921,0.5446122221331647
I0,10000,matched4888,test,1,ALL,FZLingFKSJW-B,47,1.0719023048877716,0.7471108614130223,0.7503788483507455
I0,10000,matched4888,test,1,ALL,FZLiuGQKJW-L,47,0.9045202386109753,0.6462957396152171,0.4812253009171245
I0,10000,matched4888,test,1,ALL,FZMaWDBSJW,47,0.8393806529806015,0.6687927385593982,1.0726645582533898
I0,10000,matched4888,test,1,ALL,FZTJLSJW,47,0.9328891216440404,0.6805417784985076,0.8441000142471587
I0,10000,matched4888,test,1,bopomofo,FZBuGTJW,3,-0.1180858314037323,0.6663466294606527,0.20360070963700613
I0,10000,matched4888,test,1,bopomofo,FZChuangHJW_DB,3,1.142077366511027,0.7931628823280334,1.285364071528117
I0,10000,matched4888,test,1,bopomofo,FZCuanBZBKSJW,3,1.470516602198283,0.828219453493754,0.6187443435192108
I0,10000,matched4888,test,1,bopomofo,FZDeSHJW_515H,3,1.2585073312123616,0.872615118821462,-2.836193084716797
I0,10000,matched4888,test,1,bopomofo,FZDouNTJW_Te,3,0.997004916270574,0.7312538027763367,-2.771179755528768
I0,10000,matched4888,test,1,bopomofo,FZFeiHHJW-H,3,1.0230509390433629,0.6404738823572794,0.6614414850870768
I0,10000,matched4888,test,1,bopomofo,FZFengYKSJ,3,0.20969127925733724,0.49305060505867004,-0.804143230120341
I0,10000,matched4888,test,1,bopomofo,FZHanWZKJW,3,1.2623698314030964,0.8113050858179728,1.3792950709660847
I0,10000,matched4888,test,1,bopomofo,FZHuoYYJW-T,3,1.3250775734583538,0.8482660055160522,1.2931967576344807
I0,10000,matched4888,test,1,bopomofo,FZJianLTJW_Te,3,0.9872233668963114,0.8242130875587463,-2.946962912877401
I0,10000,matched4888,test,1,bopomofo,FZJingLTJW-H,3,1.1291887760162354,0.7911099195480347,0.9385958909988403
I0,10000,matched4888,test,1,bopomofo,FZJingYLLTJW,3,0.11986655990282695,0.5118723313013712,0.7751223544279734
I0,10000,matched4888,test,1,bopomofo,FZLingFKSJW-B,3,1.2842844724655151,0.8480977614720663,0.3236058826247851
I0,10000,matched4888,test,1,bopomofo,FZLiuGQKJW-L,3,0.6239835421244303,0.553141305843989,0.24786638716856638
I0,10000,matched4888,test,1,bopomofo,FZMaWDBSJW,3,0.7054703235626221,0.6580589612325033,0.7009970843791962
I0,10000,matched4888,test,1,bopomofo,FZTJLSJW,3,0.8606403867403666,0.7225056687990824,-0.8856523533662161
I0,10000,matched4888,test,1,kana,FZBuGTJW,7,-0.26443515717983246,0.6025228585515704,0.6470147711890084
I0,10000,matched4888,test,1,kana,FZChuangHJW_DB,7,0.6539102366992405,0.6962354566369738,0.9043861159256527
I0,10000,matched4888,test,1,kana,FZCuanBZBKSJW,7,1.1471021473407745,0.8082961440086365,0.9444009150777545
I0,10000,matched4888,test,1,kana,FZDeSHJW_515H,7,1.361613358770098,0.8897976619856698,0.9187423714569637
I0,10000,matched4888,test,1,kana,FZDouNTJW_Te,7,1.140326555286135,0.7674649230071476,1.158907732793263
I0,10000,matched4888,test,1,kana,FZFeiHHJW-H,7,0.6929668089640992,0.6293743593352181,0.5397516318729946
I0,10000,matched4888,test,1,kana,FZFengYKSJ,7,0.41211498635155813,0.5453388137476785,0.7319666360105787
I0,10000,matched4888,test,1,kana,FZHanWZKJW,7,1.1807163187435694,0.7431478330067226,1.2501805509839738
I0,10000,matched4888,test,1,kana,FZHuoYYJW-T,7,1.2994591338293893,0.8620889868055072,1.1756755028452193
I0,10000,matched4888,test,1,kana,FZJianLTJW_Te,7,1.05159273317882,0.8231406467301505,1.2801651103155953
I0,10000,matched4888,test,1,kana,FZJingLTJW-H,7,1.1980735744748796,0.8028009959629604,1.283643467085702
I0,10000,matched4888,test,1,kana,FZJingYLLTJW,7,0.2226148404713188,0.558882304600307,1.1547715493610926
I0,10000,matched4888,test,1,kana,FZLingFKSJW-B,7,0.9645652217524392,0.8038548912320819,0.8803398992334094
I0,10000,matched4888,test,1,kana,FZLiuGQKJW-L,7,0.9357385550226484,0.624710704599108,0.5915487004177911
I0,10000,matched4888,test,1,kana,FZMaWDBSJW,7,0.6417195839541299,0.6755560806819371,0.7025937948908124
I0,10000,matched4888,test,1,kana,FZTJLSJW,7,0.9329138313020978,0.7887196796280997,0.24508564759578025
I0,10000,matched4888,test,1,latin,FZBuGTJW,37,-0.15501279278180083,0.5473504888044821,0.5896622304477401
I0,10000,matched4888,test,1,latin,FZChuangHJW_DB,37,1.2141290419810526,0.7368232897810034,1.0258119446603027
I0,10000,matched4888,test,1,latin,FZCuanBZBKSJW,37,0.9769821837544441,0.6948290773340173,0.49809346478935834
I0,10000,matched4888,test,1,latin,FZDeSHJW_515H,37,1.338336002182316,0.8557706185289331,1.3110583891739716
I0,10000,matched4888,test,1,latin,FZDouNTJW_Te,37,1.1165538067753251,0.7612657853074976,1.2149469417494696
I0,10000,matched4888,test,1,latin,FZFeiHHJW-H,37,0.6444051899519321,0.5920602083206177,0.5304590223004689
I0,10000,matched4888,test,1,latin,FZFengYKSJ,37,0.36575133937436183,0.5566186196095234,0.7771445085873475
I0,10000,matched4888,test,1,latin,FZHanWZKJW,37,1.1259480491783973,0.7712968434836414,0.8814278631596952
I0,10000,matched4888,test,1,latin,FZHuoYYJW-T,37,1.2014334024609745,0.8048571767033758,1.1724667371930302
I0,10000,matched4888,test,1,latin,FZJianLTJW_Te,37,0.963435662960684,0.7419448414364377,0.8274863531460633
I0,10000,matched4888,test,1,latin,FZJingLTJW-H,37,0.6311922280268895,0.6595610654031908,1.1899174049093917
I0,10000,matched4888,test,1,latin,FZJingYLLTJW,37,0.4959190625798058,0.6460230495478656,0.41048666301208575
I0,10000,matched4888,test,1,latin,FZLingFKSJW-B,37,1.074989144866531,0.7281873773884129,0.7603948359453195
I0,10000,matched4888,test,1,latin,FZLiuGQKJW-L,37,0.9213602892752435,0.6579324570862023,0.47927429942363825
I0,10000,matched4888,test,1,latin,FZMaWDBSJW,37,0.8876335846411215,0.6683834936167743,1.1728131465009741
I0,10000,matched4888,test,1,latin,FZTJLSJW,37,0.9387424523765976,0.6566732115036732,1.0976772485552608
I0,10000,matched4888,test,2,ALL,FZBuGTJW,47,0.1395675162289371,0.6692292062526054,0.5735618734851162
I0,10000,matched4888,test,2,ALL,FZChuangHJW_DB,47,1.0388682754115854,0.7270764797291858,1.0242944037977686
I0,10000,matched4888,test,2,ALL,FZCuanBZBKSJW,47,1.0757481872718384,0.7376954517465957,0.5722659070916633
I0,10000,matched4888,test,2,ALL,FZDeSHJW_515H,47,1.322634424300904,0.8687353083427917,0.9879101647975597
I0,10000,matched4888,test,2,ALL,FZDouNTJW_Te,47,0.9938812721520662,0.7345131286915313,0.9521670576105726
I0,10000,matched4888,test,2,ALL,FZFeiHHJW-H,47,0.9208998862416187,0.6329756188899913,0.5402036107125434
I0,10000,matched4888,test,2,ALL,FZFengYKSJ,47,0.23285088517722932,0.5024153482406697,0.6694826293498912
I0,10000,matched4888,test,2,ALL,FZHanWZKJW,47,1.1156740565883352,0.7741023929829293,0.9681272341849956
I0,10000,matched4888,test,2,ALL,FZHuoYYJW-T,47,1.1954424127619316,0.7903110105940636,1.180650809977917
I0,10000,matched4888,test,2,ALL,FZJianLTJW_Te,47,1.0110649853310687,0.7678844611695472,0.6539842999996023
I0,10000,matched4888,test,2,ALL,FZJingLTJW-H,47,0.9400033330980767,0.7465324420878228,1.187834806898807
I0,10000,matched4888,test,2,ALL,FZJingYLLTJW,47,0.897425559289912,0.6958523754109728,0.5446122221331647
I0,10000,matched4888,test,2,ALL,FZLingFKSJW-B,47,1.1535409587494871,0.7622631014661586,0.7503788483507455
I0,10000,matched4888,test,2,ALL,FZLiuGQKJW-L,47,0.9698559572087958,0.6742840377574272,0.4812253009171245
I0,10000,matched4888,test,2,ALL,FZMaWDBSJW,47,0.7379330166793884,0.6801336775434778,1.0726645582533898
I0,10000,matched4888,test,2,ALL,FZTJLSJW,47,1.0126494245326265,0.7379372855450245,0.8441000142471587
I0,10000,matched4888,test,2,bopomofo,FZBuGTJW,3,0.17078600823879242,0.7811713814735413,0.20360070963700613
I0,10000,matched4888,test,2,bopomofo,FZChuangHJW_DB,3,0.8191734155019125,0.6947858333587646,1.285364071528117
I0,10000,matched4888,test,2,bopomofo,FZCuanBZBKSJW,3,1.5175548791885376,0.8448511362075806,0.6187443435192108
I0,10000,matched4888,test,2,bopomofo,FZDeSHJW_515H,3,1.3046518166859944,0.902113676071167,-2.836193084716797
I0,10000,matched4888,test,2,bopomofo,FZDouNTJW_Te,3,1.05036864678065,0.756613035996755,-2.771179755528768
I0,10000,matched4888,test,2,bopomofo,FZFeiHHJW-H,3,1.2912511030832927,0.7190046111742655,0.6614414850870768
I0,10000,matched4888,test,2,bopomofo,FZFengYKSJ,3,0.12103872249523799,0.4617905815442403,-0.804143230120341
I0,10000,matched4888,test,2,bopomofo,FZHanWZKJW,3,1.0549986561139424,0.771407425403595,1.3792950709660847
I0,10000,matched4888,test,2,bopomofo,FZHuoYYJW-T,3,1.3020710150400798,0.8169290026028951,1.2931967576344807
I0,10000,matched4888,test,2,bopomofo,FZJianLTJW_Te,3,0.9049922426541647,0.8228296041488647,-2.946962912877401
I0,10000,matched4888,test,2,bopomofo,FZJingLTJW-H,3,1.3541055123011272,0.8426767985026041,0.9385958909988403
I0,10000,matched4888,test,2,bopomofo,FZJingYLLTJW,3,0.9911195039749146,0.744659423828125,0.7751223544279734
I0,10000,matched4888,test,2,bopomofo,FZLingFKSJW-B,3,1.398843248685201,0.8678979078928629,0.3236058826247851
I0,10000,matched4888,test,2,bopomofo,FZLiuGQKJW-L,3,0.6606375575065613,0.5669203003247579,0.24786638716856638
I0,10000,matched4888,test,2,bopomofo,FZMaWDBSJW,3,0.6072574257850647,0.6812402208646139,0.7009970843791962
I0,10000,matched4888,test,2,bopomofo,FZTJLSJW,3,1.0907519062360127,0.7754864494005839,-0.8856523533662161
I0,10000,matched4888,test,2,kana,FZBuGTJW,7,0.19684977616582597,0.7740363138062614,0.6470147711890084
I0,10000,matched4888,test,2,kana,FZChuangHJW_DB,7,0.6844357188258853,0.7301431553704398,0.9043861159256527
I0,10000,matched4888,test,2,kana,FZCuanBZBKSJW,7,1.1542176391397203,0.8099986825670514,0.9444009150777545
I0,10000,matched4888,test,2,kana,FZDeSHJW_515H,7,1.388191853250776,0.9156420486313956,0.9187423714569637
I0,10000,matched4888,test,2,kana,FZDouNTJW_Te,7,1.209680927651269,0.7664574044091361,1.158907732793263
I0,10000,matched4888,test,2,kana,FZFeiHHJW-H,7,1.0350097801004137,0.6684314012527466,0.5397516318729946
I0,10000,matched4888,test,2,kana,FZFengYKSJ,7,0.2556346910340445,0.48147481254168917,0.7319666360105787
I0,10000,matched4888,test,2,kana,FZHanWZKJW,7,1.208310297557286,0.7556657237665994,1.2501805509839738
I0,10000,matched4888,test,2,kana,FZHuoYYJW-T,7,1.3153552327837263,0.8333362511226109,1.1756755028452193
I0,10000,matched4888,test,2,kana,FZJianLTJW_Te,7,1.018711507320404,0.8487202610288348,1.2801651103155953
I0,10000,matched4888,test,2,kana,FZJingLTJW-H,7,1.4272966044289725,0.8599146434238979,1.283643467085702
I0,10000,matched4888,test,2,kana,FZJingYLLTJW,7,1.130061958517347,0.7419067961829049,1.1547715493610926
I0,10000,matched4888,test,2,kana,FZLingFKSJW-B,7,1.0119944853442056,0.8188791700771877,0.8803398992334094
I0,10000,matched4888,test,2,kana,FZLiuGQKJW-L,7,0.9627301352364677,0.6533897263663155,0.5915487004177911
I0,10000,matched4888,test,2,kana,FZMaWDBSJW,7,0.3751789459160396,0.6742429137229919,0.7025937948908124
I0,10000,matched4888,test,2,kana,FZTJLSJW,7,1.0687735761914934,0.8365134767123631,0.24508564759578025
I0,10000,matched4888,test,2,latin,FZBuGTJW,37,0.12619910283467253,0.6403244419677837,0.5896622304477401
I0,10000,matched4888,test,2,latin,FZChuangHJW_DB,37,1.1237361801637185,0.7291144583676312,1.0258119446603027
I0,10000,matched4888,test,2,latin,FZCuanBZBKSJW,37,1.0250804510873717,0.715328163391835,0.49809346478935834
I0,10000,matched4888,test,2,latin,FZDeSHJW_515H,37,1.3116897167386234,0.8571547060399443,1.3110583891739716
I0,10000,matched4888,test,2,latin,FZDouNTJW_Te,37,0.9484742528985481,0.7266777326931825,1.2149469417494696
I0,10000,matched4888,test,2,latin,FZFeiHHJW-H,37,0.8692830509027919,0.6192924444739883,0.5304590223004689
I0,10000,matched4888,test,2,latin,FZFengYKSJ,37,0.2376062864488041,0.5096709712131603,0.7771445085873475
I0,10000,matched4888,test,2,latin,FZHanWZKJW,37,1.1030679083353765,0.7778089223681269,0.8814278631596952
I0,10000,matched4888,test,2,latin,FZHuoYYJW-T,37,1.1641106412217423,0.7800128846555143,1.1724667371930302
I0,10000,matched4888,test,2,latin,FZJianLTJW_Te,37,1.0182188386852677,0.7481361901437914,0.8274863531460633
I0,10000,matched4888,test,2,latin,FZJingLTJW-H,37,0.8142368618298221,0.71728626699061,1.1899174049093917
I0,10000,matched4888,test,2,latin,FZJingYLLTJW,37,0.84581646121837,0.6831820486365138,0.41048666301208575
I0,10000,matched4888,test,2,latin,FZLingFKSJW-B,37,1.1604306464259688,0.7429869690456906,0.7603948359453195
I0,10000,matched4888,test,2,latin,FZLiuGQKJW-L,37,0.996275847828066,0.6869421834881241,0.47927429942363825
I0,10000,matched4888,test,2,latin,FZMaWDBSJW,37,0.817157483382805,0.6811584266456397,1.1728131465009741
I0,10000,matched4888,test,2,latin,FZTJLSJW,37,0.9956987081347285,0.7162432090656178,1.0976772485552608
I0,10000,matched4888,test,4,ALL,FZBuGTJW,47,0.2648456486615729,0.6995898941729931,0.5735618734851162
I0,10000,matched4888,test,4,ALL,FZChuangHJW_DB,47,0.8757879920700129,0.6919807779028061,1.0242944037977686
I0,10000,matched4888,test,4,ALL,FZCuanBZBKSJW,47,1.0371263090600358,0.7384153186006749,0.5722659070916633
I0,10000,matched4888,test,4,ALL,FZDeSHJW_515H,47,1.3133305032202538,0.8649422526359558,0.9879101647975597
I0,10000,matched4888,test,4,ALL,FZDouNTJW_Te,47,0.9999713089237822,0.7377273167701478,0.9521670576105726
I0,10000,matched4888,test,4,ALL,FZFeiHHJW-H,47,0.869087353031686,0.6324017637587608,0.5402036107125434
I0,10000,matched4888,test,4,ALL,FZFengYKSJ,47,0.363322294218109,0.556937834049793,0.6694826293498912
I0,10000,matched4888,test,4,ALL,FZHanWZKJW,47,1.0866732790749123,0.7716560249632978,0.9681272341849956
I0,10000,matched4888,test,4,ALL,FZHuoYYJW-T,47,1.172010988631147,0.7684348568003229,1.180650809977917
I0,10000,matched4888,test,4,ALL,FZJianLTJW_Te,47,1.014718438082553,0.7718704913524871,0.6539842999996023
I0,10000,matched4888,test,4,ALL,FZJingLTJW-H,47,1.0977186934745058,0.8195539269041507,1.187834806898807
I0,10000,matched4888,test,4,ALL,FZJingYLLTJW,47,0.8454334420013301,0.6715598131747956,0.5446122221331647
I0,10000,matched4888,test,4,ALL,FZLingFKSJW-B,47,1.1388323142173442,0.7469746229496408,0.7503788483507455
I0,10000,matched4888,test,4,ALL,FZLiuGQKJW-L,47,0.9793139043006491,0.702759842923347,0.4812253009171245
I0,10000,matched4888,test,4,ALL,FZMaWDBSJW,47,0.7876893476523618,0.675691324345609,1.0726645582533898
I0,10000,matched4888,test,4,ALL,FZTJLSJW,47,0.9950938586224901,0.7320584933808509,0.8441000142471587
I0,10000,matched4888,test,4,bopomofo,FZBuGTJW,3,0.43620415528615314,0.8264216184616089,0.20360070963700613
I0,10000,matched4888,test,4,bopomofo,FZChuangHJW_DB,3,0.8800190091133118,0.7122811675071716,1.285364071528117
I0,10000,matched4888,test,4,bopomofo,FZCuanBZBKSJW,3,1.3376453717549641,0.8219919006029764,0.6187443435192108
I0,10000,matched4888,test,4,bopomofo,FZDeSHJW_515H,3,1.377015193303426,0.9047973950703939,-2.836193084716797
I0,10000,matched4888,test,4,bopomofo,FZDouNTJW_Te,3,1.2359400987625122,0.7849056919415792,-2.771179755528768
I0,10000,matched4888,test,4,bopomofo,FZFeiHHJW-H,3,1.1988381346066792,0.6852364540100098,0.6614414850870768
I0,10000,matched4888,test,4,bopomofo,FZFengYKSJ,3,0.1002556470533212,0.4718870520591736,-0.804143230120341
I0,10000,matched4888,test,4,bopomofo,FZHanWZKJW,3,1.0407540599505107,0.749166468779246,1.3792950709660847
I0,10000,matched4888,test,4,bopomofo,FZHuoYYJW-T,3,1.2628339926401775,0.789891521135966,1.2931967576344807
I0,10000,matched4888,test,4,bopomofo,FZJianLTJW_Te,3,1.0172525842984517,0.8341590762138367,-2.946962912877401
I0,10000,matched4888,test,4,bopomofo,FZJingLTJW-H,3,1.3332480589548747,0.8525765538215637,0.9385958909988403
I0,10000,matched4888,test,4,bopomofo,FZJingYLLTJW,3,0.9597836136817932,0.6878035465876261,0.7751223544279734
I0,10000,matched4888,test,4,bopomofo,FZLingFKSJW-B,3,1.4244500796000164,0.870131234327952,0.3236058826247851
I0,10000,matched4888,test,4,bopomofo,FZLiuGQKJW-L,3,0.7406973540782928,0.5857735673586527,0.24786638716856638
I0,10000,matched4888,test,4,bopomofo,FZMaWDBSJW,3,0.79982590675354,0.7159402171770731,0.7009970843791962
I0,10000,matched4888,test,4,bopomofo,FZTJLSJW,3,1.0724587837855022,0.8064296841621399,-0.8856523533662161
I0,10000,matched4888,test,4,kana,FZBuGTJW,7,0.288483570462891,0.7998604093279157,0.6470147711890084
I0,10000,matched4888,test,4,kana,FZChuangHJW_DB,7,0.5085327686475856,0.6834002903529576,0.9043861159256527
I0,10000,matched4888,test,4,kana,FZCuanBZBKSJW,7,1.0629150569438934,0.7978489654404777,0.9444009150777545
I0,10000,matched4888,test,4,kana,FZDeSHJW_515H,7,1.4143060956682478,0.9211623242923191,0.9187423714569637
I0,10000,matched4888,test,4,kana,FZDouNTJW_Te,7,1.100220228944506,0.7767135415758405,1.158907732793263
I0,10000,matched4888,test,4,kana,FZFeiHHJW-H,7,1.0319318345614843,0.693337048803057,0.5397516318729946
I0,10000,matched4888,test,4,kana,FZFengYKSJ,7,0.4516084407057081,0.5680431979043143,0.7319666360105787
I0,10000,matched4888,test,4,kana,FZHanWZKJW,7,1.2206249322210039,0.7923417176519122,1.2501805509839738
I0,10000,matched4888,test,4,kana,FZHuoYYJW-T,7,1.299309832709176,0.8034028325762067,1.1756755028452193
I0,10000,matched4888,test,4,kana,FZJianLTJW_Te,7,1.005177617073059,0.8346193432807922,1.2801651103155953
I0,10000,matched4888,test,4,kana,FZJingLTJW-H,7,1.4204340491976057,0.8807472331183297,1.283643467085702
I0,10000,matched4888,test,4,kana,FZJingYLLTJW,7,0.9734779936926705,0.7172094753810337,1.1547715493610926
I0,10000,matched4888,test,4,kana,FZLingFKSJW-B,7,1.0263645691531045,0.8069995812007359,0.8803398992334094
I0,10000,matched4888,test,4,kana,FZLiuGQKJW-L,7,1.028842372553689,0.6742738825934274,0.5915487004177911
I0,10000,matched4888,test,4,kana,FZMaWDBSJW,7,0.5089474285819701,0.6966742447444371,0.7025937948908124
I0,10000,matched4888,test,4,kana,FZTJLSJW,7,1.0085109685148512,0.7990711501666478,0.24508564759578025
I0,10000,matched4888,test,4,latin,FZBuGTJW,37,0.24647967643230348,0.6703361433905524,0.5896622304477401
I0,10000,matched4888,test,4,latin,FZChuangHJW_DB,37,0.9449256545788532,0.6919581358497208,1.0258119446603027
I0,10000,matched4888,test,4,latin,FZCuanBZBKSJW,37,1.0078809462689065,0.7203946355226878,0.49809346478935834
I0,10000,matched4888,test,4,latin,FZDeSHJW_515H,37,1.2890633892368626,0.8510745248279056,1.3110583891739716
I0,10000,matched4888,test,4,latin,FZDouNTJW_Te,37,0.9618726924464509,0.7265262708470628,1.2149469417494696
I0,10000,matched4888,test,4,latin,FZFeiHHJW-H,37,0.8115423877496977,0.616589572784063,0.5304590223004689
I0,10000,matched4888,test,4,latin,FZFengYKSJ,37,0.36794923789597844,0.561732828617096,0.7771445085873475
I0,10000,matched4888,test,4,latin,FZHanWZKJW,37,1.0650542543546573,0.7695659930641586,0.8814278631596952
I0,10000,matched4888,test,4,latin,FZHuoYYJW-T,37,1.1405633961832202,0.7600795642749684,1.1724667371930302
I0,10000,matched4888,test,4,latin,FZJianLTJW_Te,37,1.0163179869587358,0.7549486611340497,0.8274863531460633
I0,10000,matched4888,test,4,latin,FZJingLTJW-H,37,1.0175674614068624,0.8052993046270834,1.1899174049093917
I0,10000,matched4888,test,4,latin,FZJingYLLTJW,37,0.811937161545093,0.6616063311293319,0.41048666301208575
I0,10000,matched4888,test,4,latin,FZLingFKSJW-B,37,1.1369517985227946,0.7256328785741651,0.7603948359453195
I0,10000,matched4888,test,4,latin,FZLiuGQKJW-L,37,0.9892909414059406,0.7176344523558745,0.47927429942363825
I0,10000,matched4888,test,4,latin,FZMaWDBSJW,37,0.8394402599817997,0.6684581589054417,1.1728131465009741
I0,10000,matched4888,test,4,latin,FZTJLSJW,37,0.9862826547107181,0.7133503266282983,1.0976772485552608
I0,10000,matched4888,test,8,ALL,FZBuGTJW,47,0.32879804994197603,0.7060392486288193,0.5735618734851162
I0,10000,matched4888,test,8,ALL,FZChuangHJW_DB,47,0.9099329633519371,0.6934697215861463,1.0242944037977686
I0,10000,matched4888,test,8,ALL,FZCuanBZBKSJW,47,1.1012112948488681,0.7380738042770548,0.5722659070916633
I0,10000,matched4888,test,8,ALL,FZDeSHJW_515H,47,1.3486329532684165,0.8689211302615226,0.9879101647975597
I0,10000,matched4888,test,8,ALL,FZDouNTJW_Te,47,1.150607998383806,0.7423558704396511,0.9521670576105726
I0,10000,matched4888,test,8,ALL,FZFeiHHJW-H,47,0.9505354578190661,0.6333620110724835,0.5402036107125434
I0,10000,matched4888,test,8,ALL,FZFengYKSJ,47,0.4274293023775867,0.5846584965573981,0.6694826293498912
I0,10000,matched4888,test,8,ALL,FZHanWZKJW,47,1.0843241962980716,0.7686631457602724,0.9681272341849956
I0,10000,matched4888,test,8,ALL,FZHuoYYJW-T,47,1.1705935495965025,0.7735795936685927,1.180650809977917
I0,10000,matched4888,test,8,ALL,FZJianLTJW_Te,47,1.0093625710999712,0.7690236682587481,0.6539842999996023
I0,10000,matched4888,test,8,ALL,FZJingLTJW-H,47,1.1260335851222911,0.8306350073915847,1.187834806898807
I0,10000,matched4888,test,8,ALL,FZJingYLLTJW,47,0.9724298238437227,0.6676058870680789,0.5446122221331647
I0,10000,matched4888,test,8,ALL,FZLingFKSJW-B,47,0.9998214707729665,0.743403083466469,0.7503788483507455
I0,10000,matched4888,test,8,ALL,FZLiuGQKJW-L,47,1.008311557008865,0.7011053289504762,0.4812253009171245
I0,10000,matched4888,test,8,ALL,FZMaWDBSJW,47,0.7031310467009849,0.6661168489050358,1.0726645582533898
I0,10000,matched4888,test,8,ALL,FZTJLSJW,47,1.0014551446792928,0.7380630519795925,0.8441000142471587
I0,10000,matched4888,test,8,bopomofo,FZBuGTJW,3,0.516823281844457,0.834729810555776,0.20360070963700613
I0,10000,matched4888,test,8,bopomofo,FZChuangHJW_DB,3,0.8808622558911642,0.7241376241048177,1.285364071528117
I0,10000,matched4888,test,8,bopomofo,FZCuanBZBKSJW,3,1.5178720951080322,0.8407247463862101,0.6187443435192108
I0,10000,matched4888,test,8,bopomofo,FZDeSHJW_515H,3,1.4102418422698975,0.9108603199323019,-2.836193084716797
I0,10000,matched4888,test,8,bopomofo,FZDouNTJW_Te,3,1.1816325187683105,0.7729998032251993,-2.771179755528768
I0,10000,matched4888,test,8,bopomofo,FZFeiHHJW-H,3,1.045095980167389,0.6571508447329203,0.6614414850870768
I0,10000,matched4888,test,8,bopomofo,FZFengYKSJ,3,0.12840518107016882,0.48482148845990497,-0.804143230120341
I0,10000,matched4888,test,8,bopomofo,FZHanWZKJW,3,1.065566062927246,0.7564685344696045,1.3792950709660847
I0,10000,matched4888,test,8,bopomofo,FZHuoYYJW-T,3,1.295535723368327,0.8043280045191447,1.2931967576344807
I0,10000,matched4888,test,8,bopomofo,FZJianLTJW_Te,3,0.7427615622679392,0.7672266761461893,-2.946962912877401
I0,10000,matched4888,test,8,bopomofo,FZJingLTJW-H,3,1.290234367052714,0.8455056746800741,0.9385958909988403
I0,10000,matched4888,test,8,bopomofo,FZJingYLLTJW,3,1.1812047362327576,0.7366541624069214,0.7751223544279734
I0,10000,matched4888,test,8,bopomofo,FZLingFKSJW-B,3,1.200174331665039,0.8306373159090678,0.3236058826247851
I0,10000,matched4888,test,8,bopomofo,FZLiuGQKJW-L,3,0.7217888236045837,0.5705836415290833,0.24786638716856638
I0,10000,matched4888,test,8,bopomofo,FZMaWDBSJW,3,0.6205624441305796,0.6845061182975769,0.7009970843791962
I0,10000,matched4888,test,8,bopomofo,FZTJLSJW,3,1.0780345996220906,0.8072986404101054,-0.8856523533662161
I0,10000,matched4888,test,8,kana,FZBuGTJW,7,0.30109285031046185,0.8106735689299447,0.6470147711890084
I0,10000,matched4888,test,8,kana,FZChuangHJW_DB,7,0.5045513933790582,0.6924416507993426,0.9043861159256527
I0,10000,matched4888,test,8,kana,FZCuanBZBKSJW,7,1.1372061286653792,0.8073599508830479,0.9444009150777545
I0,10000,matched4888,test,8,kana,FZDeSHJW_515H,7,1.4121664421898978,0.9119147402899606,0.9187423714569637
I0,10000,matched4888,test,8,kana,FZDouNTJW_Te,7,1.126933148929051,0.7758733545030866,1.158907732793263
I0,10000,matched4888,test,8,kana,FZFeiHHJW-H,7,1.1486528260367257,0.6975848589624677,0.5397516318729946
I0,10000,matched4888,test,8,kana,FZFengYKSJ,7,0.48470443912914823,0.5933117951665606,0.7319666360105787
I0,10000,matched4888,test,8,kana,FZHanWZKJW,7,1.252906118120466,0.7963803665978568,1.2501805509839738
I0,10000,matched4888,test,8,kana,FZHuoYYJW-T,7,1.2819163288388933,0.8087742073195321,1.1756755028452193
I0,10000,matched4888,test,8,kana,FZJianLTJW_Te,7,1.0902483803885323,0.8436698998723712,1.2801651103155953
I0,10000,matched4888,test,8,kana,FZJingLTJW-H,7,1.4006215674536568,0.8724524974822998,1.283643467085702
I0,10000,matched4888,test,8,kana,FZJingYLLTJW,7,1.3071525607790266,0.7216063823018756,1.1547715493610926
I0,10000,matched4888,test,8,kana,FZLingFKSJW-B,7,0.861005859715598,0.7929427112851825,0.8803398992334094
I0,10000,matched4888,test,8,kana,FZLiuGQKJW-L,7,1.0495556507791792,0.6631532396589007,0.5915487004177911
I0,10000,matched4888,test,8,kana,FZMaWDBSJW,7,0.46327444698129383,0.6869675687381199,0.7025937948908124
I0,10000,matched4888,test,8,kana,FZTJLSJW,7,1.06206556728908,0.8414726768221173,0.24508564759578025
I0,10000,matched4888,test,8,latin,FZBuGTJW,37,0.3187942851234127,0.675809196523718,0.5896622304477401
I0,10000,matched4888,test,8,latin,FZChuangHJW_DB,37,0.9889838582760578,0.6911776347740276,1.0258119446603027
I0,10000,matched4888,test,8,latin,FZCuanBZBKSJW,37,1.0606181532950014,0.7166425650184219,0.49809346478935834
I0,10000,matched4888,test,8,latin,FZDeSHJW_515H,37,1.3316177886885565,0.857386729201755,1.3110583891739716
I0,10000,matched4888,test,8,latin,FZDouNTJW_Te,37,1.1525715223035298,0.7335300816072,1.2149469417494696
I0,10000,matched4888,test,8,latin,FZFeiHHJW-H,37,0.9053867241820773,0.6192829182019105,0.5304590223004689
I0,10000,matched4888,test,8,latin,FZFengYKSJ,37,0.44083866471978456,0.5911162785581641,0.7771445085873475
I0,10000,matched4888,test,8,latin,FZHanWZKJW,37,1.0539512489293072,0.764408099490243,0.8814278631596952
I0,10000,matched4888,test,8,latin,FZHuoYYJW-T,37,1.1394020367313076,0.7644280388548568,1.1724667371930302
I0,10000,matched4888,test,8,latin,FZJianLTJW_Te,37,1.015676148437165,0.7550471102869188,0.8274863531460633
I0,10000,matched4888,test,8,latin,FZJingLTJW-H,37,1.060770930470647,0.8215178605672475,1.1899174049093917
I0,10000,matched4888,test,8,latin,FZJingYLLTJW,37,0.8921762050406353,0.6517910683477247,0.41048666301208575
I0,10000,matched4888,test,8,latin,FZLingFKSJW-B,37,1.0098390571168951,0.7269576755729882,0.7603948359453195
I0,10000,matched4888,test,8,latin,FZLiuGQKJW-L,37,1.0237401933283419,0.7188682934722385,0.47927429942363825
I0,10000,matched4888,test,8,latin,FZMaWDBSJW,37,0.7552040738833917,0.6606810962831652,1.1728131465009741
I0,10000,matched4888,test,8,latin,FZTJLSJW,37,0.9837791629739709,0.7128853725420462,1.0976772485552608
I0,10000,matched4888,test,ALL,ALL,FZBuGTJW,188,0.1410646285623946,0.6595053744125874,0.5735618734851162
I0,10000,matched4888,test,ALL,ALL,FZChuangHJW_DB,188,0.987670596589909,0.7117253541946411,1.0242944037977686
I0,10000,matched4888,test,ALL,ALL,FZCuanBZBKSJW,188,1.0619767969276042,0.7336068204108704,0.5722659070916633
I0,10000,matched4888,test,ALL,ALL,FZDeSHJW_515H,188,1.3303263190578907,0.8661280870437622,0.9879101647975597
I0,10000,matched4888,test,ALL,ALL,FZDouNTJW_Te,188,1.0642310570271567,0.7437174296442498,0.9521670576105726
I0,10000,matched4888,test,ALL,ALL,FZFeiHHJW-H,188,0.8540823365502218,0.6248618158254218,0.5402036107125434
I0,10000,matched4888,test,ALL,ALL,FZFengYKSJ,188,0.34657444118304137,0.5487231986319765,0.6694826293498912
I0,10000,matched4888,test,ALL,ALL,FZHanWZKJW,188,1.1073710826978562,0.7710199297425595,0.9681272341849956
I0,10000,matched4888,test,ALL,ALL,FZHuoYYJW-T,188,1.1904930278975914,0.7871193251711257,1.180650809977917
I0,10000,matched4888,test,ALL,ALL,FZJianLTJW_Te,188,1.0033074494926852,0.767016904785278,0.6539842999996023
I0,10000,matched4888,test,ALL,ALL,FZJingLTJW-H,188,0.9777909975320577,0.7715031959592028,1.187834806898807
I0,10000,matched4888,test,ALL,ALL,FZJingYLLTJW,188,0.7866249130840631,0.6648749761441921,0.5446122221331647
I0,10000,matched4888,test,ALL,ALL,FZLingFKSJW-B,188,1.0910242621568924,0.7499379173238226,0.7503788483507455
I0,10000,matched4888,test,ALL,ALL,FZLiuGQKJW-L,188,0.9655004142823213,0.6811112373116168,0.4812253009171245
I0,10000,matched4888,test,ALL,ALL,FZMaWDBSJW,188,0.7670335160033341,0.6726836473383802,1.0726645582533898
I0,10000,matched4888,test,ALL,ALL,FZTJLSJW,188,0.9855218873696124,0.7221501523509939,0.8441000142471587
I0,10000,matched4888,test,ALL,bopomofo,FZBuGTJW,12,0.2514319034914176,0.7771673599878947,0.20360070963700613
I0,10000,matched4888,test,ALL,bopomofo,FZChuangHJW_DB,12,0.9305330117543539,0.7310918768246969,1.285364071528117
I0,10000,matched4888,test,ALL,bopomofo,FZCuanBZBKSJW,12,1.4608972370624542,0.8339468091726303,0.6187443435192108
I0,10000,matched4888,test,ALL,bopomofo,FZDeSHJW_515H,12,1.33760404586792,0.8975966274738312,-2.836193084716797
I0,10000,matched4888,test,ALL,bopomofo,FZDouNTJW_Te,12,1.1162365451455116,0.7614430834849676,-2.771179755528768
I0,10000,matched4888,test,ALL,bopomofo,FZFeiHHJW-H,12,1.1395590392251809,0.6754664480686188,0.6614414850870768
I0,10000,matched4888,test,ALL,bopomofo,FZFengYKSJ,12,0.1398477074690163,0.47788743178049725,-0.804143230120341
I0,10000,matched4888,test,ALL,bopomofo,FZHanWZKJW,12,1.1059221525986989,0.7720868786176046,1.3792950709660847
I0,10000,matched4888,test,ALL,bopomofo,FZHuoYYJW-T,12,1.2963795761267345,0.8148536334435145,1.2931967576344807
I0,10000,matched4888,test,ALL,bopomofo,FZJianLTJW_Te,12,0.9130574390292168,0.8121071110169092,-2.946962912877401
I0,10000,matched4888,test,ALL,bopomofo,FZJingLTJW-H,12,1.2766941785812378,0.8329672366380692,0.9385958909988403
I0,10000,matched4888,test,ALL,bopomofo,FZJingYLLTJW,12,0.812993603448073,0.670247366031011,0.7751223544279734
I0,10000,matched4888,test,ALL,bopomofo,FZLingFKSJW-B,12,1.3269380331039429,0.8541910549004873,0.3236058826247851
I0,10000,matched4888,test,ALL,bopomofo,FZLiuGQKJW-L,12,0.686776819328467,0.5691047037641207,0.24786638716856638
I0,10000,matched4888,test,ALL,bopomofo,FZMaWDBSJW,12,0.6832790250579516,0.6849363793929418,0.7009970843791962
I0,10000,matched4888,test,ALL,bopomofo,FZTJLSJW,12,1.025471419095993,0.7779301106929779,-0.8856523533662161
I0,10000,matched4888,test,ALL,kana,FZBuGTJW,28,0.13049775993983662,0.746773287653923,0.6470147711890084
I0,10000,matched4888,test,ALL,kana,FZChuangHJW_DB,28,0.5878575293879423,0.7005551382899284,0.9043861159256527
I0,10000,matched4888,test,ALL,kana,FZCuanBZBKSJW,28,1.1253602430224419,0.8058759357248034,0.9444009150777545
I0,10000,matched4888,test,ALL,kana,FZDeSHJW_515H,28,1.3940694374697549,0.9096291937998363,0.9187423714569637
I0,10000,matched4888,test,ALL,kana,FZDouNTJW_Te,28,1.1442902152027403,0.7716273058738027,1.158907732793263
I0,10000,matched4888,test,ALL,kana,FZFeiHHJW-H,28,0.9771403124156807,0.6721819170883724,0.5397516318729946
I0,10000,matched4888,test,ALL,kana,FZFengYKSJ,28,0.40101563930511475,0.5470421548400607,0.7319666360105787
I0,10000,matched4888,test,ALL,kana,FZHanWZKJW,28,1.2156394166605813,0.7718839102557727,1.2501805509839738
I0,10000,matched4888,test,ALL,kana,FZHuoYYJW-T,28,1.2990101320402963,0.8269005694559642,1.1756755028452193
I0,10000,matched4888,test,ALL,kana,FZJianLTJW_Te,28,1.0414325594902039,0.8375375377280372,1.2801651103155953
I0,10000,matched4888,test,ALL,kana,FZJingLTJW-H,28,1.3616064488887787,0.853978842496872,1.283643467085702
I0,10000,matched4888,test,ALL,kana,FZJingYLLTJW,28,0.9083268383650908,0.6849012396165303,1.1547715493610926
I0,10000,matched4888,test,ALL,kana,FZLingFKSJW-B,28,0.9659825339913368,0.8056690884487969,0.8803398992334094
I0,10000,matched4888,test,ALL,kana,FZLiuGQKJW-L,28,0.9942166783979961,0.6538818883044379,0.5915487004177911
I0,10000,matched4888,test,ALL,kana,FZMaWDBSJW,28,0.4972801013583584,0.6833602019718715,0.7025937948908124
I0,10000,matched4888,test,ALL,kana,FZTJLSJW,28,1.0180659858243806,0.816444245832307,0.24508564759578025
I0,10000,matched4888,test,ALL,latin,FZBuGTJW,148,0.13411506790214697,0.6334550676716341,0.5896622304477401
I0,10000,matched4888,test,ALL,latin,FZChuangHJW_DB,148,1.0679436837499205,0.7122683796930958,1.0258119446603027
I0,10000,matched4888,test,ALL,latin,FZCuanBZBKSJW,148,1.0176404336014309,0.7117986103167405,0.49809346478935834
I0,10000,matched4888,test,ALL,latin,FZDeSHJW_515H,148,1.3176767242115897,0.8553466446496345,1.3110583891739716
I0,10000,matched4888,test,ALL,latin,FZDouNTJW_Te,148,1.0448680686059635,0.7369999676137358,1.2149469417494696
I0,10000,matched4888,test,ALL,latin,FZFeiHHJW-H,148,0.8076543381966248,0.6118062859451449,0.5304590223004689
I0,10000,matched4888,test,ALL,latin,FZFengYKSJ,148,0.35303638210973226,0.554784674499486,0.7771445085873475
I0,10000,matched4888,test,ALL,latin,FZHanWZKJW,148,1.0870053651994347,0.7707699646015425,0.8814278631596952
I0,10000,matched4888,test,ALL,latin,FZHuoYYJW-T,148,1.1613773691493112,0.7773444161221787,1.1724667371930302
I0,10000,matched4888,test,ALL,latin,FZJianLTJW_Te,148,1.003412159260463,0.7500192007502994,0.8274863531460633
I0,10000,matched4888,test,ALL,latin,FZJingLTJW-H,148,0.8809418704335552,0.7509161243970329,1.1899174049093917
I0,10000,matched4888,test,ALL,latin,FZJingYLLTJW,148,0.761462222595976,0.6606506244153589,0.41048666301208575
I0,10000,matched4888,test,ALL,latin,FZLingFKSJW-B,148,1.0955526617330473,0.7309412251453142,0.7603948359453195
I0,10000,matched4888,test,ALL,latin,FZLiuGQKJW-L,148,0.982666817959398,0.6953443466006098,0.47927429942363825
I0,10000,matched4888,test,ALL,latin,FZMaWDBSJW,148,0.8248588504722795,0.6696702938627552,1.1728131465009741
I0,10000,matched4888,test,ALL,latin,FZTJLSJW,148,0.9761257445490038,0.6997880299349089,1.0976772485552608
I0,10000,matched4888,train,1,ALL,FZDuHJW_Cu,47,0.8664784022071894,0.7104294813693838,0.8482421465376591
I0,10000,matched4888,train,1,ALL,FZFeiSJW-EL,47,1.1163770252085747,0.8023844640305702,1.2483324142212564
I0,10000,matched4888,train,1,ALL,FZPTYJW,47,1.306519663080256,0.8964109484185564,0.403079683476306
I0,10000,matched4888,train,1,ALL,FZShuLTJW-H,47,0.8044056069264387,0.5810660092120475,1.148759146954151
I0,10000,matched4888,train,1,ALL,FZYiMSJW-T,47,1.1834309506923595,0.8194157950421597,1.2475223338350336
I0,10000,matched4888,train,1,bopomofo,FZDuHJW_Cu,3,1.1912987232208252,0.7612221638361613,-2.6805082162221274
I0,10000,matched4888,train,1,bopomofo,FZFeiSJW-EL,3,1.2783159414927165,0.9295115272204081,1.1174527208010356
I0,10000,matched4888,train,1,bopomofo,FZPTYJW,3,1.4499061504999797,0.952547013759613,-2.2713398138682046
I0,10000,matched4888,train,1,bopomofo,FZShuLTJW-H,3,1.0702180465062459,0.661382814248403,1.2025230129559834
I0,10000,matched4888,train,1,bopomofo,FZYiMSJW-T,3,1.1600157817204793,0.8965016802151998,1.2083792686462402
I0,10000,matched4888,train,1,kana,FZDuHJW_Cu,7,1.0608608509813036,0.8288149748529706,1.0194836684635706
I0,10000,matched4888,train,1,kana,FZFeiSJW-EL,7,1.2779777135167802,0.8861553924424308,1.2647960441453117
I0,10000,matched4888,train,1,kana,FZPTYJW,7,1.4347603491374425,0.9415883421897888,-2.7721708842686246
I0,10000,matched4888,train,1,kana,FZShuLTJW-H,7,1.2709346413612366,0.769315915448325,1.2694600820541382
I0,10000,matched4888,train,1,kana,FZYiMSJW-T,7,1.3010950769696916,0.8989057540893555,1.3296397924423218
I0,10000,matched4888,train,1,latin,FZDuHJW_Cu,37,0.8033665615461163,0.6839139002400476,1.1019599961267936
I0,10000,matched4888,train,1,latin,FZFeiSJW-EL,37,1.0726737396137134,0.7762283102886097,1.2558295404588855
I0,10000,matched4888,train,1,latin,FZPTYJW,37,1.2706319802516215,0.883312301055805,1.2206475879694965
I0,10000,matched4888,train,1,latin,FZShuLTJW-H,37,0.6945909972025736,0.5389389887049392,1.1215646025296804
I0,10000,matched4888,train,1,latin,FZYiMSJW-T,37,1.1630686972592328,0.7981269472354168,1.2351603604651786
I0,10000,matched4888,train,2,ALL,FZDuHJW_Cu,47,0.8876388367820294,0.6887998974069636,0.8482421465376591
I0,10000,matched4888,train,2,ALL,FZFeiSJW-EL,47,1.1574884710159707,0.8200361322849354,1.2483324142212564
I0,10000,matched4888,train,2,ALL,FZPTYJW,47,1.3167905287539705,0.8982917476207652,0.403079683476306
I0,10000,matched4888,train,2,ALL,FZShuLTJW-H,47,0.9101814177442105,0.5880770632561217,1.148759146954151
I0,10000,matched4888,train,2,ALL,FZYiMSJW-T,47,1.195242737201934,0.8309564755318013,1.2475223338350336
I0,10000,matched4888,train,2,bopomofo,FZDuHJW_Cu,3,1.3195137182871501,0.8023706674575806,-2.6805082162221274
I0,10000,matched4888,train,2,bopomofo,FZFeiSJW-EL,3,1.2514023383458455,0.9341733853022257,1.1174527208010356
I0,10000,matched4888,train,2,bopomofo,FZPTYJW,3,1.489855964978536,0.9501131176948547,-2.2713398138682046
I0,10000,matched4888,train,2,bopomofo,FZShuLTJW-H,3,0.9796822468439738,0.6278031667073568,1.2025230129559834
I0,10000,matched4888,train,2,bopomofo,FZYiMSJW-T,3,1.139603614807129,0.9071105321248373,1.2083792686462402
I0,10000,matched4888,train,2,kana,FZDuHJW_Cu,7,1.126875455890383,0.8350313050406319,1.0194836684635706
I0,10000,matched4888,train,2,kana,FZFeiSJW-EL,7,1.2680748445647103,0.8902578353881836,1.2647960441453117
I0,10000,matched4888,train,2,kana,FZPTYJW,7,1.4437910658972604,0.9420069285801479,-2.7721708842686246
I0,10000,matched4888,train,2,kana,FZShuLTJW-H,7,1.1843492218426295,0.7641373361860003,1.2694600820541382
I0,10000,matched4888,train,2,kana,FZYiMSJW-T,7,1.3112612792423792,0.9157133017267499,1.3296397924423218
I0,10000,matched4888,train,2,latin,FZDuHJW_Cu,37,0.807360972504358,0.6519260551478412,1.1019599961267936
I0,10000,matched4888,train,2,latin,FZFeiSJW-EL,37,1.1289520867773004,0.7974965733450812,1.2558295404588855
I0,10000,matched4888,train,2,latin,FZPTYJW,37,1.2787310674383834,0.8858195752710909,1.2206475879694965
I0,10000,matched4888,train,2,latin,FZShuLTJW-H,37,0.8526766308256097,0.5515473275571257,1.1215646025296804
I0,10000,matched4888,train,2,latin,FZYiMSJW-T,37,1.177804563496564,0.8087467470684567,1.2351603604651786
I0,10000,matched4888,train,4,ALL,FZDuHJW_Cu,47,0.9323551851384183,0.693099078979898,0.8482421465376591
I0,10000,matched4888,train,4,ALL,FZFeiSJW-EL,47,1.145832227899673,0.8146439638543637,1.2483324142212564
I0,10000,matched4888,train,4,ALL,FZPTYJW,47,1.3050151264413874,0.896181731782061,0.403079683476306
I0,10000,matched4888,train,4,ALL,FZShuLTJW-H,47,0.9625470746070781,0.6297308003648798,1.148759146954151
I0,10000,matched4888,train,4,ALL,FZYiMSJW-T,47,1.2070690780243976,0.8346670434830037,1.2475223338350336
I0,10000,matched4888,train,4,bopomofo,FZDuHJW_Cu,3,1.2177887757619221,0.8015628457069397,-2.6805082162221274
I0,10000,matched4888,train,4,bopomofo,FZFeiSJW-EL,3,1.257934292157491,0.9337639013926188,1.1174527208010356
I0,10000,matched4888,train,4,bopomofo,FZPTYJW,3,1.475528081258138,0.9497906565666199,-2.2713398138682046
I0,10000,matched4888,train,4,bopomofo,FZShuLTJW-H,3,1.151111861069997,0.7110420862833658,1.2025230129559834
I0,10000,matched4888,train,4,bopomofo,FZYiMSJW-T,3,1.185445745786031,0.8848267793655396,1.2083792686462402
I0,10000,matched4888,train,4,kana,FZDuHJW_Cu,7,1.1416399478912354,0.8369552748543876,1.0194836684635706
I0,10000,matched4888,train,4,kana,FZFeiSJW-EL,7,1.3215667605400085,0.8855958070073809,1.2647960441453117
I0,10000,matched4888,train,4,kana,FZPTYJW,7,1.447418945176261,0.9422072853360858,-2.7721708842686246
I0,10000,matched4888,train,4,kana,FZShuLTJW-H,7,1.243311847959246,0.780840447970799,1.2694600820541382
I0,10000,matched4888,train,4,kana,FZYiMSJW-T,7,1.3525514091764177,0.9219838721411568,1.3296397924423218
I0,10000,matched4888,train,4,latin,FZDuHJW_Cu,37,0.8696175064589526,0.6570886824582074,1.1019599961267936
I0,10000,matched4888,train,4,latin,FZFeiSJW-EL,37,1.1034957975954622,0.7915622688628532,1.2558295404588855
I0,10000,matched4888,train,4,latin,FZPTYJW,37,1.2642484887226209,0.8831275250460651,1.2206475879694965
I0,10000,matched4888,train,4,latin,FZShuLTJW-H,37,0.8941403780434583,0.5945496816892881,1.1215646025296804
I0,10000,matched4888,train,4,latin,FZYiMSJW-T,37,1.1812986369068559,0.8140806378544988,1.2351603604651786
I0,10000,matched4888,train,8,ALL,FZDuHJW_Cu,47,0.9475555413580955,0.6953766047954559,0.8482421465376591
I0,10000,matched4888,train,8,ALL,FZFeiSJW-EL,47,1.194037917446583,0.8212565285094241,1.2483324142212564
I0,10000,matched4888,train,8,ALL,FZPTYJW,47,1.3190676405074748,0.8974601398123071,0.403079683476306
I0,10000,matched4888,train,8,ALL,FZShuLTJW-H,47,1.0009266556577479,0.649830200570695,1.148759146954151
I0,10000,matched4888,train,8,ALL,FZYiMSJW-T,47,1.2000105152738856,0.8307173962288714,1.2475223338350336
I0,10000,matched4888,train,8,bopomofo,FZDuHJW_Cu,3,1.1639694770177205,0.785023053487142,-2.6805082162221274
I0,10000,matched4888,train,8,bopomofo,FZFeiSJW-EL,3,1.3164249658584595,0.9163185358047485,1.1174527208010356
I0,10000,matched4888,train,8,bopomofo,FZPTYJW,3,1.4974642594655354,0.952089528242747,-2.2713398138682046
I0,10000,matched4888,train,8,bopomofo,FZShuLTJW-H,3,1.1773588260014851,0.7217373649279276,1.2025230129559834
I0,10000,matched4888,train,8,bopomofo,FZYiMSJW-T,3,1.226815938949585,0.8939695556958517,1.2083792686462402
I0,10000,matched4888,train,8,kana,FZDuHJW_Cu,7,1.2110213041305542,0.8466343539101737,1.0194836684635706
I0,10000,matched4888,train,8,kana,FZFeiSJW-EL,7,1.3199996096747262,0.8835358960287911,1.2647960441453117
I0,10000,matched4888,train,8,kana,FZPTYJW,7,1.427641715322222,0.9414912291935512,-2.7721708842686246
I0,10000,matched4888,train,8,kana,FZShuLTJW-H,7,1.275507126535688,0.8057101454053607,1.2694600820541382
I0,10000,matched4888,train,8,kana,FZYiMSJW-T,7,1.3724045412881034,0.9245597890445164,1.3296397924423218
I0,10000,matched4888,train,8,latin,FZDuHJW_Cu,37,0.880163591455769,0.6594916429068591,1.1019599961267936
I0,10000,matched4888,train,8,latin,FZFeiSJW-EL,37,1.1602840528294847,0.801766215143977,1.2558295404588855
I0,10000,matched4888,train,8,latin,FZPTYJW,37,1.2840620085999772,0.8847005238404145,1.2206475879694965
I0,10000,matched4888,train,8,latin,FZShuLTJW-H,37,0.934673687896213,0.6145090895730096,1.1215646025296804
I0,10000,matched4888,train,8,latin,FZYiMSJW-T,37,1.1652220165407337,0.8078348765502105,1.2351603604651786
I0,10000,matched4888,train,ALL,ALL,FZDuHJW_Cu,188,0.9085069913714332,0.6969262656379254,0.8482421465376591
I0,10000,matched4888,train,ALL,ALL,FZFeiSJW-EL,188,1.1534339103927003,0.8145802721698233,1.2483324142212564
I0,10000,matched4888,train,ALL,ALL,FZPTYJW,188,1.3118482396957722,0.8970861419084224,0.403079683476306
I0,10000,matched4888,train,ALL,ALL,FZShuLTJW-H,188,0.9195151887338687,0.612176018350936,1.148759146954151
I0,10000,matched4888,train,ALL,ALL,FZYiMSJW-T,188,1.1964383202981441,0.8289391775714591,1.2475223338350336
I0,10000,matched4888,train,ALL,bopomofo,FZDuHJW_Cu,12,1.2231426735719044,0.7875446826219559,-2.6805082162221274
I0,10000,matched4888,train,ALL,bopomofo,FZFeiSJW-EL,12,1.276019384463628,0.9284418374300003,1.1174527208010356
I0,10000,matched4888,train,ALL,bopomofo,FZPTYJW,12,1.4781886140505474,0.9511350790659586,-2.2713398138682046
I0,10000,matched4888,train,ALL,bopomofo,FZShuLTJW-H,12,1.0945927451054256,0.6804913580417633,1.2025230129559834
I0,10000,matched4888,train,ALL,bopomofo,FZYiMSJW-T,12,1.1779702703158061,0.8956021368503571,1.2083792686462402
I0,10000,matched4888,train,ALL,kana,FZDuHJW_Cu,28,1.135099389723369,0.8368589771645409,1.0194836684635706
I0,10000,matched4888,train,ALL,kana,FZFeiSJW-EL,28,1.2969047320740563,0.8863862327166966,1.2647960441453117
I0,10000,matched4888,train,ALL,kana,FZPTYJW,28,1.4384030188832964,0.9418234463248935,-2.7721708842686246
I0,10000,matched4888,train,ALL,kana,FZShuLTJW-H,28,1.2435257094247,0.7800009612526212,1.2694600820541382
I0,10000,matched4888,train,ALL,kana,FZYiMSJW-T,28,1.334328076669148,0.9152906792504447,1.3296397924423218
I0,10000,matched4888,train,ALL,latin,FZDuHJW_Cu,148,0.840127157991299,0.6631050701882388,1.1019599961267936
I0,10000,matched4888,train,ALL,latin,FZFeiSJW-EL,148,1.1163514192039903,0.7917633419101303,1.2558295404588855
I0,10000,matched4888,train,ALL,latin,FZPTYJW,148,1.2744183862531506,0.8842399813033439,1.2206475879694965
I0,10000,matched4888,train,ALL,latin,FZShuLTJW-H,148,0.8440204234919637,0.5748862718810906,1.1215646025296804
I0,10000,matched4888,train,ALL,latin,FZYiMSJW-T,148,1.1718484785508465,0.8071973021771457,1.2351603604651786
I0,10000,matched4888,val,1,ALL,FZBangSKKXJW,47,1.0912292574314362,0.7391975471313964,0.8166467382552776
I0,10000,matched4888,val,1,ALL,FZJunYTJW-H,47,0.686040705466207,0.7029317198915684,0.8919322550534567
I0,10000,matched4888,val,1,ALL,FZKANGJW,47,0.7643496899449445,0.7350756323083918,0.3212025874155633
I0,10000,matched4888,val,1,ALL,FZLTHProGBK_H,47,0.9001743279476749,0.7445879584931313,0.9705552541987693
I0,10000,matched4888,val,1,ALL,FZYouHK_511M,47,0.8860337991029659,0.7143361669905642,1.283531095119233
I0,10000,matched4888,val,1,bopomofo,FZBangSKKXJW,3,1.2045484781265259,0.7772086064020792,0.8998004992802938
I0,10000,matched4888,val,1,bopomofo,FZJunYTJW-H,3,1.0501037041346233,0.7955955465634664,1.1863958438237507
I0,10000,matched4888,val,1,bopomofo,FZKANGJW,3,0.7282571693261465,0.7071275115013123,-0.45953964193662006
I0,10000,matched4888,val,1,bopomofo,FZLTHProGBK_H,3,1.1570318937301636,0.8312241435050964,1.1118056774139404
I0,10000,matched4888,val,1,bopomofo,FZYouHK_511M,3,1.1557085514068604,0.7705827554066976,1.5833906730016072
I0,10000,matched4888,val,1,kana,FZBangSKKXJW,7,1.1851412313325065,0.7680456382887704,0.788582307951791
I0,10000,matched4888,val,1,kana,FZJunYTJW-H,7,0.9856695788247245,0.8275338411331177,0.7980834926877703
I0,10000,matched4888,val,1,kana,FZKANGJW,7,0.9990068290914808,0.830465921333858,-2.0023163727351596
I0,10000,matched4888,val,1,kana,FZLTHProGBK_H,7,0.7181289334382329,0.7487430955682483,1.140190247978483
I0,10000,matched4888,val,1,kana,FZYouHK_511M,7,0.9428313097783497,0.7918823957443237,1.310642353125981
I0,10000,matched4888,val,1,latin,FZBangSKKXJW,37,1.0642740823127128,0.730657822376973,0.8152140282295846
I0,10000,matched4888,val,1,latin,FZJunYTJW-H,37,0.5998355403441835,0.6718450623589594,0.8858120001953196
I0,10000,matched4888,val,1,latin,FZKANGJW,37,0.7228815166430699,0.7192948847203642,0.824090679553715
I0,10000,matched4888,val,1,latin,FZLTHProGBK_H,37,0.9137890594130432,0.7367772959374093,0.9270094102500258
I0,10000,matched4888,val,1,latin,FZYouHK_511M,37,0.8534228036532531,0.6951047246520584,1.2540889994518176
I0,10000,matched4888,val,2,ALL,FZBangSKKXJW,47,1.1115251361055578,0.7154673020890419,0.8166467382552776
I0,10000,matched4888,val,2,ALL,FZJunYTJW-H,47,0.6363933761306899,0.6887875636841388,0.8919322550534567
I0,10000,matched4888,val,2,ALL,FZKANGJW,47,0.9908239973827879,0.7644580361690927,0.3212025874155633
I0,10000,matched4888,val,2,ALL,FZLTHProGBK_H,47,0.9156231822723404,0.7487768936664501,0.9705552541987693
I0,10000,matched4888,val,2,ALL,FZYouHK_511M,47,1.01180754792183,0.7401528723062353,1.283531095119233
I0,10000,matched4888,val,2,bopomofo,FZBangSKKXJW,3,1.2525639931360881,0.7703918019930521,0.8998004992802938
I0,10000,matched4888,val,2,bopomofo,FZJunYTJW-H,3,1.1199487646420796,0.809481163819631,1.1863958438237507
I0,10000,matched4888,val,2,bopomofo,FZKANGJW,3,0.946071445941925,0.7584119240442911,-0.45953964193662006
I0,10000,matched4888,val,2,bopomofo,FZLTHProGBK_H,3,1.0693321228027344,0.8085585236549377,1.1118056774139404
I0,10000,matched4888,val,2,bopomofo,FZYouHK_511M,3,1.1884028514226277,0.7786474823951721,1.5833906730016072
I0,10000,matched4888,val,2,kana,FZBangSKKXJW,7,1.168769257409232,0.7535643322127206,0.788582307951791
I0,10000,matched4888,val,2,kana,FZJunYTJW-H,7,0.9397039030279432,0.8101374592099871,0.7980834926877703
I0,10000,matched4888,val,2,kana,FZKANGJW,7,1.1563917600682803,0.8610913668360028,-2.0023163727351596
I0,10000,matched4888,val,2,kana,FZLTHProGBK_H,7,0.9667701763766152,0.7944952419825962,1.140190247978483
I0,10000,matched4888,val,2,kana,FZYouHK_511M,7,1.1460782034056527,0.8392384137426104,1.310642353125981
I0,10000,matched4888,val,2,latin,FZBangSKKXJW,37,1.0892595842077926,0.703806418019372,0.8152140282295846
I0,10000,matched4888,val,2,latin,FZJunYTJW-H,37,0.5398031098113673,0.6560435077628574,0.8858120001953196
I0,10000,matched4888,val,2,latin,FZKANGJW,37,0.9631289518564135,0.7466662799989855,0.824090679553715
I0,10000,matched4888,val,2,latin,FZLTHProGBK_H,37,0.8934838368582565,0.7352803172291936,0.9270094102500258
I0,10000,matched4888,val,2,latin,FZYouHK_511M,37,0.9720864533572584,0.71828577445971,1.2540889994518176
I0,10000,matched4888,val,4,ALL,FZBangSKKXJW,47,1.0835255840991407,0.72978531172935,0.8166467382552776
I0,10000,matched4888,val,4,ALL,FZJunYTJW-H,47,0.6537933737990704,0.7078168601431745,0.8919322550534567
I0,10000,matched4888,val,4,ALL,FZKANGJW,47,1.0425456611320694,0.7673182068987096,0.3212025874155633
I0,10000,matched4888,val,4,ALL,FZLTHProGBK_H,47,0.9442396545980839,0.7474017847091594,0.9705552541987693
I0,10000,matched4888,val,4,ALL,FZYouHK_511M,47,1.0307433495813227,0.7454729568451008,1.283531095119233
I0,10000,matched4888,val,4,bopomofo,FZBangSKKXJW,3,1.123394211133321,0.7485854029655457,0.8998004992802938
I0,10000,matched4888,val,4,bopomofo,FZJunYTJW-H,3,0.9819602568944296,0.7914825876553854,1.1863958438237507
I0,10000,matched4888,val,4,bopomofo,FZKANGJW,3,1.114101767539978,0.7875149448712667,-0.45953964193662006
I0,10000,matched4888,val,4,bopomofo,FZLTHProGBK_H,3,1.1870055596033733,0.8360055685043335,1.1118056774139404
I0,10000,matched4888,val,4,bopomofo,FZYouHK_511M,3,1.3009614149729412,0.7995110551516215,1.5833906730016072
I0,10000,matched4888,val,4,kana,FZBangSKKXJW,7,1.1311126266207014,0.7574558854103088,0.788582307951791
I0,10000,matched4888,val,4,kana,FZJunYTJW-H,7,0.9384584554604122,0.8195594378880092,0.7980834926877703
I0,10000,matched4888,val,4,kana,FZKANGJW,7,1.1602902965886253,0.8699115429605756,-2.0023163727351596
I0,10000,matched4888,val,4,kana,FZLTHProGBK_H,7,1.0271004736423492,0.8054759332111904,1.140190247978483
I0,10000,matched4888,val,4,kana,FZYouHK_511M,7,1.167952767440251,0.8483931251934597,1.310642353125981
I0,10000,matched4888,val,4,latin,FZBangSKKXJW,37,1.0712900387274253,0.723026006608396,0.8152140282295846
I0,10000,matched4888,val,4,latin,FZJunYTJW-H,37,0.5733296921527063,0.6798926648255941,0.8858120001953196
I0,10000,matched4888,val,4,latin,FZKANGJW,37,1.0144678025531608,0.7462710834838249,0.824090679553715
I0,10000,matched4888,val,4,latin,FZLTHProGBK_H,37,0.9088795614000913,0.7292306930632204,0.9270094102500258
I0,10000,matched4888,val,4,latin,FZYouHK_511M,37,0.9828752381978808,0.7216201062138016,1.2540889994518176
I0,10000,matched4888,val,8,ALL,FZBangSKKXJW,47,1.088671582057438,0.7163031627523139,0.8166467382552776
I0,10000,matched4888,val,8,ALL,FZJunYTJW-H,47,0.7056671688135,0.7285441756248474,0.8919322550534567
I0,10000,matched4888,val,8,ALL,FZKANGJW,47,0.9707008400496017,0.7681566235866952,0.3212025874155633
I0,10000,matched4888,val,8,ALL,FZLTHProGBK_H,47,0.941256545325543,0.7511789608508983,0.9705552541987693
I0,10000,matched4888,val,8,ALL,FZYouHK_511M,47,1.1148566622287035,0.7609455686934451,1.283531095119233
I0,10000,matched4888,val,8,bopomofo,FZBangSKKXJW,3,1.1915767192840576,0.7762759725252787,0.8998004992802938
I0,10000,matched4888,val,8,bopomofo,FZJunYTJW-H,3,0.9005525708198547,0.7706969579060873,1.1863958438237507
I0,10000,matched4888,val,8,bopomofo,FZKANGJW,3,1.235974907875061,0.8241073489189148,-0.45953964193662006
I0,10000,matched4888,val,8,bopomofo,FZLTHProGBK_H,3,1.0966742436091106,0.8191530704498291,1.1118056774139404
I0,10000,matched4888,val,8,bopomofo,FZYouHK_511M,3,1.3793496290842693,0.8039865295092264,1.5833906730016072
I0,10000,matched4888,val,8,kana,FZBangSKKXJW,7,1.0856247970036097,0.7448455691337585,0.788582307951791
I0,10000,matched4888,val,8,kana,FZJunYTJW-H,7,0.8604667612484523,0.8104970370020185,0.7980834926877703
I0,10000,matched4888,val,8,kana,FZKANGJW,7,1.2289912487779344,0.8816058550562177,-2.0023163727351596
I0,10000,matched4888,val,8,kana,FZLTHProGBK_H,7,1.0398356786796026,0.8056210024016244,1.140190247978483
I0,10000,matched4888,val,8,kana,FZYouHK_511M,7,1.1629277297428675,0.852235666343144,1.310642353125981
I0,10000,matched4888,val,8,latin,FZBangSKKXJW,37,1.0809043410762742,0.706040587779638,0.8152140282295846
I0,10000,matched4888,val,8,latin,FZJunYTJW-H,37,0.6605792403523181,0.709621787071228,0.8858120001953196
I0,10000,matched4888,val,8,latin,FZKANGJW,37,0.9003263788448798,0.7421567101736326,0.824090679553715
I0,10000,matched4888,val,8,latin,FZLTHProGBK_H,37,0.9100050040193506,0.735367700860307,0.9270094102500258
I0,10000,matched4888,val,8,latin,FZYouHK_511M,37,1.0843167602512482,0.7401846615043847,1.2540889994518176
I0,10000,matched4888,val,ALL,ALL,FZBangSKKXJW,188,1.0937378899233932,0.7251883309255255,0.8166467382552776
I0,10000,matched4888,val,ALL,ALL,FZJunYTJW-H,188,0.6704736560523669,0.7070200798359323,0.8919322550534567
I0,10000,matched4888,val,ALL,ALL,FZKANGJW,188,0.9421050471273509,0.7587521247407223,0.3212025874155633
I0,10000,matched4888,val,ALL,ALL,FZLTHProGBK_H,188,0.9253234275359106,0.7479863994299097,0.9705552541987693
I0,10000,matched4888,val,ALL,ALL,FZYouHK_511M,188,1.0108603397087055,0.7402268912088363,1.283531095119233
I0,10000,matched4888,val,ALL,bopomofo,FZBangSKKXJW,12,1.1930208504199982,0.768115445971489,0.8998004992802938
I0,10000,matched4888,val,ALL,bopomofo,FZJunYTJW-H,12,1.0131413241227467,0.7918140639861425,1.1863958438237507
I0,10000,matched4888,val,ALL,bopomofo,FZKANGJW,12,1.0061013226707776,0.7692904323339462,-0.45953964193662006
I0,10000,matched4888,val,ALL,bopomofo,FZLTHProGBK_H,12,1.1275109549363453,0.8237353265285492,1.1118056774139404
I0,10000,matched4888,val,ALL,bopomofo,FZYouHK_511M,12,1.2561056117216747,0.7881819556156794,1.5833906730016072
I0,10000,matched4888,val,ALL,kana,FZBangSKKXJW,28,1.1426619780915124,0.7559778562613896,0.788582307951791
I0,10000,matched4888,val,ALL,kana,FZJunYTJW-H,28,0.9310746746403831,0.8169319438082832,0.7980834926877703
I0,10000,matched4888,val,ALL,kana,FZKANGJW,28,1.1361700336315803,0.8607686715466636,-2.0023163727351596
I0,10000,matched4888,val,ALL,kana,FZLTHProGBK_H,28,0.9379588155342,0.7885838182909148,1.140190247978483
I0,10000,matched4888,val,ALL,kana,FZYouHK_511M,28,1.1049475025917803,0.8329374002558845,1.310642353125981
I0,10000,matched4888,val,ALL,latin,FZBangSKKXJW,148,1.0764320115810513,0.7158827086960947,0.8152140282295846
I0,10000,matched4888,val,ALL,latin,FZJunYTJW-H,148,0.5933868956651438,0.6793507555046597,0.8858120001953196
I0,10000,matched4888,val,ALL,latin,FZKANGJW,148,0.900201162474381,0.7385972395942018,0.824090679553715
I0,10000,matched4888,val,ALL,latin,FZLTHProGBK_H,148,0.9065393654226854,0.7341640017725326,0.9270094102500258
I0,10000,matched4888,val,ALL,latin,FZYouHK_511M,148,0.9731753138649101,0.7187988167074887,1.2540889994518176
I1,2000,val192,val,1,ALL,FZBangSKKXJW,4,0.8733469843864441,0.705117478966713,0.6687727943062782
I1,2000,val192,val,1,ALL,FZCaoQBLSJW,4,1.3876895904541016,0.8544507622718811,0.4800065606832504
I1,2000,val192,val,1,ALL,FZFWZhuZiHeiB,4,1.505757361650467,0.8359610438346863,0.9735500663518906
I1,2000,val192,val,1,ALL,FZHengFSJW-T,4,1.2204098403453827,0.7621781080961227,1.1548708379268646
I1,2000,val192,val,1,ALL,FZJunYTJW-H,4,1.0525546669960022,0.8002490699291229,0.8522688001394272
I1,2000,val192,val,1,ALL,FZKANGJW,4,0.9032210409641266,0.7689274549484253,0.7405204735696316
I1,2000,val192,val,1,ALL,FZKuaiHTJW_Te,4,0.67180997133255,0.6948710083961487,1.2690462172031403
I1,2000,val192,val,1,ALL,FZLTHProGBK_H,4,1.0055555254220963,0.7688526809215546,0.8365523144602776
I1,2000,val192,val,1,ALL,FZMiFXSJW,4,0.9677653163671494,0.8243949562311172,0.7553693037480116
I1,2000,val192,val,1,ALL,FZQingYSJW-T,4,1.2769548296928406,0.80716472864151,1.1590228825807571
I1,2000,val192,val,1,ALL,FZSongKBXKJW-EB,4,1.0151698142290115,0.7362466305494308,0.929350733757019
I1,2000,val192,val,1,ALL,FZSuHJW,4,1.3347623348236084,0.7963941693305969,0.7965593338012695
I1,2000,val192,val,1,ALL,FZYouHK_511M,4,1.2176270931959152,0.7777544558048248,1.346650391817093
I1,2000,val192,val,1,ALL,FZZHJW,4,1.1738460958003998,0.7719938457012177,1.5186814069747925
I1,2000,val192,val,1,ALL,FZZanMTJW_Te,4,1.2464129030704498,0.7770345360040665,1.2600177228450775
I1,2000,val192,val,1,ALL,FZZhongYSJW_Te,4,1.2606626600027084,0.7130736112594604,1.239382117986679
I1,2000,val192,val,1,latin,FZBangSKKXJW,4,0.8733469843864441,0.705117478966713,0.6687727943062782
I1,2000,val192,val,1,latin,FZCaoQBLSJW,4,1.3876895904541016,0.8544507622718811,0.4800065606832504
I1,2000,val192,val,1,latin,FZFWZhuZiHeiB,4,1.505757361650467,0.8359610438346863,0.9735500663518906
I1,2000,val192,val,1,latin,FZHengFSJW-T,4,1.2204098403453827,0.7621781080961227,1.1548708379268646
I1,2000,val192,val,1,latin,FZJunYTJW-H,4,1.0525546669960022,0.8002490699291229,0.8522688001394272
I1,2000,val192,val,1,latin,FZKANGJW,4,0.9032210409641266,0.7689274549484253,0.7405204735696316
I1,2000,val192,val,1,latin,FZKuaiHTJW_Te,4,0.67180997133255,0.6948710083961487,1.2690462172031403
I1,2000,val192,val,1,latin,FZLTHProGBK_H,4,1.0055555254220963,0.7688526809215546,0.8365523144602776
I1,2000,val192,val,1,latin,FZMiFXSJW,4,0.9677653163671494,0.8243949562311172,0.7553693037480116
I1,2000,val192,val,1,latin,FZQingYSJW-T,4,1.2769548296928406,0.80716472864151,1.1590228825807571
I1,2000,val192,val,1,latin,FZSongKBXKJW-EB,4,1.0151698142290115,0.7362466305494308,0.929350733757019
I1,2000,val192,val,1,latin,FZSuHJW,4,1.3347623348236084,0.7963941693305969,0.7965593338012695
I1,2000,val192,val,1,latin,FZYouHK_511M,4,1.2176270931959152,0.7777544558048248,1.346650391817093
I1,2000,val192,val,1,latin,FZZHJW,4,1.1738460958003998,0.7719938457012177,1.5186814069747925
I1,2000,val192,val,1,latin,FZZanMTJW_Te,4,1.2464129030704498,0.7770345360040665,1.2600177228450775
I1,2000,val192,val,1,latin,FZZhongYSJW_Te,4,1.2606626600027084,0.7130736112594604,1.239382117986679
I1,2000,val192,val,4,ALL,FZBangSKKXJW,4,0.7298648506402969,0.6321455836296082,0.6687727943062782
I1,2000,val192,val,4,ALL,FZCaoQBLSJW,4,1.3722396790981293,0.8724362105131149,0.4800065606832504
I1,2000,val192,val,4,ALL,FZFWZhuZiHeiB,4,1.533911556005478,0.8366896361112595,0.9735500663518906
I1,2000,val192,val,4,ALL,FZHengFSJW-T,4,1.16987943649292,0.7572762370109558,1.1548708379268646
I1,2000,val192,val,4,ALL,FZJunYTJW-H,4,0.9249127209186554,0.7754957377910614,0.8522688001394272
I1,2000,val192,val,4,ALL,FZKANGJW,4,0.7838136255741119,0.7167150527238846,0.7405204735696316
I1,2000,val192,val,4,ALL,FZKuaiHTJW_Te,4,1.1278242617845535,0.8339356034994125,1.2690462172031403
I1,2000,val192,val,4,ALL,FZLTHProGBK_H,4,1.079644113779068,0.7704927027225494,0.8365523144602776
I1,2000,val192,val,4,ALL,FZMiFXSJW,4,0.93317861109972,0.8060946017503738,0.7553693037480116
I1,2000,val192,val,4,ALL,FZQingYSJW-T,4,1.2691690325737,0.7970609962940216,1.1590228825807571
I1,2000,val192,val,4,ALL,FZSongKBXKJW-EB,4,1.0934230834245682,0.7554791271686554,0.929350733757019
I1,2000,val192,val,4,ALL,FZSuHJW,4,1.2414233088493347,0.798038125038147,0.7965593338012695
I1,2000,val192,val,4,ALL,FZYouHK_511M,4,1.2364115566015244,0.7842741906642914,1.346650391817093
I1,2000,val192,val,4,ALL,FZZHJW,4,1.3142051994800568,0.8073660880327225,1.5186814069747925
I1,2000,val192,val,4,ALL,FZZanMTJW_Te,4,1.2843573689460754,0.8063877820968628,1.2600177228450775
I1,2000,val192,val,4,ALL,FZZhongYSJW_Te,4,1.065216287970543,0.7303627133369446,1.239382117986679
I1,2000,val192,val,4,latin,FZBangSKKXJW,4,0.7298648506402969,0.6321455836296082,0.6687727943062782
I1,2000,val192,val,4,latin,FZCaoQBLSJW,4,1.3722396790981293,0.8724362105131149,0.4800065606832504
I1,2000,val192,val,4,latin,FZFWZhuZiHeiB,4,1.533911556005478,0.8366896361112595,0.9735500663518906
I1,2000,val192,val,4,latin,FZHengFSJW-T,4,1.16987943649292,0.7572762370109558,1.1548708379268646
I1,2000,val192,val,4,latin,FZJunYTJW-H,4,0.9249127209186554,0.7754957377910614,0.8522688001394272
I1,2000,val192,val,4,latin,FZKANGJW,4,0.7838136255741119,0.7167150527238846,0.7405204735696316
I1,2000,val192,val,4,latin,FZKuaiHTJW_Te,4,1.1278242617845535,0.8339356034994125,1.2690462172031403
I1,2000,val192,val,4,latin,FZLTHProGBK_H,4,1.079644113779068,0.7704927027225494,0.8365523144602776
I1,2000,val192,val,4,latin,FZMiFXSJW,4,0.93317861109972,0.8060946017503738,0.7553693037480116
I1,2000,val192,val,4,latin,FZQingYSJW-T,4,1.2691690325737,0.7970609962940216,1.1590228825807571
I1,2000,val192,val,4,latin,FZSongKBXKJW-EB,4,1.0934230834245682,0.7554791271686554,0.929350733757019
I1,2000,val192,val,4,latin,FZSuHJW,4,1.2414233088493347,0.798038125038147,0.7965593338012695
I1,2000,val192,val,4,latin,FZYouHK_511M,4,1.2364115566015244,0.7842741906642914,1.346650391817093
I1,2000,val192,val,4,latin,FZZHJW,4,1.3142051994800568,0.8073660880327225,1.5186814069747925
I1,2000,val192,val,4,latin,FZZanMTJW_Te,4,1.2843573689460754,0.8063877820968628,1.2600177228450775
I1,2000,val192,val,4,latin,FZZhongYSJW_Te,4,1.065216287970543,0.7303627133369446,1.239382117986679
I1,2000,val192,val,8,ALL,FZBangSKKXJW,4,0.9021103978157043,0.6893196552991867,0.6687727943062782
I1,2000,val192,val,8,ALL,FZCaoQBLSJW,4,1.3491579592227936,0.8501752763986588,0.4800065606832504
I1,2000,val192,val,8,ALL,FZFWZhuZiHeiB,4,1.5621166825294495,0.8433204889297485,0.9735500663518906
I1,2000,val192,val,8,ALL,FZHengFSJW-T,4,1.182581588625908,0.7636066377162933,1.1548708379268646
I1,2000,val192,val,8,ALL,FZJunYTJW-H,4,0.9843090176582336,0.7982047945261002,0.8522688001394272
I1,2000,val192,val,8,ALL,FZKANGJW,4,1.1097851395606995,0.7957650125026703,0.7405204735696316
I1,2000,val192,val,8,ALL,FZKuaiHTJW_Te,4,1.0520228296518326,0.8058755397796631,1.2690462172031403
I1,2000,val192,val,8,ALL,FZLTHProGBK_H,4,1.1890589594841003,0.7951938658952713,0.8365523144602776
I1,2000,val192,val,8,ALL,FZMiFXSJW,4,1.0470463782548904,0.8443534821271896,0.7553693037480116
I1,2000,val192,val,8,ALL,FZQingYSJW-T,4,1.2521425187587738,0.7926815450191498,1.1590228825807571
I1,2000,val192,val,8,ALL,FZSongKBXKJW-EB,4,0.8524788022041321,0.7109197527170181,0.929350733757019
I1,2000,val192,val,8,ALL,FZSuHJW,4,1.208082415163517,0.8276223987340927,0.7965593338012695
I1,2000,val192,val,8,ALL,FZYouHK_511M,4,1.2215680032968521,0.782496452331543,1.346650391817093
I1,2000,val192,val,8,ALL,FZZHJW,4,1.3507950454950333,0.8110928386449814,1.5186814069747925
I1,2000,val192,val,8,ALL,FZZanMTJW_Te,4,1.2871600538492203,0.8159152567386627,1.2600177228450775
I1,2000,val192,val,8,ALL,FZZhongYSJW_Te,4,1.172553613781929,0.7350327670574188,1.239382117986679
I1,2000,val192,val,8,latin,FZBangSKKXJW,4,0.9021103978157043,0.6893196552991867,0.6687727943062782
I1,2000,val192,val,8,latin,FZCaoQBLSJW,4,1.3491579592227936,0.8501752763986588,0.4800065606832504
I1,2000,val192,val,8,latin,FZFWZhuZiHeiB,4,1.5621166825294495,0.8433204889297485,0.9735500663518906
I1,2000,val192,val,8,latin,FZHengFSJW-T,4,1.182581588625908,0.7636066377162933,1.1548708379268646
I1,2000,val192,val,8,latin,FZJunYTJW-H,4,0.9843090176582336,0.7982047945261002,0.8522688001394272
I1,2000,val192,val,8,latin,FZKANGJW,4,1.1097851395606995,0.7957650125026703,0.7405204735696316
I1,2000,val192,val,8,latin,FZKuaiHTJW_Te,4,1.0520228296518326,0.8058755397796631,1.2690462172031403
I1,2000,val192,val,8,latin,FZLTHProGBK_H,4,1.1890589594841003,0.7951938658952713,0.8365523144602776
I1,2000,val192,val,8,latin,FZMiFXSJW,4,1.0470463782548904,0.8443534821271896,0.7553693037480116
I1,2000,val192,val,8,latin,FZQingYSJW-T,4,1.2521425187587738,0.7926815450191498,1.1590228825807571
I1,2000,val192,val,8,latin,FZSongKBXKJW-EB,4,0.8524788022041321,0.7109197527170181,0.929350733757019
I1,2000,val192,val,8,latin,FZSuHJW,4,1.208082415163517,0.8276223987340927,0.7965593338012695
I1,2000,val192,val,8,latin,FZYouHK_511M,4,1.2215680032968521,0.782496452331543,1.346650391817093
I1,2000,val192,val,8,latin,FZZHJW,4,1.3507950454950333,0.8110928386449814,1.5186814069747925
I1,2000,val192,val,8,latin,FZZanMTJW_Te,4,1.2871600538492203,0.8159152567386627,1.2600177228450775
I1,2000,val192,val,8,latin,FZZhongYSJW_Te,4,1.172553613781929,0.7350327670574188,1.239382117986679
I1,2000,val192,val,ALL,ALL,FZBangSKKXJW,12,0.8351074109474818,0.6755275726318359,0.6687727943062782
I1,2000,val192,val,ALL,ALL,FZCaoQBLSJW,12,1.369695742925008,0.8590207497278849,0.4800065606832504
I1,2000,val192,val,ALL,ALL,FZFWZhuZiHeiB,12,1.5339285333951314,0.8386570562918981,0.9735500663518906
I1,2000,val192,val,ALL,ALL,FZHengFSJW-T,12,1.1909569551547368,0.7610203276077906,1.1548708379268646
I1,2000,val192,val,ALL,ALL,FZJunYTJW-H,12,0.9872588018576304,0.7913165340820948,0.8522688001394272
I1,2000,val192,val,ALL,ALL,FZKANGJW,12,0.932273268699646,0.7604691733916601,0.7405204735696316
I1,2000,val192,val,ALL,ALL,FZKuaiHTJW_Te,12,0.950552354256312,0.7782273838917414,1.2690462172031403
I1,2000,val192,val,ALL,ALL,FZLTHProGBK_H,12,1.0914195328950882,0.7781797498464584,0.8365523144602776
I1,2000,val192,val,ALL,ALL,FZMiFXSJW,12,0.9826634352405866,0.8249476800362269,0.7553693037480116
I1,2000,val192,val,ALL,ALL,FZQingYSJW-T,12,1.2660887936751049,0.7989690899848938,1.1590228825807571
I1,2000,val192,val,ALL,ALL,FZSongKBXKJW-EB,12,0.9870238999525706,0.7342151701450348,0.929350733757019
I1,2000,val192,val,ALL,ALL,FZSuHJW,12,1.26142268627882,0.8073515643676122,0.7965593338012695
I1,2000,val192,val,ALL,ALL,FZYouHK_511M,12,1.2252022176980972,0.7815083662668864,1.346650391817093
I1,2000,val192,val,ALL,ALL,FZZHJW,12,1.2796154469251633,0.7968175907929739,1.5186814069747925
I1,2000,val192,val,ALL,ALL,FZZanMTJW_Te,12,1.2726434419552486,0.7997791916131973,1.2600177228450775
I1,2000,val192,val,ALL,ALL,FZZhongYSJW_Te,12,1.1661441872517269,0.7261563638846079,1.239382117986679
I1,2000,val192,val,ALL,latin,FZBangSKKXJW,12,0.8351074109474818,0.6755275726318359,0.6687727943062782
I1,2000,val192,val,ALL,latin,FZCaoQBLSJW,12,1.369695742925008,0.8590207497278849,0.4800065606832504
I1,2000,val192,val,ALL,latin,FZFWZhuZiHeiB,12,1.5339285333951314,0.8386570562918981,0.9735500663518906
I1,2000,val192,val,ALL,latin,FZHengFSJW-T,12,1.1909569551547368,0.7610203276077906,1.1548708379268646
I1,2000,val192,val,ALL,latin,FZJunYTJW-H,12,0.9872588018576304,0.7913165340820948,0.8522688001394272
I1,2000,val192,val,ALL,latin,FZKANGJW,12,0.932273268699646,0.7604691733916601,0.7405204735696316
I1,2000,val192,val,ALL,latin,FZKuaiHTJW_Te,12,0.950552354256312,0.7782273838917414,1.2690462172031403
I1,2000,val192,val,ALL,latin,FZLTHProGBK_H,12,1.0914195328950882,0.7781797498464584,0.8365523144602776
I1,2000,val192,val,ALL,latin,FZMiFXSJW,12,0.9826634352405866,0.8249476800362269,0.7553693037480116
I1,2000,val192,val,ALL,latin,FZQingYSJW-T,12,1.2660887936751049,0.7989690899848938,1.1590228825807571
I1,2000,val192,val,ALL,latin,FZSongKBXKJW-EB,12,0.9870238999525706,0.7342151701450348,0.929350733757019
I1,2000,val192,val,ALL,latin,FZSuHJW,12,1.26142268627882,0.8073515643676122,0.7965593338012695
I1,2000,val192,val,ALL,latin,FZYouHK_511M,12,1.2252022176980972,0.7815083662668864,1.346650391817093
I1,2000,val192,val,ALL,latin,FZZHJW,12,1.2796154469251633,0.7968175907929739,1.5186814069747925
I1,2000,val192,val,ALL,latin,FZZanMTJW_Te,12,1.2726434419552486,0.7997791916131973,1.2600177228450775
I1,2000,val192,val,ALL,latin,FZZhongYSJW_Te,12,1.1661441872517269,0.7261563638846079,1.239382117986679
I1,4000,val192,val,1,ALL,FZBangSKKXJW,4,0.9844990372657776,0.7164981514215469,0.6687727943062782
I1,4000,val192,val,1,ALL,FZCaoQBLSJW,4,1.344430834054947,0.8468277901411057,0.4800065606832504
I1,4000,val192,val,1,ALL,FZFWZhuZiHeiB,4,1.4957908689975739,0.8335979282855988,0.9735500663518906
I1,4000,val192,val,1,ALL,FZHengFSJW-T,4,1.1450939923524857,0.7404565513134003,1.1548708379268646
I1,4000,val192,val,1,ALL,FZJunYTJW-H,4,0.9855028390884399,0.7794574350118637,0.8522688001394272
I1,4000,val192,val,1,ALL,FZKANGJW,4,0.6188230514526367,0.7435344904661179,0.7405204735696316
I1,4000,val192,val,1,ALL,FZKuaiHTJW_Te,4,0.5207483395934105,0.6981360614299774,1.2690462172031403
I1,4000,val192,val,1,ALL,FZLTHProGBK_H,4,1.1248628050088882,0.7830865830183029,0.8365523144602776
I1,4000,val192,val,1,ALL,FZMiFXSJW,4,0.9709480106830597,0.8258647173643112,0.7553693037480116
I1,4000,val192,val,1,ALL,FZQingYSJW-T,4,1.2496995329856873,0.7903414070606232,1.1590228825807571
I1,4000,val192,val,1,ALL,FZSongKBXKJW-EB,4,0.8692067116498947,0.7037909775972366,0.929350733757019
I1,4000,val192,val,1,ALL,FZSuHJW,4,1.3871103823184967,0.8119495660066605,0.7965593338012695
I1,4000,val192,val,1,ALL,FZYouHK_511M,4,1.2554569095373154,0.7828484028577805,1.346650391817093
I1,4000,val192,val,1,ALL,FZZHJW,4,1.3320926427841187,0.8250183165073395,1.5186814069747925
I1,4000,val192,val,1,ALL,FZZanMTJW_Te,4,1.2043197453022003,0.75169637799263,1.2600177228450775
I1,4000,val192,val,1,ALL,FZZhongYSJW_Te,4,1.2563550025224686,0.699969619512558,1.239382117986679
I1,4000,val192,val,1,latin,FZBangSKKXJW,4,0.9844990372657776,0.7164981514215469,0.6687727943062782
I1,4000,val192,val,1,latin,FZCaoQBLSJW,4,1.344430834054947,0.8468277901411057,0.4800065606832504
I1,4000,val192,val,1,latin,FZFWZhuZiHeiB,4,1.4957908689975739,0.8335979282855988,0.9735500663518906
I1,4000,val192,val,1,latin,FZHengFSJW-T,4,1.1450939923524857,0.7404565513134003,1.1548708379268646
I1,4000,val192,val,1,latin,FZJunYTJW-H,4,0.9855028390884399,0.7794574350118637,0.8522688001394272
I1,4000,val192,val,1,latin,FZKANGJW,4,0.6188230514526367,0.7435344904661179,0.7405204735696316
I1,4000,val192,val,1,latin,FZKuaiHTJW_Te,4,0.5207483395934105,0.6981360614299774,1.2690462172031403
I1,4000,val192,val,1,latin,FZLTHProGBK_H,4,1.1248628050088882,0.7830865830183029,0.8365523144602776
I1,4000,val192,val,1,latin,FZMiFXSJW,4,0.9709480106830597,0.8258647173643112,0.7553693037480116
I1,4000,val192,val,1,latin,FZQingYSJW-T,4,1.2496995329856873,0.7903414070606232,1.1590228825807571
I1,4000,val192,val,1,latin,FZSongKBXKJW-EB,4,0.8692067116498947,0.7037909775972366,0.929350733757019
I1,4000,val192,val,1,latin,FZSuHJW,4,1.3871103823184967,0.8119495660066605,0.7965593338012695
I1,4000,val192,val,1,latin,FZYouHK_511M,4,1.2554569095373154,0.7828484028577805,1.346650391817093
I1,4000,val192,val,1,latin,FZZHJW,4,1.3320926427841187,0.8250183165073395,1.5186814069747925
I1,4000,val192,val,1,latin,FZZanMTJW_Te,4,1.2043197453022003,0.75169637799263,1.2600177228450775
I1,4000,val192,val,1,latin,FZZhongYSJW_Te,4,1.2563550025224686,0.699969619512558,1.239382117986679
I1,4000,val192,val,4,ALL,FZBangSKKXJW,4,0.8180753588676453,0.6561934947967529,0.6687727943062782
I1,4000,val192,val,4,ALL,FZCaoQBLSJW,4,1.3882631659507751,0.8708803355693817,0.4800065606832504
I1,4000,val192,val,4,ALL,FZFWZhuZiHeiB,4,1.4025543332099915,0.808815062046051,0.9735500663518906
I1,4000,val192,val,4,ALL,FZHengFSJW-T,4,1.1390166729688644,0.7456000745296478,1.1548708379268646
I1,4000,val192,val,4,ALL,FZJunYTJW-H,4,0.8102243542671204,0.7528450787067413,0.8522688001394272
I1,4000,val192,val,4,ALL,FZKANGJW,4,0.5771269612014294,0.6812466382980347,0.7405204735696316
I1,4000,val192,val,4,ALL,FZKuaiHTJW_Te,4,1.0030825436115265,0.80521360039711,1.2690462172031403
I1,4000,val192,val,4,ALL,FZLTHProGBK_H,4,0.8948957026004791,0.7303482443094254,0.8365523144602776
I1,4000,val192,val,4,ALL,FZMiFXSJW,4,0.9823230654001236,0.8419871479272842,0.7553693037480116
I1,4000,val192,val,4,ALL,FZQingYSJW-T,4,1.2413491606712341,0.7912308126688004,1.1590228825807571
I1,4000,val192,val,4,ALL,FZSongKBXKJW-EB,4,1.0423442274332047,0.7334546595811844,0.929350733757019
I1,4000,val192,val,4,ALL,FZSuHJW,4,1.3988544046878815,0.835813894867897,0.7965593338012695
I1,4000,val192,val,4,ALL,FZYouHK_511M,4,1.2422409057617188,0.7837255597114563,1.346650391817093
I1,4000,val192,val,4,ALL,FZZHJW,4,1.2856775224208832,0.8082371354103088,1.5186814069747925
I1,4000,val192,val,4,ALL,FZZanMTJW_Te,4,1.2159248292446136,0.780702754855156,1.2600177228450775
I1,4000,val192,val,4,ALL,FZZhongYSJW_Te,4,1.0839932262897491,0.7405601888895035,1.239382117986679
I1,4000,val192,val,4,latin,FZBangSKKXJW,4,0.8180753588676453,0.6561934947967529,0.6687727943062782
I1,4000,val192,val,4,latin,FZCaoQBLSJW,4,1.3882631659507751,0.8708803355693817,0.4800065606832504
I1,4000,val192,val,4,latin,FZFWZhuZiHeiB,4,1.4025543332099915,0.808815062046051,0.9735500663518906
I1,4000,val192,val,4,latin,FZHengFSJW-T,4,1.1390166729688644,0.7456000745296478,1.1548708379268646
I1,4000,val192,val,4,latin,FZJunYTJW-H,4,0.8102243542671204,0.7528450787067413,0.8522688001394272
I1,4000,val192,val,4,latin,FZKANGJW,4,0.5771269612014294,0.6812466382980347,0.7405204735696316
I1,4000,val192,val,4,latin,FZKuaiHTJW_Te,4,1.0030825436115265,0.80521360039711,1.2690462172031403
I1,4000,val192,val,4,latin,FZLTHProGBK_H,4,0.8948957026004791,0.7303482443094254,0.8365523144602776
I1,4000,val192,val,4,latin,FZMiFXSJW,4,0.9823230654001236,0.8419871479272842,0.7553693037480116
I1,4000,val192,val,4,latin,FZQingYSJW-T,4,1.2413491606712341,0.7912308126688004,1.1590228825807571
I1,4000,val192,val,4,latin,FZSongKBXKJW-EB,4,1.0423442274332047,0.7334546595811844,0.929350733757019
I1,4000,val192,val,4,latin,FZSuHJW,4,1.3988544046878815,0.835813894867897,0.7965593338012695
I1,4000,val192,val,4,latin,FZYouHK_511M,4,1.2422409057617188,0.7837255597114563,1.346650391817093
I1,4000,val192,val,4,latin,FZZHJW,4,1.2856775224208832,0.8082371354103088,1.5186814069747925
I1,4000,val192,val,4,latin,FZZanMTJW_Te,4,1.2159248292446136,0.780702754855156,1.2600177228450775
I1,4000,val192,val,4,latin,FZZhongYSJW_Te,4,1.0839932262897491,0.7405601888895035,1.239382117986679
I1,4000,val192,val,8,ALL,FZBangSKKXJW,4,0.9100493341684341,0.6907939463853836,0.6687727943062782
I1,4000,val192,val,8,ALL,FZCaoQBLSJW,4,1.4188528060913086,0.86728934943676,0.4800065606832504
I1,4000,val192,val,8,ALL,FZFWZhuZiHeiB,4,1.5172225832939148,0.8421078026294708,0.9735500663518906
I1,4000,val192,val,8,ALL,FZHengFSJW-T,4,1.1498163938522339,0.7427540123462677,1.1548708379268646
I1,4000,val192,val,8,ALL,FZJunYTJW-H,4,0.6699586436152458,0.7248369455337524,0.8522688001394272
I1,4000,val192,val,8,ALL,FZKANGJW,4,1.0293162316083908,0.7907871454954147,0.7405204735696316
I1,4000,val192,val,8,ALL,FZKuaiHTJW_Te,4,1.0766970962285995,0.8023523241281509,1.2690462172031403
I1,4000,val192,val,8,ALL,FZLTHProGBK_H,4,1.1757835894823074,0.7912265062332153,0.8365523144602776
I1,4000,val192,val,8,ALL,FZMiFXSJW,4,0.9789168611168861,0.8273745626211166,0.7553693037480116
I1,4000,val192,val,8,ALL,FZQingYSJW-T,4,1.229318231344223,0.7831990271806717,1.1590228825807571
I1,4000,val192,val,8,ALL,FZSongKBXKJW-EB,4,0.815758541226387,0.6941742300987244,0.929350733757019
I1,4000,val192,val,8,ALL,FZSuHJW,4,1.3269036412239075,0.8383353799581528,0.7965593338012695
I1,4000,val192,val,8,ALL,FZYouHK_511M,4,1.16802878677845,0.7770263850688934,1.346650391817093
I1,4000,val192,val,8,ALL,FZZHJW,4,1.3205923736095428,0.8158071041107178,1.5186814069747925
I1,4000,val192,val,8,ALL,FZZanMTJW_Te,4,1.1491313129663467,0.7786860466003418,1.2600177228450775
I1,4000,val192,val,8,ALL,FZZhongYSJW_Te,4,1.0460468232631683,0.7359102070331573,1.239382117986679
I1,4000,val192,val,8,latin,FZBangSKKXJW,4,0.9100493341684341,0.6907939463853836,0.6687727943062782
I1,4000,val192,val,8,latin,FZCaoQBLSJW,4,1.4188528060913086,0.86728934943676,0.4800065606832504
I1,4000,val192,val,8,latin,FZFWZhuZiHeiB,4,1.5172225832939148,0.8421078026294708,0.9735500663518906
I1,4000,val192,val,8,latin,FZHengFSJW-T,4,1.1498163938522339,0.7427540123462677,1.1548708379268646
I1,4000,val192,val,8,latin,FZJunYTJW-H,4,0.6699586436152458,0.7248369455337524,0.8522688001394272
I1,4000,val192,val,8,latin,FZKANGJW,4,1.0293162316083908,0.7907871454954147,0.7405204735696316
I1,4000,val192,val,8,latin,FZKuaiHTJW_Te,4,1.0766970962285995,0.8023523241281509,1.2690462172031403
I1,4000,val192,val,8,latin,FZLTHProGBK_H,4,1.1757835894823074,0.7912265062332153,0.8365523144602776
I1,4000,val192,val,8,latin,FZMiFXSJW,4,0.9789168611168861,0.8273745626211166,0.7553693037480116
I1,4000,val192,val,8,latin,FZQingYSJW-T,4,1.229318231344223,0.7831990271806717,1.1590228825807571
I1,4000,val192,val,8,latin,FZSongKBXKJW-EB,4,0.815758541226387,0.6941742300987244,0.929350733757019
I1,4000,val192,val,8,latin,FZSuHJW,4,1.3269036412239075,0.8383353799581528,0.7965593338012695
I1,4000,val192,val,8,latin,FZYouHK_511M,4,1.16802878677845,0.7770263850688934,1.346650391817093
I1,4000,val192,val,8,latin,FZZHJW,4,1.3205923736095428,0.8158071041107178,1.5186814069747925
I1,4000,val192,val,8,latin,FZZanMTJW_Te,4,1.1491313129663467,0.7786860466003418,1.2600177228450775
I1,4000,val192,val,8,latin,FZZhongYSJW_Te,4,1.0460468232631683,0.7359102070331573,1.239382117986679
I1,4000,val192,val,ALL,ALL,FZBangSKKXJW,12,0.904207910100619,0.6878285308678945,0.6687727943062782
I1,4000,val192,val,ALL,ALL,FZCaoQBLSJW,12,1.3838489353656769,0.8616658250490824,0.4800065606832504
I1,4000,val192,val,ALL,ALL,FZFWZhuZiHeiB,12,1.4718559285004933,0.8281735976537069,0.9735500663518906
I1,4000,val192,val,ALL,ALL,FZHengFSJW-T,12,1.1446423530578613,0.7429368793964386,1.1548708379268646
I1,4000,val192,val,ALL,ALL,FZJunYTJW-H,12,0.8218952789902687,0.7523798197507858,0.8522688001394272
I1,4000,val192,val,ALL,ALL,FZKANGJW,12,0.7417554147541523,0.7385227580865225,0.7405204735696316
I1,4000,val192,val,ALL,ALL,FZKuaiHTJW_Te,12,0.8668426598111788,0.7685673286517462,1.2690462172031403
I1,4000,val192,val,ALL,ALL,FZLTHProGBK_H,12,1.0651806990305583,0.7682204445203146,0.8365523144602776
I1,4000,val192,val,ALL,ALL,FZMiFXSJW,12,0.9773959790666898,0.8317421426375707,0.7553693037480116
I1,4000,val192,val,ALL,ALL,FZQingYSJW-T,12,1.2401223083337147,0.7882570823033651,1.1590228825807571
I1,4000,val192,val,ALL,ALL,FZSongKBXKJW-EB,12,0.9091031601031622,0.7104732890923818,0.929350733757019
I1,4000,val192,val,ALL,ALL,FZSuHJW,12,1.3709561427434285,0.8286996136109034,0.7965593338012695
I1,4000,val192,val,ALL,ALL,FZYouHK_511M,12,1.2219088673591614,0.7812001158793768,1.346650391817093
I1,4000,val192,val,ALL,ALL,FZZHJW,12,1.3127875129381816,0.8163541853427887,1.5186814069747925
I1,4000,val192,val,ALL,ALL,FZZanMTJW_Te,12,1.189791962504387,0.7703617264827093,1.2600177228450775
I1,4000,val192,val,ALL,ALL,FZZhongYSJW_Te,12,1.1287983506917953,0.7254800051450729,1.239382117986679
I1,4000,val192,val,ALL,latin,FZBangSKKXJW,12,0.904207910100619,0.6878285308678945,0.6687727943062782
I1,4000,val192,val,ALL,latin,FZCaoQBLSJW,12,1.3838489353656769,0.8616658250490824,0.4800065606832504
I1,4000,val192,val,ALL,latin,FZFWZhuZiHeiB,12,1.4718559285004933,0.8281735976537069,0.9735500663518906
I1,4000,val192,val,ALL,latin,FZHengFSJW-T,12,1.1446423530578613,0.7429368793964386,1.1548708379268646
I1,4000,val192,val,ALL,latin,FZJunYTJW-H,12,0.8218952789902687,0.7523798197507858,0.8522688001394272
I1,4000,val192,val,ALL,latin,FZKANGJW,12,0.7417554147541523,0.7385227580865225,0.7405204735696316
I1,4000,val192,val,ALL,latin,FZKuaiHTJW_Te,12,0.8668426598111788,0.7685673286517462,1.2690462172031403
I1,4000,val192,val,ALL,latin,FZLTHProGBK_H,12,1.0651806990305583,0.7682204445203146,0.8365523144602776
I1,4000,val192,val,ALL,latin,FZMiFXSJW,12,0.9773959790666898,0.8317421426375707,0.7553693037480116
I1,4000,val192,val,ALL,latin,FZQingYSJW-T,12,1.2401223083337147,0.7882570823033651,1.1590228825807571
I1,4000,val192,val,ALL,latin,FZSongKBXKJW-EB,12,0.9091031601031622,0.7104732890923818,0.929350733757019
I1,4000,val192,val,ALL,latin,FZSuHJW,12,1.3709561427434285,0.8286996136109034,0.7965593338012695
I1,4000,val192,val,ALL,latin,FZYouHK_511M,12,1.2219088673591614,0.7812001158793768,1.346650391817093
I1,4000,val192,val,ALL,latin,FZZHJW,12,1.3127875129381816,0.8163541853427887,1.5186814069747925
I1,4000,val192,val,ALL,latin,FZZanMTJW_Te,12,1.189791962504387,0.7703617264827093,1.2600177228450775
I1,4000,val192,val,ALL,latin,FZZhongYSJW_Te,12,1.1287983506917953,0.7254800051450729,1.239382117986679
I1,6000,val192,val,1,ALL,FZBangSKKXJW,4,0.9807504266500473,0.7193405628204346,0.6687727943062782
I1,6000,val192,val,1,ALL,FZCaoQBLSJW,4,1.358218252658844,0.8602211177349091,0.4800065606832504
I1,6000,val192,val,1,ALL,FZFWZhuZiHeiB,4,1.5903315842151642,0.8472934365272522,0.9735500663518906
I1,6000,val192,val,1,ALL,FZHengFSJW-T,4,1.1587474197149277,0.74889075756073,1.1548708379268646
I1,6000,val192,val,1,ALL,FZJunYTJW-H,4,1.0518410056829453,0.7874723076820374,0.8522688001394272
I1,6000,val192,val,1,ALL,FZKANGJW,4,0.8076115399599075,0.7510612308979034,0.7405204735696316
I1,6000,val192,val,1,ALL,FZKuaiHTJW_Te,4,0.44600534066557884,0.681594118475914,1.2690462172031403
I1,6000,val192,val,1,ALL,FZLTHProGBK_H,4,1.2856226861476898,0.803766593337059,0.8365523144602776
I1,6000,val192,val,1,ALL,FZMiFXSJW,4,0.9654356688261032,0.8096329867839813,0.7553693037480116
I1,6000,val192,val,1,ALL,FZQingYSJW-T,4,1.2472154200077057,0.7814487665891647,1.1590228825807571
I1,6000,val192,val,1,ALL,FZSongKBXKJW-EB,4,0.747936075553298,0.6761398166418076,0.929350733757019
I1,6000,val192,val,1,ALL,FZSuHJW,4,1.2956706583499908,0.7928605526685715,0.7965593338012695
I1,6000,val192,val,1,ALL,FZYouHK_511M,4,1.2837902456521988,0.7886209785938263,1.346650391817093
I1,6000,val192,val,1,ALL,FZZHJW,4,1.2676517069339752,0.8070520460605621,1.5186814069747925
I1,6000,val192,val,1,ALL,FZZanMTJW_Te,4,1.2187290489673615,0.7878252565860748,1.2600177228450775
I1,6000,val192,val,1,ALL,FZZhongYSJW_Te,4,1.241677165031433,0.7040528357028961,1.239382117986679
I1,6000,val192,val,1,latin,FZBangSKKXJW,4,0.9807504266500473,0.7193405628204346,0.6687727943062782
I1,6000,val192,val,1,latin,FZCaoQBLSJW,4,1.358218252658844,0.8602211177349091,0.4800065606832504
I1,6000,val192,val,1,latin,FZFWZhuZiHeiB,4,1.5903315842151642,0.8472934365272522,0.9735500663518906
I1,6000,val192,val,1,latin,FZHengFSJW-T,4,1.1587474197149277,0.74889075756073,1.1548708379268646
I1,6000,val192,val,1,latin,FZJunYTJW-H,4,1.0518410056829453,0.7874723076820374,0.8522688001394272
I1,6000,val192,val,1,latin,FZKANGJW,4,0.8076115399599075,0.7510612308979034,0.7405204735696316
I1,6000,val192,val,1,latin,FZKuaiHTJW_Te,4,0.44600534066557884,0.681594118475914,1.2690462172031403
I1,6000,val192,val,1,latin,FZLTHProGBK_H,4,1.2856226861476898,0.803766593337059,0.8365523144602776
I1,6000,val192,val,1,latin,FZMiFXSJW,4,0.9654356688261032,0.8096329867839813,0.7553693037480116
I1,6000,val192,val,1,latin,FZQingYSJW-T,4,1.2472154200077057,0.7814487665891647,1.1590228825807571
I1,6000,val192,val,1,latin,FZSongKBXKJW-EB,4,0.747936075553298,0.6761398166418076,0.929350733757019
I1,6000,val192,val,1,latin,FZSuHJW,4,1.2956706583499908,0.7928605526685715,0.7965593338012695
I1,6000,val192,val,1,latin,FZYouHK_511M,4,1.2837902456521988,0.7886209785938263,1.346650391817093
I1,6000,val192,val,1,latin,FZZHJW,4,1.2676517069339752,0.8070520460605621,1.5186814069747925
I1,6000,val192,val,1,latin,FZZanMTJW_Te,4,1.2187290489673615,0.7878252565860748,1.2600177228450775
I1,6000,val192,val,1,latin,FZZhongYSJW_Te,4,1.241677165031433,0.7040528357028961,1.239382117986679
I1,6000,val192,val,4,ALL,FZBangSKKXJW,4,0.6741526424884796,0.6090219616889954,0.6687727943062782
I1,6000,val192,val,4,ALL,FZCaoQBLSJW,4,1.3712313771247864,0.8679570108652115,0.4800065606832504
I1,6000,val192,val,4,ALL,FZFWZhuZiHeiB,4,1.4165749847888947,0.8208771497011185,0.9735500663518906
I1,6000,val192,val,4,ALL,FZHengFSJW-T,4,1.151260256767273,0.753044530749321,1.1548708379268646
I1,6000,val192,val,4,ALL,FZJunYTJW-H,4,0.8992935344576836,0.7877567112445831,0.8522688001394272
I1,6000,val192,val,4,ALL,FZKANGJW,4,0.6794184893369675,0.6711354702711105,0.7405204735696316
I1,6000,val192,val,4,ALL,FZKuaiHTJW_Te,4,1.187065988779068,0.8392253220081329,1.2690462172031403
I1,6000,val192,val,4,ALL,FZLTHProGBK_H,4,1.1726272702217102,0.7713732272386551,0.8365523144602776
I1,6000,val192,val,4,ALL,FZMiFXSJW,4,1.0381931513547897,0.8412246853113174,0.7553693037480116
I1,6000,val192,val,4,ALL,FZQingYSJW-T,4,1.245627611875534,0.7941807806491852,1.1590228825807571
I1,6000,val192,val,4,ALL,FZSongKBXKJW-EB,4,0.9466500878334045,0.7072664350271225,0.929350733757019
I1,6000,val192,val,4,ALL,FZSuHJW,4,1.4222525358200073,0.8453578054904938,0.7965593338012695
I1,6000,val192,val,4,ALL,FZYouHK_511M,4,1.277904987335205,0.7916847467422485,1.346650391817093
I1,6000,val192,val,4,ALL,FZZHJW,4,1.3740959763526917,0.8346881717443466,1.5186814069747925
I1,6000,val192,val,4,ALL,FZZanMTJW_Te,4,1.2594957053661346,0.8247274309396744,1.2600177228450775
I1,6000,val192,val,4,ALL,FZZhongYSJW_Te,4,1.1388107687234879,0.7508712559938431,1.239382117986679
I1,6000,val192,val,4,latin,FZBangSKKXJW,4,0.6741526424884796,0.6090219616889954,0.6687727943062782
I1,6000,val192,val,4,latin,FZCaoQBLSJW,4,1.3712313771247864,0.8679570108652115,0.4800065606832504
I1,6000,val192,val,4,latin,FZFWZhuZiHeiB,4,1.4165749847888947,0.8208771497011185,0.9735500663518906
I1,6000,val192,val,4,latin,FZHengFSJW-T,4,1.151260256767273,0.753044530749321,1.1548708379268646
I1,6000,val192,val,4,latin,FZJunYTJW-H,4,0.8992935344576836,0.7877567112445831,0.8522688001394272
I1,6000,val192,val,4,latin,FZKANGJW,4,0.6794184893369675,0.6711354702711105,0.7405204735696316
I1,6000,val192,val,4,latin,FZKuaiHTJW_Te,4,1.187065988779068,0.8392253220081329,1.2690462172031403
I1,6000,val192,val,4,latin,FZLTHProGBK_H,4,1.1726272702217102,0.7713732272386551,0.8365523144602776
I1,6000,val192,val,4,latin,FZMiFXSJW,4,1.0381931513547897,0.8412246853113174,0.7553693037480116
I1,6000,val192,val,4,latin,FZQingYSJW-T,4,1.245627611875534,0.7941807806491852,1.1590228825807571
I1,6000,val192,val,4,latin,FZSongKBXKJW-EB,4,0.9466500878334045,0.7072664350271225,0.929350733757019
I1,6000,val192,val,4,latin,FZSuHJW,4,1.4222525358200073,0.8453578054904938,0.7965593338012695
I1,6000,val192,val,4,latin,FZYouHK_511M,4,1.277904987335205,0.7916847467422485,1.346650391817093
I1,6000,val192,val,4,latin,FZZHJW,4,1.3740959763526917,0.8346881717443466,1.5186814069747925
I1,6000,val192,val,4,latin,FZZanMTJW_Te,4,1.2594957053661346,0.8247274309396744,1.2600177228450775
I1,6000,val192,val,4,latin,FZZhongYSJW_Te,4,1.1388107687234879,0.7508712559938431,1.239382117986679
I1,6000,val192,val,8,ALL,FZBangSKKXJW,4,0.8174205720424652,0.6272685527801514,0.6687727943062782
I1,6000,val192,val,8,ALL,FZCaoQBLSJW,4,1.288375973701477,0.8433614820241928,0.4800065606832504
I1,6000,val192,val,8,ALL,FZFWZhuZiHeiB,4,1.4918593764305115,0.8370473682880402,0.9735500663518906
I1,6000,val192,val,8,ALL,FZHengFSJW-T,4,1.1499142944812775,0.7646460384130478,1.1548708379268646
I1,6000,val192,val,8,ALL,FZJunYTJW-H,4,0.6982680261135101,0.7315268069505692,0.8522688001394272
I1,6000,val192,val,8,ALL,FZKANGJW,4,1.1504234373569489,0.7943229228258133,0.7405204735696316
I1,6000,val192,val,8,ALL,FZKuaiHTJW_Te,4,1.128317728638649,0.8122719824314117,1.2690462172031403
I1,6000,val192,val,8,ALL,FZLTHProGBK_H,4,1.3060371428728104,0.8065088540315628,0.8365523144602776
I1,6000,val192,val,8,ALL,FZMiFXSJW,4,0.9547994360327721,0.8183162212371826,0.7553693037480116
I1,6000,val192,val,8,ALL,FZQingYSJW-T,4,1.2651265859603882,0.792079970240593,1.1590228825807571
I1,6000,val192,val,8,ALL,FZSongKBXKJW-EB,4,0.7302956804633141,0.6515413224697113,0.929350733757019
I1,6000,val192,val,8,ALL,FZSuHJW,4,1.3601904809474945,0.8476700931787491,0.7965593338012695
I1,6000,val192,val,8,ALL,FZYouHK_511M,4,1.233839511871338,0.7894800752401352,1.346650391817093
I1,6000,val192,val,8,ALL,FZZHJW,4,1.3594104647636414,0.8340923190116882,1.5186814069747925
I1,6000,val192,val,8,ALL,FZZanMTJW_Te,4,1.20723557472229,0.8144112527370453,1.2600177228450775
I1,6000,val192,val,8,ALL,FZZhongYSJW_Te,4,1.087947353720665,0.7348361611366272,1.239382117986679
I1,6000,val192,val,8,latin,FZBangSKKXJW,4,0.8174205720424652,0.6272685527801514,0.6687727943062782
I1,6000,val192,val,8,latin,FZCaoQBLSJW,4,1.288375973701477,0.8433614820241928,0.4800065606832504
I1,6000,val192,val,8,latin,FZFWZhuZiHeiB,4,1.4918593764305115,0.8370473682880402,0.9735500663518906
I1,6000,val192,val,8,latin,FZHengFSJW-T,4,1.1499142944812775,0.7646460384130478,1.1548708379268646
I1,6000,val192,val,8,latin,FZJunYTJW-H,4,0.6982680261135101,0.7315268069505692,0.8522688001394272
I1,6000,val192,val,8,latin,FZKANGJW,4,1.1504234373569489,0.7943229228258133,0.7405204735696316
I1,6000,val192,val,8,latin,FZKuaiHTJW_Te,4,1.128317728638649,0.8122719824314117,1.2690462172031403
I1,6000,val192,val,8,latin,FZLTHProGBK_H,4,1.3060371428728104,0.8065088540315628,0.8365523144602776
I1,6000,val192,val,8,latin,FZMiFXSJW,4,0.9547994360327721,0.8183162212371826,0.7553693037480116
I1,6000,val192,val,8,latin,FZQingYSJW-T,4,1.2651265859603882,0.792079970240593,1.1590228825807571
I1,6000,val192,val,8,latin,FZSongKBXKJW-EB,4,0.7302956804633141,0.6515413224697113,0.929350733757019
I1,6000,val192,val,8,latin,FZSuHJW,4,1.3601904809474945,0.8476700931787491,0.7965593338012695
I1,6000,val192,val,8,latin,FZYouHK_511M,4,1.233839511871338,0.7894800752401352,1.346650391817093
I1,6000,val192,val,8,latin,FZZHJW,4,1.3594104647636414,0.8340923190116882,1.5186814069747925
I1,6000,val192,val,8,latin,FZZanMTJW_Te,4,1.20723557472229,0.8144112527370453,1.2600177228450775
I1,6000,val192,val,8,latin,FZZhongYSJW_Te,4,1.087947353720665,0.7348361611366272,1.239382117986679
I1,6000,val192,val,ALL,ALL,FZBangSKKXJW,12,0.824107880393664,0.6518770257631937,0.6687727943062782
I1,6000,val192,val,ALL,ALL,FZCaoQBLSJW,12,1.3392752011617024,0.8571798702081045,0.4800065606832504
I1,6000,val192,val,ALL,ALL,FZFWZhuZiHeiB,12,1.4995886484781902,0.8350726515054703,0.9735500663518906
I1,6000,val192,val,ALL,ALL,FZHengFSJW-T,12,1.1533073236544926,0.7555271089076996,1.1548708379268646
I1,6000,val192,val,ALL,ALL,FZJunYTJW-H,12,0.8831341887513796,0.7689186086257299,0.8522688001394272
I1,6000,val192,val,ALL,ALL,FZKANGJW,12,0.8791511555512747,0.7388398746649424,0.7405204735696316
I1,6000,val192,val,ALL,ALL,FZKuaiHTJW_Te,12,0.9204630193610986,0.7776971409718195,1.2690462172031403
I1,6000,val192,val,ALL,ALL,FZLTHProGBK_H,12,1.2547623664140701,0.793882891535759,0.8365523144602776
I1,6000,val192,val,ALL,ALL,FZMiFXSJW,12,0.9861427520712217,0.8230579644441605,0.7553693037480116
I1,6000,val192,val,ALL,ALL,FZQingYSJW-T,12,1.2526565392812092,0.7892365058263143,1.1590228825807571
I1,6000,val192,val,ALL,ALL,FZSongKBXKJW-EB,12,0.8082939479500055,0.6783158580462137,0.929350733757019
I1,6000,val192,val,ALL,ALL,FZSuHJW,12,1.3593712250391643,0.8286294837792715,0.7965593338012695
I1,6000,val192,val,ALL,ALL,FZYouHK_511M,12,1.2651782482862473,0.78992860019207,1.346650391817093
I1,6000,val192,val,ALL,ALL,FZZHJW,12,1.3337193826834361,0.825277512272199,1.5186814069747925
I1,6000,val192,val,ALL,ALL,FZZanMTJW_Te,12,1.2284867763519287,0.8089879800875982,1.2600177228450775
I1,6000,val192,val,ALL,ALL,FZZhongYSJW_Te,12,1.1561450958251953,0.7299200842777888,1.239382117986679
I1,6000,val192,val,ALL,latin,FZBangSKKXJW,12,0.824107880393664,0.6518770257631937,0.6687727943062782
I1,6000,val192,val,ALL,latin,FZCaoQBLSJW,12,1.3392752011617024,0.8571798702081045,0.4800065606832504
I1,6000,val192,val,ALL,latin,FZFWZhuZiHeiB,12,1.4995886484781902,0.8350726515054703,0.9735500663518906
I1,6000,val192,val,ALL,latin,FZHengFSJW-T,12,1.1533073236544926,0.7555271089076996,1.1548708379268646
I1,6000,val192,val,ALL,latin,FZJunYTJW-H,12,0.8831341887513796,0.7689186086257299,0.8522688001394272
I1,6000,val192,val,ALL,latin,FZKANGJW,12,0.8791511555512747,0.7388398746649424,0.7405204735696316
I1,6000,val192,val,ALL,latin,FZKuaiHTJW_Te,12,0.9204630193610986,0.7776971409718195,1.2690462172031403
I1,6000,val192,val,ALL,latin,FZLTHProGBK_H,12,1.2547623664140701,0.793882891535759,0.8365523144602776
I1,6000,val192,val,ALL,latin,FZMiFXSJW,12,0.9861427520712217,0.8230579644441605,0.7553693037480116
I1,6000,val192,val,ALL,latin,FZQingYSJW-T,12,1.2526565392812092,0.7892365058263143,1.1590228825807571
I1,6000,val192,val,ALL,latin,FZSongKBXKJW-EB,12,0.8082939479500055,0.6783158580462137,0.929350733757019
I1,6000,val192,val,ALL,latin,FZSuHJW,12,1.3593712250391643,0.8286294837792715,0.7965593338012695
I1,6000,val192,val,ALL,latin,FZYouHK_511M,12,1.2651782482862473,0.78992860019207,1.346650391817093
I1,6000,val192,val,ALL,latin,FZZHJW,12,1.3337193826834361,0.825277512272199,1.5186814069747925
I1,6000,val192,val,ALL,latin,FZZanMTJW_Te,12,1.2284867763519287,0.8089879800875982,1.2600177228450775
I1,6000,val192,val,ALL,latin,FZZhongYSJW_Te,12,1.1561450958251953,0.7299200842777888,1.239382117986679
I1,8000,val192,val,1,ALL,FZBangSKKXJW,4,0.9319639205932617,0.6940451860427856,0.6687727943062782
I1,8000,val192,val,1,ALL,FZCaoQBLSJW,4,1.2960339188575745,0.8511905074119568,0.4800065606832504
I1,8000,val192,val,1,ALL,FZFWZhuZiHeiB,4,1.477291315793991,0.8285247534513474,0.9735500663518906
I1,8000,val192,val,1,ALL,FZHengFSJW-T,4,1.1568998247385025,0.7280069291591644,1.1548708379268646
I1,8000,val192,val,1,ALL,FZJunYTJW-H,4,1.096188947558403,0.8024839013814926,0.8522688001394272
I1,8000,val192,val,1,ALL,FZKANGJW,4,1.0214315354824066,0.726332500576973,0.7405204735696316
I1,8000,val192,val,1,ALL,FZKuaiHTJW_Te,4,0.4735225439071655,0.7011218369007111,1.2690462172031403
I1,8000,val192,val,1,ALL,FZLTHProGBK_H,4,1.2716659307479858,0.8101085871458054,0.8365523144602776
I1,8000,val192,val,1,ALL,FZMiFXSJW,4,0.9092701636254787,0.8032482862472534,0.7553693037480116
I1,8000,val192,val,1,ALL,FZQingYSJW-T,4,1.2548987567424774,0.7692214697599411,1.1590228825807571
I1,8000,val192,val,1,ALL,FZSongKBXKJW-EB,4,0.7263451679609716,0.6585300713777542,0.929350733757019
I1,8000,val192,val,1,ALL,FZSuHJW,4,1.2143716514110565,0.7892698347568512,0.7965593338012695
I1,8000,val192,val,1,ALL,FZYouHK_511M,4,1.2656354010105133,0.7810287177562714,1.346650391817093
I1,8000,val192,val,1,ALL,FZZHJW,4,1.3382464349269867,0.8104021400213242,1.5186814069747925
I1,8000,val192,val,1,ALL,FZZanMTJW_Te,4,1.278425395488739,0.8001790642738342,1.2600177228450775
I1,8000,val192,val,1,ALL,FZZhongYSJW_Te,4,1.3133604824543,0.7340221107006073,1.239382117986679
I1,8000,val192,val,1,latin,FZBangSKKXJW,4,0.9319639205932617,0.6940451860427856,0.6687727943062782
I1,8000,val192,val,1,latin,FZCaoQBLSJW,4,1.2960339188575745,0.8511905074119568,0.4800065606832504
I1,8000,val192,val,1,latin,FZFWZhuZiHeiB,4,1.477291315793991,0.8285247534513474,0.9735500663518906
I1,8000,val192,val,1,latin,FZHengFSJW-T,4,1.1568998247385025,0.7280069291591644,1.1548708379268646
I1,8000,val192,val,1,latin,FZJunYTJW-H,4,1.096188947558403,0.8024839013814926,0.8522688001394272
I1,8000,val192,val,1,latin,FZKANGJW,4,1.0214315354824066,0.726332500576973,0.7405204735696316
I1,8000,val192,val,1,latin,FZKuaiHTJW_Te,4,0.4735225439071655,0.7011218369007111,1.2690462172031403
I1,8000,val192,val,1,latin,FZLTHProGBK_H,4,1.2716659307479858,0.8101085871458054,0.8365523144602776
I1,8000,val192,val,1,latin,FZMiFXSJW,4,0.9092701636254787,0.8032482862472534,0.7553693037480116
I1,8000,val192,val,1,latin,FZQingYSJW-T,4,1.2548987567424774,0.7692214697599411,1.1590228825807571
I1,8000,val192,val,1,latin,FZSongKBXKJW-EB,4,0.7263451679609716,0.6585300713777542,0.929350733757019
I1,8000,val192,val,1,latin,FZSuHJW,4,1.2143716514110565,0.7892698347568512,0.7965593338012695
I1,8000,val192,val,1,latin,FZYouHK_511M,4,1.2656354010105133,0.7810287177562714,1.346650391817093
I1,8000,val192,val,1,latin,FZZHJW,4,1.3382464349269867,0.8104021400213242,1.5186814069747925
I1,8000,val192,val,1,latin,FZZanMTJW_Te,4,1.278425395488739,0.8001790642738342,1.2600177228450775
I1,8000,val192,val,1,latin,FZZhongYSJW_Te,4,1.3133604824543,0.7340221107006073,1.239382117986679
I1,8000,val192,val,4,ALL,FZBangSKKXJW,4,0.675240159034729,0.6265062987804413,0.6687727943062782
I1,8000,val192,val,4,ALL,FZCaoQBLSJW,4,1.2841965854167938,0.8564487397670746,0.4800065606832504
I1,8000,val192,val,4,ALL,FZFWZhuZiHeiB,4,1.4305417388677597,0.8112731128931046,0.9735500663518906
I1,8000,val192,val,4,ALL,FZHengFSJW-T,4,1.1487414091825485,0.748193770647049,1.1548708379268646
I1,8000,val192,val,4,ALL,FZJunYTJW-H,4,0.7950841709971428,0.7530229389667511,0.8522688001394272
I1,8000,val192,val,4,ALL,FZKANGJW,4,0.3137371614575386,0.5736709386110306,0.7405204735696316
I1,8000,val192,val,4,ALL,FZKuaiHTJW_Te,4,1.1688460856676102,0.8569822609424591,1.2690462172031403
I1,8000,val192,val,4,ALL,FZLTHProGBK_H,4,1.2218681126832962,0.7878257483243942,0.8365523144602776
I1,8000,val192,val,4,ALL,FZMiFXSJW,4,1.050684630870819,0.8489783704280853,0.7553693037480116
I1,8000,val192,val,4,ALL,FZQingYSJW-T,4,1.2459071278572083,0.8042330145835876,1.1590228825807571
I1,8000,val192,val,4,ALL,FZSongKBXKJW-EB,4,1.0801441967487335,0.735109806060791,0.929350733757019
I1,8000,val192,val,4,ALL,FZSuHJW,4,1.438785046339035,0.8590054214000702,0.7965593338012695
I1,8000,val192,val,4,ALL,FZYouHK_511M,4,1.3609276711940765,0.7997977435588837,1.346650391817093
I1,8000,val192,val,4,ALL,FZZHJW,4,1.361218899488449,0.83318792283535,1.5186814069747925
I1,8000,val192,val,4,ALL,FZZanMTJW_Te,4,1.2358680963516235,0.8046334087848663,1.2600177228450775
I1,8000,val192,val,4,ALL,FZZhongYSJW_Te,4,1.0903262495994568,0.7071961909532547,1.239382117986679
I1,8000,val192,val,4,latin,FZBangSKKXJW,4,0.675240159034729,0.6265062987804413,0.6687727943062782
I1,8000,val192,val,4,latin,FZCaoQBLSJW,4,1.2841965854167938,0.8564487397670746,0.4800065606832504
I1,8000,val192,val,4,latin,FZFWZhuZiHeiB,4,1.4305417388677597,0.8112731128931046,0.9735500663518906
I1,8000,val192,val,4,latin,FZHengFSJW-T,4,1.1487414091825485,0.748193770647049,1.1548708379268646
I1,8000,val192,val,4,latin,FZJunYTJW-H,4,0.7950841709971428,0.7530229389667511,0.8522688001394272
I1,8000,val192,val,4,latin,FZKANGJW,4,0.3137371614575386,0.5736709386110306,0.7405204735696316
I1,8000,val192,val,4,latin,FZKuaiHTJW_Te,4,1.1688460856676102,0.8569822609424591,1.2690462172031403
I1,8000,val192,val,4,latin,FZLTHProGBK_H,4,1.2218681126832962,0.7878257483243942,0.8365523144602776
I1,8000,val192,val,4,latin,FZMiFXSJW,4,1.050684630870819,0.8489783704280853,0.7553693037480116
I1,8000,val192,val,4,latin,FZQingYSJW-T,4,1.2459071278572083,0.8042330145835876,1.1590228825807571
I1,8000,val192,val,4,latin,FZSongKBXKJW-EB,4,1.0801441967487335,0.735109806060791,0.929350733757019
I1,8000,val192,val,4,latin,FZSuHJW,4,1.438785046339035,0.8590054214000702,0.7965593338012695
I1,8000,val192,val,4,latin,FZYouHK_511M,4,1.3609276711940765,0.7997977435588837,1.346650391817093
I1,8000,val192,val,4,latin,FZZHJW,4,1.361218899488449,0.83318792283535,1.5186814069747925
I1,8000,val192,val,4,latin,FZZanMTJW_Te,4,1.2358680963516235,0.8046334087848663,1.2600177228450775
I1,8000,val192,val,4,latin,FZZhongYSJW_Te,4,1.0903262495994568,0.7071961909532547,1.239382117986679
I1,8000,val192,val,8,ALL,FZBangSKKXJW,4,0.7419221699237823,0.6544800102710724,0.6687727943062782
I1,8000,val192,val,8,ALL,FZCaoQBLSJW,4,1.2807631492614746,0.8508859276771545,0.4800065606832504
I1,8000,val192,val,8,ALL,FZFWZhuZiHeiB,4,1.5193443596363068,0.8330583572387695,0.9735500663518906
I1,8000,val192,val,8,ALL,FZHengFSJW-T,4,1.1347194463014603,0.7417488843202591,1.1548708379268646
I1,8000,val192,val,8,ALL,FZJunYTJW-H,4,0.5335583426058292,0.7000357359647751,0.8522688001394272
I1,8000,val192,val,8,ALL,FZKANGJW,4,0.9761002324521542,0.7224718183279037,0.7405204735696316
I1,8000,val192,val,8,ALL,FZKuaiHTJW_Te,4,1.2306492626667023,0.8524645417928696,1.2690462172031403
I1,8000,val192,val,8,ALL,FZLTHProGBK_H,4,1.2675016522407532,0.8006664663553238,0.8365523144602776
I1,8000,val192,val,8,ALL,FZMiFXSJW,4,0.9590038955211639,0.8336282074451447,0.7553693037480116
I1,8000,val192,val,8,ALL,FZQingYSJW-T,4,1.2348825335502625,0.8094420880079269,1.1590228825807571
I1,8000,val192,val,8,ALL,FZSongKBXKJW-EB,4,0.8933886885643005,0.6913796067237854,0.929350733757019
I1,8000,val192,val,8,ALL,FZSuHJW,4,1.4387992918491364,0.8606271296739578,0.7965593338012695
I1,8000,val192,val,8,ALL,FZYouHK_511M,4,1.3431989550590515,0.8038750886917114,1.346650391817093
I1,8000,val192,val,8,ALL,FZZHJW,4,1.3828491270542145,0.8342992216348648,1.5186814069747925
I1,8000,val192,val,8,ALL,FZZanMTJW_Te,4,1.2245247066020966,0.8022014498710632,1.2600177228450775
I1,8000,val192,val,8,ALL,FZZhongYSJW_Te,4,1.1493665724992752,0.7141376286745071,1.239382117986679
I1,8000,val192,val,8,latin,FZBangSKKXJW,4,0.7419221699237823,0.6544800102710724,0.6687727943062782
I1,8000,val192,val,8,latin,FZCaoQBLSJW,4,1.2807631492614746,0.8508859276771545,0.4800065606832504
I1,8000,val192,val,8,latin,FZFWZhuZiHeiB,4,1.5193443596363068,0.8330583572387695,0.9735500663518906
I1,8000,val192,val,8,latin,FZHengFSJW-T,4,1.1347194463014603,0.7417488843202591,1.1548708379268646
I1,8000,val192,val,8,latin,FZJunYTJW-H,4,0.5335583426058292,0.7000357359647751,0.8522688001394272
I1,8000,val192,val,8,latin,FZKANGJW,4,0.9761002324521542,0.7224718183279037,0.7405204735696316
I1,8000,val192,val,8,latin,FZKuaiHTJW_Te,4,1.2306492626667023,0.8524645417928696,1.2690462172031403
I1,8000,val192,val,8,latin,FZLTHProGBK_H,4,1.2675016522407532,0.8006664663553238,0.8365523144602776
I1,8000,val192,val,8,latin,FZMiFXSJW,4,0.9590038955211639,0.8336282074451447,0.7553693037480116
I1,8000,val192,val,8,latin,FZQingYSJW-T,4,1.2348825335502625,0.8094420880079269,1.1590228825807571
I1,8000,val192,val,8,latin,FZSongKBXKJW-EB,4,0.8933886885643005,0.6913796067237854,0.929350733757019
I1,8000,val192,val,8,latin,FZSuHJW,4,1.4387992918491364,0.8606271296739578,0.7965593338012695
I1,8000,val192,val,8,latin,FZYouHK_511M,4,1.3431989550590515,0.8038750886917114,1.346650391817093
I1,8000,val192,val,8,latin,FZZHJW,4,1.3828491270542145,0.8342992216348648,1.5186814069747925
I1,8000,val192,val,8,latin,FZZanMTJW_Te,4,1.2245247066020966,0.8022014498710632,1.2600177228450775
I1,8000,val192,val,8,latin,FZZhongYSJW_Te,4,1.1493665724992752,0.7141376286745071,1.239382117986679
I1,8000,val192,val,ALL,ALL,FZBangSKKXJW,12,0.7830420831839243,0.6583438316980997,0.6687727943062782
I1,8000,val192,val,ALL,ALL,FZCaoQBLSJW,12,1.2869978845119476,0.852841724952062,0.4800065606832504
I1,8000,val192,val,ALL,ALL,FZFWZhuZiHeiB,12,1.4757258047660191,0.8242854078610738,0.9735500663518906
I1,8000,val192,val,ALL,ALL,FZHengFSJW-T,12,1.1467868934075038,0.7393165280421575,1.1548708379268646
I1,8000,val192,val,ALL,ALL,FZJunYTJW-H,12,0.8082771537204584,0.751847525437673,0.8522688001394272
I1,8000,val192,val,ALL,ALL,FZKANGJW,12,0.7704229764640331,0.6741584191719691,0.7405204735696316
I1,8000,val192,val,ALL,ALL,FZKuaiHTJW_Te,12,0.9576726307471594,0.8035228798786799,1.2690462172031403
I1,8000,val192,val,ALL,ALL,FZLTHProGBK_H,12,1.2536785652240117,0.7995336006085078,0.8365523144602776
I1,8000,val192,val,ALL,ALL,FZMiFXSJW,12,0.9729862300058206,0.8286182880401611,0.7553693037480116
I1,8000,val192,val,ALL,ALL,FZQingYSJW-T,12,1.2452294727166493,0.7942988574504852,1.1590228825807571
I1,8000,val192,val,ALL,ALL,FZSongKBXKJW-EB,12,0.8999593510913352,0.6950064947207769,0.929350733757019
I1,8000,val192,val,ALL,ALL,FZSuHJW,12,1.3639853298664093,0.8363007952769598,0.7965593338012695
I1,8000,val192,val,ALL,ALL,FZYouHK_511M,12,1.3232540090878804,0.7949005166689554,1.346650391817093
I1,8000,val192,val,ALL,ALL,FZZHJW,12,1.3607714871565502,0.825963094830513,1.5186814069747925
I1,8000,val192,val,ALL,ALL,FZZanMTJW_Te,12,1.246272732814153,0.8023379743099213,1.2600177228450775
I1,8000,val192,val,ALL,ALL,FZZhongYSJW_Te,12,1.1843511015176773,0.718451976776123,1.239382117986679
I1,8000,val192,val,ALL,latin,FZBangSKKXJW,12,0.7830420831839243,0.6583438316980997,0.6687727943062782
I1,8000,val192,val,ALL,latin,FZCaoQBLSJW,12,1.2869978845119476,0.852841724952062,0.4800065606832504
I1,8000,val192,val,ALL,latin,FZFWZhuZiHeiB,12,1.4757258047660191,0.8242854078610738,0.9735500663518906
I1,8000,val192,val,ALL,latin,FZHengFSJW-T,12,1.1467868934075038,0.7393165280421575,1.1548708379268646
I1,8000,val192,val,ALL,latin,FZJunYTJW-H,12,0.8082771537204584,0.751847525437673,0.8522688001394272
I1,8000,val192,val,ALL,latin,FZKANGJW,12,0.7704229764640331,0.6741584191719691,0.7405204735696316
I1,8000,val192,val,ALL,latin,FZKuaiHTJW_Te,12,0.9576726307471594,0.8035228798786799,1.2690462172031403
I1,8000,val192,val,ALL,latin,FZLTHProGBK_H,12,1.2536785652240117,0.7995336006085078,0.8365523144602776
I1,8000,val192,val,ALL,latin,FZMiFXSJW,12,0.9729862300058206,0.8286182880401611,0.7553693037480116
I1,8000,val192,val,ALL,latin,FZQingYSJW-T,12,1.2452294727166493,0.7942988574504852,1.1590228825807571
I1,8000,val192,val,ALL,latin,FZSongKBXKJW-EB,12,0.8999593510913352,0.6950064947207769,0.929350733757019
I1,8000,val192,val,ALL,latin,FZSuHJW,12,1.3639853298664093,0.8363007952769598,0.7965593338012695
I1,8000,val192,val,ALL,latin,FZYouHK_511M,12,1.3232540090878804,0.7949005166689554,1.346650391817093
I1,8000,val192,val,ALL,latin,FZZHJW,12,1.3607714871565502,0.825963094830513,1.5186814069747925
I1,8000,val192,val,ALL,latin,FZZanMTJW_Te,12,1.246272732814153,0.8023379743099213,1.2600177228450775
I1,8000,val192,val,ALL,latin,FZZhongYSJW_Te,12,1.1843511015176773,0.718451976776123,1.239382117986679
I1,10000,formal4096,val,1,ALL,FZBangSKKXJW,64,0.7961966599104926,0.5945665282197297,0.8383674193173647
I1,10000,formal4096,val,1,ALL,FZCaoQBLSJW,64,1.110253952210769,0.824677849188447,0.8562735375016928
I1,10000,formal4096,val,1,ALL,FZFWZhuZiHeiB,64,1.3956182161346078,0.8425650279968977,1.0214777514338493
I1,10000,formal4096,val,1,ALL,FZHengFSJW-T,64,1.144602253101766,0.8226499361917377,1.1624632813036442
I1,10000,formal4096,val,1,ALL,FZJunYTJW-H,64,0.9158158705104142,0.7423752825707197,0.8090110485209152
I1,10000,formal4096,val,1,ALL,FZKANGJW,64,0.9255672627186868,0.7599105834960938,0.9039787286892533
I1,10000,formal4096,val,1,ALL,FZKuaiHTJW_Te,64,1.0419152127578855,0.7837501028552651,1.2415367886424065
I1,10000,formal4096,val,1,ALL,FZLTHProGBK_H,64,1.1933376085944474,0.8094477374106646,1.0033346930285916
I1,10000,formal4096,val,1,ALL,FZMiFXSJW,64,1.1199597609229386,0.8590481849387288,1.0821409556083381
I1,10000,formal4096,val,1,ALL,FZQingYSJW-T,64,1.2075576288625598,0.8128633657470345,1.0917087085545063
I1,10000,formal4096,val,1,ALL,FZSongKBXKJW-EB,64,1.3883567996090278,0.8030717363581061,1.149775526020676
I1,10000,formal4096,val,1,ALL,FZSuHJW,64,1.1850952678360045,0.7936283387243748,0.7419911697506905
I1,10000,formal4096,val,1,ALL,FZYouHK_511M,64,1.2768599040573463,0.8099185498431325,1.300058301538229
I1,10000,formal4096,val,1,ALL,FZZHJW,64,1.2866886546835303,0.8420035541057587,1.1881522201001644
I1,10000,formal4096,val,1,ALL,FZZanMTJW_Te,64,1.091828589211218,0.741055482532829,1.0213664616458118
I1,10000,formal4096,val,1,ALL,FZZhongYSJW_Te,64,1.1698385709896684,0.7609323374927044,1.25036009401083
I1,10000,formal4096,val,1,bopomofo,FZBangSKKXJW,16,0.8373117353767157,0.6008533909916878,0.8691550195217133
I1,10000,formal4096,val,1,bopomofo,FZCaoQBLSJW,16,1.0499920975416899,0.8021964617073536,1.0050677061080933
I1,10000,formal4096,val,1,bopomofo,FZFWZhuZiHeiB,16,1.4560801796615124,0.8572602942585945,1.68684920668602
I1,10000,formal4096,val,1,bopomofo,FZHengFSJW-T,16,1.173804122954607,0.8962567709386349,1.1945441365242004
I1,10000,formal4096,val,1,bopomofo,FZMiFXSJW,16,1.184544738382101,0.8623551465570927,1.0658781677484512
I1,10000,formal4096,val,1,bopomofo,FZQingYSJW-T,16,1.2169128060340881,0.8817026987671852,1.003349632024765
I1,10000,formal4096,val,1,bopomofo,FZSongKBXKJW-EB,16,1.6150834560394287,0.8316680304706097,1.7157626748085022
I1,10000,formal4096,val,1,bopomofo,FZYouHK_511M,16,1.4515386931598186,0.8446714356541634,1.2918909341096878
I1,10000,formal4096,val,1,bopomofo,FZZHJW,16,1.4110921025276184,0.9131982773542404,0.7944012880325317
I1,10000,formal4096,val,1,kana,FZBangSKKXJW,12,0.8769872660438219,0.6531115273634592,0.7585003773371378
I1,10000,formal4096,val,1,kana,FZCaoQBLSJW,12,1.141526535153389,0.8522850573062897,1.3175904750823975
I1,10000,formal4096,val,1,kana,FZFWZhuZiHeiB,12,1.1292210817337036,0.8471692303816477,0.8952454129854838
I1,10000,formal4096,val,1,kana,FZHengFSJW-T,12,1.1300879418849945,0.8495060155789057,1.2082821528116863
I1,10000,formal4096,val,1,kana,FZKuaiHTJW_Te,12,1.1698440586527188,0.7879434128602346,1.4598731994628906
I1,10000,formal4096,val,1,kana,FZLTHProGBK_H,12,0.9402667135000229,0.7755979597568512,1.3368837436040242
I1,10000,formal4096,val,1,kana,FZMiFXSJW,12,1.1101775964101155,0.8526623795429865,1.2366973161697388
I1,10000,formal4096,val,1,kana,FZQingYSJW-T,12,1.2450073411067326,0.8528145352999369,1.137002408504486
I1,10000,formal4096,val,1,kana,FZSongKBXKJW-EB,12,1.5635014077027638,0.8506750663121542,1.297378659248352
I1,10000,formal4096,val,1,kana,FZSuHJW,12,1.2170554449160893,0.872594028711319,1.1700513164202373
I1,10000,formal4096,val,1,kana,FZYouHK_511M,12,1.254519412914912,0.8701811184485754,1.3883026440938313
I1,10000,formal4096,val,1,kana,FZZHJW,12,1.3098454276720684,0.8614567021528879,1.2767743666966755
I1,10000,formal4096,val,1,kana,FZZanMTJW_Te,12,1.4792223572731018,0.8436666876077652,1.5672092040379841
I1,10000,formal4096,val,1,kana,FZZhongYSJW_Te,12,1.5979185104370117,0.8399010250965754,1.7110515435536702
I1,10000,formal4096,val,1,latin,FZBangSKKXJW,36,0.7509930909921726,0.5722573672731718,0.8513063887755076
I1,10000,formal4096,val,1,latin,FZCaoQBLSJW,36,1.1266128044161532,0.8254671742518743,0.6363704833719466
I1,10000,formal4096,val,1,latin,FZFWZhuZiHeiB,36,1.4575452771451738,0.8344990644190047,0.7678345508045621
I1,10000,formal4096,val,1,latin,FZHengFSJW-T,36,1.1364617480172052,0.7809837609529495,1.1329321662584941
I1,10000,formal4096,val,1,latin,FZJunYTJW-H,64,0.9158158705104142,0.7423752825707197,0.8090110485209152
I1,10000,formal4096,val,1,latin,FZKANGJW,64,0.9255672627186868,0.7599105834960938,0.9039787286892533
I1,10000,formal4096,val,1,latin,FZKuaiHTJW_Te,52,1.0123931713975394,0.7827824159310415,1.1911514630684485
I1,10000,formal4096,val,1,latin,FZLTHProGBK_H,52,1.2517385843854685,0.8172592245615445,0.9263618352034917
I1,10000,formal4096,val,1,latin,FZMiFXSJW,36,1.0945160480009184,0.8597070260180367,1.0378500744700432
I1,10000,formal4096,val,1,latin,FZQingYSJW-T,36,1.1909165349271562,0.7689510501093335,1.1158815092510648
I1,10000,formal4096,val,1,latin,FZSongKBXKJW-EB,36,1.2292078607198265,0.7744944956567552,0.84902463770575
I1,10000,formal4096,val,1,latin,FZSuHJW,52,1.177719842355985,0.7754054871889261,0.643208058980795
I1,10000,formal4096,val,1,latin,FZYouHK_511M,36,1.2066717170592811,0.7743852999475267,1.2742734617657132
I1,10000,formal4096,val,1,latin,FZZHJW,36,1.2236793090899785,0.8038770722018348,1.3336119188202753
I1,10000,formal4096,val,1,latin,FZZanMTJW_Te,52,1.0024300273507833,0.7173759736693822,0.8954027518630028
I1,10000,formal4096,val,1,latin,FZZhongYSJW_Te,52,1.071050892655666,0.7427087941995034,1.1440466825778668
I1,10000,formal4096,val,2,ALL,FZBangSKKXJW,64,0.9466168947983533,0.637989433016628,0.8383674193173647
I1,10000,formal4096,val,2,ALL,FZCaoQBLSJW,64,1.193071112036705,0.8433643169701099,0.8562735375016928
I1,10000,formal4096,val,2,ALL,FZFWZhuZiHeiB,64,1.359105285257101,0.8286030357703567,1.0214777514338493
I1,10000,formal4096,val,2,ALL,FZHengFSJW-T,64,1.1283376654610038,0.8224330404773355,1.1624632813036442
I1,10000,formal4096,val,2,ALL,FZJunYTJW-H,64,0.9661679699784145,0.7524824710562825,0.8090110485209152
I1,10000,formal4096,val,2,ALL,FZKANGJW,64,0.8822485473938286,0.7432989468798041,0.9039787286892533
I1,10000,formal4096,val,2,ALL,FZKuaiHTJW_Te,64,1.0999894486740232,0.8007026491686702,1.2415367886424065
I1,10000,formal4096,val,2,ALL,FZLTHProGBK_H,64,1.197794639505446,0.8123737070709467,1.0033346930285916
I1,10000,formal4096,val,2,ALL,FZMiFXSJW,64,1.1648200256749988,0.864029785618186,1.0821409556083381
I1,10000,formal4096,val,2,ALL,FZQingYSJW-T,64,1.212069995701313,0.8139118021354079,1.0917087085545063
I1,10000,formal4096,val,2,ALL,FZSongKBXKJW-EB,64,1.4152794387191534,0.8077412694692612,1.149775526020676
I1,10000,formal4096,val,2,ALL,FZSuHJW,64,1.2331985386554152,0.8088834383524954,0.7419911697506905
I1,10000,formal4096,val,2,ALL,FZYouHK_511M,64,1.2728497337084264,0.8085397090762854,1.300058301538229
I1,10000,formal4096,val,2,ALL,FZZHJW,64,1.2556330561637878,0.8415753738954663,1.1881522201001644
I1,10000,formal4096,val,2,ALL,FZZanMTJW_Te,64,1.1134158538188785,0.7566336574964225,1.0213664616458118
I1,10000,formal4096,val,2,ALL,FZZhongYSJW_Te,64,1.266944089322351,0.7833673683926463,1.25036009401083
I1,10000,formal4096,val,2,bopomofo,FZBangSKKXJW,16,1.009291235357523,0.6437836792320013,0.8691550195217133
I1,10000,formal4096,val,2,bopomofo,FZCaoQBLSJW,16,1.144550148397684,0.8210695646703243,1.0050677061080933
I1,10000,formal4096,val,2,bopomofo,FZFWZhuZiHeiB,16,1.4587481394410133,0.8502991199493408,1.68684920668602
I1,10000,formal4096,val,2,bopomofo,FZHengFSJW-T,16,1.135248251259327,0.8912690654397011,1.1945441365242004
I1,10000,formal4096,val,2,bopomofo,FZMiFXSJW,16,1.2280370965600014,0.8646850734949112,1.0658781677484512
I1,10000,formal4096,val,2,bopomofo,FZQingYSJW-T,16,1.19458919018507,0.8493804670870304,1.003349632024765
I1,10000,formal4096,val,2,bopomofo,FZSongKBXKJW-EB,16,1.6107504442334175,0.831908043473959,1.7157626748085022
I1,10000,formal4096,val,2,bopomofo,FZYouHK_511M,16,1.431532122194767,0.8377028591930866,1.2918909341096878
I1,10000,formal4096,val,2,bopomofo,FZZHJW,16,1.4191518425941467,0.917888455092907,0.7944012880325317
I1,10000,formal4096,val,2,kana,FZBangSKKXJW,12,1.0673624649643898,0.7033510903517405,0.7585003773371378
I1,10000,formal4096,val,2,kana,FZCaoQBLSJW,12,1.1876914153496425,0.864656796058019,1.3175904750823975
I1,10000,formal4096,val,2,kana,FZFWZhuZiHeiB,12,1.1468382875124614,0.8419767121473948,0.8952454129854838
I1,10000,formal4096,val,2,kana,FZHengFSJW-T,12,1.149837593237559,0.8518549303213755,1.2082821528116863
I1,10000,formal4096,val,2,kana,FZKuaiHTJW_Te,12,1.197323647638162,0.7889486104249954,1.4598731994628906
I1,10000,formal4096,val,2,kana,FZLTHProGBK_H,12,0.9626665463050207,0.7787198076645533,1.3368837436040242
I1,10000,formal4096,val,2,kana,FZMiFXSJW,12,1.2252428630987804,0.8724850515524546,1.2366973161697388
I1,10000,formal4096,val,2,kana,FZQingYSJW-T,12,1.314927190542221,0.8783128609259924,1.137002408504486
I1,10000,formal4096,val,2,kana,FZSongKBXKJW-EB,12,1.5463681717713673,0.8509801427523295,1.297378659248352
I1,10000,formal4096,val,2,kana,FZSuHJW,12,1.2407161593437195,0.877069224913915,1.1700513164202373
I1,10000,formal4096,val,2,kana,FZYouHK_511M,12,1.2524015009403229,0.8683974494536718,1.3883026440938313
I1,10000,formal4096,val,2,kana,FZZHJW,12,1.3298012216885884,0.871581420302391,1.2767743666966755
I1,10000,formal4096,val,2,kana,FZZanMTJW_Te,12,1.519155740737915,0.8632787068684896,1.5672092040379841
I1,10000,formal4096,val,2,kana,FZZhongYSJW_Te,12,1.656361997127533,0.843666598200798,1.7110515435536702
I1,10000,formal4096,val,2,latin,FZBangSKKXJW,36,0.8785131089389324,0.613626993364758,0.8513063887755076
I1,10000,formal4096,val,2,latin,FZCaoQBLSJW,36,1.2164292169941797,0.8461756027407117,0.6363704833719466
I1,10000,formal4096,val,2,latin,FZFWZhuZiHeiB,36,1.3855752382013533,0.8145024395651288,0.7678345508045621
I1,10000,formal4096,val,2,latin,FZHengFSJW-T,36,1.1180996514028974,0.7820319549904929,1.1329321662584941
I1,10000,formal4096,val,2,latin,FZJunYTJW-H,64,0.9661679699784145,0.7524824710562825,0.8090110485209152
I1,10000,formal4096,val,2,latin,FZKANGJW,64,0.8822485473938286,0.7432989468798041,0.9039787286892533
I1,10000,formal4096,val,2,latin,FZKuaiHTJW_Te,52,1.0775277104515295,0.8034151196479797,1.1911514630684485
I1,10000,formal4096,val,2,latin,FZLTHProGBK_H,52,1.252054968705544,0.8201399915493451,0.9263618352034917
I1,10000,formal4096,val,2,latin,FZMiFXSJW,36,1.1165826039181814,0.8609201245837741,1.0378500744700432
I1,10000,formal4096,val,2,latin,FZQingYSJW-T,36,1.185553510983785,0.7766809314489365,1.1158815092510648
I1,10000,formal4096,val,2,latin,FZSongKBXKJW-EB,36,1.2847071919176314,0.782587523261706,0.84902463770575
I1,10000,formal4096,val,2,latin,FZSuHJW,52,1.2314637031119604,0.7931482568383217,0.643208058980795
I1,10000,formal4096,val,2,latin,FZYouHK_511M,36,1.209140305303865,0.7756257288985782,1.2742734617657132
I1,10000,formal4096,val,2,latin,FZZHJW,36,1.158235318130917,0.7976564334498512,1.3336119188202753
I1,10000,formal4096,val,2,latin,FZZanMTJW_Te,52,1.0197835722221777,0.732023261487484,0.8954027518630028
I1,10000,formal4096,val,2,latin,FZZhongYSJW_Te,52,1.1770784182903857,0.7694521615138421,1.1440466825778668
I1,10000,formal4096,val,4,ALL,FZBangSKKXJW,64,0.9242624389007688,0.6276458543725312,0.8383674193173647
I1,10000,formal4096,val,4,ALL,FZCaoQBLSJW,64,1.241836454719305,0.8496392406523228,0.8562735375016928
I1,10000,formal4096,val,4,ALL,FZFWZhuZiHeiB,64,1.3124396773055196,0.8150841444730759,1.0214777514338493
I1,10000,formal4096,val,4,ALL,FZHengFSJW-T,64,1.1189726199954748,0.8204687181860209,1.1624632813036442
I1,10000,formal4096,val,4,ALL,FZJunYTJW-H,64,0.801392252324149,0.7206924646161497,0.8090110485209152
I1,10000,formal4096,val,4,ALL,FZKANGJW,64,0.9168255456024781,0.7459932779893279,0.9039787286892533
I1,10000,formal4096,val,4,ALL,FZKuaiHTJW_Te,64,1.1502153906039894,0.8086527334526181,1.2415367886424065
I1,10000,formal4096,val,4,ALL,FZLTHProGBK_H,64,1.204138449858874,0.8117175232619047,1.0033346930285916
I1,10000,formal4096,val,4,ALL,FZMiFXSJW,64,1.183774957433343,0.8674800815060735,1.0821409556083381
I1,10000,formal4096,val,4,ALL,FZQingYSJW-T,64,1.212438041344285,0.8245984110981226,1.0917087085545063
I1,10000,formal4096,val,4,ALL,FZSongKBXKJW-EB,64,1.38287681248039,0.8081878060474992,1.149775526020676
I1,10000,formal4096,val,4,ALL,FZSuHJW,64,1.2831388805061579,0.8288935422897339,0.7419911697506905
I1,10000,formal4096,val,4,ALL,FZYouHK_511M,64,1.2488701092079282,0.803850912488997,1.300058301538229
I1,10000,formal4096,val,4,ALL,FZZHJW,64,1.2513734721578658,0.8382821148261428,1.1881522201001644
I1,10000,formal4096,val,4,ALL,FZZanMTJW_Te,64,1.1167044868634548,0.7541749025695026,1.0213664616458118
I1,10000,formal4096,val,4,ALL,FZZhongYSJW_Te,64,1.2671821634285152,0.7843606295064092,1.25036009401083
I1,10000,formal4096,val,4,bopomofo,FZBangSKKXJW,16,1.0398793034255505,0.6627298779785633,0.8691550195217133
I1,10000,formal4096,val,4,bopomofo,FZCaoQBLSJW,16,1.1595358327031136,0.8171176984906197,1.0050677061080933
I1,10000,formal4096,val,4,bopomofo,FZFWZhuZiHeiB,16,1.380193516612053,0.835744421929121,1.68684920668602
I1,10000,formal4096,val,4,bopomofo,FZHengFSJW-T,16,1.163085713982582,0.9029919877648354,1.1945441365242004
I1,10000,formal4096,val,4,bopomofo,FZMiFXSJW,16,1.2444807291030884,0.8768651336431503,1.0658781677484512
I1,10000,formal4096,val,4,bopomofo,FZQingYSJW-T,16,1.2080088257789612,0.8768580891191959,1.003349632024765
I1,10000,formal4096,val,4,bopomofo,FZSongKBXKJW-EB,16,1.5648373886942863,0.8260236643254757,1.7157626748085022
I1,10000,formal4096,val,4,bopomofo,FZYouHK_511M,16,1.4008611254394054,0.8351277373731136,1.2918909341096878
I1,10000,formal4096,val,4,bopomofo,FZZHJW,16,1.4402978718280792,0.9248524755239487,0.7944012880325317
I1,10000,formal4096,val,4,kana,FZBangSKKXJW,12,1.097726047039032,0.68990691502889,0.7585003773371378
I1,10000,formal4096,val,4,kana,FZCaoQBLSJW,12,1.2515743970870972,0.8643921961386999,1.3175904750823975
I1,10000,formal4096,val,4,kana,FZFWZhuZiHeiB,12,1.106332540512085,0.8256726811329523,0.8952454129854838
I1,10000,formal4096,val,4,kana,FZHengFSJW-T,12,1.12732595205307,0.8384585479895273,1.2082821528116863
I1,10000,formal4096,val,4,kana,FZKuaiHTJW_Te,12,1.1604289288322132,0.7939674258232117,1.4598731994628906
I1,10000,formal4096,val,4,kana,FZLTHProGBK_H,12,0.966167688369751,0.7846582035223643,1.3368837436040242
I1,10000,formal4096,val,4,kana,FZMiFXSJW,12,1.2549480199813843,0.8716000815232595,1.2366973161697388
I1,10000,formal4096,val,4,kana,FZQingYSJW-T,12,1.3181548913319905,0.8894386986891428,1.137002408504486
I1,10000,formal4096,val,4,kana,FZSongKBXKJW-EB,12,1.5469658474127452,0.8566232472658157,1.297378659248352
I1,10000,formal4096,val,4,kana,FZSuHJW,12,1.3554589202006657,0.9114004919926325,1.1700513164202373
I1,10000,formal4096,val,4,kana,FZYouHK_511M,12,1.2364720751841862,0.8678301274776459,1.3883026440938313
I1,10000,formal4096,val,4,kana,FZZHJW,12,1.3413364738225937,0.8670263340075811,1.2767743666966755
I1,10000,formal4096,val,4,kana,FZZanMTJW_Te,12,1.522125631570816,0.8637294123570124,1.5672092040379841
I1,10000,formal4096,val,4,kana,FZZhongYSJW_Te,12,1.7367388010025024,0.8583106944958369,1.7110515435536702
I1,10000,formal4096,val,4,latin,FZBangSKKXJW,36,0.8150559630658891,0.5912992681066195,0.8513063887755076
I1,10000,formal4096,val,4,latin,FZCaoQBLSJW,36,1.2751685281594594,0.8591756075620651,0.6363704833719466
I1,10000,formal4096,val,4,latin,FZFWZhuZiHeiB,36,1.3510292387670941,0.8023722867170969,0.7678345508045621
I1,10000,formal4096,val,4,latin,FZHengFSJW-T,36,1.096582356426451,0.7777950995498233,1.1329321662584941
I1,10000,formal4096,val,4,latin,FZJunYTJW-H,64,0.801392252324149,0.7206924646161497,0.8090110485209152
I1,10000,formal4096,val,4,latin,FZKANGJW,64,0.9168255456024781,0.7459932779893279,0.9039787286892533
I1,10000,formal4096,val,4,latin,FZKuaiHTJW_Te,52,1.14785842024363,0.8120416505978658,1.1911514630684485
I1,10000,formal4096,val,4,latin,FZLTHProGBK_H,52,1.2590547794332871,0.8179619816633371,0.9263618352034917
I1,10000,formal4096,val,4,latin,FZMiFXSJW,36,1.1330702602863312,0.8619356138838662,1.0378500744700432
I1,10000,formal4096,val,4,latin,FZQingYSJW-T,36,1.1791676315996382,0.7797584583361944,1.1158815092510648
I1,10000,formal4096,val,4,latin,FZSongKBXKJW-EB,36,1.2473091002967622,0.7841156108511819,0.84902463770575
I1,10000,formal4096,val,4,latin,FZSuHJW,52,1.266449640576656,0.8098534769736804,0.643208058980795
I1,10000,formal4096,val,4,latin,FZYouHK_511M,36,1.1854512244462967,0.7686236964331733,1.2742734617657132
I1,10000,formal4096,val,4,latin,FZZHJW,36,1.1374194050828617,0.7902249925666385,1.3336119188202753
I1,10000,formal4096,val,4,latin,FZZanMTJW_Te,52,1.023145761161756,0.7288930926185387,0.8954027518630028
I1,10000,formal4096,val,4,latin,FZZhongYSJW_Te,52,1.1588229393729796,0.7672952298934643,1.1440466825778668
I1,10000,formal4096,val,8,ALL,FZBangSKKXJW,64,0.9089188547804952,0.6057168254628778,0.8383674193173647
I1,10000,formal4096,val,8,ALL,FZCaoQBLSJW,64,1.2416414944455028,0.844918230548501,0.8562735375016928
I1,10000,formal4096,val,8,ALL,FZFWZhuZiHeiB,64,1.3688805075362325,0.826585621573031,1.0214777514338493
I1,10000,formal4096,val,8,ALL,FZHengFSJW-T,64,1.119199113920331,0.8193082818761468,1.1624632813036442
I1,10000,formal4096,val,8,ALL,FZJunYTJW-H,64,0.6538329663162585,0.6912884847261012,0.8090110485209152
I1,10000,formal4096,val,8,ALL,FZKANGJW,64,1.1448877599614207,0.7783084623515606,0.9039787286892533
I1,10000,formal4096,val,8,ALL,FZKuaiHTJW_Te,64,1.1712419036775827,0.8099013175815344,1.2415367886424065
I1,10000,formal4096,val,8,ALL,FZLTHProGBK_H,64,1.2049579829908907,0.8130072988569736,1.0033346930285916
I1,10000,formal4096,val,8,ALL,FZMiFXSJW,64,1.1758888401091099,0.8737464928999543,1.0821409556083381
I1,10000,formal4096,val,8,ALL,FZQingYSJW-T,64,1.2116766506806016,0.828998145647347,1.0917087085545063
I1,10000,formal4096,val,8,ALL,FZSongKBXKJW-EB,64,1.3889306169003248,0.8071815287694335,1.149775526020676
I1,10000,formal4096,val,8,ALL,FZSuHJW,64,1.300757953664288,0.8358994638547301,0.7419911697506905
I1,10000,formal4096,val,8,ALL,FZYouHK_511M,64,1.2553407256491482,0.8057972192764282,1.300058301538229
I1,10000,formal4096,val,8,ALL,FZZHJW,64,1.248757534660399,0.8391218362376094,1.1881522201001644
I1,10000,formal4096,val,8,ALL,FZZanMTJW_Te,64,1.109732753247954,0.7577548483386636,1.0213664616458118
I1,10000,formal4096,val,8,ALL,FZZhongYSJW_Te,64,1.279149786569178,0.7874223729595542,1.25036009401083
I1,10000,formal4096,val,8,bopomofo,FZBangSKKXJW,16,1.0379191674292088,0.628950534388423,0.8691550195217133
I1,10000,formal4096,val,8,bopomofo,FZCaoQBLSJW,16,1.1799692064523697,0.8208657614886761,1.0050677061080933
I1,10000,formal4096,val,8,bopomofo,FZFWZhuZiHeiB,16,1.4360564202070236,0.8469776585698128,1.68684920668602
I1,10000,formal4096,val,8,bopomofo,FZHengFSJW-T,16,1.183845043182373,0.9030739665031433,1.1945441365242004
I1,10000,formal4096,val,8,bopomofo,FZMiFXSJW,16,1.2599314786493778,0.8861051127314568,1.0658781677484512
I1,10000,formal4096,val,8,bopomofo,FZQingYSJW-T,16,1.2063520327210426,0.8831435777246952,1.003349632024765
I1,10000,formal4096,val,8,bopomofo,FZSongKBXKJW-EB,16,1.5444521680474281,0.8121226355433464,1.7157626748085022
I1,10000,formal4096,val,8,bopomofo,FZYouHK_511M,16,1.3960226103663445,0.8311455361545086,1.2918909341096878
I1,10000,formal4096,val,8,bopomofo,FZZHJW,16,1.4324655383825302,0.9188613221049309,0.7944012880325317
I1,10000,formal4096,val,8,kana,FZBangSKKXJW,12,1.0645350615183513,0.6672992755969366,0.7585003773371378
I1,10000,formal4096,val,8,kana,FZCaoQBLSJW,12,1.2357499500115712,0.8565792143344879,1.3175904750823975
I1,10000,formal4096,val,8,kana,FZFWZhuZiHeiB,12,1.1511479765176773,0.8351934105157852,0.8952454129854838
I1,10000,formal4096,val,8,kana,FZHengFSJW-T,12,1.1046788940827053,0.8342329313357671,1.2082821528116863
I1,10000,formal4096,val,8,kana,FZKuaiHTJW_Te,12,1.2392652481794357,0.8136570105950037,1.4598731994628906
I1,10000,formal4096,val,8,kana,FZLTHProGBK_H,12,0.9492081652084986,0.7782000452280045,1.3368837436040242
I1,10000,formal4096,val,8,kana,FZMiFXSJW,12,1.2125016351540883,0.8685817271471024,1.2366973161697388
I1,10000,formal4096,val,8,kana,FZQingYSJW-T,12,1.3248367806275685,0.8961183031400045,1.137002408504486
I1,10000,formal4096,val,8,kana,FZSongKBXKJW-EB,12,1.588172713915507,0.864020491639773,1.297378659248352
I1,10000,formal4096,val,8,kana,FZSuHJW,12,1.388407399257024,0.9142463107903799,1.1700513164202373
I1,10000,formal4096,val,8,kana,FZYouHK_511M,12,1.2567292551199596,0.8727256457010905,1.3883026440938313
I1,10000,formal4096,val,8,kana,FZZHJW,12,1.371225913365682,0.8731148292620977,1.2767743666966755
I1,10000,formal4096,val,8,kana,FZZanMTJW_Te,12,1.519343415896098,0.8735676060120264,1.5672092040379841
I1,10000,formal4096,val,8,kana,FZZhongYSJW_Te,12,1.6710934440294902,0.8606186062097549,1.7110515435536702
I1,10000,formal4096,val,8,latin,FZBangSKKXJW,36,0.7997133135795593,0.5748632492290603,0.8513063887755076
I1,10000,formal4096,val,8,latin,FZCaoQBLSJW,36,1.2710152483648725,0.8517212222019831,0.6363704833719466
I1,10000,formal4096,val,8,latin,FZFWZhuZiHeiB,36,1.4116020566887326,0.8146532310379876,0.7678345508045621
I1,10000,formal4096,val,8,latin,FZHengFSJW-T,36,1.0953076630830765,0.7771042055553861,1.1329321662584941
I1,10000,formal4096,val,8,latin,FZJunYTJW-H,64,0.6538329663162585,0.6912884847261012,0.8090110485209152
I1,10000,formal4096,val,8,latin,FZKANGJW,64,1.1448877599614207,0.7783084623515606,0.9039787286892533
I1,10000,formal4096,val,8,latin,FZKuaiHTJW_Te,52,1.1555442087925398,0.8090346191938107,1.1911514630684485
I1,10000,formal4096,val,8,latin,FZLTHProGBK_H,52,1.2639771717099042,0.8210397420021204,0.9263618352034917
I1,10000,formal4096,val,8,latin,FZMiFXSJW,36,1.1263322912984424,0.8699753615591261,1.0378500744700432
I1,10000,formal4096,val,8,latin,FZQingYSJW-T,36,1.176323104235861,0.7825601233376397,1.1158815092510648
I1,10000,formal4096,val,8,latin,FZSongKBXKJW-EB,36,1.2533958951632183,0.7860391603575813,0.84902463770575
I1,10000,formal4096,val,8,latin,FZSuHJW,52,1.2805311585275025,0.8178194222541956,0.643208058980795
I1,10000,formal4096,val,8,latin,FZYouHK_511M,36,1.1923526003956795,0.7722218251890607,1.2742734617657132
I1,10000,formal4096,val,8,latin,FZZHJW,36,1.1262867401043575,0.7923510670661926,1.3336119188202753
I1,10000,formal4096,val,8,latin,FZZanMTJW_Te,52,1.0152072157137668,0.7310288273371183,0.8954027518630028
I1,10000,formal4096,val,8,latin,FZZhongYSJW_Te,52,1.188701250232183,0.7705309345172002,1.1440466825778668
I1,10000,formal4096,val,ALL,ALL,FZBangSKKXJW,256,0.8939987120975275,0.6164796602679417,0.8383674193173647
I1,10000,formal4096,val,ALL,ALL,FZCaoQBLSJW,256,1.1967007533530705,0.8406499093398452,0.8562735375016928
I1,10000,formal4096,val,ALL,ALL,FZFWZhuZiHeiB,256,1.3590109215583652,0.8282094574533403,1.0214777514338493
I1,10000,formal4096,val,ALL,ALL,FZHengFSJW-T,256,1.127777913119644,0.8212149941828102,1.1624632813036442
I1,10000,formal4096,val,ALL,ALL,FZJunYTJW-H,256,0.8343022647823091,0.7267096757423133,0.8090110485209152
I1,10000,formal4096,val,ALL,ALL,FZKANGJW,256,0.9673822789191036,0.7568778176791966,0.9039787286892533
I1,10000,formal4096,val,ALL,ALL,FZKuaiHTJW_Te,256,1.1158404889283702,0.800751700764522,1.2415367886424065
I1,10000,formal4096,val,ALL,ALL,FZLTHProGBK_H,256,1.2000571702374145,0.8116365666501224,1.0033346930285916
I1,10000,formal4096,val,ALL,ALL,FZMiFXSJW,256,1.1611108960350975,0.8660761362407357,1.0821409556083381
I1,10000,formal4096,val,ALL,ALL,FZQingYSJW-T,256,1.2109355791471899,0.820092931156978,1.0917087085545063
I1,10000,formal4096,val,ALL,ALL,FZSongKBXKJW-EB,256,1.393860916927224,0.806545585161075,1.149775526020676
I1,10000,formal4096,val,ALL,ALL,FZSuHJW,256,1.2505476601654664,0.8168261958053336,0.7419911697506905
I1,10000,formal4096,val,ALL,ALL,FZYouHK_511M,256,1.2634801181557123,0.8070265976712108,1.300058301538229
I1,10000,formal4096,val,ALL,ALL,FZZHJW,256,1.2606131794163957,0.8402457197662443,1.1881522201001644
I1,10000,formal4096,val,ALL,ALL,FZZanMTJW_Te,256,1.1079204207853763,0.7524047227343544,1.0213664616458118
I1,10000,formal4096,val,ALL,ALL,FZZhongYSJW_Te,256,1.2457786525774281,0.7790206770878285,1.25036009401083
I1,10000,formal4096,val,ALL,bopomofo,FZBangSKKXJW,64,0.9811003603972495,0.6340793706476688,0.8691550195217133
I1,10000,formal4096,val,ALL,bopomofo,FZCaoQBLSJW,64,1.1335118212737143,0.8153123715892434,1.0050677061080933
I1,10000,formal4096,val,ALL,bopomofo,FZFWZhuZiHeiB,64,1.4327695639804006,0.8475703736767173,1.68684920668602
I1,10000,formal4096,val,ALL,bopomofo,FZHengFSJW-T,64,1.1639957828447223,0.8983979476615787,1.1945441365242004
I1,10000,formal4096,val,ALL,bopomofo,FZMiFXSJW,64,1.2292485106736422,0.8725026166066527,1.0658781677484512
I1,10000,formal4096,val,ALL,bopomofo,FZQingYSJW-T,64,1.2064657136797905,0.8727712081745267,1.003349632024765
I1,10000,formal4096,val,ALL,bopomofo,FZSongKBXKJW-EB,64,1.5837808642536402,0.8254305934533477,1.7157626748085022
I1,10000,formal4096,val,ALL,bopomofo,FZYouHK_511M,64,1.4199886377900839,0.837161892093718,1.2918909341096878
I1,10000,formal4096,val,ALL,bopomofo,FZZHJW,64,1.4257518388330936,0.9187001325190067,0.7944012880325317
I1,10000,formal4096,val,ALL,kana,FZBangSKKXJW,48,1.0266527098913987,0.6784172020852566,0.7585003773371378
I1,10000,formal4096,val,ALL,kana,FZCaoQBLSJW,48,1.204135574400425,0.8594783159593741,1.3175904750823975
I1,10000,formal4096,val,ALL,kana,FZFWZhuZiHeiB,48,1.1333849715689819,0.837503008544445,0.8952454129854838
I1,10000,formal4096,val,ALL,kana,FZHengFSJW-T,48,1.1279825953145821,0.843513106306394,1.2082821528116863
I1,10000,formal4096,val,ALL,kana,FZKuaiHTJW_Te,48,1.1917154708256323,0.7961291149258614,1.4598731994628906
I1,10000,formal4096,val,ALL,kana,FZLTHProGBK_H,48,0.9545772783458233,0.7792940040429434,1.3368837436040242
I1,10000,formal4096,val,ALL,kana,FZMiFXSJW,48,1.200717528661092,0.8663323099414507,1.2366973161697388
I1,10000,formal4096,val,ALL,kana,FZQingYSJW-T,48,1.3007315509021282,0.8791710995137691,1.137002408504486
I1,10000,formal4096,val,ALL,kana,FZSongKBXKJW-EB,48,1.5612520352005959,0.8555747369925181,1.297378659248352
I1,10000,formal4096,val,ALL,kana,FZSuHJW,48,1.3004094809293747,0.8938275141020616,1.1700513164202373
I1,10000,formal4096,val,ALL,kana,FZYouHK_511M,48,1.2500305610398452,0.8697835852702459,1.3883026440938313
I1,10000,formal4096,val,ALL,kana,FZZHJW,48,1.338052259137233,0.8682948214312395,1.2767743666966755
I1,10000,formal4096,val,ALL,kana,FZZanMTJW_Te,48,1.5099617863694828,0.8610606032113234,1.5672092040379841
I1,10000,formal4096,val,ALL,kana,FZZhongYSJW_Te,48,1.6655281881491344,0.8506242310007414,1.7110515435536702
I1,10000,formal4096,val,ALL,latin,FZBangSKKXJW,144,0.8110688691441383,0.5880117194934024,0.8513063887755076
I1,10000,formal4096,val,ALL,latin,FZCaoQBLSJW,144,1.2223064494836662,0.8456349016891586,0.6363704833719466
I1,10000,formal4096,val,ALL,latin,FZFWZhuZiHeiB,144,1.4014379527005885,0.8165067554348044,0.7678345508045621
I1,10000,formal4096,val,ALL,latin,FZHengFSJW-T,144,1.1116128547324076,0.7794787552621629,1.1329321662584941
I1,10000,formal4096,val,ALL,latin,FZJunYTJW-H,256,0.8343022647823091,0.7267096757423133,0.8090110485209152
I1,10000,formal4096,val,ALL,latin,FZKANGJW,256,0.9673822789191036,0.7568778176791966,0.9039787286892533
I1,10000,formal4096,val,ALL,latin,FZKuaiHTJW_Te,208,1.0983308777213097,0.8018184513426744,1.1911514630684485
I1,10000,formal4096,val,ALL,latin,FZLTHProGBK_H,208,1.256706376058551,0.8191002349440868,0.9263618352034917
I1,10000,formal4096,val,ALL,latin,FZMiFXSJW,144,1.1176253008759685,0.8631345315112008,1.0378500744700432
I1,10000,formal4096,val,ALL,latin,FZQingYSJW-T,144,1.1829901954366102,0.776987640808026,1.1158815092510648
I1,10000,formal4096,val,ALL,latin,FZSongKBXKJW-EB,144,1.2536550120243595,0.7818091975318061,0.84902463770575
I1,10000,formal4096,val,ALL,latin,FZSuHJW,208,1.2390410861430259,0.7990566608137809,0.643208058980795
I1,10000,formal4096,val,ALL,latin,FZYouHK_511M,144,1.1984039618012805,0.7727141376170847,1.2742734617657132
I1,10000,formal4096,val,ALL,latin,FZZHJW,144,1.1614051931020286,0.7960273913211293,1.3336119188202753
I1,10000,formal4096,val,ALL,latin,FZZanMTJW_Te,208,1.015141644112121,0.7273302887781308,0.8954027518630028
I1,10000,formal4096,val,ALL,latin,FZZhongYSJW_Te,208,1.1489133751378036,0.7624967800310025,1.1440466825778668
I1,10000,matched4888,test,1,ALL,FZBuGTJW,47,0.4360927188808614,0.6383037364229243,0.5735618734851162
I1,10000,matched4888,test,1,ALL,FZChuangHJW_DB,47,1.2962460968088596,0.7942436908153777,1.0242944037977686
I1,10000,matched4888,test,1,ALL,FZCuanBZBKSJW,47,1.2557161494772484,0.7403151849482922,0.5722659070916633
I1,10000,matched4888,test,1,ALL,FZDeSHJW_515H,47,1.257203923895004,0.8419427985840655,0.9879101647975597
I1,10000,matched4888,test,1,ALL,FZDouNTJW_Te,47,0.7236847845797844,0.7206144161680912,0.9521670576105726
I1,10000,matched4888,test,1,ALL,FZFeiHHJW-H,47,0.4466855631784556,0.5555914602381118,0.5402036107125434
I1,10000,matched4888,test,1,ALL,FZFengYKSJ,47,0.44099300057488555,0.5916603816316482,0.6694826293498912
I1,10000,matched4888,test,1,ALL,FZHanWZKJW,47,1.190808890981877,0.7914599509949379,0.9681272341849956
I1,10000,matched4888,test,1,ALL,FZHuoYYJW-T,47,1.2219750881195068,0.7920433993035174,1.180650809977917
I1,10000,matched4888,test,1,ALL,FZJianLTJW_Te,47,0.7292124619113004,0.7445514455754706,0.6539842999996023
I1,10000,matched4888,test,1,ALL,FZJingLTJW-H,47,0.7324727218835911,0.6879173479181655,1.187834806898807
I1,10000,matched4888,test,1,ALL,FZJingYLLTJW,47,-0.25155892619427217,0.491451991999403,0.5446122221331647
I1,10000,matched4888,test,1,ALL,FZLingFKSJW-B,47,1.3284192979335785,0.7927439288890108,0.7503788483507455
I1,10000,matched4888,test,1,ALL,FZLiuGQKJW-L,47,1.0568484416667452,0.6833856847692044,0.4812253009171245
I1,10000,matched4888,test,1,ALL,FZMaWDBSJW,47,1.0577151853036373,0.7532924045907691,1.0726645582533898
I1,10000,matched4888,test,1,ALL,FZTJLSJW,47,0.950637253040963,0.6835398090646622,0.8441000142471587
I1,10000,matched4888,test,1,bopomofo,FZBuGTJW,3,0.5038458108901978,0.7382022738456726,0.20360070963700613
I1,10000,matched4888,test,1,bopomofo,FZChuangHJW_DB,3,1.2503674825032551,0.8160435954729716,1.285364071528117
I1,10000,matched4888,test,1,bopomofo,FZCuanBZBKSJW,3,1.4771622021993,0.8325641751289368,0.6187443435192108
I1,10000,matched4888,test,1,bopomofo,FZDeSHJW_515H,3,1.19723113377889,0.8198865254720052,-2.836193084716797
I1,10000,matched4888,test,1,bopomofo,FZDouNTJW_Te,3,0.727622444430987,0.6607501109441122,-2.771179755528768
I1,10000,matched4888,test,1,bopomofo,FZFeiHHJW-H,3,0.8777796973784765,0.6231773296991984,0.6614414850870768
I1,10000,matched4888,test,1,bopomofo,FZFengYKSJ,3,0.3177949438492457,0.5276490449905396,-0.804143230120341
I1,10000,matched4888,test,1,bopomofo,FZHanWZKJW,3,1.2115492224693298,0.838570237159729,1.3792950709660847
I1,10000,matched4888,test,1,bopomofo,FZHuoYYJW-T,3,1.2388615210851033,0.7899238467216492,1.2931967576344807
I1,10000,matched4888,test,1,bopomofo,FZJianLTJW_Te,3,0.8521041969458262,0.742995540301005,-2.946962912877401
I1,10000,matched4888,test,1,bopomofo,FZJingLTJW-H,3,0.900134285291036,0.7619887987772623,0.9385958909988403
I1,10000,matched4888,test,1,bopomofo,FZJingYLLTJW,3,-0.4453110496203105,0.439108669757843,0.7751223544279734
I1,10000,matched4888,test,1,bopomofo,FZLingFKSJW-B,3,1.4073832432428997,0.8349337180455526,0.3236058826247851
I1,10000,matched4888,test,1,bopomofo,FZLiuGQKJW-L,3,0.7349761029084524,0.5621885061264038,0.24786638716856638
I1,10000,matched4888,test,1,bopomofo,FZMaWDBSJW,3,0.7569315830866495,0.6930548747380575,0.7009970843791962
I1,10000,matched4888,test,1,bopomofo,FZTJLSJW,3,0.9246223171552023,0.72358371814092,-0.8856523533662161
I1,10000,matched4888,test,1,kana,FZBuGTJW,7,0.35463124167706284,0.6825628876686096,0.6470147711890084
I1,10000,matched4888,test,1,kana,FZChuangHJW_DB,7,0.9236081072262355,0.8143117342676435,0.9043861159256527
I1,10000,matched4888,test,1,kana,FZCuanBZBKSJW,7,1.3126389299120222,0.7859492131641933,0.9444009150777545
I1,10000,matched4888,test,1,kana,FZDeSHJW_515H,7,1.2651055795805795,0.8472594448498317,0.9187423714569637
I1,10000,matched4888,test,1,kana,FZDouNTJW_Te,7,0.8895731312888009,0.7013695069721767,1.158907732793263
I1,10000,matched4888,test,1,kana,FZFeiHHJW-H,7,0.48190951959363054,0.5961357440267291,0.5397516318729946
I1,10000,matched4888,test,1,kana,FZFengYKSJ,7,0.5030450650623867,0.5751125855105264,0.7319666360105787
I1,10000,matched4888,test,1,kana,FZHanWZKJW,7,1.1814747197287423,0.7820581453187125,1.2501805509839738
I1,10000,matched4888,test,1,kana,FZHuoYYJW-T,7,1.3198685986655099,0.8162438528878349,1.1756755028452193
I1,10000,matched4888,test,1,kana,FZJianLTJW_Te,7,0.7263033134596688,0.7453059213502067,1.2801651103155953
I1,10000,matched4888,test,1,kana,FZJingLTJW-H,7,1.2122979249273027,0.81928037745612,1.283643467085702
I1,10000,matched4888,test,1,kana,FZJingYLLTJW,7,-0.42492239815848215,0.38986046825136456,1.1547715493610926
I1,10000,matched4888,test,1,kana,FZLingFKSJW-B,7,1.1457535667078835,0.838194557598659,0.8803398992334094
I1,10000,matched4888,test,1,kana,FZLiuGQKJW-L,7,0.9598242810794285,0.6291909388133458,0.5915487004177911
I1,10000,matched4888,test,1,kana,FZMaWDBSJW,7,0.8189032939927918,0.7189605576651437,0.7025937948908124
I1,10000,matched4888,test,1,kana,FZTJLSJW,7,0.9321718726839338,0.7960918716021946,0.24508564759578025
I1,10000,matched4888,test,1,latin,FZBuGTJW,37,0.4460108557564987,0.6218305020718962,0.5896622304477401
I1,10000,matched4888,test,1,latin,FZChuangHJW_DB,37,1.3704650635654863,0.7886794741089279,1.0258119446603027
I1,10000,matched4888,test,1,latin,FZCuanBZBKSJW,37,1.2269918894445575,0.7242020722982045,0.49809346478935834
I1,10000,matched4888,test,1,latin,FZDeSHJW_515H,37,1.260571674720661,0.8427252930563849,1.3110583891739716
I1,10000,matched4888,test,1,latin,FZDouNTJW_Te,37,0.6919812330523053,0.7291092075206138,1.2149469417494696
I1,10000,matched4888,test,1,latin,FZFeiHHJW-H,37,0.40506799297558294,0.5424409847001772,0.5304590223004689
I1,10000,matched4888,test,1,latin,FZFengYKSJ,37,0.43924245243338317,0.5999811541389775,0.7771445085873475
I1,10000,matched4888,test,1,latin,FZHanWZKJW,37,1.1908931667740281,0.789418918055457,0.8814278631596952
I1,10000,matched4888,test,1,latin,FZHuoYYJW-T,37,1.2020855239919714,0.787636790726636,1.1724667371930302
I1,10000,matched4888,test,1,latin,FZJianLTJW_Te,37,0.7197986466155665,0.7445348613970989,0.8274863531460633
I1,10000,matched4888,test,1,latin,FZJingLTJW-H,37,0.6281007999503935,0.6570590895575446,1.1899174049093917
I1,10000,matched4888,test,1,latin,FZJingYLLTJW,37,-0.20305079986920227,0.5149160631605096,0.41048666301208575
I1,10000,matched4888,test,1,latin,FZLingFKSJW-B,37,1.356575197464711,0.7807243675798983,0.7603948359453195
I1,10000,matched4888,test,1,latin,FZLiuGQKJW-L,37,1.1013021211366396,0.7034655430832425,0.47927429942363825
I1,10000,matched4888,test,1,latin,FZMaWDBSJW,37,1.1272836730286881,0.7646717429161072,1.1728131465009741
I1,10000,matched4888,test,1,latin,FZTJLSJW,37,0.9562400225046519,0.658999372173,1.0976772485552608
I1,10000,matched4888,test,2,ALL,FZBuGTJW,47,0.3761570629208012,0.6510439052226695,0.5735618734851162
I1,10000,matched4888,test,2,ALL,FZChuangHJW_DB,47,1.267652061391384,0.777625172696215,1.0242944037977686
I1,10000,matched4888,test,2,ALL,FZCuanBZBKSJW,47,1.2278121208890955,0.7373424819175233,0.5722659070916633
I1,10000,matched4888,test,2,ALL,FZDeSHJW_515H,47,1.2795321104374338,0.8578152466327587,0.9879101647975597
I1,10000,matched4888,test,2,ALL,FZDouNTJW_Te,47,0.7450352916295858,0.7211302829549667,0.9521670576105726
I1,10000,matched4888,test,2,ALL,FZFeiHHJW-H,47,0.668554462492466,0.5855144630087182,0.5402036107125434
I1,10000,matched4888,test,2,ALL,FZFengYKSJ,47,0.34037476381722914,0.5594101636967761,0.6694826293498912
I1,10000,matched4888,test,2,ALL,FZHanWZKJW,47,1.1975653209584824,0.7954762692147113,0.9681272341849956
I1,10000,matched4888,test,2,ALL,FZHuoYYJW-T,47,1.1934995740017993,0.7721762898120474,1.180650809977917
I1,10000,matched4888,test,2,ALL,FZJianLTJW_Te,47,0.8318554584650283,0.7639518266028547,0.6539842999996023
I1,10000,matched4888,test,2,ALL,FZJingLTJW-H,47,0.9308856957136317,0.7532480511259525,1.187834806898807
I1,10000,matched4888,test,2,ALL,FZJingYLLTJW,47,0.4036473436875546,0.6474945849560677,0.5446122221331647
I1,10000,matched4888,test,2,ALL,FZLingFKSJW-B,47,1.3245993839933516,0.7859085925081943,0.7503788483507455
I1,10000,matched4888,test,2,ALL,FZLiuGQKJW-L,47,1.065060095584139,0.7104289259048219,0.4812253009171245
I1,10000,matched4888,test,2,ALL,FZMaWDBSJW,47,1.0221309661865234,0.7604591313828813,1.0726645582533898
I1,10000,matched4888,test,2,ALL,FZTJLSJW,47,1.0030434271122546,0.7131789047667321,0.8441000142471587
I1,10000,matched4888,test,2,bopomofo,FZBuGTJW,3,0.7691004375616709,0.8268954753875732,0.20360070963700613
I1,10000,matched4888,test,2,bopomofo,FZChuangHJW_DB,3,1.1557449102401733,0.7854318420092264,1.285364071528117
I1,10000,matched4888,test,2,bopomofo,FZCuanBZBKSJW,3,1.504301389058431,0.8351290424664816,0.6187443435192108
I1,10000,matched4888,test,2,bopomofo,FZDeSHJW_515H,3,1.3669066031773884,0.8989696304003397,-2.836193084716797
I1,10000,matched4888,test,2,bopomofo,FZDouNTJW_Te,3,0.61331906914711,0.6685138543446859,-2.771179755528768
I1,10000,matched4888,test,2,bopomofo,FZFeiHHJW-H,3,0.978951116402944,0.6257086197535197,0.6614414850870768
I1,10000,matched4888,test,2,bopomofo,FZFengYKSJ,3,0.11099954446156819,0.4868398110071818,-0.804143230120341
I1,10000,matched4888,test,2,bopomofo,FZHanWZKJW,3,1.1870474418004353,0.8221686879793803,1.3792950709660847
I1,10000,matched4888,test,2,bopomofo,FZHuoYYJW-T,3,1.1809377670288086,0.7818719148635864,1.2931967576344807
I1,10000,matched4888,test,2,bopomofo,FZJianLTJW_Te,3,0.8662102818489075,0.7943656841913859,-2.946962912877401
I1,10000,matched4888,test,2,bopomofo,FZJingLTJW-H,3,1.1366296410560608,0.8194724718729655,0.9385958909988403
I1,10000,matched4888,test,2,bopomofo,FZJingYLLTJW,3,0.4387005840738614,0.6636215448379517,0.7751223544279734
I1,10000,matched4888,test,2,bopomofo,FZLingFKSJW-B,3,1.4509309530258179,0.8534048994382223,0.3236058826247851
I1,10000,matched4888,test,2,bopomofo,FZLiuGQKJW-L,3,0.7681280573209127,0.572410782178243,0.24786638716856638
I1,10000,matched4888,test,2,bopomofo,FZMaWDBSJW,3,0.88810133934021,0.773722767829895,0.7009970843791962
I1,10000,matched4888,test,2,bopomofo,FZTJLSJW,3,1.0034700632095337,0.7348594864209493,-0.8856523533662161
I1,10000,matched4888,test,2,kana,FZBuGTJW,7,0.3714254732642855,0.7449271168027606,0.6470147711890084
I1,10000,matched4888,test,2,kana,FZChuangHJW_DB,7,0.781202665397099,0.7467318602970668,0.9043861159256527
I1,10000,matched4888,test,2,kana,FZCuanBZBKSJW,7,1.2229040903704507,0.7767725246293204,0.9444009150777545
I1,10000,matched4888,test,2,kana,FZDeSHJW_515H,7,1.3682985986982072,0.8917402880532401,0.9187423714569637
I1,10000,matched4888,test,2,kana,FZDouNTJW_Te,7,1.0870931148529053,0.7539493441581726,1.158907732793263
I1,10000,matched4888,test,2,kana,FZFeiHHJW-H,7,0.8938699918133872,0.6287309442247663,0.5397516318729946
I1,10000,matched4888,test,2,kana,FZFengYKSJ,7,0.3532596134713718,0.5263562032154628,0.7319666360105787
I1,10000,matched4888,test,2,kana,FZHanWZKJW,7,1.2376757519585746,0.7942296947751727,1.2501805509839738
I1,10000,matched4888,test,2,kana,FZHuoYYJW-T,7,1.283193588256836,0.8048208355903625,1.1756755028452193
I1,10000,matched4888,test,2,kana,FZJianLTJW_Te,7,0.8390784093311855,0.7918848395347595,1.2801651103155953
I1,10000,matched4888,test,2,kana,FZJingLTJW-H,7,1.3537560871669225,0.8671114955629621,1.283643467085702
I1,10000,matched4888,test,2,kana,FZJingYLLTJW,7,0.5003796794584819,0.6692618472235543,1.1547715493610926
I1,10000,matched4888,test,2,kana,FZLingFKSJW-B,7,1.3177298392568315,0.8643733092716762,0.8803398992334094
I1,10000,matched4888,test,2,kana,FZLiuGQKJW-L,7,0.9425384657723563,0.6417302489280701,0.5915487004177911
I1,10000,matched4888,test,2,kana,FZMaWDBSJW,7,0.6149018917764936,0.7427784545081002,0.7025937948908124
I1,10000,matched4888,test,2,kana,FZTJLSJW,7,1.0482067891529627,0.8104670984404427,0.24508564759578025
I1,10000,matched4888,test,2,latin,FZBuGTJW,37,0.34519195491196336,0.6190239811265791,0.5896622304477401
I1,10000,matched4888,test,2,latin,FZChuangHJW_DB,37,1.3687565809971578,0.7828368802328367,1.0258119446603027
I1,10000,matched4888,test,2,latin,FZCuanBZBKSJW,37,1.2063226184329472,0.7219541040626732,0.49809346478935834
I1,10000,matched4888,test,2,latin,FZDeSHJW_515H,37,1.2556540321659397,0.8480601536261069,1.3110583891739716
I1,10000,matched4888,test,2,latin,FZDouNTJW_Te,37,0.6910013431129424,0.719187468290329,1.2149469417494696
I1,10000,matched4888,test,2,latin,FZFeiHHJW-H,37,0.6007599039254962,0.5740793862858334,0.5304590223004689
I1,10000,matched4888,test,2,latin,FZFengYKSJ,37,0.35653508031690445,0.5715476983302349,0.7771445085873475
I1,10000,matched4888,test,2,latin,FZHanWZKJW,37,1.1908296620523608,0.7935478574520832,0.8814278631596952
I1,10000,matched4888,test,2,latin,FZHuoYYJW-T,37,1.1775489610594672,0.765214162903863,1.1724667371930302
I1,10000,matched4888,test,2,latin,FZJianLTJW_Te,37,0.8277034280267922,0.7562012140815323,0.8274863531460633
I1,10000,matched4888,test,2,latin,FZJingLTJW-H,37,0.8342012477082175,0.7263367707664902,1.1899174049093917
I1,10000,matched4888,test,2,latin,FZJingYLLTJW,37,0.3825044768887597,0.6420688629150391,0.41048666301208575
I1,10000,matched4888,test,2,latin,FZLingFKSJW-B,37,1.3156559274003312,0.7655912428288847,0.7603948359453195
I1,10000,matched4888,test,2,latin,FZLiuGQKJW-L,37,1.1123154340563595,0.7346166332025785,0.47927429942363825
I1,10000,matched4888,test,2,latin,FZMaWDBSJW,37,1.110041571630014,0.7627286943229469,1.1728131465009741
I1,10000,matched4888,test,2,latin,FZTJLSJW,37,0.9944644151507197,0.6930151452889314,1.0976772485552608
I1,10000,matched4888,test,4,ALL,FZBuGTJW,47,0.0589882409239703,0.5782743854091522,0.5735618734851162
I1,10000,matched4888,test,4,ALL,FZChuangHJW_DB,47,1.1038019511293857,0.7422057859441067,1.0242944037977686
I1,10000,matched4888,test,4,ALL,FZCuanBZBKSJW,47,1.1763780362745548,0.7261743786487174,0.5722659070916633
I1,10000,matched4888,test,4,ALL,FZDeSHJW_515H,47,1.2779531275972407,0.8585723816080296,0.9879101647975597
I1,10000,matched4888,test,4,ALL,FZDouNTJW_Te,47,0.7863628246048664,0.7265338162158398,0.9521670576105726
I1,10000,matched4888,test,4,ALL,FZFeiHHJW-H,47,0.6307516364341087,0.5918554828522054,0.5402036107125434
I1,10000,matched4888,test,4,ALL,FZFengYKSJ,47,0.4394811440972572,0.5980677566629775,0.6694826293498912
I1,10000,matched4888,test,4,ALL,FZHanWZKJW,47,1.2027721024574118,0.7972580917338108,0.9681272341849956
I1,10000,matched4888,test,4,ALL,FZHuoYYJW-T,47,1.1448063660175243,0.7452734188830599,1.180650809977917
I1,10000,matched4888,test,4,ALL,FZJianLTJW_Te,47,0.8970480659540664,0.7755351726045,0.6539842999996023
I1,10000,matched4888,test,4,ALL,FZJingLTJW-H,47,1.114246777397521,0.8208232433237928,1.187834806898807
I1,10000,matched4888,test,4,ALL,FZJingYLLTJW,47,0.059003278850875,0.5703227209283951,0.5446122221331647
I1,10000,matched4888,test,4,ALL,FZLingFKSJW-B,47,1.322878361382383,0.793842576919718,0.7503788483507455
I1,10000,matched4888,test,4,ALL,FZLiuGQKJW-L,47,1.0990002180667633,0.7231680357709844,0.4812253009171245
I1,10000,matched4888,test,4,ALL,FZMaWDBSJW,47,1.0518854552126946,0.7574126695064788,1.0726645582533898
I1,10000,matched4888,test,4,ALL,FZTJLSJW,47,1.0084985076112951,0.7180045576805764,0.8441000142471587
I1,10000,matched4888,test,4,bopomofo,FZBuGTJW,3,0.46051215132077533,0.7430708805720011,0.20360070963700613
I1,10000,matched4888,test,4,bopomofo,FZChuangHJW_DB,3,0.8873619238535563,0.7498700420061747,1.285364071528117
I1,10000,matched4888,test,4,bopomofo,FZCuanBZBKSJW,3,1.4596487283706665,0.8458352486292521,0.6187443435192108
I1,10000,matched4888,test,4,bopomofo,FZDeSHJW_515H,3,1.3659099340438843,0.8983269135157267,-2.836193084716797
I1,10000,matched4888,test,4,bopomofo,FZDouNTJW_Te,3,0.8123142123222351,0.6908545096715292,-2.771179755528768
I1,10000,matched4888,test,4,bopomofo,FZFeiHHJW-H,3,0.9547777573267618,0.5997549891471863,0.6614414850870768
I1,10000,matched4888,test,4,bopomofo,FZFengYKSJ,3,0.27450460692246753,0.5101887385050455,-0.804143230120341
I1,10000,matched4888,test,4,bopomofo,FZHanWZKJW,3,1.1600806315739949,0.8117565711339315,1.3792950709660847
I1,10000,matched4888,test,4,bopomofo,FZHuoYYJW-T,3,1.1460011998812358,0.7359914978345236,1.2931967576344807
I1,10000,matched4888,test,4,bopomofo,FZJianLTJW_Te,3,0.8910589416821798,0.8006156285603842,-2.946962912877401
I1,10000,matched4888,test,4,bopomofo,FZJingLTJW-H,3,1.3405681848526,0.8642730315526327,0.9385958909988403
I1,10000,matched4888,test,4,bopomofo,FZJingYLLTJW,3,-0.1602997158964475,0.4952833851178487,0.7751223544279734
I1,10000,matched4888,test,4,bopomofo,FZLingFKSJW-B,3,1.4513438940048218,0.8565345207850138,0.3236058826247851
I1,10000,matched4888,test,4,bopomofo,FZLiuGQKJW-L,3,0.799786905447642,0.589358925819397,0.24786638716856638
I1,10000,matched4888,test,4,bopomofo,FZMaWDBSJW,3,0.8182633717854818,0.7373350461324056,0.7009970843791962
I1,10000,matched4888,test,4,bopomofo,FZTJLSJW,3,0.9996706247329712,0.7369417150815328,-0.8856523533662161
I1,10000,matched4888,test,4,kana,FZBuGTJW,7,0.47851344517299105,0.7815152066094535,0.6470147711890084
I1,10000,matched4888,test,4,kana,FZChuangHJW_DB,7,0.7101038566657475,0.7274782317025321,0.9043861159256527
I1,10000,matched4888,test,4,kana,FZCuanBZBKSJW,7,1.2042985430785589,0.7552796687398639,0.9444009150777545
I1,10000,matched4888,test,4,kana,FZDeSHJW_515H,7,1.3477379253932409,0.8905974711690631,0.9187423714569637
I1,10000,matched4888,test,4,kana,FZDouNTJW_Te,7,1.1148147753306799,0.7530246547290257,1.158907732793263
I1,10000,matched4888,test,4,kana,FZFeiHHJW-H,7,0.8275112680026463,0.6220750979014805,0.5397516318729946
I1,10000,matched4888,test,4,kana,FZFengYKSJ,7,0.46901588780539377,0.5755272592817035,0.7319666360105787
I1,10000,matched4888,test,4,kana,FZHanWZKJW,7,1.1887468269893102,0.7926005380494254,1.2501805509839738
I1,10000,matched4888,test,4,kana,FZHuoYYJW-T,7,1.2528621554374695,0.784225949219295,1.1756755028452193
I1,10000,matched4888,test,4,kana,FZJianLTJW_Te,7,0.862344001020704,0.7909191080502102,1.2801651103155953
I1,10000,matched4888,test,4,kana,FZJingLTJW-H,7,1.2768448080335344,0.8603209257125854,1.283643467085702
I1,10000,matched4888,test,4,kana,FZJingYLLTJW,7,0.18559454594339644,0.5509489008358547,1.1547715493610926
I1,10000,matched4888,test,4,kana,FZLingFKSJW-B,7,1.1547227970191412,0.842573744910104,0.8803398992334094
I1,10000,matched4888,test,4,kana,FZLiuGQKJW-L,7,1.0200370294707162,0.6755099296569824,0.5915487004177911
I1,10000,matched4888,test,4,kana,FZMaWDBSJW,7,0.7823152158941541,0.734677791595459,0.7025937948908124
I1,10000,matched4888,test,4,kana,FZTJLSJW,7,1.0670339976038252,0.8280166472707476,0.24508564759578025
I1,10000,matched4888,test,4,latin,FZBuGTJW,37,-0.052937385047207006,0.5264615412499454,0.5896622304477401
I1,10000,matched4888,test,4,latin,FZChuangHJW_DB,37,1.1958345658070333,0.7443706538226154,1.0258119446603027
I1,10000,matched4888,test,4,latin,FZCuanBZBKSJW,37,1.1481278842768154,0.7109657397141328,0.49809346478935834
I1,10000,matched4888,test,4,latin,FZDeSHJW_515H,37,1.2576189653293506,0.8492902404553181,1.3110583891739716
I1,10000,matched4888,test,4,latin,FZDouNTJW_Te,37,0.7221190997877637,0.7244149527034244,1.2149469417494696
I1,10000,matched4888,test,4,latin,FZFeiHHJW-H,37,0.5672544530920081,0.5854977578730196,0.5304590223004689
I1,10000,matched4888,test,4,latin,FZFengYKSJ,37,0.4472699658693494,0.6094575008830508,0.7771445085873475
I1,10000,matched4888,test,4,latin,FZHanWZKJW,37,1.208887003563546,0.7969636981551712,0.8814278631596952
I1,10000,matched4888,test,4,latin,FZHuoYYJW-T,37,1.124266500408585,0.7386566094450049,1.1724667371930302
I1,10000,matched4888,test,4,latin,FZJianLTJW_Te,37,0.9040993045310717,0.7705911478480777,0.8274863531460633
I1,10000,matched4888,test,4,latin,FZJingLTJW-H,37,1.065134603429485,0.8098277530154666,1.1899174049093917
I1,10000,matched4888,test,4,latin,FZJingYLLTJW,37,0.05283490356964034,0.5800723087143254,0.41048666301208575
I1,10000,matched4888,test,4,latin,FZLingFKSJW-B,37,1.344275451995231,0.7795400361757021,0.7603948359453195
I1,10000,matched4888,test,4,latin,FZLiuGQKJW-L,37,1.1381997385540523,0.7430338215183567,0.47927429942363825
I1,10000,matched4888,test,4,latin,FZMaWDBSJW,37,1.1218275613075979,0.7633417780334885,1.1728131465009741
I1,10000,matched4888,test,4,latin,FZTJLSJW,37,0.998140000008248,0.6956560144553313,1.0976772485552608
I1,10000,matched4888,test,8,ALL,FZBuGTJW,47,0.007917431599282205,0.5477074879281064,0.5735618734851162
I1,10000,matched4888,test,8,ALL,FZChuangHJW_DB,47,1.1428957321542375,0.7514572955192403,1.0242944037977686
I1,10000,matched4888,test,8,ALL,FZCuanBZBKSJW,47,1.2362582594790357,0.7399682301156064,0.5722659070916633
I1,10000,matched4888,test,8,ALL,FZDeSHJW_515H,47,1.3109331156345123,0.8578991065634057,0.9879101647975597
I1,10000,matched4888,test,8,ALL,FZDouNTJW_Te,47,0.9113525334111554,0.7478378009288869,0.9521670576105726
I1,10000,matched4888,test,8,ALL,FZFeiHHJW-H,47,0.852085327848475,0.6199811418005761,0.5402036107125434
I1,10000,matched4888,test,8,ALL,FZFengYKSJ,47,0.49230715695847854,0.6187285577997248,0.6694826293498912
I1,10000,matched4888,test,8,ALL,FZHanWZKJW,47,1.2083056061825854,0.7995338655532674,0.9681272341849956
I1,10000,matched4888,test,8,ALL,FZHuoYYJW-T,47,1.140297457258752,0.7528847012114017,1.180650809977917
I1,10000,matched4888,test,8,ALL,FZJianLTJW_Te,47,0.9175607061132471,0.7699473944116146,0.6539842999996023
I1,10000,matched4888,test,8,ALL,FZJingLTJW-H,47,1.173823299560141,0.8368465875057464,1.187834806898807
I1,10000,matched4888,test,8,ALL,FZJingYLLTJW,47,0.7432075906941231,0.6873825268542513,0.5446122221331647
I1,10000,matched4888,test,8,ALL,FZLingFKSJW-B,47,1.2500016169741432,0.7965315415504131,0.7503788483507455
I1,10000,matched4888,test,8,ALL,FZLiuGQKJW-L,47,1.108969528624352,0.7017806299189304,0.4812253009171245
I1,10000,matched4888,test,8,ALL,FZMaWDBSJW,47,0.9159229955774673,0.7238019286318028,1.0726645582533898
I1,10000,matched4888,test,8,ALL,FZTJLSJW,47,1.0217008184879384,0.7203472548342765,0.8441000142471587
I1,10000,matched4888,test,8,bopomofo,FZBuGTJW,3,0.7722464005152384,0.8088508049647013,0.20360070963700613
I1,10000,matched4888,test,8,bopomofo,FZChuangHJW_DB,3,0.9654715855916342,0.7610610723495483,1.285364071528117
I1,10000,matched4888,test,8,bopomofo,FZCuanBZBKSJW,3,1.3977051575978596,0.8415865500768026,0.6187443435192108
I1,10000,matched4888,test,8,bopomofo,FZDeSHJW_515H,3,1.3364100058873494,0.8711305856704712,-2.836193084716797
I1,10000,matched4888,test,8,bopomofo,FZDouNTJW_Te,3,0.934730609258016,0.711388349533081,-2.771179755528768
I1,10000,matched4888,test,8,bopomofo,FZFeiHHJW-H,3,1.1584746440251668,0.677854597568512,0.6614414850870768
I1,10000,matched4888,test,8,bopomofo,FZFengYKSJ,3,0.25685728589693707,0.5159172415733337,-0.804143230120341
I1,10000,matched4888,test,8,bopomofo,FZHanWZKJW,3,1.1834118366241455,0.8211040695508321,1.3792950709660847
I1,10000,matched4888,test,8,bopomofo,FZHuoYYJW-T,3,1.131671130657196,0.7283411026000977,1.2931967576344807
I1,10000,matched4888,test,8,bopomofo,FZJianLTJW_Te,3,1.0649047096570332,0.7905754844347636,-2.946962912877401
I1,10000,matched4888,test,8,bopomofo,FZJingLTJW-H,3,1.3384805917739868,0.854431668917338,0.9385958909988403
I1,10000,matched4888,test,8,bopomofo,FZJingYLLTJW,3,0.8832299709320068,0.7368983626365662,0.7751223544279734
I1,10000,matched4888,test,8,bopomofo,FZLingFKSJW-B,3,1.4195045232772827,0.8786876996358236,0.3236058826247851
I1,10000,matched4888,test,8,bopomofo,FZLiuGQKJW-L,3,0.8241842985153198,0.5897365013758341,0.24786638716856638
I1,10000,matched4888,test,8,bopomofo,FZMaWDBSJW,3,0.7080100774765015,0.7154215176900228,0.7009970843791962
I1,10000,matched4888,test,8,bopomofo,FZTJLSJW,3,0.977006216843923,0.7232557733853658,-0.8856523533662161
I1,10000,matched4888,test,8,kana,FZBuGTJW,7,0.48783567547798157,0.7539199420383998,0.6470147711890084
I1,10000,matched4888,test,8,kana,FZChuangHJW_DB,7,0.6886872862066541,0.7369867818696159,0.9043861159256527
I1,10000,matched4888,test,8,kana,FZCuanBZBKSJW,7,1.232832989522389,0.7668798395565578,0.9444009150777545
I1,10000,matched4888,test,8,kana,FZDeSHJW_515H,7,1.3761454650333949,0.8907022220747811,0.9187423714569637
I1,10000,matched4888,test,8,kana,FZDouNTJW_Te,7,1.1760690808296204,0.7792432819093976,1.158907732793263
I1,10000,matched4888,test,8,kana,FZFeiHHJW-H,7,1.0777970211846488,0.64740104334695,0.5397516318729946
I1,10000,matched4888,test,8,kana,FZFengYKSJ,7,0.48366163883890423,0.5822920714105878,0.7319666360105787
I1,10000,matched4888,test,8,kana,FZHanWZKJW,7,1.1996602416038513,0.7895089387893677,1.2501805509839738
I1,10000,matched4888,test,8,kana,FZHuoYYJW-T,7,1.259501303945269,0.7993475539343697,1.1756755028452193
I1,10000,matched4888,test,8,kana,FZJianLTJW_Te,7,0.9024574416024345,0.7937285644667489,1.2801651103155953
I1,10000,matched4888,test,8,kana,FZJingLTJW-H,7,1.3138310057776315,0.871246874332428,1.283643467085702
I1,10000,matched4888,test,8,kana,FZJingYLLTJW,7,0.9597813827650887,0.7320879101753235,1.1547715493610926
I1,10000,matched4888,test,8,kana,FZLingFKSJW-B,7,1.1205653165067946,0.8436492766652789,0.8803398992334094
I1,10000,matched4888,test,8,kana,FZLiuGQKJW-L,7,1.0551435266222273,0.6588169080870492,0.5915487004177911
I1,10000,matched4888,test,8,kana,FZMaWDBSJW,7,0.61065360052245,0.7156702450343541,0.7025937948908124
I1,10000,matched4888,test,8,kana,FZTJLSJW,7,1.0388010910579137,0.814461486680167,0.24508564759578025
I1,10000,matched4888,test,8,latin,FZBuGTJW,37,-0.14485053093852224,0.4875205384718405,0.5896622304477401
I1,10000,matched4888,test,8,latin,FZChuangHJW_DB,37,1.2432128013791264,0.7534162756559011,1.0258119446603027
I1,10000,matched4888,test,8,latin,FZCuanBZBKSJW,37,1.2238159944882263,0.7266375213055998,0.49809346478935834
I1,10000,matched4888,test,8,latin,FZDeSHJW_515H,37,1.2965299503223315,0.8506202891066268,1.3110583891739716
I1,10000,matched4888,test,8,latin,FZDouNTJW_Te,37,0.8593755047768354,0.7448515843700718,1.2149469417494696
I1,10000,matched4888,test,8,latin,FZFeiHHJW-H,37,0.784540738608386,0.6101011504998078,0.5304590223004689
I1,10000,matched4888,test,8,latin,FZFengYKSJ,37,0.5130333256077122,0.6339579997835932,0.7771445085873475
I1,10000,matched4888,test,8,latin,FZHanWZKJW,37,1.2119596294454626,0.7996815378601486,0.8814278631596952
I1,10000,matched4888,test,8,latin,FZHuoYYJW-T,37,1.1184448100425102,0.7460844532863514,1.1724667371930302
I1,10000,matched4888,test,8,latin,FZJianLTJW_Te,37,0.9084712693820128,0.7637757062911987,0.8274863531460633
I1,10000,matched4888,test,8,latin,FZJingLTJW-H,37,1.1339847638800338,0.8289126077213803,1.1899174049093917
I1,10000,matched4888,test,8,latin,FZJingYLLTJW,37,0.6908810046073552,0.6749099541354824,0.41048666301208575
I1,10000,matched4888,test,8,latin,FZLingFKSJW-B,37,1.2607460868217655,0.7809560653325673,0.7603948359453195
I1,10000,matched4888,test,8,latin,FZLiuGQKJW-L,37,1.1422435206335944,0.7189935606879156,0.47927429942363825
I1,10000,matched4888,test,8,latin,FZMaWDBSJW,37,0.9905344690825488,0.7260198480374104,1.1728131465009741
I1,10000,matched4888,test,8,latin,FZTJLSJW,37,1.0220895184052956,0.7023060337917225,1.0976772485552608
I1,10000,matched4888,test,ALL,ALL,FZBuGTJW,188,0.21978886358122876,0.6038323787457132,0.5735618734851162
I1,10000,matched4888,test,ALL,ALL,FZChuangHJW_DB,188,1.2026489603709667,0.766382986243735,1.0242944037977686
I1,10000,matched4888,test,ALL,ALL,FZCuanBZBKSJW,188,1.2240411415299837,0.7359500689075348,0.5722659070916633
I1,10000,matched4888,test,ALL,ALL,FZDeSHJW_515H,188,1.2814055693910478,0.8540573833470649,0.9879101647975597
I1,10000,matched4888,test,ALL,ALL,FZDouNTJW_Te,188,0.791608858556348,0.7290290790669461,0.9521670576105726
I1,10000,matched4888,test,ALL,ALL,FZFeiHHJW-H,188,0.6495192474883763,0.5882356369749029,0.5402036107125434
I1,10000,matched4888,test,ALL,ALL,FZFengYKSJ,188,0.4282890163619626,0.5919667149477816,0.6694826293498912
I1,10000,matched4888,test,ALL,ALL,FZHanWZKJW,188,1.199862980145089,0.7959320443741819,0.9681272341849956
I1,10000,matched4888,test,ALL,ALL,FZHuoYYJW-T,188,1.1751446213493957,0.7655944523025067,1.180650809977917
I1,10000,matched4888,test,ALL,ALL,FZJianLTJW_Te,188,0.8439191731109106,0.7634964597986099,0.6539842999996023
I1,10000,matched4888,test,ALL,ALL,FZJingLTJW-H,188,0.9878571236387212,0.7747088074684143,1.187834806898807
I1,10000,matched4888,test,ALL,ALL,FZJingYLLTJW,188,0.23857482175957015,0.5991629561845292,0.5446122221331647
I1,10000,matched4888,test,ALL,ALL,FZLingFKSJW-B,188,1.306474665070864,0.792256659966834,0.7503788483507455
I1,10000,matched4888,test,ALL,ALL,FZLiuGQKJW-L,188,1.0824695709855,0.7046908190909852,0.4812253009171245
I1,10000,matched4888,test,ALL,ALL,FZMaWDBSJW,188,1.0119136505700805,0.748741533527983,1.0726645582533898
I1,10000,matched4888,test,ALL,ALL,FZTJLSJW,188,0.9959700015631128,0.7087676315865619,0.8441000142471587
I1,10000,matched4888,test,ALL,bopomofo,FZBuGTJW,12,0.6264262000719706,0.7792548586924871,0.20360070963700613
I1,10000,matched4888,test,ALL,bopomofo,FZChuangHJW_DB,12,1.0647364755471547,0.7781016379594803,1.285364071528117
I1,10000,matched4888,test,ALL,bopomofo,FZCuanBZBKSJW,12,1.4597043693065643,0.8387787540753683,0.6187443435192108
I1,10000,matched4888,test,ALL,bopomofo,FZDeSHJW_515H,12,1.316614419221878,0.8720784137646357,-2.836193084716797
I1,10000,matched4888,test,ALL,bopomofo,FZDouNTJW_Te,12,0.771996583789587,0.682876706123352,-2.771179755528768
I1,10000,matched4888,test,ALL,bopomofo,FZFeiHHJW-H,12,0.9924958037833372,0.6316238840421041,0.6614414850870768
I1,10000,matched4888,test,ALL,bopomofo,FZFengYKSJ,12,0.24003909528255463,0.5101487090190252,-0.804143230120341
I1,10000,matched4888,test,ALL,bopomofo,FZHanWZKJW,12,1.1855222831169765,0.8233998914559683,1.3792950709660847
I1,10000,matched4888,test,ALL,bopomofo,FZHuoYYJW-T,12,1.174367904663086,0.7590320905049642,1.2931967576344807
I1,10000,matched4888,test,ALL,bopomofo,FZJianLTJW_Te,12,0.9185695325334867,0.7821380843718847,-2.946962912877401
I1,10000,matched4888,test,ALL,bopomofo,FZJingLTJW-H,12,1.1789531757434208,0.8250414927800497,0.9385958909988403
I1,10000,matched4888,test,ALL,bopomofo,FZJingYLLTJW,12,0.1790799473722776,0.5837279905875524,0.7751223544279734
I1,10000,matched4888,test,ALL,bopomofo,FZLingFKSJW-B,12,1.4322906533877056,0.855890209476153,0.3236058826247851
I1,10000,matched4888,test,ALL,bopomofo,FZLiuGQKJW-L,12,0.7817688410480818,0.5784236788749695,0.24786638716856638
I1,10000,matched4888,test,ALL,bopomofo,FZMaWDBSJW,12,0.7928265929222107,0.7298835515975952,0.7009970843791962
I1,10000,matched4888,test,ALL,bopomofo,FZTJLSJW,12,0.9761923054854075,0.729660173257192,-0.8856523533662161
I1,10000,matched4888,test,ALL,kana,FZBuGTJW,28,0.42310145889808026,0.7407312882798058,0.6470147711890084
I1,10000,matched4888,test,ALL,kana,FZChuangHJW_DB,28,0.7759004788739341,0.7563771520342145,0.9043861159256527
I1,10000,matched4888,test,ALL,kana,FZCuanBZBKSJW,28,1.243168638220855,0.7712203115224838,0.9444009150777545
I1,10000,matched4888,test,ALL,kana,FZDeSHJW_515H,28,1.3393218921763557,0.880074856536729,0.9187423714569637
I1,10000,matched4888,test,ALL,kana,FZDouNTJW_Te,28,1.0668875255755015,0.7468966969421932,1.158907732793263
I1,10000,matched4888,test,ALL,kana,FZFeiHHJW-H,28,0.8202719501485782,0.6235857073749814,0.5397516318729946
I1,10000,matched4888,test,ALL,kana,FZFengYKSJ,28,0.4522455512945141,0.5648220298545701,0.7319666360105787
I1,10000,matched4888,test,ALL,kana,FZHanWZKJW,28,1.2018893850701196,0.7895993292331696,1.2501805509839738
I1,10000,matched4888,test,ALL,kana,FZHuoYYJW-T,28,1.278856411576271,0.8011595479079655,1.1756755028452193
I1,10000,matched4888,test,ALL,kana,FZJianLTJW_Te,28,0.8325457913534982,0.7804596083504813,1.2801651103155953
I1,10000,matched4888,test,ALL,kana,FZJingLTJW-H,28,1.2891824564763479,0.8544899182660239,1.283643467085702
I1,10000,matched4888,test,ALL,kana,FZJingYLLTJW,28,0.3052083025021212,0.5855397816215243,1.1547715493610926
I1,10000,matched4888,test,ALL,kana,FZLingFKSJW-B,28,1.1846928798726626,0.8471977221114295,0.8803398992334094
I1,10000,matched4888,test,ALL,kana,FZLiuGQKJW-L,28,0.9943858257361821,0.6513120063713619,0.5915487004177911
I1,10000,matched4888,test,ALL,kana,FZMaWDBSJW,28,0.7066935005464724,0.7280217622007642,0.7025937948908124
I1,10000,matched4888,test,ALL,kana,FZTJLSJW,28,1.0215534376246589,0.812259275998388,0.24508564759578025
I1,10000,matched4888,test,ALL,latin,FZBuGTJW,148,0.1483537236706832,0.5637091407300653,0.5896622304477401
I1,10000,matched4888,test,ALL,latin,FZChuangHJW_DB,148,1.294567252937201,0.7673258209550703,1.0258119446603027
I1,10000,matched4888,test,ALL,latin,FZCuanBZBKSJW,148,1.2013145966606367,0.7209398593451526,0.49809346478935834
I1,10000,matched4888,test,ALL,latin,FZDeSHJW_515H,148,1.2675936556345708,0.8476739940611092,1.3110583891739716
I1,10000,matched4888,test,ALL,latin,FZDouNTJW_Te,148,0.7411192951824617,0.7293908032211097,1.2149469417494696
I1,10000,matched4888,test,ALL,latin,FZFeiHHJW-H,148,0.5894057721503683,0.5780298198397095,0.5304590223004689
I1,10000,matched4888,test,ALL,latin,FZFengYKSJ,148,0.4390202060568373,0.6037360882839641,0.7771445085873475
I1,10000,matched4888,test,ALL,latin,FZHanWZKJW,148,1.2006423654588494,0.794903002880715,0.8814278631596952
I1,10000,matched4888,test,ALL,latin,FZHuoYYJW-T,148,1.1555864488756336,0.7593980040904638,1.1724667371930302
I1,10000,matched4888,test,ALL,latin,FZJianLTJW_Te,148,0.8400181621388608,0.7587757324044769,0.8274863531460633
I1,10000,matched4888,test,ALL,latin,FZJingLTJW-H,148,0.9153553537420325,0.7555340552652204,1.1899174049093917
I1,10000,matched4888,test,ALL,latin,FZJingYLLTJW,148,0.23079239629913825,0.6029917972313391,0.41048666301208575
I1,10000,matched4888,test,ALL,latin,FZLingFKSJW-B,148,1.3193131659205097,0.7767029279792631,0.7603948359453195
I1,10000,matched4888,test,ALL,latin,FZLiuGQKJW-L,148,1.1235152035951614,0.7250273896230234,0.47927429942363825
I1,10000,matched4888,test,ALL,latin,FZMaWDBSJW,148,1.0874218187622122,0.7541905158274883,1.1728131465009741
I1,10000,matched4888,test,ALL,latin,FZTJLSJW,148,0.9927334890172288,0.6874941414272463,1.0976772485552608
I1,10000,matched4888,train,1,ALL,FZDuHJW_Cu,47,0.8213874840355934,0.7474816137171806,0.8482421465376591
I1,10000,matched4888,train,1,ALL,FZFeiSJW-EL,47,1.1297734544632283,0.8207884735249459,1.2483324142212564
I1,10000,matched4888,train,1,ALL,FZPTYJW,47,1.3362995018350317,0.8965200033593685,0.403079683476306
I1,10000,matched4888,train,1,ALL,FZShuLTJW-H,47,0.7395176050510812,0.6035589017766587,1.148759146954151
I1,10000,matched4888,train,1,ALL,FZYiMSJW-T,47,1.2289400709436296,0.8330184753904951,1.2475223338350336
I1,10000,matched4888,train,1,bopomofo,FZDuHJW_Cu,3,1.0209519664446514,0.785119374593099,-2.6805082162221274
I1,10000,matched4888,train,1,bopomofo,FZFeiSJW-EL,3,1.1803800264994304,0.9005434115727743,1.1174527208010356
I1,10000,matched4888,train,1,bopomofo,FZPTYJW,3,1.493460218111674,0.9450677434603373,-2.2713398138682046
I1,10000,matched4888,train,1,bopomofo,FZShuLTJW-H,3,0.9334526062011719,0.6451888680458069,1.2025230129559834
I1,10000,matched4888,train,1,bopomofo,FZYiMSJW-T,3,1.1909706592559814,0.9029149611790975,1.2083792686462402
I1,10000,matched4888,train,1,kana,FZDuHJW_Cu,7,0.9742040761879512,0.815751143864223,1.0194836684635706
I1,10000,matched4888,train,1,kana,FZFeiSJW-EL,7,1.3123920134135656,0.9086749638829913,1.2647960441453117
I1,10000,matched4888,train,1,kana,FZPTYJW,7,1.4373949425561088,0.933466008731297,-2.7721708842686246
I1,10000,matched4888,train,1,kana,FZShuLTJW-H,7,1.0600175091198512,0.7520428725651332,1.2694600820541382
I1,10000,matched4888,train,1,kana,FZYiMSJW-T,7,1.2926349128995622,0.8919904998370579,1.3296397924423218
I1,10000,matched4888,train,1,latin,FZDuHJW_Cu,37,0.7762953328925211,0.7315140463210441,1.1019599961267936
I1,10000,matched4888,train,1,latin,FZFeiSJW-EL,37,1.0911207617940129,0.7976946830749512,1.2558295404588855
I1,10000,matched4888,train,1,latin,FZPTYJW,37,1.3044305765951,0.885593915307844,1.2206475879694965
I1,10000,matched4888,train,1,latin,FZShuLTJW-H,37,0.6631580285123877,0.5720919370651245,1.1215646025296804
I1,10000,matched4888,train,1,latin,FZYiMSJW-T,37,1.2199682963861,0.8161943232690966,1.2351603604651786
I1,10000,matched4888,train,2,ALL,FZDuHJW_Cu,47,0.908356212555094,0.7475896325517208,0.8482421465376591
I1,10000,matched4888,train,2,ALL,FZFeiSJW-EL,47,1.2069187341852392,0.8344257144217796,1.2483324142212564
I1,10000,matched4888,train,2,ALL,FZPTYJW,47,1.3586319735709658,0.8951716156716042,0.403079683476306
I1,10000,matched4888,train,2,ALL,FZShuLTJW-H,47,1.0169435536211475,0.6812310567561616,1.148759146954151
I1,10000,matched4888,train,2,ALL,FZYiMSJW-T,47,1.2250183833406327,0.8350466616610264,1.2475223338350336
I1,10000,matched4888,train,2,bopomofo,FZDuHJW_Cu,3,1.1315054098765056,0.8061562577883402,-2.6805082162221274
I1,10000,matched4888,train,2,bopomofo,FZFeiSJW-EL,3,1.201675256093343,0.9304494261741638,1.1174527208010356
I1,10000,matched4888,train,2,bopomofo,FZPTYJW,3,1.5191848278045654,0.9381225307782491,-2.2713398138682046
I1,10000,matched4888,train,2,bopomofo,FZShuLTJW-H,3,1.1799099445343018,0.7242038051287333,1.2025230129559834
I1,10000,matched4888,train,2,bopomofo,FZYiMSJW-T,3,1.2203713059425354,0.9055711030960083,1.2083792686462402
I1,10000,matched4888,train,2,kana,FZDuHJW_Cu,7,1.009622084242957,0.8226738061223712,1.0194836684635706
I1,10000,matched4888,train,2,kana,FZFeiSJW-EL,7,1.3427113464900426,0.9079804165022713,1.2647960441453117
I1,10000,matched4888,train,2,kana,FZPTYJW,7,1.4609513453074865,0.9392679929733276,-2.7721708842686246
I1,10000,matched4888,train,2,kana,FZShuLTJW-H,7,1.2502328242574419,0.7891379935400826,1.2694600820541382
I1,10000,matched4888,train,2,kana,FZYiMSJW-T,7,1.327052320752825,0.9077023778642926,1.3296397924423218
I1,10000,matched4888,train,2,latin,FZDuHJW_Cu,37,0.8711046262367351,0.7286358733434934,1.1019599961267936
I1,10000,matched4888,train,2,latin,FZFeiSJW-EL,37,1.1816533868377272,0.8127242536158175,1.2558295404588855
I1,10000,matched4888,train,2,latin,FZPTYJW,37,1.3262564556018726,0.8833465511734421,1.2206475879694965
I1,10000,matched4888,train,2,latin,FZShuLTJW-H,37,0.9595942545078091,0.6573319539830491,1.1215646025296804
I1,10000,matched4888,train,2,latin,FZYiMSJW-T,37,1.2060914555111446,0.8155827876683828,1.2351603604651786
I1,10000,matched4888,train,4,ALL,FZDuHJW_Cu,47,1.1261726903154494,0.785493364993562,0.8482421465376591
I1,10000,matched4888,train,4,ALL,FZFeiSJW-EL,47,1.1873662890271937,0.8327442242744121,1.2483324142212564
I1,10000,matched4888,train,4,ALL,FZPTYJW,47,1.3585197621203484,0.8957110478522929,0.403079683476306
I1,10000,matched4888,train,4,ALL,FZShuLTJW-H,47,1.0977513460402792,0.7348575718859409,1.148759146954151
I1,10000,matched4888,train,4,ALL,FZYiMSJW-T,47,1.223326047684284,0.8388085175067821,1.2475223338350336
I1,10000,matched4888,train,4,bopomofo,FZDuHJW_Cu,3,1.3729053735733032,0.826412578423818,-2.6805082162221274
I1,10000,matched4888,train,4,bopomofo,FZFeiSJW-EL,3,1.1303011377652485,0.9195762872695923,1.1174527208010356
I1,10000,matched4888,train,4,bopomofo,FZPTYJW,3,1.5457100470860798,0.9421221216519674,-2.2713398138682046
I1,10000,matched4888,train,4,bopomofo,FZShuLTJW-H,3,1.2380200227101643,0.7895059585571289,1.2025230129559834
I1,10000,matched4888,train,4,bopomofo,FZYiMSJW-T,3,1.2241141398747761,0.9021099209785461,1.2083792686462402
I1,10000,matched4888,train,4,kana,FZDuHJW_Cu,7,1.085536437375205,0.8364879148347037,1.0194836684635706
I1,10000,matched4888,train,4,kana,FZFeiSJW-EL,7,1.3416414260864258,0.900651250566755,1.2647960441453117
I1,10000,matched4888,train,4,kana,FZPTYJW,7,1.4609712873186385,0.9381766234125409,-2.7721708842686246
I1,10000,matched4888,train,4,kana,FZShuLTJW-H,7,1.3057990755353654,0.8219094361577716,1.2694600820541382
I1,10000,matched4888,train,4,kana,FZYiMSJW-T,7,1.3339547259466988,0.9108996306146894,1.3296397924423218
I1,10000,matched4888,train,4,latin,FZDuHJW_Cu,37,1.1138552773643184,0.7725279733941361,1.1019599961267936
I1,10000,matched4888,train,4,latin,FZFeiSJW-EL,37,1.1628060050912805,0.812856511489765,1.2558295404588855
I1,10000,matched4888,train,4,latin,FZPTYJW,37,1.3239594504639909,0.8839139600057859,1.2206475879694965
I1,10000,matched4888,train,4,latin,FZShuLTJW-H,37,1.0470178288382452,0.713957349996309,1.1215646025296804
I1,10000,matched4888,train,4,latin,FZYiMSJW-T,37,1.2023323983759493,0.8200371120427106,1.2351603604651786
I1,10000,matched4888,train,8,ALL,FZDuHJW_Cu,47,1.1706593887920076,0.7834826720521805,0.8482421465376591
I1,10000,matched4888,train,8,ALL,FZFeiSJW-EL,47,1.2157643931977293,0.8280947487405006,1.2483324142212564
I1,10000,matched4888,train,8,ALL,FZPTYJW,47,1.3494885944305581,0.8954113113119248,0.403079683476306
I1,10000,matched4888,train,8,ALL,FZShuLTJW-H,47,1.1268478828541777,0.7358188515013837,1.148759146954151
I1,10000,matched4888,train,8,ALL,FZYiMSJW-T,47,1.2242548973002332,0.8417387997850458,1.2475223338350336
I1,10000,matched4888,train,8,bopomofo,FZDuHJW_Cu,3,1.3779562711715698,0.8114568789800009,-2.6805082162221274
I1,10000,matched4888,train,8,bopomofo,FZFeiSJW-EL,3,1.1352195143699646,0.9172874291737875,1.1174527208010356
I1,10000,matched4888,train,8,bopomofo,FZPTYJW,3,1.5190324385960896,0.9412438869476318,-2.2713398138682046
I1,10000,matched4888,train,8,bopomofo,FZShuLTJW-H,3,1.3060044447580974,0.8039835890134176,1.2025230129559834
I1,10000,matched4888,train,8,bopomofo,FZYiMSJW-T,3,1.1497043371200562,0.8990574677785238,1.2083792686462402
I1,10000,matched4888,train,8,kana,FZDuHJW_Cu,7,1.1610345159258162,0.8496856008257184,1.0194836684635706
I1,10000,matched4888,train,8,kana,FZFeiSJW-EL,7,1.319491880280631,0.8798637560435704,1.2647960441453117
I1,10000,matched4888,train,8,kana,FZPTYJW,7,1.4561467000416346,0.9352335929870605,-2.7721708842686246
I1,10000,matched4888,train,8,kana,FZShuLTJW-H,7,1.3275850330080305,0.8271797129086086,1.2694600820541382
I1,10000,matched4888,train,8,kana,FZYiMSJW-T,7,1.3332642487117223,0.9130864058222089,1.3296397924423218
I1,10000,matched4888,train,8,latin,FZDuHJW_Cu,37,1.1556724553575386,0.7686896146954717,1.1019599961267936
I1,10000,matched4888,train,8,latin,FZFeiSJW-EL,37,1.2026709398707829,0.8110687732696533,1.2558295404588855
I1,10000,matched4888,train,8,latin,FZPTYJW,37,1.3155632357339602,0.8841612113488687,1.2206475879694965
I1,10000,matched4888,train,8,latin,FZShuLTJW-H,37,1.0743443764544822,0.7130074935990411,1.1215646025296804
I1,10000,matched4888,train,8,latin,FZYiMSJW-T,37,1.2096761465072632,0.8235931444812465,1.2351603604651786
I1,10000,matched4888,train,ALL,ALL,FZDuHJW_Cu,188,1.006643943924536,0.766011820828661,0.8482421465376591
I1,10000,matched4888,train,ALL,ALL,FZFeiSJW-EL,188,1.1849557177183476,0.8290132902404095,1.2483324142212564
I1,10000,matched4888,train,ALL,ALL,FZPTYJW,188,1.350734957989226,0.8957034945487976,0.403079683476306
I1,10000,matched4888,train,ALL,ALL,FZShuLTJW-H,188,0.9952650968916714,0.6888665954800363,1.148759146954151
I1,10000,matched4888,train,ALL,ALL,FZYiMSJW-T,188,1.2253848498171949,0.8371531135858373,1.2475223338350336
I1,10000,matched4888,train,ALL,bopomofo,FZDuHJW_Cu,12,1.2258297552665074,0.8072862724463145,-2.6805082162221274
I1,10000,matched4888,train,ALL,bopomofo,FZFeiSJW-EL,12,1.1618939836819966,0.9169641385475794,1.1174527208010356
I1,10000,matched4888,train,ALL,bopomofo,FZPTYJW,12,1.5193468828996022,0.9416390707095464,-2.2713398138682046
I1,10000,matched4888,train,ALL,bopomofo,FZShuLTJW-H,12,1.1643467545509338,0.7407205551862717,1.2025230129559834
I1,10000,matched4888,train,ALL,bopomofo,FZYiMSJW-T,12,1.1962901105483372,0.9024133632580439,1.2083792686462402
I1,10000,matched4888,train,ALL,kana,FZDuHJW_Cu,28,1.0575992784329824,0.8311496164117541,1.0194836684635706
I1,10000,matched4888,train,ALL,kana,FZFeiSJW-EL,28,1.329059166567666,0.899292596748897,1.2647960441453117
I1,10000,matched4888,train,ALL,kana,FZPTYJW,28,1.453866068805967,0.9365360545260566,-2.7721708842686246
I1,10000,matched4888,train,ALL,kana,FZShuLTJW-H,28,1.2359086104801722,0.797567503792899,1.2694600820541382
I1,10000,matched4888,train,ALL,kana,FZYiMSJW-T,28,1.3217265520777022,0.9059197285345623,1.3296397924423218
I1,10000,matched4888,train,ALL,latin,FZDuHJW_Cu,148,0.9792319229627783,0.7503418769385364,1.1019599961267936
I1,10000,matched4888,train,ALL,latin,FZFeiSJW-EL,148,1.1595627733984508,0.8085860553625468,1.2558295404588855
I1,10000,matched4888,train,ALL,latin,FZPTYJW,148,1.3175524295987309,0.8842539094589852,1.2206475879694965
I1,10000,matched4888,train,ALL,latin,FZShuLTJW-H,148,0.936028622078231,0.6640971836608809,1.1215646025296804
I1,10000,matched4888,train,ALL,latin,FZYiMSJW-T,148,1.2095170741951144,0.8188518418653591,1.2351603604651786
I1,10000,matched4888,val,1,ALL,FZBangSKKXJW,47,1.0785264930826552,0.6775454492010968,0.8166467382552776
I1,10000,matched4888,val,1,ALL,FZJunYTJW-H,47,1.0121269676279514,0.7951072631998265,0.8919322550534567
I1,10000,matched4888,val,1,ALL,FZKANGJW,47,0.7925098062829768,0.7108166959691555,0.3212025874155633
I1,10000,matched4888,val,1,ALL,FZLTHProGBK_H,47,1.0126627024183883,0.7617743167471378,0.9705552541987693
I1,10000,matched4888,val,1,ALL,FZYouHK_511M,47,1.1842237315834203,0.7818268994067578,1.283531095119233
I1,10000,matched4888,val,1,bopomofo,FZBangSKKXJW,3,1.2300766706466675,0.7402356266975403,0.8998004992802938
I1,10000,matched4888,val,1,bopomofo,FZJunYTJW-H,3,1.0549379189809163,0.8292110164960226,1.1863958438237507
I1,10000,matched4888,val,1,bopomofo,FZKANGJW,3,0.6853038668632507,0.6952345172564188,-0.45953964193662006
I1,10000,matched4888,val,1,bopomofo,FZLTHProGBK_H,3,0.9268235961596171,0.7760119438171387,1.1118056774139404
I1,10000,matched4888,val,1,bopomofo,FZYouHK_511M,3,1.2504764397939045,0.8189011613527933,1.5833906730016072
I1,10000,matched4888,val,1,kana,FZBangSKKXJW,7,1.1466919864927019,0.6931523084640503,0.788582307951791
I1,10000,matched4888,val,1,kana,FZJunYTJW-H,7,1.0764106171471732,0.825181382043021,0.7980834926877703
I1,10000,matched4888,val,1,kana,FZKANGJW,7,0.9039600150925773,0.7613015600613185,-2.0023163727351596
I1,10000,matched4888,val,1,kana,FZLTHProGBK_H,7,0.9669390661375863,0.7836118255342756,1.140190247978483
I1,10000,matched4888,val,1,kana,FZYouHK_511M,7,1.2681699395179749,0.8696200847625732,1.310642353125981
I1,10000,matched4888,val,1,latin,FZBangSKKXJW,37,1.0533424664188076,0.6695098127867725,0.8152140282295846
I1,10000,matched4888,val,1,latin,FZJunYTJW-H,37,0.9964940378794799,0.7866523958541252,0.8858120001953196
I1,10000,matched4888,val,1,latin,FZKANGJW,37,0.780117005109787,0.7025289253608601,0.824090679553715
I1,10000,matched4888,val,1,latin,FZLTHProGBK_H,37,1.0282730476276294,0.7564884939709225,0.9270094102500258
I1,10000,matched4888,val,1,latin,FZYouHK_511M,37,1.1629701753625192,0.7622113566140871,1.2540889994518176
I1,10000,matched4888,val,2,ALL,FZBangSKKXJW,47,1.0039928339897317,0.6473452436163071,0.8166467382552776
I1,10000,matched4888,val,2,ALL,FZJunYTJW-H,47,0.9571156950390085,0.7787702489406505,0.8919322550534567
I1,10000,matched4888,val,2,ALL,FZKANGJW,47,0.3693089113432042,0.6011671639503317,0.3212025874155633
I1,10000,matched4888,val,2,ALL,FZLTHProGBK_H,47,0.9885942585607792,0.7623171540016823,0.9705552541987693
I1,10000,matched4888,val,2,ALL,FZYouHK_511M,47,1.200152964668071,0.7840684766465045,1.283531095119233
I1,10000,matched4888,val,2,bopomofo,FZBangSKKXJW,3,1.088718553384145,0.6910629471143087,0.8998004992802938
I1,10000,matched4888,val,2,bopomofo,FZJunYTJW-H,3,1.015369455019633,0.8082734147707621,1.1863958438237507
I1,10000,matched4888,val,2,bopomofo,FZKANGJW,3,0.2601698512832324,0.586794376373291,-0.45953964193662006
I1,10000,matched4888,val,2,bopomofo,FZLTHProGBK_H,3,0.8287031650543213,0.7657136718432108,1.1118056774139404
I1,10000,matched4888,val,2,bopomofo,FZYouHK_511M,3,1.1860044201215107,0.7986634373664856,1.5833906730016072
I1,10000,matched4888,val,2,kana,FZBangSKKXJW,7,1.1424926604543413,0.724849351814815,0.788582307951791
I1,10000,matched4888,val,2,kana,FZJunYTJW-H,7,1.017600221293313,0.8071083511625018,0.7980834926877703
I1,10000,matched4888,val,2,kana,FZKANGJW,7,0.5421694155250277,0.663415287222181,-2.0023163727351596
I1,10000,matched4888,val,2,kana,FZLTHProGBK_H,7,0.9527108073234558,0.7769234265599932,1.140190247978483
I1,10000,matched4888,val,2,kana,FZYouHK_511M,7,1.221077058996473,0.8564901181629726,1.310642353125981
I1,10000,matched4888,val,2,latin,FZBangSKKXJW,37,0.9709205111941775,0.6291376255654,0.8152140282295846
I1,10000,matched4888,val,2,latin,FZJunYTJW-H,37,0.9409493987221975,0.7710168377773182,0.8858120001953196
I1,10000,matched4888,val,2,latin,FZKANGJW,37,0.3454546856920461,0.590555853134877,0.824090679553715
I1,10000,matched4888,val,2,latin,FZLTHProGBK_H,37,1.008347162322418,0.7592784118007969,0.9270094102500258
I1,10000,matched4888,val,2,latin,FZYouHK_511M,37,1.1973415315151215,0.7691837098147418,1.2540889994518176
I1,10000,matched4888,val,4,ALL,FZBangSKKXJW,47,0.884270523456817,0.6406788325056116,0.8166467382552776
I1,10000,matched4888,val,4,ALL,FZJunYTJW-H,47,0.8657053607575437,0.7742788810679253,0.8919322550534567
I1,10000,matched4888,val,4,ALL,FZKANGJW,47,0.4398520970518919,0.6118372070028427,0.3212025874155633
I1,10000,matched4888,val,4,ALL,FZLTHProGBK_H,47,0.9891626525749552,0.7540530448264264,0.9705552541987693
I1,10000,matched4888,val,4,ALL,FZYouHK_511M,47,1.229790946904649,0.7913380620327402,1.283531095119233
I1,10000,matched4888,val,4,bopomofo,FZBangSKKXJW,3,1.0509690244992573,0.6705392599105835,0.8998004992802938
I1,10000,matched4888,val,4,bopomofo,FZJunYTJW-H,3,1.0535408854484558,0.8189171552658081,1.1863958438237507
I1,10000,matched4888,val,4,bopomofo,FZKANGJW,3,0.2982252165675163,0.5876546601454417,-0.45953964193662006
I1,10000,matched4888,val,4,bopomofo,FZLTHProGBK_H,3,0.8743543227513632,0.7822449405988058,1.1118056774139404
I1,10000,matched4888,val,4,bopomofo,FZYouHK_511M,3,1.174034575621287,0.8046046296755472,1.5833906730016072
I1,10000,matched4888,val,4,kana,FZBangSKKXJW,7,1.0974097422191076,0.708308219909668,0.788582307951791
I1,10000,matched4888,val,4,kana,FZJunYTJW-H,7,0.9680864768368858,0.8137929354395185,0.7980834926877703
I1,10000,matched4888,val,4,kana,FZKANGJW,7,0.5584426053932735,0.6662535667419434,-2.0023163727351596
I1,10000,matched4888,val,4,kana,FZLTHProGBK_H,7,1.0649658015796117,0.8065920046397618,1.140190247978483
I1,10000,matched4888,val,4,kana,FZYouHK_511M,7,1.2871016263961792,0.8698967014040265,1.310642353125981
I1,10000,matched4888,val,4,latin,FZBangSKKXJW,37,0.8304307927956452,0.6254629678017384,0.8152140282295846
I1,10000,matched4888,val,4,latin,FZJunYTJW-H,37,0.8311060530108374,0.763183929630228,0.8858120001953196
I1,10000,matched4888,val,4,latin,FZKANGJW,37,0.42889931551306637,0.6035029670676669,0.824090679553715
I1,10000,matched4888,val,4,latin,FZLTHProGBK_H,37,0.9841302997759871,0.7418274122315485,0.9270094102500258
I1,10000,matched4888,val,4,latin,FZYouHK_511M,37,1.2234691727805782,0.7753999490995664,1.2540889994518176
I1,10000,matched4888,val,8,ALL,FZBangSKKXJW,47,0.9695153046161571,0.651878371517709,0.8166467382552776
I1,10000,matched4888,val,8,ALL,FZJunYTJW-H,47,0.7616169788735978,0.7554937537680281,0.8919322550534567
I1,10000,matched4888,val,8,ALL,FZKANGJW,47,1.0067214441109211,0.7506994338745766,0.3212025874155633
I1,10000,matched4888,val,8,ALL,FZLTHProGBK_H,47,1.0410491643037567,0.7701360824260306,0.9705552541987693
I1,10000,matched4888,val,8,ALL,FZYouHK_511M,47,1.2730590111397682,0.7994210694698577,1.283531095119233
I1,10000,matched4888,val,8,bopomofo,FZBangSKKXJW,3,1.1646095911661785,0.7072813510894775,0.8998004992802938
I1,10000,matched4888,val,8,bopomofo,FZJunYTJW-H,3,1.0092310706774394,0.8004882534344991,1.1863958438237507
I1,10000,matched4888,val,8,bopomofo,FZKANGJW,3,0.868015835682551,0.7437321543693542,-0.45953964193662006
I1,10000,matched4888,val,8,bopomofo,FZLTHProGBK_H,3,0.9110488494237264,0.7935739954312643,1.1118056774139404
I1,10000,matched4888,val,8,bopomofo,FZYouHK_511M,3,1.2362080017725627,0.8234397371610006,1.5833906730016072
I1,10000,matched4888,val,8,kana,FZBangSKKXJW,7,1.1321320533752441,0.7199264083589826,0.788582307951791
I1,10000,matched4888,val,8,kana,FZJunYTJW-H,7,0.8606691488197872,0.8039765783718654,0.7980834926877703
I1,10000,matched4888,val,8,kana,FZKANGJW,7,0.9321142435073853,0.7818294593266079,-2.0023163727351596
I1,10000,matched4888,val,8,kana,FZLTHProGBK_H,7,1.0481547032083784,0.8005439298493522,1.140190247978483
I1,10000,matched4888,val,8,kana,FZYouHK_511M,7,1.361900167805808,0.8837012307984489,1.310642353125981
I1,10000,matched4888,val,8,latin,FZBangSKKXJW,37,0.9229315181036253,0.6345122851230003,0.8152140282295846
I1,10000,matched4888,val,8,latin,FZJunYTJW-H,37,0.7228005608996829,0.7426731248159666,0.8858120001953196
I1,10000,matched4888,val,8,latin,FZKANGJW,37,1.0320827205841605,0.7453748841543455,0.824090679553715
I1,10000,matched4888,val,8,latin,FZLTHProGBK_H,37,1.050245439230993,0.7624828751022751,0.9270094102500258
I1,10000,matched4888,val,8,latin,FZYouHK_511M,37,1.2592391444219124,0.7815287145408424,1.2540889994518176
I1,10000,matched4888,val,ALL,ALL,FZBangSKKXJW,188,0.9840762887863402,0.6543619742101812,0.8166467382552776
I1,10000,matched4888,val,ALL,ALL,FZJunYTJW-H,188,0.8991412505745253,0.7759125367441075,0.8919322550534567
I1,10000,matched4888,val,ALL,ALL,FZKANGJW,188,0.6520980646972485,0.6686301251992266,0.3212025874155633
I1,10000,matched4888,val,ALL,ALL,FZLTHProGBK_H,188,1.00786719446447,0.7620701495003193,0.9705552541987693
I1,10000,matched4888,val,ALL,ALL,FZYouHK_511M,188,1.2218066635739773,0.789163626888965,1.283531095119233
I1,10000,matched4888,val,ALL,bopomofo,FZBangSKKXJW,12,1.133593459924062,0.7022797962029775,0.8998004992802938
I1,10000,matched4888,val,ALL,bopomofo,FZJunYTJW-H,12,1.0332698325316112,0.814222459991773,1.1863958438237507
I1,10000,matched4888,val,ALL,bopomofo,FZKANGJW,12,0.5279286925991377,0.6533539270361265,-0.45953964193662006
I1,10000,matched4888,val,ALL,bopomofo,FZLTHProGBK_H,12,0.885232483347257,0.7793861379226049,1.1118056774139404
I1,10000,matched4888,val,ALL,bopomofo,FZYouHK_511M,12,1.2116808593273163,0.8114022413889567,1.5833906730016072
I1,10000,matched4888,val,ALL,kana,FZBangSKKXJW,28,1.1296816106353487,0.711559072136879,0.788582307951791
I1,10000,matched4888,val,ALL,kana,FZJunYTJW-H,28,0.9806916160242898,0.8125148117542267,0.7980834926877703
I1,10000,matched4888,val,ALL,kana,FZKANGJW,28,0.7341715698795659,0.7181999683380127,-2.0023163727351596
I1,10000,matched4888,val,ALL,kana,FZLTHProGBK_H,28,1.008192594562258,0.7919177966458457,1.140190247978483
I1,10000,matched4888,val,ALL,kana,FZYouHK_511M,28,1.2845621981791087,0.8699270337820053,1.310642353125981
I1,10000,matched4888,val,ALL,latin,FZBangSKKXJW,148,0.944406322128064,0.6396556728192277,0.8152140282295846
I1,10000,matched4888,val,ALL,latin,FZJunYTJW-H,148,0.8728375126280494,0.7658815720194095,0.8858120001953196
I1,10000,matched4888,val,ALL,latin,FZKANGJW,148,0.646638431724765,0.6604906574294374,0.824090679553715
I1,10000,matched4888,val,ALL,latin,FZLTHProGBK_H,148,1.0177489872392569,0.7550192982763857,0.9270094102500258
I1,10000,matched4888,val,ALL,latin,FZYouHK_511M,148,1.210755006020033,0.7720809325173095,1.2540889994518176
I2,2000,val192,val,1,ALL,FZBangSKKXJW,4,0.8567652553319931,0.684172049164772,0.6687727943062782
I2,2000,val192,val,1,ALL,FZCaoQBLSJW,4,1.3462282121181488,0.8555373847484589,0.4800065606832504
I2,2000,val192,val,1,ALL,FZFWZhuZiHeiB,4,1.4492986798286438,0.8204158544540405,0.9735500663518906
I2,2000,val192,val,1,ALL,FZHengFSJW-T,4,1.2400554418563843,0.7555909901857376,1.1548708379268646
I2,2000,val192,val,1,ALL,FZJunYTJW-H,4,1.044949397444725,0.7849486619234085,0.8522688001394272
I2,2000,val192,val,1,ALL,FZKANGJW,4,0.9804367870092392,0.7398707866668701,0.7405204735696316
I2,2000,val192,val,1,ALL,FZKuaiHTJW_Te,4,0.5129990950226784,0.6850594878196716,1.2690462172031403
I2,2000,val192,val,1,ALL,FZLTHProGBK_H,4,1.0451820492744446,0.7844729572534561,0.8365523144602776
I2,2000,val192,val,1,ALL,FZMiFXSJW,4,0.9237800389528275,0.8043880611658096,0.7553693037480116
I2,2000,val192,val,1,ALL,FZQingYSJW-T,4,1.2913834750652313,0.7682579159736633,1.1590228825807571
I2,2000,val192,val,1,ALL,FZSongKBXKJW-EB,4,0.9438447281718254,0.712621808052063,0.929350733757019
I2,2000,val192,val,1,ALL,FZSuHJW,4,1.1009572744369507,0.74398173391819,0.7965593338012695
I2,2000,val192,val,1,ALL,FZYouHK_511M,4,1.121958389878273,0.7541357427835464,1.346650391817093
I2,2000,val192,val,1,ALL,FZZHJW,4,1.2567844986915588,0.7941073030233383,1.5186814069747925
I2,2000,val192,val,1,ALL,FZZanMTJW_Te,4,1.3145674169063568,0.8184163868427277,1.2600177228450775
I2,2000,val192,val,1,ALL,FZZhongYSJW_Te,4,1.2580767124891281,0.7359070926904678,1.239382117986679
I2,2000,val192,val,1,latin,FZBangSKKXJW,4,0.8567652553319931,0.684172049164772,0.6687727943062782
I2,2000,val192,val,1,latin,FZCaoQBLSJW,4,1.3462282121181488,0.8555373847484589,0.4800065606832504
I2,2000,val192,val,1,latin,FZFWZhuZiHeiB,4,1.4492986798286438,0.8204158544540405,0.9735500663518906
I2,2000,val192,val,1,latin,FZHengFSJW-T,4,1.2400554418563843,0.7555909901857376,1.1548708379268646
I2,2000,val192,val,1,latin,FZJunYTJW-H,4,1.044949397444725,0.7849486619234085,0.8522688001394272
I2,2000,val192,val,1,latin,FZKANGJW,4,0.9804367870092392,0.7398707866668701,0.7405204735696316
I2,2000,val192,val,1,latin,FZKuaiHTJW_Te,4,0.5129990950226784,0.6850594878196716,1.2690462172031403
I2,2000,val192,val,1,latin,FZLTHProGBK_H,4,1.0451820492744446,0.7844729572534561,0.8365523144602776
I2,2000,val192,val,1,latin,FZMiFXSJW,4,0.9237800389528275,0.8043880611658096,0.7553693037480116
I2,2000,val192,val,1,latin,FZQingYSJW-T,4,1.2913834750652313,0.7682579159736633,1.1590228825807571
I2,2000,val192,val,1,latin,FZSongKBXKJW-EB,4,0.9438447281718254,0.712621808052063,0.929350733757019
I2,2000,val192,val,1,latin,FZSuHJW,4,1.1009572744369507,0.74398173391819,0.7965593338012695
I2,2000,val192,val,1,latin,FZYouHK_511M,4,1.121958389878273,0.7541357427835464,1.346650391817093
I2,2000,val192,val,1,latin,FZZHJW,4,1.2567844986915588,0.7941073030233383,1.5186814069747925
I2,2000,val192,val,1,latin,FZZanMTJW_Te,4,1.3145674169063568,0.8184163868427277,1.2600177228450775
I2,2000,val192,val,1,latin,FZZhongYSJW_Te,4,1.2580767124891281,0.7359070926904678,1.239382117986679
I2,2000,val192,val,4,ALL,FZBangSKKXJW,4,0.69576595723629,0.6307649314403534,0.6687727943062782
I2,2000,val192,val,4,ALL,FZCaoQBLSJW,4,1.322353571653366,0.8671237677335739,0.4800065606832504
I2,2000,val192,val,4,ALL,FZFWZhuZiHeiB,4,1.4562868773937225,0.8138981014490128,0.9735500663518906
I2,2000,val192,val,4,ALL,FZHengFSJW-T,4,1.2016052156686783,0.7459740042686462,1.1548708379268646
I2,2000,val192,val,4,ALL,FZJunYTJW-H,4,0.9755450785160065,0.7840936332941055,0.8522688001394272
I2,2000,val192,val,4,ALL,FZKANGJW,4,0.8838476538658142,0.699794739484787,0.7405204735696316
I2,2000,val192,val,4,ALL,FZKuaiHTJW_Te,4,0.8872745633125305,0.775699645280838,1.2690462172031403
I2,2000,val192,val,4,ALL,FZLTHProGBK_H,4,1.0566474944353104,0.7747454047203064,0.8365523144602776
I2,2000,val192,val,4,ALL,FZMiFXSJW,4,1.0615170747041702,0.8530962467193604,0.7553693037480116
I2,2000,val192,val,4,ALL,FZQingYSJW-T,4,1.2607882916927338,0.749674528837204,1.1590228825807571
I2,2000,val192,val,4,ALL,FZSongKBXKJW-EB,4,1.0091061145067215,0.7384536564350128,0.929350733757019
I2,2000,val192,val,4,ALL,FZSuHJW,4,1.2481521368026733,0.7802056968212128,0.7965593338012695
I2,2000,val192,val,4,ALL,FZYouHK_511M,4,1.2409019768238068,0.7808704525232315,1.346650391817093
I2,2000,val192,val,4,ALL,FZZHJW,4,1.2785537242889404,0.7924317270517349,1.5186814069747925
I2,2000,val192,val,4,ALL,FZZanMTJW_Te,4,1.2091736644506454,0.7873149365186691,1.2600177228450775
I2,2000,val192,val,4,ALL,FZZhongYSJW_Te,4,1.302549496293068,0.737666055560112,1.239382117986679
I2,2000,val192,val,4,latin,FZBangSKKXJW,4,0.69576595723629,0.6307649314403534,0.6687727943062782
I2,2000,val192,val,4,latin,FZCaoQBLSJW,4,1.322353571653366,0.8671237677335739,0.4800065606832504
I2,2000,val192,val,4,latin,FZFWZhuZiHeiB,4,1.4562868773937225,0.8138981014490128,0.9735500663518906
I2,2000,val192,val,4,latin,FZHengFSJW-T,4,1.2016052156686783,0.7459740042686462,1.1548708379268646
I2,2000,val192,val,4,latin,FZJunYTJW-H,4,0.9755450785160065,0.7840936332941055,0.8522688001394272
I2,2000,val192,val,4,latin,FZKANGJW,4,0.8838476538658142,0.699794739484787,0.7405204735696316
I2,2000,val192,val,4,latin,FZKuaiHTJW_Te,4,0.8872745633125305,0.775699645280838,1.2690462172031403
I2,2000,val192,val,4,latin,FZLTHProGBK_H,4,1.0566474944353104,0.7747454047203064,0.8365523144602776
I2,2000,val192,val,4,latin,FZMiFXSJW,4,1.0615170747041702,0.8530962467193604,0.7553693037480116
I2,2000,val192,val,4,latin,FZQingYSJW-T,4,1.2607882916927338,0.749674528837204,1.1590228825807571
I2,2000,val192,val,4,latin,FZSongKBXKJW-EB,4,1.0091061145067215,0.7384536564350128,0.929350733757019
I2,2000,val192,val,4,latin,FZSuHJW,4,1.2481521368026733,0.7802056968212128,0.7965593338012695
I2,2000,val192,val,4,latin,FZYouHK_511M,4,1.2409019768238068,0.7808704525232315,1.346650391817093
I2,2000,val192,val,4,latin,FZZHJW,4,1.2785537242889404,0.7924317270517349,1.5186814069747925
I2,2000,val192,val,4,latin,FZZanMTJW_Te,4,1.2091736644506454,0.7873149365186691,1.2600177228450775
I2,2000,val192,val,4,latin,FZZhongYSJW_Te,4,1.302549496293068,0.737666055560112,1.239382117986679
I2,2000,val192,val,8,ALL,FZBangSKKXJW,4,0.7291274070739746,0.6541254967451096,0.6687727943062782
I2,2000,val192,val,8,ALL,FZCaoQBLSJW,4,1.351470023393631,0.8636877089738846,0.4800065606832504
I2,2000,val192,val,8,ALL,FZFWZhuZiHeiB,4,1.5095252990722656,0.8229567557573318,0.9735500663518906
I2,2000,val192,val,8,ALL,FZHengFSJW-T,4,1.1906899511814117,0.7452399283647537,1.1548708379268646
I2,2000,val192,val,8,ALL,FZJunYTJW-H,4,0.9136231988668442,0.7608785331249237,0.8522688001394272
I2,2000,val192,val,8,ALL,FZKANGJW,4,1.0932491421699524,0.7862707525491714,0.7405204735696316
I2,2000,val192,val,8,ALL,FZKuaiHTJW_Te,4,1.0682929009199142,0.8119831532239914,1.2690462172031403
I2,2000,val192,val,8,ALL,FZLTHProGBK_H,4,1.229001224040985,0.806229755282402,0.8365523144602776
I2,2000,val192,val,8,ALL,FZMiFXSJW,4,1.0855085849761963,0.8507453948259354,0.7553693037480116
I2,2000,val192,val,8,ALL,FZQingYSJW-T,4,1.2706999480724335,0.7545864135026932,1.1590228825807571
I2,2000,val192,val,8,ALL,FZSongKBXKJW-EB,4,0.750049963593483,0.6895312368869781,0.929350733757019
I2,2000,val192,val,8,ALL,FZSuHJW,4,1.2233618572354317,0.8126225471496582,0.7965593338012695
I2,2000,val192,val,8,ALL,FZYouHK_511M,4,1.2130649536848068,0.7779074460268021,1.346650391817093
I2,2000,val192,val,8,ALL,FZZHJW,4,1.245647519826889,0.7842083722352982,1.5186814069747925
I2,2000,val192,val,8,ALL,FZZanMTJW_Te,4,1.0265034306794405,0.7286872565746307,1.2600177228450775
I2,2000,val192,val,8,ALL,FZZhongYSJW_Te,4,1.1824596673250198,0.6947841197252274,1.239382117986679
I2,2000,val192,val,8,latin,FZBangSKKXJW,4,0.7291274070739746,0.6541254967451096,0.6687727943062782
I2,2000,val192,val,8,latin,FZCaoQBLSJW,4,1.351470023393631,0.8636877089738846,0.4800065606832504
I2,2000,val192,val,8,latin,FZFWZhuZiHeiB,4,1.5095252990722656,0.8229567557573318,0.9735500663518906
I2,2000,val192,val,8,latin,FZHengFSJW-T,4,1.1906899511814117,0.7452399283647537,1.1548708379268646
I2,2000,val192,val,8,latin,FZJunYTJW-H,4,0.9136231988668442,0.7608785331249237,0.8522688001394272
I2,2000,val192,val,8,latin,FZKANGJW,4,1.0932491421699524,0.7862707525491714,0.7405204735696316
I2,2000,val192,val,8,latin,FZKuaiHTJW_Te,4,1.0682929009199142,0.8119831532239914,1.2690462172031403
I2,2000,val192,val,8,latin,FZLTHProGBK_H,4,1.229001224040985,0.806229755282402,0.8365523144602776
I2,2000,val192,val,8,latin,FZMiFXSJW,4,1.0855085849761963,0.8507453948259354,0.7553693037480116
I2,2000,val192,val,8,latin,FZQingYSJW-T,4,1.2706999480724335,0.7545864135026932,1.1590228825807571
I2,2000,val192,val,8,latin,FZSongKBXKJW-EB,4,0.750049963593483,0.6895312368869781,0.929350733757019
I2,2000,val192,val,8,latin,FZSuHJW,4,1.2233618572354317,0.8126225471496582,0.7965593338012695
I2,2000,val192,val,8,latin,FZYouHK_511M,4,1.2130649536848068,0.7779074460268021,1.346650391817093
I2,2000,val192,val,8,latin,FZZHJW,4,1.245647519826889,0.7842083722352982,1.5186814069747925
I2,2000,val192,val,8,latin,FZZanMTJW_Te,4,1.0265034306794405,0.7286872565746307,1.2600177228450775
I2,2000,val192,val,8,latin,FZZhongYSJW_Te,4,1.1824596673250198,0.6947841197252274,1.239382117986679
I2,2000,val192,val,ALL,ALL,FZBangSKKXJW,12,0.7605528732140859,0.656354159116745,0.6687727943062782
I2,2000,val192,val,ALL,ALL,FZCaoQBLSJW,12,1.3400172690550487,0.8621162871519724,0.4800065606832504
I2,2000,val192,val,ALL,ALL,FZFWZhuZiHeiB,12,1.4717036187648773,0.8190902372201284,0.9735500663518906
I2,2000,val192,val,ALL,ALL,FZHengFSJW-T,12,1.2107835362354915,0.7489349742730459,1.1548708379268646
I2,2000,val192,val,ALL,ALL,FZJunYTJW-H,12,0.9780392249425253,0.7766402761141459,0.8522688001394272
I2,2000,val192,val,ALL,ALL,FZKANGJW,12,0.9858445276816686,0.7419787595669428,0.7405204735696316
I2,2000,val192,val,ALL,ALL,FZKuaiHTJW_Te,12,0.8228555197517077,0.757580762108167,1.2690462172031403
I2,2000,val192,val,ALL,ALL,FZLTHProGBK_H,12,1.11027692258358,0.7884827057520548,0.8365523144602776
I2,2000,val192,val,ALL,ALL,FZMiFXSJW,12,1.023601899544398,0.8360765675703684,0.7553693037480116
I2,2000,val192,val,ALL,ALL,FZQingYSJW-T,12,1.274290571610133,0.7575062861045202,1.1590228825807571
I2,2000,val192,val,ALL,ALL,FZSongKBXKJW-EB,12,0.9010002687573433,0.7135355671246847,0.929350733757019
I2,2000,val192,val,ALL,ALL,FZSuHJW,12,1.190823756158352,0.7789366592963537,0.7965593338012695
I2,2000,val192,val,ALL,ALL,FZYouHK_511M,12,1.1919751067956288,0.77097121377786,1.346650391817093
I2,2000,val192,val,ALL,ALL,FZZHJW,12,1.260328580935796,0.7902491341034571,1.5186814069747925
I2,2000,val192,val,ALL,ALL,FZZanMTJW_Te,12,1.183414837345481,0.7781395266453425,1.2600177228450775
I2,2000,val192,val,ALL,ALL,FZZhongYSJW_Te,12,1.2476952920357387,0.7227857559919357,1.239382117986679
I2,2000,val192,val,ALL,latin,FZBangSKKXJW,12,0.7605528732140859,0.656354159116745,0.6687727943062782
I2,2000,val192,val,ALL,latin,FZCaoQBLSJW,12,1.3400172690550487,0.8621162871519724,0.4800065606832504
I2,2000,val192,val,ALL,latin,FZFWZhuZiHeiB,12,1.4717036187648773,0.8190902372201284,0.9735500663518906
I2,2000,val192,val,ALL,latin,FZHengFSJW-T,12,1.2107835362354915,0.7489349742730459,1.1548708379268646
I2,2000,val192,val,ALL,latin,FZJunYTJW-H,12,0.9780392249425253,0.7766402761141459,0.8522688001394272
I2,2000,val192,val,ALL,latin,FZKANGJW,12,0.9858445276816686,0.7419787595669428,0.7405204735696316
I2,2000,val192,val,ALL,latin,FZKuaiHTJW_Te,12,0.8228555197517077,0.757580762108167,1.2690462172031403
I2,2000,val192,val,ALL,latin,FZLTHProGBK_H,12,1.11027692258358,0.7884827057520548,0.8365523144602776
I2,2000,val192,val,ALL,latin,FZMiFXSJW,12,1.023601899544398,0.8360765675703684,0.7553693037480116
I2,2000,val192,val,ALL,latin,FZQingYSJW-T,12,1.274290571610133,0.7575062861045202,1.1590228825807571
I2,2000,val192,val,ALL,latin,FZSongKBXKJW-EB,12,0.9010002687573433,0.7135355671246847,0.929350733757019
I2,2000,val192,val,ALL,latin,FZSuHJW,12,1.190823756158352,0.7789366592963537,0.7965593338012695
I2,2000,val192,val,ALL,latin,FZYouHK_511M,12,1.1919751067956288,0.77097121377786,1.346650391817093
I2,2000,val192,val,ALL,latin,FZZHJW,12,1.260328580935796,0.7902491341034571,1.5186814069747925
I2,2000,val192,val,ALL,latin,FZZanMTJW_Te,12,1.183414837345481,0.7781395266453425,1.2600177228450775
I2,2000,val192,val,ALL,latin,FZZhongYSJW_Te,12,1.2476952920357387,0.7227857559919357,1.239382117986679
I2,4000,val192,val,1,ALL,FZBangSKKXJW,4,0.930316761136055,0.6814223378896713,0.6687727943062782
I2,4000,val192,val,1,ALL,FZCaoQBLSJW,4,1.3040998876094818,0.8509657829999924,0.4800065606832504
I2,4000,val192,val,1,ALL,FZFWZhuZiHeiB,4,1.3467245995998383,0.805790513753891,0.9735500663518906
I2,4000,val192,val,1,ALL,FZHengFSJW-T,4,1.2114146649837494,0.7289362996816635,1.1548708379268646
I2,4000,val192,val,1,ALL,FZJunYTJW-H,4,1.172143816947937,0.8182562440633774,0.8522688001394272
I2,4000,val192,val,1,ALL,FZKANGJW,4,0.8946923315525055,0.7277950793504715,0.7405204735696316
I2,4000,val192,val,1,ALL,FZKuaiHTJW_Te,4,0.31912493286654353,0.6716593503952026,1.2690462172031403
I2,4000,val192,val,1,ALL,FZLTHProGBK_H,4,1.062980517745018,0.7785038352012634,0.8365523144602776
I2,4000,val192,val,1,ALL,FZMiFXSJW,4,0.9266720861196518,0.8206792175769806,0.7553693037480116
I2,4000,val192,val,1,ALL,FZQingYSJW-T,4,1.27044677734375,0.7397342175245285,1.1590228825807571
I2,4000,val192,val,1,ALL,FZSongKBXKJW-EB,4,0.8844722136855125,0.7061792612075806,0.929350733757019
I2,4000,val192,val,1,ALL,FZSuHJW,4,1.184300735592842,0.7861195951700211,0.7965593338012695
I2,4000,val192,val,1,ALL,FZYouHK_511M,4,1.1498068869113922,0.7636480033397675,1.346650391817093
I2,4000,val192,val,1,ALL,FZZHJW,4,1.330708771944046,0.8089853674173355,1.5186814069747925
I2,4000,val192,val,1,ALL,FZZanMTJW_Te,4,1.2014542669057846,0.797700822353363,1.2600177228450775
I2,4000,val192,val,1,ALL,FZZhongYSJW_Te,4,1.2783209383487701,0.714987725019455,1.239382117986679
I2,4000,val192,val,1,latin,FZBangSKKXJW,4,0.930316761136055,0.6814223378896713,0.6687727943062782
I2,4000,val192,val,1,latin,FZCaoQBLSJW,4,1.3040998876094818,0.8509657829999924,0.4800065606832504
I2,4000,val192,val,1,latin,FZFWZhuZiHeiB,4,1.3467245995998383,0.805790513753891,0.9735500663518906
I2,4000,val192,val,1,latin,FZHengFSJW-T,4,1.2114146649837494,0.7289362996816635,1.1548708379268646
I2,4000,val192,val,1,latin,FZJunYTJW-H,4,1.172143816947937,0.8182562440633774,0.8522688001394272
I2,4000,val192,val,1,latin,FZKANGJW,4,0.8946923315525055,0.7277950793504715,0.7405204735696316
I2,4000,val192,val,1,latin,FZKuaiHTJW_Te,4,0.31912493286654353,0.6716593503952026,1.2690462172031403
I2,4000,val192,val,1,latin,FZLTHProGBK_H,4,1.062980517745018,0.7785038352012634,0.8365523144602776
I2,4000,val192,val,1,latin,FZMiFXSJW,4,0.9266720861196518,0.8206792175769806,0.7553693037480116
I2,4000,val192,val,1,latin,FZQingYSJW-T,4,1.27044677734375,0.7397342175245285,1.1590228825807571
I2,4000,val192,val,1,latin,FZSongKBXKJW-EB,4,0.8844722136855125,0.7061792612075806,0.929350733757019
I2,4000,val192,val,1,latin,FZSuHJW,4,1.184300735592842,0.7861195951700211,0.7965593338012695
I2,4000,val192,val,1,latin,FZYouHK_511M,4,1.1498068869113922,0.7636480033397675,1.346650391817093
I2,4000,val192,val,1,latin,FZZHJW,4,1.330708771944046,0.8089853674173355,1.5186814069747925
I2,4000,val192,val,1,latin,FZZanMTJW_Te,4,1.2014542669057846,0.797700822353363,1.2600177228450775
I2,4000,val192,val,1,latin,FZZhongYSJW_Te,4,1.2783209383487701,0.714987725019455,1.239382117986679
I2,4000,val192,val,4,ALL,FZBangSKKXJW,4,0.5724650360643864,0.5749724954366684,0.6687727943062782
I2,4000,val192,val,4,ALL,FZCaoQBLSJW,4,1.260501354932785,0.853794276714325,0.4800065606832504
I2,4000,val192,val,4,ALL,FZFWZhuZiHeiB,4,1.3555105030536652,0.8031026870012283,0.9735500663518906
I2,4000,val192,val,4,ALL,FZHengFSJW-T,4,1.1802944242954254,0.7318127155303955,1.1548708379268646
I2,4000,val192,val,4,ALL,FZJunYTJW-H,4,0.7854224368929863,0.7608070224523544,0.8522688001394272
I2,4000,val192,val,4,ALL,FZKANGJW,4,0.7265392690896988,0.6946980208158493,0.7405204735696316
I2,4000,val192,val,4,ALL,FZKuaiHTJW_Te,4,1.109832063317299,0.8229779452085495,1.2690462172031403
I2,4000,val192,val,4,ALL,FZLTHProGBK_H,4,1.0941475331783295,0.7758149653673172,0.8365523144602776
I2,4000,val192,val,4,ALL,FZMiFXSJW,4,0.9743086397647858,0.8378819078207016,0.7553693037480116
I2,4000,val192,val,4,ALL,FZQingYSJW-T,4,1.2571029663085938,0.7536784559488297,1.1590228825807571
I2,4000,val192,val,4,ALL,FZSongKBXKJW-EB,4,0.9363750368356705,0.7115145772695541,0.929350733757019
I2,4000,val192,val,4,ALL,FZSuHJW,4,1.127191185951233,0.8117192089557648,0.7965593338012695
I2,4000,val192,val,4,ALL,FZYouHK_511M,4,1.2395609766244888,0.7803775668144226,1.346650391817093
I2,4000,val192,val,4,ALL,FZZHJW,4,1.278640016913414,0.8069859892129898,1.5186814069747925
I2,4000,val192,val,4,ALL,FZZanMTJW_Te,4,1.0997192114591599,0.7650021314620972,1.2600177228450775
I2,4000,val192,val,4,ALL,FZZhongYSJW_Te,4,1.1744409650564194,0.7496315538883209,1.239382117986679
I2,4000,val192,val,4,latin,FZBangSKKXJW,4,0.5724650360643864,0.5749724954366684,0.6687727943062782
I2,4000,val192,val,4,latin,FZCaoQBLSJW,4,1.260501354932785,0.853794276714325,0.4800065606832504
I2,4000,val192,val,4,latin,FZFWZhuZiHeiB,4,1.3555105030536652,0.8031026870012283,0.9735500663518906
I2,4000,val192,val,4,latin,FZHengFSJW-T,4,1.1802944242954254,0.7318127155303955,1.1548708379268646
I2,4000,val192,val,4,latin,FZJunYTJW-H,4,0.7854224368929863,0.7608070224523544,0.8522688001394272
I2,4000,val192,val,4,latin,FZKANGJW,4,0.7265392690896988,0.6946980208158493,0.7405204735696316
I2,4000,val192,val,4,latin,FZKuaiHTJW_Te,4,1.109832063317299,0.8229779452085495,1.2690462172031403
I2,4000,val192,val,4,latin,FZLTHProGBK_H,4,1.0941475331783295,0.7758149653673172,0.8365523144602776
I2,4000,val192,val,4,latin,FZMiFXSJW,4,0.9743086397647858,0.8378819078207016,0.7553693037480116
I2,4000,val192,val,4,latin,FZQingYSJW-T,4,1.2571029663085938,0.7536784559488297,1.1590228825807571
I2,4000,val192,val,4,latin,FZSongKBXKJW-EB,4,0.9363750368356705,0.7115145772695541,0.929350733757019
I2,4000,val192,val,4,latin,FZSuHJW,4,1.127191185951233,0.8117192089557648,0.7965593338012695
I2,4000,val192,val,4,latin,FZYouHK_511M,4,1.2395609766244888,0.7803775668144226,1.346650391817093
I2,4000,val192,val,4,latin,FZZHJW,4,1.278640016913414,0.8069859892129898,1.5186814069747925
I2,4000,val192,val,4,latin,FZZanMTJW_Te,4,1.0997192114591599,0.7650021314620972,1.2600177228450775
I2,4000,val192,val,4,latin,FZZhongYSJW_Te,4,1.1744409650564194,0.7496315538883209,1.239382117986679
I2,4000,val192,val,8,ALL,FZBangSKKXJW,4,0.7469803988933563,0.662427619099617,0.6687727943062782
I2,4000,val192,val,8,ALL,FZCaoQBLSJW,4,1.2969581484794617,0.8693323582410812,0.4800065606832504
I2,4000,val192,val,8,ALL,FZFWZhuZiHeiB,4,1.583196759223938,0.8390347510576248,0.9735500663518906
I2,4000,val192,val,8,ALL,FZHengFSJW-T,4,1.1538992673158646,0.7317756563425064,1.1548708379268646
I2,4000,val192,val,8,ALL,FZJunYTJW-H,4,0.8996637761592865,0.7688886076211929,0.8522688001394272
I2,4000,val192,val,8,ALL,FZKANGJW,4,0.9725130945444107,0.7519692927598953,0.7405204735696316
I2,4000,val192,val,8,ALL,FZKuaiHTJW_Te,4,1.0538930743932724,0.8178416043519974,1.2690462172031403
I2,4000,val192,val,8,ALL,FZLTHProGBK_H,4,1.1527387648820877,0.7886327654123306,0.8365523144602776
I2,4000,val192,val,8,ALL,FZMiFXSJW,4,0.996287077665329,0.853779599070549,0.7553693037480116
I2,4000,val192,val,8,ALL,FZQingYSJW-T,4,1.2697406113147736,0.7612793743610382,1.1590228825807571
I2,4000,val192,val,8,ALL,FZSongKBXKJW-EB,4,0.7529345527291298,0.6729201376438141,0.929350733757019
I2,4000,val192,val,8,ALL,FZSuHJW,4,1.2688981741666794,0.8409864902496338,0.7965593338012695
I2,4000,val192,val,8,ALL,FZYouHK_511M,4,1.210936278104782,0.7794375568628311,1.346650391817093
I2,4000,val192,val,8,ALL,FZZHJW,4,1.3253890872001648,0.831316351890564,1.5186814069747925
I2,4000,val192,val,8,ALL,FZZanMTJW_Te,4,1.0734979808330536,0.7673535048961639,1.2600177228450775
I2,4000,val192,val,8,ALL,FZZhongYSJW_Te,4,1.0927827060222626,0.7218456417322159,1.239382117986679
I2,4000,val192,val,8,latin,FZBangSKKXJW,4,0.7469803988933563,0.662427619099617,0.6687727943062782
I2,4000,val192,val,8,latin,FZCaoQBLSJW,4,1.2969581484794617,0.8693323582410812,0.4800065606832504
I2,4000,val192,val,8,latin,FZFWZhuZiHeiB,4,1.583196759223938,0.8390347510576248,0.9735500663518906
I2,4000,val192,val,8,latin,FZHengFSJW-T,4,1.1538992673158646,0.7317756563425064,1.1548708379268646
I2,4000,val192,val,8,latin,FZJunYTJW-H,4,0.8996637761592865,0.7688886076211929,0.8522688001394272
I2,4000,val192,val,8,latin,FZKANGJW,4,0.9725130945444107,0.7519692927598953,0.7405204735696316
I2,4000,val192,val,8,latin,FZKuaiHTJW_Te,4,1.0538930743932724,0.8178416043519974,1.2690462172031403
I2,4000,val192,val,8,latin,FZLTHProGBK_H,4,1.1527387648820877,0.7886327654123306,0.8365523144602776
I2,4000,val192,val,8,latin,FZMiFXSJW,4,0.996287077665329,0.853779599070549,0.7553693037480116
I2,4000,val192,val,8,latin,FZQingYSJW-T,4,1.2697406113147736,0.7612793743610382,1.1590228825807571
I2,4000,val192,val,8,latin,FZSongKBXKJW-EB,4,0.7529345527291298,0.6729201376438141,0.929350733757019
I2,4000,val192,val,8,latin,FZSuHJW,4,1.2688981741666794,0.8409864902496338,0.7965593338012695
I2,4000,val192,val,8,latin,FZYouHK_511M,4,1.210936278104782,0.7794375568628311,1.346650391817093
I2,4000,val192,val,8,latin,FZZHJW,4,1.3253890872001648,0.831316351890564,1.5186814069747925
I2,4000,val192,val,8,latin,FZZanMTJW_Te,4,1.0734979808330536,0.7673535048961639,1.2600177228450775
I2,4000,val192,val,8,latin,FZZhongYSJW_Te,4,1.0927827060222626,0.7218456417322159,1.239382117986679
I2,4000,val192,val,ALL,ALL,FZBangSKKXJW,12,0.7499207320312659,0.6396074841419855,0.6687727943062782
I2,4000,val192,val,ALL,ALL,FZCaoQBLSJW,12,1.2871864636739094,0.8580308059851328,0.4800065606832504
I2,4000,val192,val,ALL,ALL,FZFWZhuZiHeiB,12,1.4284772872924805,0.8159759839375814,0.9735500663518906
I2,4000,val192,val,ALL,ALL,FZHengFSJW-T,12,1.1818694521983464,0.7308415571848551,1.1548708379268646
I2,4000,val192,val,ALL,ALL,FZJunYTJW-H,12,0.95241001000007,0.7826506247123083,0.8522688001394272
I2,4000,val192,val,ALL,ALL,FZKANGJW,12,0.864581565062205,0.7248207976420721,0.7405204735696316
I2,4000,val192,val,ALL,ALL,FZKuaiHTJW_Te,12,0.8276166901923716,0.7708262999852499,1.2690462172031403
I2,4000,val192,val,ALL,ALL,FZLTHProGBK_H,12,1.1032889386018117,0.7809838553269705,0.8365523144602776
I2,4000,val192,val,ALL,ALL,FZMiFXSJW,12,0.9657559345165888,0.837446908156077,0.7553693037480116
I2,4000,val192,val,ALL,ALL,FZQingYSJW-T,12,1.2657634516557057,0.7515640159447988,1.1590228825807571
I2,4000,val192,val,ALL,ALL,FZSongKBXKJW-EB,12,0.8579272677501043,0.6968713253736496,0.929350733757019
I2,4000,val192,val,ALL,ALL,FZSuHJW,12,1.1934633652369182,0.8129417647918066,0.7965593338012695
I2,4000,val192,val,ALL,ALL,FZYouHK_511M,12,1.2001013805468876,0.7744877090056738,1.346650391817093
I2,4000,val192,val,ALL,ALL,FZZHJW,12,1.3115792920192082,0.8157625695069631,1.5186814069747925
I2,4000,val192,val,ALL,ALL,FZZanMTJW_Te,12,1.1248904863993328,0.776685486237208,1.2600177228450775
I2,4000,val192,val,ALL,ALL,FZZhongYSJW_Te,12,1.181848203142484,0.7288216402133306,1.239382117986679
I2,4000,val192,val,ALL,latin,FZBangSKKXJW,12,0.7499207320312659,0.6396074841419855,0.6687727943062782
I2,4000,val192,val,ALL,latin,FZCaoQBLSJW,12,1.2871864636739094,0.8580308059851328,0.4800065606832504
I2,4000,val192,val,ALL,latin,FZFWZhuZiHeiB,12,1.4284772872924805,0.8159759839375814,0.9735500663518906
I2,4000,val192,val,ALL,latin,FZHengFSJW-T,12,1.1818694521983464,0.7308415571848551,1.1548708379268646
I2,4000,val192,val,ALL,latin,FZJunYTJW-H,12,0.95241001000007,0.7826506247123083,0.8522688001394272
I2,4000,val192,val,ALL,latin,FZKANGJW,12,0.864581565062205,0.7248207976420721,0.7405204735696316
I2,4000,val192,val,ALL,latin,FZKuaiHTJW_Te,12,0.8276166901923716,0.7708262999852499,1.2690462172031403
I2,4000,val192,val,ALL,latin,FZLTHProGBK_H,12,1.1032889386018117,0.7809838553269705,0.8365523144602776
I2,4000,val192,val,ALL,latin,FZMiFXSJW,12,0.9657559345165888,0.837446908156077,0.7553693037480116
I2,4000,val192,val,ALL,latin,FZQingYSJW-T,12,1.2657634516557057,0.7515640159447988,1.1590228825807571
I2,4000,val192,val,ALL,latin,FZSongKBXKJW-EB,12,0.8579272677501043,0.6968713253736496,0.929350733757019
I2,4000,val192,val,ALL,latin,FZSuHJW,12,1.1934633652369182,0.8129417647918066,0.7965593338012695
I2,4000,val192,val,ALL,latin,FZYouHK_511M,12,1.2001013805468876,0.7744877090056738,1.346650391817093
I2,4000,val192,val,ALL,latin,FZZHJW,12,1.3115792920192082,0.8157625695069631,1.5186814069747925
I2,4000,val192,val,ALL,latin,FZZanMTJW_Te,12,1.1248904863993328,0.776685486237208,1.2600177228450775
I2,4000,val192,val,ALL,latin,FZZhongYSJW_Te,12,1.181848203142484,0.7288216402133306,1.239382117986679
I2,6000,val192,val,1,ALL,FZBangSKKXJW,4,0.9456886649131775,0.6682699173688889,0.6687727943062782
I2,6000,val192,val,1,ALL,FZCaoQBLSJW,4,1.291683942079544,0.8650207966566086,0.4800065606832504
I2,6000,val192,val,1,ALL,FZFWZhuZiHeiB,4,1.523990273475647,0.8338632881641388,0.9735500663518906
I2,6000,val192,val,1,ALL,FZHengFSJW-T,4,1.1807463020086288,0.7454317063093185,1.1548708379268646
I2,6000,val192,val,1,ALL,FZJunYTJW-H,4,1.1212076246738434,0.8025657087564468,0.8522688001394272
I2,6000,val192,val,1,ALL,FZKANGJW,4,0.9254720509052277,0.725124403834343,0.7405204735696316
I2,6000,val192,val,1,ALL,FZKuaiHTJW_Te,4,0.5307192727923393,0.7042189240455627,1.2690462172031403
I2,6000,val192,val,1,ALL,FZLTHProGBK_H,4,1.1827449053525925,0.8038418889045715,0.8365523144602776
I2,6000,val192,val,1,ALL,FZMiFXSJW,4,0.9818160533905029,0.8144298493862152,0.7553693037480116
I2,6000,val192,val,1,ALL,FZQingYSJW-T,4,1.2488773167133331,0.739910364151001,1.1590228825807571
I2,6000,val192,val,1,ALL,FZSongKBXKJW-EB,4,0.7011169120669365,0.658826932311058,0.929350733757019
I2,6000,val192,val,1,ALL,FZSuHJW,4,1.3446504175662994,0.8185810148715973,0.7965593338012695
I2,6000,val192,val,1,ALL,FZYouHK_511M,4,1.275004804134369,0.7823684960603714,1.346650391817093
I2,6000,val192,val,1,ALL,FZZHJW,4,1.314765065908432,0.8167264014482498,1.5186814069747925
I2,6000,val192,val,1,ALL,FZZanMTJW_Te,4,1.3406460583209991,0.8062290251255035,1.2600177228450775
I2,6000,val192,val,1,ALL,FZZhongYSJW_Te,4,1.2064572274684906,0.7051673978567123,1.239382117986679
I2,6000,val192,val,1,latin,FZBangSKKXJW,4,0.9456886649131775,0.6682699173688889,0.6687727943062782
I2,6000,val192,val,1,latin,FZCaoQBLSJW,4,1.291683942079544,0.8650207966566086,0.4800065606832504
I2,6000,val192,val,1,latin,FZFWZhuZiHeiB,4,1.523990273475647,0.8338632881641388,0.9735500663518906
I2,6000,val192,val,1,latin,FZHengFSJW-T,4,1.1807463020086288,0.7454317063093185,1.1548708379268646
I2,6000,val192,val,1,latin,FZJunYTJW-H,4,1.1212076246738434,0.8025657087564468,0.8522688001394272
I2,6000,val192,val,1,latin,FZKANGJW,4,0.9254720509052277,0.725124403834343,0.7405204735696316
I2,6000,val192,val,1,latin,FZKuaiHTJW_Te,4,0.5307192727923393,0.7042189240455627,1.2690462172031403
I2,6000,val192,val,1,latin,FZLTHProGBK_H,4,1.1827449053525925,0.8038418889045715,0.8365523144602776
I2,6000,val192,val,1,latin,FZMiFXSJW,4,0.9818160533905029,0.8144298493862152,0.7553693037480116
I2,6000,val192,val,1,latin,FZQingYSJW-T,4,1.2488773167133331,0.739910364151001,1.1590228825807571
I2,6000,val192,val,1,latin,FZSongKBXKJW-EB,4,0.7011169120669365,0.658826932311058,0.929350733757019
I2,6000,val192,val,1,latin,FZSuHJW,4,1.3446504175662994,0.8185810148715973,0.7965593338012695
I2,6000,val192,val,1,latin,FZYouHK_511M,4,1.275004804134369,0.7823684960603714,1.346650391817093
I2,6000,val192,val,1,latin,FZZHJW,4,1.314765065908432,0.8167264014482498,1.5186814069747925
I2,6000,val192,val,1,latin,FZZanMTJW_Te,4,1.3406460583209991,0.8062290251255035,1.2600177228450775
I2,6000,val192,val,1,latin,FZZhongYSJW_Te,4,1.2064572274684906,0.7051673978567123,1.239382117986679
I2,6000,val192,val,4,ALL,FZBangSKKXJW,4,0.5260425582528114,0.5594169050455093,0.6687727943062782
I2,6000,val192,val,4,ALL,FZCaoQBLSJW,4,1.2214761078357697,0.8488956838846207,0.4800065606832504
I2,6000,val192,val,4,ALL,FZFWZhuZiHeiB,4,1.297677993774414,0.7906177490949631,0.9735500663518906
I2,6000,val192,val,4,ALL,FZHengFSJW-T,4,1.1784404665231705,0.7289163321256638,1.1548708379268646
I2,6000,val192,val,4,ALL,FZJunYTJW-H,4,0.9239588677883148,0.7699926495552063,0.8522688001394272
I2,6000,val192,val,4,ALL,FZKANGJW,4,0.9146130681037903,0.7170445770025253,0.7405204735696316
I2,6000,val192,val,4,ALL,FZKuaiHTJW_Te,4,1.0038926154375076,0.8086332976818085,1.2690462172031403
I2,6000,val192,val,4,ALL,FZLTHProGBK_H,4,1.1738643199205399,0.7833556085824966,0.8365523144602776
I2,6000,val192,val,4,ALL,FZMiFXSJW,4,1.0408344566822052,0.8666505515575409,0.7553693037480116
I2,6000,val192,val,4,ALL,FZQingYSJW-T,4,1.2753074169158936,0.7650769203901291,1.1590228825807571
I2,6000,val192,val,4,ALL,FZSongKBXKJW-EB,4,0.9408472180366516,0.7245309501886368,0.929350733757019
I2,6000,val192,val,4,ALL,FZSuHJW,4,1.20000758767128,0.8119842112064362,0.7965593338012695
I2,6000,val192,val,4,ALL,FZYouHK_511M,4,1.3180547207593918,0.7931237518787384,1.346650391817093
I2,6000,val192,val,4,ALL,FZZHJW,4,1.2936668395996094,0.8131874203681946,1.5186814069747925
I2,6000,val192,val,4,ALL,FZZanMTJW_Te,4,1.2380454242229462,0.8188177049160004,1.2600177228450775
I2,6000,val192,val,4,ALL,FZZhongYSJW_Te,4,1.2767525017261505,0.7490751594305038,1.239382117986679
I2,6000,val192,val,4,latin,FZBangSKKXJW,4,0.5260425582528114,0.5594169050455093,0.6687727943062782
I2,6000,val192,val,4,latin,FZCaoQBLSJW,4,1.2214761078357697,0.8488956838846207,0.4800065606832504
I2,6000,val192,val,4,latin,FZFWZhuZiHeiB,4,1.297677993774414,0.7906177490949631,0.9735500663518906
I2,6000,val192,val,4,latin,FZHengFSJW-T,4,1.1784404665231705,0.7289163321256638,1.1548708379268646
I2,6000,val192,val,4,latin,FZJunYTJW-H,4,0.9239588677883148,0.7699926495552063,0.8522688001394272
I2,6000,val192,val,4,latin,FZKANGJW,4,0.9146130681037903,0.7170445770025253,0.7405204735696316
I2,6000,val192,val,4,latin,FZKuaiHTJW_Te,4,1.0038926154375076,0.8086332976818085,1.2690462172031403
I2,6000,val192,val,4,latin,FZLTHProGBK_H,4,1.1738643199205399,0.7833556085824966,0.8365523144602776
I2,6000,val192,val,4,latin,FZMiFXSJW,4,1.0408344566822052,0.8666505515575409,0.7553693037480116
I2,6000,val192,val,4,latin,FZQingYSJW-T,4,1.2753074169158936,0.7650769203901291,1.1590228825807571
I2,6000,val192,val,4,latin,FZSongKBXKJW-EB,4,0.9408472180366516,0.7245309501886368,0.929350733757019
I2,6000,val192,val,4,latin,FZSuHJW,4,1.20000758767128,0.8119842112064362,0.7965593338012695
I2,6000,val192,val,4,latin,FZYouHK_511M,4,1.3180547207593918,0.7931237518787384,1.346650391817093
I2,6000,val192,val,4,latin,FZZHJW,4,1.2936668395996094,0.8131874203681946,1.5186814069747925
I2,6000,val192,val,4,latin,FZZanMTJW_Te,4,1.2380454242229462,0.8188177049160004,1.2600177228450775
I2,6000,val192,val,4,latin,FZZhongYSJW_Te,4,1.2767525017261505,0.7490751594305038,1.239382117986679
I2,6000,val192,val,8,ALL,FZBangSKKXJW,4,0.6856513246893883,0.6152147054672241,0.6687727943062782
I2,6000,val192,val,8,ALL,FZCaoQBLSJW,4,1.3341769576072693,0.8716806471347809,0.4800065606832504
I2,6000,val192,val,8,ALL,FZFWZhuZiHeiB,4,1.4569739699363708,0.8335375338792801,0.9735500663518906
I2,6000,val192,val,8,ALL,FZHengFSJW-T,4,1.1898867189884186,0.7337581068277359,1.1548708379268646
I2,6000,val192,val,8,ALL,FZJunYTJW-H,4,0.749906875193119,0.7475240230560303,0.8522688001394272
I2,6000,val192,val,8,ALL,FZKANGJW,4,0.9613684564828873,0.7393280863761902,0.7405204735696316
I2,6000,val192,val,8,ALL,FZKuaiHTJW_Te,4,1.1786041259765625,0.8410571217536926,1.2690462172031403
I2,6000,val192,val,8,ALL,FZLTHProGBK_H,4,1.265266016125679,0.8078228980302811,0.8365523144602776
I2,6000,val192,val,8,ALL,FZMiFXSJW,4,1.1969175338745117,0.8927539139986038,0.7553693037480116
I2,6000,val192,val,8,ALL,FZQingYSJW-T,4,1.2905396521091461,0.7752194404602051,1.1590228825807571
I2,6000,val192,val,8,ALL,FZSongKBXKJW-EB,4,0.6112097222357988,0.664128765463829,0.929350733757019
I2,6000,val192,val,8,ALL,FZSuHJW,4,1.3821722120046616,0.8584188967943192,0.7965593338012695
I2,6000,val192,val,8,ALL,FZYouHK_511M,4,1.310532122850418,0.7952660322189331,1.346650391817093
I2,6000,val192,val,8,ALL,FZZHJW,4,1.3228683173656464,0.820933535695076,1.5186814069747925
I2,6000,val192,val,8,ALL,FZZanMTJW_Te,4,1.2248176634311676,0.8102862536907196,1.2600177228450775
I2,6000,val192,val,8,ALL,FZZhongYSJW_Te,4,1.3112811744213104,0.7559591084718704,1.239382117986679
I2,6000,val192,val,8,latin,FZBangSKKXJW,4,0.6856513246893883,0.6152147054672241,0.6687727943062782
I2,6000,val192,val,8,latin,FZCaoQBLSJW,4,1.3341769576072693,0.8716806471347809,0.4800065606832504
I2,6000,val192,val,8,latin,FZFWZhuZiHeiB,4,1.4569739699363708,0.8335375338792801,0.9735500663518906
I2,6000,val192,val,8,latin,FZHengFSJW-T,4,1.1898867189884186,0.7337581068277359,1.1548708379268646
I2,6000,val192,val,8,latin,FZJunYTJW-H,4,0.749906875193119,0.7475240230560303,0.8522688001394272
I2,6000,val192,val,8,latin,FZKANGJW,4,0.9613684564828873,0.7393280863761902,0.7405204735696316
I2,6000,val192,val,8,latin,FZKuaiHTJW_Te,4,1.1786041259765625,0.8410571217536926,1.2690462172031403
I2,6000,val192,val,8,latin,FZLTHProGBK_H,4,1.265266016125679,0.8078228980302811,0.8365523144602776
I2,6000,val192,val,8,latin,FZMiFXSJW,4,1.1969175338745117,0.8927539139986038,0.7553693037480116
I2,6000,val192,val,8,latin,FZQingYSJW-T,4,1.2905396521091461,0.7752194404602051,1.1590228825807571
I2,6000,val192,val,8,latin,FZSongKBXKJW-EB,4,0.6112097222357988,0.664128765463829,0.929350733757019
I2,6000,val192,val,8,latin,FZSuHJW,4,1.3821722120046616,0.8584188967943192,0.7965593338012695
I2,6000,val192,val,8,latin,FZYouHK_511M,4,1.310532122850418,0.7952660322189331,1.346650391817093
I2,6000,val192,val,8,latin,FZZHJW,4,1.3228683173656464,0.820933535695076,1.5186814069747925
I2,6000,val192,val,8,latin,FZZanMTJW_Te,4,1.2248176634311676,0.8102862536907196,1.2600177228450775
I2,6000,val192,val,8,latin,FZZhongYSJW_Te,4,1.3112811744213104,0.7559591084718704,1.239382117986679
I2,6000,val192,val,ALL,ALL,FZBangSKKXJW,12,0.7191275159517924,0.6143005092938741,0.6687727943062782
I2,6000,val192,val,ALL,ALL,FZCaoQBLSJW,12,1.2824456691741943,0.8618657092253367,0.4800065606832504
I2,6000,val192,val,ALL,ALL,FZFWZhuZiHeiB,12,1.426214079062144,0.819339523712794,0.9735500663518906
I2,6000,val192,val,ALL,ALL,FZHengFSJW-T,12,1.1830244958400726,0.7360353817542394,1.1548708379268646
I2,6000,val192,val,ALL,ALL,FZJunYTJW-H,12,0.9316911225517591,0.7733607937892278,0.8522688001394272
I2,6000,val192,val,ALL,ALL,FZKANGJW,12,0.9338178584973017,0.7271656890710195,0.7405204735696316
I2,6000,val192,val,ALL,ALL,FZKuaiHTJW_Te,12,0.9044053380688032,0.7846364478270212,1.2690462172031403
I2,6000,val192,val,ALL,ALL,FZLTHProGBK_H,12,1.2072917471329372,0.7983401318391165,0.8365523144602776
I2,6000,val192,val,ALL,ALL,FZMiFXSJW,12,1.0731893479824066,0.8579447716474533,0.7553693037480116
I2,6000,val192,val,ALL,ALL,FZQingYSJW-T,12,1.2715747952461243,0.7600689083337784,1.1590228825807571
I2,6000,val192,val,ALL,ALL,FZSongKBXKJW-EB,12,0.7510579507797956,0.6824955493211746,0.929350733757019
I2,6000,val192,val,ALL,ALL,FZSuHJW,12,1.3089434057474136,0.8296613742907842,0.7965593338012695
I2,6000,val192,val,ALL,ALL,FZYouHK_511M,12,1.3011972159147263,0.790252760052681,1.346650391817093
I2,6000,val192,val,ALL,ALL,FZZHJW,12,1.3104334076245625,0.8169491191705068,1.5186814069747925
I2,6000,val192,val,ALL,ALL,FZZanMTJW_Te,12,1.2678363819917042,0.8117776612440745,1.2600177228450775
I2,6000,val192,val,ALL,ALL,FZZhongYSJW_Te,12,1.2648303012053173,0.7367338885863622,1.239382117986679
I2,6000,val192,val,ALL,latin,FZBangSKKXJW,12,0.7191275159517924,0.6143005092938741,0.6687727943062782
I2,6000,val192,val,ALL,latin,FZCaoQBLSJW,12,1.2824456691741943,0.8618657092253367,0.4800065606832504
I2,6000,val192,val,ALL,latin,FZFWZhuZiHeiB,12,1.426214079062144,0.819339523712794,0.9735500663518906
I2,6000,val192,val,ALL,latin,FZHengFSJW-T,12,1.1830244958400726,0.7360353817542394,1.1548708379268646
I2,6000,val192,val,ALL,latin,FZJunYTJW-H,12,0.9316911225517591,0.7733607937892278,0.8522688001394272
I2,6000,val192,val,ALL,latin,FZKANGJW,12,0.9338178584973017,0.7271656890710195,0.7405204735696316
I2,6000,val192,val,ALL,latin,FZKuaiHTJW_Te,12,0.9044053380688032,0.7846364478270212,1.2690462172031403
I2,6000,val192,val,ALL,latin,FZLTHProGBK_H,12,1.2072917471329372,0.7983401318391165,0.8365523144602776
I2,6000,val192,val,ALL,latin,FZMiFXSJW,12,1.0731893479824066,0.8579447716474533,0.7553693037480116
I2,6000,val192,val,ALL,latin,FZQingYSJW-T,12,1.2715747952461243,0.7600689083337784,1.1590228825807571
I2,6000,val192,val,ALL,latin,FZSongKBXKJW-EB,12,0.7510579507797956,0.6824955493211746,0.929350733757019
I2,6000,val192,val,ALL,latin,FZSuHJW,12,1.3089434057474136,0.8296613742907842,0.7965593338012695
I2,6000,val192,val,ALL,latin,FZYouHK_511M,12,1.3011972159147263,0.790252760052681,1.346650391817093
I2,6000,val192,val,ALL,latin,FZZHJW,12,1.3104334076245625,0.8169491191705068,1.5186814069747925
I2,6000,val192,val,ALL,latin,FZZanMTJW_Te,12,1.2678363819917042,0.8117776612440745,1.2600177228450775
I2,6000,val192,val,ALL,latin,FZZhongYSJW_Te,12,1.2648303012053173,0.7367338885863622,1.239382117986679
I2,8000,val192,val,1,ALL,FZBangSKKXJW,4,0.8755310475826263,0.6667905747890472,0.6687727943062782
I2,8000,val192,val,1,ALL,FZCaoQBLSJW,4,1.2724933922290802,0.8511655330657959,0.4800065606832504
I2,8000,val192,val,1,ALL,FZFWZhuZiHeiB,4,1.4742913246154785,0.8318901360034943,0.9735500663518906
I2,8000,val192,val,1,ALL,FZHengFSJW-T,4,1.1520749032497406,0.71303790807724,1.1548708379268646
I2,8000,val192,val,1,ALL,FZJunYTJW-H,4,1.0805009305477142,0.7953773140907288,0.8522688001394272
I2,8000,val192,val,1,ALL,FZKANGJW,4,0.935067355632782,0.7167607545852661,0.7405204735696316
I2,8000,val192,val,1,ALL,FZKuaiHTJW_Te,4,0.5444040484726429,0.7146110832691193,1.2690462172031403
I2,8000,val192,val,1,ALL,FZLTHProGBK_H,4,1.1976231336593628,0.7970935702323914,0.8365523144602776
I2,8000,val192,val,1,ALL,FZMiFXSJW,4,0.9827710837125778,0.8348837345838547,0.7553693037480116
I2,8000,val192,val,1,ALL,FZQingYSJW-T,4,1.2409712374210358,0.7349032908678055,1.1590228825807571
I2,8000,val192,val,1,ALL,FZSongKBXKJW-EB,4,0.6730759739875793,0.6504340618848801,0.929350733757019
I2,8000,val192,val,1,ALL,FZSuHJW,4,1.392629861831665,0.8293614834547043,0.7965593338012695
I2,8000,val192,val,1,ALL,FZYouHK_511M,4,1.2865158468484879,0.7860052287578583,1.346650391817093
I2,8000,val192,val,1,ALL,FZZHJW,4,1.4205331802368164,0.8330042362213135,1.5186814069747925
I2,8000,val192,val,1,ALL,FZZanMTJW_Te,4,1.3569169640541077,0.8362115025520325,1.2600177228450775
I2,8000,val192,val,1,ALL,FZZhongYSJW_Te,4,1.195068746805191,0.7057653814554214,1.239382117986679
I2,8000,val192,val,1,latin,FZBangSKKXJW,4,0.8755310475826263,0.6667905747890472,0.6687727943062782
I2,8000,val192,val,1,latin,FZCaoQBLSJW,4,1.2724933922290802,0.8511655330657959,0.4800065606832504
I2,8000,val192,val,1,latin,FZFWZhuZiHeiB,4,1.4742913246154785,0.8318901360034943,0.9735500663518906
I2,8000,val192,val,1,latin,FZHengFSJW-T,4,1.1520749032497406,0.71303790807724,1.1548708379268646
I2,8000,val192,val,1,latin,FZJunYTJW-H,4,1.0805009305477142,0.7953773140907288,0.8522688001394272
I2,8000,val192,val,1,latin,FZKANGJW,4,0.935067355632782,0.7167607545852661,0.7405204735696316
I2,8000,val192,val,1,latin,FZKuaiHTJW_Te,4,0.5444040484726429,0.7146110832691193,1.2690462172031403
I2,8000,val192,val,1,latin,FZLTHProGBK_H,4,1.1976231336593628,0.7970935702323914,0.8365523144602776
I2,8000,val192,val,1,latin,FZMiFXSJW,4,0.9827710837125778,0.8348837345838547,0.7553693037480116
I2,8000,val192,val,1,latin,FZQingYSJW-T,4,1.2409712374210358,0.7349032908678055,1.1590228825807571
I2,8000,val192,val,1,latin,FZSongKBXKJW-EB,4,0.6730759739875793,0.6504340618848801,0.929350733757019
I2,8000,val192,val,1,latin,FZSuHJW,4,1.392629861831665,0.8293614834547043,0.7965593338012695
I2,8000,val192,val,1,latin,FZYouHK_511M,4,1.2865158468484879,0.7860052287578583,1.346650391817093
I2,8000,val192,val,1,latin,FZZHJW,4,1.4205331802368164,0.8330042362213135,1.5186814069747925
I2,8000,val192,val,1,latin,FZZanMTJW_Te,4,1.3569169640541077,0.8362115025520325,1.2600177228450775
I2,8000,val192,val,1,latin,FZZhongYSJW_Te,4,1.195068746805191,0.7057653814554214,1.239382117986679
I2,8000,val192,val,4,ALL,FZBangSKKXJW,4,0.6114084497094154,0.575100377202034,0.6687727943062782
I2,8000,val192,val,4,ALL,FZCaoQBLSJW,4,1.2068344354629517,0.853692501783371,0.4800065606832504
I2,8000,val192,val,4,ALL,FZFWZhuZiHeiB,4,1.4253554940223694,0.8189812451601028,0.9735500663518906
I2,8000,val192,val,4,ALL,FZHengFSJW-T,4,1.200995773077011,0.7323105335235596,1.1548708379268646
I2,8000,val192,val,4,ALL,FZJunYTJW-H,4,0.8313412219285965,0.7559927701950073,0.8522688001394272
I2,8000,val192,val,4,ALL,FZKANGJW,4,0.7452578023076057,0.6672419309616089,0.7405204735696316
I2,8000,val192,val,4,ALL,FZKuaiHTJW_Te,4,1.1566220670938492,0.8203418552875519,1.2690462172031403
I2,8000,val192,val,4,ALL,FZLTHProGBK_H,4,1.138309583067894,0.7772777080535889,0.8365523144602776
I2,8000,val192,val,4,ALL,FZMiFXSJW,4,1.137403279542923,0.8744856268167496,0.7553693037480116
I2,8000,val192,val,4,ALL,FZQingYSJW-T,4,1.287680298089981,0.7652854770421982,1.1590228825807571
I2,8000,val192,val,4,ALL,FZSongKBXKJW-EB,4,0.8918250501155853,0.71267269551754,0.929350733757019
I2,8000,val192,val,4,ALL,FZSuHJW,4,1.1710898131132126,0.8123920410871506,0.7965593338012695
I2,8000,val192,val,4,ALL,FZYouHK_511M,4,1.3502551466226578,0.7967339754104614,1.346650391817093
I2,8000,val192,val,4,ALL,FZZHJW,4,1.3791410326957703,0.8280279338359833,1.5186814069747925
I2,8000,val192,val,4,ALL,FZZanMTJW_Te,4,1.358778566122055,0.834523931145668,1.2600177228450775
I2,8000,val192,val,4,ALL,FZZhongYSJW_Te,4,1.2185649424791336,0.746132105588913,1.239382117986679
I2,8000,val192,val,4,latin,FZBangSKKXJW,4,0.6114084497094154,0.575100377202034,0.6687727943062782
I2,8000,val192,val,4,latin,FZCaoQBLSJW,4,1.2068344354629517,0.853692501783371,0.4800065606832504
I2,8000,val192,val,4,latin,FZFWZhuZiHeiB,4,1.4253554940223694,0.8189812451601028,0.9735500663518906
I2,8000,val192,val,4,latin,FZHengFSJW-T,4,1.200995773077011,0.7323105335235596,1.1548708379268646
I2,8000,val192,val,4,latin,FZJunYTJW-H,4,0.8313412219285965,0.7559927701950073,0.8522688001394272
I2,8000,val192,val,4,latin,FZKANGJW,4,0.7452578023076057,0.6672419309616089,0.7405204735696316
I2,8000,val192,val,4,latin,FZKuaiHTJW_Te,4,1.1566220670938492,0.8203418552875519,1.2690462172031403
I2,8000,val192,val,4,latin,FZLTHProGBK_H,4,1.138309583067894,0.7772777080535889,0.8365523144602776
I2,8000,val192,val,4,latin,FZMiFXSJW,4,1.137403279542923,0.8744856268167496,0.7553693037480116
I2,8000,val192,val,4,latin,FZQingYSJW-T,4,1.287680298089981,0.7652854770421982,1.1590228825807571
I2,8000,val192,val,4,latin,FZSongKBXKJW-EB,4,0.8918250501155853,0.71267269551754,0.929350733757019
I2,8000,val192,val,4,latin,FZSuHJW,4,1.1710898131132126,0.8123920410871506,0.7965593338012695
I2,8000,val192,val,4,latin,FZYouHK_511M,4,1.3502551466226578,0.7967339754104614,1.346650391817093
I2,8000,val192,val,4,latin,FZZHJW,4,1.3791410326957703,0.8280279338359833,1.5186814069747925
I2,8000,val192,val,4,latin,FZZanMTJW_Te,4,1.358778566122055,0.834523931145668,1.2600177228450775
I2,8000,val192,val,4,latin,FZZhongYSJW_Te,4,1.2185649424791336,0.746132105588913,1.239382117986679
I2,8000,val192,val,8,ALL,FZBangSKKXJW,4,0.773504838347435,0.6357396095991135,0.6687727943062782
I2,8000,val192,val,8,ALL,FZCaoQBLSJW,4,1.2294014394283295,0.8642975091934204,0.4800065606832504
I2,8000,val192,val,8,ALL,FZFWZhuZiHeiB,4,1.547679990530014,0.8425825834274292,0.9735500663518906
I2,8000,val192,val,8,ALL,FZHengFSJW-T,4,1.176525741815567,0.7313292026519775,1.1548708379268646
I2,8000,val192,val,8,ALL,FZJunYTJW-H,4,0.7264119386672974,0.7445650994777679,0.8522688001394272
I2,8000,val192,val,8,ALL,FZKANGJW,4,0.948359027504921,0.7228840440511703,0.7405204735696316
I2,8000,val192,val,8,ALL,FZKuaiHTJW_Te,4,1.1311893463134766,0.7992634177207947,1.2690462172031403
I2,8000,val192,val,8,ALL,FZLTHProGBK_H,4,1.2029379308223724,0.8006669133901596,0.8365523144602776
I2,8000,val192,val,8,ALL,FZMiFXSJW,4,1.2167978435754776,0.8861196041107178,0.7553693037480116
I2,8000,val192,val,8,ALL,FZQingYSJW-T,4,1.2838792502880096,0.7748874872922897,1.1590228825807571
I2,8000,val192,val,8,ALL,FZSongKBXKJW-EB,4,0.7897277250885963,0.6970774084329605,0.929350733757019
I2,8000,val192,val,8,ALL,FZSuHJW,4,1.3390571922063828,0.8576376587152481,0.7965593338012695
I2,8000,val192,val,8,ALL,FZYouHK_511M,4,1.3736524879932404,0.8033678084611893,1.346650391817093
I2,8000,val192,val,8,ALL,FZZHJW,4,1.3927673399448395,0.8310849368572235,1.5186814069747925
I2,8000,val192,val,8,ALL,FZZanMTJW_Te,4,1.2713707089424133,0.8167586177587509,1.2600177228450775
I2,8000,val192,val,8,ALL,FZZhongYSJW_Te,4,1.1683346331119537,0.7402617484331131,1.239382117986679
I2,8000,val192,val,8,latin,FZBangSKKXJW,4,0.773504838347435,0.6357396095991135,0.6687727943062782
I2,8000,val192,val,8,latin,FZCaoQBLSJW,4,1.2294014394283295,0.8642975091934204,0.4800065606832504
I2,8000,val192,val,8,latin,FZFWZhuZiHeiB,4,1.547679990530014,0.8425825834274292,0.9735500663518906
I2,8000,val192,val,8,latin,FZHengFSJW-T,4,1.176525741815567,0.7313292026519775,1.1548708379268646
I2,8000,val192,val,8,latin,FZJunYTJW-H,4,0.7264119386672974,0.7445650994777679,0.8522688001394272
I2,8000,val192,val,8,latin,FZKANGJW,4,0.948359027504921,0.7228840440511703,0.7405204735696316
I2,8000,val192,val,8,latin,FZKuaiHTJW_Te,4,1.1311893463134766,0.7992634177207947,1.2690462172031403
I2,8000,val192,val,8,latin,FZLTHProGBK_H,4,1.2029379308223724,0.8006669133901596,0.8365523144602776
I2,8000,val192,val,8,latin,FZMiFXSJW,4,1.2167978435754776,0.8861196041107178,0.7553693037480116
I2,8000,val192,val,8,latin,FZQingYSJW-T,4,1.2838792502880096,0.7748874872922897,1.1590228825807571
I2,8000,val192,val,8,latin,FZSongKBXKJW-EB,4,0.7897277250885963,0.6970774084329605,0.929350733757019
I2,8000,val192,val,8,latin,FZSuHJW,4,1.3390571922063828,0.8576376587152481,0.7965593338012695
I2,8000,val192,val,8,latin,FZYouHK_511M,4,1.3736524879932404,0.8033678084611893,1.346650391817093
I2,8000,val192,val,8,latin,FZZHJW,4,1.3927673399448395,0.8310849368572235,1.5186814069747925
I2,8000,val192,val,8,latin,FZZanMTJW_Te,4,1.2713707089424133,0.8167586177587509,1.2600177228450775
I2,8000,val192,val,8,latin,FZZhongYSJW_Te,4,1.1683346331119537,0.7402617484331131,1.239382117986679
I2,8000,val192,val,ALL,ALL,FZBangSKKXJW,12,0.753481445213159,0.6258768538633982,0.6687727943062782
I2,8000,val192,val,ALL,ALL,FZCaoQBLSJW,12,1.2362430890401204,0.8563851813475291,0.4800065606832504
I2,8000,val192,val,ALL,ALL,FZFWZhuZiHeiB,12,1.4824422697226207,0.8311513215303421,0.9735500663518906
I2,8000,val192,val,ALL,ALL,FZHengFSJW-T,12,1.1765321393807728,0.7255592147509257,1.1548708379268646
I2,8000,val192,val,ALL,ALL,FZJunYTJW-H,12,0.8794180303812027,0.765311727921168,0.8522688001394272
I2,8000,val192,val,ALL,ALL,FZKANGJW,12,0.8762280618151029,0.7022955765326818,0.7405204735696316
I2,8000,val192,val,ALL,ALL,FZKuaiHTJW_Te,12,0.9440718206266562,0.7780721187591553,1.2690462172031403
I2,8000,val192,val,ALL,ALL,FZLTHProGBK_H,12,1.1796235491832097,0.7916793972253799,0.8365523144602776
I2,8000,val192,val,ALL,ALL,FZMiFXSJW,12,1.1123240689436595,0.865162988503774,0.7553693037480116
I2,8000,val192,val,ALL,ALL,FZQingYSJW-T,12,1.2708435952663422,0.7583587517340978,1.1590228825807571
I2,8000,val192,val,ALL,ALL,FZSongKBXKJW-EB,12,0.784876249730587,0.6867280552784601,0.929350733757019
I2,8000,val192,val,ALL,ALL,FZSuHJW,12,1.3009256223837535,0.8331303944190344,0.7965593338012695
I2,8000,val192,val,ALL,ALL,FZYouHK_511M,12,1.3368078271547954,0.7953690042098364,1.346650391817093
I2,8000,val192,val,ALL,ALL,FZZHJW,12,1.3974805176258087,0.8307057023048401,1.5186814069747925
I2,8000,val192,val,ALL,ALL,FZZanMTJW_Te,12,1.329022079706192,0.8291646838188171,1.2600177228450775
I2,8000,val192,val,ALL,ALL,FZZhongYSJW_Te,12,1.1939894407987595,0.7307197451591492,1.239382117986679
I2,8000,val192,val,ALL,latin,FZBangSKKXJW,12,0.753481445213159,0.6258768538633982,0.6687727943062782
I2,8000,val192,val,ALL,latin,FZCaoQBLSJW,12,1.2362430890401204,0.8563851813475291,0.4800065606832504
I2,8000,val192,val,ALL,latin,FZFWZhuZiHeiB,12,1.4824422697226207,0.8311513215303421,0.9735500663518906
I2,8000,val192,val,ALL,latin,FZHengFSJW-T,12,1.1765321393807728,0.7255592147509257,1.1548708379268646
I2,8000,val192,val,ALL,latin,FZJunYTJW-H,12,0.8794180303812027,0.765311727921168,0.8522688001394272
I2,8000,val192,val,ALL,latin,FZKANGJW,12,0.8762280618151029,0.7022955765326818,0.7405204735696316
I2,8000,val192,val,ALL,latin,FZKuaiHTJW_Te,12,0.9440718206266562,0.7780721187591553,1.2690462172031403
I2,8000,val192,val,ALL,latin,FZLTHProGBK_H,12,1.1796235491832097,0.7916793972253799,0.8365523144602776
I2,8000,val192,val,ALL,latin,FZMiFXSJW,12,1.1123240689436595,0.865162988503774,0.7553693037480116
I2,8000,val192,val,ALL,latin,FZQingYSJW-T,12,1.2708435952663422,0.7583587517340978,1.1590228825807571
I2,8000,val192,val,ALL,latin,FZSongKBXKJW-EB,12,0.784876249730587,0.6867280552784601,0.929350733757019
I2,8000,val192,val,ALL,latin,FZSuHJW,12,1.3009256223837535,0.8331303944190344,0.7965593338012695
I2,8000,val192,val,ALL,latin,FZYouHK_511M,12,1.3368078271547954,0.7953690042098364,1.346650391817093
I2,8000,val192,val,ALL,latin,FZZHJW,12,1.3974805176258087,0.8307057023048401,1.5186814069747925
I2,8000,val192,val,ALL,latin,FZZanMTJW_Te,12,1.329022079706192,0.8291646838188171,1.2600177228450775
I2,8000,val192,val,ALL,latin,FZZhongYSJW_Te,12,1.1939894407987595,0.7307197451591492,1.239382117986679
I2,10000,formal4096,val,1,ALL,FZBangSKKXJW,64,0.827999287750572,0.5933585315942764,0.8383674193173647
I2,10000,formal4096,val,1,ALL,FZCaoQBLSJW,64,1.0450515317497775,0.8193426006473601,0.8562735375016928
I2,10000,formal4096,val,1,ALL,FZFWZhuZiHeiB,64,1.4221628084778786,0.8431874951347709,1.0214777514338493
I2,10000,formal4096,val,1,ALL,FZHengFSJW-T,64,1.1967468708753586,0.8265047511085868,1.1624632813036442
I2,10000,formal4096,val,1,ALL,FZJunYTJW-H,64,0.9198825460625812,0.7423779750242829,0.8090110485209152
I2,10000,formal4096,val,1,ALL,FZKANGJW,64,0.9097904162772465,0.7556621320545673,0.9039787286892533
I2,10000,formal4096,val,1,ALL,FZKuaiHTJW_Te,64,1.1055551983590703,0.7885490963235497,1.2415367886424065
I2,10000,formal4096,val,1,ALL,FZLTHProGBK_H,64,1.168958414811641,0.8083371678367257,1.0033346930285916
I2,10000,formal4096,val,1,ALL,FZMiFXSJW,64,1.1066863387823105,0.8556039864197373,1.0821409556083381
I2,10000,formal4096,val,1,ALL,FZQingYSJW-T,64,1.2263651471585035,0.8086299328133464,1.0917087085545063
I2,10000,formal4096,val,1,ALL,FZSongKBXKJW-EB,64,1.379068659269251,0.8058973513543606,1.149775526020676
I2,10000,formal4096,val,1,ALL,FZSuHJW,64,1.130275801755488,0.7726465174928308,0.7419911697506905
I2,10000,formal4096,val,1,ALL,FZYouHK_511M,64,1.2982427445240319,0.8105300636962056,1.300058301538229
I2,10000,formal4096,val,1,ALL,FZZHJW,64,1.290821224451065,0.8498216252774,1.1881522201001644
I2,10000,formal4096,val,1,ALL,FZZanMTJW_Te,64,1.1728776530362666,0.7769744824618101,1.0213664616458118
I2,10000,formal4096,val,1,ALL,FZZhongYSJW_Te,64,1.1981738896283787,0.7769893426448107,1.25036009401083
I2,10000,formal4096,val,1,bopomofo,FZBangSKKXJW,16,0.8584644980728626,0.6052712853997946,0.8691550195217133
I2,10000,formal4096,val,1,bopomofo,FZCaoQBLSJW,16,1.0325019713491201,0.8156506977975368,1.0050677061080933
I2,10000,formal4096,val,1,bopomofo,FZFWZhuZiHeiB,16,1.4295296035706997,0.8426541052758694,1.68684920668602
I2,10000,formal4096,val,1,bopomofo,FZHengFSJW-T,16,1.2332608550786972,0.8779244385659695,1.1945441365242004
I2,10000,formal4096,val,1,bopomofo,FZMiFXSJW,16,1.1158085577189922,0.8504598848521709,1.0658781677484512
I2,10000,formal4096,val,1,bopomofo,FZQingYSJW-T,16,1.2361246943473816,0.8758887872099876,1.003349632024765
I2,10000,formal4096,val,1,bopomofo,FZSongKBXKJW-EB,16,1.6413910537958145,0.8428211472928524,1.7157626748085022
I2,10000,formal4096,val,1,bopomofo,FZYouHK_511M,16,1.3751725144684315,0.8296259939670563,1.2918909341096878
I2,10000,formal4096,val,1,bopomofo,FZZHJW,16,1.3289011865854263,0.9123198613524437,0.7944012880325317
I2,10000,formal4096,val,1,kana,FZBangSKKXJW,12,0.9203885893026987,0.6483886217077574,0.7585003773371378
I2,10000,formal4096,val,1,kana,FZCaoQBLSJW,12,1.1393425861994426,0.862347294886907,1.3175904750823975
I2,10000,formal4096,val,1,kana,FZFWZhuZiHeiB,12,1.2286063581705093,0.8602931747833887,0.8952454129854838
I2,10000,formal4096,val,1,kana,FZHengFSJW-T,12,1.2052851219971974,0.88693801065286,1.2082821528116863
I2,10000,formal4096,val,1,kana,FZKuaiHTJW_Te,12,1.228936329483986,0.7855002532402674,1.4598731994628906
I2,10000,formal4096,val,1,kana,FZLTHProGBK_H,12,1.0417508035898209,0.7940832525491714,1.3368837436040242
I2,10000,formal4096,val,1,kana,FZMiFXSJW,12,1.1742051591475804,0.8674429108699163,1.2366973161697388
I2,10000,formal4096,val,1,kana,FZQingYSJW-T,12,1.3415394127368927,0.8859692066907883,1.137002408504486
I2,10000,formal4096,val,1,kana,FZSongKBXKJW-EB,12,1.5801677405834198,0.8580494622389475,1.297378659248352
I2,10000,formal4096,val,1,kana,FZSuHJW,12,1.241813878218333,0.8889615635077158,1.1700513164202373
I2,10000,formal4096,val,1,kana,FZYouHK_511M,12,1.3438055862983067,0.8824455191691717,1.3883026440938313
I2,10000,formal4096,val,1,kana,FZZHJW,12,1.3579216798146565,0.8786235998074213,1.2767743666966755
I2,10000,formal4096,val,1,kana,FZZanMTJW_Te,12,1.5922605494658153,0.8907910734415054,1.5672092040379841
I2,10000,formal4096,val,1,kana,FZZhongYSJW_Te,12,1.4141731510559719,0.798420454065005,1.7110515435536702
I2,10000,formal4096,val,1,latin,FZBangSKKXJW,36,0.7836627604232894,0.5697206109762192,0.8513063887755076
I2,10000,formal4096,val,1,latin,FZCaoQBLSJW,36,1.019198762666848,0.8066485482785437,0.6363704833719466
I2,10000,formal4096,val,1,latin,FZFWZhuZiHeiB,36,1.4834074940946367,0.8377226640780767,0.7678345508045621
I2,10000,formal4096,val,1,latin,FZHengFSJW-T,36,1.1776723497443728,0.7835071368349923,1.1329321662584941
I2,10000,formal4096,val,1,latin,FZJunYTJW-H,64,0.9198825460625812,0.7423779750242829,0.8090110485209152
I2,10000,formal4096,val,1,latin,FZKANGJW,64,0.9097904162772465,0.7556621320545673,0.9039787286892533
I2,10000,formal4096,val,1,latin,FZKuaiHTJW_Te,52,1.0770826296379359,0.7892526754966149,1.1911514630684485
I2,10000,formal4096,val,1,latin,FZLTHProGBK_H,52,1.1983140174012918,0.8116265329030844,0.9263618352034917
I2,10000,formal4096,val,1,latin,FZMiFXSJW,36,1.0801257457998064,0.8539439456330405,1.0378500744700432
I2,10000,formal4096,val,1,latin,FZQingYSJW-T,36,1.1836361487706502,0.7529573506779141,1.1158815092510648
I2,10000,formal4096,val,1,latin,FZSongKBXKJW-EB,36,1.195447901263833,0.7721027384201685,0.84902463770575
I2,10000,formal4096,val,1,latin,FZSuHJW,52,1.1045362456486776,0.745804583797088,0.643208058980795
I2,10000,formal4096,val,1,latin,FZYouHK_511M,36,1.248864121735096,0.7780711650848389,1.2742734617657132
I2,10000,formal4096,val,1,latin,FZZHJW,36,1.2515299783812628,0.8124439732895957,1.3336119188202753
I2,10000,formal4096,val,1,latin,FZZanMTJW_Te,52,1.0760969846294477,0.7507091153126496,0.8954027518630028
I2,10000,formal4096,val,1,latin,FZZhongYSJW_Te,52,1.148327906222011,0.7720437015478427,1.1440466825778668
I2,10000,formal4096,val,2,ALL,FZBangSKKXJW,64,0.9257035525515676,0.6381358215585351,0.8383674193173647
I2,10000,formal4096,val,2,ALL,FZCaoQBLSJW,64,1.0999702434055507,0.8425668980926275,0.8562735375016928
I2,10000,formal4096,val,2,ALL,FZFWZhuZiHeiB,64,1.407875970005989,0.8426444111391902,1.0214777514338493
I2,10000,formal4096,val,2,ALL,FZHengFSJW-T,64,1.1784544410184026,0.8262633504346013,1.1624632813036442
I2,10000,formal4096,val,2,ALL,FZJunYTJW-H,64,0.8960790957789868,0.7369605801068246,0.8090110485209152
I2,10000,formal4096,val,2,ALL,FZKANGJW,64,0.9939210629963782,0.7707667732611299,0.9039787286892533
I2,10000,formal4096,val,2,ALL,FZKuaiHTJW_Te,64,1.1311892604862805,0.8014424871653318,1.2415367886424065
I2,10000,formal4096,val,2,ALL,FZLTHProGBK_H,64,1.2094464004039764,0.8195819901302457,1.0033346930285916
I2,10000,formal4096,val,2,ALL,FZMiFXSJW,64,1.2046449016779661,0.8800809467211366,1.0821409556083381
I2,10000,formal4096,val,2,ALL,FZQingYSJW-T,64,1.2321879733353853,0.8200383652001619,1.0917087085545063
I2,10000,formal4096,val,2,ALL,FZSongKBXKJW-EB,64,1.4369253343902528,0.8195214616134763,1.149775526020676
I2,10000,formal4096,val,2,ALL,FZSuHJW,64,1.1871421304531395,0.804197090677917,0.7419911697506905
I2,10000,formal4096,val,2,ALL,FZYouHK_511M,64,1.281904092989862,0.8091263948008418,1.300058301538229
I2,10000,formal4096,val,2,ALL,FZZHJW,64,1.256354303099215,0.8417257042601705,1.1881522201001644
I2,10000,formal4096,val,2,ALL,FZZanMTJW_Te,64,1.1987106499145739,0.790082162246108,1.0213664616458118
I2,10000,formal4096,val,2,ALL,FZZhongYSJW_Te,64,1.2442456861026585,0.7827354576438665,1.25036009401083
I2,10000,formal4096,val,2,bopomofo,FZBangSKKXJW,16,0.9941176399588585,0.6799423210322857,0.8691550195217133
I2,10000,formal4096,val,2,bopomofo,FZCaoQBLSJW,16,1.0953525230288506,0.8420272096991539,1.0050677061080933
I2,10000,formal4096,val,2,bopomofo,FZFWZhuZiHeiB,16,1.4049945436418056,0.8410976082086563,1.68684920668602
I2,10000,formal4096,val,2,bopomofo,FZHengFSJW-T,16,1.2219744697213173,0.8828861340880394,1.1945441365242004
I2,10000,formal4096,val,2,bopomofo,FZMiFXSJW,16,1.21836281940341,0.8754599913954735,1.0658781677484512
I2,10000,formal4096,val,2,bopomofo,FZQingYSJW-T,16,1.247850202023983,0.8975177071988583,1.003349632024765
I2,10000,formal4096,val,2,bopomofo,FZSongKBXKJW-EB,16,1.679561011493206,0.8629073016345501,1.7157626748085022
I2,10000,formal4096,val,2,bopomofo,FZYouHK_511M,16,1.3261965923011303,0.8222503326833248,1.2918909341096878
I2,10000,formal4096,val,2,bopomofo,FZZHJW,16,1.3670843318104744,0.917447853833437,0.7944012880325317
I2,10000,formal4096,val,2,kana,FZBangSKKXJW,12,1.017973080277443,0.6876713285843531,0.7585003773371378
I2,10000,formal4096,val,2,kana,FZCaoQBLSJW,12,1.1942132363716762,0.8792318354050318,1.3175904750823975
I2,10000,formal4096,val,2,kana,FZFWZhuZiHeiB,12,1.2239350229501724,0.8603624701499939,0.8952454129854838
I2,10000,formal4096,val,2,kana,FZHengFSJW-T,12,1.193658858537674,0.8878226776917776,1.2082821528116863
I2,10000,formal4096,val,2,kana,FZKuaiHTJW_Te,12,1.2336549311876297,0.7924489875634512,1.4598731994628906
I2,10000,formal4096,val,2,kana,FZLTHProGBK_H,12,1.0849692622820537,0.8049283772706985,1.3368837436040242
I2,10000,formal4096,val,2,kana,FZMiFXSJW,12,1.2658905386924744,0.8900838295618693,1.2366973161697388
I2,10000,formal4096,val,2,kana,FZQingYSJW-T,12,1.3334917823473613,0.8852989425261816,1.137002408504486
I2,10000,formal4096,val,2,kana,FZSongKBXKJW-EB,12,1.6102142035961151,0.8618147373199463,1.297378659248352
I2,10000,formal4096,val,2,kana,FZSuHJW,12,1.195158873995145,0.8846939553817114,1.1700513164202373
I2,10000,formal4096,val,2,kana,FZYouHK_511M,12,1.3282990157604218,0.8783739358186722,1.3883026440938313
I2,10000,formal4096,val,2,kana,FZZHJW,12,1.3150119384129841,0.8699405690034231,1.2767743666966755
I2,10000,formal4096,val,2,kana,FZZanMTJW_Te,12,1.6162036160628002,0.8970368355512619,1.5672092040379841
I2,10000,formal4096,val,2,kana,FZZhongYSJW_Te,12,1.5154315332571666,0.8323441942532858,1.7110515435536702
I2,10000,formal4096,val,2,latin,FZBangSKKXJW,36,0.864540782239702,0.6030433194504844,0.8513063887755076
I2,10000,formal4096,val,2,latin,FZCaoQBLSJW,36,1.0706082325842645,0.8305851138300366,0.6363704833719466
I2,10000,formal4096,val,2,latin,FZFWZhuZiHeiB,36,1.4704702529642317,0.8374258594380485,0.7678345508045621
I2,10000,formal4096,val,2,latin,FZHengFSJW-T,36,1.1540440668662388,0.7805778930584589,1.1329321662584941
I2,10000,formal4096,val,2,latin,FZJunYTJW-H,64,0.8960790957789868,0.7369605801068246,0.8090110485209152
I2,10000,formal4096,val,2,latin,FZKANGJW,64,0.9939210629963782,0.7707667732611299,0.9039787286892533
I2,10000,formal4096,val,2,latin,FZKuaiHTJW_Te,52,1.107543336478277,0.8035179101503812,1.1911514630684485
I2,10000,formal4096,val,2,latin,FZLTHProGBK_H,52,1.2381718938167279,0.8229635930978335,0.9263618352034917
I2,10000,formal4096,val,2,latin,FZMiFXSJW,36,1.1781328370173771,0.8788004103634093,1.0378500744700432
I2,10000,formal4096,val,2,latin,FZQingYSJW-T,36,1.1914590464697943,0.7638495763142904,1.1158815092510648
I2,10000,formal4096,val,2,latin,FZSongKBXKJW-EB,36,1.271324299275875,0.7861411074797312,0.84902463770575
I2,10000,formal4096,val,2,latin,FZSuHJW,52,1.1852921127126768,0.7856208911308875,0.643208058980795
I2,10000,formal4096,val,2,latin,FZYouHK_511M,36,1.246753563483556,0.7802110198471282,1.2742734617657132
I2,10000,formal4096,val,2,latin,FZZHJW,36,1.1875884119007323,0.7986664606465234,1.3336119188202753
I2,10000,formal4096,val,2,latin,FZZanMTJW_Te,52,1.1023661192649832,0.7654003145603033,0.8954027518630028
I2,10000,formal4096,val,2,latin,FZZhongYSJW_Te,52,1.1816643367593105,0.7712872876570775,1.1440466825778668
I2,10000,formal4096,val,4,ALL,FZBangSKKXJW,64,0.8406820616219193,0.6017869845964015,0.8383674193173647
I2,10000,formal4096,val,4,ALL,FZCaoQBLSJW,64,1.1743867078184849,0.8564205272123218,0.8562735375016928
I2,10000,formal4096,val,4,ALL,FZFWZhuZiHeiB,64,1.3598976349458098,0.8309268252924085,1.0214777514338493
I2,10000,formal4096,val,4,ALL,FZHengFSJW-T,64,1.1759551856666803,0.823688343167305,1.1624632813036442
I2,10000,formal4096,val,4,ALL,FZJunYTJW-H,64,0.8122304342105053,0.7204874996095896,0.8090110485209152
I2,10000,formal4096,val,4,ALL,FZKANGJW,64,1.0016294258239213,0.7655874844640493,0.9039787286892533
I2,10000,formal4096,val,4,ALL,FZKuaiHTJW_Te,64,1.1413863602792844,0.8034844817593694,1.2415367886424065
I2,10000,formal4096,val,4,ALL,FZLTHProGBK_H,64,1.1861577522940934,0.8141549099236727,1.0033346930285916
I2,10000,formal4096,val,4,ALL,FZMiFXSJW,64,1.1858773166313767,0.8784770462661982,1.0821409556083381
I2,10000,formal4096,val,4,ALL,FZQingYSJW-T,64,1.2384418416768312,0.8256164751946926,1.0917087085545063
I2,10000,formal4096,val,4,ALL,FZSongKBXKJW-EB,64,1.401012142188847,0.8160009710118175,1.149775526020676
I2,10000,formal4096,val,4,ALL,FZSuHJW,64,1.210456745699048,0.8150477558374405,0.7419911697506905
I2,10000,formal4096,val,4,ALL,FZYouHK_511M,64,1.2725665913894773,0.8058845670893788,1.300058301538229
I2,10000,formal4096,val,4,ALL,FZZHJW,64,1.2569788773544133,0.8426617616787553,1.1881522201001644
I2,10000,formal4096,val,4,ALL,FZZanMTJW_Te,64,1.1867158780805767,0.7874016440473497,1.0213664616458118
I2,10000,formal4096,val,4,ALL,FZZhongYSJW_Te,64,1.3489088816568255,0.7989035416394472,1.25036009401083
I2,10000,formal4096,val,4,bopomofo,FZBangSKKXJW,16,0.9038952142000198,0.6511777490377426,0.8691550195217133
I2,10000,formal4096,val,4,bopomofo,FZCaoQBLSJW,16,1.1037920005619526,0.8434131741523743,1.0050677061080933
I2,10000,formal4096,val,4,bopomofo,FZFWZhuZiHeiB,16,1.3563754670321941,0.8265452980995178,1.68684920668602
I2,10000,formal4096,val,4,bopomofo,FZHengFSJW-T,16,1.2223253063857555,0.8794476166367531,1.1945441365242004
I2,10000,formal4096,val,4,bopomofo,FZMiFXSJW,16,1.1997313909232616,0.8786503970623016,1.0658781677484512
I2,10000,formal4096,val,4,bopomofo,FZQingYSJW-T,16,1.231142446398735,0.9030682407319546,1.003349632024765
I2,10000,formal4096,val,4,bopomofo,FZSongKBXKJW-EB,16,1.6705497354269028,0.8677641153335571,1.7157626748085022
I2,10000,formal4096,val,4,bopomofo,FZYouHK_511M,16,1.2952248118817806,0.8138654455542564,1.2918909341096878
I2,10000,formal4096,val,4,bopomofo,FZZHJW,16,1.4217529371380806,0.9244253560900688,0.7944012880325317
I2,10000,formal4096,val,4,kana,FZBangSKKXJW,12,0.9544946899016699,0.6484505111972491,0.7585003773371378
I2,10000,formal4096,val,4,kana,FZCaoQBLSJW,12,1.316011259953181,0.892933671673139,1.3175904750823975
I2,10000,formal4096,val,4,kana,FZFWZhuZiHeiB,12,1.1645189970731735,0.8487193038066229,0.8952454129854838
I2,10000,formal4096,val,4,kana,FZHengFSJW-T,12,1.1892177164554596,0.8863736738761266,1.2082821528116863
I2,10000,formal4096,val,4,kana,FZKuaiHTJW_Te,12,1.182760273416837,0.7952438096205393,1.4598731994628906
I2,10000,formal4096,val,4,kana,FZLTHProGBK_H,12,1.1031098514795303,0.8147740662097931,1.3368837436040242
I2,10000,formal4096,val,4,kana,FZMiFXSJW,12,1.300141414006551,0.9046017030874888,1.2366973161697388
I2,10000,formal4096,val,4,kana,FZQingYSJW-T,12,1.3543405532836914,0.8874615083138148,1.137002408504486
I2,10000,formal4096,val,4,kana,FZSongKBXKJW-EB,12,1.5994433959325154,0.8569505661725998,1.297378659248352
I2,10000,formal4096,val,4,kana,FZSuHJW,12,1.2207182099421818,0.8966551671425501,1.1700513164202373
I2,10000,formal4096,val,4,kana,FZYouHK_511M,12,1.310537149508794,0.8755981375773748,1.3883026440938313
I2,10000,formal4096,val,4,kana,FZZHJW,12,1.3227243324120839,0.8706917961438497,1.2767743666966755
I2,10000,formal4096,val,4,kana,FZZanMTJW_Te,12,1.6304379602273305,0.9064493179321289,1.5672092040379841
I2,10000,formal4096,val,4,kana,FZZhongYSJW_Te,12,1.6690312922000885,0.8468948403994242,1.7110515435536702
I2,10000,formal4096,val,4,latin,FZBangSKKXJW,36,0.7746497843828466,0.5642810248666339,0.8513063887755076
I2,10000,formal4096,val,4,latin,FZCaoQBLSJW,36,1.1585539492209338,0.8500305248631371,0.6363704833719466
I2,10000,formal4096,val,4,latin,FZFWZhuZiHeiB,36,1.4265892555316289,0.8269433445400662,0.7678345508045621
I2,10000,formal4096,val,4,latin,FZHengFSJW-T,36,1.1509253995286093,0.7780113336112764,1.1329321662584941
I2,10000,formal4096,val,4,latin,FZJunYTJW-H,64,0.8122304342105053,0.7204874996095896,0.8090110485209152
I2,10000,formal4096,val,4,latin,FZKANGJW,64,1.0016294258239213,0.7655874844640493,0.9039787286892533
I2,10000,formal4096,val,4,latin,FZKuaiHTJW_Te,52,1.1318385341706185,0.8053861753298686,1.1911514630684485
I2,10000,formal4096,val,4,latin,FZLTHProGBK_H,52,1.2053226524820695,0.8140120277037988,0.9263618352034917
I2,10000,formal4096,val,4,latin,FZMiFXSJW,36,1.1416319178210363,0.8696917825274997,1.0378500744700432
I2,10000,formal4096,val,4,latin,FZQingYSJW-T,36,1.2030531134870317,0.7705784572495354,1.1158815092510648
I2,10000,formal4096,val,4,latin,FZSongKBXKJW-EB,36,1.2150739050573773,0.7793452640374502,0.84902463770575
I2,10000,formal4096,val,4,latin,FZSuHJW,52,1.208088715489094,0.7962152763054922,0.643208058980795
I2,10000,formal4096,val,4,latin,FZYouHK_511M,36,1.2498394184642367,0.7790996531645457,1.2742734617657132
I2,10000,formal4096,val,4,latin,FZZHJW,36,1.1618308102091153,0.79697904156314,1.3336119188202753
I2,10000,formal4096,val,4,latin,FZZanMTJW_Te,52,1.0843184745082488,0.7599291039200929,0.8954027518630028
I2,10000,formal4096,val,4,latin,FZZhongYSJW_Te,52,1.275034479223765,0.787828626540991,1.1440466825778668
I2,10000,formal4096,val,8,ALL,FZBangSKKXJW,64,0.8360325954854488,0.590241948608309,0.8383674193173647
I2,10000,formal4096,val,8,ALL,FZCaoQBLSJW,64,1.1936521041207016,0.8610429689288139,0.8562735375016928
I2,10000,formal4096,val,8,ALL,FZFWZhuZiHeiB,64,1.4006851906888187,0.8400278706103563,1.0214777514338493
I2,10000,formal4096,val,8,ALL,FZHengFSJW-T,64,1.1754060667008162,0.8223004080355167,1.1624632813036442
I2,10000,formal4096,val,8,ALL,FZJunYTJW-H,64,0.7438382303807884,0.7133447588421404,0.8090110485209152
I2,10000,formal4096,val,8,ALL,FZKANGJW,64,1.1595268736127764,0.7909842161461711,0.9039787286892533
I2,10000,formal4096,val,8,ALL,FZKuaiHTJW_Te,64,1.1491967630572617,0.8038954520598054,1.2415367886424065
I2,10000,formal4096,val,8,ALL,FZLTHProGBK_H,64,1.2146143978461623,0.8207566076889634,1.0033346930285916
I2,10000,formal4096,val,8,ALL,FZMiFXSJW,64,1.2038329280912876,0.8799399491399527,1.0821409556083381
I2,10000,formal4096,val,8,ALL,FZQingYSJW-T,64,1.2537405164912343,0.8305000308901072,1.0917087085545063
I2,10000,formal4096,val,8,ALL,FZSongKBXKJW-EB,64,1.408239436801523,0.8171884706243873,1.149775526020676
I2,10000,formal4096,val,8,ALL,FZSuHJW,64,1.245570881292224,0.82734340056777,0.7419911697506905
I2,10000,formal4096,val,8,ALL,FZYouHK_511M,64,1.2871884945780039,0.8100157557055354,1.300058301538229
I2,10000,formal4096,val,8,ALL,FZZHJW,64,1.260275877546519,0.8416642863303423,1.1881522201001644
I2,10000,formal4096,val,8,ALL,FZZanMTJW_Te,64,1.2097977781668305,0.793066187761724,1.0213664616458118
I2,10000,formal4096,val,8,ALL,FZZhongYSJW_Te,64,1.3806514281313866,0.8029615478590131,1.25036009401083
I2,10000,formal4096,val,8,bopomofo,FZBangSKKXJW,16,0.9192260168492794,0.6537389010190964,0.8691550195217133
I2,10000,formal4096,val,8,bopomofo,FZCaoQBLSJW,16,1.1282444894313812,0.8452006690204144,1.0050677061080933
I2,10000,formal4096,val,8,bopomofo,FZFWZhuZiHeiB,16,1.305801110342145,0.823340155184269,1.68684920668602
I2,10000,formal4096,val,8,bopomofo,FZHengFSJW-T,16,1.22703917324543,0.8810101673007011,1.1945441365242004
I2,10000,formal4096,val,8,bopomofo,FZMiFXSJW,16,1.227547813206911,0.8825046569108963,1.0658781677484512
I2,10000,formal4096,val,8,bopomofo,FZQingYSJW-T,16,1.258742019534111,0.9012178108096123,1.003349632024765
I2,10000,formal4096,val,8,bopomofo,FZSongKBXKJW-EB,16,1.6775675788521767,0.8659639097750187,1.7157626748085022
I2,10000,formal4096,val,8,bopomofo,FZYouHK_511M,16,1.3285151198506355,0.8175015300512314,1.2918909341096878
I2,10000,formal4096,val,8,bopomofo,FZZHJW,16,1.4487753584980965,0.9255866780877113,0.7944012880325317
I2,10000,formal4096,val,8,kana,FZBangSKKXJW,12,0.9366310586531957,0.6197926302750906,0.7585003773371378
I2,10000,formal4096,val,8,kana,FZCaoQBLSJW,12,1.2924952507019043,0.8864505738019943,1.3175904750823975
I2,10000,formal4096,val,8,kana,FZFWZhuZiHeiB,12,1.2215672681729,0.8660451571146647,0.8952454129854838
I2,10000,formal4096,val,8,kana,FZHengFSJW-T,12,1.1852904856204987,0.8865594416856766,1.2082821528116863
I2,10000,formal4096,val,8,kana,FZKuaiHTJW_Te,12,1.2452422579129536,0.8136292348305384,1.4598731994628906
I2,10000,formal4096,val,8,kana,FZLTHProGBK_H,12,1.096287950873375,0.8132530351479849,1.3368837436040242
I2,10000,formal4096,val,8,kana,FZMiFXSJW,12,1.2756232718626659,0.9055655201276144,1.2366973161697388
I2,10000,formal4096,val,8,kana,FZQingYSJW-T,12,1.3779725134372711,0.8941616068283716,1.137002408504486
I2,10000,formal4096,val,8,kana,FZSongKBXKJW-EB,12,1.6538422803084056,0.8711924950281779,1.297378659248352
I2,10000,formal4096,val,8,kana,FZSuHJW,12,1.2449158777793248,0.8996382007996241,1.1700513164202373
I2,10000,formal4096,val,8,kana,FZYouHK_511M,12,1.3199945241212845,0.8781254142522812,1.3883026440938313
I2,10000,formal4096,val,8,kana,FZZHJW,12,1.3479544719060261,0.8797481755415598,1.2767743666966755
I2,10000,formal4096,val,8,kana,FZZanMTJW_Te,12,1.6136660873889923,0.9025646050771078,1.5672092040379841
I2,10000,formal4096,val,8,kana,FZZhongYSJW_Te,12,1.6220583816369374,0.8258403489987055,1.7110515435536702
I2,10000,formal4096,val,8,latin,FZBangSKKXJW,36,0.7655249204900529,0.5521708536479208,0.8513063887755076
I2,10000,formal4096,val,8,latin,FZCaoQBLSJW,36,1.1897744395666652,0.8596147894859314,0.6363704833719466
I2,10000,formal4096,val,8,latin,FZFWZhuZiHeiB,36,1.502561867237091,0.8387722041871812,0.7678345508045621
I2,10000,formal4096,val,8,latin,FZHengFSJW-T,36,1.1491632130410936,0.7747875038120482,1.1329321662584941
I2,10000,formal4096,val,8,latin,FZJunYTJW-H,64,0.7438382303807884,0.7133447588421404,0.8090110485209152
I2,10000,formal4096,val,8,latin,FZKANGJW,64,1.1595268736127764,0.7909842161461711,0.9039787286892533
I2,10000,formal4096,val,8,latin,FZKuaiHTJW_Te,52,1.1270324180905635,0.8016491944973285,1.1911514630684485
I2,10000,formal4096,val,8,latin,FZLTHProGBK_H,52,1.2419205009937286,0.8224882013522662,0.9263618352034917
I2,10000,formal4096,val,8,latin,FZMiFXSJW,36,1.1693628645605512,0.870258222023646,1.0378500744700432
I2,10000,formal4096,val,8,latin,FZQingYSJW-T,36,1.2101069606012769,0.7778493811686834,1.1158815092510648
I2,10000,formal4096,val,8,latin,FZSongKBXKJW-EB,36,1.2066704258322716,0.7775091562006209,0.84902463770575
I2,10000,formal4096,val,8,latin,FZSuHJW,52,1.2457220359490468,0.8106599851296499,0.643208058980795
I2,10000,formal4096,val,8,latin,FZYouHK_511M,36,1.2578857623868518,0.7839855253696442,1.2742734617657132
I2,10000,formal4096,val,8,latin,FZZHJW,36,1.1472721323370934,0.7916708158122169,1.3336119188202753
I2,10000,formal4096,val,8,latin,FZZanMTJW_Te,52,1.1165973991155624,0.7677973222274047,0.8954027518630028
I2,10000,formal4096,val,8,latin,FZZhongYSJW_Te,52,1.3249421311685672,0.7976818245190841,1.1440466825778668
I2,10000,formal4096,val,ALL,ALL,FZBangSKKXJW,256,0.8576043743523769,0.6058808215893805,0.8383674193173647
I2,10000,formal4096,val,ALL,ALL,FZCaoQBLSJW,256,1.1282651467736287,0.8448432487202808,0.8562735375016928
I2,10000,formal4096,val,ALL,ALL,FZFWZhuZiHeiB,256,1.397655401029624,0.8391966505441815,1.0214777514338493
I2,10000,formal4096,val,ALL,ALL,FZHengFSJW-T,256,1.1816406410653144,0.8246892131865025,1.1624632813036442
I2,10000,formal4096,val,ALL,ALL,FZJunYTJW-H,256,0.8430075766082155,0.7282927033957094,0.8090110485209152
I2,10000,formal4096,val,ALL,ALL,FZKANGJW,256,1.0162169446775806,0.7707501514814794,0.9039787286892533
I2,10000,formal4096,val,ALL,ALL,FZKuaiHTJW_Te,256,1.1318318955454743,0.7993428793270141,1.2415367886424065
I2,10000,formal4096,val,ALL,ALL,FZLTHProGBK_H,256,1.1947942413389683,0.8157076688949019,1.0033346930285916
I2,10000,formal4096,val,ALL,ALL,FZMiFXSJW,256,1.1752603712957352,0.8735254821367562,1.0821409556083381
I2,10000,formal4096,val,ALL,ALL,FZQingYSJW-T,256,1.2376838696654886,0.821196201024577,1.0917087085545063
I2,10000,formal4096,val,ALL,ALL,FZSongKBXKJW-EB,256,1.4063113931624684,0.8146520636510104,1.149775526020676
I2,10000,formal4096,val,ALL,ALL,FZSuHJW,256,1.1933613897999749,0.8048086911439896,0.7419911697506905
I2,10000,formal4096,val,ALL,ALL,FZYouHK_511M,256,1.2849754808703437,0.8088891953229904,1.300058301538229
I2,10000,formal4096,val,ALL,ALL,FZZHJW,256,1.266107570612803,0.843968344386667,1.1881522201001644
I2,10000,formal4096,val,ALL,ALL,FZZanMTJW_Te,256,1.192025489799562,0.786881119129248,1.0213664616458118
I2,10000,formal4096,val,ALL,ALL,FZZhongYSJW_Te,256,1.2929949713798123,0.7903974724467844,1.25036009401083
I2,10000,formal4096,val,ALL,bopomofo,FZBangSKKXJW,64,0.9189258422702551,0.6475325641222298,0.8691550195217133
I2,10000,formal4096,val,ALL,bopomofo,FZCaoQBLSJW,64,1.0899727460928261,0.8365729376673698,1.0050677061080933
I2,10000,formal4096,val,ALL,bopomofo,FZFWZhuZiHeiB,64,1.3741751811467111,0.8334092916920781,1.68684920668602
I2,10000,formal4096,val,ALL,bopomofo,FZHengFSJW-T,64,1.2261499511078,0.8803170891478658,1.1945441365242004
I2,10000,formal4096,val,ALL,bopomofo,FZMiFXSJW,64,1.1903626453131437,0.8717687325552106,1.0658781677484512
I2,10000,formal4096,val,ALL,bopomofo,FZQingYSJW-T,64,1.2434648405760527,0.8944231364876032,1.003349632024765
I2,10000,formal4096,val,ALL,bopomofo,FZSongKBXKJW-EB,64,1.667267344892025,0.8598641185089946,1.7157626748085022
I2,10000,formal4096,val,ALL,bopomofo,FZYouHK_511M,64,1.3312772596254945,0.8208108255639672,1.2918909341096878
I2,10000,formal4096,val,ALL,bopomofo,FZZHJW,64,1.3916284535080194,0.9199449373409152,0.7944012880325317
I2,10000,formal4096,val,ALL,kana,FZBangSKKXJW,48,0.9573718545337518,0.6510757729411125,0.7585003773371378
I2,10000,formal4096,val,ALL,kana,FZCaoQBLSJW,48,1.235515583306551,0.880240843941768,1.3175904750823975
I2,10000,formal4096,val,ALL,kana,FZFWZhuZiHeiB,48,1.2096569115916889,0.8588550264636675,0.8952454129854838
I2,10000,formal4096,val,ALL,kana,FZHengFSJW-T,48,1.1933630456527073,0.8869234509766102,1.2082821528116863
I2,10000,formal4096,val,ALL,kana,FZKuaiHTJW_Te,48,1.2226484480003517,0.7967055713136991,1.4598731994628906
I2,10000,formal4096,val,ALL,kana,FZLTHProGBK_H,48,1.081529467056195,0.806759682794412,1.3368837436040242
I2,10000,formal4096,val,ALL,kana,FZMiFXSJW,48,1.2539650959273179,0.8919234909117222,1.2366973161697388
I2,10000,formal4096,val,ALL,kana,FZQingYSJW-T,48,1.3518360654513042,0.888222816089789,1.137002408504486
I2,10000,formal4096,val,ALL,kana,FZSongKBXKJW-EB,48,1.610916905105114,0.8620018151899179,1.297378659248352
I2,10000,formal4096,val,ALL,kana,FZSuHJW,48,1.2256517099837463,0.8924872217079004,1.1700513164202373
I2,10000,formal4096,val,ALL,kana,FZYouHK_511M,48,1.3256590689222019,0.8786357517043749,1.3883026440938313
I2,10000,formal4096,val,ALL,kana,FZZHJW,48,1.3359031056364377,0.8747510351240635,1.2767743666966755
I2,10000,formal4096,val,ALL,kana,FZZanMTJW_Te,48,1.6131420532862346,0.899210458000501,1.5672092040379841
I2,10000,formal4096,val,ALL,kana,FZZhongYSJW_Te,48,1.5551735895375411,0.8258749594291052,1.7110515435536702
I2,10000,formal4096,val,ALL,latin,FZBangSKKXJW,144,0.7970945618839728,0.5723039522353146,0.8513063887755076
I2,10000,formal4096,val,ALL,latin,FZCaoQBLSJW,144,1.109533846009678,0.8367197441144122,0.6363704833719466
I2,10000,formal4096,val,ALL,latin,FZFWZhuZiHeiB,144,1.470757217456897,0.8352160180608431,0.7678345508045621
I2,10000,formal4096,val,ALL,latin,FZHengFSJW-T,144,1.1579512572950788,0.779220966829194,1.1329321662584941
I2,10000,formal4096,val,ALL,latin,FZJunYTJW-H,256,0.8430075766082155,0.7282927033957094,0.8090110485209152
I2,10000,formal4096,val,ALL,latin,FZKANGJW,256,1.0162169446775806,0.7707501514814794,0.9039787286892533
I2,10000,formal4096,val,ALL,latin,FZKuaiHTJW_Te,208,1.1108742295943488,0.7999514888685483,1.1911514630684485
I2,10000,formal4096,val,ALL,latin,FZLTHProGBK_H,208,1.2209322661734545,0.8177725887642457,0.9263618352034917
I2,10000,formal4096,val,ALL,latin,FZMiFXSJW,144,1.1423133412996929,0.8681735901368989,1.0378500744700432
I2,10000,formal4096,val,ALL,latin,FZQingYSJW-T,144,1.1970638173321884,0.7663086913526058,1.1158815092510648
I2,10000,formal4096,val,ALL,latin,FZSongKBXKJW-EB,144,1.2221291328573392,0.7787745665344927,0.84902463770575
I2,10000,formal4096,val,ALL,latin,FZSuHJW,208,1.1859097774498737,0.7845751840907794,0.643208058980795
I2,10000,formal4096,val,ALL,latin,FZYouHK_511M,144,1.250835716517435,0.7803418408665392,1.2742734617657132
I2,10000,formal4096,val,ALL,latin,FZZHJW,144,1.187055333207051,0.7999400728278689,1.3336119188202753
I2,10000,formal4096,val,ALL,latin,FZZanMTJW_Te,208,1.0948447443795606,0.7609589640051126,0.8954027518630028
I2,10000,formal4096,val,ALL,latin,FZZhongYSJW_Te,208,1.2324922133434133,0.7822103600662488,1.1440466825778668
I2,10000,matched4888,test,1,ALL,FZBuGTJW,47,0.48254332592354177,0.6439616927441131,0.5735618734851162
I2,10000,matched4888,test,1,ALL,FZChuangHJW_DB,47,1.2738665805218068,0.7903467074353644,1.0242944037977686
I2,10000,matched4888,test,1,ALL,FZCuanBZBKSJW,47,1.211873415936815,0.7345730351640823,0.5722659070916633
I2,10000,matched4888,test,1,ALL,FZDeSHJW_515H,47,1.2438247761827834,0.8229917719009074,0.9879101647975597
I2,10000,matched4888,test,1,ALL,FZDouNTJW_Te,47,0.7204220490728287,0.7243993231590758,0.9521670576105726
I2,10000,matched4888,test,1,ALL,FZFeiHHJW-H,47,0.488063953460214,0.5760422190453144,0.5402036107125434
I2,10000,matched4888,test,1,ALL,FZFengYKSJ,47,0.6264421172598575,0.6713390908342727,0.6694826293498912
I2,10000,matched4888,test,1,ALL,FZHanWZKJW,47,1.1659285391264773,0.7863542805326745,0.9681272341849956
I2,10000,matched4888,test,1,ALL,FZHuoYYJW-T,47,1.1673782277614513,0.7381101047739069,1.180650809977917
I2,10000,matched4888,test,1,ALL,FZJianLTJW_Te,47,0.8250016056476756,0.7475477089273169,0.6539842999996023
I2,10000,matched4888,test,1,ALL,FZJingLTJW-H,47,0.7724027280953336,0.6988034793671142,1.187834806898807
I2,10000,matched4888,test,1,ALL,FZJingYLLTJW,47,-0.21172340860233663,0.5056030788320176,0.5446122221331647
I2,10000,matched4888,test,1,ALL,FZLingFKSJW-B,47,1.2331117569132055,0.7612893923800043,0.7503788483507455
I2,10000,matched4888,test,1,ALL,FZLiuGQKJW-L,47,1.1155731120008103,0.7080662301246156,0.4812253009171245
I2,10000,matched4888,test,1,ALL,FZMaWDBSJW,47,0.9435916885416559,0.7599543333053589,1.0726645582533898
I2,10000,matched4888,test,1,ALL,FZTJLSJW,47,0.9957980450163496,0.7070406992384728,0.8441000142471587
I2,10000,matched4888,test,1,bopomofo,FZBuGTJW,3,0.6204775224129359,0.7513480186462402,0.20360070963700613
I2,10000,matched4888,test,1,bopomofo,FZChuangHJW_DB,3,1.2845293084780376,0.818092922369639,1.285364071528117
I2,10000,matched4888,test,1,bopomofo,FZCuanBZBKSJW,3,1.4584840536117554,0.8256361285845438,0.6187443435192108
I2,10000,matched4888,test,1,bopomofo,FZDeSHJW_515H,3,1.1807050307591755,0.7968018651008606,-2.836193084716797
I2,10000,matched4888,test,1,bopomofo,FZDouNTJW_Te,3,0.5389961699644724,0.6115475495656332,-2.771179755528768
I2,10000,matched4888,test,1,bopomofo,FZFeiHHJW-H,3,0.8592086831728617,0.6324633359909058,0.6614414850870768
I2,10000,matched4888,test,1,bopomofo,FZFengYKSJ,3,0.4930647710959117,0.6183805068333944,-0.804143230120341
I2,10000,matched4888,test,1,bopomofo,FZHanWZKJW,3,1.2524465322494507,0.8351985216140747,1.3792950709660847
I2,10000,matched4888,test,1,bopomofo,FZHuoYYJW-T,3,1.1874194145202637,0.7385409474372864,1.2931967576344807
I2,10000,matched4888,test,1,bopomofo,FZJianLTJW_Te,3,1.204309602578481,0.816607395807902,-2.946962912877401
I2,10000,matched4888,test,1,bopomofo,FZJingLTJW-H,3,1.0303162535031636,0.7764992912610372,0.9385958909988403
I2,10000,matched4888,test,1,bopomofo,FZJingYLLTJW,3,-0.2612350086371104,0.4837648669878642,0.7751223544279734
I2,10000,matched4888,test,1,bopomofo,FZLingFKSJW-B,3,1.446037769317627,0.871751626332601,0.3236058826247851
I2,10000,matched4888,test,1,bopomofo,FZLiuGQKJW-L,3,0.8010286092758179,0.5897755026817322,0.24786638716856638
I2,10000,matched4888,test,1,bopomofo,FZMaWDBSJW,3,1.1875902811686199,0.8139506181081136,0.7009970843791962
I2,10000,matched4888,test,1,bopomofo,FZTJLSJW,3,1.0486538410186768,0.7858285903930664,-0.8856523533662161
I2,10000,matched4888,test,1,kana,FZBuGTJW,7,0.3835941616977964,0.6999682017735073,0.6470147711890084
I2,10000,matched4888,test,1,kana,FZChuangHJW_DB,7,1.057226198060172,0.8294216820171901,0.9043861159256527
I2,10000,matched4888,test,1,kana,FZCuanBZBKSJW,7,1.2343124066080366,0.7998477731432233,0.9444009150777545
I2,10000,matched4888,test,1,kana,FZDeSHJW_515H,7,1.291424810886383,0.8230204837662833,0.9187423714569637
I2,10000,matched4888,test,1,kana,FZDouNTJW_Te,7,0.6960150471755436,0.6463122708456857,1.158907732793263
I2,10000,matched4888,test,1,kana,FZFeiHHJW-H,7,0.25587322456496103,0.5572915077209473,0.5397516318729946
I2,10000,matched4888,test,1,kana,FZFengYKSJ,7,0.5608476740973336,0.6337507707732064,0.7319666360105787
I2,10000,matched4888,test,1,kana,FZHanWZKJW,7,1.1172070779970713,0.785294166633061,1.2501805509839738
I2,10000,matched4888,test,1,kana,FZHuoYYJW-T,7,1.2324215854917253,0.7705144797052655,1.1756755028452193
I2,10000,matched4888,test,1,kana,FZJianLTJW_Te,7,0.8986344805785588,0.759211003780365,1.2801651103155953
I2,10000,matched4888,test,1,kana,FZJingLTJW-H,7,1.4261486019407,0.8640037264142718,1.283643467085702
I2,10000,matched4888,test,1,kana,FZJingYLLTJW,7,-0.42107614582138403,0.41521622027669636,1.1547715493610926
I2,10000,matched4888,test,1,kana,FZLingFKSJW-B,7,1.2378085596220834,0.8466761878558567,0.8803398992334094
I2,10000,matched4888,test,1,kana,FZLiuGQKJW-L,7,1.0077222415379115,0.6824855548994881,0.5915487004177911
I2,10000,matched4888,test,1,kana,FZMaWDBSJW,7,1.034684658050537,0.7846732905932835,0.7025937948908124
I2,10000,matched4888,test,1,kana,FZTJLSJW,7,1.031358233519963,0.8066341280937195,0.24508564759578025
I2,10000,matched4888,test,1,latin,FZBuGTJW,37,0.49007958430494813,0.6246588673140552,0.5896622304477401
I2,10000,matched4888,test,1,latin,FZChuangHJW_DB,37,1.3139880533153947,0.7807044515738616,1.0258119446603027
I2,10000,matched4888,test,1,latin,FZCuanBZBKSJW,37,1.1876327443767238,0.7148402663501533,0.49809346478935834
I2,10000,matched4888,test,1,latin,FZDeSHJW_515H,37,1.2399371814083409,0.8251098458831375,1.3110583891739716
I2,10000,matched4888,test,1,latin,FZDouNTJW_Te,37,0.7397497963865061,0.7483226930772936,1.2149469417494696
I2,10000,matched4888,test,1,latin,FZFeiHHJW-H,37,0.5018991132745066,0.5750149657597413,0.5304590223004689
I2,10000,matched4888,test,1,latin,FZFengYKSJ,37,0.6496662561957901,0.682744333872924,0.7771445085873475
I2,10000,matched4888,test,1,latin,FZHanWZKJW,37,1.1681311404382861,0.7825944987503258,0.8814278631596952
I2,10000,matched4888,test,1,latin,FZHuoYYJW-T,37,1.153447766561766,0.731944614165538,1.1724667371930302
I2,10000,matched4888,test,1,latin,FZJianLTJW_Te,37,0.7803163592879837,0.7397417055593954,0.8274863531460633
I2,10000,matched4888,test,1,latin,FZJingLTJW-H,37,0.627809168821251,0.661249718150577,1.1899174049093917
I2,10000,matched4888,test,1,latin,FZJingYLLTJW,37,-0.1681016799364541,0.5244739611406584,0.41048666301208575
I2,10000,matched4888,test,1,latin,FZLingFKSJW-B,37,1.214958901340897,0.7361787364289567,0.7603948359453195
I2,10000,matched4888,test,1,latin,FZLiuGQKJW-L,37,1.1614809390660878,0.7224969573923059,0.47927429942363825
I2,10000,matched4888,test,1,latin,FZMaWDBSJW,37,0.9065742138269786,0.750899696672285,1.1728131465009741
I2,10000,matched4888,test,1,latin,FZTJLSJW,37,0.9847848367046665,0.6818104917938644,1.0976772485552608
I2,10000,matched4888,test,2,ALL,FZBuGTJW,47,0.5629459389267449,0.6914973487245276,0.5735618734851162
I2,10000,matched4888,test,2,ALL,FZChuangHJW_DB,47,1.3593356685435518,0.7998260538628761,1.0242944037977686
I2,10000,matched4888,test,2,ALL,FZCuanBZBKSJW,47,1.213510494916997,0.73972716483664,0.5722659070916633
I2,10000,matched4888,test,2,ALL,FZDeSHJW_515H,47,1.284458242832346,0.8517559284859515,0.9879101647975597
I2,10000,matched4888,test,2,ALL,FZDouNTJW_Te,47,0.7628474294188174,0.721224807044293,0.9521670576105726
I2,10000,matched4888,test,2,ALL,FZFeiHHJW-H,47,0.8138854550792182,0.6313277165940467,0.5402036107125434
I2,10000,matched4888,test,2,ALL,FZFengYKSJ,47,0.5748023352328133,0.6380229554277785,0.6694826293498912
I2,10000,matched4888,test,2,ALL,FZHanWZKJW,47,1.2130040856117899,0.7965536662872802,0.9681272341849956
I2,10000,matched4888,test,2,ALL,FZHuoYYJW-T,47,1.1641995158601315,0.722649354883965,1.180650809977917
I2,10000,matched4888,test,2,ALL,FZJianLTJW_Te,47,0.8832106282736393,0.7644992597559666,0.6539842999996023
I2,10000,matched4888,test,2,ALL,FZJingLTJW-H,47,0.9436387826708403,0.7534134070923988,1.187834806898807
I2,10000,matched4888,test,2,ALL,FZJingYLLTJW,47,0.34259139048926374,0.6435942998591889,0.5446122221331647
I2,10000,matched4888,test,2,ALL,FZLingFKSJW-B,47,1.0603313056078363,0.7073401948238941,0.7503788483507455
I2,10000,matched4888,test,2,ALL,FZLiuGQKJW-L,47,1.1147492071415515,0.731761929836679,0.4812253009171245
I2,10000,matched4888,test,2,ALL,FZMaWDBSJW,47,1.1750413477420807,0.8018098803276711,1.0726645582533898
I2,10000,matched4888,test,2,ALL,FZTJLSJW,47,1.016562450439372,0.7120492065206487,0.8441000142471587
I2,10000,matched4888,test,2,bopomofo,FZBuGTJW,3,0.8574629624684652,0.8363949855168661,0.20360070963700613
I2,10000,matched4888,test,2,bopomofo,FZChuangHJW_DB,3,1.3163432280222576,0.8174516757329305,1.285364071528117
I2,10000,matched4888,test,2,bopomofo,FZCuanBZBKSJW,3,1.478790561358134,0.8463312188784281,0.6187443435192108
I2,10000,matched4888,test,2,bopomofo,FZDeSHJW_515H,3,1.3265595038731892,0.8679078022638956,-2.836193084716797
I2,10000,matched4888,test,2,bopomofo,FZDouNTJW_Te,3,0.7718611458937327,0.6329226493835449,-2.771179755528768
I2,10000,matched4888,test,2,bopomofo,FZFeiHHJW-H,3,1.0718619624773662,0.6981772184371948,0.6614414850870768
I2,10000,matched4888,test,2,bopomofo,FZFengYKSJ,3,0.41167935232321423,0.5733616352081299,-0.804143230120341
I2,10000,matched4888,test,2,bopomofo,FZHanWZKJW,3,1.0792221426963806,0.7851214011510214,1.3792950709660847
I2,10000,matched4888,test,2,bopomofo,FZHuoYYJW-T,3,1.195290207862854,0.7397034565607706,1.2931967576344807
I2,10000,matched4888,test,2,bopomofo,FZJianLTJW_Te,3,0.7872632741928101,0.8034307161966959,-2.946962912877401
I2,10000,matched4888,test,2,bopomofo,FZJingLTJW-H,3,1.2726267178853352,0.8106197516123453,0.9385958909988403
I2,10000,matched4888,test,2,bopomofo,FZJingYLLTJW,3,0.3830423752466838,0.6247662703196207,0.7751223544279734
I2,10000,matched4888,test,2,bopomofo,FZLingFKSJW-B,3,1.5225608746210735,0.8651780883471171,0.3236058826247851
I2,10000,matched4888,test,2,bopomofo,FZLiuGQKJW-L,3,0.8102699716885885,0.6003472010294596,0.24786638716856638
I2,10000,matched4888,test,2,bopomofo,FZMaWDBSJW,3,1.1225744287172954,0.8302749395370483,0.7009970843791962
I2,10000,matched4888,test,2,bopomofo,FZTJLSJW,3,1.0466517210006714,0.7717653314272562,-0.8856523533662161
I2,10000,matched4888,test,2,kana,FZBuGTJW,7,0.5643168347222465,0.7883925437927246,0.6470147711890084
I2,10000,matched4888,test,2,kana,FZChuangHJW_DB,7,1.0695023792130607,0.7918765715190342,0.9043861159256527
I2,10000,matched4888,test,2,kana,FZCuanBZBKSJW,7,1.2339665336268288,0.7936654090881348,0.9444009150777545
I2,10000,matched4888,test,2,kana,FZDeSHJW_515H,7,1.3808859075818742,0.8748190402984619,0.9187423714569637
I2,10000,matched4888,test,2,kana,FZDouNTJW_Te,7,1.0042982016290938,0.7165688105991909,1.158907732793263
I2,10000,matched4888,test,2,kana,FZFeiHHJW-H,7,0.7357648525919233,0.6445015157972064,0.5397516318729946
I2,10000,matched4888,test,2,kana,FZFengYKSJ,7,0.5042485275438854,0.60104558297566,0.7319666360105787
I2,10000,matched4888,test,2,kana,FZHanWZKJW,7,1.2216482162475586,0.8090460300445557,1.2501805509839738
I2,10000,matched4888,test,2,kana,FZHuoYYJW-T,7,1.2098839793886458,0.7454089266913277,1.1756755028452193
I2,10000,matched4888,test,2,kana,FZJianLTJW_Te,7,0.9049386169229235,0.7796518376895359,1.2801651103155953
I2,10000,matched4888,test,2,kana,FZJingLTJW-H,7,1.4124436719076974,0.874488115310669,1.283643467085702
I2,10000,matched4888,test,2,kana,FZJingYLLTJW,7,0.5758769086429051,0.6941232851573399,1.1547715493610926
I2,10000,matched4888,test,2,kana,FZLingFKSJW-B,7,1.3331036823136466,0.8511523263795036,0.8803398992334094
I2,10000,matched4888,test,2,kana,FZLiuGQKJW-L,7,1.0293381469590324,0.7069182395935059,0.5915487004177911
I2,10000,matched4888,test,2,kana,FZMaWDBSJW,7,0.7821815652506692,0.7795555591583252,0.7025937948908124
I2,10000,matched4888,test,2,kana,FZTJLSJW,7,0.9935356548854283,0.7892300571714129,0.24508564759578025
I2,10000,matched4888,test,2,latin,FZBuGTJW,37,0.5388068215971863,0.6614173682960304,0.5896622304477401
I2,10000,matched4888,test,2,latin,FZChuangHJW_DB,37,1.4176548671078038,0.7999009055060309,1.0258119446603027
I2,10000,matched4888,test,2,latin,FZCuanBZBKSJW,37,1.1881312389631529,0.7208790601910772,0.49809346478935834
I2,10000,matched4888,test,2,latin,FZDeSHJW_515H,37,1.2628015553629077,0.8460830256745622,1.3110583891739716
I2,10000,matched4888,test,2,latin,FZDouNTJW_Te,37,0.7164367117189072,0.7292653056415351,1.2149469417494696
I2,10000,matched4888,test,2,latin,FZFeiHHJW-H,37,0.8077480144093971,0.6234151463250857,0.5304590223004689
I2,10000,matched4888,test,2,latin,FZFengYKSJ,37,0.6013765407071726,0.6502614842878806,0.7771445085873475
I2,10000,matched4888,test,2,latin,FZHanWZKJW,37,1.2222158941062722,0.7951171865334382,0.8814278631596952
I2,10000,matched4888,test,2,latin,FZHuoYYJW-T,37,1.153035642327489,0.7169607249466149,1.1724667371930302
I2,10000,matched4888,test,2,latin,FZJianLTJW_Te,37,0.8868794429141122,0.7584759512463132,0.8274863531460633
I2,10000,matched4888,test,2,latin,FZJingLTJW-H,37,0.8282712683383677,0.7258690289548926,1.1899174049093917
I2,10000,matched4888,test,2,latin,FZJingYLLTJW,37,0.2951764828852705,0.6355613590897741,0.41048666301208575
I2,10000,matched4888,test,2,latin,FZLingFKSJW-B,37,0.9712476476624206,0.6673348272168959,0.7603948359453195
I2,10000,matched4888,test,2,latin,FZLiuGQKJW-L,37,1.1555955619425387,0.7471173357319187,0.47927429942363825
I2,10000,matched4888,test,2,latin,FZMaWDBSJW,37,1.2536202459721952,0.8037121795319222,1.1728131465009741
I2,10000,matched4888,test,2,latin,FZTJLSJW,37,1.0184792006337964,0.6926055759996981,1.0976772485552608
I2,10000,matched4888,test,4,ALL,FZBuGTJW,47,0.26506736188968444,0.6211395751922688,0.5735618734851162
I2,10000,matched4888,test,4,ALL,FZChuangHJW_DB,47,1.2255198676535424,0.7782731373259362,1.0242944037977686
I2,10000,matched4888,test,4,ALL,FZCuanBZBKSJW,47,1.207908052713313,0.7551170308539208,0.5722659070916633
I2,10000,matched4888,test,4,ALL,FZDeSHJW_515H,47,1.299616500418237,0.85463529317937,0.9879101647975597
I2,10000,matched4888,test,4,ALL,FZDouNTJW_Te,47,0.754503135589209,0.730199950806638,0.9521670576105726
I2,10000,matched4888,test,4,ALL,FZFeiHHJW-H,47,0.7204391342845369,0.6167168585543937,0.5402036107125434
I2,10000,matched4888,test,4,ALL,FZFengYKSJ,47,0.6533529232157037,0.6798727112881681,0.6694826293498912
I2,10000,matched4888,test,4,ALL,FZHanWZKJW,47,1.2169231100285307,0.8051617944494207,0.9681272341849956
I2,10000,matched4888,test,4,ALL,FZHuoYYJW-T,47,1.1183814507849672,0.6953884274401563,1.180650809977917
I2,10000,matched4888,test,4,ALL,FZJianLTJW_Te,47,0.8537171674852676,0.7623051354225646,0.6539842999996023
I2,10000,matched4888,test,4,ALL,FZJingLTJW-H,47,1.1455004868355203,0.8257428762760568,1.187834806898807
I2,10000,matched4888,test,4,ALL,FZJingYLLTJW,47,0.08888293216203122,0.5710686660827474,0.5446122221331647
I2,10000,matched4888,test,4,ALL,FZLingFKSJW-B,47,1.2692284989864269,0.7702486147271826,0.7503788483507455
I2,10000,matched4888,test,4,ALL,FZLiuGQKJW-L,47,1.1318453334747476,0.7529032763014448,0.4812253009171245
I2,10000,matched4888,test,4,ALL,FZMaWDBSJW,47,1.183632843671961,0.8049449413380725,1.0726645582533898
I2,10000,matched4888,test,4,ALL,FZTJLSJW,47,1.0347502282325258,0.7126335717262106,0.8441000142471587
I2,10000,matched4888,test,4,bopomofo,FZBuGTJW,3,0.6106644868850708,0.7991880178451538,0.20360070963700613
I2,10000,matched4888,test,4,bopomofo,FZChuangHJW_DB,3,1.1580129067103069,0.7956359585126241,1.285364071528117
I2,10000,matched4888,test,4,bopomofo,FZCuanBZBKSJW,3,1.4855799674987793,0.8512796759605408,0.6187443435192108
I2,10000,matched4888,test,4,bopomofo,FZDeSHJW_515H,3,1.3413368463516235,0.8706740935643514,-2.836193084716797
I2,10000,matched4888,test,4,bopomofo,FZDouNTJW_Te,3,0.7835041383902231,0.6529390215873718,-2.771179755528768
I2,10000,matched4888,test,4,bopomofo,FZFeiHHJW-H,3,0.9879585603872935,0.6725720961888632,0.6614414850870768
I2,10000,matched4888,test,4,bopomofo,FZFengYKSJ,3,0.48545287052790326,0.6213125189145406,-0.804143230120341
I2,10000,matched4888,test,4,bopomofo,FZHanWZKJW,3,0.9956549604733785,0.772036095460256,1.3792950709660847
I2,10000,matched4888,test,4,bopomofo,FZHuoYYJW-T,3,1.1250123580296834,0.7042570114135742,1.2931967576344807
I2,10000,matched4888,test,4,bopomofo,FZJianLTJW_Te,3,0.8067785501480103,0.8059567213058472,-2.946962912877401
I2,10000,matched4888,test,4,bopomofo,FZJingLTJW-H,3,1.312822937965393,0.8435832063357035,0.9385958909988403
I2,10000,matched4888,test,4,bopomofo,FZJingYLLTJW,3,-0.07561040421326955,0.5074760913848877,0.7751223544279734
I2,10000,matched4888,test,4,bopomofo,FZLingFKSJW-B,3,1.520313024520874,0.8910815914471945,0.3236058826247851
I2,10000,matched4888,test,4,bopomofo,FZLiuGQKJW-L,3,0.7778098781903585,0.59707643588384,0.24786638716856638
I2,10000,matched4888,test,4,bopomofo,FZMaWDBSJW,3,1.1603613098462422,0.8262830177942911,0.7009970843791962
I2,10000,matched4888,test,4,bopomofo,FZTJLSJW,3,1.1429839134216309,0.7946310242017111,-0.8856523533662161
I2,10000,matched4888,test,4,kana,FZBuGTJW,7,0.5740566040788379,0.8087981002671378,0.6470147711890084
I2,10000,matched4888,test,4,kana,FZChuangHJW_DB,7,0.9875112686838422,0.8014027306011745,0.9043861159256527
I2,10000,matched4888,test,4,kana,FZCuanBZBKSJW,7,1.186229991061347,0.8224333013807025,0.9444009150777545
I2,10000,matched4888,test,4,kana,FZDeSHJW_515H,7,1.373916506767273,0.881746666772025,0.9187423714569637
I2,10000,matched4888,test,4,kana,FZDouNTJW_Te,7,0.9341774327414376,0.7134149670600891,1.158907732793263
I2,10000,matched4888,test,4,kana,FZFeiHHJW-H,7,0.6747974242482867,0.6434549689292908,0.5397516318729946
I2,10000,matched4888,test,4,kana,FZFengYKSJ,7,0.5573923715523311,0.6515747734478542,0.7319666360105787
I2,10000,matched4888,test,4,kana,FZHanWZKJW,7,1.2836094668933324,0.8284215927124023,1.2501805509839738
I2,10000,matched4888,test,4,kana,FZHuoYYJW-T,7,1.2071683066231864,0.7325064795357841,1.1756755028452193
I2,10000,matched4888,test,4,kana,FZJianLTJW_Te,7,0.9224111608096531,0.7851346220288958,1.2801651103155953
I2,10000,matched4888,test,4,kana,FZJingLTJW-H,7,1.4057838405881609,0.8664641210011074,1.283643467085702
I2,10000,matched4888,test,4,kana,FZJingYLLTJW,7,0.26939363139016287,0.5736639371940068,1.1547715493610926
I2,10000,matched4888,test,4,kana,FZLingFKSJW-B,7,1.2923349567822047,0.8603685072490147,0.8803398992334094
I2,10000,matched4888,test,4,kana,FZLiuGQKJW-L,7,1.1299317564283098,0.7554535014288766,0.5915487004177911
I2,10000,matched4888,test,4,kana,FZMaWDBSJW,7,0.9224588871002197,0.7877964973449707,0.7025937948908124
I2,10000,matched4888,test,4,kana,FZTJLSJW,7,1.0443604758807592,0.7978887728282383,0.24508564759578025
I2,10000,matched4888,test,4,latin,FZBuGTJW,37,0.1785885491785971,0.5712002507738165,0.5896622304477401
I2,10000,matched4888,test,4,latin,FZChuangHJW_DB,37,1.2760220588864506,0.772489472015484,1.0258119446603027
I2,10000,matched4888,test,4,latin,FZCuanBZBKSJW,37,1.1894953685837824,0.7345845489888578,0.49809346478935834
I2,10000,matched4888,test,4,latin,FZDeSHJW_515H,37,1.2821770117089555,0.8482056711171124,1.3110583891739716
I2,10000,matched4888,test,4,latin,FZDouNTJW_Te,37,0.7181592683332998,0.7396398879386283,1.2149469417494696
I2,10000,matched4888,test,4,latin,FZFeiHHJW-H,37,0.7073832881209012,0.6071294940806724,0.5304590223004689
I2,10000,matched4888,test,4,latin,FZFengYKSJ,37,0.6851211399645418,0.689974498909873,0.7771445085873475
I2,10000,matched4888,test,4,latin,FZHanWZKJW,37,1.22224743301804,0.803447159560951,0.8814278631596952
I2,10000,matched4888,test,4,latin,FZHuoYYJW-T,37,1.1010462963903271,0.6876470188836794,1.1724667371930302
I2,10000,matched4888,test,4,latin,FZJianLTJW_Te,37,0.8445268404242154,0.7544467255875871,0.8274863531460633
I2,10000,matched4888,test,4,latin,FZJingLTJW-H,37,1.0826910049528689,0.8165923437556705,1.1899174049093917
I2,10000,matched4888,test,4,latin,FZJingYLLTJW,37,0.06806955687903068,0.575733823550714,0.41048666301208575
I2,10000,matched4888,test,4,latin,FZLingFKSJW-B,37,1.2444988021979462,0.7434016369484566,0.7603948359453195
I2,10000,matched4888,test,4,latin,FZLiuGQKJW-L,37,1.1609129390201054,0.7650554099598447,0.47927429942363825
I2,10000,matched4888,test,4,latin,FZMaWDBSJW,37,1.2349310138741054,0.8064591272457226,1.1728131465009741
I2,10000,matched4888,test,4,latin,FZTJLSJW,37,1.024156369067527,0.6898557672629485,1.0976772485552608
I2,10000,matched4888,test,8,ALL,FZBuGTJW,47,0.25319253427392624,0.6063889385537898,0.5735618734851162
I2,10000,matched4888,test,8,ALL,FZChuangHJW_DB,47,1.2174311045636521,0.771763672219946,1.0242944037977686
I2,10000,matched4888,test,8,ALL,FZCuanBZBKSJW,47,1.2317045578297148,0.7530405217028678,0.5722659070916633
I2,10000,matched4888,test,8,ALL,FZDeSHJW_515H,47,1.3129535710557978,0.8530744200057172,0.9879101647975597
I2,10000,matched4888,test,8,ALL,FZDouNTJW_Te,47,0.9866095219758597,0.7691436295813703,0.9521670576105726
I2,10000,matched4888,test,8,ALL,FZFeiHHJW-H,47,0.902993071863943,0.6557405280305985,0.5402036107125434
I2,10000,matched4888,test,8,ALL,FZFengYKSJ,47,0.6724923620832727,0.6959923746738028,0.6694826293498912
I2,10000,matched4888,test,8,ALL,FZHanWZKJW,47,1.192774827175952,0.8019182808855747,0.9681272341849956
I2,10000,matched4888,test,8,ALL,FZHuoYYJW-T,47,1.1220445937298713,0.7099689942725161,1.180650809977917
I2,10000,matched4888,test,8,ALL,FZJianLTJW_Te,47,0.931800163965276,0.7687879179386382,0.6539842999996023
I2,10000,matched4888,test,8,ALL,FZJingLTJW-H,47,1.1896505799699337,0.8380623497861497,1.187834806898807
I2,10000,matched4888,test,8,ALL,FZJingYLLTJW,47,0.6854067557352654,0.6887147807060404,0.5446122221331647
I2,10000,matched4888,test,8,ALL,FZLingFKSJW-B,47,1.3107518528370148,0.8107854838066912,0.7503788483507455
I2,10000,matched4888,test,8,ALL,FZLiuGQKJW-L,47,1.1354367790069986,0.7312550975921306,0.4812253009171245
I2,10000,matched4888,test,8,ALL,FZMaWDBSJW,47,1.063355506100553,0.7662823339726063,1.0726645582533898
I2,10000,matched4888,test,8,ALL,FZTJLSJW,47,1.0220655786230208,0.7067642085095669,0.8441000142471587
I2,10000,matched4888,test,8,bopomofo,FZBuGTJW,3,0.7409078677495321,0.8020370006561279,0.20360070963700613
I2,10000,matched4888,test,8,bopomofo,FZChuangHJW_DB,3,0.9889365434646606,0.7453098297119141,1.285364071528117
I2,10000,matched4888,test,8,bopomofo,FZCuanBZBKSJW,3,1.513709584871928,0.8421731193860372,0.6187443435192108
I2,10000,matched4888,test,8,bopomofo,FZDeSHJW_515H,3,1.3188340266545613,0.8599121769269308,-2.836193084716797
I2,10000,matched4888,test,8,bopomofo,FZDouNTJW_Te,3,0.9594332824150721,0.6811724702517191,-2.771179755528768
I2,10000,matched4888,test,8,bopomofo,FZFeiHHJW-H,3,1.1924879153569539,0.7189083894093832,0.6614414850870768
I2,10000,matched4888,test,8,bopomofo,FZFengYKSJ,3,0.5207171738147736,0.6548985242843628,-0.804143230120341
I2,10000,matched4888,test,8,bopomofo,FZHanWZKJW,3,1.0569386680920918,0.7823505997657776,1.3792950709660847
I2,10000,matched4888,test,8,bopomofo,FZHuoYYJW-T,3,1.1139687299728394,0.7177295088768005,1.2931967576344807
I2,10000,matched4888,test,8,bopomofo,FZJianLTJW_Te,3,1.0157422224680583,0.8116510709126791,-2.946962912877401
I2,10000,matched4888,test,8,bopomofo,FZJingLTJW-H,3,1.3121466239293416,0.8309292395909628,0.9385958909988403
I2,10000,matched4888,test,8,bopomofo,FZJingYLLTJW,3,0.762916644414266,0.6986493666966757,0.7751223544279734
I2,10000,matched4888,test,8,bopomofo,FZLingFKSJW-B,3,1.5030343135197957,0.9065448641777039,0.3236058826247851
I2,10000,matched4888,test,8,bopomofo,FZLiuGQKJW-L,3,0.8290703892707825,0.6052577694257101,0.24786638716856638
I2,10000,matched4888,test,8,bopomofo,FZMaWDBSJW,3,0.8673609892527262,0.7539313832918803,0.7009970843791962
I2,10000,matched4888,test,8,bopomofo,FZTJLSJW,3,1.1567951838175456,0.8045834302902222,-0.8856523533662161
I2,10000,matched4888,test,8,kana,FZBuGTJW,7,0.49311735161713194,0.7762631561074939,0.6470147711890084
I2,10000,matched4888,test,8,kana,FZChuangHJW_DB,7,0.9082899391651154,0.784028845173972,0.9043861159256527
I2,10000,matched4888,test,8,kana,FZCuanBZBKSJW,7,1.2505979495389121,0.8174336808068412,0.9444009150777545
I2,10000,matched4888,test,8,kana,FZDeSHJW_515H,7,1.387352568762643,0.8824756571224758,0.9187423714569637
I2,10000,matched4888,test,8,kana,FZDouNTJW_Te,7,1.0775902824742454,0.762151973588126,1.158907732793263
I2,10000,matched4888,test,8,kana,FZFeiHHJW-H,7,1.166979832308633,0.7424910238810948,0.5397516318729946
I2,10000,matched4888,test,8,kana,FZFengYKSJ,7,0.6049796896321433,0.6803548080580575,0.7319666360105787
I2,10000,matched4888,test,8,kana,FZHanWZKJW,7,1.2259972436087472,0.8225648914064679,1.2501805509839738
I2,10000,matched4888,test,8,kana,FZHuoYYJW-T,7,1.237937024661473,0.7523742999349322,1.1756755028452193
I2,10000,matched4888,test,8,kana,FZJianLTJW_Te,7,0.9707323142460415,0.7826440419469561,1.2801651103155953
I2,10000,matched4888,test,8,kana,FZJingLTJW-H,7,1.4282618420464652,0.8751608559063503,1.283643467085702
I2,10000,matched4888,test,8,kana,FZJingYLLTJW,7,0.9412523422922406,0.7625858102525983,1.1547715493610926
I2,10000,matched4888,test,8,kana,FZLingFKSJW-B,7,1.1605452384267534,0.855165924344744,0.8803398992334094
I2,10000,matched4888,test,8,kana,FZLiuGQKJW-L,7,1.1433878540992737,0.7293939164706639,0.5915487004177911
I2,10000,matched4888,test,8,kana,FZMaWDBSJW,7,0.6878550904137748,0.7420369046075004,0.7025937948908124
I2,10000,matched4888,test,8,kana,FZTJLSJW,7,1.03513046673366,0.7899727310453143,0.24508564759578025
I2,10000,matched4888,test,8,latin,FZBuGTJW,37,0.16825686611637874,0.5583872166839806,0.5896622304477401
I2,10000,matched4888,test,8,latin,FZChuangHJW_DB,37,1.2944438570254557,0.7715881402428085,1.0258119446603027
I2,10000,matched4888,test,8,latin,FZCuanBZBKSJW,37,1.205264859908336,0.7336310647629403,0.49809346478935834
I2,10000,matched4888,test,8,latin,FZDeSHJW_515H,37,1.2984012913059544,0.8469576110710969,1.3110583891739716
I2,10000,matched4888,test,8,latin,FZDouNTJW_Te,37,0.9716004245486614,0.777599172012226,1.2149469417494696
I2,10000,matched4888,test,8,latin,FZFeiHHJW-H,37,0.8295770758209197,0.6342065535687111,0.5304590223004689
I2,10000,matched4888,test,8,latin,FZFengYKSJ,37,0.6975711261903917,0.7022827670380876,0.7771445085873475
I2,10000,matched4888,test,8,latin,FZHanWZKJW,37,1.197503247776547,0.7995987341210649,0.8814278631596952
I2,10000,matched4888,test,8,latin,FZHuoYYJW-T,37,1.1007737984528412,0.701317137963063,1.1724667371930302
I2,10000,matched4888,test,8,latin,FZJianLTJW_Te,37,0.9176285091686893,0.7626910982905207,0.8274863531460633
I2,10000,matched4888,test,8,latin,FZJingLTJW-H,37,1.1345757970938812,0.831622073779235,1.1899174049093917
I2,10000,matched4888,test,8,latin,FZJingYLLTJW,37,0.6307189510883512,0.6739336735493427,0.41048666301208575
I2,10000,matched4888,test,8,latin,FZLingFKSJW-B,37,1.3235788506430548,0.7946249101613019,0.7603948359453195
I2,10000,matched4888,test,8,latin,FZLiuGQKJW-L,37,1.158773039643829,0.7418232125204962,0.47927429942363825
I2,10000,matched4888,test,8,latin,FZMaWDBSJW,37,1.1502875725965243,0.7718707355293067,1.1728131465009741
I2,10000,matched4888,test,8,latin,FZTJLSJW,37,1.0086698209917224,0.6830907673449129,1.0976772485552608
I2,10000,matched4888,test,ALL,ALL,FZBuGTJW,188,0.39093729025347435,0.6407468888036748,0.5735618734851162
I2,10000,matched4888,test,ALL,ALL,FZChuangHJW_DB,188,1.2690383053206382,0.7850523927110307,1.0242944037977686
I2,10000,matched4888,test,ALL,ALL,FZCuanBZBKSJW,188,1.21624913034921,0.7456144381393778,0.5722659070916633
I2,10000,matched4888,test,ALL,ALL,FZDeSHJW_515H,188,1.2852132726222911,0.8456143533929865,0.9879101647975597
I2,10000,matched4888,test,ALL,ALL,FZDouNTJW_Te,188,0.8060955340141788,0.7362419276478442,0.9521670576105726
I2,10000,matched4888,test,ALL,ALL,FZFeiHHJW-H,188,0.731345403671978,0.6199568305560883,0.5402036107125434
I2,10000,matched4888,test,ALL,ALL,FZFengYKSJ,188,0.6317724344479119,0.6713067830560056,0.6694826293498912
I2,10000,matched4888,test,ALL,ALL,FZHanWZKJW,188,1.1971576404856874,0.7974970055387375,0.9681272341849956
I2,10000,matched4888,test,ALL,ALL,FZHuoYYJW-T,188,1.1430009470341054,0.7165292203426361,1.180650809977917
I2,10000,matched4888,test,ALL,ALL,FZJianLTJW_Te,188,0.8734323913429646,0.7607850055111215,0.6539842999996023
I2,10000,matched4888,test,ALL,ALL,FZJingLTJW-H,188,1.012798144392907,0.7790055281304299,1.187834806898807
I2,10000,matched4888,test,ALL,ALL,FZJingYLLTJW,188,0.22628941744605593,0.6022452063699986,0.5446122221331647
I2,10000,matched4888,test,ALL,ALL,FZLingFKSJW-B,188,1.2183558535861208,0.762415921434443,0.7503788483507455
I2,10000,matched4888,test,ALL,ALL,FZLiuGQKJW-L,188,1.124401107906027,0.7309966334637176,0.4812253009171245
I2,10000,matched4888,test,ALL,ALL,FZMaWDBSJW,188,1.0914053465140627,0.7832478722359272,1.0726645582533898
I2,10000,matched4888,test,ALL,ALL,FZTJLSJW,188,1.017294075577817,0.7096219214987247,0.8441000142471587
I2,10000,matched4888,test,ALL,bopomofo,FZBuGTJW,12,0.707378209879001,0.797242005666097,0.20360070963700613
I2,10000,matched4888,test,ALL,bopomofo,FZChuangHJW_DB,12,1.1869554966688156,0.794122596581777,1.285364071528117
I2,10000,matched4888,test,ALL,bopomofo,FZCuanBZBKSJW,12,1.484141041835149,0.8413550357023875,0.6187443435192108
I2,10000,matched4888,test,ALL,bopomofo,FZDeSHJW_515H,12,1.2918588519096375,0.8488239844640096,-2.836193084716797
I2,10000,matched4888,test,ALL,bopomofo,FZDouNTJW_Te,12,0.7634486841658751,0.6446454226970673,-2.771179755528768
I2,10000,matched4888,test,ALL,bopomofo,FZFeiHHJW-H,12,1.0278792803486188,0.6805302600065867,0.6614414850870768
I2,10000,matched4888,test,ALL,bopomofo,FZFengYKSJ,12,0.47772854194045067,0.6169882963101069,-0.804143230120341
I2,10000,matched4888,test,ALL,bopomofo,FZHanWZKJW,12,1.0960655758778255,0.7936766544977824,1.3792950709660847
I2,10000,matched4888,test,ALL,bopomofo,FZHuoYYJW-T,12,1.15542267759641,0.7250577310721079,1.2931967576344807
I2,10000,matched4888,test,ALL,bopomofo,FZJianLTJW_Te,12,0.9535234123468399,0.809411476055781,-2.946962912877401
I2,10000,matched4888,test,ALL,bopomofo,FZJingLTJW-H,12,1.2319781333208084,0.8154078722000122,0.9385958909988403
I2,10000,matched4888,test,ALL,bopomofo,FZJingYLLTJW,12,0.20227840170264244,0.578664148847262,0.7751223544279734
I2,10000,matched4888,test,ALL,bopomofo,FZLingFKSJW-B,12,1.4979864954948425,0.8836390425761541,0.3236058826247851
I2,10000,matched4888,test,ALL,bopomofo,FZLiuGQKJW-L,12,0.8045447121063868,0.5981142272551855,0.24786638716856638
I2,10000,matched4888,test,ALL,bopomofo,FZMaWDBSJW,12,1.0844717522462208,0.8061099896828333,0.7009970843791962
I2,10000,matched4888,test,ALL,bopomofo,FZTJLSJW,12,1.0987711648146312,0.789202094078064,-0.8856523533662161
I2,10000,matched4888,test,ALL,kana,FZBuGTJW,28,0.5037712380290031,0.7683555004852158,0.6470147711890084
I2,10000,matched4888,test,ALL,kana,FZChuangHJW_DB,28,1.0056324462805475,0.8016824573278427,0.9043861159256527
I2,10000,matched4888,test,ALL,kana,FZCuanBZBKSJW,28,1.2262767202087812,0.8083450411047254,0.9444009150777545
I2,10000,matched4888,test,ALL,kana,FZDeSHJW_515H,28,1.3583949484995432,0.8655154619898114,0.9187423714569637
I2,10000,matched4888,test,ALL,kana,FZDouNTJW_Te,28,0.9280202410050801,0.709612005523273,1.158907732793263
I2,10000,matched4888,test,ALL,kana,FZFeiHHJW-H,28,0.708353833428451,0.6469347540821347,0.5397516318729946
I2,10000,matched4888,test,ALL,kana,FZFengYKSJ,28,0.5568670657064233,0.6416814838136945,0.7319666360105787
I2,10000,matched4888,test,ALL,kana,FZHanWZKJW,28,1.2121155011866773,0.8113316701991218,1.2501805509839738
I2,10000,matched4888,test,ALL,kana,FZHuoYYJW-T,28,1.2218527240412576,0.7502010464668274,1.1756755028452193
I2,10000,matched4888,test,ALL,kana,FZJianLTJW_Te,28,0.9241791431392942,0.7766603763614383,1.2801651103155953
I2,10000,matched4888,test,ALL,kana,FZJingLTJW-H,28,1.4181594891207558,0.8700292046580996,1.283643467085702
I2,10000,matched4888,test,ALL,kana,FZJingYLLTJW,28,0.34136168412598117,0.6113973132201603,1.1547715493610926
I2,10000,matched4888,test,ALL,kana,FZLingFKSJW-B,28,1.255948109286172,0.8533407364572797,0.8803398992334094
I2,10000,matched4888,test,ALL,kana,FZLiuGQKJW-L,28,1.0775949997561318,0.7185628030981336,0.5915487004177911
I2,10000,matched4888,test,ALL,kana,FZMaWDBSJW,28,0.8567950502038002,0.77351556292602,0.7025937948908124
I2,10000,matched4888,test,ALL,kana,FZTJLSJW,28,1.0260962077549525,0.7959314222846713,0.24508564759578025
I2,10000,matched4888,test,ALL,latin,FZBuGTJW,148,0.3439329552992776,0.6039159257669706,0.5896622304477401
I2,10000,matched4888,test,ALL,latin,FZChuangHJW_DB,148,1.3255272090837762,0.7811707423345463,1.0258119446603027
I2,10000,matched4888,test,ALL,latin,FZCuanBZBKSJW,148,1.1926310529579986,0.7259837350732571,0.49809346478935834
I2,10000,matched4888,test,ALL,latin,FZDeSHJW_515H,148,1.2708292599465396,0.8415890384364773,1.3110583891739716
I2,10000,matched4888,test,ALL,latin,FZDouNTJW_Te,148,0.7864865502468437,0.7487067646674208,1.2149469417494696
I2,10000,matched4888,test,ALL,latin,FZFeiHHJW-H,148,0.7116518729064312,0.6099415399335526,0.5304590223004689
I2,10000,matched4888,test,ALL,latin,FZFengYKSJ,148,0.6584337657644741,0.6813157710271913,0.7771445085873475
I2,10000,matched4888,test,ALL,latin,FZHanWZKJW,148,1.2025244288347863,0.795189394741445,0.8814278631596952
I2,10000,matched4888,test,ALL,latin,FZHuoYYJW-T,148,1.1270758759331059,0.7094673739897238,1.1724667371930302
I2,10000,matched4888,test,ALL,latin,FZJianLTJW_Te,148,0.8573377879487502,0.7538388701709541,0.8274863531460633
I2,10000,matched4888,test,ALL,latin,FZJingLTJW-H,148,0.9183368098015923,0.7588332911600938,1.1899174049093917
I2,10000,matched4888,test,ALL,latin,FZJingYLLTJW,148,0.20646582772904956,0.6024257043326223,0.41048666301208575
I2,10000,matched4888,test,ALL,latin,FZLingFKSJW-B,148,1.1885710504610796,0.7353850276889028,0.7603948359453195
I2,10000,matched4888,test,ALL,latin,FZLiuGQKJW-L,148,1.15919061991814,0.7441232289011414,0.47927429942363825
I2,10000,matched4888,test,ALL,latin,FZMaWDBSJW,148,1.1363532615674508,0.7832354347448092,1.1728131465009741
I2,10000,matched4888,test,ALL,latin,FZTJLSJW,148,1.0090225568494282,0.686840650600356,1.0976772485552608
I2,10000,matched4888,train,1,ALL,FZDuHJW_Cu,47,0.6546714345508433,0.7113519634338136,0.8482421465376591
I2,10000,matched4888,train,1,ALL,FZFeiSJW-EL,47,1.1836132369142898,0.826576515715173,1.2483324142212564
I2,10000,matched4888,train,1,ALL,FZPTYJW,47,1.3528828608228805,0.8926623615812748,0.403079683476306
I2,10000,matched4888,train,1,ALL,FZShuLTJW-H,47,0.8163165449303516,0.6408656379009815,1.148759146954151
I2,10000,matched4888,train,1,ALL,FZYiMSJW-T,47,1.2454730373747804,0.8322827752600325,1.2475223338350336
I2,10000,matched4888,train,1,bopomofo,FZDuHJW_Cu,3,0.5924648841222128,0.7313005526860555,-2.6805082162221274
I2,10000,matched4888,train,1,bopomofo,FZFeiSJW-EL,3,1.155706524848938,0.9128542343775431,1.1174527208010356
I2,10000,matched4888,train,1,bopomofo,FZPTYJW,3,1.4835607210795085,0.9476829965909322,-2.2713398138682046
I2,10000,matched4888,train,1,bopomofo,FZShuLTJW-H,3,1.0996657212575276,0.7125014464060465,1.2025230129559834
I2,10000,matched4888,train,1,bopomofo,FZYiMSJW-T,3,1.2720036904017131,0.8972765803337097,1.2083792686462402
I2,10000,matched4888,train,1,kana,FZDuHJW_Cu,7,0.76007627589362,0.7755542056901115,1.0194836684635706
I2,10000,matched4888,train,1,kana,FZFeiSJW-EL,7,1.3069452558244978,0.904441271509443,1.2647960441453117
I2,10000,matched4888,train,1,kana,FZPTYJW,7,1.4771984474999564,0.9240494796207973,-2.7721708842686246
I2,10000,matched4888,train,1,kana,FZShuLTJW-H,7,1.1818431275231498,0.792143532208034,1.2694600820541382
I2,10000,matched4888,train,1,kana,FZYiMSJW-T,7,1.270229492868696,0.8799535121236529,1.3296397924423218
I2,10000,matched4888,train,1,latin,FZDuHJW_Cu,37,0.6397737524396664,0.6975881400946025,1.1019599961267936
I2,10000,matched4888,train,1,latin,FZFeiSJW-EL,37,1.162542858639279,0.8048498549976865,1.2558295404588855
I2,10000,matched4888,train,1,latin,FZPTYJW,37,1.3187681935928963,0.8822631256000416,1.2206475879694965
I2,10000,matched4888,train,1,latin,FZShuLTJW-H,37,0.7241886096024835,0.6064371869370744,1.1215646025296804
I2,10000,matched4888,train,1,latin,FZYiMSJW-T,37,1.2386382496034778,0.8179942192258062,1.2351603604651786
I2,10000,matched4888,train,2,ALL,FZDuHJW_Cu,47,1.0743523030839068,0.7974390501671649,0.8482421465376591
I2,10000,matched4888,train,2,ALL,FZFeiSJW-EL,47,1.2258184082964634,0.8330187049317868,1.2483324142212564
I2,10000,matched4888,train,2,ALL,FZPTYJW,47,1.3640047489328588,0.8907598979929661,0.403079683476306
I2,10000,matched4888,train,2,ALL,FZShuLTJW-H,47,1.1348681446719677,0.7390671613368582,1.148759146954151
I2,10000,matched4888,train,2,ALL,FZYiMSJW-T,47,1.2565077327667398,0.8312366516032117,1.2475223338350336
I2,10000,matched4888,train,2,bopomofo,FZDuHJW_Cu,3,1.0074412822723389,0.8100101947784424,-2.6805082162221274
I2,10000,matched4888,train,2,bopomofo,FZFeiSJW-EL,3,1.1344156662623088,0.9268990159034729,1.1174527208010356
I2,10000,matched4888,train,2,bopomofo,FZPTYJW,3,1.511879324913025,0.932536244392395,-2.2713398138682046
I2,10000,matched4888,train,2,bopomofo,FZShuLTJW-H,3,1.4179305632909138,0.80087278286616,1.2025230129559834
I2,10000,matched4888,train,2,bopomofo,FZYiMSJW-T,3,1.1988398631413777,0.8923008441925049,1.2083792686462402
I2,10000,matched4888,train,2,kana,FZDuHJW_Cu,7,1.0044508874416351,0.8317939383643014,1.0194836684635706
I2,10000,matched4888,train,2,kana,FZFeiSJW-EL,7,1.27784298147474,0.8921136004584176,1.2647960441453117
I2,10000,matched4888,train,2,kana,FZPTYJW,7,1.4674562556403024,0.9182259270123073,-2.7721708842686246
I2,10000,matched4888,train,2,kana,FZShuLTJW-H,7,1.3496124063219344,0.8449177656854902,1.2694600820541382
I2,10000,matched4888,train,2,kana,FZYiMSJW-T,7,1.3454294885907854,0.8898404836654663,1.3296397924423218
I2,10000,matched4888,train,2,latin,FZDuHJW_Cu,37,1.0930021131360852,0.7899201947289545,1.1019599961267936
I2,10000,matched4888,train,2,latin,FZFeiSJW-EL,37,1.2233869546168559,0.8142266724560712,1.2558295404588855
I2,10000,matched4888,train,2,latin,FZPTYJW,37,1.3324430117735993,0.8821763509028667,1.2206475879694965
I2,10000,matched4888,train,2,latin,FZShuLTJW-H,37,1.0712898450123298,0.7140301047144709,1.1215646025296804
I2,10000,matched4888,train,2,latin,FZYiMSJW-T,37,1.2443604710939768,0.8151982893814912,1.2351603604651786
I2,10000,matched4888,train,4,ALL,FZDuHJW_Cu,47,1.188203514890468,0.7973103586663591,0.8482421465376591
I2,10000,matched4888,train,4,ALL,FZFeiSJW-EL,47,1.2188229890579874,0.8341436348062881,1.2483324142212564
I2,10000,matched4888,train,4,ALL,FZPTYJW,47,1.3603958563601717,0.8896590090812521,0.403079683476306
I2,10000,matched4888,train,4,ALL,FZShuLTJW-H,47,1.1435865201848618,0.7713760429240287,1.148759146954151
I2,10000,matched4888,train,4,ALL,FZYiMSJW-T,47,1.2621864651111847,0.8353499465800346,1.2475223338350336
I2,10000,matched4888,train,4,bopomofo,FZDuHJW_Cu,3,1.2700385649998982,0.8243579268455505,-2.6805082162221274
I2,10000,matched4888,train,4,bopomofo,FZFeiSJW-EL,3,1.1071221232414246,0.9248106280962626,1.1174527208010356
I2,10000,matched4888,train,4,bopomofo,FZPTYJW,3,1.512143572171529,0.9298912882804871,-2.2713398138682046
I2,10000,matched4888,train,4,bopomofo,FZShuLTJW-H,3,1.4032855033874512,0.8462545077006022,1.2025230129559834
I2,10000,matched4888,train,4,bopomofo,FZYiMSJW-T,3,1.1815536220868428,0.9150739113489786,1.2083792686462402
I2,10000,matched4888,train,4,kana,FZDuHJW_Cu,7,1.1142079106398992,0.8294420157160077,1.0194836684635706
I2,10000,matched4888,train,4,kana,FZFeiSJW-EL,7,1.2706207718167986,0.8808973772185189,1.2647960441453117
I2,10000,matched4888,train,4,kana,FZPTYJW,7,1.47446984904153,0.9157466888427734,-2.7721708842686246
I2,10000,matched4888,train,4,kana,FZShuLTJW-H,7,1.325466343334743,0.8587490916252136,1.2694600820541382
I2,10000,matched4888,train,4,kana,FZYiMSJW-T,7,1.3676402057920183,0.9036995598248073,1.3296397924423218
I2,10000,matched4888,train,4,latin,FZDuHJW_Cu,37,1.195567408929,0.7890383504532479,1.1019599961267936
I2,10000,matched4888,train,4,latin,FZFeiSJW-EL,37,1.2180802354941498,0.8179469543534357,1.2558295404588855
I2,10000,matched4888,train,4,latin,FZPTYJW,37,1.3265104213276424,0.8814614254075128,1.2206475879694965
I2,10000,matched4888,train,4,latin,FZShuLTJW-H,37,1.0881201495995392,0.7487747798094878,1.1215646025296804
I2,10000,matched4888,train,4,latin,FZYiMSJW-T,37,1.2487735554978654,0.8159548334173254,1.2351603604651786
I2,10000,matched4888,train,8,ALL,FZDuHJW_Cu,47,1.2357040352009712,0.801128956865757,0.8482421465376591
I2,10000,matched4888,train,8,ALL,FZFeiSJW-EL,47,1.230109878042911,0.8261309811409484,1.2483324142212564
I2,10000,matched4888,train,8,ALL,FZPTYJW,47,1.3623391846393018,0.8888029063001592,0.403079683476306
I2,10000,matched4888,train,8,ALL,FZShuLTJW-H,47,1.1649553452400452,0.7725725731951125,1.148759146954151
I2,10000,matched4888,train,8,ALL,FZYiMSJW-T,47,1.2677886308507715,0.8343595012705377,1.2475223338350336
I2,10000,matched4888,train,8,bopomofo,FZDuHJW_Cu,3,1.334696849187215,0.8278877933820089,-2.6805082162221274
I2,10000,matched4888,train,8,bopomofo,FZFeiSJW-EL,3,1.1184119780858357,0.9007794857025146,1.1174527208010356
I2,10000,matched4888,train,8,bopomofo,FZPTYJW,3,1.5219310124715169,0.9343585968017578,-2.2713398138682046
I2,10000,matched4888,train,8,bopomofo,FZShuLTJW-H,3,1.386577844619751,0.8193626403808594,1.2025230129559834
I2,10000,matched4888,train,8,bopomofo,FZYiMSJW-T,3,1.2021976312001545,0.8975618282953898,1.2083792686462402
I2,10000,matched4888,train,8,kana,FZDuHJW_Cu,7,1.1218486172812325,0.8342028600828988,1.0194836684635706
I2,10000,matched4888,train,8,kana,FZFeiSJW-EL,7,1.2602276461465018,0.8667458466121128,1.2647960441453117
I2,10000,matched4888,train,8,kana,FZPTYJW,7,1.4721969025475639,0.920463570526668,-2.7721708842686246
I2,10000,matched4888,train,8,kana,FZShuLTJW-H,7,1.2789516619273595,0.8461694887706211,1.2694600820541382
I2,10000,matched4888,train,8,kana,FZYiMSJW-T,7,1.3654925312314714,0.9058908564703805,1.3296397924423218
I2,10000,matched4888,train,8,latin,FZDuHJW_Cu,37,1.2492178050247398,0.7927020965395747,1.1019599961267936
I2,10000,matched4888,train,8,latin,FZFeiSJW-EL,37,1.2334685083982107,0.812394506222493,1.2558295404588855
I2,10000,matched4888,train,8,latin,FZPTYJW,37,1.328615414129721,0.8791193462706901,1.2206475879694965
I2,10000,matched4888,train,8,latin,FZShuLTJW-H,37,1.1254190826738202,0.7548550431792801,1.1215646025296804
I2,10000,matched4888,train,8,latin,FZYiMSJW-T,37,1.2546222983179867,0.8157020291766605,1.2351603604651786
I2,10000,matched4888,train,ALL,ALL,FZDuHJW_Cu,188,1.0382328219315473,0.7768075822832736,0.8482421465376591
I2,10000,matched4888,train,ALL,ALL,FZFeiSJW-EL,188,1.214591128077913,0.829967459148549,1.2483324142212564
I2,10000,matched4888,train,ALL,ALL,FZPTYJW,188,1.359905662688803,0.8904710437389131,0.403079683476306
I2,10000,matched4888,train,ALL,ALL,FZShuLTJW-H,188,1.0649316387568066,0.7309703538392452,1.148759146954151
I2,10000,matched4888,train,ALL,ALL,FZYiMSJW-T,188,1.2579889665258692,0.8333072186784541,1.2475223338350336
I2,10000,matched4888,train,ALL,bopomofo,FZDuHJW_Cu,12,1.0511603951454163,0.7983891169230143,-2.6805082162221274
I2,10000,matched4888,train,ALL,bopomofo,FZFeiSJW-EL,12,1.1289140731096268,0.9163358410199484,1.1174527208010356
I2,10000,matched4888,train,ALL,bopomofo,FZPTYJW,12,1.5073786576588948,0.9361172815163931,-2.2713398138682046
I2,10000,matched4888,train,ALL,bopomofo,FZShuLTJW-H,12,1.326864908138911,0.794747844338417,1.2025230129559834
I2,10000,matched4888,train,ALL,bopomofo,FZYiMSJW-T,12,1.2136487017075221,0.9005532910426458,1.2083792686462402
I2,10000,matched4888,train,ALL,kana,FZDuHJW_Cu,28,1.0001459228140968,0.8177482549633298,1.0194836684635706
I2,10000,matched4888,train,ALL,kana,FZFeiSJW-EL,28,1.2789091638156347,0.8860495239496231,1.2647960441453117
I2,10000,matched4888,train,ALL,kana,FZPTYJW,28,1.472830363682338,0.9196214165006366,-2.7721708842686246
I2,10000,matched4888,train,ALL,kana,FZShuLTJW-H,28,1.2839683847767966,0.8354949695723397,1.2694600820541382
I2,10000,matched4888,train,ALL,kana,FZYiMSJW-T,28,1.3371979296207428,0.8948461030210767,1.3296397924423218
I2,10000,matched4888,train,ALL,latin,FZDuHJW_Cu,148,1.0443902698823728,0.7673121954540949,1.1019599961267936
I2,10000,matched4888,train,ALL,latin,FZFeiSJW-EL,148,1.2093696392871238,0.8123544970074216,1.2558295404588855
I2,10000,matched4888,train,ALL,latin,FZPTYJW,148,1.3265842602059648,0.8812550620452778,1.2206475879694965
I2,10000,matched4888,train,ALL,latin,FZShuLTJW-H,148,1.0022544217220433,0.7060242786600783,1.1215646025296804
I2,10000,matched4888,train,ALL,latin,FZYiMSJW-T,148,1.2465986436283267,0.8162123428003208,1.2351603604651786
I2,10000,matched4888,val,1,ALL,FZBangSKKXJW,47,1.023276077306017,0.6431667417921918,0.8166467382552776
I2,10000,matched4888,val,1,ALL,FZJunYTJW-H,47,1.0272128881609186,0.7987377871858313,0.8919322550534567
I2,10000,matched4888,val,1,ALL,FZKANGJW,47,0.9267855616326027,0.7386506681746625,0.3212025874155633
I2,10000,matched4888,val,1,ALL,FZLTHProGBK_H,47,0.9893460606640958,0.7681496739387512,0.9705552541987693
I2,10000,matched4888,val,1,ALL,FZYouHK_511M,47,1.18400503421559,0.7771908070178742,1.283531095119233
I2,10000,matched4888,val,1,bopomofo,FZBangSKKXJW,3,1.1665183305740356,0.700944165388743,0.8998004992802938
I2,10000,matched4888,val,1,bopomofo,FZJunYTJW-H,3,1.057230293750763,0.801318089167277,1.1863958438237507
I2,10000,matched4888,val,1,bopomofo,FZKANGJW,3,0.831842323144277,0.7326592803001404,-0.45953964193662006
I2,10000,matched4888,val,1,bopomofo,FZLTHProGBK_H,3,0.9082794984181722,0.7781614462534586,1.1118056774139404
I2,10000,matched4888,val,1,bopomofo,FZYouHK_511M,3,1.13265065352122,0.7938547134399414,1.5833906730016072
I2,10000,matched4888,val,1,kana,FZBangSKKXJW,7,1.1244171261787415,0.6789766294615609,0.788582307951791
I2,10000,matched4888,val,1,kana,FZJunYTJW-H,7,1.0671779002462114,0.8055408426693508,0.7980834926877703
I2,10000,matched4888,val,1,kana,FZKANGJW,7,0.9521943245615277,0.7808710336685181,-2.0023163727351596
I2,10000,matched4888,val,1,kana,FZLTHProGBK_H,7,0.9763197898864746,0.7884848884173802,1.140190247978483
I2,10000,matched4888,val,1,kana,FZYouHK_511M,7,1.2853155647005354,0.8594803214073181,1.310642353125981
I2,10000,matched4888,val,1,latin,FZBangSKKXJW,37,0.9925270475245811,0.63170724221178,0.8152140282295846
I2,10000,matched4888,val,1,latin,FZJunYTJW-H,37,1.017218096232092,0.7972415089607239,0.8858120001953196
I2,10000,matched4888,val,1,latin,FZKANGJW,37,0.9296765987937515,0.731148819665651,0.824090679553715
I2,10000,matched4888,val,1,latin,FZLTHProGBK_H,37,0.998383454777099,0.7634907058767371,0.9270094102500258
I2,10000,matched4888,val,1,latin,FZYouHK_511M,37,1.1690020458017651,0.760271392964028,1.2540889994518176
I2,10000,matched4888,val,2,ALL,FZBangSKKXJW,47,0.9360498545017648,0.5932195300751544,0.8166467382552776
I2,10000,matched4888,val,2,ALL,FZJunYTJW-H,47,0.8850946895619656,0.7698446753177237,0.8919322550534567
I2,10000,matched4888,val,2,ALL,FZKANGJW,47,0.6364427099519587,0.66752889752388,0.3212025874155633
I2,10000,matched4888,val,2,ALL,FZLTHProGBK_H,47,1.002716822193024,0.766991303322163,0.9705552541987693
I2,10000,matched4888,val,2,ALL,FZYouHK_511M,47,1.2188998633559713,0.7841977794119652,1.283531095119233
I2,10000,matched4888,val,2,bopomofo,FZBangSKKXJW,3,1.1540781656901042,0.6460433006286621,0.8998004992802938
I2,10000,matched4888,val,2,bopomofo,FZJunYTJW-H,3,1.0376824339230855,0.7837003469467163,1.1863958438237507
I2,10000,matched4888,val,2,bopomofo,FZKANGJW,3,0.45149722198645276,0.650411585966746,-0.45953964193662006
I2,10000,matched4888,val,2,bopomofo,FZLTHProGBK_H,3,0.9562686681747437,0.8003191749254862,1.1118056774139404
I2,10000,matched4888,val,2,bopomofo,FZYouHK_511M,3,1.181424617767334,0.7962172428766886,1.5833906730016072
I2,10000,matched4888,val,2,kana,FZBangSKKXJW,7,1.0220812133380346,0.6539273091724941,0.788582307951791
I2,10000,matched4888,val,2,kana,FZJunYTJW-H,7,0.8765067330428532,0.7756675822394234,0.7980834926877703
I2,10000,matched4888,val,2,kana,FZKANGJW,7,0.7798778968197959,0.7330031139510018,-2.0023163727351596
I2,10000,matched4888,val,2,kana,FZLTHProGBK_H,7,1.0079939195087977,0.7885726349694389,1.140190247978483
I2,10000,matched4888,val,2,kana,FZYouHK_511M,7,1.3776849508285522,0.8741622652326312,1.310642353125981
I2,10000,matched4888,val,2,latin,FZBangSKKXJW,37,0.9020956803012539,0.5774512661469949,0.8152140282295846
I2,10000,matched4888,val,2,latin,FZJunYTJW-H,37,0.8743474588200852,0.7676196114437001,0.8858120001953196
I2,10000,matched4888,val,2,latin,FZKANGJW,37,0.6243019033525441,0.6565297737314895,0.824090679553715
I2,10000,matched4888,val,2,latin,FZLTHProGBK_H,37,1.0054845189726032,0.760206088826463,0.9270094102500258
I2,10000,matched4888,val,2,latin,FZYouHK_511M,37,1.1918979748278051,0.7662029201919968,1.2540889994518176
I2,10000,matched4888,val,4,ALL,FZBangSKKXJW,47,0.7954347228750269,0.5945629870637934,0.8166467382552776
I2,10000,matched4888,val,4,ALL,FZJunYTJW-H,47,0.8249306456839784,0.7627252150089183,0.8919322550534567
I2,10000,matched4888,val,4,ALL,FZKANGJW,47,0.6491454319751009,0.6557920118595691,0.3212025874155633
I2,10000,matched4888,val,4,ALL,FZLTHProGBK_H,47,1.0229770675935643,0.768164836345835,0.9705552541987693
I2,10000,matched4888,val,4,ALL,FZYouHK_511M,47,1.2592368338336335,0.7911685324729757,1.283531095119233
I2,10000,matched4888,val,4,bopomofo,FZBangSKKXJW,3,1.0696265697479248,0.6971058249473572,0.8998004992802938
I2,10000,matched4888,val,4,bopomofo,FZJunYTJW-H,3,1.1322303613026936,0.8184345960617065,1.1863958438237507
I2,10000,matched4888,val,4,bopomofo,FZKANGJW,3,0.5227905710538229,0.6423811912536621,-0.45953964193662006
I2,10000,matched4888,val,4,bopomofo,FZLTHProGBK_H,3,0.9431888461112976,0.7986347675323486,1.1118056774139404
I2,10000,matched4888,val,4,bopomofo,FZYouHK_511M,3,1.2093092997868855,0.8170762260754904,1.5833906730016072
I2,10000,matched4888,val,4,kana,FZBangSKKXJW,7,0.9893988541194371,0.6577919210706439,0.788582307951791
I2,10000,matched4888,val,4,kana,FZJunYTJW-H,7,0.9042112827301025,0.785389951297215,0.7980834926877703
I2,10000,matched4888,val,4,kana,FZKANGJW,7,0.7989452396120343,0.7240663937159947,-2.0023163727351596
I2,10000,matched4888,val,4,kana,FZLTHProGBK_H,7,1.0567253146852766,0.8107930421829224,1.140190247978483
I2,10000,matched4888,val,4,kana,FZYouHK_511M,7,1.3874842013631548,0.8746174148150853,1.310642353125981
I2,10000,matched4888,val,4,latin,FZBangSKKXJW,37,0.7365070347850388,0.5742864721530193,0.8152140282295846
I2,10000,matched4888,val,4,latin,FZJunYTJW-H,37,0.7850154130845457,0.7539203150852306,0.8858120001953196
I2,10000,matched4888,val,4,latin,FZKANGJW,37,0.6310499165509198,0.6439626007466703,0.824090679553715
I2,10000,matched4888,val,4,latin,FZLTHProGBK_H,37,1.023061579345046,0.7576295056858579,0.9270094102500258
I2,10000,matched4888,val,4,latin,FZYouHK_511M,37,1.2390219967912983,0.7732802822783187,1.2540889994518176
I2,10000,matched4888,val,8,ALL,FZBangSKKXJW,47,0.895871213141908,0.6264258293395347,0.8166467382552776
I2,10000,matched4888,val,8,ALL,FZJunYTJW-H,47,0.735258356450086,0.7451544118688461,0.8919322550534567
I2,10000,matched4888,val,8,ALL,FZKANGJW,47,0.9317670376931734,0.7398908011456753,0.3212025874155633
I2,10000,matched4888,val,8,ALL,FZLTHProGBK_H,47,1.015238680896607,0.76863132258679,0.9705552541987693
I2,10000,matched4888,val,8,ALL,FZYouHK_511M,47,1.2788177766698472,0.7950650948159238,1.283531095119233
I2,10000,matched4888,val,8,bopomofo,FZBangSKKXJW,3,1.1356878280639648,0.7208887736002604,0.8998004992802938
I2,10000,matched4888,val,8,bopomofo,FZJunYTJW-H,3,0.7812799016634623,0.7647223075230917,1.1863958438237507
I2,10000,matched4888,val,8,bopomofo,FZKANGJW,3,0.7574047744274139,0.7261625130971273,-0.45953964193662006
I2,10000,matched4888,val,8,bopomofo,FZLTHProGBK_H,3,0.9126164714495341,0.7929488221804301,1.1118056774139404
I2,10000,matched4888,val,8,bopomofo,FZYouHK_511M,3,1.3210492134094238,0.8345924019813538,1.5833906730016072
I2,10000,matched4888,val,8,kana,FZBangSKKXJW,7,1.0741059524672372,0.66379542861666,0.788582307951791
I2,10000,matched4888,val,8,kana,FZJunYTJW-H,7,0.9412620833941868,0.8110702208110264,0.7980834926877703
I2,10000,matched4888,val,8,kana,FZKANGJW,7,0.9807941487857273,0.802085816860199,-2.0023163727351596
I2,10000,matched4888,val,8,kana,FZLTHProGBK_H,7,1.0553536329950606,0.7985874840191433,1.140190247978483
I2,10000,matched4888,val,8,kana,FZYouHK_511M,7,1.411910091127668,0.8806151407105582,1.310642353125981
I2,10000,matched4888,val,8,latin,FZBangSKKXJW,37,0.8427065369245168,0.6116967475092089,0.8152140282295846
I2,10000,matched4888,val,8,latin,FZJunYTJW-H,37,0.6925532017406579,0.7310972672861975,0.8858120001953196
I2,10000,matched4888,val,8,latin,FZKANGJW,37,0.9366291191026166,0.7292372809874045,0.824090679553715
I2,10000,matched4888,val,8,latin,FZLTHProGBK_H,37,1.015970085319635,0.7609922515379416,0.9270094102500258
I2,10000,matched4888,val,8,latin,FZYouHK_511M,37,1.2502139790638074,0.775675034200823,1.2540889994518176
I2,10000,matched4888,val,ALL,ALL,FZBangSKKXJW,188,0.9126579669561792,0.6143437720676685,0.8166467382552776
I2,10000,matched4888,val,ALL,ALL,FZJunYTJW-H,188,0.8681241449642372,0.7691155223453299,0.8919322550534567
I2,10000,matched4888,val,ALL,ALL,FZKANGJW,188,0.7860351853132089,0.7004655946759467,0.3212025874155633
I2,10000,matched4888,val,ALL,ALL,FZLTHProGBK_H,188,1.0075696578368227,0.7679842840483848,0.9705552541987693
I2,10000,matched4888,val,ALL,ALL,FZYouHK_511M,188,1.2352398770187605,0.7869055534296847,1.283531095119233
I2,10000,matched4888,val,ALL,bopomofo,FZBangSKKXJW,12,1.1314777235190074,0.6912455161412557,0.8998004992802938
I2,10000,matched4888,val,ALL,bopomofo,FZJunYTJW-H,12,1.002105747660001,0.7920438349246979,1.1863958438237507
I2,10000,matched4888,val,ALL,bopomofo,FZKANGJW,12,0.6408837226529916,0.687903642654419,-0.45953964193662006
I2,10000,matched4888,val,ALL,bopomofo,FZLTHProGBK_H,12,0.9300883710384369,0.7925160527229309,1.1118056774139404
I2,10000,matched4888,val,ALL,bopomofo,FZYouHK_511M,12,1.2111084461212158,0.8104351460933685,1.5833906730016072
I2,10000,matched4888,val,ALL,kana,FZBangSKKXJW,28,1.0525007865258627,0.6636228220803397,0.788582307951791
I2,10000,matched4888,val,ALL,kana,FZJunYTJW-H,28,0.9472894998533385,0.7944171492542539,0.7980834926877703
I2,10000,matched4888,val,ALL,kana,FZKANGJW,28,0.8779529024447713,0.7600065895489284,-2.0023163727351596
I2,10000,matched4888,val,ALL,kana,FZLTHProGBK_H,28,1.0240981642689024,0.7966095123972211,1.140190247978483
I2,10000,matched4888,val,ALL,kana,FZYouHK_511M,28,1.3655987020049776,0.8722187855413982,1.310642353125981
I2,10000,matched4888,val,ALL,latin,FZBangSKKXJW,148,0.8684590748838477,0.5987854320052508,0.8152140282295846
I2,10000,matched4888,val,ALL,latin,FZJunYTJW-H,148,0.8422835424693452,0.7624696756939631,0.8858120001953196
I2,10000,matched4888,val,ALL,latin,FZKANGJW,148,0.780414384449958,0.6902196187828038,0.824090679553715
I2,10000,matched4888,val,ALL,latin,FZLTHProGBK_H,148,1.0107249096035957,0.7605796379817499,0.9270094102500258
I2,10000,matched4888,val,ALL,latin,FZYouHK_511M,148,1.212533999121169,0.7688574074087916,1.2540889994518176
I3,2000,val192,val,1,ALL,FZBangSKKXJW,4,0.9039034247398376,0.7104858756065369,0.6687727943062782
I3,2000,val192,val,1,ALL,FZCaoQBLSJW,4,1.3548603355884552,0.8453742861747742,0.4800065606832504
I3,2000,val192,val,1,ALL,FZFWZhuZiHeiB,4,1.431248128414154,0.8105712980031967,0.9735500663518906
I3,2000,val192,val,1,ALL,FZHengFSJW-T,4,1.219749927520752,0.7515707761049271,1.1548708379268646
I3,2000,val192,val,1,ALL,FZJunYTJW-H,4,1.1102590262889862,0.779289960861206,0.8522688001394272
I3,2000,val192,val,1,ALL,FZKANGJW,4,0.7153004556894302,0.7308419346809387,0.7405204735696316
I3,2000,val192,val,1,ALL,FZKuaiHTJW_Te,4,0.7156691551208496,0.6876915693283081,1.2690462172031403
I3,2000,val192,val,1,ALL,FZLTHProGBK_H,4,0.9627867341041565,0.7509095668792725,0.8365523144602776
I3,2000,val192,val,1,ALL,FZMiFXSJW,4,1.0452832132577896,0.8163435310125351,0.7553693037480116
I3,2000,val192,val,1,ALL,FZQingYSJW-T,4,1.2835091352462769,0.7893418967723846,1.1590228825807571
I3,2000,val192,val,1,ALL,FZSongKBXKJW-EB,4,1.0535214394330978,0.7355177849531174,0.929350733757019
I3,2000,val192,val,1,ALL,FZSuHJW,4,1.3615438789129257,0.8030686229467392,0.7965593338012695
I3,2000,val192,val,1,ALL,FZYouHK_511M,4,1.0780863612890244,0.750954657793045,1.346650391817093
I3,2000,val192,val,1,ALL,FZZHJW,4,1.232094168663025,0.7823443114757538,1.5186814069747925
I3,2000,val192,val,1,ALL,FZZanMTJW_Te,4,1.1750413179397583,0.7495550811290741,1.2600177228450775
I3,2000,val192,val,1,ALL,FZZhongYSJW_Te,4,1.3110917806625366,0.7189151346683502,1.239382117986679
I3,2000,val192,val,1,latin,FZBangSKKXJW,4,0.9039034247398376,0.7104858756065369,0.6687727943062782
I3,2000,val192,val,1,latin,FZCaoQBLSJW,4,1.3548603355884552,0.8453742861747742,0.4800065606832504
I3,2000,val192,val,1,latin,FZFWZhuZiHeiB,4,1.431248128414154,0.8105712980031967,0.9735500663518906
I3,2000,val192,val,1,latin,FZHengFSJW-T,4,1.219749927520752,0.7515707761049271,1.1548708379268646
I3,2000,val192,val,1,latin,FZJunYTJW-H,4,1.1102590262889862,0.779289960861206,0.8522688001394272
I3,2000,val192,val,1,latin,FZKANGJW,4,0.7153004556894302,0.7308419346809387,0.7405204735696316
I3,2000,val192,val,1,latin,FZKuaiHTJW_Te,4,0.7156691551208496,0.6876915693283081,1.2690462172031403
I3,2000,val192,val,1,latin,FZLTHProGBK_H,4,0.9627867341041565,0.7509095668792725,0.8365523144602776
I3,2000,val192,val,1,latin,FZMiFXSJW,4,1.0452832132577896,0.8163435310125351,0.7553693037480116
I3,2000,val192,val,1,latin,FZQingYSJW-T,4,1.2835091352462769,0.7893418967723846,1.1590228825807571
I3,2000,val192,val,1,latin,FZSongKBXKJW-EB,4,1.0535214394330978,0.7355177849531174,0.929350733757019
I3,2000,val192,val,1,latin,FZSuHJW,4,1.3615438789129257,0.8030686229467392,0.7965593338012695
I3,2000,val192,val,1,latin,FZYouHK_511M,4,1.0780863612890244,0.750954657793045,1.346650391817093
I3,2000,val192,val,1,latin,FZZHJW,4,1.232094168663025,0.7823443114757538,1.5186814069747925
I3,2000,val192,val,1,latin,FZZanMTJW_Te,4,1.1750413179397583,0.7495550811290741,1.2600177228450775
I3,2000,val192,val,1,latin,FZZhongYSJW_Te,4,1.3110917806625366,0.7189151346683502,1.239382117986679
I3,2000,val192,val,4,ALL,FZBangSKKXJW,4,0.7794161736965179,0.6647853553295135,0.6687727943062782
I3,2000,val192,val,4,ALL,FZCaoQBLSJW,4,1.2829168140888214,0.8563520014286041,0.4800065606832504
I3,2000,val192,val,4,ALL,FZFWZhuZiHeiB,4,1.5097019970417023,0.8321196883916855,0.9735500663518906
I3,2000,val192,val,4,ALL,FZHengFSJW-T,4,1.2229690998792648,0.7579935491085052,1.1548708379268646
I3,2000,val192,val,4,ALL,FZJunYTJW-H,4,0.9264928698539734,0.7954028248786926,0.8522688001394272
I3,2000,val192,val,4,ALL,FZKANGJW,4,0.8981175199151039,0.7061285525560379,0.7405204735696316
I3,2000,val192,val,4,ALL,FZKuaiHTJW_Te,4,1.228807732462883,0.830313578248024,1.2690462172031403
I3,2000,val192,val,4,ALL,FZLTHProGBK_H,4,0.877079039812088,0.7256774753332138,0.8365523144602776
I3,2000,val192,val,4,ALL,FZMiFXSJW,4,1.1260793805122375,0.8421331346035004,0.7553693037480116
I3,2000,val192,val,4,ALL,FZQingYSJW-T,4,1.2600446343421936,0.8082437515258789,1.1590228825807571
I3,2000,val192,val,4,ALL,FZSongKBXKJW-EB,4,0.9883111417293549,0.7132862359285355,0.929350733757019
I3,2000,val192,val,4,ALL,FZSuHJW,4,1.0164022594690323,0.7763645499944687,0.7965593338012695
I3,2000,val192,val,4,ALL,FZYouHK_511M,4,1.1246932446956635,0.7678529918193817,1.346650391817093
I3,2000,val192,val,4,ALL,FZZHJW,4,1.2488484382629395,0.7941581755876541,1.5186814069747925
I3,2000,val192,val,4,ALL,FZZanMTJW_Te,4,1.3071527481079102,0.806623637676239,1.2600177228450775
I3,2000,val192,val,4,ALL,FZZhongYSJW_Te,4,0.9886864796280861,0.7062477916479111,1.239382117986679
I3,2000,val192,val,4,latin,FZBangSKKXJW,4,0.7794161736965179,0.6647853553295135,0.6687727943062782
I3,2000,val192,val,4,latin,FZCaoQBLSJW,4,1.2829168140888214,0.8563520014286041,0.4800065606832504
I3,2000,val192,val,4,latin,FZFWZhuZiHeiB,4,1.5097019970417023,0.8321196883916855,0.9735500663518906
I3,2000,val192,val,4,latin,FZHengFSJW-T,4,1.2229690998792648,0.7579935491085052,1.1548708379268646
I3,2000,val192,val,4,latin,FZJunYTJW-H,4,0.9264928698539734,0.7954028248786926,0.8522688001394272
I3,2000,val192,val,4,latin,FZKANGJW,4,0.8981175199151039,0.7061285525560379,0.7405204735696316
I3,2000,val192,val,4,latin,FZKuaiHTJW_Te,4,1.228807732462883,0.830313578248024,1.2690462172031403
I3,2000,val192,val,4,latin,FZLTHProGBK_H,4,0.877079039812088,0.7256774753332138,0.8365523144602776
I3,2000,val192,val,4,latin,FZMiFXSJW,4,1.1260793805122375,0.8421331346035004,0.7553693037480116
I3,2000,val192,val,4,latin,FZQingYSJW-T,4,1.2600446343421936,0.8082437515258789,1.1590228825807571
I3,2000,val192,val,4,latin,FZSongKBXKJW-EB,4,0.9883111417293549,0.7132862359285355,0.929350733757019
I3,2000,val192,val,4,latin,FZSuHJW,4,1.0164022594690323,0.7763645499944687,0.7965593338012695
I3,2000,val192,val,4,latin,FZYouHK_511M,4,1.1246932446956635,0.7678529918193817,1.346650391817093
I3,2000,val192,val,4,latin,FZZHJW,4,1.2488484382629395,0.7941581755876541,1.5186814069747925
I3,2000,val192,val,4,latin,FZZanMTJW_Te,4,1.3071527481079102,0.806623637676239,1.2600177228450775
I3,2000,val192,val,4,latin,FZZhongYSJW_Te,4,0.9886864796280861,0.7062477916479111,1.239382117986679
I3,2000,val192,val,8,ALL,FZBangSKKXJW,4,0.8819713890552521,0.7041089087724686,0.6687727943062782
I3,2000,val192,val,8,ALL,FZCaoQBLSJW,4,1.3212625980377197,0.8629285544157028,0.4800065606832504
I3,2000,val192,val,8,ALL,FZFWZhuZiHeiB,4,1.464902549982071,0.8292991518974304,0.9735500663518906
I3,2000,val192,val,8,ALL,FZHengFSJW-T,4,1.235550120472908,0.7679629772901535,1.1548708379268646
I3,2000,val192,val,8,ALL,FZJunYTJW-H,4,0.7781693339347839,0.7543227821588516,0.8522688001394272
I3,2000,val192,val,8,ALL,FZKANGJW,4,1.0690100640058517,0.7720554023981094,0.7405204735696316
I3,2000,val192,val,8,ALL,FZKuaiHTJW_Te,4,1.2027325630187988,0.813429981470108,1.2690462172031403
I3,2000,val192,val,8,ALL,FZLTHProGBK_H,4,1.1470316648483276,0.7784839570522308,0.8365523144602776
I3,2000,val192,val,8,ALL,FZMiFXSJW,4,1.0141335427761078,0.8155160546302795,0.7553693037480116
I3,2000,val192,val,8,ALL,FZQingYSJW-T,4,1.244898408651352,0.7991809397935867,1.1590228825807571
I3,2000,val192,val,8,ALL,FZSongKBXKJW-EB,4,0.8991014584898949,0.6926965117454529,0.929350733757019
I3,2000,val192,val,8,ALL,FZSuHJW,4,1.0957943052053452,0.8100064098834991,0.7965593338012695
I3,2000,val192,val,8,ALL,FZYouHK_511M,4,1.0840834975242615,0.7634390443563461,1.346650391817093
I3,2000,val192,val,8,ALL,FZZHJW,4,1.2736740708351135,0.7965514808893204,1.5186814069747925
I3,2000,val192,val,8,ALL,FZZanMTJW_Te,4,1.370939016342163,0.8328847885131836,1.2600177228450775
I3,2000,val192,val,8,ALL,FZZhongYSJW_Te,4,0.8958754912018776,0.6889599561691284,1.239382117986679
I3,2000,val192,val,8,latin,FZBangSKKXJW,4,0.8819713890552521,0.7041089087724686,0.6687727943062782
I3,2000,val192,val,8,latin,FZCaoQBLSJW,4,1.3212625980377197,0.8629285544157028,0.4800065606832504
I3,2000,val192,val,8,latin,FZFWZhuZiHeiB,4,1.464902549982071,0.8292991518974304,0.9735500663518906
I3,2000,val192,val,8,latin,FZHengFSJW-T,4,1.235550120472908,0.7679629772901535,1.1548708379268646
I3,2000,val192,val,8,latin,FZJunYTJW-H,4,0.7781693339347839,0.7543227821588516,0.8522688001394272
I3,2000,val192,val,8,latin,FZKANGJW,4,1.0690100640058517,0.7720554023981094,0.7405204735696316
I3,2000,val192,val,8,latin,FZKuaiHTJW_Te,4,1.2027325630187988,0.813429981470108,1.2690462172031403
I3,2000,val192,val,8,latin,FZLTHProGBK_H,4,1.1470316648483276,0.7784839570522308,0.8365523144602776
I3,2000,val192,val,8,latin,FZMiFXSJW,4,1.0141335427761078,0.8155160546302795,0.7553693037480116
I3,2000,val192,val,8,latin,FZQingYSJW-T,4,1.244898408651352,0.7991809397935867,1.1590228825807571
I3,2000,val192,val,8,latin,FZSongKBXKJW-EB,4,0.8991014584898949,0.6926965117454529,0.929350733757019
I3,2000,val192,val,8,latin,FZSuHJW,4,1.0957943052053452,0.8100064098834991,0.7965593338012695
I3,2000,val192,val,8,latin,FZYouHK_511M,4,1.0840834975242615,0.7634390443563461,1.346650391817093
I3,2000,val192,val,8,latin,FZZHJW,4,1.2736740708351135,0.7965514808893204,1.5186814069747925
I3,2000,val192,val,8,latin,FZZanMTJW_Te,4,1.370939016342163,0.8328847885131836,1.2600177228450775
I3,2000,val192,val,8,latin,FZZhongYSJW_Te,4,0.8958754912018776,0.6889599561691284,1.239382117986679
I3,2000,val192,val,ALL,ALL,FZBangSKKXJW,12,0.8550969958305359,0.693126713236173,0.6687727943062782
I3,2000,val192,val,ALL,ALL,FZCaoQBLSJW,12,1.3196799159049988,0.8548849473396937,0.4800065606832504
I3,2000,val192,val,ALL,ALL,FZFWZhuZiHeiB,12,1.468617558479309,0.8239967127641042,0.9735500663518906
I3,2000,val192,val,ALL,ALL,FZHengFSJW-T,12,1.2260897159576416,0.7591757675011953,1.1548708379268646
I3,2000,val192,val,ALL,ALL,FZJunYTJW-H,12,0.9383070766925812,0.7763385226329168,0.8522688001394272
I3,2000,val192,val,ALL,ALL,FZKANGJW,12,0.8941426798701286,0.7363419632116953,0.7405204735696316
I3,2000,val192,val,ALL,ALL,FZKuaiHTJW_Te,12,1.0490698168675106,0.77714504301548,1.2690462172031403
I3,2000,val192,val,ALL,ALL,FZLTHProGBK_H,12,0.9956324795881907,0.7516903330882391,0.8365523144602776
I3,2000,val192,val,ALL,ALL,FZMiFXSJW,12,1.0618320455153782,0.824664240082105,0.7553693037480116
I3,2000,val192,val,ALL,ALL,FZQingYSJW-T,12,1.2628173927466075,0.7989221960306168,1.1590228825807571
I3,2000,val192,val,ALL,ALL,FZSongKBXKJW-EB,12,0.9803113465507826,0.7138335108757019,0.929350733757019
I3,2000,val192,val,ALL,ALL,FZSuHJW,12,1.1579134811957676,0.796479860941569,0.7965593338012695
I3,2000,val192,val,ALL,ALL,FZYouHK_511M,12,1.095621034502983,0.760748897989591,1.346650391817093
I3,2000,val192,val,ALL,ALL,FZZHJW,12,1.2515388925870259,0.791017989317576,1.5186814069747925
I3,2000,val192,val,ALL,ALL,FZZanMTJW_Te,12,1.2843776941299438,0.7963545024394989,1.2600177228450775
I3,2000,val192,val,ALL,ALL,FZZhongYSJW_Te,12,1.0652179171641667,0.7047076274951299,1.239382117986679
I3,2000,val192,val,ALL,latin,FZBangSKKXJW,12,0.8550969958305359,0.693126713236173,0.6687727943062782
I3,2000,val192,val,ALL,latin,FZCaoQBLSJW,12,1.3196799159049988,0.8548849473396937,0.4800065606832504
I3,2000,val192,val,ALL,latin,FZFWZhuZiHeiB,12,1.468617558479309,0.8239967127641042,0.9735500663518906
I3,2000,val192,val,ALL,latin,FZHengFSJW-T,12,1.2260897159576416,0.7591757675011953,1.1548708379268646
I3,2000,val192,val,ALL,latin,FZJunYTJW-H,12,0.9383070766925812,0.7763385226329168,0.8522688001394272
I3,2000,val192,val,ALL,latin,FZKANGJW,12,0.8941426798701286,0.7363419632116953,0.7405204735696316
I3,2000,val192,val,ALL,latin,FZKuaiHTJW_Te,12,1.0490698168675106,0.77714504301548,1.2690462172031403
I3,2000,val192,val,ALL,latin,FZLTHProGBK_H,12,0.9956324795881907,0.7516903330882391,0.8365523144602776
I3,2000,val192,val,ALL,latin,FZMiFXSJW,12,1.0618320455153782,0.824664240082105,0.7553693037480116
I3,2000,val192,val,ALL,latin,FZQingYSJW-T,12,1.2628173927466075,0.7989221960306168,1.1590228825807571
I3,2000,val192,val,ALL,latin,FZSongKBXKJW-EB,12,0.9803113465507826,0.7138335108757019,0.929350733757019
I3,2000,val192,val,ALL,latin,FZSuHJW,12,1.1579134811957676,0.796479860941569,0.7965593338012695
I3,2000,val192,val,ALL,latin,FZYouHK_511M,12,1.095621034502983,0.760748897989591,1.346650391817093
I3,2000,val192,val,ALL,latin,FZZHJW,12,1.2515388925870259,0.791017989317576,1.5186814069747925
I3,2000,val192,val,ALL,latin,FZZanMTJW_Te,12,1.2843776941299438,0.7963545024394989,1.2600177228450775
I3,2000,val192,val,ALL,latin,FZZhongYSJW_Te,12,1.0652179171641667,0.7047076274951299,1.239382117986679
I3,4000,val192,val,1,ALL,FZBangSKKXJW,4,1.0030833035707474,0.7219971865415573,0.6687727943062782
I3,4000,val192,val,1,ALL,FZCaoQBLSJW,4,1.3755473494529724,0.8462840020656586,0.4800065606832504
I3,4000,val192,val,1,ALL,FZFWZhuZiHeiB,4,1.5301659107208252,0.8340413570404053,0.9735500663518906
I3,4000,val192,val,1,ALL,FZHengFSJW-T,4,1.2276133298873901,0.7614833116531372,1.1548708379268646
I3,4000,val192,val,1,ALL,FZJunYTJW-H,4,1.1286357045173645,0.7975920289754868,0.8522688001394272
I3,4000,val192,val,1,ALL,FZKANGJW,4,0.875279501080513,0.7671385705471039,0.7405204735696316
I3,4000,val192,val,1,ALL,FZKuaiHTJW_Te,4,0.7451944723725319,0.7246629148721695,1.2690462172031403
I3,4000,val192,val,1,ALL,FZLTHProGBK_H,4,1.1393353939056396,0.7746293991804123,0.8365523144602776
I3,4000,val192,val,1,ALL,FZMiFXSJW,4,0.9064957424998283,0.8093245923519135,0.7553693037480116
I3,4000,val192,val,1,ALL,FZQingYSJW-T,4,1.2907386124134064,0.7921743541955948,1.1590228825807571
I3,4000,val192,val,1,ALL,FZSongKBXKJW-EB,4,0.959791511297226,0.705063596367836,0.929350733757019
I3,4000,val192,val,1,ALL,FZSuHJW,4,1.3697151094675064,0.8143043667078018,0.7965593338012695
I3,4000,val192,val,1,ALL,FZYouHK_511M,4,1.2291380017995834,0.7759969830513,1.346650391817093
I3,4000,val192,val,1,ALL,FZZHJW,4,1.3154767751693726,0.8263345509767532,1.5186814069747925
I3,4000,val192,val,1,ALL,FZZanMTJW_Te,4,1.2565985769033432,0.8060365915298462,1.2600177228450775
I3,4000,val192,val,1,ALL,FZZhongYSJW_Te,4,1.0821445137262344,0.6903039216995239,1.239382117986679
I3,4000,val192,val,1,latin,FZBangSKKXJW,4,1.0030833035707474,0.7219971865415573,0.6687727943062782
I3,4000,val192,val,1,latin,FZCaoQBLSJW,4,1.3755473494529724,0.8462840020656586,0.4800065606832504
I3,4000,val192,val,1,latin,FZFWZhuZiHeiB,4,1.5301659107208252,0.8340413570404053,0.9735500663518906
I3,4000,val192,val,1,latin,FZHengFSJW-T,4,1.2276133298873901,0.7614833116531372,1.1548708379268646
I3,4000,val192,val,1,latin,FZJunYTJW-H,4,1.1286357045173645,0.7975920289754868,0.8522688001394272
I3,4000,val192,val,1,latin,FZKANGJW,4,0.875279501080513,0.7671385705471039,0.7405204735696316
I3,4000,val192,val,1,latin,FZKuaiHTJW_Te,4,0.7451944723725319,0.7246629148721695,1.2690462172031403
I3,4000,val192,val,1,latin,FZLTHProGBK_H,4,1.1393353939056396,0.7746293991804123,0.8365523144602776
I3,4000,val192,val,1,latin,FZMiFXSJW,4,0.9064957424998283,0.8093245923519135,0.7553693037480116
I3,4000,val192,val,1,latin,FZQingYSJW-T,4,1.2907386124134064,0.7921743541955948,1.1590228825807571
I3,4000,val192,val,1,latin,FZSongKBXKJW-EB,4,0.959791511297226,0.705063596367836,0.929350733757019
I3,4000,val192,val,1,latin,FZSuHJW,4,1.3697151094675064,0.8143043667078018,0.7965593338012695
I3,4000,val192,val,1,latin,FZYouHK_511M,4,1.2291380017995834,0.7759969830513,1.346650391817093
I3,4000,val192,val,1,latin,FZZHJW,4,1.3154767751693726,0.8263345509767532,1.5186814069747925
I3,4000,val192,val,1,latin,FZZanMTJW_Te,4,1.2565985769033432,0.8060365915298462,1.2600177228450775
I3,4000,val192,val,1,latin,FZZhongYSJW_Te,4,1.0821445137262344,0.6903039216995239,1.239382117986679
I3,4000,val192,val,4,ALL,FZBangSKKXJW,4,0.7093420922756195,0.6390414834022522,0.6687727943062782
I3,4000,val192,val,4,ALL,FZCaoQBLSJW,4,1.3613817989826202,0.8646624386310577,0.4800065606832504
I3,4000,val192,val,4,ALL,FZFWZhuZiHeiB,4,1.3986504971981049,0.8070846945047379,0.9735500663518906
I3,4000,val192,val,4,ALL,FZHengFSJW-T,4,1.185685932636261,0.7583762258291245,1.1548708379268646
I3,4000,val192,val,4,ALL,FZJunYTJW-H,4,0.7349729761481285,0.750650092959404,0.8522688001394272
I3,4000,val192,val,4,ALL,FZKANGJW,4,0.8541482836008072,0.70571269094944,0.7405204735696316
I3,4000,val192,val,4,ALL,FZKuaiHTJW_Te,4,1.115006610751152,0.8280972689390182,1.2690462172031403
I3,4000,val192,val,4,ALL,FZLTHProGBK_H,4,1.0239481180906296,0.7452132999897003,0.8365523144602776
I3,4000,val192,val,4,ALL,FZMiFXSJW,4,1.0457046777009964,0.8405803889036179,0.7553693037480116
I3,4000,val192,val,4,ALL,FZQingYSJW-T,4,1.2589258253574371,0.79937744140625,1.1590228825807571
I3,4000,val192,val,4,ALL,FZSongKBXKJW-EB,4,1.0633128583431244,0.7242035269737244,0.929350733757019
I3,4000,val192,val,4,ALL,FZSuHJW,4,1.4184332191944122,0.8624613434076309,0.7965593338012695
I3,4000,val192,val,4,ALL,FZYouHK_511M,4,1.2415558397769928,0.778627410531044,1.346650391817093
I3,4000,val192,val,4,ALL,FZZHJW,4,1.3556877970695496,0.8236987739801407,1.5186814069747925
I3,4000,val192,val,4,ALL,FZZanMTJW_Te,4,1.2006696313619614,0.8110637813806534,1.2600177228450775
I3,4000,val192,val,4,ALL,FZZhongYSJW_Te,4,1.1133046597242355,0.7459516376256943,1.239382117986679
I3,4000,val192,val,4,latin,FZBangSKKXJW,4,0.7093420922756195,0.6390414834022522,0.6687727943062782
I3,4000,val192,val,4,latin,FZCaoQBLSJW,4,1.3613817989826202,0.8646624386310577,0.4800065606832504
I3,4000,val192,val,4,latin,FZFWZhuZiHeiB,4,1.3986504971981049,0.8070846945047379,0.9735500663518906
I3,4000,val192,val,4,latin,FZHengFSJW-T,4,1.185685932636261,0.7583762258291245,1.1548708379268646
I3,4000,val192,val,4,latin,FZJunYTJW-H,4,0.7349729761481285,0.750650092959404,0.8522688001394272
I3,4000,val192,val,4,latin,FZKANGJW,4,0.8541482836008072,0.70571269094944,0.7405204735696316
I3,4000,val192,val,4,latin,FZKuaiHTJW_Te,4,1.115006610751152,0.8280972689390182,1.2690462172031403
I3,4000,val192,val,4,latin,FZLTHProGBK_H,4,1.0239481180906296,0.7452132999897003,0.8365523144602776
I3,4000,val192,val,4,latin,FZMiFXSJW,4,1.0457046777009964,0.8405803889036179,0.7553693037480116
I3,4000,val192,val,4,latin,FZQingYSJW-T,4,1.2589258253574371,0.79937744140625,1.1590228825807571
I3,4000,val192,val,4,latin,FZSongKBXKJW-EB,4,1.0633128583431244,0.7242035269737244,0.929350733757019
I3,4000,val192,val,4,latin,FZSuHJW,4,1.4184332191944122,0.8624613434076309,0.7965593338012695
I3,4000,val192,val,4,latin,FZYouHK_511M,4,1.2415558397769928,0.778627410531044,1.346650391817093
I3,4000,val192,val,4,latin,FZZHJW,4,1.3556877970695496,0.8236987739801407,1.5186814069747925
I3,4000,val192,val,4,latin,FZZanMTJW_Te,4,1.2006696313619614,0.8110637813806534,1.2600177228450775
I3,4000,val192,val,4,latin,FZZhongYSJW_Te,4,1.1133046597242355,0.7459516376256943,1.239382117986679
I3,4000,val192,val,8,ALL,FZBangSKKXJW,4,0.8762487322092056,0.6766688823699951,0.6687727943062782
I3,4000,val192,val,8,ALL,FZCaoQBLSJW,4,1.376616895198822,0.8671693950891495,0.4800065606832504
I3,4000,val192,val,8,ALL,FZFWZhuZiHeiB,4,1.5409613847732544,0.8339446038007736,0.9735500663518906
I3,4000,val192,val,8,ALL,FZHengFSJW-T,4,1.1937892735004425,0.7620488852262497,1.1548708379268646
I3,4000,val192,val,8,ALL,FZJunYTJW-H,4,0.5426201447844505,0.7136240303516388,0.8522688001394272
I3,4000,val192,val,8,ALL,FZKANGJW,4,1.1513483077287674,0.792409211397171,0.7405204735696316
I3,4000,val192,val,8,ALL,FZKuaiHTJW_Te,4,1.1030021607875824,0.8206825852394104,1.2690462172031403
I3,4000,val192,val,8,ALL,FZLTHProGBK_H,4,1.1903764456510544,0.799128532409668,0.8365523144602776
I3,4000,val192,val,8,ALL,FZMiFXSJW,4,1.0316219478845596,0.8411369323730469,0.7553693037480116
I3,4000,val192,val,8,ALL,FZQingYSJW-T,4,1.247566133737564,0.796202152967453,1.1590228825807571
I3,4000,val192,val,8,ALL,FZSongKBXKJW-EB,4,0.8920071348547935,0.6814960092306137,0.929350733757019
I3,4000,val192,val,8,ALL,FZSuHJW,4,1.3492192029953003,0.85291787981987,0.7965593338012695
I3,4000,val192,val,8,ALL,FZYouHK_511M,4,1.2067739367485046,0.7762319445610046,1.346650391817093
I3,4000,val192,val,8,ALL,FZZHJW,4,1.3904743194580078,0.8272701054811478,1.5186814069747925
I3,4000,val192,val,8,ALL,FZZanMTJW_Te,4,1.1907920092344284,0.8080663979053497,1.2600177228450775
I3,4000,val192,val,8,ALL,FZZhongYSJW_Te,4,0.9943495765328407,0.6848090589046478,1.239382117986679
I3,4000,val192,val,8,latin,FZBangSKKXJW,4,0.8762487322092056,0.6766688823699951,0.6687727943062782
I3,4000,val192,val,8,latin,FZCaoQBLSJW,4,1.376616895198822,0.8671693950891495,0.4800065606832504
I3,4000,val192,val,8,latin,FZFWZhuZiHeiB,4,1.5409613847732544,0.8339446038007736,0.9735500663518906
I3,4000,val192,val,8,latin,FZHengFSJW-T,4,1.1937892735004425,0.7620488852262497,1.1548708379268646
I3,4000,val192,val,8,latin,FZJunYTJW-H,4,0.5426201447844505,0.7136240303516388,0.8522688001394272
I3,4000,val192,val,8,latin,FZKANGJW,4,1.1513483077287674,0.792409211397171,0.7405204735696316
I3,4000,val192,val,8,latin,FZKuaiHTJW_Te,4,1.1030021607875824,0.8206825852394104,1.2690462172031403
I3,4000,val192,val,8,latin,FZLTHProGBK_H,4,1.1903764456510544,0.799128532409668,0.8365523144602776
I3,4000,val192,val,8,latin,FZMiFXSJW,4,1.0316219478845596,0.8411369323730469,0.7553693037480116
I3,4000,val192,val,8,latin,FZQingYSJW-T,4,1.247566133737564,0.796202152967453,1.1590228825807571
I3,4000,val192,val,8,latin,FZSongKBXKJW-EB,4,0.8920071348547935,0.6814960092306137,0.929350733757019
I3,4000,val192,val,8,latin,FZSuHJW,4,1.3492192029953003,0.85291787981987,0.7965593338012695
I3,4000,val192,val,8,latin,FZYouHK_511M,4,1.2067739367485046,0.7762319445610046,1.346650391817093
I3,4000,val192,val,8,latin,FZZHJW,4,1.3904743194580078,0.8272701054811478,1.5186814069747925
I3,4000,val192,val,8,latin,FZZanMTJW_Te,4,1.1907920092344284,0.8080663979053497,1.2600177228450775
I3,4000,val192,val,8,latin,FZZhongYSJW_Te,4,0.9943495765328407,0.6848090589046478,1.239382117986679
I3,4000,val192,val,ALL,ALL,FZBangSKKXJW,12,0.8628913760185242,0.6792358507712682,0.6687727943062782
I3,4000,val192,val,ALL,ALL,FZCaoQBLSJW,12,1.3711820145448048,0.8593719452619553,0.4800065606832504
I3,4000,val192,val,ALL,ALL,FZFWZhuZiHeiB,12,1.489925930897395,0.8250235517819723,0.9735500663518906
I3,4000,val192,val,ALL,ALL,FZHengFSJW-T,12,1.2023628453413646,0.7606361409028372,1.1548708379268646
I3,4000,val192,val,ALL,ALL,FZJunYTJW-H,12,0.8020762751499811,0.7539553840955099,0.8522688001394272
I3,4000,val192,val,ALL,ALL,FZKANGJW,12,0.9602586974700292,0.755086824297905,0.7405204735696316
I3,4000,val192,val,ALL,ALL,FZKuaiHTJW_Te,12,0.9877344146370888,0.7911475896835327,1.2690462172031403
I3,4000,val192,val,ALL,ALL,FZLTHProGBK_H,12,1.1178866525491078,0.7729904105265936,0.8365523144602776
I3,4000,val192,val,ALL,ALL,FZMiFXSJW,12,0.9946074560284615,0.8303473045428594,0.7553693037480116
I3,4000,val192,val,ALL,ALL,FZQingYSJW-T,12,1.2657435238361359,0.7959179828564326,1.1590228825807571
I3,4000,val192,val,ALL,ALL,FZSongKBXKJW-EB,12,0.9717038348317146,0.7035877108573914,0.929350733757019
I3,4000,val192,val,ALL,ALL,FZSuHJW,12,1.3791225105524063,0.8432278633117676,0.7965593338012695
I3,4000,val192,val,ALL,ALL,FZYouHK_511M,12,1.225822592775027,0.7769521127144495,1.346650391817093
I3,4000,val192,val,ALL,ALL,FZZHJW,12,1.3538796305656433,0.8257678101460139,1.5186814069747925
I3,4000,val192,val,ALL,ALL,FZZanMTJW_Te,12,1.216020072499911,0.8083889236052831,1.2600177228450775
I3,4000,val192,val,ALL,ALL,FZZhongYSJW_Te,12,1.063266249994437,0.7070215394099554,1.239382117986679
I3,4000,val192,val,ALL,latin,FZBangSKKXJW,12,0.8628913760185242,0.6792358507712682,0.6687727943062782
I3,4000,val192,val,ALL,latin,FZCaoQBLSJW,12,1.3711820145448048,0.8593719452619553,0.4800065606832504
I3,4000,val192,val,ALL,latin,FZFWZhuZiHeiB,12,1.489925930897395,0.8250235517819723,0.9735500663518906
I3,4000,val192,val,ALL,latin,FZHengFSJW-T,12,1.2023628453413646,0.7606361409028372,1.1548708379268646
I3,4000,val192,val,ALL,latin,FZJunYTJW-H,12,0.8020762751499811,0.7539553840955099,0.8522688001394272
I3,4000,val192,val,ALL,latin,FZKANGJW,12,0.9602586974700292,0.755086824297905,0.7405204735696316
I3,4000,val192,val,ALL,latin,FZKuaiHTJW_Te,12,0.9877344146370888,0.7911475896835327,1.2690462172031403
I3,4000,val192,val,ALL,latin,FZLTHProGBK_H,12,1.1178866525491078,0.7729904105265936,0.8365523144602776
I3,4000,val192,val,ALL,latin,FZMiFXSJW,12,0.9946074560284615,0.8303473045428594,0.7553693037480116
I3,4000,val192,val,ALL,latin,FZQingYSJW-T,12,1.2657435238361359,0.7959179828564326,1.1590228825807571
I3,4000,val192,val,ALL,latin,FZSongKBXKJW-EB,12,0.9717038348317146,0.7035877108573914,0.929350733757019
I3,4000,val192,val,ALL,latin,FZSuHJW,12,1.3791225105524063,0.8432278633117676,0.7965593338012695
I3,4000,val192,val,ALL,latin,FZYouHK_511M,12,1.225822592775027,0.7769521127144495,1.346650391817093
I3,4000,val192,val,ALL,latin,FZZHJW,12,1.3538796305656433,0.8257678101460139,1.5186814069747925
I3,4000,val192,val,ALL,latin,FZZanMTJW_Te,12,1.216020072499911,0.8083889236052831,1.2600177228450775
I3,4000,val192,val,ALL,latin,FZZhongYSJW_Te,12,1.063266249994437,0.7070215394099554,1.239382117986679
I3,6000,val192,val,1,ALL,FZBangSKKXJW,4,1.0494239777326584,0.7454056292772293,0.6687727943062782
I3,6000,val192,val,1,ALL,FZCaoQBLSJW,4,1.3712469041347504,0.8472721129655838,0.4800065606832504
I3,6000,val192,val,1,ALL,FZFWZhuZiHeiB,4,1.2931983023881912,0.7988816648721695,0.9735500663518906
I3,6000,val192,val,1,ALL,FZHengFSJW-T,4,1.1691893637180328,0.7495467364788055,1.1548708379268646
I3,6000,val192,val,1,ALL,FZJunYTJW-H,4,1.0802292823791504,0.8057608604431152,0.8522688001394272
I3,6000,val192,val,1,ALL,FZKANGJW,4,0.8384844213724136,0.7489270716905594,0.7405204735696316
I3,6000,val192,val,1,ALL,FZKuaiHTJW_Te,4,0.6329838261008263,0.7065394520759583,1.2690462172031403
I3,6000,val192,val,1,ALL,FZLTHProGBK_H,4,1.246515229344368,0.800993949174881,0.8365523144602776
I3,6000,val192,val,1,ALL,FZMiFXSJW,4,1.055252879858017,0.8425163328647614,0.7553693037480116
I3,6000,val192,val,1,ALL,FZQingYSJW-T,4,1.283175140619278,0.7890972793102264,1.1590228825807571
I3,6000,val192,val,1,ALL,FZSongKBXKJW-EB,4,1.0211628004908562,0.7308605164289474,0.929350733757019
I3,6000,val192,val,1,ALL,FZSuHJW,4,1.1881620287895203,0.7654130309820175,0.7965593338012695
I3,6000,val192,val,1,ALL,FZYouHK_511M,4,1.2460880428552628,0.7725389152765274,1.346650391817093
I3,6000,val192,val,1,ALL,FZZHJW,4,1.2809112221002579,0.812520757317543,1.5186814069747925
I3,6000,val192,val,1,ALL,FZZanMTJW_Te,4,1.2972039878368378,0.8030259907245636,1.2600177228450775
I3,6000,val192,val,1,ALL,FZZhongYSJW_Te,4,1.2090751230716705,0.6971467882394791,1.239382117986679
I3,6000,val192,val,1,latin,FZBangSKKXJW,4,1.0494239777326584,0.7454056292772293,0.6687727943062782
I3,6000,val192,val,1,latin,FZCaoQBLSJW,4,1.3712469041347504,0.8472721129655838,0.4800065606832504
I3,6000,val192,val,1,latin,FZFWZhuZiHeiB,4,1.2931983023881912,0.7988816648721695,0.9735500663518906
I3,6000,val192,val,1,latin,FZHengFSJW-T,4,1.1691893637180328,0.7495467364788055,1.1548708379268646
I3,6000,val192,val,1,latin,FZJunYTJW-H,4,1.0802292823791504,0.8057608604431152,0.8522688001394272
I3,6000,val192,val,1,latin,FZKANGJW,4,0.8384844213724136,0.7489270716905594,0.7405204735696316
I3,6000,val192,val,1,latin,FZKuaiHTJW_Te,4,0.6329838261008263,0.7065394520759583,1.2690462172031403
I3,6000,val192,val,1,latin,FZLTHProGBK_H,4,1.246515229344368,0.800993949174881,0.8365523144602776
I3,6000,val192,val,1,latin,FZMiFXSJW,4,1.055252879858017,0.8425163328647614,0.7553693037480116
I3,6000,val192,val,1,latin,FZQingYSJW-T,4,1.283175140619278,0.7890972793102264,1.1590228825807571
I3,6000,val192,val,1,latin,FZSongKBXKJW-EB,4,1.0211628004908562,0.7308605164289474,0.929350733757019
I3,6000,val192,val,1,latin,FZSuHJW,4,1.1881620287895203,0.7654130309820175,0.7965593338012695
I3,6000,val192,val,1,latin,FZYouHK_511M,4,1.2460880428552628,0.7725389152765274,1.346650391817093
I3,6000,val192,val,1,latin,FZZHJW,4,1.2809112221002579,0.812520757317543,1.5186814069747925
I3,6000,val192,val,1,latin,FZZanMTJW_Te,4,1.2972039878368378,0.8030259907245636,1.2600177228450775
I3,6000,val192,val,1,latin,FZZhongYSJW_Te,4,1.2090751230716705,0.6971467882394791,1.239382117986679
I3,6000,val192,val,4,ALL,FZBangSKKXJW,4,0.7971290573477745,0.675339013338089,0.6687727943062782
I3,6000,val192,val,4,ALL,FZCaoQBLSJW,4,1.358689785003662,0.866730347275734,0.4800065606832504
I3,6000,val192,val,4,ALL,FZFWZhuZiHeiB,4,1.3277009427547455,0.7952744662761688,0.9735500663518906
I3,6000,val192,val,4,ALL,FZHengFSJW-T,4,1.1149869114160538,0.7307608425617218,1.1548708379268646
I3,6000,val192,val,4,ALL,FZJunYTJW-H,4,0.776203840970993,0.7489695847034454,0.8522688001394272
I3,6000,val192,val,4,ALL,FZKANGJW,4,0.7603829354047775,0.6938259452581406,0.7405204735696316
I3,6000,val192,val,4,ALL,FZKuaiHTJW_Te,4,1.086652085185051,0.8292882889509201,1.2690462172031403
I3,6000,val192,val,4,ALL,FZLTHProGBK_H,4,1.1512000262737274,0.7813895493745804,0.8365523144602776
I3,6000,val192,val,4,ALL,FZMiFXSJW,4,1.1568368673324585,0.8720918446779251,0.7553693037480116
I3,6000,val192,val,4,ALL,FZQingYSJW-T,4,1.2549211382865906,0.7809028178453445,1.1590228825807571
I3,6000,val192,val,4,ALL,FZSongKBXKJW-EB,4,1.074096828699112,0.7327486872673035,0.929350733757019
I3,6000,val192,val,4,ALL,FZSuHJW,4,1.4156658947467804,0.8563023656606674,0.7965593338012695
I3,6000,val192,val,4,ALL,FZYouHK_511M,4,1.3187430799007416,0.7899461686611176,1.346650391817093
I3,6000,val192,val,4,ALL,FZZHJW,4,1.282203584909439,0.8092034608125687,1.5186814069747925
I3,6000,val192,val,4,ALL,FZZanMTJW_Te,4,1.195404976606369,0.8086655139923096,1.2600177228450775
I3,6000,val192,val,4,ALL,FZZhongYSJW_Te,4,1.0825612097978592,0.7172011882066727,1.239382117986679
I3,6000,val192,val,4,latin,FZBangSKKXJW,4,0.7971290573477745,0.675339013338089,0.6687727943062782
I3,6000,val192,val,4,latin,FZCaoQBLSJW,4,1.358689785003662,0.866730347275734,0.4800065606832504
I3,6000,val192,val,4,latin,FZFWZhuZiHeiB,4,1.3277009427547455,0.7952744662761688,0.9735500663518906
I3,6000,val192,val,4,latin,FZHengFSJW-T,4,1.1149869114160538,0.7307608425617218,1.1548708379268646
I3,6000,val192,val,4,latin,FZJunYTJW-H,4,0.776203840970993,0.7489695847034454,0.8522688001394272
I3,6000,val192,val,4,latin,FZKANGJW,4,0.7603829354047775,0.6938259452581406,0.7405204735696316
I3,6000,val192,val,4,latin,FZKuaiHTJW_Te,4,1.086652085185051,0.8292882889509201,1.2690462172031403
I3,6000,val192,val,4,latin,FZLTHProGBK_H,4,1.1512000262737274,0.7813895493745804,0.8365523144602776
I3,6000,val192,val,4,latin,FZMiFXSJW,4,1.1568368673324585,0.8720918446779251,0.7553693037480116
I3,6000,val192,val,4,latin,FZQingYSJW-T,4,1.2549211382865906,0.7809028178453445,1.1590228825807571
I3,6000,val192,val,4,latin,FZSongKBXKJW-EB,4,1.074096828699112,0.7327486872673035,0.929350733757019
I3,6000,val192,val,4,latin,FZSuHJW,4,1.4156658947467804,0.8563023656606674,0.7965593338012695
I3,6000,val192,val,4,latin,FZYouHK_511M,4,1.3187430799007416,0.7899461686611176,1.346650391817093
I3,6000,val192,val,4,latin,FZZHJW,4,1.282203584909439,0.8092034608125687,1.5186814069747925
I3,6000,val192,val,4,latin,FZZanMTJW_Te,4,1.195404976606369,0.8086655139923096,1.2600177228450775
I3,6000,val192,val,4,latin,FZZhongYSJW_Te,4,1.0825612097978592,0.7172011882066727,1.239382117986679
I3,6000,val192,val,8,ALL,FZBangSKKXJW,4,0.907365009188652,0.704070657491684,0.6687727943062782
I3,6000,val192,val,8,ALL,FZCaoQBLSJW,4,1.4194774627685547,0.8651510328054428,0.4800065606832504
I3,6000,val192,val,8,ALL,FZFWZhuZiHeiB,4,1.4799978137016296,0.8244985491037369,0.9735500663518906
I3,6000,val192,val,8,ALL,FZHengFSJW-T,4,1.0968099981546402,0.7247147709131241,1.1548708379268646
I3,6000,val192,val,8,ALL,FZJunYTJW-H,4,0.7717382162809372,0.7426610440015793,0.8522688001394272
I3,6000,val192,val,8,ALL,FZKANGJW,4,1.1724012196063995,0.7871515154838562,0.7405204735696316
I3,6000,val192,val,8,ALL,FZKuaiHTJW_Te,4,0.9989490434527397,0.7997579723596573,1.2690462172031403
I3,6000,val192,val,8,ALL,FZLTHProGBK_H,4,1.2354083955287933,0.8024218827486038,0.8365523144602776
I3,6000,val192,val,8,ALL,FZMiFXSJW,4,1.176900327205658,0.8782477378845215,0.7553693037480116
I3,6000,val192,val,8,ALL,FZQingYSJW-T,4,1.2441224455833435,0.7905756235122681,1.1590228825807571
I3,6000,val192,val,8,ALL,FZSongKBXKJW-EB,4,0.8879885375499725,0.7012949138879776,0.929350733757019
I3,6000,val192,val,8,ALL,FZSuHJW,4,1.460285097360611,0.8693516105413437,0.7965593338012695
I3,6000,val192,val,8,ALL,FZYouHK_511M,4,1.2759534120559692,0.7864747941493988,1.346650391817093
I3,6000,val192,val,8,ALL,FZZHJW,4,1.2521826326847076,0.8078633248806,1.5186814069747925
I3,6000,val192,val,8,ALL,FZZanMTJW_Te,4,1.1837966740131378,0.8060097098350525,1.2600177228450775
I3,6000,val192,val,8,ALL,FZZhongYSJW_Te,4,1.0892759561538696,0.7085129022598267,1.239382117986679
I3,6000,val192,val,8,latin,FZBangSKKXJW,4,0.907365009188652,0.704070657491684,0.6687727943062782
I3,6000,val192,val,8,latin,FZCaoQBLSJW,4,1.4194774627685547,0.8651510328054428,0.4800065606832504
I3,6000,val192,val,8,latin,FZFWZhuZiHeiB,4,1.4799978137016296,0.8244985491037369,0.9735500663518906
I3,6000,val192,val,8,latin,FZHengFSJW-T,4,1.0968099981546402,0.7247147709131241,1.1548708379268646
I3,6000,val192,val,8,latin,FZJunYTJW-H,4,0.7717382162809372,0.7426610440015793,0.8522688001394272
I3,6000,val192,val,8,latin,FZKANGJW,4,1.1724012196063995,0.7871515154838562,0.7405204735696316
I3,6000,val192,val,8,latin,FZKuaiHTJW_Te,4,0.9989490434527397,0.7997579723596573,1.2690462172031403
I3,6000,val192,val,8,latin,FZLTHProGBK_H,4,1.2354083955287933,0.8024218827486038,0.8365523144602776
I3,6000,val192,val,8,latin,FZMiFXSJW,4,1.176900327205658,0.8782477378845215,0.7553693037480116
I3,6000,val192,val,8,latin,FZQingYSJW-T,4,1.2441224455833435,0.7905756235122681,1.1590228825807571
I3,6000,val192,val,8,latin,FZSongKBXKJW-EB,4,0.8879885375499725,0.7012949138879776,0.929350733757019
I3,6000,val192,val,8,latin,FZSuHJW,4,1.460285097360611,0.8693516105413437,0.7965593338012695
I3,6000,val192,val,8,latin,FZYouHK_511M,4,1.2759534120559692,0.7864747941493988,1.346650391817093
I3,6000,val192,val,8,latin,FZZHJW,4,1.2521826326847076,0.8078633248806,1.5186814069747925
I3,6000,val192,val,8,latin,FZZanMTJW_Te,4,1.1837966740131378,0.8060097098350525,1.2600177228450775
I3,6000,val192,val,8,latin,FZZhongYSJW_Te,4,1.0892759561538696,0.7085129022598267,1.239382117986679
I3,6000,val192,val,ALL,ALL,FZBangSKKXJW,12,0.9179726814230283,0.708271766702334,0.6687727943062782
I3,6000,val192,val,ALL,ALL,FZCaoQBLSJW,12,1.3831380506356556,0.8597178310155869,0.4800065606832504
I3,6000,val192,val,ALL,ALL,FZFWZhuZiHeiB,12,1.366965686281522,0.8062182267506918,0.9735500663518906
I3,6000,val192,val,ALL,ALL,FZHengFSJW-T,12,1.1269954244295757,0.7350074499845505,1.1548708379268646
I3,6000,val192,val,ALL,ALL,FZJunYTJW-H,12,0.8760571132103602,0.76579716304938,0.8522688001394272
I3,6000,val192,val,ALL,ALL,FZKANGJW,12,0.9237561921278635,0.743301510810852,0.7405204735696316
I3,6000,val192,val,ALL,ALL,FZKuaiHTJW_Te,12,0.9061949849128723,0.7785285711288452,1.2690462172031403
I3,6000,val192,val,ALL,ALL,FZLTHProGBK_H,12,1.2110412170489628,0.7949351270993551,0.8365523144602776
I3,6000,val192,val,ALL,ALL,FZMiFXSJW,12,1.1296633581320445,0.8642853051424026,0.7553693037480116
I3,6000,val192,val,ALL,ALL,FZQingYSJW-T,12,1.2607395748297374,0.7868585735559464,1.1590228825807571
I3,6000,val192,val,ALL,ALL,FZSongKBXKJW-EB,12,0.9944160555799803,0.7216347058614095,0.929350733757019
I3,6000,val192,val,ALL,ALL,FZSuHJW,12,1.3547043402989705,0.8303556690613428,0.7965593338012695
I3,6000,val192,val,ALL,ALL,FZYouHK_511M,12,1.2802615116039913,0.7829866260290146,1.346650391817093
I3,6000,val192,val,ALL,ALL,FZZHJW,12,1.2717658132314682,0.8098625143369039,1.5186814069747925
I3,6000,val192,val,ALL,ALL,FZZanMTJW_Te,12,1.2254685461521149,0.8059004048506418,1.2600177228450775
I3,6000,val192,val,ALL,ALL,FZZhongYSJW_Te,12,1.1269707630077999,0.7076202929019928,1.239382117986679
I3,6000,val192,val,ALL,latin,FZBangSKKXJW,12,0.9179726814230283,0.708271766702334,0.6687727943062782
I3,6000,val192,val,ALL,latin,FZCaoQBLSJW,12,1.3831380506356556,0.8597178310155869,0.4800065606832504
I3,6000,val192,val,ALL,latin,FZFWZhuZiHeiB,12,1.366965686281522,0.8062182267506918,0.9735500663518906
I3,6000,val192,val,ALL,latin,FZHengFSJW-T,12,1.1269954244295757,0.7350074499845505,1.1548708379268646
I3,6000,val192,val,ALL,latin,FZJunYTJW-H,12,0.8760571132103602,0.76579716304938,0.8522688001394272
I3,6000,val192,val,ALL,latin,FZKANGJW,12,0.9237561921278635,0.743301510810852,0.7405204735696316
I3,6000,val192,val,ALL,latin,FZKuaiHTJW_Te,12,0.9061949849128723,0.7785285711288452,1.2690462172031403
I3,6000,val192,val,ALL,latin,FZLTHProGBK_H,12,1.2110412170489628,0.7949351270993551,0.8365523144602776
I3,6000,val192,val,ALL,latin,FZMiFXSJW,12,1.1296633581320445,0.8642853051424026,0.7553693037480116
I3,6000,val192,val,ALL,latin,FZQingYSJW-T,12,1.2607395748297374,0.7868585735559464,1.1590228825807571
I3,6000,val192,val,ALL,latin,FZSongKBXKJW-EB,12,0.9944160555799803,0.7216347058614095,0.929350733757019
I3,6000,val192,val,ALL,latin,FZSuHJW,12,1.3547043402989705,0.8303556690613428,0.7965593338012695
I3,6000,val192,val,ALL,latin,FZYouHK_511M,12,1.2802615116039913,0.7829866260290146,1.346650391817093
I3,6000,val192,val,ALL,latin,FZZHJW,12,1.2717658132314682,0.8098625143369039,1.5186814069747925
I3,6000,val192,val,ALL,latin,FZZanMTJW_Te,12,1.2254685461521149,0.8059004048506418,1.2600177228450775
I3,6000,val192,val,ALL,latin,FZZhongYSJW_Te,12,1.1269707630077999,0.7076202929019928,1.239382117986679
I3,8000,val192,val,1,ALL,FZBangSKKXJW,4,0.9891323149204254,0.7284245640039444,0.6687727943062782
I3,8000,val192,val,1,ALL,FZCaoQBLSJW,4,1.2968522906303406,0.8238238096237183,0.4800065606832504
I3,8000,val192,val,1,ALL,FZFWZhuZiHeiB,4,1.3861015439033508,0.8118655830621719,0.9735500663518906
I3,8000,val192,val,1,ALL,FZHengFSJW-T,4,1.1458220481872559,0.7423699051141739,1.1548708379268646
I3,8000,val192,val,1,ALL,FZJunYTJW-H,4,1.1186369955539703,0.8152679204940796,0.8522688001394272
I3,8000,val192,val,1,ALL,FZKANGJW,4,1.0325506180524826,0.7510220110416412,0.7405204735696316
I3,8000,val192,val,1,ALL,FZKuaiHTJW_Te,4,0.4544640965759754,0.6900667101144791,1.2690462172031403
I3,8000,val192,val,1,ALL,FZLTHProGBK_H,4,1.1553230285644531,0.778825432062149,0.8365523144602776
I3,8000,val192,val,1,ALL,FZMiFXSJW,4,1.087891548871994,0.8554587364196777,0.7553693037480116
I3,8000,val192,val,1,ALL,FZQingYSJW-T,4,1.3022352159023285,0.7949862331151962,1.1590228825807571
I3,8000,val192,val,1,ALL,FZSongKBXKJW-EB,4,0.9315526485443115,0.7068751603364944,0.929350733757019
I3,8000,val192,val,1,ALL,FZSuHJW,4,1.2054946422576904,0.7765543311834335,0.7965593338012695
I3,8000,val192,val,1,ALL,FZYouHK_511M,4,1.2279806733131409,0.7803724706172943,1.346650391817093
I3,8000,val192,val,1,ALL,FZZHJW,4,1.2874587774276733,0.8218820989131927,1.5186814069747925
I3,8000,val192,val,1,ALL,FZZanMTJW_Te,4,1.242009162902832,0.7844735831022263,1.2600177228450775
I3,8000,val192,val,1,ALL,FZZhongYSJW_Te,4,1.2380838692188263,0.7018148005008698,1.239382117986679
I3,8000,val192,val,1,latin,FZBangSKKXJW,4,0.9891323149204254,0.7284245640039444,0.6687727943062782
I3,8000,val192,val,1,latin,FZCaoQBLSJW,4,1.2968522906303406,0.8238238096237183,0.4800065606832504
I3,8000,val192,val,1,latin,FZFWZhuZiHeiB,4,1.3861015439033508,0.8118655830621719,0.9735500663518906
I3,8000,val192,val,1,latin,FZHengFSJW-T,4,1.1458220481872559,0.7423699051141739,1.1548708379268646
I3,8000,val192,val,1,latin,FZJunYTJW-H,4,1.1186369955539703,0.8152679204940796,0.8522688001394272
I3,8000,val192,val,1,latin,FZKANGJW,4,1.0325506180524826,0.7510220110416412,0.7405204735696316
I3,8000,val192,val,1,latin,FZKuaiHTJW_Te,4,0.4544640965759754,0.6900667101144791,1.2690462172031403
I3,8000,val192,val,1,latin,FZLTHProGBK_H,4,1.1553230285644531,0.778825432062149,0.8365523144602776
I3,8000,val192,val,1,latin,FZMiFXSJW,4,1.087891548871994,0.8554587364196777,0.7553693037480116
I3,8000,val192,val,1,latin,FZQingYSJW-T,4,1.3022352159023285,0.7949862331151962,1.1590228825807571
I3,8000,val192,val,1,latin,FZSongKBXKJW-EB,4,0.9315526485443115,0.7068751603364944,0.929350733757019
I3,8000,val192,val,1,latin,FZSuHJW,4,1.2054946422576904,0.7765543311834335,0.7965593338012695
I3,8000,val192,val,1,latin,FZYouHK_511M,4,1.2279806733131409,0.7803724706172943,1.346650391817093
I3,8000,val192,val,1,latin,FZZHJW,4,1.2874587774276733,0.8218820989131927,1.5186814069747925
I3,8000,val192,val,1,latin,FZZanMTJW_Te,4,1.242009162902832,0.7844735831022263,1.2600177228450775
I3,8000,val192,val,1,latin,FZZhongYSJW_Te,4,1.2380838692188263,0.7018148005008698,1.239382117986679
I3,8000,val192,val,4,ALL,FZBangSKKXJW,4,0.7516474276781082,0.6629453599452972,0.6687727943062782
I3,8000,val192,val,4,ALL,FZCaoQBLSJW,4,1.3969457149505615,0.8706505000591278,0.4800065606832504
I3,8000,val192,val,4,ALL,FZFWZhuZiHeiB,4,1.2577458918094635,0.7876360714435577,0.9735500663518906
I3,8000,val192,val,4,ALL,FZHengFSJW-T,4,1.106104090809822,0.7439575493335724,1.1548708379268646
I3,8000,val192,val,4,ALL,FZJunYTJW-H,4,0.7691018059849739,0.7351144552230835,0.8522688001394272
I3,8000,val192,val,4,ALL,FZKANGJW,4,0.8668473958969116,0.7065409272909164,0.7405204735696316
I3,8000,val192,val,4,ALL,FZKuaiHTJW_Te,4,1.121064081788063,0.8401492238044739,1.2690462172031403
I3,8000,val192,val,4,ALL,FZLTHProGBK_H,4,1.1118291467428207,0.7570499181747437,0.8365523144602776
I3,8000,val192,val,4,ALL,FZMiFXSJW,4,1.1280236095190048,0.8518513590097427,0.7553693037480116
I3,8000,val192,val,4,ALL,FZQingYSJW-T,4,1.2525519728660583,0.7873524874448776,1.1590228825807571
I3,8000,val192,val,4,ALL,FZSongKBXKJW-EB,4,1.1544771641492844,0.736567035317421,0.929350733757019
I3,8000,val192,val,4,ALL,FZSuHJW,4,1.533848613500595,0.8796859085559845,0.7965593338012695
I3,8000,val192,val,4,ALL,FZYouHK_511M,4,1.2506305426359177,0.7888260036706924,1.346650391817093
I3,8000,val192,val,4,ALL,FZZHJW,4,1.3082537353038788,0.8162124752998352,1.5186814069747925
I3,8000,val192,val,4,ALL,FZZanMTJW_Te,4,1.2144562602043152,0.7909256815910339,1.2600177228450775
I3,8000,val192,val,4,ALL,FZZhongYSJW_Te,4,1.2630555331707,0.7675694078207016,1.239382117986679
I3,8000,val192,val,4,latin,FZBangSKKXJW,4,0.7516474276781082,0.6629453599452972,0.6687727943062782
I3,8000,val192,val,4,latin,FZCaoQBLSJW,4,1.3969457149505615,0.8706505000591278,0.4800065606832504
I3,8000,val192,val,4,latin,FZFWZhuZiHeiB,4,1.2577458918094635,0.7876360714435577,0.9735500663518906
I3,8000,val192,val,4,latin,FZHengFSJW-T,4,1.106104090809822,0.7439575493335724,1.1548708379268646
I3,8000,val192,val,4,latin,FZJunYTJW-H,4,0.7691018059849739,0.7351144552230835,0.8522688001394272
I3,8000,val192,val,4,latin,FZKANGJW,4,0.8668473958969116,0.7065409272909164,0.7405204735696316
I3,8000,val192,val,4,latin,FZKuaiHTJW_Te,4,1.121064081788063,0.8401492238044739,1.2690462172031403
I3,8000,val192,val,4,latin,FZLTHProGBK_H,4,1.1118291467428207,0.7570499181747437,0.8365523144602776
I3,8000,val192,val,4,latin,FZMiFXSJW,4,1.1280236095190048,0.8518513590097427,0.7553693037480116
I3,8000,val192,val,4,latin,FZQingYSJW-T,4,1.2525519728660583,0.7873524874448776,1.1590228825807571
I3,8000,val192,val,4,latin,FZSongKBXKJW-EB,4,1.1544771641492844,0.736567035317421,0.929350733757019
I3,8000,val192,val,4,latin,FZSuHJW,4,1.533848613500595,0.8796859085559845,0.7965593338012695
I3,8000,val192,val,4,latin,FZYouHK_511M,4,1.2506305426359177,0.7888260036706924,1.346650391817093
I3,8000,val192,val,4,latin,FZZHJW,4,1.3082537353038788,0.8162124752998352,1.5186814069747925
I3,8000,val192,val,4,latin,FZZanMTJW_Te,4,1.2144562602043152,0.7909256815910339,1.2600177228450775
I3,8000,val192,val,4,latin,FZZhongYSJW_Te,4,1.2630555331707,0.7675694078207016,1.239382117986679
I3,8000,val192,val,8,ALL,FZBangSKKXJW,4,0.9003404527902603,0.7015919089317322,0.6687727943062782
I3,8000,val192,val,8,ALL,FZCaoQBLSJW,4,1.3469943702220917,0.8465604037046432,0.4800065606832504
I3,8000,val192,val,8,ALL,FZFWZhuZiHeiB,4,1.4177365005016327,0.8292102962732315,0.9735500663518906
I3,8000,val192,val,8,ALL,FZHengFSJW-T,4,1.081507533788681,0.7369739860296249,1.1548708379268646
I3,8000,val192,val,8,ALL,FZJunYTJW-H,4,0.6311177439056337,0.6967230290174484,0.8522688001394272
I3,8000,val192,val,8,ALL,FZKANGJW,4,1.2300050556659698,0.7852972447872162,0.7405204735696316
I3,8000,val192,val,8,ALL,FZKuaiHTJW_Te,4,1.09200881421566,0.8232196420431137,1.2690462172031403
I3,8000,val192,val,8,ALL,FZLTHProGBK_H,4,1.2744829058647156,0.7986101508140564,0.8365523144602776
I3,8000,val192,val,8,ALL,FZMiFXSJW,4,1.1991178542375565,0.868576854467392,0.7553693037480116
I3,8000,val192,val,8,ALL,FZQingYSJW-T,4,1.2417760789394379,0.8006971925497055,1.1590228825807571
I3,8000,val192,val,8,ALL,FZSongKBXKJW-EB,4,0.8405704349279404,0.7005378901958466,0.929350733757019
I3,8000,val192,val,8,ALL,FZSuHJW,4,1.5431815683841705,0.880597859621048,0.7965593338012695
I3,8000,val192,val,8,ALL,FZYouHK_511M,4,1.2701393961906433,0.7937557697296143,1.346650391817093
I3,8000,val192,val,8,ALL,FZZHJW,4,1.3116068542003632,0.8190484344959259,1.5186814069747925
I3,8000,val192,val,8,ALL,FZZanMTJW_Te,4,1.2334882766008377,0.7882220298051834,1.2600177228450775
I3,8000,val192,val,8,ALL,FZZhongYSJW_Te,4,1.2064782083034515,0.7116557061672211,1.239382117986679
I3,8000,val192,val,8,latin,FZBangSKKXJW,4,0.9003404527902603,0.7015919089317322,0.6687727943062782
I3,8000,val192,val,8,latin,FZCaoQBLSJW,4,1.3469943702220917,0.8465604037046432,0.4800065606832504
I3,8000,val192,val,8,latin,FZFWZhuZiHeiB,4,1.4177365005016327,0.8292102962732315,0.9735500663518906
I3,8000,val192,val,8,latin,FZHengFSJW-T,4,1.081507533788681,0.7369739860296249,1.1548708379268646
I3,8000,val192,val,8,latin,FZJunYTJW-H,4,0.6311177439056337,0.6967230290174484,0.8522688001394272
I3,8000,val192,val,8,latin,FZKANGJW,4,1.2300050556659698,0.7852972447872162,0.7405204735696316
I3,8000,val192,val,8,latin,FZKuaiHTJW_Te,4,1.09200881421566,0.8232196420431137,1.2690462172031403
I3,8000,val192,val,8,latin,FZLTHProGBK_H,4,1.2744829058647156,0.7986101508140564,0.8365523144602776
I3,8000,val192,val,8,latin,FZMiFXSJW,4,1.1991178542375565,0.868576854467392,0.7553693037480116
I3,8000,val192,val,8,latin,FZQingYSJW-T,4,1.2417760789394379,0.8006971925497055,1.1590228825807571
I3,8000,val192,val,8,latin,FZSongKBXKJW-EB,4,0.8405704349279404,0.7005378901958466,0.929350733757019
I3,8000,val192,val,8,latin,FZSuHJW,4,1.5431815683841705,0.880597859621048,0.7965593338012695
I3,8000,val192,val,8,latin,FZYouHK_511M,4,1.2701393961906433,0.7937557697296143,1.346650391817093
I3,8000,val192,val,8,latin,FZZHJW,4,1.3116068542003632,0.8190484344959259,1.5186814069747925
I3,8000,val192,val,8,latin,FZZanMTJW_Te,4,1.2334882766008377,0.7882220298051834,1.2600177228450775
I3,8000,val192,val,8,latin,FZZhongYSJW_Te,4,1.2064782083034515,0.7116557061672211,1.239382117986679
I3,8000,val192,val,ALL,ALL,FZBangSKKXJW,12,0.8803733984629313,0.6976539442936579,0.6687727943062782
I3,8000,val192,val,ALL,ALL,FZCaoQBLSJW,12,1.3469307919343312,0.8470115711291631,0.4800065606832504
I3,8000,val192,val,ALL,ALL,FZFWZhuZiHeiB,12,1.3538613120714824,0.8095706502596537,0.9735500663518906
I3,8000,val192,val,ALL,ALL,FZHengFSJW-T,12,1.111144557595253,0.7411004801591238,1.1548708379268646
I3,8000,val192,val,ALL,ALL,FZJunYTJW-H,12,0.839618848481526,0.7490351349115372,0.8522688001394272
I3,8000,val192,val,ALL,ALL,FZKANGJW,12,1.0431343565384548,0.7476200610399246,0.7405204735696316
I3,8000,val192,val,ALL,ALL,FZKuaiHTJW_Te,12,0.8891789975265662,0.7844785253206888,1.2690462172031403
I3,8000,val192,val,ALL,ALL,FZLTHProGBK_H,12,1.1805450270573299,0.7781618336836497,0.8365523144602776
I3,8000,val192,val,ALL,ALL,FZMiFXSJW,12,1.1383443375428517,0.8586289832989374,0.7553693037480116
I3,8000,val192,val,ALL,ALL,FZQingYSJW-T,12,1.2655210892359416,0.7943453043699265,1.1590228825807571
I3,8000,val192,val,ALL,ALL,FZSongKBXKJW-EB,12,0.9755334158738455,0.7146600286165873,0.929350733757019
I3,8000,val192,val,ALL,ALL,FZSuHJW,12,1.427508274714152,0.845612699786822,0.7965593338012695
I3,8000,val192,val,ALL,ALL,FZYouHK_511M,12,1.2495835373799007,0.7876514146725336,1.346650391817093
I3,8000,val192,val,ALL,ALL,FZZHJW,12,1.3024397889773052,0.8190476695696512,1.5186814069747925
I3,8000,val192,val,ALL,ALL,FZZanMTJW_Te,12,1.2299845665693283,0.7878737648328146,1.2600177228450775
I3,8000,val192,val,ALL,ALL,FZZhongYSJW_Te,12,1.2358725368976593,0.7270133048295975,1.239382117986679
I3,8000,val192,val,ALL,latin,FZBangSKKXJW,12,0.8803733984629313,0.6976539442936579,0.6687727943062782
I3,8000,val192,val,ALL,latin,FZCaoQBLSJW,12,1.3469307919343312,0.8470115711291631,0.4800065606832504
I3,8000,val192,val,ALL,latin,FZFWZhuZiHeiB,12,1.3538613120714824,0.8095706502596537,0.9735500663518906
I3,8000,val192,val,ALL,latin,FZHengFSJW-T,12,1.111144557595253,0.7411004801591238,1.1548708379268646
I3,8000,val192,val,ALL,latin,FZJunYTJW-H,12,0.839618848481526,0.7490351349115372,0.8522688001394272
I3,8000,val192,val,ALL,latin,FZKANGJW,12,1.0431343565384548,0.7476200610399246,0.7405204735696316
I3,8000,val192,val,ALL,latin,FZKuaiHTJW_Te,12,0.8891789975265662,0.7844785253206888,1.2690462172031403
I3,8000,val192,val,ALL,latin,FZLTHProGBK_H,12,1.1805450270573299,0.7781618336836497,0.8365523144602776
I3,8000,val192,val,ALL,latin,FZMiFXSJW,12,1.1383443375428517,0.8586289832989374,0.7553693037480116
I3,8000,val192,val,ALL,latin,FZQingYSJW-T,12,1.2655210892359416,0.7943453043699265,1.1590228825807571
I3,8000,val192,val,ALL,latin,FZSongKBXKJW-EB,12,0.9755334158738455,0.7146600286165873,0.929350733757019
I3,8000,val192,val,ALL,latin,FZSuHJW,12,1.427508274714152,0.845612699786822,0.7965593338012695
I3,8000,val192,val,ALL,latin,FZYouHK_511M,12,1.2495835373799007,0.7876514146725336,1.346650391817093
I3,8000,val192,val,ALL,latin,FZZHJW,12,1.3024397889773052,0.8190476695696512,1.5186814069747925
I3,8000,val192,val,ALL,latin,FZZanMTJW_Te,12,1.2299845665693283,0.7878737648328146,1.2600177228450775
I3,8000,val192,val,ALL,latin,FZZhongYSJW_Te,12,1.2358725368976593,0.7270133048295975,1.239382117986679
I3,10000,formal4096,val,1,ALL,FZBangSKKXJW,64,0.8336157079320401,0.6222880193963647,0.8383674193173647
I3,10000,formal4096,val,1,ALL,FZCaoQBLSJW,64,1.1106045108754188,0.8263938557356596,0.8562735375016928
I3,10000,formal4096,val,1,ALL,FZFWZhuZiHeiB,64,1.3212765655480325,0.8287542425096035,1.0214777514338493
I3,10000,formal4096,val,1,ALL,FZHengFSJW-T,64,1.1277642743662,0.8271462535485625,1.1624632813036442
I3,10000,formal4096,val,1,ALL,FZJunYTJW-H,64,0.9415374943055212,0.7483868231065571,0.8090110485209152
I3,10000,formal4096,val,1,ALL,FZKANGJW,64,0.9431577384239063,0.7653040899895132,0.9039787286892533
I3,10000,formal4096,val,1,ALL,FZKuaiHTJW_Te,64,1.0080922471825033,0.7775421179831028,1.2415367886424065
I3,10000,formal4096,val,1,ALL,FZLTHProGBK_H,64,1.150088724680245,0.7968810554593801,1.0033346930285916
I3,10000,formal4096,val,1,ALL,FZMiFXSJW,64,1.1153274257667363,0.8554681167006493,1.0821409556083381
I3,10000,formal4096,val,1,ALL,FZQingYSJW-T,64,1.2314746445044875,0.8187884660437703,1.0917087085545063
I3,10000,formal4096,val,1,ALL,FZSongKBXKJW-EB,64,1.3985714078880847,0.8069933978840709,1.149775526020676
I3,10000,formal4096,val,1,ALL,FZSuHJW,64,1.216570415534079,0.798446205444634,0.7419911697506905
I3,10000,formal4096,val,1,ALL,FZYouHK_511M,64,1.2775887154275551,0.8077404070645571,1.300058301538229
I3,10000,formal4096,val,1,ALL,FZZHJW,64,1.2757627675309777,0.8407443603500724,1.1881522201001644
I3,10000,formal4096,val,1,ALL,FZZanMTJW_Te,64,1.1162027982063591,0.7426560097374022,1.0213664616458118
I3,10000,formal4096,val,1,ALL,FZZhongYSJW_Te,64,1.1946157375350595,0.7678560549393296,1.25036009401083
I3,10000,formal4096,val,1,bopomofo,FZBangSKKXJW,16,0.9238787945359945,0.6495479606091976,0.8691550195217133
I3,10000,formal4096,val,1,bopomofo,FZCaoQBLSJW,16,1.0426214430481195,0.8107317462563515,1.0050677061080933
I3,10000,formal4096,val,1,bopomofo,FZFWZhuZiHeiB,16,1.3420775458216667,0.8391115292906761,1.68684920668602
I3,10000,formal4096,val,1,bopomofo,FZHengFSJW-T,16,1.1290207877755165,0.8889027610421181,1.1945441365242004
I3,10000,formal4096,val,1,bopomofo,FZMiFXSJW,16,1.1034580208361149,0.8477757908403873,1.0658781677484512
I3,10000,formal4096,val,1,bopomofo,FZQingYSJW-T,16,1.2736149281263351,0.8828927725553513,1.003349632024765
I3,10000,formal4096,val,1,bopomofo,FZSongKBXKJW-EB,16,1.630590409040451,0.8490769378840923,1.7157626748085022
I3,10000,formal4096,val,1,bopomofo,FZYouHK_511M,16,1.4540133476257324,0.8512203842401505,1.2918909341096878
I3,10000,formal4096,val,1,bopomofo,FZZHJW,16,1.3999830484390259,0.9113040864467621,0.7944012880325317
I3,10000,formal4096,val,1,kana,FZBangSKKXJW,12,0.8505231887102127,0.6559231181939443,0.7585003773371378
I3,10000,formal4096,val,1,kana,FZCaoQBLSJW,12,1.1169861356417339,0.8450230111678442,1.3175904750823975
I3,10000,formal4096,val,1,kana,FZFWZhuZiHeiB,12,1.0709239517649014,0.8419129699468613,0.8952454129854838
I3,10000,formal4096,val,1,kana,FZHengFSJW-T,12,1.0380763759215672,0.8281417638063431,1.2082821528116863
I3,10000,formal4096,val,1,kana,FZKuaiHTJW_Te,12,1.103506624698639,0.7669210831324259,1.4598731994628906
I3,10000,formal4096,val,1,kana,FZLTHProGBK_H,12,1.0046183938781421,0.79506483177344,1.3368837436040242
I3,10000,formal4096,val,1,kana,FZMiFXSJW,12,1.129671608408292,0.8563212851683298,1.2366973161697388
I3,10000,formal4096,val,1,kana,FZQingYSJW-T,12,1.2781756420930226,0.8706576824188232,1.137002408504486
I3,10000,formal4096,val,1,kana,FZSongKBXKJW-EB,12,1.5600837369759877,0.8566073973973592,1.297378659248352
I3,10000,formal4096,val,1,kana,FZSuHJW,12,1.1971659511327744,0.8705954452355703,1.1700513164202373
I3,10000,formal4096,val,1,kana,FZYouHK_511M,12,1.2724658399820328,0.8704092105229696,1.3883026440938313
I3,10000,formal4096,val,1,kana,FZZHJW,12,1.2972112347682316,0.8486014654239019,1.2767743666966755
I3,10000,formal4096,val,1,kana,FZZanMTJW_Te,12,1.4701732695102692,0.8449325114488602,1.5672092040379841
I3,10000,formal4096,val,1,kana,FZZhongYSJW_Te,12,1.3826173096895218,0.7795495440562566,1.7110515435536702
I3,10000,formal4096,val,1,latin,FZBangSKKXJW,36,0.7878629536264472,0.5989607903692458,0.8513063887755076
I3,10000,formal4096,val,1,latin,FZCaoQBLSJW,36,1.1386919994321134,0.827145074804624,0.6363704833719466
I3,10000,formal4096,val,1,latin,FZFWZhuZiHeiB,36,1.395482556687461,0.819764761461152,0.7678345508045621
I3,10000,formal4096,val,1,latin,FZHengFSJW-T,36,1.1571017901102703,0.7993670801321665,1.1329321662584941
I3,10000,formal4096,val,1,latin,FZJunYTJW-H,64,0.9415374943055212,0.7483868231065571,0.8090110485209152
I3,10000,formal4096,val,1,latin,FZKANGJW,64,0.9431577384239063,0.7653040899895132,0.9039787286892533
I3,10000,formal4096,val,1,latin,FZKuaiHTJW_Te,52,0.9860735446787797,0.7799931260255667,1.1911514630684485
I3,10000,formal4096,val,1,latin,FZLTHProGBK_H,52,1.1836588010191917,0.7973001840022894,0.9263618352034917
I3,10000,formal4096,val,1,latin,FZMiFXSJW,36,1.1158213226331606,0.8586025387048721,1.0378500744700432
I3,10000,formal4096,val,1,latin,FZQingYSJW-T,36,1.1971786303652658,0.77300792435805,1.1158815092510648
I3,10000,formal4096,val,1,latin,FZSongKBXKJW-EB,36,1.2416144087910652,0.771751602490743,0.84902463770575
I3,10000,formal4096,val,1,latin,FZSuHJW,52,1.2210483688574572,0.7817963808774948,0.643208058980795
I3,10000,formal4096,val,1,latin,FZYouHK_511M,36,1.2008853929324284,0.7675263716114892,1.2742734617657132
I3,10000,formal4096,val,1,latin,FZZHJW,36,1.2134042647149827,0.8067654470602671,1.3336119188202753
I3,10000,formal4096,val,1,latin,FZZanMTJW_Te,52,1.0345173048285337,0.7190537401116811,0.8954027518630028
I3,10000,formal4096,val,1,latin,FZZhongYSJW_Te,52,1.1512307593455682,0.765157557450808,1.1440466825778668
I3,10000,formal4096,val,2,ALL,FZBangSKKXJW,64,0.9677799355704337,0.6663293074816465,0.8383674193173647
I3,10000,formal4096,val,2,ALL,FZCaoQBLSJW,64,1.1563254948705435,0.8357843793928623,0.8562735375016928
I3,10000,formal4096,val,2,ALL,FZFWZhuZiHeiB,64,1.2905987165868282,0.8195256004109979,1.0214777514338493
I3,10000,formal4096,val,2,ALL,FZHengFSJW-T,64,1.110823336057365,0.8296029046177864,1.1624632813036442
I3,10000,formal4096,val,2,ALL,FZJunYTJW-H,64,0.9831374555360526,0.7504139780066907,0.8090110485209152
I3,10000,formal4096,val,2,ALL,FZKANGJW,64,0.9482712412427645,0.7584578525274992,0.9039787286892533
I3,10000,formal4096,val,2,ALL,FZKuaiHTJW_Te,64,1.0821922300383449,0.7958344267681241,1.2415367886424065
I3,10000,formal4096,val,2,ALL,FZLTHProGBK_H,64,1.1483106766827404,0.7989030005410314,1.0033346930285916
I3,10000,formal4096,val,2,ALL,FZMiFXSJW,64,1.20589013164863,0.8719883244484663,1.0821409556083381
I3,10000,formal4096,val,2,ALL,FZQingYSJW-T,64,1.2417194182053208,0.8247076887637377,1.0917087085545063
I3,10000,formal4096,val,2,ALL,FZSongKBXKJW-EB,64,1.4261989034712315,0.8171564424410462,1.149775526020676
I3,10000,formal4096,val,2,ALL,FZSuHJW,64,1.2388304052874446,0.8127399533987045,0.7419911697506905
I3,10000,formal4096,val,2,ALL,FZYouHK_511M,64,1.2652456117793918,0.8043898101896048,1.300058301538229
I3,10000,formal4096,val,2,ALL,FZZHJW,64,1.2739189388230443,0.8459820915013552,1.1881522201001644
I3,10000,formal4096,val,2,ALL,FZZanMTJW_Te,64,1.0929036629095208,0.7397511890158057,1.0213664616458118
I3,10000,formal4096,val,2,ALL,FZZhongYSJW_Te,64,1.2220070477051195,0.771725494414568,1.25036009401083
I3,10000,formal4096,val,2,bopomofo,FZBangSKKXJW,16,1.1159739755094051,0.6999770477414131,0.8691550195217133
I3,10000,formal4096,val,2,bopomofo,FZCaoQBLSJW,16,1.1142995730042458,0.8310770131647587,1.0050677061080933
I3,10000,formal4096,val,2,bopomofo,FZFWZhuZiHeiB,16,1.3479994125664234,0.8368511870503426,1.68684920668602
I3,10000,formal4096,val,2,bopomofo,FZHengFSJW-T,16,1.1219122931361198,0.8911338187754154,1.1945441365242004
I3,10000,formal4096,val,2,bopomofo,FZMiFXSJW,16,1.3067341074347496,0.8906282112002373,1.0658781677484512
I3,10000,formal4096,val,2,bopomofo,FZQingYSJW-T,16,1.2650789469480515,0.8623347170650959,1.003349632024765
I3,10000,formal4096,val,2,bopomofo,FZSongKBXKJW-EB,16,1.696705237030983,0.8665685169398785,1.7157626748085022
I3,10000,formal4096,val,2,bopomofo,FZYouHK_511M,16,1.444394625723362,0.8435814529657364,1.2918909341096878
I3,10000,formal4096,val,2,bopomofo,FZZHJW,16,1.3757409453392029,0.9119512140750885,0.7944012880325317
I3,10000,formal4096,val,2,kana,FZBangSKKXJW,12,1.0337463716665904,0.7117490818103155,0.7585003773371378
I3,10000,formal4096,val,2,kana,FZCaoQBLSJW,12,1.201264927784602,0.8669313689072927,1.3175904750823975
I3,10000,formal4096,val,2,kana,FZFWZhuZiHeiB,12,1.0359194378058116,0.8274044543504715,0.8952454129854838
I3,10000,formal4096,val,2,kana,FZHengFSJW-T,12,1.0508997042973836,0.8404648303985596,1.2082821528116863
I3,10000,formal4096,val,2,kana,FZKuaiHTJW_Te,12,1.226604551076889,0.7762683729330698,1.4598731994628906
I3,10000,formal4096,val,2,kana,FZLTHProGBK_H,12,1.0154776523510616,0.7892861862977346,1.3368837436040242
I3,10000,formal4096,val,2,kana,FZMiFXSJW,12,1.2298929293950398,0.8838362644116083,1.2366973161697388
I3,10000,formal4096,val,2,kana,FZQingYSJW-T,12,1.3129231929779053,0.8926888306935629,1.137002408504486
I3,10000,formal4096,val,2,kana,FZSongKBXKJW-EB,12,1.5660875340302784,0.8615615417559942,1.297378659248352
I3,10000,formal4096,val,2,kana,FZSuHJW,12,1.1160448243220646,0.8610380838314692,1.1700513164202373
I3,10000,formal4096,val,2,kana,FZYouHK_511M,12,1.2673678944508235,0.8682904243469238,1.3883026440938313
I3,10000,formal4096,val,2,kana,FZZHJW,12,1.3341854711373646,0.8606797804435095,1.2767743666966755
I3,10000,formal4096,val,2,kana,FZZanMTJW_Te,12,1.4406664967536926,0.8620269447565079,1.5672092040379841
I3,10000,formal4096,val,2,kana,FZZhongYSJW_Te,12,1.4493775193889935,0.7993005613485972,1.7110515435536702
I3,10000,formal4096,val,2,latin,FZBangSKKXJW,36,0.8799271057877276,0.6362348314788606,0.8513063887755076
I3,10000,formal4096,val,2,latin,FZCaoQBLSJW,36,1.160023871395323,0.8274942123227649,0.6363704833719466
I3,10000,formal4096,val,2,latin,FZFWZhuZiHeiB,36,1.349980389078458,0.809199055035909,0.7678345508045621
I3,10000,formal4096,val,2,latin,FZHengFSJW-T,36,1.125869454609023,0.7986351897319158,1.1329321662584941
I3,10000,formal4096,val,2,latin,FZJunYTJW-H,64,0.9831374555360526,0.7504139780066907,0.8090110485209152
I3,10000,formal4096,val,2,latin,FZKANGJW,64,0.9482712412427645,0.7584578525274992,0.9039787286892533
I3,10000,formal4096,val,2,latin,FZKuaiHTJW_Te,52,1.0488663097986808,0.8003496699608289,1.1911514630684485
I3,10000,formal4096,val,2,latin,FZLTHProGBK_H,52,1.1789644515285125,0.8011222653664075,0.9263618352034917
I3,10000,formal4096,val,2,latin,FZMiFXSJW,36,1.1530696542726622,0.8597546170155207,1.0378500744700432
I3,10000,formal4096,val,2,latin,FZQingYSJW-T,36,1.2076028138399124,0.7853241844309701,1.1158815092510648
I3,10000,formal4096,val,2,latin,FZSongKBXKJW-EB,36,1.2593443228138819,0.7803938206699159,0.84902463770575
I3,10000,formal4096,val,2,latin,FZSuHJW,52,1.2671655393563783,0.8015942309911435,0.643208058980795
I3,10000,formal4096,val,2,latin,FZYouHK_511M,36,1.18491640024715,0.7656710975699954,1.2742734617657132
I3,10000,formal4096,val,2,latin,FZZHJW,36,1.2085758695999782,0.8117632518212,1.3336119188202753
I3,10000,formal4096,val,2,latin,FZZanMTJW_Te,52,1.0126507012531734,0.7115337069217975,0.8954027518630028
I3,10000,formal4096,val,2,latin,FZZhongYSJW_Te,52,1.1695369388549948,0.7653620174297919,1.1440466825778668
I3,10000,formal4096,val,4,ALL,FZBangSKKXJW,64,0.9372035781852901,0.6650651786476374,0.8383674193173647
I3,10000,formal4096,val,4,ALL,FZCaoQBLSJW,64,1.2453589290380478,0.849448824301362,0.8562735375016928
I3,10000,formal4096,val,4,ALL,FZFWZhuZiHeiB,64,1.2624088609591126,0.8062195545062423,1.0214777514338493
I3,10000,formal4096,val,4,ALL,FZHengFSJW-T,64,1.094527312554419,0.8242386886849999,1.1624632813036442
I3,10000,formal4096,val,4,ALL,FZJunYTJW-H,64,0.8476614079845604,0.7262463411316276,0.8090110485209152
I3,10000,formal4096,val,4,ALL,FZKANGJW,64,0.8814619531622157,0.744759569875896,0.9039787286892533
I3,10000,formal4096,val,4,ALL,FZKuaiHTJW_Te,64,1.1389105338603258,0.8068733103573322,1.2415367886424065
I3,10000,formal4096,val,4,ALL,FZLTHProGBK_H,64,1.1509671593084931,0.7992518087849021,1.0033346930285916
I3,10000,formal4096,val,4,ALL,FZMiFXSJW,64,1.2279274286702275,0.8786072162911296,1.0821409556083381
I3,10000,formal4096,val,4,ALL,FZQingYSJW-T,64,1.241713846102357,0.8299199556931853,1.0917087085545063
I3,10000,formal4096,val,4,ALL,FZSongKBXKJW-EB,64,1.4050297546200454,0.8180119823664427,1.149775526020676
I3,10000,formal4096,val,4,ALL,FZSuHJW,64,1.2774261301383376,0.8335038982331753,0.7419911697506905
I3,10000,formal4096,val,4,ALL,FZYouHK_511M,64,1.2452174834907055,0.8009164435788989,1.300058301538229
I3,10000,formal4096,val,4,ALL,FZZHJW,64,1.2826456194743514,0.8440141482278705,1.1881522201001644
I3,10000,formal4096,val,4,ALL,FZZanMTJW_Te,64,1.0734769226692151,0.7388424756936729,1.0213664616458118
I3,10000,formal4096,val,4,ALL,FZZhongYSJW_Te,64,1.3180840570712462,0.7889642585068941,1.25036009401083
I3,10000,formal4096,val,4,bopomofo,FZBangSKKXJW,16,1.095090176910162,0.6958149969577789,0.8691550195217133
I3,10000,formal4096,val,4,bopomofo,FZCaoQBLSJW,16,1.1956768743693829,0.8441926501691341,1.0050677061080933
I3,10000,formal4096,val,4,bopomofo,FZFWZhuZiHeiB,16,1.2848800159990788,0.8220882415771484,1.68684920668602
I3,10000,formal4096,val,4,bopomofo,FZHengFSJW-T,16,1.120703149586916,0.8870879709720612,1.1945441365242004
I3,10000,formal4096,val,4,bopomofo,FZMiFXSJW,16,1.3008148334920406,0.8914878815412521,1.0658781677484512
I3,10000,formal4096,val,4,bopomofo,FZQingYSJW-T,16,1.2559581771492958,0.8732756897807121,1.003349632024765
I3,10000,formal4096,val,4,bopomofo,FZSongKBXKJW-EB,16,1.67160115391016,0.8669880144298077,1.7157626748085022
I3,10000,formal4096,val,4,bopomofo,FZYouHK_511M,16,1.433937393128872,0.8450388126075268,1.2918909341096878
I3,10000,formal4096,val,4,bopomofo,FZZHJW,16,1.4267168194055557,0.9211721271276474,0.7944012880325317
I3,10000,formal4096,val,4,kana,FZBangSKKXJW,12,1.0473689784606297,0.7154280543327332,0.7585003773371378
I3,10000,formal4096,val,4,kana,FZCaoQBLSJW,12,1.2866174976030986,0.8819705297549566,1.3175904750823975
I3,10000,formal4096,val,4,kana,FZFWZhuZiHeiB,12,1.0487660318613052,0.8218487550814947,0.8952454129854838
I3,10000,formal4096,val,4,kana,FZHengFSJW-T,12,1.054870958129565,0.8342637916405996,1.2082821528116863
I3,10000,formal4096,val,4,kana,FZKuaiHTJW_Te,12,1.180081491669019,0.7783775925636292,1.4598731994628906
I3,10000,formal4096,val,4,kana,FZLTHProGBK_H,12,1.0478210349877675,0.7984212388594946,1.3368837436040242
I3,10000,formal4096,val,4,kana,FZMiFXSJW,12,1.3066864609718323,0.8974060465892156,1.2366973161697388
I3,10000,formal4096,val,4,kana,FZQingYSJW-T,12,1.3282683392365773,0.898475339015325,1.137002408504486
I3,10000,formal4096,val,4,kana,FZSongKBXKJW-EB,12,1.5885765850543976,0.8678192993005117,1.297378659248352
I3,10000,formal4096,val,4,kana,FZSuHJW,12,1.0652152647574742,0.8644682665665945,1.1700513164202373
I3,10000,formal4096,val,4,kana,FZYouHK_511M,12,1.2303960174322128,0.8621385991573334,1.3883026440938313
I3,10000,formal4096,val,4,kana,FZZHJW,12,1.3988703389962514,0.8695423056681951,1.2767743666966755
I3,10000,formal4096,val,4,kana,FZZanMTJW_Te,12,1.513646552960078,0.8697101473808289,1.5672092040379841
I3,10000,formal4096,val,4,kana,FZZhongYSJW_Te,12,1.6403162777423859,0.8285446067651113,1.7110515435536702
I3,10000,formal4096,val,4,latin,FZBangSKKXJW,36,0.8303099564380116,0.6346109675036536,0.8513063887755076
I3,10000,formal4096,val,4,latin,FZCaoQBLSJW,36,1.253686986035771,0.8409443332089318,0.6363704833719466
I3,10000,formal4096,val,4,latin,FZFWZhuZiHeiB,36,1.3236359573072858,0.7939570711718665,0.7678345508045621
I3,10000,formal4096,val,4,latin,FZHengFSJW-T,36,1.0961123920149274,0.7929639733499951,1.1329321662584941
I3,10000,formal4096,val,4,latin,FZJunYTJW-H,64,0.8476614079845604,0.7262463411316276,0.8090110485209152
I3,10000,formal4096,val,4,latin,FZKANGJW,64,0.8814619531622157,0.744759569875896,0.9039787286892533
I3,10000,formal4096,val,4,latin,FZKuaiHTJW_Te,52,1.1294095435967813,0.8134492452328022,1.1911514630684485
I3,10000,formal4096,val,4,latin,FZLTHProGBK_H,52,1.1747701110748143,0.7994434787676885,0.9263618352034917
I3,10000,formal4096,val,4,latin,FZMiFXSJW,36,1.1692800157599978,0.8666161994139353,1.0378500744700432
I3,10000,formal4096,val,4,latin,FZQingYSJW-T,36,1.2065315345923107,0.7877989461024603,1.1158815092510648
I3,10000,formal4096,val,4,latin,FZSongKBXKJW-EB,36,1.2253713003463216,0.7796424180269241,0.84902463770575
I3,10000,formal4096,val,4,latin,FZSuHJW,52,1.3263978683031523,0.826358274771617,0.643208058980795
I3,10000,formal4096,val,4,latin,FZYouHK_511M,36,1.166282456782129,0.7608991165955862,1.2742734617657132
I3,10000,formal4096,val,4,latin,FZZHJW,36,1.179872401886516,0.8012123273478614,1.3336119188202753
I3,10000,formal4096,val,4,latin,FZZanMTJW_Te,52,0.971899315679016,0.7086422437658677,0.8954027518630028
I3,10000,formal4096,val,4,latin,FZZhongYSJW_Te,52,1.2437227753779063,0.7798303319857671,1.1440466825778668
I3,10000,formal4096,val,8,ALL,FZBangSKKXJW,64,0.9461794369854033,0.6571942837908864,0.8383674193173647
I3,10000,formal4096,val,8,ALL,FZCaoQBLSJW,64,1.2391651589423418,0.8385712439194322,0.8562735375016928
I3,10000,formal4096,val,8,ALL,FZFWZhuZiHeiB,64,1.3203173652291298,0.8197274645790458,1.0214777514338493
I3,10000,formal4096,val,8,ALL,FZHengFSJW-T,64,1.0965762352570891,0.8248471776023507,1.1624632813036442
I3,10000,formal4096,val,8,ALL,FZJunYTJW-H,64,0.7460424665769096,0.7031199452467263,0.8090110485209152
I3,10000,formal4096,val,8,ALL,FZKANGJW,64,1.0947959368349984,0.7769898045808077,0.9039787286892533
I3,10000,formal4096,val,8,ALL,FZKuaiHTJW_Te,64,1.198629847727716,0.8061526706442237,1.2415367886424065
I3,10000,formal4096,val,8,ALL,FZLTHProGBK_H,64,1.1530990079045296,0.7991688689216971,1.0033346930285916
I3,10000,formal4096,val,8,ALL,FZMiFXSJW,64,1.2225931538268924,0.8792401272803545,1.0821409556083381
I3,10000,formal4096,val,8,ALL,FZQingYSJW-T,64,1.2423851899802685,0.8421349078416824,1.0917087085545063
I3,10000,formal4096,val,8,ALL,FZSongKBXKJW-EB,64,1.3768934453837574,0.8133991928771138,1.149775526020676
I3,10000,formal4096,val,8,ALL,FZSuHJW,64,1.293041835539043,0.8465018626302481,0.7419911697506905
I3,10000,formal4096,val,8,ALL,FZYouHK_511M,64,1.2660595066845417,0.8040335448458791,1.300058301538229
I3,10000,formal4096,val,8,ALL,FZZHJW,64,1.2615019199438393,0.8385503962635994,1.1881522201001644
I3,10000,formal4096,val,8,ALL,FZZanMTJW_Te,64,1.0797922271303833,0.7484364677220583,1.0213664616458118
I3,10000,formal4096,val,8,ALL,FZZhongYSJW_Te,64,1.279132307972759,0.7806313633918762,1.25036009401083
I3,10000,formal4096,val,8,bopomofo,FZBangSKKXJW,16,1.115014687180519,0.6946414858102798,0.8691550195217133
I3,10000,formal4096,val,8,bopomofo,FZCaoQBLSJW,16,1.2309293486177921,0.8394323885440826,1.0050677061080933
I3,10000,formal4096,val,8,bopomofo,FZFWZhuZiHeiB,16,1.3287101462483406,0.8276504427194595,1.68684920668602
I3,10000,formal4096,val,8,bopomofo,FZHengFSJW-T,16,1.130260981619358,0.890670619904995,1.1945441365242004
I3,10000,formal4096,val,8,bopomofo,FZMiFXSJW,16,1.2818656712770462,0.892277717590332,1.0658781677484512
I3,10000,formal4096,val,8,bopomofo,FZQingYSJW-T,16,1.2654439583420753,0.8895545527338982,1.003349632024765
I3,10000,formal4096,val,8,bopomofo,FZSongKBXKJW-EB,16,1.648385427892208,0.8566829077899456,1.7157626748085022
I3,10000,formal4096,val,8,bopomofo,FZYouHK_511M,16,1.4287338107824326,0.8397866860032082,1.2918909341096878
I3,10000,formal4096,val,8,bopomofo,FZZHJW,16,1.3969130143523216,0.9185635223984718,0.7944012880325317
I3,10000,formal4096,val,8,kana,FZBangSKKXJW,12,1.0504393229881923,0.7025567640860876,0.7585003773371378
I3,10000,formal4096,val,8,kana,FZCaoQBLSJW,12,1.2805145382881165,0.867476557691892,1.3175904750823975
I3,10000,formal4096,val,8,kana,FZFWZhuZiHeiB,12,1.0827875137329102,0.8319756786028544,0.8952454129854838
I3,10000,formal4096,val,8,kana,FZHengFSJW-T,12,1.0809828291336696,0.8374789307514826,1.2082821528116863
I3,10000,formal4096,val,8,kana,FZKuaiHTJW_Te,12,1.2486677567164104,0.7912133584419886,1.4598731994628906
I3,10000,formal4096,val,8,kana,FZLTHProGBK_H,12,1.0600231687227886,0.7987568428119024,1.3368837436040242
I3,10000,formal4096,val,8,kana,FZMiFXSJW,12,1.2686752080917358,0.8890776882568995,1.2366973161697388
I3,10000,formal4096,val,8,kana,FZQingYSJW-T,12,1.329842170079549,0.9116596480210623,1.137002408504486
I3,10000,formal4096,val,8,kana,FZSongKBXKJW-EB,12,1.5894357760747273,0.8669280558824539,1.297378659248352
I3,10000,formal4096,val,8,kana,FZSuHJW,12,1.0651662697394688,0.8698746909697851,1.1700513164202373
I3,10000,formal4096,val,8,kana,FZYouHK_511M,12,1.2251461744308472,0.8637848744789759,1.3883026440938313
I3,10000,formal4096,val,8,kana,FZZHJW,12,1.4026654263337452,0.8644142597913742,1.2767743666966755
I3,10000,formal4096,val,8,kana,FZZanMTJW_Te,12,1.5125495890776317,0.8746368835369746,1.5672092040379841
I3,10000,formal4096,val,8,kana,FZZhongYSJW_Te,12,1.463514268398285,0.8032587269941965,1.7110515435536702
I3,10000,formal4096,val,8,latin,FZBangSKKXJW,36,0.8363882526755333,0.6254302561283112,0.8513063887755076
I3,10000,formal4096,val,8,latin,FZCaoQBLSJW,36,1.2290423926379945,0.8285534083843231,0.6363704833719466
I3,10000,formal4096,val,8,latin,FZFWZhuZiHeiB,36,1.3957638574971094,0.8121234029531479,0.7678345508045621
I3,10000,formal4096,val,8,latin,FZHengFSJW-T,36,1.0868030389149983,0.791381729973687,1.1329321662584941
I3,10000,formal4096,val,8,latin,FZJunYTJW-H,64,0.7460424665769096,0.7031199452467263,0.8090110485209152
I3,10000,formal4096,val,8,latin,FZKANGJW,64,1.0947959368349984,0.7769898045808077,0.9039787286892533
I3,10000,formal4096,val,8,latin,FZKuaiHTJW_Te,52,1.1870826379610941,0.8096002042293549,1.1911514630684485
I3,10000,formal4096,val,8,latin,FZLTHProGBK_H,52,1.1745780477157006,0.7992639518701113,0.9263618352034917
I3,10000,formal4096,val,8,latin,FZMiFXSJW,36,1.1808891279829874,0.8701664557059606,1.0378500744700432
I3,10000,formal4096,val,8,latin,FZQingYSJW-T,36,1.202984521786372,0.7978845967186822,1.1158815092510648
I3,10000,formal4096,val,8,latin,FZSongKBXKJW-EB,36,1.1853828984830115,0.7763190319140753,0.84902463770575
I3,10000,formal4096,val,8,latin,FZSuHJW,52,1.3456285045697138,0.8411081330134318,0.643208058980795
I3,10000,formal4096,val,8,latin,FZYouHK_511M,36,1.2073975933922663,0.7682261500093672,1.2742734617657132
I3,10000,formal4096,val,8,latin,FZZHJW,36,1.1542647091878786,0.7943677190277312,1.3336119188202753
I3,10000,formal4096,val,8,latin,FZZanMTJW_Te,52,0.9799251436040952,0.719313294841693,0.8954027518630028
I3,10000,formal4096,val,8,latin,FZZhongYSJW_Te,52,1.2365826247976377,0.7754096640990331,1.1440466825778668
I3,10000,formal4096,val,ALL,ALL,FZBangSKKXJW,256,0.9211946646682918,0.6527191973291337,0.8383674193173647
I3,10000,formal4096,val,ALL,ALL,FZCaoQBLSJW,256,1.187863523431588,0.837549575837329,0.8562735375016928
I3,10000,formal4096,val,ALL,ALL,FZFWZhuZiHeiB,256,1.2986503770807758,0.8185567155014724,1.0214777514338493
I3,10000,formal4096,val,ALL,ALL,FZHengFSJW-T,256,1.1074227895587683,0.8264587561134249,1.1624632813036442
I3,10000,formal4096,val,ALL,ALL,FZJunYTJW-H,256,0.879594706100761,0.7320417718729004,0.8090110485209152
I3,10000,formal4096,val,ALL,ALL,FZKANGJW,256,0.9669217174159712,0.761377829243429,0.9039787286892533
I3,10000,formal4096,val,ALL,ALL,FZKuaiHTJW_Te,256,1.1069562147022225,0.7966006314381957,1.2415367886424065
I3,10000,formal4096,val,ALL,ALL,FZLTHProGBK_H,256,1.150616392144002,0.7985511834267527,1.0033346930285916
I3,10000,formal4096,val,ALL,ALL,FZMiFXSJW,256,1.1929345349781215,0.8713259461801499,1.0821409556083381
I3,10000,formal4096,val,ALL,ALL,FZQingYSJW-T,256,1.2393232746981084,0.8288877545855939,1.0917087085545063
I3,10000,formal4096,val,ALL,ALL,FZSongKBXKJW-EB,256,1.4016733778407797,0.8138902538921684,1.149775526020676
I3,10000,formal4096,val,ALL,ALL,FZSuHJW,256,1.256467196624726,0.8227979799266905,0.7419911697506905
I3,10000,formal4096,val,ALL,ALL,FZYouHK_511M,256,1.2635278293455485,0.804270051419735,1.300058301538229
I3,10000,formal4096,val,ALL,ALL,FZZHJW,256,1.2734573114430532,0.8423227490857244,1.1881522201001644
I3,10000,formal4096,val,ALL,ALL,FZZanMTJW_Te,256,1.0905939027288696,0.7424215355422348,1.0213664616458118
I3,10000,formal4096,val,ALL,ALL,FZZhongYSJW_Te,256,1.253459787571046,0.777294292813167,1.25036009401083
I3,10000,formal4096,val,ALL,bopomofo,FZBangSKKXJW,64,1.0624894085340202,0.6849953727796674,0.8691550195217133
I3,10000,formal4096,val,ALL,bopomofo,FZCaoQBLSJW,64,1.145881809759885,0.8313584495335817,1.0050677061080933
I3,10000,formal4096,val,ALL,bopomofo,FZFWZhuZiHeiB,64,1.3259167801588774,0.8314253501594067,1.68684920668602
I3,10000,formal4096,val,ALL,bopomofo,FZHengFSJW-T,64,1.1254743030294776,0.8894487926736474,1.1945441365242004
I3,10000,formal4096,val,ALL,bopomofo,FZMiFXSJW,64,1.2482181582599878,0.8805424002930522,1.0658781677484512
I3,10000,formal4096,val,ALL,bopomofo,FZQingYSJW-T,64,1.2650240026414394,0.8770144330337644,1.003349632024765
I3,10000,formal4096,val,ALL,bopomofo,FZSongKBXKJW-EB,64,1.6618205569684505,0.859829094260931,1.7157626748085022
I3,10000,formal4096,val,ALL,bopomofo,FZYouHK_511M,64,1.4402697943150997,0.8449068339541554,1.2918909341096878
I3,10000,formal4096,val,ALL,bopomofo,FZZHJW,64,1.3998384568840265,0.9157477375119925,0.7944012880325317
I3,10000,formal4096,val,ALL,kana,FZBangSKKXJW,48,0.9955194654564062,0.6964142546057701,0.7585003773371378
I3,10000,formal4096,val,ALL,kana,FZCaoQBLSJW,48,1.2213457748293877,0.8653503668804964,1.3175904750823975
I3,10000,formal4096,val,ALL,kana,FZFWZhuZiHeiB,48,1.059599233791232,0.8307854644954205,0.8952454129854838
I3,10000,formal4096,val,ALL,kana,FZHengFSJW-T,48,1.0562074668705463,0.8350873291492462,1.2082821528116863
I3,10000,formal4096,val,ALL,kana,FZKuaiHTJW_Te,48,1.1897151060402393,0.7781951017677784,1.4598731994628906
I3,10000,formal4096,val,ALL,kana,FZLTHProGBK_H,48,1.0319850624849398,0.7953822749356428,1.3368837436040242
I3,10000,formal4096,val,ALL,kana,FZMiFXSJW,48,1.233731551716725,0.8816603211065134,1.2366973161697388
I3,10000,formal4096,val,ALL,kana,FZQingYSJW-T,48,1.3123023360967636,0.8933703750371933,1.137002408504486
I3,10000,formal4096,val,ALL,kana,FZSongKBXKJW-EB,48,1.5760459080338478,0.8632290735840797,1.297378659248352
I3,10000,formal4096,val,ALL,kana,FZSuHJW,48,1.1108980774879456,0.8664941216508547,1.1700513164202373
I3,10000,formal4096,val,ALL,kana,FZYouHK_511M,48,1.2488439815739791,0.8661557771265507,1.3883026440938313
I3,10000,formal4096,val,ALL,kana,FZZHJW,48,1.3582331178088982,0.8608094528317451,1.2767743666966755
I3,10000,formal4096,val,ALL,kana,FZZanMTJW_Te,48,1.4842589770754178,0.8628266217807928,1.5672092040379841
I3,10000,formal4096,val,ALL,kana,FZZhongYSJW_Te,48,1.4839563438047965,0.8026633597910404,1.7110515435536702
I3,10000,formal4096,val,ALL,latin,FZBangSKKXJW,144,0.8336220671319299,0.6238092113700178,0.8513063887755076
I3,10000,formal4096,val,ALL,latin,FZCaoQBLSJW,144,1.1953613123753004,0.831034257180161,0.6363704833719466
I3,10000,formal4096,val,ALL,latin,FZFWZhuZiHeiB,144,1.3662156901425786,0.8087610726555189,0.7678345508045621
I3,10000,formal4096,val,ALL,latin,FZHengFSJW-T,144,1.1164716689123049,0.7955869932969412,1.1329321662584941
I3,10000,formal4096,val,ALL,latin,FZJunYTJW-H,256,0.879594706100761,0.7320417718729004,0.8090110485209152
I3,10000,formal4096,val,ALL,latin,FZKANGJW,256,0.9669217174159712,0.761377829243429,0.9039787286892533
I3,10000,formal4096,val,ALL,latin,FZKuaiHTJW_Te,208,1.087858009008834,0.8008480613621382,1.1911514630684485
I3,10000,formal4096,val,ALL,latin,FZLTHProGBK_H,208,1.177992852834555,0.7992824700016242,0.9263618352034917
I3,10000,formal4096,val,ALL,latin,FZMiFXSJW,144,1.1547650301622019,0.8637849527100722,1.0378500744700432
I3,10000,formal4096,val,ALL,latin,FZQingYSJW-T,144,1.203574375145965,0.7860039129025407,1.1158815092510648
I3,10000,formal4096,val,ALL,latin,FZSongKBXKJW-EB,144,1.22792823260857,0.7770267182754146,0.84902463770575
I3,10000,formal4096,val,ALL,latin,FZSuHJW,208,1.2900600702716754,0.8127142549134218,0.643208058980795
I3,10000,formal4096,val,ALL,latin,FZYouHK_511M,144,1.1898704608384933,0.7655806839466095,1.2742734617657132
I3,10000,formal4096,val,ALL,latin,FZZHJW,144,1.189029311347339,0.8035271863142649,1.3336119188202753
I3,10000,formal4096,val,ALL,latin,FZZanMTJW_Te,208,0.9997481163412046,0.7146357464102598,0.8954027518630028
I3,10000,formal4096,val,ALL,latin,FZZhongYSJW_Te,208,1.2002682745940267,0.77143989274135,1.1440466825778668
I3,10000,matched4888,test,1,ALL,FZBuGTJW,47,0.3814100394065076,0.6295820157578651,0.5735618734851162
I3,10000,matched4888,test,1,ALL,FZChuangHJW_DB,47,1.3147531370533274,0.802209568784592,1.0242944037977686
I3,10000,matched4888,test,1,ALL,FZCuanBZBKSJW,47,1.2205257942067815,0.7392979796896589,0.5722659070916633
I3,10000,matched4888,test,1,ALL,FZDeSHJW_515H,47,1.2792015621002684,0.8391000945517357,0.9879101647975597
I3,10000,matched4888,test,1,ALL,FZDouNTJW_Te,47,0.6923423455037335,0.7149934413585257,0.9521670576105726
I3,10000,matched4888,test,1,ALL,FZFeiHHJW-H,47,0.4978448708957814,0.5553035526833636,0.5402036107125434
I3,10000,matched4888,test,1,ALL,FZFengYKSJ,47,0.33975493765257775,0.5684926731789366,0.6694826293498912
I3,10000,matched4888,test,1,ALL,FZHanWZKJW,47,1.2095341796570636,0.7902519525365627,0.9681272341849956
I3,10000,matched4888,test,1,ALL,FZHuoYYJW-T,47,1.2250340301939782,0.7904832921129592,1.180650809977917
I3,10000,matched4888,test,1,ALL,FZJianLTJW_Te,47,0.7673756052204903,0.7497881600197326,0.6539842999996023
I3,10000,matched4888,test,1,ALL,FZJingLTJW-H,47,0.7593073969746523,0.6942985685581856,1.187834806898807
I3,10000,matched4888,test,1,ALL,FZJingYLLTJW,47,-0.3353974843754413,0.46213301255347883,0.5446122221331647
I3,10000,matched4888,test,1,ALL,FZLingFKSJW-B,47,1.2772475297146655,0.7846519591960501,0.7503788483507455
I3,10000,matched4888,test,1,ALL,FZLiuGQKJW-L,47,1.0428340029209218,0.6622777720715137,0.4812253009171245
I3,10000,matched4888,test,1,ALL,FZMaWDBSJW,47,1.0797094449083855,0.7499278999389486,1.0726645582533898
I3,10000,matched4888,test,1,ALL,FZTJLSJW,47,0.9421863517862685,0.690855269736432,0.8441000142471587
I3,10000,matched4888,test,1,bopomofo,FZBuGTJW,3,0.5427432159582773,0.733548661073049,0.20360070963700613
I3,10000,matched4888,test,1,bopomofo,FZChuangHJW_DB,3,1.2867844502131145,0.8053313493728638,1.285364071528117
I3,10000,matched4888,test,1,bopomofo,FZCuanBZBKSJW,3,1.4830129146575928,0.8229557275772095,0.6187443435192108
I3,10000,matched4888,test,1,bopomofo,FZDeSHJW_515H,3,1.090774953365326,0.8022653063138326,-2.836193084716797
I3,10000,matched4888,test,1,bopomofo,FZDouNTJW_Te,3,0.7497870624065399,0.6983339985211691,-2.771179755528768
I3,10000,matched4888,test,1,bopomofo,FZFeiHHJW-H,3,0.8153341362873713,0.5892327825228373,0.6614414850870768
I3,10000,matched4888,test,1,bopomofo,FZFengYKSJ,3,0.310304934779803,0.5355167786280314,-0.804143230120341
I3,10000,matched4888,test,1,bopomofo,FZHanWZKJW,3,1.3555351495742798,0.8698893388112386,1.3792950709660847
I3,10000,matched4888,test,1,bopomofo,FZHuoYYJW-T,3,1.2934345801671345,0.8150600790977478,1.2931967576344807
I3,10000,matched4888,test,1,bopomofo,FZJianLTJW_Te,3,0.7025074561436971,0.6973997553189596,-2.946962912877401
I3,10000,matched4888,test,1,bopomofo,FZJingLTJW-H,3,1.128551681836446,0.8061068256696066,0.9385958909988403
I3,10000,matched4888,test,1,bopomofo,FZJingYLLTJW,3,-0.4550768733024597,0.43394800027211505,0.7751223544279734
I3,10000,matched4888,test,1,bopomofo,FZLingFKSJW-B,3,1.3907023270924885,0.8572388887405396,0.3236058826247851
I3,10000,matched4888,test,1,bopomofo,FZLiuGQKJW-L,3,0.6763709386189779,0.554608960946401,0.24786638716856638
I3,10000,matched4888,test,1,bopomofo,FZMaWDBSJW,3,0.8775453567504883,0.7150636116663615,0.7009970843791962
I3,10000,matched4888,test,1,bopomofo,FZTJLSJW,3,0.9555078347524008,0.7468677163124084,-0.8856523533662161
I3,10000,matched4888,test,1,kana,FZBuGTJW,7,0.3085146466536181,0.6788171529769897,0.6470147711890084
I3,10000,matched4888,test,1,kana,FZChuangHJW_DB,7,0.9910290581839425,0.814540011542184,0.9043861159256527
I3,10000,matched4888,test,1,kana,FZCuanBZBKSJW,7,1.278590875012534,0.773422828742436,0.9444009150777545
I3,10000,matched4888,test,1,kana,FZDeSHJW_515H,7,1.230005877358573,0.8248271175793239,0.9187423714569637
I3,10000,matched4888,test,1,kana,FZDouNTJW_Te,7,0.8547138231141227,0.6977150525365557,1.158907732793263
I3,10000,matched4888,test,1,kana,FZFeiHHJW-H,7,0.5573498457670212,0.5894424957888467,0.5397516318729946
I3,10000,matched4888,test,1,kana,FZFengYKSJ,7,0.40429251534598215,0.5669866757733482,0.7319666360105787
I3,10000,matched4888,test,1,kana,FZHanWZKJW,7,1.23847724710192,0.8038922548294067,1.2501805509839738
I3,10000,matched4888,test,1,kana,FZHuoYYJW-T,7,1.269350324358259,0.8201297180993217,1.1756755028452193
I3,10000,matched4888,test,1,kana,FZJianLTJW_Te,7,0.7862141217504229,0.7471925445965358,1.2801651103155953
I3,10000,matched4888,test,1,kana,FZJingLTJW-H,7,1.2679343734468733,0.8231758730752128,1.283643467085702
I3,10000,matched4888,test,1,kana,FZJingYLLTJW,7,-0.47899505735508036,0.37912450092179434,1.1547715493610926
I3,10000,matched4888,test,1,kana,FZLingFKSJW-B,7,1.1390489382403237,0.83212753704616,0.8803398992334094
I3,10000,matched4888,test,1,kana,FZLiuGQKJW-L,7,0.9439605474472046,0.634719865662711,0.5915487004177911
I3,10000,matched4888,test,1,kana,FZMaWDBSJW,7,0.9093918970652989,0.7228483387402126,0.7025937948908124
I3,10000,matched4888,test,1,kana,FZTJLSJW,7,0.923489476953234,0.8042758873530796,0.24508564759578025
I3,10000,matched4888,test,1,latin,FZBuGTJW,37,0.3821199912879918,0.611837532069232,0.5896622304477401
I3,10000,matched4888,test,1,latin,FZChuangHJW_DB,37,1.378265964421066,0.7996236649719445,1.0258119446603027
I3,10000,matched4888,test,1,latin,FZCuanBZBKSJW,37,1.1882577691529248,0.7260588665266294,0.49809346478935834
I3,10000,matched4888,test,1,latin,FZDeSHJW_515H,37,1.3037866869488277,0.8447869919441842,1.3110583891739716
I3,10000,matched4888,test,1,latin,FZDouNTJW_Te,37,0.6569657375582972,0.719613091365711,1.2149469417494696
I3,10000,matched4888,test,1,latin,FZFeiHHJW-H,37,0.4608448000775801,0.5460938150818283,0.5304590223004689
I3,10000,matched4888,test,1,latin,FZFengYKSJ,37,0.3299329637272938,0.571451312786824,0.7771445085873475
I3,10000,matched4888,test,1,latin,FZHanWZKJW,37,1.192220547714749,0.7812142694318617,0.8814278631596952
I3,10000,matched4888,test,1,latin,FZHuoYYJW-T,37,1.2111038758948043,0.7828817963600159,1.1724667371930302
I3,10000,matched4888,test,1,latin,FZJianLTJW_Te,37,0.7690711412075404,0.7545269308863459,0.8274863531460633
I3,10000,matched4888,test,1,latin,FZJingLTJW-H,37,0.6331419458965192,0.6608508414513355,1.1899174049093917
I3,10000,matched4888,test,1,latin,FZJingYLLTJW,37,-0.2985266417365622,0.4801225968309351,0.41048666301208575
I3,10000,matched4888,test,1,latin,FZLingFKSJW-B,37,1.2941941715575553,0.7697846663964761,0.7603948359453195
I3,10000,matched4888,test,1,latin,FZLiuGQKJW-L,37,1.091253013224215,0.6762213336454855,0.47927429942363825
I3,10000,matched4888,test,1,latin,FZMaWDBSJW,37,1.1283233665131234,0.7578778943500003,1.1728131465009741
I3,10000,matched4888,test,1,latin,FZTJLSJW,37,0.9446434781358048,0.6648557653298249,1.0976772485552608
I3,10000,matched4888,test,2,ALL,FZBuGTJW,47,0.530325202310973,0.7016560879159481,0.5735618734851162
I3,10000,matched4888,test,2,ALL,FZChuangHJW_DB,47,1.2414077742302672,0.7781785447546776,1.0242944037977686
I3,10000,matched4888,test,2,ALL,FZCuanBZBKSJW,47,1.2018713773565088,0.7293827394221691,0.5722659070916633
I3,10000,matched4888,test,2,ALL,FZDeSHJW_515H,47,1.310925728463112,0.8595224948639565,0.9879101647975597
I3,10000,matched4888,test,2,ALL,FZDouNTJW_Te,47,0.7722587887831824,0.7251509998707061,0.9521670576105726
I3,10000,matched4888,test,2,ALL,FZFeiHHJW-H,47,0.6843404256282969,0.5863293593234205,0.5402036107125434
I3,10000,matched4888,test,2,ALL,FZFengYKSJ,47,0.25186823066720304,0.5335735596240835,0.6694826293498912
I3,10000,matched4888,test,2,ALL,FZHanWZKJW,47,1.2187239502338654,0.8038256358593068,0.9681272341849956
I3,10000,matched4888,test,2,ALL,FZHuoYYJW-T,47,1.2007361485603008,0.7694105543988816,1.180650809977917
I3,10000,matched4888,test,2,ALL,FZJianLTJW_Te,47,0.8772338704859957,0.7623260794801915,0.6539842999996023
I3,10000,matched4888,test,2,ALL,FZJingLTJW-H,47,0.928070128241435,0.7548729555403932,1.187834806898807
I3,10000,matched4888,test,2,ALL,FZJingYLLTJW,47,0.3289976876149786,0.6374405939528283,0.5446122221331647
I3,10000,matched4888,test,2,ALL,FZLingFKSJW-B,47,1.3714542636211882,0.7980944121137579,0.7503788483507455
I3,10000,matched4888,test,2,ALL,FZLiuGQKJW-L,47,1.0714257676550683,0.6965242598919158,0.4812253009171245
I3,10000,matched4888,test,2,ALL,FZMaWDBSJW,47,1.0122388778848852,0.7500998238299755,1.0726645582533898
I3,10000,matched4888,test,2,ALL,FZTJLSJW,47,1.007436548141723,0.7233174126198951,0.8441000142471587
I3,10000,matched4888,test,2,bopomofo,FZBuGTJW,3,0.996669352054596,0.847806711991628,0.20360070963700613
I3,10000,matched4888,test,2,bopomofo,FZChuangHJW_DB,3,1.1400418281555176,0.7829850713411967,1.285364071528117
I3,10000,matched4888,test,2,bopomofo,FZCuanBZBKSJW,3,1.5233994325002034,0.8355062206586202,0.6187443435192108
I3,10000,matched4888,test,2,bopomofo,FZDeSHJW_515H,3,1.3190810680389404,0.8739072680473328,-2.836193084716797
I3,10000,matched4888,test,2,bopomofo,FZDouNTJW_Te,3,1.006344884634018,0.7076069712638855,-2.771179755528768
I3,10000,matched4888,test,2,bopomofo,FZFeiHHJW-H,3,0.965930903951327,0.6548213958740234,0.6614414850870768
I3,10000,matched4888,test,2,bopomofo,FZFengYKSJ,3,0.05190593500932058,0.4560391803582509,-0.804143230120341
I3,10000,matched4888,test,2,bopomofo,FZHanWZKJW,3,1.250847578048706,0.827641506989797,1.3792950709660847
I3,10000,matched4888,test,2,bopomofo,FZHuoYYJW-T,3,1.2259262800216675,0.7568910519282023,1.2931967576344807
I3,10000,matched4888,test,2,bopomofo,FZJianLTJW_Te,3,0.8979530533154806,0.7834029197692871,-2.946962912877401
I3,10000,matched4888,test,2,bopomofo,FZJingLTJW-H,3,1.2655071020126343,0.8329823215802511,0.9385958909988403
I3,10000,matched4888,test,2,bopomofo,FZJingYLLTJW,3,0.22457040597995123,0.5847392976284027,0.7751223544279734
I3,10000,matched4888,test,2,bopomofo,FZLingFKSJW-B,3,1.542655070622762,0.8839894930521647,0.3236058826247851
I3,10000,matched4888,test,2,bopomofo,FZLiuGQKJW-L,3,0.7661526799201965,0.5710485577583313,0.24786638716856638
I3,10000,matched4888,test,2,bopomofo,FZMaWDBSJW,3,1.055385132630666,0.77446182568868,0.7009970843791962
I3,10000,matched4888,test,2,bopomofo,FZTJLSJW,3,1.0338821808497112,0.7752259373664856,-0.8856523533662161
I3,10000,matched4888,test,2,kana,FZBuGTJW,7,0.41337275398629053,0.7712321536881583,0.6470147711890084
I3,10000,matched4888,test,2,kana,FZChuangHJW_DB,7,0.7700656695025307,0.7393662248338971,0.9043861159256527
I3,10000,matched4888,test,2,kana,FZCuanBZBKSJW,7,1.2128319655145918,0.748645944254739,0.9444009150777545
I3,10000,matched4888,test,2,kana,FZDeSHJW_515H,7,1.3794548681804113,0.8959536893027169,0.9187423714569637
I3,10000,matched4888,test,2,kana,FZDouNTJW_Te,7,1.03193884236472,0.7565779260226658,1.158907732793263
I3,10000,matched4888,test,2,kana,FZFeiHHJW-H,7,0.889554602759225,0.6361393843378339,0.5397516318729946
I3,10000,matched4888,test,2,kana,FZFengYKSJ,7,0.2778786314385278,0.505238584109715,0.7319666360105787
I3,10000,matched4888,test,2,kana,FZHanWZKJW,7,1.2336306061063493,0.8045104912349156,1.2501805509839738
I3,10000,matched4888,test,2,kana,FZHuoYYJW-T,7,1.222731011254447,0.7771218419075012,1.1756755028452193
I3,10000,matched4888,test,2,kana,FZJianLTJW_Te,7,0.845814619745527,0.7872249739510673,1.2801651103155953
I3,10000,matched4888,test,2,kana,FZJingLTJW-H,7,1.409458143370492,0.8665285451071603,1.283643467085702
I3,10000,matched4888,test,2,kana,FZJingYLLTJW,7,0.44861116047416416,0.6170876707349505,1.1547715493610926
I3,10000,matched4888,test,2,kana,FZLingFKSJW-B,7,1.3076079062053136,0.8746506401470729,0.8803398992334094
I3,10000,matched4888,test,2,kana,FZLiuGQKJW-L,7,0.9552421995571682,0.6457246882574899,0.5915487004177911
I3,10000,matched4888,test,2,kana,FZMaWDBSJW,7,0.6206901371479034,0.7202080658503941,0.7025937948908124
I3,10000,matched4888,test,2,kana,FZTJLSJW,7,1.0940682291984558,0.8196349143981934,0.24508564759578025
I3,10000,matched4888,test,2,latin,FZBuGTJW,37,0.5146396533661598,0.6766429978447992,0.5896622304477401
I3,10000,matched4888,test,2,latin,FZChuangHJW_DB,37,1.3387994653469808,0.7851316977191616,1.0258119446603027
I3,10000,matched4888,test,2,latin,FZCuanBZBKSJW,37,1.1737279102608964,0.7171337427319707,0.49809346478935834
I3,10000,matched4888,test,2,latin,FZDeSHJW_515H,37,1.2972995123347721,0.8514637737660795,1.3110583891739716
I3,10000,matched4888,test,2,latin,FZDouNTJW_Te,37,0.7041501762798509,0.7206278539992668,1.2149469417494696
I3,10000,matched4888,test,2,latin,FZFeiHHJW-H,37,0.6226844614421999,0.5713524327084825,0.5304590223004689
I3,10000,matched4888,test,2,latin,FZFengYKSJ,37,0.2631605031421861,0.5452208019591667,0.7771445085873475
I3,10000,matched4888,test,2,latin,FZHanWZKJW,37,1.2132991536243543,0.8017650520479357,0.8814278631596952
I3,10000,matched4888,test,2,latin,FZHuoYYJW-T,37,1.1945325152294055,0.7689667569624411,1.1724667371930302
I3,10000,matched4888,test,2,latin,FZJianLTJW_Te,37,0.8814981193155855,0.7559065448271262,0.8274863531460633
I3,10000,matched4888,test,2,latin,FZJingLTJW-H,37,0.8096369653436783,0.7274157332407462,1.1899174049093917
I3,10000,matched4888,test,2,latin,FZJingYLLTJW,37,0.31483518855797277,0.6455642250744072,0.41048666301208575
I3,10000,matched4888,test,2,latin,FZLingFKSJW-B,37,1.3696521576997396,0.7766463353827193,0.7603948359453195
I3,10000,matched4888,test,2,latin,FZLiuGQKJW-L,37,1.11815831467912,0.7163086952389898,0.47927429942363825
I3,10000,matched4888,test,2,latin,FZMaWDBSJW,37,1.082817321693575,0.753779723837569,1.1728131465009741
I3,10000,matched4888,test,2,latin,FZTJLSJW,37,0.9889025301546663,0.700886383249953,1.0976772485552608
I3,10000,matched4888,test,4,ALL,FZBuGTJW,47,0.2438823704786123,0.6208856695509971,0.5735618734851162
I3,10000,matched4888,test,4,ALL,FZChuangHJW_DB,47,1.1150102888015991,0.7519040767182695,1.0242944037977686
I3,10000,matched4888,test,4,ALL,FZCuanBZBKSJW,47,1.154149073869624,0.7131174003824274,0.5722659070916633
I3,10000,matched4888,test,4,ALL,FZDeSHJW_515H,47,1.3030993900400527,0.8621171700193527,0.9879101647975597
I3,10000,matched4888,test,4,ALL,FZDouNTJW_Te,47,0.7417585282249654,0.7273144373234283,0.9521670576105726
I3,10000,matched4888,test,4,ALL,FZFeiHHJW-H,47,0.6661790750445203,0.5838698922319615,0.5402036107125434
I3,10000,matched4888,test,4,ALL,FZFengYKSJ,47,0.3932825455323179,0.5914229325791622,0.6694826293498912
I3,10000,matched4888,test,4,ALL,FZHanWZKJW,47,1.209446242515077,0.8020736029807557,0.9681272341849956
I3,10000,matched4888,test,4,ALL,FZHuoYYJW-T,47,1.1473021773581809,0.7439070356653091,1.180650809977917
I3,10000,matched4888,test,4,ALL,FZJianLTJW_Te,47,0.8347512017539207,0.7636352599935329,0.6539842999996023
I3,10000,matched4888,test,4,ALL,FZJingLTJW-H,47,1.1328422097449606,0.8252289510787801,1.187834806898807
I3,10000,matched4888,test,4,ALL,FZJingYLLTJW,47,0.000673987367685805,0.5585523697924106,0.5446122221331647
I3,10000,matched4888,test,4,ALL,FZLingFKSJW-B,47,1.3243279977047697,0.7913094847760302,0.7503788483507455
I3,10000,matched4888,test,4,ALL,FZLiuGQKJW-L,47,1.0582728893198865,0.707572155810417,0.4812253009171245
I3,10000,matched4888,test,4,ALL,FZMaWDBSJW,47,1.0360250701295568,0.7444040103161589,1.0726645582533898
I3,10000,matched4888,test,4,ALL,FZTJLSJW,47,1.0175616145133972,0.7268498647720256,0.8441000142471587
I3,10000,matched4888,test,4,bopomofo,FZBuGTJW,3,0.8880638281504313,0.8393193880716959,0.20360070963700613
I3,10000,matched4888,test,4,bopomofo,FZChuangHJW_DB,3,0.9952264229456583,0.7637545863787333,1.285364071528117
I3,10000,matched4888,test,4,bopomofo,FZCuanBZBKSJW,3,1.5996925433476765,0.8290468653043112,0.6187443435192108
I3,10000,matched4888,test,4,bopomofo,FZDeSHJW_515H,3,1.3378862937291462,0.8824271162350973,-2.836193084716797
I3,10000,matched4888,test,4,bopomofo,FZDouNTJW_Te,3,0.9023726060986519,0.6946918169657389,-2.771179755528768
I3,10000,matched4888,test,4,bopomofo,FZFeiHHJW-H,3,0.7743474865953127,0.5648062030474345,0.6614414850870768
I3,10000,matched4888,test,4,bopomofo,FZFengYKSJ,3,0.26156193514664966,0.5191449622313181,-0.804143230120341
I3,10000,matched4888,test,4,bopomofo,FZHanWZKJW,3,1.2148934205373128,0.8179267843564352,1.3792950709660847
I3,10000,matched4888,test,4,bopomofo,FZHuoYYJW-T,3,1.1890886227289836,0.7383783260981241,1.2931967576344807
I3,10000,matched4888,test,4,bopomofo,FZJianLTJW_Te,3,0.9262976745764414,0.8038846453030905,-2.946962912877401
I3,10000,matched4888,test,4,bopomofo,FZJingLTJW-H,3,1.3526406685511272,0.8581019242604574,0.9385958909988403
I3,10000,matched4888,test,4,bopomofo,FZJingYLLTJW,3,-0.09237812956174214,0.5045198400815328,0.7751223544279734
I3,10000,matched4888,test,4,bopomofo,FZLingFKSJW-B,3,1.5669407844543457,0.8961318532625834,0.3236058826247851
I3,10000,matched4888,test,4,bopomofo,FZLiuGQKJW-L,3,0.8775503635406494,0.5983346104621887,0.24786638716856638
I3,10000,matched4888,test,4,bopomofo,FZMaWDBSJW,3,0.8739515542984009,0.7263364195823669,0.7009970843791962
I3,10000,matched4888,test,4,bopomofo,FZTJLSJW,3,1.0612218578656514,0.7855844696362814,-0.8856523533662161
I3,10000,matched4888,test,4,kana,FZBuGTJW,7,0.3668955181326185,0.7749185476984296,0.6470147711890084
I3,10000,matched4888,test,4,kana,FZChuangHJW_DB,7,0.7499168132032666,0.7391027382441929,0.9043861159256527
I3,10000,matched4888,test,4,kana,FZCuanBZBKSJW,7,1.2109221603189195,0.7463629926953997,0.9444009150777545
I3,10000,matched4888,test,4,kana,FZDeSHJW_515H,7,1.4060579538345337,0.9094793966838292,0.9187423714569637
I3,10000,matched4888,test,4,kana,FZDouNTJW_Te,7,1.0575324978147234,0.7492744156292507,1.158907732793263
I3,10000,matched4888,test,4,kana,FZFeiHHJW-H,7,0.892196502004351,0.6245137112481254,0.5397516318729946
I3,10000,matched4888,test,4,kana,FZFengYKSJ,7,0.4551517069339752,0.5571537060397012,0.7319666360105787
I3,10000,matched4888,test,4,kana,FZHanWZKJW,7,1.2184048635619027,0.8044461267335075,1.2501805509839738
I3,10000,matched4888,test,4,kana,FZHuoYYJW-T,7,1.202411983694349,0.750558682850429,1.1756755028452193
I3,10000,matched4888,test,4,kana,FZJianLTJW_Te,7,0.7966894251959664,0.79531877381461,1.2801651103155953
I3,10000,matched4888,test,4,kana,FZJingLTJW-H,7,1.332444395337786,0.8663618564605713,1.283643467085702
I3,10000,matched4888,test,4,kana,FZJingYLLTJW,7,0.014041568551744734,0.5199035576411656,1.1547715493610926
I3,10000,matched4888,test,4,kana,FZLingFKSJW-B,7,1.1953972152301244,0.858993913446154,0.8803398992334094
I3,10000,matched4888,test,4,kana,FZLiuGQKJW-L,7,0.9796177574566433,0.6740605235099792,0.5915487004177911
I3,10000,matched4888,test,4,kana,FZMaWDBSJW,7,0.7712226382323674,0.7050822292055402,0.7025937948908124
I3,10000,matched4888,test,4,kana,FZTJLSJW,7,1.0892770716122218,0.8358148421560015,0.24508564759578025
I3,10000,matched4888,test,4,latin,FZBuGTJW,37,0.16837868381392312,0.5740334721835884,0.5896622304477401
I3,10000,matched4888,test,4,latin,FZChuangHJW_DB,37,1.1937942327679814,0.7533650994300842,1.0258119446603027
I3,10000,matched4888,test,4,latin,FZCuanBZBKSJW,37,1.107283073502618,0.6974280073836043,0.49809346478935834
I3,10000,matched4888,test,4,latin,FZDeSHJW_515H,37,1.2808001830771163,0.8515099963626346,1.3110583891739716
I3,10000,matched4888,test,4,latin,FZDouNTJW_Te,37,0.6689947438803879,0.7258049241594366,1.2149469417494696
I3,10000,matched4888,test,4,latin,FZFeiHHJW-H,37,0.6146486095480017,0.5777262255952165,0.5304590223004689
I3,10000,matched4888,test,4,latin,FZFengYKSJ,37,0.3922576185416531,0.603766675736453,0.7771445085873475
I3,10000,matched4888,test,4,latin,FZHanWZKJW,37,1.2073097051800907,0.800339354051126,0.8814278631596952
I3,10000,matched4888,test,4,latin,FZHuoYYJW-T,37,1.133487907615868,0.7430968896762745,1.1724667371930302
I3,10000,matched4888,test,4,latin,FZJianLTJW_Te,37,0.8345293914144104,0.7543776180293109,0.8274863531460633
I3,10000,matched4888,test,4,latin,FZJingLTJW-H,37,1.0772581374323047,0.8147816738566837,1.1899174049093917
I3,10000,matched4888,test,4,latin,FZJingYLLTJW,37,0.00568975175957422,0.5702453231489336,0.41048666301208575
I3,10000,matched4888,test,4,latin,FZLingFKSJW-B,37,1.3290490008689262,0.7700052116368268,0.7603948359453195
I3,10000,matched4888,test,4,latin,FZLiuGQKJW-L,37,1.0878067677085463,0.722769292625221,0.47927429942363825
I3,10000,matched4888,test,4,latin,FZMaWDBSJW,37,1.0992639233937134,0.753308205991178,1.1728131465009741
I3,10000,matched4888,test,4,latin,FZTJLSJW,37,1.0004538056012746,0.7014726037914688,1.0976772485552608
I3,10000,matched4888,test,8,ALL,FZBuGTJW,47,0.3330492611895216,0.6359447101329235,0.5735618734851162
I3,10000,matched4888,test,8,ALL,FZChuangHJW_DB,47,1.187263348318161,0.7687553497070961,1.0242944037977686
I3,10000,matched4888,test,8,ALL,FZCuanBZBKSJW,47,1.2244936360957774,0.7291136320601118,0.5722659070916633
I3,10000,matched4888,test,8,ALL,FZDeSHJW_515H,47,1.3338379162423155,0.8592253809279584,0.9879101647975597
I3,10000,matched4888,test,8,ALL,FZDouNTJW_Te,47,0.9323809143314337,0.7533959213723528,0.9521670576105726
I3,10000,matched4888,test,8,ALL,FZFeiHHJW-H,47,0.863054225102384,0.6079960452749374,0.5402036107125434
I3,10000,matched4888,test,8,ALL,FZFengYKSJ,47,0.44254860440467264,0.608059896433607,0.6694826293498912
I3,10000,matched4888,test,8,ALL,FZHanWZKJW,47,1.2029710120343147,0.8023834012924357,0.9681272341849956
I3,10000,matched4888,test,8,ALL,FZHuoYYJW-T,47,1.1515560758874772,0.7542983052578378,1.180650809977917
I3,10000,matched4888,test,8,ALL,FZJianLTJW_Te,47,0.8520328938326938,0.7602997168581537,0.6539842999996023
I3,10000,matched4888,test,8,ALL,FZJingLTJW-H,47,1.1931254673511424,0.8393458470385126,1.187834806898807
I3,10000,matched4888,test,8,ALL,FZJingYLLTJW,47,0.6925263945013285,0.6849840892122147,0.5446122221331647
I3,10000,matched4888,test,8,ALL,FZLingFKSJW-B,47,1.2245581492464592,0.7891970803128913,0.7503788483507455
I3,10000,matched4888,test,8,ALL,FZLiuGQKJW-L,47,1.0664334106952587,0.6841302311166804,0.4812253009171245
I3,10000,matched4888,test,8,ALL,FZMaWDBSJW,47,0.874137890782762,0.7073281014219244,1.0726645582533898
I3,10000,matched4888,test,8,ALL,FZTJLSJW,47,1.0327611451453351,0.7339274693042674,0.8441000142471587
I3,10000,matched4888,test,8,bopomofo,FZBuGTJW,3,0.7909389734268188,0.8316689729690552,0.20360070963700613
I3,10000,matched4888,test,8,bopomofo,FZChuangHJW_DB,3,0.8962597846984863,0.7545298139254252,1.285364071528117
I3,10000,matched4888,test,8,bopomofo,FZCuanBZBKSJW,3,1.5865956942240398,0.8674718340237936,0.6187443435192108
I3,10000,matched4888,test,8,bopomofo,FZDeSHJW_515H,3,1.337928573290507,0.8638924360275269,-2.836193084716797
I3,10000,matched4888,test,8,bopomofo,FZDouNTJW_Te,3,0.8095181783040365,0.6827288468678793,-2.771179755528768
I3,10000,matched4888,test,8,bopomofo,FZFeiHHJW-H,3,1.1375425656636555,0.6026521722475687,0.6614414850870768
I3,10000,matched4888,test,8,bopomofo,FZFengYKSJ,3,0.24564553797245026,0.5267295241355896,-0.804143230120341
I3,10000,matched4888,test,8,bopomofo,FZHanWZKJW,3,1.23558513323466,0.8223891854286194,1.3792950709660847
I3,10000,matched4888,test,8,bopomofo,FZHuoYYJW-T,3,1.2640081644058228,0.7880140542984009,1.2931967576344807
I3,10000,matched4888,test,8,bopomofo,FZJianLTJW_Te,3,0.9274063011010488,0.8049360911051432,-2.946962912877401
I3,10000,matched4888,test,8,bopomofo,FZJingLTJW-H,3,1.374768853187561,0.8541086912155151,0.9385958909988403
I3,10000,matched4888,test,8,bopomofo,FZJingYLLTJW,3,0.9005545775095621,0.7576811909675598,0.7751223544279734
I3,10000,matched4888,test,8,bopomofo,FZLingFKSJW-B,3,1.4020658334096272,0.8860000967979431,0.3236058826247851
I3,10000,matched4888,test,8,bopomofo,FZLiuGQKJW-L,3,0.8800737857818604,0.6006617546081543,0.24786638716856638
I3,10000,matched4888,test,8,bopomofo,FZMaWDBSJW,3,0.7774940133094788,0.7151536345481873,0.7009970843791962
I3,10000,matched4888,test,8,bopomofo,FZTJLSJW,3,1.0919813712437947,0.7869193951288859,-0.8856523533662161
I3,10000,matched4888,test,8,kana,FZBuGTJW,7,0.505662525338786,0.7728577085903713,0.6470147711890084
I3,10000,matched4888,test,8,kana,FZChuangHJW_DB,7,0.7019514633076531,0.7405890652111599,0.9043861159256527
I3,10000,matched4888,test,8,kana,FZCuanBZBKSJW,7,1.2642390089375632,0.7420122367995126,0.9444009150777545
I3,10000,matched4888,test,8,kana,FZDeSHJW_515H,7,1.4469914776938302,0.90485508952822,0.9187423714569637
I3,10000,matched4888,test,8,kana,FZDouNTJW_Te,7,1.2070543084825789,0.7632329889706203,1.158907732793263
I3,10000,matched4888,test,8,kana,FZFeiHHJW-H,7,1.1804480637822832,0.6834461688995361,0.5397516318729946
I3,10000,matched4888,test,8,kana,FZFengYKSJ,7,0.4792147661958422,0.5759966458593097,0.7319666360105787
I3,10000,matched4888,test,8,kana,FZHanWZKJW,7,1.2033717121396745,0.8047261834144592,1.2501805509839738
I3,10000,matched4888,test,8,kana,FZHuoYYJW-T,7,1.235679260322026,0.7735907350267682,1.1756755028452193
I3,10000,matched4888,test,8,kana,FZJianLTJW_Te,7,0.8451154828071594,0.7842134152139936,1.2801651103155953
I3,10000,matched4888,test,8,kana,FZJingLTJW-H,7,1.3542849676949638,0.875168902533395,1.283643467085702
I3,10000,matched4888,test,8,kana,FZJingYLLTJW,7,0.9675908940179008,0.7239802990640912,1.1547715493610926
I3,10000,matched4888,test,8,kana,FZLingFKSJW-B,7,1.1352874423776353,0.85796605689185,0.8803398992334094
I3,10000,matched4888,test,8,kana,FZLiuGQKJW-L,7,1.0076947893415178,0.6596927898270744,0.5915487004177911
I3,10000,matched4888,test,8,kana,FZMaWDBSJW,7,0.5577915843044009,0.6959517768451146,0.7025937948908124
I3,10000,matched4888,test,8,kana,FZTJLSJW,7,1.0989192128181458,0.830095648765564,0.24508564759578025
I3,10000,matched4888,test,8,latin,FZBuGTJW,37,0.2632665048177178,0.5941727161407471,0.5896622304477401
I3,10000,matched4888,test,8,latin,FZChuangHJW_DB,37,1.3026739938839063,0.7752375280534899,1.0258119446603027
I3,10000,matched4888,test,8,latin,FZCuanBZBKSJW,37,1.187614614899094,0.7154551228961429,0.49809346478935834
I3,10000,matched4888,test,8,latin,FZDeSHJW_515H,37,1.312098810801635,0.8502143234819979,1.3110583891739716
I3,10000,matched4888,test,8,latin,FZDouNTJW_Te,37,0.8903775210618168,0.7572646173270973,1.2149469417494696
I3,10000,matched4888,test,8,latin,FZFeiHHJW-H,37,0.7807509307120297,0.5941549845643945,0.5304590223004689
I3,10000,matched4888,test,8,latin,FZFengYKSJ,37,0.4515768764792262,0.6207202713231783,0.7771445085873475
I3,10000,matched4888,test,8,latin,FZHanWZKJW,37,1.2002508157008402,0.8003180816366866,0.8814278631596952
I3,10000,matched4888,test,8,latin,FZHuoYYJW-T,37,1.1265231419253994,0.7479146767306972,1.1724667371930302
I3,10000,matched4888,test,8,latin,FZJianLTJW_Te,37,0.84723023586982,0.7521563381762117,0.8274863531460633
I3,10000,matched4888,test,8,latin,FZJingLTJW-H,37,1.1479079900561153,0.8313715248494535,1.1899174049093917
I3,10000,matched4888,test,8,latin,FZJingYLLTJW,37,0.6236200148894174,0.671712068287102,0.41048666301208575
I3,10000,matched4888,test,8,latin,FZLingFKSJW-B,37,1.227054686965169,0.76833784016403,0.7603948359453195
I3,10000,matched4888,test,8,latin,FZLiuGQKJW-L,37,1.0926563627011068,0.6955212451316215,0.47927429942363825
I3,10000,matched4888,test,8,latin,FZMaWDBSJW,37,0.9418231820737993,0.7088458763586508,1.1728131465009741
I3,10000,matched4888,test,8,latin,FZTJLSJW,37,1.0154431140100635,0.7114368467717558,1.0976772485552608
I3,10000,matched4888,test,ALL,ALL,FZBuGTJW,188,0.37216671834640364,0.6470171208394334,0.5735618734851162
I3,10000,matched4888,test,ALL,ALL,FZChuangHJW_DB,188,1.2146086371008387,0.7752618849911588,1.0242944037977686
I3,10000,matched4888,test,ALL,ALL,FZCuanBZBKSJW,188,1.200259970382173,0.7277279378885918,0.5722659070916633
I3,10000,matched4888,test,ALL,ALL,FZDeSHJW_515H,188,1.306766149211437,0.8549912850907508,0.9879101647975597
I3,10000,matched4888,test,ALL,ALL,FZDouNTJW_Te,188,0.7846851442108288,0.7302136999812532,0.9521670576105726
I3,10000,matched4888,test,ALL,ALL,FZFeiHHJW-H,188,0.6778546491677456,0.5833747123784208,0.5402036107125434
I3,10000,matched4888,test,ALL,ALL,FZFengYKSJ,188,0.35686357956419285,0.5753872654539474,0.6694826293498912
I3,10000,matched4888,test,ALL,ALL,FZHanWZKJW,188,1.2101688461100801,0.7996336481672652,0.9681272341849956
I3,10000,matched4888,test,ALL,ALL,FZHuoYYJW-T,188,1.1811571079999843,0.764524796858747,1.180650809977917
I3,10000,matched4888,test,ALL,ALL,FZJianLTJW_Te,188,0.832848392823275,0.7590123040879027,0.6539842999996023
I3,10000,matched4888,test,ALL,ALL,FZJingLTJW-H,188,1.0033363005780476,0.7784365805539679,1.187834806898807
I3,10000,matched4888,test,ALL,ALL,FZJingYLLTJW,188,0.1717001462771379,0.5857775163777331,0.5446122221331647
I3,10000,matched4888,test,ALL,ALL,FZLingFKSJW-B,188,1.2993969850717706,0.7908132340996823,0.7503788483507455
I3,10000,matched4888,test,ALL,ALL,FZLiuGQKJW-L,188,1.0597415176477838,0.6876261047226317,0.4812253009171245
I3,10000,matched4888,test,ALL,ALL,FZMaWDBSJW,188,1.0005278209263975,0.7379399588767518,1.0726645582533898
I3,10000,matched4888,test,ALL,ALL,FZTJLSJW,188,0.9999864148966809,0.7187375041081551,0.8441000142471587
I3,10000,matched4888,test,ALL,bopomofo,FZBuGTJW,12,0.8046038423975309,0.813085933526357,0.20360070963700613
I3,10000,matched4888,test,ALL,bopomofo,FZChuangHJW_DB,12,1.079578121503194,0.7766502052545547,1.285364071528117
I3,10000,matched4888,test,ALL,bopomofo,FZCuanBZBKSJW,12,1.548175146182378,0.8387451618909836,0.6187443435192108
I3,10000,matched4888,test,ALL,bopomofo,FZDeSHJW_515H,12,1.27141772210598,0.8556230316559473,-2.836193084716797
I3,10000,matched4888,test,ALL,bopomofo,FZDouNTJW_Te,12,0.8670056828608116,0.6958404084046682,-2.771179755528768
I3,10000,matched4888,test,ALL,bopomofo,FZFeiHHJW-H,12,0.9232887731244167,0.602878138422966,0.6614414850870768
I3,10000,matched4888,test,ALL,bopomofo,FZFengYKSJ,12,0.21735458572705588,0.5093576113382975,-0.804143230120341
I3,10000,matched4888,test,ALL,bopomofo,FZHanWZKJW,12,1.2642153203487396,0.8344617038965225,1.3792950709660847
I3,10000,matched4888,test,ALL,bopomofo,FZHuoYYJW-T,12,1.243114411830902,0.7745858778556188,1.2931967576344807
I3,10000,matched4888,test,ALL,bopomofo,FZJianLTJW_Te,12,0.8635411212841669,0.7724058528741201,-2.946962912877401
I3,10000,matched4888,test,ALL,bopomofo,FZJingLTJW-H,12,1.2803670763969421,0.8378249406814575,0.9385958909988403
I3,10000,matched4888,test,ALL,bopomofo,FZJingYLLTJW,12,0.14441749515632787,0.5702220822374026,0.7751223544279734
I3,10000,matched4888,test,ALL,bopomofo,FZLingFKSJW-B,12,1.475591003894806,0.8808400829633077,0.3236058826247851
I3,10000,matched4888,test,ALL,bopomofo,FZLiuGQKJW-L,12,0.8000369419654211,0.5811634709437689,0.24786638716856638
I3,10000,matched4888,test,ALL,bopomofo,FZMaWDBSJW,12,0.8960940142472585,0.7327538728713989,0.7009970843791962
I3,10000,matched4888,test,ALL,bopomofo,FZTJLSJW,12,1.0356483111778896,0.7736493796110153,-0.8856523533662161
I3,10000,matched4888,test,ALL,kana,FZBuGTJW,28,0.3986113610278283,0.7494563907384872,0.6470147711890084
I3,10000,matched4888,test,ALL,kana,FZChuangHJW_DB,28,0.8032407510493483,0.7583995099578585,0.9043861159256527
I3,10000,matched4888,test,ALL,kana,FZCuanBZBKSJW,28,1.2416460024459022,0.7526110006230218,0.9444009150777545
I3,10000,matched4888,test,ALL,kana,FZDeSHJW_515H,28,1.365627544266837,0.8837788232735225,0.9187423714569637
I3,10000,matched4888,test,ALL,kana,FZDouNTJW_Te,28,1.0378098679440362,0.7417000957897731,1.158907732793263
I3,10000,matched4888,test,ALL,kana,FZFeiHHJW-H,28,0.8798872535782201,0.6333854400685855,0.5397516318729946
I3,10000,matched4888,test,ALL,kana,FZFengYKSJ,28,0.40413440497858183,0.5513439029455185,0.7319666360105787
I3,10000,matched4888,test,ALL,kana,FZHanWZKJW,28,1.2234711072274618,0.8043937640530723,1.2501805509839738
I3,10000,matched4888,test,ALL,kana,FZHuoYYJW-T,28,1.2325431449072701,0.780350244471005,1.1756755028452193
I3,10000,matched4888,test,ALL,kana,FZJianLTJW_Te,28,0.8184584123747689,0.7784874268940517,1.2801651103155953
I3,10000,matched4888,test,ALL,kana,FZJingLTJW-H,28,1.3410304699625288,0.8578087942940849,1.283643467085702
I3,10000,matched4888,test,ALL,kana,FZJingYLLTJW,28,0.23781214142218232,0.5600240070905004,1.1547715493610926
I3,10000,matched4888,test,ALL,kana,FZLingFKSJW-B,28,1.1943353755133492,0.8559345368828092,0.8803398992334094
I3,10000,matched4888,test,ALL,kana,FZLiuGQKJW-L,28,0.9716288234506335,0.6535494668143136,0.5915487004177911
I3,10000,matched4888,test,ALL,kana,FZMaWDBSJW,28,0.7147740641874927,0.7110226026603154,0.7025937948908124
I3,10000,matched4888,test,ALL,kana,FZTJLSJW,28,1.0514384976455144,0.8224553231682096,0.24508564759578025
I3,10000,matched4888,test,ALL,latin,FZBuGTJW,148,0.3321012083214481,0.6141716795595916,0.5896622304477401
I3,10000,matched4888,test,ALL,latin,FZChuangHJW_DB,148,1.3033834141049836,0.77833949754367,1.0258119446603027
I3,10000,matched4888,test,ALL,latin,FZCuanBZBKSJW,148,1.1642208419538833,0.7140189348845869,0.49809346478935834
I3,10000,matched4888,test,ALL,latin,FZDeSHJW_515H,148,1.2984962982905877,0.8494937713887241,1.3110583891739716
I3,10000,matched4888,test,ALL,latin,FZDouNTJW_Te,148,0.7301220446950882,0.730827621712878,1.2149469417494696
I3,10000,matched4888,test,ALL,latin,FZFeiHHJW-H,148,0.6197322004449528,0.5723318644874805,0.5304590223004689
I3,10000,matched4888,test,ALL,latin,FZFengYKSJ,148,0.3592319904725898,0.5852897654514055,0.7771445085873475
I3,10000,matched4888,test,ALL,latin,FZHanWZKJW,148,1.2032700555550087,0.7959091892919025,0.8814278631596952
I3,10000,matched4888,test,ALL,latin,FZHuoYYJW-T,148,1.1664118601663693,0.7607150299323572,1.1724667371930302
I3,10000,matched4888,test,ALL,latin,FZJianLTJW_Te,148,0.8330822219518391,0.7542418579797487,0.8274863531460633
I3,10000,matched4888,test,ALL,latin,FZJingLTJW-H,148,0.9169862596821543,0.7586049433495548,1.1899174049093917
I3,10000,matched4888,test,ALL,latin,FZJingYLLTJW,148,0.16140457836760058,0.5919110533353444,0.41048666301208575
I3,10000,matched4888,test,ALL,latin,FZLingFKSJW-B,148,1.3049875042728476,0.7711935133950131,0.7603948359453195
I3,10000,matched4888,test,ALL,latin,FZLiuGQKJW-L,148,1.097468614578247,0.7027051416603295,0.47927429942363825
I3,10000,matched4888,test,ALL,latin,FZMaWDBSJW,148,1.0630569484185528,0.7434529251343495,1.1728131465009741
I3,10000,matched4888,test,ALL,latin,FZTJLSJW,148,0.9873607319754523,0.6946628997857506,1.0976772485552608
I3,10000,matched4888,train,1,ALL,FZDuHJW_Cu,47,0.779525228954376,0.7444675843766395,0.8482421465376591
I3,10000,matched4888,train,1,ALL,FZFeiSJW-EL,47,1.1696613532431581,0.8232978747246114,1.2483324142212564
I3,10000,matched4888,train,1,ALL,FZPTYJW,47,1.350616418300791,0.8903584619785877,0.403079683476306
I3,10000,matched4888,train,1,ALL,FZShuLTJW-H,47,0.7272039388722562,0.5911922752857208,1.148759146954151
I3,10000,matched4888,train,1,ALL,FZYiMSJW-T,47,1.2122539858868782,0.8322965287147684,1.2475223338350336
I3,10000,matched4888,train,1,bopomofo,FZDuHJW_Cu,3,0.8742229342460632,0.7943256894747416,-2.6805082162221274
I3,10000,matched4888,train,1,bopomofo,FZFeiSJW-EL,3,1.2106671730677288,0.9130400021870931,1.1174527208010356
I3,10000,matched4888,train,1,bopomofo,FZPTYJW,3,1.477207064628601,0.9420070648193359,-2.2713398138682046
I3,10000,matched4888,train,1,bopomofo,FZShuLTJW-H,3,1.0576526522636414,0.6719433466593424,1.2025230129559834
I3,10000,matched4888,train,1,bopomofo,FZYiMSJW-T,3,1.2177469333012898,0.8920804460843405,1.2083792686462402
I3,10000,matched4888,train,1,kana,FZDuHJW_Cu,7,0.8561791522162301,0.8011747172900608,1.0194836684635706
I3,10000,matched4888,train,1,kana,FZFeiSJW-EL,7,1.3313198941094535,0.895328300339835,1.2647960441453117
I3,10000,matched4888,train,1,kana,FZPTYJW,7,1.5039328336715698,0.9289161222321647,-2.7721708842686246
I3,10000,matched4888,train,1,kana,FZShuLTJW-H,7,1.1101026449884688,0.7654691083090646,1.2694600820541382
I3,10000,matched4888,train,1,kana,FZYiMSJW-T,7,1.2941829817635673,0.9017742701939174,1.3296397924423218
I3,10000,matched4888,train,1,latin,FZDuHJW_Cu,37,0.757344943043348,0.7296966588174975,1.1019599961267936
I3,10000,matched4888,train,1,latin,FZFeiSJW-EL,37,1.1357525087691642,0.8023941081923407,1.2558295404588855
I3,10000,matched4888,train,1,latin,FZPTYJW,37,1.3113465035283887,0.878876044943526,1.2206475879694965
I3,10000,matched4888,train,1,latin,FZShuLTJW-H,37,0.6279705041969145,0.5516735983861459,1.1215646025296804
I3,10000,matched4888,train,1,latin,FZYiMSJW-T,37,1.196308531471201,0.8143047464860452,1.2351603604651786
I3,10000,matched4888,train,2,ALL,FZDuHJW_Cu,47,0.9835401957339429,0.7773756245349316,0.8482421465376591
I3,10000,matched4888,train,2,ALL,FZFeiSJW-EL,47,1.2037212379435276,0.8274304499017432,1.2483324142212564
I3,10000,matched4888,train,2,ALL,FZPTYJW,47,1.3958184110357406,0.8951116889081103,0.403079683476306
I3,10000,matched4888,train,2,ALL,FZShuLTJW-H,47,1.0095307230949402,0.6715130159195434,1.148759146954151
I3,10000,matched4888,train,2,ALL,FZYiMSJW-T,47,1.2233826042489802,0.8377408803777492,1.2475223338350336
I3,10000,matched4888,train,2,bopomofo,FZDuHJW_Cu,3,0.9567347566286722,0.7839768330256144,-2.6805082162221274
I3,10000,matched4888,train,2,bopomofo,FZFeiSJW-EL,3,1.235083023707072,0.9223443269729614,1.1174527208010356
I3,10000,matched4888,train,2,bopomofo,FZPTYJW,3,1.5300568342208862,0.9316478768984476,-2.2713398138682046
I3,10000,matched4888,train,2,bopomofo,FZShuLTJW-H,3,1.0400468707084656,0.6777453819910685,1.2025230129559834
I3,10000,matched4888,train,2,bopomofo,FZYiMSJW-T,3,1.2059130668640137,0.9138328035672506,1.2083792686462402
I3,10000,matched4888,train,2,kana,FZDuHJW_Cu,7,1.055106256689344,0.836348465510777,1.0194836684635706
I3,10000,matched4888,train,2,kana,FZFeiSJW-EL,7,1.2668781961713518,0.8990423679351807,1.2647960441453117
I3,10000,matched4888,train,2,kana,FZPTYJW,7,1.4855178083692278,0.9308432681219918,-2.7721708842686246
I3,10000,matched4888,train,2,kana,FZShuLTJW-H,7,1.3067479389054435,0.8117583819798061,1.2694600820541382
I3,10000,matched4888,train,2,kana,FZYiMSJW-T,7,1.323559250150408,0.9104848844664437,1.3296397924423218
I3,10000,matched4888,train,2,latin,FZDuHJW_Cu,37,0.9721740846698349,0.7656833674456622,1.1019599961267936
I3,10000,matched4888,train,2,latin,FZFeiSJW-EL,37,1.1892297767304085,0.8061865294301832,1.2558295404588855
I3,10000,matched4888,train,2,latin,FZPTYJW,37,1.367964058308988,0.8853892667873485,1.2206475879694965
I3,10000,matched4888,train,2,latin,FZShuLTJW-H,37,0.9508261567837483,0.6444747818482889,1.1215646025296804
I3,10000,matched4888,train,2,latin,FZYiMSJW-T,37,1.2058467148123562,0.8178088858320907,1.2351603604651786
I3,10000,matched4888,train,4,ALL,FZDuHJW_Cu,47,1.1199295688816842,0.7989983152835927,0.8482421465376591
I3,10000,matched4888,train,4,ALL,FZFeiSJW-EL,47,1.2176559098223423,0.8318819619239645,1.2483324142212564
I3,10000,matched4888,train,4,ALL,FZPTYJW,47,1.3872796398528078,0.8938814946945678,0.403079683476306
I3,10000,matched4888,train,4,ALL,FZShuLTJW-H,47,1.0895116164329204,0.7269559394805989,1.148759146954151
I3,10000,matched4888,train,4,ALL,FZYiMSJW-T,47,1.2388156525632168,0.8413160443305969,1.2475223338350336
I3,10000,matched4888,train,4,bopomofo,FZDuHJW_Cu,3,1.2571100393931072,0.8394016027450562,-2.6805082162221274
I3,10000,matched4888,train,4,bopomofo,FZFeiSJW-EL,3,1.2518469889958699,0.9075959523518881,1.1174527208010356
I3,10000,matched4888,train,4,bopomofo,FZPTYJW,3,1.5109678506851196,0.9323447148005167,-2.2713398138682046
I3,10000,matched4888,train,4,bopomofo,FZShuLTJW-H,3,1.1651452779769897,0.7093447844187418,1.2025230129559834
I3,10000,matched4888,train,4,bopomofo,FZYiMSJW-T,3,1.227194348971049,0.907378633817037,1.2083792686462402
I3,10000,matched4888,train,4,kana,FZDuHJW_Cu,7,1.0792551125798906,0.8442367655890328,1.0194836684635706
I3,10000,matched4888,train,4,kana,FZFeiSJW-EL,7,1.2783549853733607,0.893602899142674,1.2647960441453117
I3,10000,matched4888,train,4,kana,FZPTYJW,7,1.4882705892835344,0.9316538998058864,-2.7721708842686246
I3,10000,matched4888,train,4,kana,FZShuLTJW-H,7,1.3134472284998213,0.8231676902089801,1.2694600820541382
I3,10000,matched4888,train,4,kana,FZYiMSJW-T,7,1.3423890726906913,0.9149566718510219,1.3296397924423218
I3,10000,matched4888,train,4,latin,FZDuHJW_Cu,37,1.1165019954378541,0.7871637473235259,1.1019599961267936
I3,10000,matched4888,train,4,latin,FZFeiSJW-EL,37,1.2034000512715932,0.8140660556587013,1.2558295404588855
I3,10000,matched4888,train,4,latin,FZPTYJW,37,1.3581444701632939,0.8836167245297819,1.2206475879694965
I3,10000,matched4888,train,4,latin,FZShuLTJW-H,37,1.041012960511285,0.7101816478613261,1.1215646025296804
I3,10000,matched4888,train,4,latin,FZYiMSJW-T,37,1.220162949046573,0.8220276075440485,1.2351603604651786
I3,10000,matched4888,train,8,ALL,FZDuHJW_Cu,47,1.14304112088173,0.7958116569417588,0.8482421465376591
I3,10000,matched4888,train,8,ALL,FZFeiSJW-EL,47,1.2145165674229885,0.8265291908954052,1.2483324142212564
I3,10000,matched4888,train,8,ALL,FZPTYJW,47,1.3846223062657295,0.8961642168937846,0.403079683476306
I3,10000,matched4888,train,8,ALL,FZShuLTJW-H,47,1.106867178957513,0.732391190021596,1.148759146954151
I3,10000,matched4888,train,8,ALL,FZYiMSJW-T,47,1.2432936163658792,0.8406010041845605,1.2475223338350336
I3,10000,matched4888,train,8,bopomofo,FZDuHJW_Cu,3,1.2018454869588215,0.8100509842236837,-2.6805082162221274
I3,10000,matched4888,train,8,bopomofo,FZFeiSJW-EL,3,1.1609125932057698,0.9094686309496561,1.1174527208010356
I3,10000,matched4888,train,8,bopomofo,FZPTYJW,3,1.512316147486369,0.9320129156112671,-2.2713398138682046
I3,10000,matched4888,train,8,bopomofo,FZShuLTJW-H,3,1.2821122805277507,0.7884401480356852,1.2025230129559834
I3,10000,matched4888,train,8,bopomofo,FZYiMSJW-T,3,1.213918924331665,0.8917253812154134,1.2083792686462402
I3,10000,matched4888,train,8,kana,FZDuHJW_Cu,7,1.1224798219544547,0.8462185604231698,1.0194836684635706
I3,10000,matched4888,train,8,kana,FZFeiSJW-EL,7,1.3203203507832117,0.9059369819504874,1.2647960441453117
I3,10000,matched4888,train,8,kana,FZPTYJW,7,1.4865194048200334,0.9330427987234933,-2.7721708842686246
I3,10000,matched4888,train,8,kana,FZShuLTJW-H,7,1.265784842627389,0.8215368219784328,1.2694600820541382
I3,10000,matched4888,train,8,kana,FZYiMSJW-T,7,1.3323816742215837,0.919628918170929,1.3296397924423218
I3,10000,matched4888,train,8,latin,FZDuHJW_Cu,37,1.1421631747806393,0.7851206756926872,1.1019599961267936
I3,10000,matched4888,train,8,latin,FZFeiSJW-EL,37,1.1988459036156938,0.8047812758265315,1.2558295404588855
I3,10000,matched4888,train,8,latin,FZPTYJW,37,1.3549909221159446,0.8862805366516113,1.2206475879694965
I3,10000,matched4888,train,8,latin,FZShuLTJW-H,37,1.06259261273049,0.7109812900826737,1.1215646025296804
I3,10000,matched4888,train,8,latin,FZYiMSJW-T,37,1.2288208507202767,0.8215045574549082,1.2351603604651786
I3,10000,matched4888,train,ALL,ALL,FZDuHJW_Cu,188,1.0065090286129332,0.7791632952842307,0.8482421465376591
I3,10000,matched4888,train,ALL,ALL,FZFeiSJW-EL,188,1.2013887671080041,0.8272848693614311,1.2483324142212564
I3,10000,matched4888,train,ALL,ALL,FZPTYJW,188,1.3795841938637672,0.8938789656187626,0.403079683476306
I3,10000,matched4888,train,ALL,ALL,FZShuLTJW-H,188,0.9832783643394074,0.6805131051768648,1.148759146954151
I3,10000,matched4888,train,ALL,ALL,FZYiMSJW-T,188,1.2294364647662386,0.8379886144019187,1.2475223338350336
I3,10000,matched4888,train,ALL,bopomofo,FZDuHJW_Cu,12,1.0724783043066661,0.8069387773672739,-2.6805082162221274
I3,10000,matched4888,train,ALL,bopomofo,FZFeiSJW-EL,12,1.21462744474411,0.9131122281153997,1.1174527208010356
I3,10000,matched4888,train,ALL,bopomofo,FZPTYJW,12,1.507636974255244,0.9345031430323919,-2.2713398138682046
I3,10000,matched4888,train,ALL,bopomofo,FZShuLTJW-H,12,1.136239270369212,0.7118684152762095,1.2025230129559834
I3,10000,matched4888,train,ALL,bopomofo,FZYiMSJW-T,12,1.2161933183670044,0.9012543161710104,1.2083792686462402
I3,10000,matched4888,train,ALL,kana,FZDuHJW_Cu,28,1.02825508585998,0.8319946272032601,1.0194836684635706
I3,10000,matched4888,train,ALL,kana,FZFeiSJW-EL,28,1.2992183566093445,0.8984776373420443,1.2647960441453117
I3,10000,matched4888,train,ALL,kana,FZPTYJW,28,1.4910601590360915,0.931114022220884,-2.7721708842686246
I3,10000,matched4888,train,ALL,kana,FZShuLTJW-H,28,1.2490206637552805,0.8054830006190709,1.2694600820541382
I3,10000,matched4888,train,ALL,kana,FZYiMSJW-T,28,1.3231282447065627,0.911711186170578,1.3296397924423218
I3,10000,matched4888,train,ALL,latin,FZDuHJW_Cu,148,0.9970460494829191,0.7669161123198431,1.1019599961267936
I3,10000,matched4888,train,ALL,latin,FZFeiSJW-EL,148,1.181807060096715,0.8068569922769392,1.2558295404588855
I3,10000,matched4888,train,ALL,latin,FZPTYJW,148,1.3481114885291539,0.8835406432280669,1.2206475879694965
I3,10000,matched4888,train,ALL,latin,FZShuLTJW-H,148,0.9206005585556095,0.6543278295446087,1.1215646025296804
I3,10000,matched4888,train,ALL,latin,FZYiMSJW-T,148,1.2127847615126017,0.8189114493292731,1.2351603604651786
I3,10000,matched4888,val,1,ALL,FZBangSKKXJW,47,1.1159372164848003,0.6918528580919225,0.8166467382552776
I3,10000,matched4888,val,1,ALL,FZJunYTJW-H,47,1.024644598681876,0.7961530805902278,0.8919322550534567
I3,10000,matched4888,val,1,ALL,FZKANGJW,47,0.8259241514383479,0.7259992170841136,0.3212025874155633
I3,10000,matched4888,val,1,ALL,FZLTHProGBK_H,47,0.9886019367803919,0.7583225787954128,0.9705552541987693
I3,10000,matched4888,val,1,ALL,FZYouHK_511M,47,1.185892122223022,0.7834699382173255,1.283531095119233
I3,10000,matched4888,val,1,bopomofo,FZBangSKKXJW,3,1.0974357922871907,0.7118759353955587,0.8998004992802938
I3,10000,matched4888,val,1,bopomofo,FZJunYTJW-H,3,1.066342830657959,0.8036856452624003,1.1863958438237507
I3,10000,matched4888,val,1,bopomofo,FZKANGJW,3,0.7714420954386393,0.7171636422475179,-0.45953964193662006
I3,10000,matched4888,val,1,bopomofo,FZLTHProGBK_H,3,0.9783937136332194,0.7973763346672058,1.1118056774139404
I3,10000,matched4888,val,1,bopomofo,FZYouHK_511M,3,1.2551685174306233,0.8300723433494568,1.5833906730016072
I3,10000,matched4888,val,1,kana,FZBangSKKXJW,7,1.2030111125537328,0.7105044637407575,0.788582307951791
I3,10000,matched4888,val,1,kana,FZJunYTJW-H,7,1.020060726574489,0.8308845928737095,0.7980834926877703
I3,10000,matched4888,val,1,kana,FZKANGJW,7,0.8103110449654716,0.7429367814745221,-2.0023163727351596
I3,10000,matched4888,val,1,kana,FZLTHProGBK_H,7,0.9519812635013035,0.7917071580886841,1.140190247978483
I3,10000,matched4888,val,1,kana,FZYouHK_511M,7,1.3372306823730469,0.8863484348569598,1.310642353125981
I3,10000,matched4888,val,1,latin,FZBangSKKXJW,37,1.100963892163457,0.6867006831877941,0.8152140282295846
I3,10000,matched4888,val,1,latin,FZJunYTJW-H,37,1.022130880001429,0.7889715054550687,0.8858120001953196
I3,10000,matched4888,val,1,latin,FZKANGJW,37,0.8332954463926522,0.7235112109699765,0.824090679553715
I3,10000,matched4888,val,1,latin,FZLTHProGBK_H,37,0.9963578660343144,0.748840056561135,0.9270094102500258
I3,10000,matched4888,val,1,latin,FZYouHK_511M,37,1.1516434977183472,0.7602278654639786,1.2540889994518176
I3,10000,matched4888,val,2,ALL,FZBangSKKXJW,47,1.058879922045038,0.6655184848511473,0.8166467382552776
I3,10000,matched4888,val,2,ALL,FZJunYTJW-H,47,0.9504440521940272,0.7842302461887928,0.8919322550534567
I3,10000,matched4888,val,2,ALL,FZKANGJW,47,0.7113803439238604,0.6803767826962979,0.3212025874155633
I3,10000,matched4888,val,2,ALL,FZLTHProGBK_H,47,0.9807312713658556,0.7563704505879828,0.9705552541987693
I3,10000,matched4888,val,2,ALL,FZYouHK_511M,47,1.1880521026063473,0.7833944888825112,1.283531095119233
I3,10000,matched4888,val,2,bopomofo,FZBangSKKXJW,3,1.117148478825887,0.6938397487004598,0.8998004992802938
I3,10000,matched4888,val,2,bopomofo,FZJunYTJW-H,3,1.146157403786977,0.8207475344340006,1.1863958438237507
I3,10000,matched4888,val,2,bopomofo,FZKANGJW,3,0.5276887118816376,0.6641265153884888,-0.45953964193662006
I3,10000,matched4888,val,2,bopomofo,FZLTHProGBK_H,3,0.9527220527331034,0.7840674122174581,1.1118056774139404
I3,10000,matched4888,val,2,bopomofo,FZYouHK_511M,3,1.2155735492706299,0.8149050076802572,1.5833906730016072
I3,10000,matched4888,val,2,kana,FZBangSKKXJW,7,1.2028211866106306,0.730300349848611,0.788582307951791
I3,10000,matched4888,val,2,kana,FZJunYTJW-H,7,0.986000793320792,0.8180662138121468,0.7980834926877703
I3,10000,matched4888,val,2,kana,FZKANGJW,7,0.9231013102190835,0.7489521673747471,-2.0023163727351596
I3,10000,matched4888,val,2,kana,FZLTHProGBK_H,7,0.9808192593710763,0.7982413513319833,1.140190247978483
I3,10000,matched4888,val,2,kana,FZYouHK_511M,7,1.280222739492144,0.8699433292661395,1.310642353125981
I3,10000,matched4888,val,2,latin,FZBangSKKXJW,37,1.0269233133341815,0.6509661376476288,0.8152140282295846
I3,10000,matched4888,val,2,latin,FZJunYTJW-H,37,0.9278484510408865,0.7748679856996279,0.8858120001953196
I3,10000,matched4888,val,2,latin,FZKANGJW,37,0.6862189420876471,0.668720650511819,0.824090679553715
I3,10000,matched4888,val,2,latin,FZLTHProGBK_H,37,0.9829856427134694,0.7462032292340253,0.9270094102500258
I3,10000,matched4888,val,2,latin,FZYouHK_511M,37,1.168382945898417,0.764465477015521,1.2540889994518176
I3,10000,matched4888,val,4,ALL,FZBangSKKXJW,47,0.9822378608774631,0.6726046204566956,0.8166467382552776
I3,10000,matched4888,val,4,ALL,FZJunYTJW-H,47,0.8651990097491665,0.7741082285312896,0.8919322550534567
I3,10000,matched4888,val,4,ALL,FZKANGJW,47,0.6680365003883204,0.6618273144072675,0.3212025874155633
I3,10000,matched4888,val,4,ALL,FZLTHProGBK_H,47,1.0128773114386391,0.754144049705343,0.9705552541987693
I3,10000,matched4888,val,4,ALL,FZYouHK_511M,47,1.1939156283723547,0.7852579253785154,1.283531095119233
I3,10000,matched4888,val,4,bopomofo,FZBangSKKXJW,3,1.0890793005625408,0.7082886497179667,0.8998004992802938
I3,10000,matched4888,val,4,bopomofo,FZJunYTJW-H,3,1.054501513640086,0.8276095589001974,1.1863958438237507
I3,10000,matched4888,val,4,bopomofo,FZKANGJW,3,0.6568460762500763,0.6695912679036459,-0.45953964193662006
I3,10000,matched4888,val,4,bopomofo,FZLTHProGBK_H,3,1.0168896317481995,0.8062595129013062,1.1118056774139404
I3,10000,matched4888,val,4,bopomofo,FZYouHK_511M,3,1.2147452433904011,0.824670652548472,1.5833906730016072
I3,10000,matched4888,val,4,kana,FZBangSKKXJW,7,1.175402820110321,0.7445208941187177,0.788582307951791
I3,10000,matched4888,val,4,kana,FZJunYTJW-H,7,0.9716483013970512,0.8136844464710781,0.7980834926877703
I3,10000,matched4888,val,4,kana,FZKANGJW,7,0.7715782352856227,0.720243786062513,-2.0023163727351596
I3,10000,matched4888,val,4,kana,FZLTHProGBK_H,7,1.0887823104858398,0.8180591804640633,1.140190247978483
I3,10000,matched4888,val,4,kana,FZYouHK_511M,7,1.304986264024462,0.8812824317387172,1.310642353125981
I3,10000,matched4888,val,4,latin,FZBangSKKXJW,37,0.9370303194265108,0.6561055392832369,0.8152140282295846
I3,10000,matched4888,val,4,latin,FZJunYTJW-H,37,0.8297111029057084,0.7622828902424993,0.8858120001953196
I3,10000,matched4888,val,4,latin,FZKANGJW,37,0.6493548552027425,0.6501460397565687,0.824090679553715
I3,10000,matched4888,val,4,latin,FZLTHProGBK_H,37,0.9981915829451503,0.7378264198432097,0.9270094102500258
I3,10000,matched4888,val,4,latin,FZYouHK_511M,37,1.1712133771664388,0.7638955003506428,1.2540889994518176
I3,10000,matched4888,val,8,ALL,FZBangSKKXJW,47,1.058341016160681,0.6813481773467774,0.8166467382552776
I3,10000,matched4888,val,8,ALL,FZJunYTJW-H,47,0.7616002429276705,0.7490950290192949,0.8919322550534567
I3,10000,matched4888,val,8,ALL,FZKANGJW,47,1.0487054748103974,0.7642591900013863,0.3212025874155633
I3,10000,matched4888,val,8,ALL,FZLTHProGBK_H,47,1.0308162440010842,0.7637590265020411,0.9705552541987693
I3,10000,matched4888,val,8,ALL,FZYouHK_511M,47,1.2586664113592594,0.7985216607438758,1.283531095119233
I3,10000,matched4888,val,8,bopomofo,FZBangSKKXJW,3,1.191378156344096,0.6836437185605367,0.8998004992802938
I3,10000,matched4888,val,8,bopomofo,FZJunYTJW-H,3,1.1287010709444683,0.8310596942901611,1.1863958438237507
I3,10000,matched4888,val,8,bopomofo,FZKANGJW,3,0.9938737948735555,0.8069562911987305,-0.45953964193662006
I3,10000,matched4888,val,8,bopomofo,FZLTHProGBK_H,3,1.0236158967018127,0.800779124101003,1.1118056774139404
I3,10000,matched4888,val,8,bopomofo,FZYouHK_511M,3,1.3376667896906536,0.8442625800768534,1.5833906730016072
I3,10000,matched4888,val,8,kana,FZBangSKKXJW,7,1.2207846471241541,0.748885452747345,0.788582307951791
I3,10000,matched4888,val,8,kana,FZJunYTJW-H,7,0.8648345342704228,0.8047920380319867,0.7980834926877703
I3,10000,matched4888,val,8,kana,FZKANGJW,7,0.9844571139131274,0.7996968371527535,-2.0023163727351596
I3,10000,matched4888,val,8,kana,FZLTHProGBK_H,7,1.0361012986728124,0.8094501154763358,1.140190247978483
I3,10000,matched4888,val,8,kana,FZYouHK_511M,7,1.3835863726479667,0.8974527886935643,1.310642353125981
I3,10000,matched4888,val,8,latin,FZBangSKKXJW,37,1.016821642179747,0.6683847300104193,0.8152140282295846
I3,10000,matched4888,val,8,latin,FZJunYTJW-H,37,0.7123044990506526,0.7319119733733099,0.8858120001953196
I3,10000,matched4888,val,8,latin,FZKANGJW,37,1.0653063820020572,0.7540928431459375,0.824090679553715
I3,10000,matched4888,val,8,latin,FZLTHProGBK_H,37,1.0304001807361036,0.7521131368907722,0.9270094102500258
I3,10000,matched4888,val,8,latin,FZYouHK_511M,37,1.2286274690885801,0.7760962376723418,1.2540889994518176
I3,10000,matched4888,val,ALL,ALL,FZBangSKKXJW,188,1.0538490038919957,0.6778310351866357,0.8166467382552776
I3,10000,matched4888,val,ALL,ALL,FZJunYTJW-H,188,0.9004719758881851,0.7758966460824013,0.8919322550534567
I3,10000,matched4888,val,ALL,ALL,FZKANGJW,188,0.8135116176402315,0.7081156260472663,0.3212025874155633
I3,10000,matched4888,val,ALL,ALL,FZLTHProGBK_H,188,1.0032566908964926,0.7581490263976949,0.9705552541987693
I3,10000,matched4888,val,ALL,ALL,FZYouHK_511M,188,1.2066315661402458,0.7876610033055569,1.283531095119233
I3,10000,matched4888,val,ALL,bopomofo,FZBangSKKXJW,12,1.1237604320049286,0.6994120130936304,0.8998004992802938
I3,10000,matched4888,val,ALL,bopomofo,FZJunYTJW-H,12,1.0989257047573726,0.8207756082216898,1.1863958438237507
I3,10000,matched4888,val,ALL,bopomofo,FZKANGJW,12,0.7374626696109772,0.7144594291845957,-0.45953964193662006
I3,10000,matched4888,val,ALL,bopomofo,FZLTHProGBK_H,12,0.9929053237040838,0.7971205959717432,1.1118056774139404
I3,10000,matched4888,val,ALL,bopomofo,FZYouHK_511M,12,1.255788524945577,0.8284776459137598,1.5833906730016072
I3,10000,matched4888,val,ALL,kana,FZBangSKKXJW,28,1.2005049415997096,0.7335527901138578,0.788582307951791
I3,10000,matched4888,val,ALL,kana,FZJunYTJW-H,28,0.9606360888906887,0.8168568227972303,0.7980834926877703
I3,10000,matched4888,val,ALL,kana,FZKANGJW,28,0.8723619260958263,0.752957393016134,-2.0023163727351596
I3,10000,matched4888,val,ALL,kana,FZLTHProGBK_H,28,1.014421033007758,0.8043644513402667,1.140190247978483
I3,10000,matched4888,val,ALL,kana,FZYouHK_511M,28,1.3265065146344048,0.8837567461388451,1.310642353125981
I3,10000,matched4888,val,ALL,latin,FZBangSKKXJW,148,1.020434791775974,0.6655392725322697,0.8152140282295846
I3,10000,matched4888,val,ALL,latin,FZJunYTJW-H,148,0.8729987332496691,0.7645085886926264,0.8858120001953196
I3,10000,matched4888,val,ALL,latin,FZKANGJW,148,0.8085439064212747,0.6991176860960754,0.824090679553715
I3,10000,matched4888,val,ALL,latin,FZLTHProGBK_H,148,1.0019838181072593,0.7462457106322855,0.9270094102500258
I3,10000,matched4888,val,ALL,latin,FZYouHK_511M,148,1.1799668224679458,0.766171270125621,1.2540889994518176
I4,2000,val192,val,1,ALL,FZBangSKKXJW,4,0.854097455739975,0.6962175816297531,0.6687727943062782
I4,2000,val192,val,1,ALL,FZCaoQBLSJW,4,1.3539159297943115,0.8602913320064545,0.4800065606832504
I4,2000,val192,val,1,ALL,FZFWZhuZiHeiB,4,1.4487157762050629,0.8225010484457016,0.9735500663518906
I4,2000,val192,val,1,ALL,FZHengFSJW-T,4,1.2391041815280914,0.7720931023359299,1.1548708379268646
I4,2000,val192,val,1,ALL,FZJunYTJW-H,4,1.0459806025028229,0.7722377479076385,0.8522688001394272
I4,2000,val192,val,1,ALL,FZKANGJW,4,0.9533160328865051,0.7522190809249878,0.7405204735696316
I4,2000,val192,val,1,ALL,FZKuaiHTJW_Te,4,0.5898634754121304,0.6934747248888016,1.2690462172031403
I4,2000,val192,val,1,ALL,FZLTHProGBK_H,4,1.1071670204401016,0.7904307842254639,0.8365523144602776
I4,2000,val192,val,1,ALL,FZMiFXSJW,4,0.9550297111272812,0.8103359639644623,0.7553693037480116
I4,2000,val192,val,1,ALL,FZQingYSJW-T,4,1.266949862241745,0.7551007270812988,1.1590228825807571
I4,2000,val192,val,1,ALL,FZSongKBXKJW-EB,4,0.9501106441020966,0.7023530602455139,0.929350733757019
I4,2000,val192,val,1,ALL,FZSuHJW,4,1.2150884121656418,0.7762837409973145,0.7965593338012695
I4,2000,val192,val,1,ALL,FZYouHK_511M,4,1.2623029202222824,0.779683068394661,1.346650391817093
I4,2000,val192,val,1,ALL,FZZHJW,4,1.1957073956727982,0.7665010988712311,1.5186814069747925
I4,2000,val192,val,1,ALL,FZZanMTJW_Te,4,1.1659872084856033,0.7971991896629333,1.2600177228450775
I4,2000,val192,val,1,ALL,FZZhongYSJW_Te,4,1.420021891593933,0.7434845566749573,1.239382117986679
I4,2000,val192,val,1,latin,FZBangSKKXJW,4,0.854097455739975,0.6962175816297531,0.6687727943062782
I4,2000,val192,val,1,latin,FZCaoQBLSJW,4,1.3539159297943115,0.8602913320064545,0.4800065606832504
I4,2000,val192,val,1,latin,FZFWZhuZiHeiB,4,1.4487157762050629,0.8225010484457016,0.9735500663518906
I4,2000,val192,val,1,latin,FZHengFSJW-T,4,1.2391041815280914,0.7720931023359299,1.1548708379268646
I4,2000,val192,val,1,latin,FZJunYTJW-H,4,1.0459806025028229,0.7722377479076385,0.8522688001394272
I4,2000,val192,val,1,latin,FZKANGJW,4,0.9533160328865051,0.7522190809249878,0.7405204735696316
I4,2000,val192,val,1,latin,FZKuaiHTJW_Te,4,0.5898634754121304,0.6934747248888016,1.2690462172031403
I4,2000,val192,val,1,latin,FZLTHProGBK_H,4,1.1071670204401016,0.7904307842254639,0.8365523144602776
I4,2000,val192,val,1,latin,FZMiFXSJW,4,0.9550297111272812,0.8103359639644623,0.7553693037480116
I4,2000,val192,val,1,latin,FZQingYSJW-T,4,1.266949862241745,0.7551007270812988,1.1590228825807571
I4,2000,val192,val,1,latin,FZSongKBXKJW-EB,4,0.9501106441020966,0.7023530602455139,0.929350733757019
I4,2000,val192,val,1,latin,FZSuHJW,4,1.2150884121656418,0.7762837409973145,0.7965593338012695
I4,2000,val192,val,1,latin,FZYouHK_511M,4,1.2623029202222824,0.779683068394661,1.346650391817093
I4,2000,val192,val,1,latin,FZZHJW,4,1.1957073956727982,0.7665010988712311,1.5186814069747925
I4,2000,val192,val,1,latin,FZZanMTJW_Te,4,1.1659872084856033,0.7971991896629333,1.2600177228450775
I4,2000,val192,val,1,latin,FZZhongYSJW_Te,4,1.420021891593933,0.7434845566749573,1.239382117986679
I4,2000,val192,val,4,ALL,FZBangSKKXJW,4,0.5875199437141418,0.6161950081586838,0.6687727943062782
I4,2000,val192,val,4,ALL,FZCaoQBLSJW,4,1.291357308626175,0.8681558817625046,0.4800065606832504
I4,2000,val192,val,4,ALL,FZFWZhuZiHeiB,4,1.4653747975826263,0.8152787983417511,0.9735500663518906
I4,2000,val192,val,4,ALL,FZHengFSJW-T,4,1.182225912809372,0.7517098784446716,1.1548708379268646
I4,2000,val192,val,4,ALL,FZJunYTJW-H,4,0.97972272336483,0.7841644436120987,0.8522688001394272
I4,2000,val192,val,4,ALL,FZKANGJW,4,0.8502039313316345,0.6991309076547623,0.7405204735696316
I4,2000,val192,val,4,ALL,FZKuaiHTJW_Te,4,0.911054328083992,0.7903968244791031,1.2690462172031403
I4,2000,val192,val,4,ALL,FZLTHProGBK_H,4,1.035829871892929,0.7530489265918732,0.8365523144602776
I4,2000,val192,val,4,ALL,FZMiFXSJW,4,1.0562294572591782,0.8537625223398209,0.7553693037480116
I4,2000,val192,val,4,ALL,FZQingYSJW-T,4,1.277523159980774,0.7739791572093964,1.1590228825807571
I4,2000,val192,val,4,ALL,FZSongKBXKJW-EB,4,1.154392495751381,0.7454235851764679,0.929350733757019
I4,2000,val192,val,4,ALL,FZSuHJW,4,1.3717146962881088,0.8226294666528702,0.7965593338012695
I4,2000,val192,val,4,ALL,FZYouHK_511M,4,1.2713305354118347,0.7860896289348602,1.346650391817093
I4,2000,val192,val,4,ALL,FZZHJW,4,1.286466434597969,0.809410884976387,1.5186814069747925
I4,2000,val192,val,4,ALL,FZZanMTJW_Te,4,1.0949520766735077,0.7834083586931229,1.2600177228450775
I4,2000,val192,val,4,ALL,FZZhongYSJW_Te,4,1.2613966464996338,0.7312447130680084,1.239382117986679
I4,2000,val192,val,4,latin,FZBangSKKXJW,4,0.5875199437141418,0.6161950081586838,0.6687727943062782
I4,2000,val192,val,4,latin,FZCaoQBLSJW,4,1.291357308626175,0.8681558817625046,0.4800065606832504
I4,2000,val192,val,4,latin,FZFWZhuZiHeiB,4,1.4653747975826263,0.8152787983417511,0.9735500663518906
I4,2000,val192,val,4,latin,FZHengFSJW-T,4,1.182225912809372,0.7517098784446716,1.1548708379268646
I4,2000,val192,val,4,latin,FZJunYTJW-H,4,0.97972272336483,0.7841644436120987,0.8522688001394272
I4,2000,val192,val,4,latin,FZKANGJW,4,0.8502039313316345,0.6991309076547623,0.7405204735696316
I4,2000,val192,val,4,latin,FZKuaiHTJW_Te,4,0.911054328083992,0.7903968244791031,1.2690462172031403
I4,2000,val192,val,4,latin,FZLTHProGBK_H,4,1.035829871892929,0.7530489265918732,0.8365523144602776
I4,2000,val192,val,4,latin,FZMiFXSJW,4,1.0562294572591782,0.8537625223398209,0.7553693037480116
I4,2000,val192,val,4,latin,FZQingYSJW-T,4,1.277523159980774,0.7739791572093964,1.1590228825807571
I4,2000,val192,val,4,latin,FZSongKBXKJW-EB,4,1.154392495751381,0.7454235851764679,0.929350733757019
I4,2000,val192,val,4,latin,FZSuHJW,4,1.3717146962881088,0.8226294666528702,0.7965593338012695
I4,2000,val192,val,4,latin,FZYouHK_511M,4,1.2713305354118347,0.7860896289348602,1.346650391817093
I4,2000,val192,val,4,latin,FZZHJW,4,1.286466434597969,0.809410884976387,1.5186814069747925
I4,2000,val192,val,4,latin,FZZanMTJW_Te,4,1.0949520766735077,0.7834083586931229,1.2600177228450775
I4,2000,val192,val,4,latin,FZZhongYSJW_Te,4,1.2613966464996338,0.7312447130680084,1.239382117986679
I4,2000,val192,val,8,ALL,FZBangSKKXJW,4,0.681587815284729,0.6587659865617752,0.6687727943062782
I4,2000,val192,val,8,ALL,FZCaoQBLSJW,4,1.3130384385585785,0.8657086193561554,0.4800065606832504
I4,2000,val192,val,8,ALL,FZFWZhuZiHeiB,4,1.553878515958786,0.8346504122018814,0.9735500663518906
I4,2000,val192,val,8,ALL,FZHengFSJW-T,4,1.1734058856964111,0.750124379992485,1.1548708379268646
I4,2000,val192,val,8,ALL,FZJunYTJW-H,4,0.8741358518600464,0.7540616244077682,0.8522688001394272
I4,2000,val192,val,8,ALL,FZKANGJW,4,0.9225824177265167,0.7495652735233307,0.7405204735696316
I4,2000,val192,val,8,ALL,FZKuaiHTJW_Te,4,1.066772535443306,0.8067706227302551,1.2690462172031403
I4,2000,val192,val,8,ALL,FZLTHProGBK_H,4,1.0756830871105194,0.7645046263933182,0.8365523144602776
I4,2000,val192,val,8,ALL,FZMiFXSJW,4,1.0606660097837448,0.8511635214090347,0.7553693037480116
I4,2000,val192,val,8,ALL,FZQingYSJW-T,4,1.2740190923213959,0.7702505886554718,1.1590228825807571
I4,2000,val192,val,8,ALL,FZSongKBXKJW-EB,4,0.701856330037117,0.6815965175628662,0.929350733757019
I4,2000,val192,val,8,ALL,FZSuHJW,4,1.2019403725862503,0.7991056889295578,0.7965593338012695
I4,2000,val192,val,8,ALL,FZYouHK_511M,4,1.2697032988071442,0.7852627635002136,1.346650391817093
I4,2000,val192,val,8,ALL,FZZHJW,4,1.2493917346000671,0.796278104186058,1.5186814069747925
I4,2000,val192,val,8,ALL,FZZanMTJW_Te,4,1.0576678067445755,0.7717742472887039,1.2600177228450775
I4,2000,val192,val,8,ALL,FZZhongYSJW_Te,4,1.2052120566368103,0.6885121911764145,1.239382117986679
I4,2000,val192,val,8,latin,FZBangSKKXJW,4,0.681587815284729,0.6587659865617752,0.6687727943062782
I4,2000,val192,val,8,latin,FZCaoQBLSJW,4,1.3130384385585785,0.8657086193561554,0.4800065606832504
I4,2000,val192,val,8,latin,FZFWZhuZiHeiB,4,1.553878515958786,0.8346504122018814,0.9735500663518906
I4,2000,val192,val,8,latin,FZHengFSJW-T,4,1.1734058856964111,0.750124379992485,1.1548708379268646
I4,2000,val192,val,8,latin,FZJunYTJW-H,4,0.8741358518600464,0.7540616244077682,0.8522688001394272
I4,2000,val192,val,8,latin,FZKANGJW,4,0.9225824177265167,0.7495652735233307,0.7405204735696316
I4,2000,val192,val,8,latin,FZKuaiHTJW_Te,4,1.066772535443306,0.8067706227302551,1.2690462172031403
I4,2000,val192,val,8,latin,FZLTHProGBK_H,4,1.0756830871105194,0.7645046263933182,0.8365523144602776
I4,2000,val192,val,8,latin,FZMiFXSJW,4,1.0606660097837448,0.8511635214090347,0.7553693037480116
I4,2000,val192,val,8,latin,FZQingYSJW-T,4,1.2740190923213959,0.7702505886554718,1.1590228825807571
I4,2000,val192,val,8,latin,FZSongKBXKJW-EB,4,0.701856330037117,0.6815965175628662,0.929350733757019
I4,2000,val192,val,8,latin,FZSuHJW,4,1.2019403725862503,0.7991056889295578,0.7965593338012695
I4,2000,val192,val,8,latin,FZYouHK_511M,4,1.2697032988071442,0.7852627635002136,1.346650391817093
I4,2000,val192,val,8,latin,FZZHJW,4,1.2493917346000671,0.796278104186058,1.5186814069747925
I4,2000,val192,val,8,latin,FZZanMTJW_Te,4,1.0576678067445755,0.7717742472887039,1.2600177228450775
I4,2000,val192,val,8,latin,FZZhongYSJW_Te,4,1.2052120566368103,0.6885121911764145,1.239382117986679
I4,2000,val192,val,ALL,ALL,FZBangSKKXJW,12,0.7077350715796152,0.6570595254500707,0.6687727943062782
I4,2000,val192,val,ALL,ALL,FZCaoQBLSJW,12,1.3194372256596882,0.8647186110417048,0.4800065606832504
I4,2000,val192,val,ALL,ALL,FZFWZhuZiHeiB,12,1.4893230299154918,0.8241434196631113,0.9735500663518906
I4,2000,val192,val,ALL,ALL,FZHengFSJW-T,12,1.1982453266779582,0.7579757869243622,1.1548708379268646
I4,2000,val192,val,ALL,ALL,FZJunYTJW-H,12,0.9666130592425665,0.7701546053091685,0.8522688001394272
I4,2000,val192,val,ALL,ALL,FZKANGJW,12,0.9087007939815521,0.7336384207010269,0.7405204735696316
I4,2000,val192,val,ALL,ALL,FZKuaiHTJW_Te,12,0.8558967796464761,0.7635473906993866,1.2690462172031403
I4,2000,val192,val,ALL,ALL,FZLTHProGBK_H,12,1.0728933264811833,0.7693281124035517,0.8365523144602776
I4,2000,val192,val,ALL,ALL,FZMiFXSJW,12,1.023975059390068,0.8384206692377726,0.7553693037480116
I4,2000,val192,val,ALL,ALL,FZQingYSJW-T,12,1.2728307048479717,0.7664434909820557,1.1590228825807571
I4,2000,val192,val,ALL,ALL,FZSongKBXKJW-EB,12,0.9354531566301981,0.7097910543282827,0.929350733757019
I4,2000,val192,val,ALL,ALL,FZSuHJW,12,1.2629144936800003,0.7993396321932474,0.7965593338012695
I4,2000,val192,val,ALL,ALL,FZYouHK_511M,12,1.267778918147087,0.7836784869432449,1.346650391817093
I4,2000,val192,val,ALL,ALL,FZZHJW,12,1.2438551882902782,0.7907300293445587,1.5186814069747925
I4,2000,val192,val,ALL,ALL,FZZanMTJW_Te,12,1.1062023639678955,0.78412726521492,1.2600177228450775
I4,2000,val192,val,ALL,ALL,FZZhongYSJW_Te,12,1.2955435315767925,0.7210804869731268,1.239382117986679
I4,2000,val192,val,ALL,latin,FZBangSKKXJW,12,0.7077350715796152,0.6570595254500707,0.6687727943062782
I4,2000,val192,val,ALL,latin,FZCaoQBLSJW,12,1.3194372256596882,0.8647186110417048,0.4800065606832504
I4,2000,val192,val,ALL,latin,FZFWZhuZiHeiB,12,1.4893230299154918,0.8241434196631113,0.9735500663518906
I4,2000,val192,val,ALL,latin,FZHengFSJW-T,12,1.1982453266779582,0.7579757869243622,1.1548708379268646
I4,2000,val192,val,ALL,latin,FZJunYTJW-H,12,0.9666130592425665,0.7701546053091685,0.8522688001394272
I4,2000,val192,val,ALL,latin,FZKANGJW,12,0.9087007939815521,0.7336384207010269,0.7405204735696316
I4,2000,val192,val,ALL,latin,FZKuaiHTJW_Te,12,0.8558967796464761,0.7635473906993866,1.2690462172031403
I4,2000,val192,val,ALL,latin,FZLTHProGBK_H,12,1.0728933264811833,0.7693281124035517,0.8365523144602776
I4,2000,val192,val,ALL,latin,FZMiFXSJW,12,1.023975059390068,0.8384206692377726,0.7553693037480116
I4,2000,val192,val,ALL,latin,FZQingYSJW-T,12,1.2728307048479717,0.7664434909820557,1.1590228825807571
I4,2000,val192,val,ALL,latin,FZSongKBXKJW-EB,12,0.9354531566301981,0.7097910543282827,0.929350733757019
I4,2000,val192,val,ALL,latin,FZSuHJW,12,1.2629144936800003,0.7993396321932474,0.7965593338012695
I4,2000,val192,val,ALL,latin,FZYouHK_511M,12,1.267778918147087,0.7836784869432449,1.346650391817093
I4,2000,val192,val,ALL,latin,FZZHJW,12,1.2438551882902782,0.7907300293445587,1.5186814069747925
I4,2000,val192,val,ALL,latin,FZZanMTJW_Te,12,1.1062023639678955,0.78412726521492,1.2600177228450775
I4,2000,val192,val,ALL,latin,FZZhongYSJW_Te,12,1.2955435315767925,0.7210804869731268,1.239382117986679
I4,4000,val192,val,1,ALL,FZBangSKKXJW,4,0.9444898217916489,0.6997654438018799,0.6687727943062782
I4,4000,val192,val,1,ALL,FZCaoQBLSJW,4,1.4075038135051727,0.8784030377864838,0.4800065606832504
I4,4000,val192,val,1,ALL,FZFWZhuZiHeiB,4,1.4156875312328339,0.8076099753379822,0.9735500663518906
I4,4000,val192,val,1,ALL,FZHengFSJW-T,4,1.2623707056045532,0.7589575797319412,1.1548708379268646
I4,4000,val192,val,1,ALL,FZJunYTJW-H,4,1.0670600831508636,0.7940325289964676,0.8522688001394272
I4,4000,val192,val,1,ALL,FZKANGJW,4,0.7574397474527359,0.717186227440834,0.7405204735696316
I4,4000,val192,val,1,ALL,FZKuaiHTJW_Te,4,0.4476224258542061,0.7057556360960007,1.2690462172031403
I4,4000,val192,val,1,ALL,FZLTHProGBK_H,4,1.0937008261680603,0.7754850387573242,0.8365523144602776
I4,4000,val192,val,1,ALL,FZMiFXSJW,4,0.9971142411231995,0.8378757387399673,0.7553693037480116
I4,4000,val192,val,1,ALL,FZQingYSJW-T,4,1.2735503017902374,0.7587075084447861,1.1590228825807571
I4,4000,val192,val,1,ALL,FZSongKBXKJW-EB,4,0.7280988469719887,0.6536874026060104,0.929350733757019
I4,4000,val192,val,1,ALL,FZSuHJW,4,1.2649417519569397,0.8059104084968567,0.7965593338012695
I4,4000,val192,val,1,ALL,FZYouHK_511M,4,1.2666388601064682,0.7803573459386826,1.346650391817093
I4,4000,val192,val,1,ALL,FZZHJW,4,1.3400527238845825,0.8143518567085266,1.5186814069747925
I4,4000,val192,val,1,ALL,FZZanMTJW_Te,4,1.2308278381824493,0.7982926070690155,1.2600177228450775
I4,4000,val192,val,1,ALL,FZZhongYSJW_Te,4,1.1721584796905518,0.6950480490922928,1.239382117986679
I4,4000,val192,val,1,latin,FZBangSKKXJW,4,0.9444898217916489,0.6997654438018799,0.6687727943062782
I4,4000,val192,val,1,latin,FZCaoQBLSJW,4,1.4075038135051727,0.8784030377864838,0.4800065606832504
I4,4000,val192,val,1,latin,FZFWZhuZiHeiB,4,1.4156875312328339,0.8076099753379822,0.9735500663518906
I4,4000,val192,val,1,latin,FZHengFSJW-T,4,1.2623707056045532,0.7589575797319412,1.1548708379268646
I4,4000,val192,val,1,latin,FZJunYTJW-H,4,1.0670600831508636,0.7940325289964676,0.8522688001394272
I4,4000,val192,val,1,latin,FZKANGJW,4,0.7574397474527359,0.717186227440834,0.7405204735696316
I4,4000,val192,val,1,latin,FZKuaiHTJW_Te,4,0.4476224258542061,0.7057556360960007,1.2690462172031403
I4,4000,val192,val,1,latin,FZLTHProGBK_H,4,1.0937008261680603,0.7754850387573242,0.8365523144602776
I4,4000,val192,val,1,latin,FZMiFXSJW,4,0.9971142411231995,0.8378757387399673,0.7553693037480116
I4,4000,val192,val,1,latin,FZQingYSJW-T,4,1.2735503017902374,0.7587075084447861,1.1590228825807571
I4,4000,val192,val,1,latin,FZSongKBXKJW-EB,4,0.7280988469719887,0.6536874026060104,0.929350733757019
I4,4000,val192,val,1,latin,FZSuHJW,4,1.2649417519569397,0.8059104084968567,0.7965593338012695
I4,4000,val192,val,1,latin,FZYouHK_511M,4,1.2666388601064682,0.7803573459386826,1.346650391817093
I4,4000,val192,val,1,latin,FZZHJW,4,1.3400527238845825,0.8143518567085266,1.5186814069747925
I4,4000,val192,val,1,latin,FZZanMTJW_Te,4,1.2308278381824493,0.7982926070690155,1.2600177228450775
I4,4000,val192,val,1,latin,FZZhongYSJW_Te,4,1.1721584796905518,0.6950480490922928,1.239382117986679
I4,4000,val192,val,4,ALL,FZBangSKKXJW,4,0.5828589871525764,0.604473426938057,0.6687727943062782
I4,4000,val192,val,4,ALL,FZCaoQBLSJW,4,1.2820002138614655,0.8858799487352371,0.4800065606832504
I4,4000,val192,val,4,ALL,FZFWZhuZiHeiB,4,1.3420445322990417,0.7932897508144379,0.9735500663518906
I4,4000,val192,val,4,ALL,FZHengFSJW-T,4,1.2014060616493225,0.7450851798057556,1.1548708379268646
I4,4000,val192,val,4,ALL,FZJunYTJW-H,4,0.8616972863674164,0.7461182922124863,0.8522688001394272
I4,4000,val192,val,4,ALL,FZKANGJW,4,0.7034722566604614,0.6665181666612625,0.7405204735696316
I4,4000,val192,val,4,ALL,FZKuaiHTJW_Te,4,0.8645463511347771,0.7858501225709915,1.2690462172031403
I4,4000,val192,val,4,ALL,FZLTHProGBK_H,4,0.9845683202147484,0.7421324998140335,0.8365523144602776
I4,4000,val192,val,4,ALL,FZMiFXSJW,4,1.149854063987732,0.8727764934301376,0.7553693037480116
I4,4000,val192,val,4,ALL,FZQingYSJW-T,4,1.2869479656219482,0.7750147581100464,1.1590228825807571
I4,4000,val192,val,4,ALL,FZSongKBXKJW-EB,4,0.9190890192985535,0.6916675716638565,0.929350733757019
I4,4000,val192,val,4,ALL,FZSuHJW,4,1.4066654443740845,0.8610498607158661,0.7965593338012695
I4,4000,val192,val,4,ALL,FZYouHK_511M,4,1.2454278618097305,0.7790477275848389,1.346650391817093
I4,4000,val192,val,4,ALL,FZZHJW,4,1.2976032197475433,0.8094900548458099,1.5186814069747925
I4,4000,val192,val,4,ALL,FZZanMTJW_Te,4,1.2571528851985931,0.8097555190324783,1.2600177228450775
I4,4000,val192,val,4,ALL,FZZhongYSJW_Te,4,1.1184685826301575,0.7486605793237686,1.239382117986679
I4,4000,val192,val,4,latin,FZBangSKKXJW,4,0.5828589871525764,0.604473426938057,0.6687727943062782
I4,4000,val192,val,4,latin,FZCaoQBLSJW,4,1.2820002138614655,0.8858799487352371,0.4800065606832504
I4,4000,val192,val,4,latin,FZFWZhuZiHeiB,4,1.3420445322990417,0.7932897508144379,0.9735500663518906
I4,4000,val192,val,4,latin,FZHengFSJW-T,4,1.2014060616493225,0.7450851798057556,1.1548708379268646
I4,4000,val192,val,4,latin,FZJunYTJW-H,4,0.8616972863674164,0.7461182922124863,0.8522688001394272
I4,4000,val192,val,4,latin,FZKANGJW,4,0.7034722566604614,0.6665181666612625,0.7405204735696316
I4,4000,val192,val,4,latin,FZKuaiHTJW_Te,4,0.8645463511347771,0.7858501225709915,1.2690462172031403
I4,4000,val192,val,4,latin,FZLTHProGBK_H,4,0.9845683202147484,0.7421324998140335,0.8365523144602776
I4,4000,val192,val,4,latin,FZMiFXSJW,4,1.149854063987732,0.8727764934301376,0.7553693037480116
I4,4000,val192,val,4,latin,FZQingYSJW-T,4,1.2869479656219482,0.7750147581100464,1.1590228825807571
I4,4000,val192,val,4,latin,FZSongKBXKJW-EB,4,0.9190890192985535,0.6916675716638565,0.929350733757019
I4,4000,val192,val,4,latin,FZSuHJW,4,1.4066654443740845,0.8610498607158661,0.7965593338012695
I4,4000,val192,val,4,latin,FZYouHK_511M,4,1.2454278618097305,0.7790477275848389,1.346650391817093
I4,4000,val192,val,4,latin,FZZHJW,4,1.2976032197475433,0.8094900548458099,1.5186814069747925
I4,4000,val192,val,4,latin,FZZanMTJW_Te,4,1.2571528851985931,0.8097555190324783,1.2600177228450775
I4,4000,val192,val,4,latin,FZZhongYSJW_Te,4,1.1184685826301575,0.7486605793237686,1.239382117986679
I4,4000,val192,val,8,ALL,FZBangSKKXJW,4,0.7657081037759781,0.6528131365776062,0.6687727943062782
I4,4000,val192,val,8,ALL,FZCaoQBLSJW,4,1.27088463306427,0.8794452995061874,0.4800065606832504
I4,4000,val192,val,8,ALL,FZFWZhuZiHeiB,4,1.4164052903652191,0.8159667700529099,0.9735500663518906
I4,4000,val192,val,8,ALL,FZHengFSJW-T,4,1.1958668380975723,0.7454826533794403,1.1548708379268646
I4,4000,val192,val,8,ALL,FZJunYTJW-H,4,0.8457205593585968,0.7459477633237839,0.8522688001394272
I4,4000,val192,val,8,ALL,FZKANGJW,4,0.9312381744384766,0.7399280518293381,0.7405204735696316
I4,4000,val192,val,8,ALL,FZKuaiHTJW_Te,4,1.0644971132278442,0.8041746318340302,1.2690462172031403
I4,4000,val192,val,8,ALL,FZLTHProGBK_H,4,1.067811757326126,0.7708422839641571,0.8365523144602776
I4,4000,val192,val,8,ALL,FZMiFXSJW,4,1.1308408081531525,0.8678538948297501,0.7553693037480116
I4,4000,val192,val,8,ALL,FZQingYSJW-T,4,1.2818693220615387,0.7973764985799789,1.1590228825807571
I4,4000,val192,val,8,ALL,FZSongKBXKJW-EB,4,0.7666572332382202,0.6530874967575073,0.929350733757019
I4,4000,val192,val,8,ALL,FZSuHJW,4,1.3397431075572968,0.8512458801269531,0.7965593338012695
I4,4000,val192,val,8,ALL,FZYouHK_511M,4,1.260334551334381,0.7816715240478516,1.346650391817093
I4,4000,val192,val,8,ALL,FZZHJW,4,1.323091298341751,0.8208046555519104,1.5186814069747925
I4,4000,val192,val,8,ALL,FZZanMTJW_Te,4,1.2258545756340027,0.8179740011692047,1.2600177228450775
I4,4000,val192,val,8,ALL,FZZhongYSJW_Te,4,1.1416099071502686,0.7217448800802231,1.239382117986679
I4,4000,val192,val,8,latin,FZBangSKKXJW,4,0.7657081037759781,0.6528131365776062,0.6687727943062782
I4,4000,val192,val,8,latin,FZCaoQBLSJW,4,1.27088463306427,0.8794452995061874,0.4800065606832504
I4,4000,val192,val,8,latin,FZFWZhuZiHeiB,4,1.4164052903652191,0.8159667700529099,0.9735500663518906
I4,4000,val192,val,8,latin,FZHengFSJW-T,4,1.1958668380975723,0.7454826533794403,1.1548708379268646
I4,4000,val192,val,8,latin,FZJunYTJW-H,4,0.8457205593585968,0.7459477633237839,0.8522688001394272
I4,4000,val192,val,8,latin,FZKANGJW,4,0.9312381744384766,0.7399280518293381,0.7405204735696316
I4,4000,val192,val,8,latin,FZKuaiHTJW_Te,4,1.0644971132278442,0.8041746318340302,1.2690462172031403
I4,4000,val192,val,8,latin,FZLTHProGBK_H,4,1.067811757326126,0.7708422839641571,0.8365523144602776
I4,4000,val192,val,8,latin,FZMiFXSJW,4,1.1308408081531525,0.8678538948297501,0.7553693037480116
I4,4000,val192,val,8,latin,FZQingYSJW-T,4,1.2818693220615387,0.7973764985799789,1.1590228825807571
I4,4000,val192,val,8,latin,FZSongKBXKJW-EB,4,0.7666572332382202,0.6530874967575073,0.929350733757019
I4,4000,val192,val,8,latin,FZSuHJW,4,1.3397431075572968,0.8512458801269531,0.7965593338012695
I4,4000,val192,val,8,latin,FZYouHK_511M,4,1.260334551334381,0.7816715240478516,1.346650391817093
I4,4000,val192,val,8,latin,FZZHJW,4,1.323091298341751,0.8208046555519104,1.5186814069747925
I4,4000,val192,val,8,latin,FZZanMTJW_Te,4,1.2258545756340027,0.8179740011692047,1.2600177228450775
I4,4000,val192,val,8,latin,FZZhongYSJW_Te,4,1.1416099071502686,0.7217448800802231,1.239382117986679
I4,4000,val192,val,ALL,ALL,FZBangSKKXJW,12,0.7643523042400678,0.6523506691058477,0.6687727943062782
I4,4000,val192,val,ALL,ALL,FZCaoQBLSJW,12,1.3201295534769695,0.8812427620093027,0.4800065606832504
I4,4000,val192,val,ALL,ALL,FZFWZhuZiHeiB,12,1.3913791179656982,0.8056221654017767,0.9735500663518906
I4,4000,val192,val,ALL,ALL,FZHengFSJW-T,12,1.219881201783816,0.7498418043057123,1.1548708379268646
I4,4000,val192,val,ALL,ALL,FZJunYTJW-H,12,0.9248259762922922,0.7620328615109125,0.8522688001394272
I4,4000,val192,val,ALL,ALL,FZKANGJW,12,0.7973833928505579,0.7078774819771448,0.7405204735696316
I4,4000,val192,val,ALL,ALL,FZKuaiHTJW_Te,12,0.7922219634056091,0.7652601301670074,1.2690462172031403
I4,4000,val192,val,ALL,ALL,FZLTHProGBK_H,12,1.048693634569645,0.7628199408451716,0.8365523144602776
I4,4000,val192,val,ALL,ALL,FZMiFXSJW,12,1.0926030377546947,0.859502042333285,0.7553693037480116
I4,4000,val192,val,ALL,ALL,FZQingYSJW-T,12,1.2807891964912415,0.7770329217116038,1.1590228825807571
I4,4000,val192,val,ALL,ALL,FZSongKBXKJW-EB,12,0.8046150331695875,0.6661474903424581,0.929350733757019
I4,4000,val192,val,ALL,ALL,FZSuHJW,12,1.3371167679627736,0.839402049779892,0.7965593338012695
I4,4000,val192,val,ALL,ALL,FZYouHK_511M,12,1.2574670910835266,0.7803588658571243,1.346650391817093
I4,4000,val192,val,ALL,ALL,FZZHJW,12,1.320249080657959,0.8148821890354156,1.5186814069747925
I4,4000,val192,val,ALL,ALL,FZZanMTJW_Te,12,1.2379450996716816,0.8086740424235662,1.2600177228450775
I4,4000,val192,val,ALL,ALL,FZZhongYSJW_Te,12,1.1440789898236592,0.7218178361654282,1.239382117986679
I4,4000,val192,val,ALL,latin,FZBangSKKXJW,12,0.7643523042400678,0.6523506691058477,0.6687727943062782
I4,4000,val192,val,ALL,latin,FZCaoQBLSJW,12,1.3201295534769695,0.8812427620093027,0.4800065606832504
I4,4000,val192,val,ALL,latin,FZFWZhuZiHeiB,12,1.3913791179656982,0.8056221654017767,0.9735500663518906
I4,4000,val192,val,ALL,latin,FZHengFSJW-T,12,1.219881201783816,0.7498418043057123,1.1548708379268646
I4,4000,val192,val,ALL,latin,FZJunYTJW-H,12,0.9248259762922922,0.7620328615109125,0.8522688001394272
I4,4000,val192,val,ALL,latin,FZKANGJW,12,0.7973833928505579,0.7078774819771448,0.7405204735696316
I4,4000,val192,val,ALL,latin,FZKuaiHTJW_Te,12,0.7922219634056091,0.7652601301670074,1.2690462172031403
I4,4000,val192,val,ALL,latin,FZLTHProGBK_H,12,1.048693634569645,0.7628199408451716,0.8365523144602776
I4,4000,val192,val,ALL,latin,FZMiFXSJW,12,1.0926030377546947,0.859502042333285,0.7553693037480116
I4,4000,val192,val,ALL,latin,FZQingYSJW-T,12,1.2807891964912415,0.7770329217116038,1.1590228825807571
I4,4000,val192,val,ALL,latin,FZSongKBXKJW-EB,12,0.8046150331695875,0.6661474903424581,0.929350733757019
I4,4000,val192,val,ALL,latin,FZSuHJW,12,1.3371167679627736,0.839402049779892,0.7965593338012695
I4,4000,val192,val,ALL,latin,FZYouHK_511M,12,1.2574670910835266,0.7803588658571243,1.346650391817093
I4,4000,val192,val,ALL,latin,FZZHJW,12,1.320249080657959,0.8148821890354156,1.5186814069747925
I4,4000,val192,val,ALL,latin,FZZanMTJW_Te,12,1.2379450996716816,0.8086740424235662,1.2600177228450775
I4,4000,val192,val,ALL,latin,FZZhongYSJW_Te,12,1.1440789898236592,0.7218178361654282,1.239382117986679
I4,6000,val192,val,1,ALL,FZBangSKKXJW,4,1.0281311869621277,0.6886328309774399,0.6687727943062782
I4,6000,val192,val,1,ALL,FZCaoQBLSJW,4,1.3354771137237549,0.8611591011285782,0.4800065606832504
I4,6000,val192,val,1,ALL,FZFWZhuZiHeiB,4,1.378888577222824,0.797897070646286,0.9735500663518906
I4,6000,val192,val,1,ALL,FZHengFSJW-T,4,1.2445379793643951,0.752436488866806,1.1548708379268646
I4,6000,val192,val,1,ALL,FZJunYTJW-H,4,1.0662852227687836,0.7904559075832367,0.8522688001394272
I4,6000,val192,val,1,ALL,FZKANGJW,4,0.7933056950569153,0.7261725962162018,0.7405204735696316
I4,6000,val192,val,1,ALL,FZKuaiHTJW_Te,4,0.47667944990098476,0.7008932828903198,1.2690462172031403
I4,6000,val192,val,1,ALL,FZLTHProGBK_H,4,1.188189148902893,0.8016764372587204,0.8365523144602776
I4,6000,val192,val,1,ALL,FZMiFXSJW,4,1.0139368325471878,0.8407366573810577,0.7553693037480116
I4,6000,val192,val,1,ALL,FZQingYSJW-T,4,1.2345140874385834,0.7416618466377258,1.1590228825807571
I4,6000,val192,val,1,ALL,FZSongKBXKJW-EB,4,0.9792935475707054,0.7026960253715515,0.929350733757019
I4,6000,val192,val,1,ALL,FZSuHJW,4,1.3431222289800644,0.8222410529851913,0.7965593338012695
I4,6000,val192,val,1,ALL,FZYouHK_511M,4,1.2364261448383331,0.7764988839626312,1.346650391817093
I4,6000,val192,val,1,ALL,FZZHJW,4,1.3111838102340698,0.8284873217344284,1.5186814069747925
I4,6000,val192,val,1,ALL,FZZanMTJW_Te,4,1.2580065429210663,0.8015885502099991,1.2600177228450775
I4,6000,val192,val,1,ALL,FZZhongYSJW_Te,4,1.3656306564807892,0.73116235435009,1.239382117986679
I4,6000,val192,val,1,latin,FZBangSKKXJW,4,1.0281311869621277,0.6886328309774399,0.6687727943062782
I4,6000,val192,val,1,latin,FZCaoQBLSJW,4,1.3354771137237549,0.8611591011285782,0.4800065606832504
I4,6000,val192,val,1,latin,FZFWZhuZiHeiB,4,1.378888577222824,0.797897070646286,0.9735500663518906
I4,6000,val192,val,1,latin,FZHengFSJW-T,4,1.2445379793643951,0.752436488866806,1.1548708379268646
I4,6000,val192,val,1,latin,FZJunYTJW-H,4,1.0662852227687836,0.7904559075832367,0.8522688001394272
I4,6000,val192,val,1,latin,FZKANGJW,4,0.7933056950569153,0.7261725962162018,0.7405204735696316
I4,6000,val192,val,1,latin,FZKuaiHTJW_Te,4,0.47667944990098476,0.7008932828903198,1.2690462172031403
I4,6000,val192,val,1,latin,FZLTHProGBK_H,4,1.188189148902893,0.8016764372587204,0.8365523144602776
I4,6000,val192,val,1,latin,FZMiFXSJW,4,1.0139368325471878,0.8407366573810577,0.7553693037480116
I4,6000,val192,val,1,latin,FZQingYSJW-T,4,1.2345140874385834,0.7416618466377258,1.1590228825807571
I4,6000,val192,val,1,latin,FZSongKBXKJW-EB,4,0.9792935475707054,0.7026960253715515,0.929350733757019
I4,6000,val192,val,1,latin,FZSuHJW,4,1.3431222289800644,0.8222410529851913,0.7965593338012695
I4,6000,val192,val,1,latin,FZYouHK_511M,4,1.2364261448383331,0.7764988839626312,1.346650391817093
I4,6000,val192,val,1,latin,FZZHJW,4,1.3111838102340698,0.8284873217344284,1.5186814069747925
I4,6000,val192,val,1,latin,FZZanMTJW_Te,4,1.2580065429210663,0.8015885502099991,1.2600177228450775
I4,6000,val192,val,1,latin,FZZhongYSJW_Te,4,1.3656306564807892,0.73116235435009,1.239382117986679
I4,6000,val192,val,4,ALL,FZBangSKKXJW,4,0.7102200165390968,0.6097575277090073,0.6687727943062782
I4,6000,val192,val,4,ALL,FZCaoQBLSJW,4,1.3288725316524506,0.8661881983280182,0.4800065606832504
I4,6000,val192,val,4,ALL,FZFWZhuZiHeiB,4,1.4050016701221466,0.8062756955623627,0.9735500663518906
I4,6000,val192,val,4,ALL,FZHengFSJW-T,4,1.2060693800449371,0.7489982098340988,1.1548708379268646
I4,6000,val192,val,4,ALL,FZJunYTJW-H,4,0.8257834017276764,0.7437025457620621,0.8522688001394272
I4,6000,val192,val,4,ALL,FZKANGJW,4,0.6631611958146095,0.6821274906396866,0.7405204735696316
I4,6000,val192,val,4,ALL,FZKuaiHTJW_Te,4,1.1902687549591064,0.832910805940628,1.2690462172031403
I4,6000,val192,val,4,ALL,FZLTHProGBK_H,4,1.0994400829076767,0.7701388150453568,0.8365523144602776
I4,6000,val192,val,4,ALL,FZMiFXSJW,4,1.118335708975792,0.8682022541761398,0.7553693037480116
I4,6000,val192,val,4,ALL,FZQingYSJW-T,4,1.2772610783576965,0.7702073603868484,1.1590228825807571
I4,6000,val192,val,4,ALL,FZSongKBXKJW-EB,4,0.9641731828451157,0.7169187664985657,0.929350733757019
I4,6000,val192,val,4,ALL,FZSuHJW,4,1.3556215316057205,0.8451628237962723,0.7965593338012695
I4,6000,val192,val,4,ALL,FZYouHK_511M,4,1.260520413517952,0.7871358245611191,1.346650391817093
I4,6000,val192,val,4,ALL,FZZHJW,4,1.2771528363227844,0.8054083734750748,1.5186814069747925
I4,6000,val192,val,4,ALL,FZZanMTJW_Te,4,1.1741952896118164,0.8010315001010895,1.2600177228450775
I4,6000,val192,val,4,ALL,FZZhongYSJW_Te,4,1.309120625257492,0.7746089547872543,1.239382117986679
I4,6000,val192,val,4,latin,FZBangSKKXJW,4,0.7102200165390968,0.6097575277090073,0.6687727943062782
I4,6000,val192,val,4,latin,FZCaoQBLSJW,4,1.3288725316524506,0.8661881983280182,0.4800065606832504
I4,6000,val192,val,4,latin,FZFWZhuZiHeiB,4,1.4050016701221466,0.8062756955623627,0.9735500663518906
I4,6000,val192,val,4,latin,FZHengFSJW-T,4,1.2060693800449371,0.7489982098340988,1.1548708379268646
I4,6000,val192,val,4,latin,FZJunYTJW-H,4,0.8257834017276764,0.7437025457620621,0.8522688001394272
I4,6000,val192,val,4,latin,FZKANGJW,4,0.6631611958146095,0.6821274906396866,0.7405204735696316
I4,6000,val192,val,4,latin,FZKuaiHTJW_Te,4,1.1902687549591064,0.832910805940628,1.2690462172031403
I4,6000,val192,val,4,latin,FZLTHProGBK_H,4,1.0994400829076767,0.7701388150453568,0.8365523144602776
I4,6000,val192,val,4,latin,FZMiFXSJW,4,1.118335708975792,0.8682022541761398,0.7553693037480116
I4,6000,val192,val,4,latin,FZQingYSJW-T,4,1.2772610783576965,0.7702073603868484,1.1590228825807571
I4,6000,val192,val,4,latin,FZSongKBXKJW-EB,4,0.9641731828451157,0.7169187664985657,0.929350733757019
I4,6000,val192,val,4,latin,FZSuHJW,4,1.3556215316057205,0.8451628237962723,0.7965593338012695
I4,6000,val192,val,4,latin,FZYouHK_511M,4,1.260520413517952,0.7871358245611191,1.346650391817093
I4,6000,val192,val,4,latin,FZZHJW,4,1.2771528363227844,0.8054083734750748,1.5186814069747925
I4,6000,val192,val,4,latin,FZZanMTJW_Te,4,1.1741952896118164,0.8010315001010895,1.2600177228450775
I4,6000,val192,val,4,latin,FZZhongYSJW_Te,4,1.309120625257492,0.7746089547872543,1.239382117986679
I4,6000,val192,val,8,ALL,FZBangSKKXJW,4,0.8073776215314865,0.6597793847322464,0.6687727943062782
I4,6000,val192,val,8,ALL,FZCaoQBLSJW,4,1.3913645446300507,0.8782248497009277,0.4800065606832504
I4,6000,val192,val,8,ALL,FZFWZhuZiHeiB,4,1.506743609905243,0.8278891146183014,0.9735500663518906
I4,6000,val192,val,8,ALL,FZHengFSJW-T,4,1.2034745514392853,0.7398976385593414,1.1548708379268646
I4,6000,val192,val,8,ALL,FZJunYTJW-H,4,0.729755699634552,0.735106572508812,0.8522688001394272
I4,6000,val192,val,8,ALL,FZKANGJW,4,0.966447040438652,0.7639561891555786,0.7405204735696316
I4,6000,val192,val,8,ALL,FZKuaiHTJW_Te,4,0.9711979776620865,0.7919420748949051,1.2690462172031403
I4,6000,val192,val,8,ALL,FZLTHProGBK_H,4,1.1512047350406647,0.7908121347427368,0.8365523144602776
I4,6000,val192,val,8,ALL,FZMiFXSJW,4,1.1084188967943192,0.8678977936506271,0.7553693037480116
I4,6000,val192,val,8,ALL,FZQingYSJW-T,4,1.3155092000961304,0.7889535576105118,1.1590228825807571
I4,6000,val192,val,8,ALL,FZSongKBXKJW-EB,4,0.8341819047927856,0.6885578483343124,0.929350733757019
I4,6000,val192,val,8,ALL,FZSuHJW,4,1.39312544465065,0.8591367900371552,0.7965593338012695
I4,6000,val192,val,8,ALL,FZYouHK_511M,4,1.2552325427532196,0.7889041006565094,1.346650391817093
I4,6000,val192,val,8,ALL,FZZHJW,4,1.3443888425827026,0.8254438936710358,1.5186814069747925
I4,6000,val192,val,8,ALL,FZZanMTJW_Te,4,1.2162824720144272,0.81688192486763,1.2600177228450775
I4,6000,val192,val,8,ALL,FZZhongYSJW_Te,4,1.1128591895103455,0.7387306243181229,1.239382117986679
I4,6000,val192,val,8,latin,FZBangSKKXJW,4,0.8073776215314865,0.6597793847322464,0.6687727943062782
I4,6000,val192,val,8,latin,FZCaoQBLSJW,4,1.3913645446300507,0.8782248497009277,0.4800065606832504
I4,6000,val192,val,8,latin,FZFWZhuZiHeiB,4,1.506743609905243,0.8278891146183014,0.9735500663518906
I4,6000,val192,val,8,latin,FZHengFSJW-T,4,1.2034745514392853,0.7398976385593414,1.1548708379268646
I4,6000,val192,val,8,latin,FZJunYTJW-H,4,0.729755699634552,0.735106572508812,0.8522688001394272
I4,6000,val192,val,8,latin,FZKANGJW,4,0.966447040438652,0.7639561891555786,0.7405204735696316
I4,6000,val192,val,8,latin,FZKuaiHTJW_Te,4,0.9711979776620865,0.7919420748949051,1.2690462172031403
I4,6000,val192,val,8,latin,FZLTHProGBK_H,4,1.1512047350406647,0.7908121347427368,0.8365523144602776
I4,6000,val192,val,8,latin,FZMiFXSJW,4,1.1084188967943192,0.8678977936506271,0.7553693037480116
I4,6000,val192,val,8,latin,FZQingYSJW-T,4,1.3155092000961304,0.7889535576105118,1.1590228825807571
I4,6000,val192,val,8,latin,FZSongKBXKJW-EB,4,0.8341819047927856,0.6885578483343124,0.929350733757019
I4,6000,val192,val,8,latin,FZSuHJW,4,1.39312544465065,0.8591367900371552,0.7965593338012695
I4,6000,val192,val,8,latin,FZYouHK_511M,4,1.2552325427532196,0.7889041006565094,1.346650391817093
I4,6000,val192,val,8,latin,FZZHJW,4,1.3443888425827026,0.8254438936710358,1.5186814069747925
I4,6000,val192,val,8,latin,FZZanMTJW_Te,4,1.2162824720144272,0.81688192486763,1.2600177228450775
I4,6000,val192,val,8,latin,FZZhongYSJW_Te,4,1.1128591895103455,0.7387306243181229,1.239382117986679
I4,6000,val192,val,ALL,ALL,FZBangSKKXJW,12,0.8485762750109037,0.6527232478062311,0.6687727943062782
I4,6000,val192,val,ALL,ALL,FZCaoQBLSJW,12,1.3519047300020854,0.8685240497191747,0.4800065606832504
I4,6000,val192,val,ALL,ALL,FZFWZhuZiHeiB,12,1.4302112857500713,0.8106872936089834,0.9735500663518906
I4,6000,val192,val,ALL,ALL,FZHengFSJW-T,12,1.218027303616206,0.7471107790867487,1.1548708379268646
I4,6000,val192,val,ALL,ALL,FZJunYTJW-H,12,0.873941441377004,0.7564216752847036,0.8522688001394272
I4,6000,val192,val,ALL,ALL,FZKANGJW,12,0.8076379771033922,0.7240854253371557,0.7405204735696316
I4,6000,val192,val,ALL,ALL,FZKuaiHTJW_Te,12,0.8793820608407259,0.775248721241951,1.2690462172031403
I4,6000,val192,val,ALL,ALL,FZLTHProGBK_H,12,1.1462779889504116,0.787542462348938,0.8365523144602776
I4,6000,val192,val,ALL,ALL,FZMiFXSJW,12,1.0802304794390996,0.8589455684026083,0.7553693037480116
I4,6000,val192,val,ALL,ALL,FZQingYSJW-T,12,1.27576145529747,0.7669409215450287,1.1590228825807571
I4,6000,val192,val,ALL,ALL,FZSongKBXKJW-EB,12,0.9258828784028689,0.7027242134014765,0.929350733757019
I4,6000,val192,val,ALL,ALL,FZSuHJW,12,1.3639564017454784,0.8421802222728729,0.7965593338012695
I4,6000,val192,val,ALL,ALL,FZYouHK_511M,12,1.2507263670365016,0.7841796030600866,1.346650391817093
I4,6000,val192,val,ALL,ALL,FZZHJW,12,1.3109084963798523,0.8197798629601797,1.5186814069747925
I4,6000,val192,val,ALL,ALL,FZZanMTJW_Te,12,1.2161614348491032,0.8065006583929062,1.2600177228450775
I4,6000,val192,val,ALL,ALL,FZZhongYSJW_Te,12,1.2625368237495422,0.7481673111518224,1.239382117986679
I4,6000,val192,val,ALL,latin,FZBangSKKXJW,12,0.8485762750109037,0.6527232478062311,0.6687727943062782
I4,6000,val192,val,ALL,latin,FZCaoQBLSJW,12,1.3519047300020854,0.8685240497191747,0.4800065606832504
I4,6000,val192,val,ALL,latin,FZFWZhuZiHeiB,12,1.4302112857500713,0.8106872936089834,0.9735500663518906
I4,6000,val192,val,ALL,latin,FZHengFSJW-T,12,1.218027303616206,0.7471107790867487,1.1548708379268646
I4,6000,val192,val,ALL,latin,FZJunYTJW-H,12,0.873941441377004,0.7564216752847036,0.8522688001394272
I4,6000,val192,val,ALL,latin,FZKANGJW,12,0.8076379771033922,0.7240854253371557,0.7405204735696316
I4,6000,val192,val,ALL,latin,FZKuaiHTJW_Te,12,0.8793820608407259,0.775248721241951,1.2690462172031403
I4,6000,val192,val,ALL,latin,FZLTHProGBK_H,12,1.1462779889504116,0.787542462348938,0.8365523144602776
I4,6000,val192,val,ALL,latin,FZMiFXSJW,12,1.0802304794390996,0.8589455684026083,0.7553693037480116
I4,6000,val192,val,ALL,latin,FZQingYSJW-T,12,1.27576145529747,0.7669409215450287,1.1590228825807571
I4,6000,val192,val,ALL,latin,FZSongKBXKJW-EB,12,0.9258828784028689,0.7027242134014765,0.929350733757019
I4,6000,val192,val,ALL,latin,FZSuHJW,12,1.3639564017454784,0.8421802222728729,0.7965593338012695
I4,6000,val192,val,ALL,latin,FZYouHK_511M,12,1.2507263670365016,0.7841796030600866,1.346650391817093
I4,6000,val192,val,ALL,latin,FZZHJW,12,1.3109084963798523,0.8197798629601797,1.5186814069747925
I4,6000,val192,val,ALL,latin,FZZanMTJW_Te,12,1.2161614348491032,0.8065006583929062,1.2600177228450775
I4,6000,val192,val,ALL,latin,FZZhongYSJW_Te,12,1.2625368237495422,0.7481673111518224,1.239382117986679
I4,8000,val192,val,1,ALL,FZBangSKKXJW,4,1.0602772235870361,0.7239273935556412,0.6687727943062782
I4,8000,val192,val,1,ALL,FZCaoQBLSJW,4,1.3807819485664368,0.8710448443889618,0.4800065606832504
I4,8000,val192,val,1,ALL,FZFWZhuZiHeiB,4,1.3941217064857483,0.7965047508478165,0.9735500663518906
I4,8000,val192,val,1,ALL,FZHengFSJW-T,4,1.2345732748508453,0.753745824098587,1.1548708379268646
I4,8000,val192,val,1,ALL,FZJunYTJW-H,4,1.2029157280921936,0.8302974104881287,0.8522688001394272
I4,8000,val192,val,1,ALL,FZKANGJW,4,0.9682324528694153,0.7689917087554932,0.7405204735696316
I4,8000,val192,val,1,ALL,FZKuaiHTJW_Te,4,0.643699511885643,0.7239431291818619,1.2690462172031403
I4,8000,val192,val,1,ALL,FZLTHProGBK_H,4,1.0692717880010605,0.7648098021745682,0.8365523144602776
I4,8000,val192,val,1,ALL,FZMiFXSJW,4,1.1651833653450012,0.8605648428201675,0.7553693037480116
I4,8000,val192,val,1,ALL,FZQingYSJW-T,4,1.2778751850128174,0.746022954583168,1.1590228825807571
I4,8000,val192,val,1,ALL,FZSongKBXKJW-EB,4,0.9048515111207962,0.6724306643009186,0.929350733757019
I4,8000,val192,val,1,ALL,FZSuHJW,4,1.232775554060936,0.8023760616779327,0.7965593338012695
I4,8000,val192,val,1,ALL,FZYouHK_511M,4,1.2010284662246704,0.7706834077835083,1.346650391817093
I4,8000,val192,val,1,ALL,FZZHJW,4,1.3728047907352448,0.822232186794281,1.5186814069747925
I4,8000,val192,val,1,ALL,FZZanMTJW_Te,4,1.201358288526535,0.8042572289705276,1.2600177228450775
I4,8000,val192,val,1,ALL,FZZhongYSJW_Te,4,1.2445011287927628,0.7142806798219681,1.239382117986679
I4,8000,val192,val,1,latin,FZBangSKKXJW,4,1.0602772235870361,0.7239273935556412,0.6687727943062782
I4,8000,val192,val,1,latin,FZCaoQBLSJW,4,1.3807819485664368,0.8710448443889618,0.4800065606832504
I4,8000,val192,val,1,latin,FZFWZhuZiHeiB,4,1.3941217064857483,0.7965047508478165,0.9735500663518906
I4,8000,val192,val,1,latin,FZHengFSJW-T,4,1.2345732748508453,0.753745824098587,1.1548708379268646
I4,8000,val192,val,1,latin,FZJunYTJW-H,4,1.2029157280921936,0.8302974104881287,0.8522688001394272
I4,8000,val192,val,1,latin,FZKANGJW,4,0.9682324528694153,0.7689917087554932,0.7405204735696316
I4,8000,val192,val,1,latin,FZKuaiHTJW_Te,4,0.643699511885643,0.7239431291818619,1.2690462172031403
I4,8000,val192,val,1,latin,FZLTHProGBK_H,4,1.0692717880010605,0.7648098021745682,0.8365523144602776
I4,8000,val192,val,1,latin,FZMiFXSJW,4,1.1651833653450012,0.8605648428201675,0.7553693037480116
I4,8000,val192,val,1,latin,FZQingYSJW-T,4,1.2778751850128174,0.746022954583168,1.1590228825807571
I4,8000,val192,val,1,latin,FZSongKBXKJW-EB,4,0.9048515111207962,0.6724306643009186,0.929350733757019
I4,8000,val192,val,1,latin,FZSuHJW,4,1.232775554060936,0.8023760616779327,0.7965593338012695
I4,8000,val192,val,1,latin,FZYouHK_511M,4,1.2010284662246704,0.7706834077835083,1.346650391817093
I4,8000,val192,val,1,latin,FZZHJW,4,1.3728047907352448,0.822232186794281,1.5186814069747925
I4,8000,val192,val,1,latin,FZZanMTJW_Te,4,1.201358288526535,0.8042572289705276,1.2600177228450775
I4,8000,val192,val,1,latin,FZZhongYSJW_Te,4,1.2445011287927628,0.7142806798219681,1.239382117986679
I4,8000,val192,val,4,ALL,FZBangSKKXJW,4,0.6662617772817612,0.6198987141251564,0.6687727943062782
I4,8000,val192,val,4,ALL,FZCaoQBLSJW,4,1.3595634698867798,0.8763539344072342,0.4800065606832504
I4,8000,val192,val,4,ALL,FZFWZhuZiHeiB,4,1.4080877304077148,0.8123667687177658,0.9735500663518906
I4,8000,val192,val,4,ALL,FZHengFSJW-T,4,1.1453225910663605,0.7362513542175293,1.1548708379268646
I4,8000,val192,val,4,ALL,FZJunYTJW-H,4,0.9006912857294083,0.7607817202806473,0.8522688001394272
I4,8000,val192,val,4,ALL,FZKANGJW,4,0.7801616787910461,0.697209358215332,0.7405204735696316
I4,8000,val192,val,4,ALL,FZKuaiHTJW_Te,4,1.1744061708450317,0.8467608988285065,1.2690462172031403
I4,8000,val192,val,4,ALL,FZLTHProGBK_H,4,1.0343513935804367,0.7534287124872208,0.8365523144602776
I4,8000,val192,val,4,ALL,FZMiFXSJW,4,1.148864969611168,0.8800731152296066,0.7553693037480116
I4,8000,val192,val,4,ALL,FZQingYSJW-T,4,1.2902928590774536,0.7804535627365112,1.1590228825807571
I4,8000,val192,val,4,ALL,FZSongKBXKJW-EB,4,0.9675444066524506,0.7171313613653183,0.929350733757019
I4,8000,val192,val,4,ALL,FZSuHJW,4,1.458409160375595,0.8739150315523148,0.7965593338012695
I4,8000,val192,val,4,ALL,FZYouHK_511M,4,1.264224261045456,0.786333903670311,1.346650391817093
I4,8000,val192,val,4,ALL,FZZHJW,4,1.348980337381363,0.8182107955217361,1.5186814069747925
I4,8000,val192,val,4,ALL,FZZanMTJW_Te,4,1.1927900612354279,0.7864844650030136,1.2600177228450775
I4,8000,val192,val,4,ALL,FZZhongYSJW_Te,4,1.4323764443397522,0.7825297862291336,1.239382117986679
I4,8000,val192,val,4,latin,FZBangSKKXJW,4,0.6662617772817612,0.6198987141251564,0.6687727943062782
I4,8000,val192,val,4,latin,FZCaoQBLSJW,4,1.3595634698867798,0.8763539344072342,0.4800065606832504
I4,8000,val192,val,4,latin,FZFWZhuZiHeiB,4,1.4080877304077148,0.8123667687177658,0.9735500663518906
I4,8000,val192,val,4,latin,FZHengFSJW-T,4,1.1453225910663605,0.7362513542175293,1.1548708379268646
I4,8000,val192,val,4,latin,FZJunYTJW-H,4,0.9006912857294083,0.7607817202806473,0.8522688001394272
I4,8000,val192,val,4,latin,FZKANGJW,4,0.7801616787910461,0.697209358215332,0.7405204735696316
I4,8000,val192,val,4,latin,FZKuaiHTJW_Te,4,1.1744061708450317,0.8467608988285065,1.2690462172031403
I4,8000,val192,val,4,latin,FZLTHProGBK_H,4,1.0343513935804367,0.7534287124872208,0.8365523144602776
I4,8000,val192,val,4,latin,FZMiFXSJW,4,1.148864969611168,0.8800731152296066,0.7553693037480116
I4,8000,val192,val,4,latin,FZQingYSJW-T,4,1.2902928590774536,0.7804535627365112,1.1590228825807571
I4,8000,val192,val,4,latin,FZSongKBXKJW-EB,4,0.9675444066524506,0.7171313613653183,0.929350733757019
I4,8000,val192,val,4,latin,FZSuHJW,4,1.458409160375595,0.8739150315523148,0.7965593338012695
I4,8000,val192,val,4,latin,FZYouHK_511M,4,1.264224261045456,0.786333903670311,1.346650391817093
I4,8000,val192,val,4,latin,FZZHJW,4,1.348980337381363,0.8182107955217361,1.5186814069747925
I4,8000,val192,val,4,latin,FZZanMTJW_Te,4,1.1927900612354279,0.7864844650030136,1.2600177228450775
I4,8000,val192,val,4,latin,FZZhongYSJW_Te,4,1.4323764443397522,0.7825297862291336,1.239382117986679
I4,8000,val192,val,8,ALL,FZBangSKKXJW,4,0.8623273521661758,0.6613901555538177,0.6687727943062782
I4,8000,val192,val,8,ALL,FZCaoQBLSJW,4,1.390754908323288,0.8871833831071854,0.4800065606832504
I4,8000,val192,val,8,ALL,FZFWZhuZiHeiB,4,1.5057936906814575,0.8274460583925247,0.9735500663518906
I4,8000,val192,val,8,ALL,FZHengFSJW-T,4,1.1566387116909027,0.7360033392906189,1.1548708379268646
I4,8000,val192,val,8,ALL,FZJunYTJW-H,4,0.7891190350055695,0.7543258816003799,0.8522688001394272
I4,8000,val192,val,8,ALL,FZKANGJW,4,1.226825475692749,0.8064525872468948,0.7405204735696316
I4,8000,val192,val,8,ALL,FZKuaiHTJW_Te,4,1.0440155863761902,0.8257877230644226,1.2690462172031403
I4,8000,val192,val,8,ALL,FZLTHProGBK_H,4,1.0655299127101898,0.7663384824991226,0.8365523144602776
I4,8000,val192,val,8,ALL,FZMiFXSJW,4,1.2338864505290985,0.8918744325637817,0.7553693037480116
I4,8000,val192,val,8,ALL,FZQingYSJW-T,4,1.2907377481460571,0.781699001789093,1.1590228825807571
I4,8000,val192,val,8,ALL,FZSongKBXKJW-EB,4,0.8262414038181305,0.6839789301156998,0.929350733757019
I4,8000,val192,val,8,ALL,FZSuHJW,4,1.4279086589813232,0.875988557934761,0.7965593338012695
I4,8000,val192,val,8,ALL,FZYouHK_511M,4,1.2522101402282715,0.7906069755554199,1.346650391817093
I4,8000,val192,val,8,ALL,FZZHJW,4,1.3583592474460602,0.8288020491600037,1.5186814069747925
I4,8000,val192,val,8,ALL,FZZanMTJW_Te,4,1.1597605049610138,0.7878571599721909,1.2600177228450775
I4,8000,val192,val,8,ALL,FZZhongYSJW_Te,4,1.1824099719524384,0.7647222727537155,1.239382117986679
I4,8000,val192,val,8,latin,FZBangSKKXJW,4,0.8623273521661758,0.6613901555538177,0.6687727943062782
I4,8000,val192,val,8,latin,FZCaoQBLSJW,4,1.390754908323288,0.8871833831071854,0.4800065606832504
I4,8000,val192,val,8,latin,FZFWZhuZiHeiB,4,1.5057936906814575,0.8274460583925247,0.9735500663518906
I4,8000,val192,val,8,latin,FZHengFSJW-T,4,1.1566387116909027,0.7360033392906189,1.1548708379268646
I4,8000,val192,val,8,latin,FZJunYTJW-H,4,0.7891190350055695,0.7543258816003799,0.8522688001394272
I4,8000,val192,val,8,latin,FZKANGJW,4,1.226825475692749,0.8064525872468948,0.7405204735696316
I4,8000,val192,val,8,latin,FZKuaiHTJW_Te,4,1.0440155863761902,0.8257877230644226,1.2690462172031403
I4,8000,val192,val,8,latin,FZLTHProGBK_H,4,1.0655299127101898,0.7663384824991226,0.8365523144602776
I4,8000,val192,val,8,latin,FZMiFXSJW,4,1.2338864505290985,0.8918744325637817,0.7553693037480116
I4,8000,val192,val,8,latin,FZQingYSJW-T,4,1.2907377481460571,0.781699001789093,1.1590228825807571
I4,8000,val192,val,8,latin,FZSongKBXKJW-EB,4,0.8262414038181305,0.6839789301156998,0.929350733757019
I4,8000,val192,val,8,latin,FZSuHJW,4,1.4279086589813232,0.875988557934761,0.7965593338012695
I4,8000,val192,val,8,latin,FZYouHK_511M,4,1.2522101402282715,0.7906069755554199,1.346650391817093
I4,8000,val192,val,8,latin,FZZHJW,4,1.3583592474460602,0.8288020491600037,1.5186814069747925
I4,8000,val192,val,8,latin,FZZanMTJW_Te,4,1.1597605049610138,0.7878571599721909,1.2600177228450775
I4,8000,val192,val,8,latin,FZZhongYSJW_Te,4,1.1824099719524384,0.7647222727537155,1.239382117986679
I4,8000,val192,val,ALL,ALL,FZBangSKKXJW,12,0.8629554510116577,0.6684054210782051,0.6687727943062782
I4,8000,val192,val,ALL,ALL,FZCaoQBLSJW,12,1.3770334422588348,0.8781940539677938,0.4800065606832504
I4,8000,val192,val,ALL,ALL,FZFWZhuZiHeiB,12,1.4360010425249736,0.812105859319369,0.9735500663518906
I4,8000,val192,val,ALL,ALL,FZHengFSJW-T,12,1.1788448592027028,0.7420001725355784,1.1548708379268646
I4,8000,val192,val,ALL,ALL,FZJunYTJW-H,12,0.9642420162757238,0.7818016707897186,0.8522688001394272
I4,8000,val192,val,ALL,ALL,FZKANGJW,12,0.9917398691177368,0.7575512180725733,0.7405204735696316
I4,8000,val192,val,ALL,ALL,FZKuaiHTJW_Te,12,0.9540404230356216,0.798830583691597,1.2690462172031403
I4,8000,val192,val,ALL,ALL,FZLTHProGBK_H,12,1.0563843647638957,0.7615256657203039,0.8365523144602776
I4,8000,val192,val,ALL,ALL,FZMiFXSJW,12,1.1826449284950893,0.8775041302045187,0.7553693037480116
I4,8000,val192,val,ALL,ALL,FZQingYSJW-T,12,1.2863019307454426,0.7693918397029241,1.1590228825807571
I4,8000,val192,val,ALL,ALL,FZSongKBXKJW-EB,12,0.8995457738637924,0.6911803185939789,0.929350733757019
I4,8000,val192,val,ALL,ALL,FZSuHJW,12,1.373031124472618,0.8507598837216696,0.7965593338012695
I4,8000,val192,val,ALL,ALL,FZYouHK_511M,12,1.2391542891661327,0.7825414290030798,1.346650391817093
I4,8000,val192,val,ALL,ALL,FZZHJW,12,1.360048125187556,0.8230816771586736,1.5186814069747925
I4,8000,val192,val,ALL,ALL,FZZanMTJW_Te,12,1.1846362849076588,0.7928662846485773,1.2600177228450775
I4,8000,val192,val,ALL,ALL,FZZhongYSJW_Te,12,1.2864291816949844,0.7538442462682724,1.239382117986679
I4,8000,val192,val,ALL,latin,FZBangSKKXJW,12,0.8629554510116577,0.6684054210782051,0.6687727943062782
I4,8000,val192,val,ALL,latin,FZCaoQBLSJW,12,1.3770334422588348,0.8781940539677938,0.4800065606832504
I4,8000,val192,val,ALL,latin,FZFWZhuZiHeiB,12,1.4360010425249736,0.812105859319369,0.9735500663518906
I4,8000,val192,val,ALL,latin,FZHengFSJW-T,12,1.1788448592027028,0.7420001725355784,1.1548708379268646
I4,8000,val192,val,ALL,latin,FZJunYTJW-H,12,0.9642420162757238,0.7818016707897186,0.8522688001394272
I4,8000,val192,val,ALL,latin,FZKANGJW,12,0.9917398691177368,0.7575512180725733,0.7405204735696316
I4,8000,val192,val,ALL,latin,FZKuaiHTJW_Te,12,0.9540404230356216,0.798830583691597,1.2690462172031403
I4,8000,val192,val,ALL,latin,FZLTHProGBK_H,12,1.0563843647638957,0.7615256657203039,0.8365523144602776
I4,8000,val192,val,ALL,latin,FZMiFXSJW,12,1.1826449284950893,0.8775041302045187,0.7553693037480116
I4,8000,val192,val,ALL,latin,FZQingYSJW-T,12,1.2863019307454426,0.7693918397029241,1.1590228825807571
I4,8000,val192,val,ALL,latin,FZSongKBXKJW-EB,12,0.8995457738637924,0.6911803185939789,0.929350733757019
I4,8000,val192,val,ALL,latin,FZSuHJW,12,1.373031124472618,0.8507598837216696,0.7965593338012695
I4,8000,val192,val,ALL,latin,FZYouHK_511M,12,1.2391542891661327,0.7825414290030798,1.346650391817093
I4,8000,val192,val,ALL,latin,FZZHJW,12,1.360048125187556,0.8230816771586736,1.5186814069747925
I4,8000,val192,val,ALL,latin,FZZanMTJW_Te,12,1.1846362849076588,0.7928662846485773,1.2600177228450775
I4,8000,val192,val,ALL,latin,FZZhongYSJW_Te,12,1.2864291816949844,0.7538442462682724,1.239382117986679
I4,10000,formal4096,val,1,ALL,FZBangSKKXJW,64,0.8106694770976901,0.6040875231847167,0.8383674193173647
I4,10000,formal4096,val,1,ALL,FZCaoQBLSJW,64,1.0634278091602027,0.8183336108922958,0.8562735375016928
I4,10000,formal4096,val,1,ALL,FZFWZhuZiHeiB,64,1.3968887254595757,0.8408028967678547,1.0214777514338493
I4,10000,formal4096,val,1,ALL,FZHengFSJW-T,64,1.1909721847623587,0.8291576635092497,1.1624632813036442
I4,10000,formal4096,val,1,ALL,FZJunYTJW-H,64,0.9043956765090115,0.737558004911989,0.8090110485209152
I4,10000,formal4096,val,1,ALL,FZKANGJW,64,0.9347577400039881,0.7701948285102844,0.9039787286892533
I4,10000,formal4096,val,1,ALL,FZKuaiHTJW_Te,64,1.1032712352462113,0.7892801268026233,1.2415367886424065
I4,10000,formal4096,val,1,ALL,FZLTHProGBK_H,64,1.1684230412356555,0.8065813118591905,1.0033346930285916
I4,10000,formal4096,val,1,ALL,FZMiFXSJW,64,1.1105377301573753,0.8525656657293439,1.0821409556083381
I4,10000,formal4096,val,1,ALL,FZQingYSJW-T,64,1.2373521802946925,0.8112619984894991,1.0917087085545063
I4,10000,formal4096,val,1,ALL,FZSongKBXKJW-EB,64,1.3574676329735667,0.8063641851767898,1.149775526020676
I4,10000,formal4096,val,1,ALL,FZSuHJW,64,1.1898800120688975,0.7926521245390177,0.7419911697506905
I4,10000,formal4096,val,1,ALL,FZYouHK_511M,64,1.2765160519629717,0.8091612346470356,1.300058301538229
I4,10000,formal4096,val,1,ALL,FZZHJW,64,1.2908409051597118,0.8502669474110007,1.1881522201001644
I4,10000,formal4096,val,1,ALL,FZZanMTJW_Te,64,1.2294928226619959,0.7869097483344376,1.0213664616458118
I4,10000,formal4096,val,1,ALL,FZZhongYSJW_Te,64,1.208205358707346,0.7725711949169636,1.25036009401083
I4,10000,formal4096,val,1,bopomofo,FZBangSKKXJW,16,0.8646929655224085,0.6282222326844931,0.8691550195217133
I4,10000,formal4096,val,1,bopomofo,FZCaoQBLSJW,16,0.9705028403550386,0.7956685535609722,1.0050677061080933
I4,10000,formal4096,val,1,bopomofo,FZFWZhuZiHeiB,16,1.4380396343767643,0.8492131195962429,1.68684920668602
I4,10000,formal4096,val,1,bopomofo,FZHengFSJW-T,16,1.2292895503342152,0.8798996359109879,1.1945441365242004
I4,10000,formal4096,val,1,bopomofo,FZMiFXSJW,16,1.0827381126582623,0.8497603461146355,1.0658781677484512
I4,10000,formal4096,val,1,bopomofo,FZQingYSJW-T,16,1.2542020976543427,0.874662671238184,1.003349632024765
I4,10000,formal4096,val,1,bopomofo,FZSongKBXKJW-EB,16,1.602466657757759,0.8554831296205521,1.7157626748085022
I4,10000,formal4096,val,1,bopomofo,FZYouHK_511M,16,1.3569511026144028,0.8395118154585361,1.2918909341096878
I4,10000,formal4096,val,1,bopomofo,FZZHJW,16,1.3718755841255188,0.9101616963744164,0.7944012880325317
I4,10000,formal4096,val,1,kana,FZBangSKKXJW,12,0.9191937521100044,0.6400733093420664,0.7585003773371378
I4,10000,formal4096,val,1,kana,FZCaoQBLSJW,12,1.127755731344223,0.852859228849411,1.3175904750823975
I4,10000,formal4096,val,1,kana,FZFWZhuZiHeiB,12,1.1306003580490749,0.8473318566878637,0.8952454129854838
I4,10000,formal4096,val,1,kana,FZHengFSJW-T,12,1.1557943324247997,0.8563837458690008,1.2082821528116863
I4,10000,formal4096,val,1,kana,FZKuaiHTJW_Te,12,1.2012459983428319,0.7806428273518881,1.4598731994628906
I4,10000,formal4096,val,1,kana,FZLTHProGBK_H,12,1.0998994012673695,0.8105811923742294,1.3368837436040242
I4,10000,formal4096,val,1,kana,FZMiFXSJW,12,1.2189968625704448,0.8701180070638657,1.2366973161697388
I4,10000,formal4096,val,1,kana,FZQingYSJW-T,12,1.332718312740326,0.8851839105288187,1.137002408504486
I4,10000,formal4096,val,1,kana,FZSongKBXKJW-EB,12,1.5507179101308186,0.8524311433235804,1.297378659248352
I4,10000,formal4096,val,1,kana,FZSuHJW,12,1.2305222700039546,0.8832477430502573,1.1700513164202373
I4,10000,formal4096,val,1,kana,FZYouHK_511M,12,1.3913679321606953,0.8906979809204737,1.3883026440938313
I4,10000,formal4096,val,1,kana,FZZHJW,12,1.3651169339815776,0.8823176572720209,1.2767743666966755
I4,10000,formal4096,val,1,kana,FZZanMTJW_Te,12,1.5900863508383434,0.8921178380648295,1.5672092040379841
I4,10000,formal4096,val,1,kana,FZZhongYSJW_Te,12,1.3482060233751934,0.7819268306096395,1.7110515435536702
I4,10000,formal4096,val,1,latin,FZBangSKKXJW,36,0.7504842794603772,0.5813657235768106,0.8513063887755076
I4,10000,formal4096,val,1,latin,FZCaoQBLSJW,36,1.0832851545678244,0.816898430387179,0.6363704833719466
I4,10000,formal4096,val,1,latin,FZFWZhuZiHeiB,36,1.4673622217443254,0.8348886999819014,0.7678345508045621
I4,10000,formal4096,val,1,latin,FZHengFSJW-T,36,1.1856681952873867,0.7975303149885602,1.1329321662584941
I4,10000,formal4096,val,1,latin,FZJunYTJW-H,64,0.9043956765090115,0.737558004911989,0.8090110485209152
I4,10000,formal4096,val,1,latin,FZKANGJW,64,0.9347577400039881,0.7701948285102844,0.9039787286892533
I4,10000,formal4096,val,1,latin,FZKuaiHTJW_Te,52,1.0806616745316064,0.791273349752793,1.1911514630684485
I4,10000,formal4096,val,1,latin,FZLTHProGBK_H,52,1.1842361889206445,0.8056582625095661,0.9263618352034917
I4,10000,formal4096,val,1,latin,FZMiFXSJW,36,1.086740071574847,0.8479616940021515,1.0378500744700432
I4,10000,formal4096,val,1,latin,FZQingYSJW-T,36,1.1980746173196368,0.7584432843658659,1.1158815092510648
I4,10000,formal4096,val,1,latin,FZSongKBXKJW-EB,36,1.1841624184615083,0.7691778904861875,0.84902463770575
I4,10000,formal4096,val,1,latin,FZSuHJW,52,1.1805010294684997,0.7717454433441162,0.643208058980795
I4,10000,formal4096,val,1,latin,FZYouHK_511M,36,1.2024831804964278,0.7684931721952226,1.2742734617657132
I4,10000,formal4096,val,1,latin,FZZHJW,36,1.2300668160120647,0.8129634890291426,1.3336119188202753
I4,10000,formal4096,val,1,latin,FZZanMTJW_Te,52,1.1462789315443773,0.7626309583966548,0.8954027518630028
I4,10000,formal4096,val,1,latin,FZZhongYSJW_Te,52,1.175897513014766,0.7704122020648076,1.1440466825778668
I4,10000,formal4096,val,2,ALL,FZBangSKKXJW,64,0.935950439888984,0.650691953022033,0.8383674193173647
I4,10000,formal4096,val,2,ALL,FZCaoQBLSJW,64,1.1439201903995126,0.8483396228402853,0.8562735375016928
I4,10000,formal4096,val,2,ALL,FZFWZhuZiHeiB,64,1.3808565801009536,0.839357883669436,1.0214777514338493
I4,10000,formal4096,val,2,ALL,FZHengFSJW-T,64,1.1737830210477114,0.8276909086853266,1.1624632813036442
I4,10000,formal4096,val,2,ALL,FZJunYTJW-H,64,0.9306706115312409,0.744224676862359,0.8090110485209152
I4,10000,formal4096,val,2,ALL,FZKANGJW,64,0.9753547346917912,0.7762535102665424,0.9039787286892533
I4,10000,formal4096,val,2,ALL,FZKuaiHTJW_Te,64,1.139431464485824,0.8007989143952727,1.2415367886424065
I4,10000,formal4096,val,2,ALL,FZLTHProGBK_H,64,1.162525786086917,0.8098699720576406,1.0033346930285916
I4,10000,formal4096,val,2,ALL,FZMiFXSJW,64,1.2013673102483153,0.8839154690504074,1.0821409556083381
I4,10000,formal4096,val,2,ALL,FZQingYSJW-T,64,1.2440014015883207,0.8138603353872895,1.0917087085545063
I4,10000,formal4096,val,2,ALL,FZSongKBXKJW-EB,64,1.3789560561999679,0.8136273454874754,1.149775526020676
I4,10000,formal4096,val,2,ALL,FZSuHJW,64,1.206283216830343,0.8077151235193014,0.7419911697506905
I4,10000,formal4096,val,2,ALL,FZYouHK_511M,64,1.2921646172180772,0.8127658404409885,1.300058301538229
I4,10000,formal4096,val,2,ALL,FZZHJW,64,1.2664032303437125,0.8450003997422755,1.1881522201001644
I4,10000,formal4096,val,2,ALL,FZZanMTJW_Te,64,1.2041671183542348,0.7847967646084726,1.0213664616458118
I4,10000,formal4096,val,2,ALL,FZZhongYSJW_Te,64,1.3031801194883883,0.7902003582566977,1.25036009401083
I4,10000,formal4096,val,2,bopomofo,FZBangSKKXJW,16,1.0441251322627068,0.6912508010864258,0.8691550195217133
I4,10000,formal4096,val,2,bopomofo,FZCaoQBLSJW,16,1.1073590479791164,0.8449422046542168,1.0050677061080933
I4,10000,formal4096,val,2,bopomofo,FZFWZhuZiHeiB,16,1.4070113599300385,0.8383174799382687,1.68684920668602
I4,10000,formal4096,val,2,bopomofo,FZHengFSJW-T,16,1.2085856720805168,0.8747580237686634,1.1945441365242004
I4,10000,formal4096,val,2,bopomofo,FZMiFXSJW,16,1.2619822323322296,0.8871446549892426,1.0658781677484512
I4,10000,formal4096,val,2,bopomofo,FZQingYSJW-T,16,1.2741070091724396,0.8559532091021538,1.003349632024765
I4,10000,formal4096,val,2,bopomofo,FZSongKBXKJW-EB,16,1.679234154522419,0.8680323585867882,1.7157626748085022
I4,10000,formal4096,val,2,bopomofo,FZYouHK_511M,16,1.3587255030870438,0.8447304852306843,1.2918909341096878
I4,10000,formal4096,val,2,bopomofo,FZZHJW,16,1.385581023991108,0.9189830273389816,0.7944012880325317
I4,10000,formal4096,val,2,kana,FZBangSKKXJW,12,0.9590777282913526,0.6793827166159948,0.7585003773371378
I4,10000,formal4096,val,2,kana,FZCaoQBLSJW,12,1.2195103863875072,0.8750093579292297,1.3175904750823975
I4,10000,formal4096,val,2,kana,FZFWZhuZiHeiB,12,1.1409303694963455,0.8526783734560013,0.8952454129854838
I4,10000,formal4096,val,2,kana,FZHengFSJW-T,12,1.1533961296081543,0.8611946354309717,1.2082821528116863
I4,10000,formal4096,val,2,kana,FZKuaiHTJW_Te,12,1.22516830265522,0.7888348996639252,1.4598731994628906
I4,10000,formal4096,val,2,kana,FZLTHProGBK_H,12,1.1020716826121013,0.81364173690478,1.3368837436040242
I4,10000,formal4096,val,2,kana,FZMiFXSJW,12,1.2461003065109253,0.9075443148612976,1.2366973161697388
I4,10000,formal4096,val,2,kana,FZQingYSJW-T,12,1.3300527930259705,0.8849683006604513,1.137002408504486
I4,10000,formal4096,val,2,kana,FZSongKBXKJW-EB,12,1.584271063407262,0.8595728427171707,1.297378659248352
I4,10000,formal4096,val,2,kana,FZSuHJW,12,1.1916065017382305,0.8823846081892649,1.1700513164202373
I4,10000,formal4096,val,2,kana,FZYouHK_511M,12,1.4149649341901143,0.8876350522041321,1.3883026440938313
I4,10000,formal4096,val,2,kana,FZZHJW,12,1.3975972632567089,0.8882215370734533,1.2767743666966755
I4,10000,formal4096,val,2,kana,FZZanMTJW_Te,12,1.5324750741322835,0.8785863369703293,1.5672092040379841
I4,10000,formal4096,val,2,kana,FZZhongYSJW_Te,12,1.5170067846775055,0.8200353185335795,1.7110515435536702
I4,10000,formal4096,val,2,latin,FZBangSKKXJW,36,0.8801637026998732,0.6231022104620934,0.8513063887755076
I4,10000,formal4096,val,2,latin,FZCaoQBLSJW,36,1.1349728550348017,0.8409596747822232,0.6363704833719466
I4,10000,formal4096,val,2,latin,FZFWZhuZiHeiB,36,1.4492076370451186,0.8353801220655441,0.7678345508045621
I4,10000,formal4096,val,2,latin,FZHengFSJW-T,36,1.1651108066240947,0.7956042819552951,1.1329321662584941
I4,10000,formal4096,val,2,latin,FZJunYTJW-H,64,0.9306706115312409,0.744224676862359,0.8090110485209152
I4,10000,formal4096,val,2,latin,FZKANGJW,64,0.9753547346917912,0.7762535102665424,0.9039787286892533
I4,10000,formal4096,val,2,latin,FZKuaiHTJW_Te,52,1.1196460402928865,0.8035598408717376,1.1911514630684485
I4,10000,formal4096,val,2,latin,FZLTHProGBK_H,52,1.1764767330426436,0.8089995647852237,0.9263618352034917
I4,10000,formal4096,val,2,latin,FZMiFXSJW,36,1.1595163461234834,0.8746039933628507,1.0378500744700432
I4,10000,formal4096,val,2,latin,FZQingYSJW-T,36,1.2019373344050512,0.7714497364229627,1.1158815092510648
I4,10000,formal4096,val,2,latin,FZSongKBXKJW-EB,36,1.177060787876447,0.7741321739223268,0.84902463770575
I4,10000,formal4096,val,2,latin,FZSuHJW,52,1.209670151082369,0.790483703980079,0.643208058980795
I4,10000,formal4096,val,2,latin,FZYouHK_511M,36,1.2216485622856352,0.7736029277245203,1.2742734617657132
I4,10000,formal4096,val,2,latin,FZZHJW,36,1.1697039777516491,0.7977121861444579,1.3336119188202753
I4,10000,formal4096,val,2,latin,FZZanMTJW_Te,52,1.1284037439439158,0.7631530171403518,0.8954027518630028
I4,10000,formal4096,val,2,latin,FZZhongYSJW_Te,52,1.2538355044447458,0.7833153674235711,1.1440466825778668
I4,10000,formal4096,val,4,ALL,FZBangSKKXJW,64,0.8602624163031578,0.6254479270428419,0.8383674193173647
I4,10000,formal4096,val,4,ALL,FZCaoQBLSJW,64,1.2293655658140779,0.8661894304677844,0.8562735375016928
I4,10000,formal4096,val,4,ALL,FZFWZhuZiHeiB,64,1.3387138014659286,0.8289349805563688,1.0214777514338493
I4,10000,formal4096,val,4,ALL,FZHengFSJW-T,64,1.1505482830107212,0.8208495518192649,1.1624632813036442
I4,10000,formal4096,val,4,ALL,FZJunYTJW-H,64,0.895641784358304,0.7372834738343954,0.8090110485209152
I4,10000,formal4096,val,4,ALL,FZKANGJW,64,0.9482746799476445,0.764126380905509,0.9039787286892533
I4,10000,formal4096,val,4,ALL,FZKuaiHTJW_Te,64,1.1834594602696598,0.8120798813179135,1.2415367886424065
I4,10000,formal4096,val,4,ALL,FZLTHProGBK_H,64,1.1653474629856646,0.8110917834565043,1.0033346930285916
I4,10000,formal4096,val,4,ALL,FZMiFXSJW,64,1.2100133579224348,0.884475713595748,1.0821409556083381
I4,10000,formal4096,val,4,ALL,FZQingYSJW-T,64,1.2629958847537637,0.8291241396218538,1.0917087085545063
I4,10000,formal4096,val,4,ALL,FZSongKBXKJW-EB,64,1.36579974507913,0.8164801057428122,1.149775526020676
I4,10000,formal4096,val,4,ALL,FZSuHJW,64,1.2444173144176602,0.8226479478180408,0.7419911697506905
I4,10000,formal4096,val,4,ALL,FZYouHK_511M,64,1.2595203476957977,0.807632502168417,1.300058301538229
I4,10000,formal4096,val,4,ALL,FZZHJW,64,1.3151238393038511,0.8532026438042521,1.1881522201001644
I4,10000,formal4096,val,4,ALL,FZZanMTJW_Te,64,1.2115990663587581,0.7841316591948271,1.0213664616458118
I4,10000,formal4096,val,4,ALL,FZZhongYSJW_Te,64,1.4072154927998781,0.8017155881971121,1.25036009401083
I4,10000,formal4096,val,4,bopomofo,FZBangSKKXJW,16,0.9167904611676931,0.6750562787055969,0.8691550195217133
I4,10000,formal4096,val,4,bopomofo,FZCaoQBLSJW,16,1.0886221155524254,0.84289425984025,1.0050677061080933
I4,10000,formal4096,val,4,bopomofo,FZFWZhuZiHeiB,16,1.3896763063967228,0.8318948969244957,1.68684920668602
I4,10000,formal4096,val,4,bopomofo,FZHengFSJW-T,16,1.1995764672756195,0.8714085780084133,1.1945441365242004
I4,10000,formal4096,val,4,bopomofo,FZMiFXSJW,16,1.213101115077734,0.8803978189826012,1.0658781677484512
I4,10000,formal4096,val,4,bopomofo,FZQingYSJW-T,16,1.3025204539299011,0.8823396824300289,1.003349632024765
I4,10000,formal4096,val,4,bopomofo,FZSongKBXKJW-EB,16,1.6701597422361374,0.8752296157181263,1.7157626748085022
I4,10000,formal4096,val,4,bopomofo,FZYouHK_511M,16,1.329897403717041,0.8413323312997818,1.2918909341096878
I4,10000,formal4096,val,4,bopomofo,FZZHJW,16,1.4184898510575294,0.9247124381363392,0.7944012880325317
I4,10000,formal4096,val,4,kana,FZBangSKKXJW,12,0.9786554127931595,0.6589806949098905,0.7585003773371378
I4,10000,formal4096,val,4,kana,FZCaoQBLSJW,12,1.327808365225792,0.8932996193567911,1.3175904750823975
I4,10000,formal4096,val,4,kana,FZFWZhuZiHeiB,12,1.0675490349531174,0.838646357258161,0.8952454129854838
I4,10000,formal4096,val,4,kana,FZHengFSJW-T,12,1.113780955473582,0.8493705292542776,1.2082821528116863
I4,10000,formal4096,val,4,kana,FZKuaiHTJW_Te,12,1.2922864506642024,0.8077819993098577,1.4598731994628906
I4,10000,formal4096,val,4,kana,FZLTHProGBK_H,12,1.1181976745525997,0.8257066905498505,1.3368837436040242
I4,10000,formal4096,val,4,kana,FZMiFXSJW,12,1.3117453455924988,0.9135056883096695,1.2366973161697388
I4,10000,formal4096,val,4,kana,FZQingYSJW-T,12,1.3397901554902394,0.8836670219898224,1.137002408504486
I4,10000,formal4096,val,4,kana,FZSongKBXKJW-EB,12,1.5963018635908763,0.8588233838478724,1.297378659248352
I4,10000,formal4096,val,4,kana,FZSuHJW,12,1.219716673096021,0.8917749524116516,1.1700513164202373
I4,10000,formal4096,val,4,kana,FZYouHK_511M,12,1.3750089406967163,0.8800191978613535,1.3883026440938313
I4,10000,formal4096,val,4,kana,FZZHJW,12,1.4305862883726757,0.8898657510677973,1.2767743666966755
I4,10000,formal4096,val,4,kana,FZZanMTJW_Te,12,1.5538129210472107,0.8858530869086584,1.5672092040379841
I4,10000,formal4096,val,4,kana,FZZhongYSJW_Te,12,1.5680657029151917,0.828846255938212,1.7110515435536702
I4,10000,formal4096,val,4,latin,FZBangSKKXJW,36,0.7956745086444749,0.592222181459268,0.8513063887755076
I4,10000,formal4096,val,4,latin,FZCaoQBLSJW,36,1.2591039439042409,0.8675061100059085,0.6363704833719466
I4,10000,formal4096,val,4,latin,FZFWZhuZiHeiB,36,1.406452054778735,0.8243823366032706,0.7678345508045621
I4,10000,formal4096,val,4,latin,FZHengFSJW-T,36,1.1410137547387018,0.7888718810346391,1.1329321662584941
I4,10000,formal4096,val,4,latin,FZJunYTJW-H,64,0.895641784358304,0.7372834738343954,0.8090110485209152
I4,10000,formal4096,val,4,latin,FZKANGJW,64,0.9482746799476445,0.764126380905509,0.9039787286892533
I4,10000,formal4096,val,4,latin,FZKuaiHTJW_Te,52,1.1583455394093807,0.8130717002428495,1.1911514630684485
I4,10000,formal4096,val,4,latin,FZLTHProGBK_H,52,1.176228183393295,0.8077191125888091,0.9263618352034917
I4,10000,formal4096,val,4,latin,FZMiFXSJW,36,1.1747303588522806,0.8766114529636171,1.0378500744700432
I4,10000,formal4096,val,4,latin,FZQingYSJW-T,36,1.2198313193188772,0.7872918264733421,1.1158815092510648
I4,10000,formal4096,val,4,latin,FZSongKBXKJW-EB,36,1.1536945957276556,0.7762547863854302,0.84902463770575
I4,10000,formal4096,val,4,latin,FZSuHJW,52,1.2501174624149616,0.8066955621425922,0.643208058980795
I4,10000,formal4096,val,4,latin,FZYouHK_511M,36,1.1897454584638278,0.7685259017679427,1.2742734617657132
I4,10000,formal4096,val,4,latin,FZZHJW,36,1.2306959066126082,0.8091994772354761,1.3336119188202753
I4,10000,formal4096,val,4,latin,FZZanMTJW_Te,52,1.1326266383537307,0.7606574835685583,0.8954027518630028
I4,10000,formal4096,val,4,latin,FZZhongYSJW_Te,52,1.370096213542498,0.7954546648722428,1.1440466825778668
I4,10000,formal4096,val,8,ALL,FZBangSKKXJW,64,0.8758741756901145,0.6146533102728426,0.8383674193173647
I4,10000,formal4096,val,8,ALL,FZCaoQBLSJW,64,1.2470342814922333,0.8685924643650651,0.8562735375016928
I4,10000,formal4096,val,8,ALL,FZFWZhuZiHeiB,64,1.4314967831596732,0.8456564247608185,1.0214777514338493
I4,10000,formal4096,val,8,ALL,FZHengFSJW-T,64,1.147408931516111,0.819424101151526,1.1624632813036442
I4,10000,formal4096,val,8,ALL,FZJunYTJW-H,64,0.8048051850928459,0.7270497288554907,0.8090110485209152
I4,10000,formal4096,val,8,ALL,FZKANGJW,64,1.1732074567116797,0.7956904815509915,0.9039787286892533
I4,10000,formal4096,val,8,ALL,FZKuaiHTJW_Te,64,1.1921583316288888,0.8130994411185384,1.2415367886424065
I4,10000,formal4096,val,8,ALL,FZLTHProGBK_H,64,1.1581826484762132,0.8105165474116802,1.0033346930285916
I4,10000,formal4096,val,8,ALL,FZMiFXSJW,64,1.2001197170466185,0.8830744288861752,1.0821409556083381
I4,10000,formal4096,val,8,ALL,FZQingYSJW-T,64,1.270822730846703,0.8338703336194158,1.0917087085545063
I4,10000,formal4096,val,8,ALL,FZSongKBXKJW-EB,64,1.374311426654458,0.8110490767285228,1.149775526020676
I4,10000,formal4096,val,8,ALL,FZSuHJW,64,1.2411296837963164,0.8228435758501291,0.7419911697506905
I4,10000,formal4096,val,8,ALL,FZYouHK_511M,64,1.2790491036139429,0.8125570332631469,1.300058301538229
I4,10000,formal4096,val,8,ALL,FZZHJW,64,1.3146585156209767,0.8509962139651179,1.1881522201001644
I4,10000,formal4096,val,8,ALL,FZZanMTJW_Te,64,1.200938299734844,0.7845209105871618,1.0213664616458118
I4,10000,formal4096,val,8,ALL,FZZhongYSJW_Te,64,1.407877566292882,0.8075449680909514,1.25036009401083
I4,10000,formal4096,val,8,bopomofo,FZBangSKKXJW,16,0.9825013838708401,0.6524115558713675,0.8691550195217133
I4,10000,formal4096,val,8,bopomofo,FZCaoQBLSJW,16,1.1254568621516228,0.8406301103532314,1.0050677061080933
I4,10000,formal4096,val,8,bopomofo,FZFWZhuZiHeiB,16,1.5052609518170357,0.8545525372028351,1.68684920668602
I4,10000,formal4096,val,8,bopomofo,FZHengFSJW-T,16,1.2000932693481445,0.873052041977644,1.1945441365242004
I4,10000,formal4096,val,8,bopomofo,FZMiFXSJW,16,1.1807919330894947,0.8802990987896919,1.0658781677484512
I4,10000,formal4096,val,8,bopomofo,FZQingYSJW-T,16,1.3068491891026497,0.88102637976408,1.003349632024765
I4,10000,formal4096,val,8,bopomofo,FZSongKBXKJW-EB,16,1.66669612377882,0.8696663826704025,1.7157626748085022
I4,10000,formal4096,val,8,bopomofo,FZYouHK_511M,16,1.3372629061341286,0.8437928482890129,1.2918909341096878
I4,10000,formal4096,val,8,bopomofo,FZZHJW,16,1.4500352889299393,0.9268545582890511,0.7944012880325317
I4,10000,formal4096,val,8,kana,FZBangSKKXJW,12,0.9614228506882986,0.6366329689820608,0.7585003773371378
I4,10000,formal4096,val,8,kana,FZCaoQBLSJW,12,1.2987899382909138,0.8899694283803304,1.3175904750823975
I4,10000,formal4096,val,8,kana,FZFWZhuZiHeiB,12,1.1239143162965775,0.8459119200706482,0.8952454129854838
I4,10000,formal4096,val,8,kana,FZHengFSJW-T,12,1.1114296863476436,0.852840835849444,1.2082821528116863
I4,10000,formal4096,val,8,kana,FZKuaiHTJW_Te,12,1.337322657306989,0.8148943980534872,1.4598731994628906
I4,10000,formal4096,val,8,kana,FZLTHProGBK_H,12,1.1044023434321086,0.8208027084668478,1.3368837436040242
I4,10000,formal4096,val,8,kana,FZMiFXSJW,12,1.2805314759413402,0.9058182934919993,1.2366973161697388
I4,10000,formal4096,val,8,kana,FZQingYSJW-T,12,1.3443700075149536,0.8973858505487442,1.137002408504486
I4,10000,formal4096,val,8,kana,FZSongKBXKJW-EB,12,1.6998489896456401,0.8619980563720068,1.297378659248352
I4,10000,formal4096,val,8,kana,FZSuHJW,12,1.1993710349003475,0.8906348397334417,1.1700513164202373
I4,10000,formal4096,val,8,kana,FZYouHK_511M,12,1.4014425973097484,0.8892930746078491,1.3883026440938313
I4,10000,formal4096,val,8,kana,FZZHJW,12,1.4186384479204814,0.8867065558830897,1.2767743666966755
I4,10000,formal4096,val,8,kana,FZZanMTJW_Te,12,1.5606960256894429,0.8932226151227951,1.5672092040379841
I4,10000,formal4096,val,8,kana,FZZhongYSJW_Te,12,1.518363853295644,0.8167879929145178,1.7110515435536702
I4,10000,formal4096,val,8,latin,FZBangSKKXJW,36,0.7999680803881751,0.5905453148815367,0.8513063887755076
I4,10000,formal4096,val,8,latin,FZCaoQBLSJW,36,1.2838168044884999,0.8738945225874583,0.6363704833719466
I4,10000,formal4096,val,8,latin,FZFWZhuZiHeiB,36,1.5012401971552107,0.8416174319055345,0.7678345508045621
I4,10000,formal4096,val,8,latin,FZHengFSJW-T,36,1.1359867519802518,0.7844505492183897,1.1329321662584941
I4,10000,formal4096,val,8,latin,FZJunYTJW-H,64,0.8048051850928459,0.7270497288554907,0.8090110485209152
I4,10000,formal4096,val,8,latin,FZKANGJW,64,1.1732074567116797,0.7956904815509915,0.9039787286892533
I4,10000,formal4096,val,8,latin,FZKuaiHTJW_Te,52,1.1586588718570197,0.8126852202873963,1.1911514630684485
I4,10000,formal4096,val,8,latin,FZLTHProGBK_H,52,1.1705934881017759,0.8081428179374108,0.9263618352034917
I4,10000,formal4096,val,8,latin,FZMiFXSJW,36,1.1819059236182108,0.8767266207271152,1.0378500744700432
I4,10000,formal4096,val,8,latin,FZQingYSJW-T,36,1.230295212732421,0.791740251912011,1.1158815092510648
I4,10000,formal4096,val,8,latin,FZSongKBXKJW-EB,36,1.135850151379903,0.7680139475398593,0.84902463770575
I4,10000,formal4096,val,8,latin,FZSuHJW,52,1.2507662950800016,0.8071994380309031,0.643208058980795
I4,10000,formal4096,val,8,latin,FZYouHK_511M,36,1.2123784712619252,0.7730957683589723,1.2742734617657132
I4,10000,formal4096,val,8,latin,FZZHJW,36,1.219831083383825,0.8053779469596015,1.3336119188202753
I4,10000,formal4096,val,8,latin,FZZanMTJW_Te,52,1.1179172860530133,0.7594359018481694,0.8954027518630028
I4,10000,formal4096,val,8,latin,FZZhongYSJW_Te,52,1.3823807308307061,0.8054119623624362,1.1440466825778668
I4,10000,formal4096,val,ALL,ALL,FZBangSKKXJW,256,0.8706891272449866,0.6237201783806086,0.8383674193173647
I4,10000,formal4096,val,ALL,ALL,FZCaoQBLSJW,256,1.1709369617165066,0.8503637821413577,0.8562735375016928
I4,10000,formal4096,val,ALL,ALL,FZFWZhuZiHeiB,256,1.3869889725465328,0.8386880464386195,1.0214777514338493
I4,10000,formal4096,val,ALL,ALL,FZHengFSJW-T,256,1.1656781050842255,0.8242805562913418,1.1624632813036442
I4,10000,formal4096,val,ALL,ALL,FZJunYTJW-H,256,0.8838783143728506,0.7365289711160585,0.8090110485209152
I4,10000,formal4096,val,ALL,ALL,FZKANGJW,256,1.0078986528387759,0.7765663003083318,0.9039787286892533
I4,10000,formal4096,val,ALL,ALL,FZKuaiHTJW_Te,256,1.154580122907646,0.803814590908587,1.2415367886424065
I4,10000,formal4096,val,ALL,ALL,FZLTHProGBK_H,256,1.1636197346961126,0.8095149036962539,1.0033346930285916
I4,10000,formal4096,val,ALL,ALL,FZMiFXSJW,256,1.180509528843686,0.8760078193154186,1.0821409556083381
I4,10000,formal4096,val,ALL,ALL,FZQingYSJW-T,256,1.25379304937087,0.8220292017795146,1.0917087085545063
I4,10000,formal4096,val,ALL,ALL,FZSongKBXKJW-EB,256,1.3691337152267806,0.8118801782839,1.149775526020676
I4,10000,formal4096,val,ALL,ALL,FZSuHJW,256,1.2204275567783043,0.8114646929316223,0.7419911697506905
I4,10000,formal4096,val,ALL,ALL,FZYouHK_511M,256,1.2768125301226974,0.810529152629897,1.300058301538229
I4,10000,formal4096,val,ALL,ALL,FZZHJW,256,1.296756622607063,0.8498665512306616,1.1881522201001644
I4,10000,formal4096,val,ALL,ALL,FZZanMTJW_Te,256,1.2115493267774582,0.7850897706812248,1.0213664616458118
I4,10000,formal4096,val,ALL,ALL,FZZhongYSJW_Te,256,1.3316196343221236,0.7930080273654312,1.25036009401083
I4,10000,formal4096,val,ALL,bopomofo,FZBangSKKXJW,64,0.9520274857059121,0.6617352170869708,0.8691550195217133
I4,10000,formal4096,val,ALL,bopomofo,FZCaoQBLSJW,64,1.0729852165095508,0.8310337821021676,1.0050677061080933
I4,10000,formal4096,val,ALL,bopomofo,FZFWZhuZiHeiB,64,1.4349970631301403,0.8434945084154606,1.68684920668602
I4,10000,formal4096,val,ALL,bopomofo,FZHengFSJW-T,64,1.209386239759624,0.8747795699164271,1.1945441365242004
I4,10000,formal4096,val,ALL,bopomofo,FZMiFXSJW,64,1.1846533482894301,0.8744004797190428,1.0658781677484512
I4,10000,formal4096,val,ALL,bopomofo,FZQingYSJW-T,64,1.2844196874648333,0.8734954856336117,1.003349632024765
I4,10000,formal4096,val,ALL,bopomofo,FZSongKBXKJW-EB,64,1.6546391695737839,0.8671028716489673,1.7157626748085022
I4,10000,formal4096,val,ALL,bopomofo,FZYouHK_511M,64,1.345709228888154,0.8423418700695038,1.2918909341096878
I4,10000,formal4096,val,ALL,bopomofo,FZZHJW,64,1.4064954370260239,0.9201779300346971,0.7944012880325317
I4,10000,formal4096,val,ALL,kana,FZBangSKKXJW,48,0.9545874359707037,0.6537674224625031,0.7585003773371378
I4,10000,formal4096,val,ALL,kana,FZCaoQBLSJW,48,1.243466105312109,0.8777844086289406,1.3175904750823975
I4,10000,formal4096,val,ALL,kana,FZFWZhuZiHeiB,48,1.1157485196987789,0.8461421268681685,0.8952454129854838
I4,10000,formal4096,val,ALL,kana,FZHengFSJW-T,48,1.1336002759635448,0.8549474366009235,1.2082821528116863
I4,10000,formal4096,val,ALL,kana,FZKuaiHTJW_Te,48,1.2640058522423108,0.7980385310947895,1.4598731994628906
I4,10000,formal4096,val,ALL,kana,FZLTHProGBK_H,48,1.1061427754660447,0.8176830820739269,1.3368837436040242
I4,10000,formal4096,val,ALL,kana,FZMiFXSJW,48,1.2643434976538022,0.899246575931708,1.2366973161697388
I4,10000,formal4096,val,ALL,kana,FZQingYSJW-T,48,1.3367328171928723,0.8878012709319592,1.137002408504486
I4,10000,formal4096,val,ALL,kana,FZSongKBXKJW-EB,48,1.6077849566936493,0.8582063565651575,1.297378659248352
I4,10000,formal4096,val,ALL,kana,FZSuHJW,48,1.2103041199346383,0.8870105358461539,1.1700513164202373
I4,10000,formal4096,val,ALL,kana,FZYouHK_511M,48,1.3956961010893185,0.8869113263984522,1.3883026440938313
I4,10000,formal4096,val,ALL,kana,FZZHJW,48,1.402984733382861,0.8867778753240904,1.2767743666966755
I4,10000,formal4096,val,ALL,kana,FZZanMTJW_Te,48,1.55926759292682,0.8874449692666531,1.5672092040379841
I4,10000,formal4096,val,ALL,kana,FZZhongYSJW_Te,48,1.4879105910658836,0.8118990994989872,1.7110515435536702
I4,10000,formal4096,val,ALL,latin,FZBangSKKXJW,144,0.806572642798225,0.5968088575949272,0.8513063887755076
I4,10000,formal4096,val,ALL,latin,FZCaoQBLSJW,144,1.1902946894988418,0.8498146844406923,0.6363704833719466
I4,10000,formal4096,val,ALL,latin,FZFWZhuZiHeiB,144,1.4560655276808474,0.8340671476390626,0.7678345508045621
I4,10000,formal4096,val,ALL,latin,FZHengFSJW-T,144,1.1569448771576087,0.791614256799221,1.1329321662584941
I4,10000,formal4096,val,ALL,latin,FZJunYTJW-H,256,0.8838783143728506,0.7365289711160585,0.8090110485209152
I4,10000,formal4096,val,ALL,latin,FZKANGJW,256,1.0078986528387759,0.7765663003083318,0.9039787286892533
I4,10000,formal4096,val,ALL,latin,FZKuaiHTJW_Te,208,1.1293280315227234,0.8051475277886941,1.1911514630684485
I4,10000,formal4096,val,ALL,latin,FZLTHProGBK_H,208,1.1768836483645897,0.8076299394552524,0.9263618352034917
I4,10000,formal4096,val,ALL,latin,FZMiFXSJW,144,1.1507231750422053,0.8689759402639337,1.0378500744700432
I4,10000,formal4096,val,ALL,latin,FZQingYSJW-T,144,1.2125346209439967,0.7772312747935454,1.1158815092510648
I4,10000,formal4096,val,ALL,latin,FZSongKBXKJW-EB,144,1.1626919883613784,0.7718946995834509,0.84902463770575
I4,10000,formal4096,val,ALL,latin,FZSuHJW,208,1.222763734511458,0.7940310368744227,0.643208058980795
I4,10000,formal4096,val,ALL,latin,FZYouHK_511M,144,1.206563918126954,0.7709294425116645,1.2742734617657132
I4,10000,formal4096,val,ALL,latin,FZZHJW,144,1.2125744459400367,0.8063132748421695,1.3336119188202753
I4,10000,formal4096,val,ALL,latin,FZZanMTJW_Te,208,1.1313066499737592,0.7614693402384336,0.8954027518630028
I4,10000,formal4096,val,ALL,latin,FZZhongYSJW_Te,208,1.295552490458179,0.7886485491807644,1.1440466825778668
I4,10000,matched4888,test,1,ALL,FZBuGTJW,47,0.42368963103186574,0.6396312910191556,0.5735618734851162
I4,10000,matched4888,test,1,ALL,FZChuangHJW_DB,47,1.351011556513766,0.8015100550144276,1.0242944037977686
I4,10000,matched4888,test,1,ALL,FZCuanBZBKSJW,47,1.151833027601242,0.7279854112483085,0.5722659070916633
I4,10000,matched4888,test,1,ALL,FZDeSHJW_515H,47,1.2588093832452247,0.819635585267493,0.9879101647975597
I4,10000,matched4888,test,1,ALL,FZDouNTJW_Te,47,0.7106892897727641,0.7317030049384908,0.9521670576105726
I4,10000,matched4888,test,1,ALL,FZFeiHHJW-H,47,0.6354182717251651,0.594148095617903,0.5402036107125434
I4,10000,matched4888,test,1,ALL,FZFengYKSJ,47,0.5914265508664415,0.650540606138554,0.6694826293498912
I4,10000,matched4888,test,1,ALL,FZHanWZKJW,47,1.2033739508466517,0.791289230610462,0.9681272341849956
I4,10000,matched4888,test,1,ALL,FZHuoYYJW-T,47,1.1680685941209183,0.7474399513386666,1.180650809977917
I4,10000,matched4888,test,1,ALL,FZJianLTJW_Te,47,0.8435497214185431,0.7557459042427388,0.6539842999996023
I4,10000,matched4888,test,1,ALL,FZJingLTJW-H,47,0.8002597583418197,0.705164059045467,1.187834806898807
I4,10000,matched4888,test,1,ALL,FZJingYLLTJW,47,-0.19332284464481028,0.5068152439086995,0.5446122221331647
I4,10000,matched4888,test,1,ALL,FZLingFKSJW-B,47,1.1759613720660513,0.7511131852231128,0.7503788483507455
I4,10000,matched4888,test,1,ALL,FZLiuGQKJW-L,47,1.0950475576076102,0.7010600059590442,0.4812253009171245
I4,10000,matched4888,test,1,ALL,FZMaWDBSJW,47,1.0325818810057132,0.771078811046925,1.0726645582533898
I4,10000,matched4888,test,1,ALL,FZTJLSJW,47,0.9583042733212734,0.6854182887584606,0.8441000142471587
I4,10000,matched4888,test,1,bopomofo,FZBuGTJW,3,0.5329905468970537,0.7494262854258219,0.20360070963700613
I4,10000,matched4888,test,1,bopomofo,FZChuangHJW_DB,3,1.2726740042368572,0.8245733181635538,1.285364071528117
I4,10000,matched4888,test,1,bopomofo,FZCuanBZBKSJW,3,1.4758033355077107,0.8174810210863749,0.6187443435192108
I4,10000,matched4888,test,1,bopomofo,FZDeSHJW_515H,3,1.29302712281545,0.8316036661465963,-2.836193084716797
I4,10000,matched4888,test,1,bopomofo,FZDouNTJW_Te,3,0.8819146056969961,0.7148284912109375,-2.771179755528768
I4,10000,matched4888,test,1,bopomofo,FZFeiHHJW-H,3,0.9647558927536011,0.6435191829999288,0.6614414850870768
I4,10000,matched4888,test,1,bopomofo,FZFengYKSJ,3,0.6203608314196268,0.6477561990420023,-0.804143230120341
I4,10000,matched4888,test,1,bopomofo,FZHanWZKJW,3,1.371362606684367,0.844982902208964,1.3792950709660847
I4,10000,matched4888,test,1,bopomofo,FZHuoYYJW-T,3,1.2434289852778118,0.7599231004714966,1.2931967576344807
I4,10000,matched4888,test,1,bopomofo,FZJianLTJW_Te,3,1.1704127192497253,0.7678801019986471,-2.946962912877401
I4,10000,matched4888,test,1,bopomofo,FZJingLTJW-H,3,1.1749699115753174,0.8102226456006368,0.9385958909988403
I4,10000,matched4888,test,1,bopomofo,FZJingYLLTJW,3,0.016403612370292347,0.5590489109357198,0.7751223544279734
I4,10000,matched4888,test,1,bopomofo,FZLingFKSJW-B,3,1.37080717086792,0.8621740142504374,0.3236058826247851
I4,10000,matched4888,test,1,bopomofo,FZLiuGQKJW-L,3,0.8406637708346049,0.5939393043518066,0.24786638716856638
I4,10000,matched4888,test,1,bopomofo,FZMaWDBSJW,3,1.1617018381754558,0.7991620103518168,0.7009970843791962
I4,10000,matched4888,test,1,bopomofo,FZTJLSJW,3,0.8707818587621053,0.7174312074979147,-0.8856523533662161
I4,10000,matched4888,test,1,kana,FZBuGTJW,7,0.3027395967926298,0.68468177318573,0.6470147711890084
I4,10000,matched4888,test,1,kana,FZChuangHJW_DB,7,1.1319451672690255,0.8271181242806571,0.9043861159256527
I4,10000,matched4888,test,1,kana,FZCuanBZBKSJW,7,1.0931704427514757,0.7705889514514378,0.9444009150777545
I4,10000,matched4888,test,1,kana,FZDeSHJW_515H,7,1.2144533608640944,0.7969869545527867,0.9187423714569637
I4,10000,matched4888,test,1,kana,FZDouNTJW_Te,7,0.8664883077144623,0.6979241796902248,1.158907732793263
I4,10000,matched4888,test,1,kana,FZFeiHHJW-H,7,0.41532279338155476,0.5888059905597142,0.5397516318729946
I4,10000,matched4888,test,1,kana,FZFengYKSJ,7,0.5649727412632534,0.6218576431274414,0.7319666360105787
I4,10000,matched4888,test,1,kana,FZHanWZKJW,7,1.260985893862588,0.8063277517046247,1.2501805509839738
I4,10000,matched4888,test,1,kana,FZHuoYYJW-T,7,1.1994370222091675,0.7797367828232902,1.1756755028452193
I4,10000,matched4888,test,1,kana,FZJianLTJW_Te,7,0.9099319790090833,0.7512882437024798,1.2801651103155953
I4,10000,matched4888,test,1,kana,FZJingLTJW-H,7,1.3856484038489205,0.8499868256705148,1.283643467085702
I4,10000,matched4888,test,1,kana,FZJingYLLTJW,7,-0.3696204660726445,0.39997251118932453,1.1547715493610926
I4,10000,matched4888,test,1,kana,FZLingFKSJW-B,7,1.179390319756099,0.8352197919573102,0.8803398992334094
I4,10000,matched4888,test,1,kana,FZLiuGQKJW-L,7,1.059604321207319,0.6830927303859166,0.5915487004177911
I4,10000,matched4888,test,1,kana,FZMaWDBSJW,7,1.144733258656093,0.8092870371682304,0.7025937948908124
I4,10000,matched4888,test,1,kana,FZTJLSJW,7,0.9888442499297005,0.7956948791231427,0.24508564759578025
I4,10000,matched4888,test,1,latin,FZBuGTJW,37,0.43770983352048976,0.6222059299816957,0.5896622304477401
I4,10000,matched4888,test,1,latin,FZChuangHJW_DB,37,1.3988082425014392,0.7947952908438605,1.0258119446603027
I4,10000,matched4888,test,1,latin,FZCuanBZBKSJW,37,1.1366634916614842,0.7126688812230084,0.49809346478935834
I4,10000,matched4888,test,1,latin,FZDeSHJW_515H,37,1.2644266518386635,0.8229500764125103,1.3110583891739716
I4,10000,matched4888,test,1,latin,FZDouNTJW_Te,37,0.667330666168316,0.7394617973147212,1.2149469417494696
I4,10000,matched4888,test,1,latin,FZFeiHHJW-H,37,0.6503549064635425,0.5911557030033421,0.5304590223004689
I4,10000,matched4888,test,1,latin,FZFengYKSJ,37,0.5940853029086783,0.6561928753917282,0.7771445085873475
I4,10000,matched4888,test,1,latin,FZHanWZKJW,37,1.1788536922351733,0.7840905640576337,0.8814278631596952
I4,10000,matched4888,test,1,latin,FZHuoYYJW-T,37,1.1560237246590692,0.7403175927497245,1.1724667371930302
I4,10000,matched4888,test,1,latin,FZJianLTJW_Te,37,0.8044885106988855,0.7556053915539304,0.8274863531460633
I4,10000,matched4888,test,1,latin,FZJingLTJW-H,37,0.659128650821544,0.6692468934767956,1.1899174049093917
I4,10000,matched4888,test,1,latin,FZJingYLLTJW,37,-0.17697408845698512,0.5227935716912553,0.41048666301208575
I4,10000,matched4888,test,1,latin,FZLingFKSJW-B,37,1.1595143442218367,0.7261961924063193,0.7603948359453195
I4,10000,matched4888,test,1,latin,FZLiuGQKJW-L,37,1.1223787472054765,0.7131446825491415,0.47927429942363825
I4,10000,matched4888,test,1,latin,FZMaWDBSJW,37,1.0008948670851219,0.7615732115668219,1.1728131465009741
I4,10000,matched4888,test,1,latin,FZTJLSJW,37,0.9596228519001523,0.6619595079808622,1.0976772485552608
I4,10000,matched4888,test,2,ALL,FZBuGTJW,47,0.5577596150180126,0.6948946061286521,0.5735618734851162
I4,10000,matched4888,test,2,ALL,FZChuangHJW_DB,47,1.3663952312570937,0.802230640928796,1.0242944037977686
I4,10000,matched4888,test,2,ALL,FZCuanBZBKSJW,47,1.1807108775098274,0.7335114250791833,0.5722659070916633
I4,10000,matched4888,test,2,ALL,FZDeSHJW_515H,47,1.301746979672858,0.8537869034929478,0.9879101647975597
I4,10000,matched4888,test,2,ALL,FZDouNTJW_Te,47,0.6841058838478429,0.7187219141645634,0.9521670576105726
I4,10000,matched4888,test,2,ALL,FZFeiHHJW-H,47,0.8362591402961853,0.6247501798132633,0.5402036107125434
I4,10000,matched4888,test,2,ALL,FZFengYKSJ,47,0.5253440121069868,0.6183196724729335,0.6694826293498912
I4,10000,matched4888,test,2,ALL,FZHanWZKJW,47,1.2453006645466418,0.8082657532489046,0.9681272341849956
I4,10000,matched4888,test,2,ALL,FZHuoYYJW-T,47,1.1536456841103575,0.7188397912268943,1.180650809977917
I4,10000,matched4888,test,2,ALL,FZJianLTJW_Te,47,0.9016673482082626,0.7675791357425933,0.6539842999996023
I4,10000,matched4888,test,2,ALL,FZJingLTJW-H,47,0.9663345883105029,0.7594476526087903,1.187834806898807
I4,10000,matched4888,test,2,ALL,FZJingYLLTJW,47,0.30558677616113045,0.6423521339893341,0.5446122221331647
I4,10000,matched4888,test,2,ALL,FZLingFKSJW-B,47,1.1425901549927733,0.7291124608922512,0.7503788483507455
I4,10000,matched4888,test,2,ALL,FZLiuGQKJW-L,47,1.1277926944671792,0.7294875637013861,0.4812253009171245
I4,10000,matched4888,test,2,ALL,FZMaWDBSJW,47,1.1454875871856163,0.789282203988826,1.0726645582533898
I4,10000,matched4888,test,2,ALL,FZTJLSJW,47,1.0147470058278834,0.7120492483707185,0.8441000142471587
I4,10000,matched4888,test,2,bopomofo,FZBuGTJW,3,0.7773029605547587,0.8313651084899902,0.20360070963700613
I4,10000,matched4888,test,2,bopomofo,FZChuangHJW_DB,3,1.2158746719360352,0.7871029376983643,1.285364071528117
I4,10000,matched4888,test,2,bopomofo,FZCuanBZBKSJW,3,1.5256840387980144,0.8457295298576355,0.6187443435192108
I4,10000,matched4888,test,2,bopomofo,FZDeSHJW_515H,3,1.3308449586232503,0.8667198419570923,-2.836193084716797
I4,10000,matched4888,test,2,bopomofo,FZDouNTJW_Te,3,0.8625626961390177,0.6944537361462911,-2.771179755528768
I4,10000,matched4888,test,2,bopomofo,FZFeiHHJW-H,3,1.1719135642051697,0.6930999159812927,0.6614414850870768
I4,10000,matched4888,test,2,bopomofo,FZFengYKSJ,3,0.49588073293368023,0.6108658313751221,-0.804143230120341
I4,10000,matched4888,test,2,bopomofo,FZHanWZKJW,3,1.3512332042058308,0.8380632400512695,1.3792950709660847
I4,10000,matched4888,test,2,bopomofo,FZHuoYYJW-T,3,1.2179020643234253,0.7270447214444479,1.2931967576344807
I4,10000,matched4888,test,2,bopomofo,FZJianLTJW_Te,3,0.9951429963111877,0.8073540727297465,-2.946962912877401
I4,10000,matched4888,test,2,bopomofo,FZJingLTJW-H,3,1.406530777613322,0.8643019000689188,0.9385958909988403
I4,10000,matched4888,test,2,bopomofo,FZJingYLLTJW,3,0.43310901522636414,0.6780984004338583,0.7751223544279734
I4,10000,matched4888,test,2,bopomofo,FZLingFKSJW-B,3,1.3520468870798747,0.8335832357406616,0.3236058826247851
I4,10000,matched4888,test,2,bopomofo,FZLiuGQKJW-L,3,0.8464372356732687,0.6063568989435831,0.24786638716856638
I4,10000,matched4888,test,2,bopomofo,FZMaWDBSJW,3,1.1459491848945618,0.8097333113352457,0.7009970843791962
I4,10000,matched4888,test,2,bopomofo,FZTJLSJW,3,1.096593936284383,0.7692179878552755,-0.8856523533662161
I4,10000,matched4888,test,2,kana,FZBuGTJW,7,0.4958245222057615,0.7803751485688346,0.6470147711890084
I4,10000,matched4888,test,2,kana,FZChuangHJW_DB,7,0.9913445285388401,0.8091112630707877,0.9043861159256527
I4,10000,matched4888,test,2,kana,FZCuanBZBKSJW,7,1.1928423813411169,0.8046251279967171,0.9444009150777545
I4,10000,matched4888,test,2,kana,FZDeSHJW_515H,7,1.3308410559381758,0.8666871360370091,0.9187423714569637
I4,10000,matched4888,test,2,kana,FZDouNTJW_Te,7,0.960369599717004,0.7111465675490243,1.158907732793263
I4,10000,matched4888,test,2,kana,FZFeiHHJW-H,7,0.8387081410203662,0.6404838732310704,0.5397516318729946
I4,10000,matched4888,test,2,kana,FZFengYKSJ,7,0.5588101489203317,0.5992199948855809,0.7319666360105787
I4,10000,matched4888,test,2,kana,FZHanWZKJW,7,1.2678826025554113,0.8131206205912999,1.2501805509839738
I4,10000,matched4888,test,2,kana,FZHuoYYJW-T,7,1.2109991652624947,0.7534235119819641,1.1756755028452193
I4,10000,matched4888,test,2,kana,FZJianLTJW_Te,7,0.9389536295618329,0.7960875970976693,1.2801651103155953
I4,10000,matched4888,test,2,kana,FZJingLTJW-H,7,1.4354127475193568,0.868982902594975,1.283643467085702
I4,10000,matched4888,test,2,kana,FZJingYLLTJW,7,0.43397608186517445,0.6448754497936794,1.1547715493610926
I4,10000,matched4888,test,2,kana,FZLingFKSJW-B,7,1.2861389858382088,0.8419575435774667,0.8803398992334094
I4,10000,matched4888,test,2,kana,FZLiuGQKJW-L,7,1.0025964890207564,0.6898197616849627,0.5915487004177911
I4,10000,matched4888,test,2,kana,FZMaWDBSJW,7,0.7685793361493519,0.7707479170390538,0.7025937948908124
I4,10000,matched4888,test,2,kana,FZTJLSJW,7,1.0645055430276054,0.8056606394904,0.24508564759578025
I4,10000,matched4888,test,2,latin,FZBuGTJW,37,0.551676253209243,0.6676574357458063,0.5896622304477401
I4,10000,matched4888,test,2,latin,FZChuangHJW_DB,37,1.4495551392838761,0.8021554721368326,1.0258119446603027
I4,10000,matched4888,test,2,latin,FZCuanBZBKSJW,37,1.1504449312751357,0.7109587160316674,0.49809346478935834
I4,10000,matched4888,test,2,latin,FZDeSHJW_515H,37,1.2938833993834418,0.850297702325357,1.3110583891739716
I4,10000,matched4888,test,2,latin,FZDouNTJW_Te,37,0.6173703041733116,0.722122777958174,1.2149469417494696
I4,10000,matched4888,test,2,latin,FZFeiHHJW-H,37,0.8085805922746658,0.6162316646124866,0.5304590223004689
I4,10000,matched4888,test,2,latin,FZFengYKSJ,37,0.5214014953455409,0.6225374904838769,0.7771445085873475
I4,10000,matched4888,test,2,latin,FZHanWZKJW,37,1.2324392811672107,0.8049312523893408,0.8814278631596952
I4,10000,matched4888,test,2,latin,FZHuoYYJW-T,37,1.1375850487399746,0.7116316605258632,1.1724667371930302
I4,10000,matched4888,test,2,latin,FZJianLTJW_Te,37,0.8870340802681607,0.758960648162945,0.8274863531460633
I4,10000,matched4888,test,2,latin,FZJingLTJW-H,37,0.8418984887869777,0.7302230717362584,1.1899174049093917
I4,10000,matched4888,test,2,latin,FZJingYLLTJW,37,0.2709572665091302,0.6389764039903074,0.41048666301208575
I4,10000,matched4888,test,2,latin,FZLingFKSJW-B,37,1.0984492897987366,0.699292787828961,0.7603948359453195
I4,10000,matched4888,test,2,latin,FZLiuGQKJW-L,37,1.1742910678322251,0.7469758504145855,0.47927429942363825
I4,10000,matched4888,test,2,latin,FZMaWDBSJW,37,1.2167571267566166,0.7911304928161003,1.1728131465009741
I4,10000,matched4888,test,2,latin,FZTJLSJW,37,0.9986969909152469,0.6897036819844633,1.0976772485552608
I4,10000,matched4888,test,4,ALL,FZBuGTJW,47,0.4767453014612832,0.679163544101918,0.5735618734851162
I4,10000,matched4888,test,4,ALL,FZChuangHJW_DB,47,1.2394784669926826,0.7796279952881184,1.0242944037977686
I4,10000,matched4888,test,4,ALL,FZCuanBZBKSJW,47,1.1247591902600957,0.7406489671544826,0.5722659070916633
I4,10000,matched4888,test,4,ALL,FZDeSHJW_515H,47,1.300397033387042,0.8531881114269825,0.9879101647975597
I4,10000,matched4888,test,4,ALL,FZDouNTJW_Te,47,0.7629868165847469,0.7352159124739627,0.9521670576105726
I4,10000,matched4888,test,4,ALL,FZFeiHHJW-H,47,0.7432568003522589,0.6116680807255684,0.5402036107125434
I4,10000,matched4888,test,4,ALL,FZFengYKSJ,47,0.6118552830625088,0.6721727252006531,0.6694826293498912
I4,10000,matched4888,test,4,ALL,FZHanWZKJW,47,1.2204292746300394,0.811249777357629,0.9681272341849956
I4,10000,matched4888,test,4,ALL,FZHuoYYJW-T,47,1.1057795298860429,0.700807125010389,1.180650809977917
I4,10000,matched4888,test,4,ALL,FZJianLTJW_Te,47,0.8540754375305581,0.7591647898897211,0.6539842999996023
I4,10000,matched4888,test,4,ALL,FZJingLTJW-H,47,1.0938267365415046,0.811015045389216,1.187834806898807
I4,10000,matched4888,test,4,ALL,FZJingYLLTJW,47,0.055393062730101826,0.5759551689979878,0.5446122221331647
I4,10000,matched4888,test,4,ALL,FZLingFKSJW-B,47,1.334125967101848,0.7873439167408233,0.7503788483507455
I4,10000,matched4888,test,4,ALL,FZLiuGQKJW-L,47,1.1270108819007874,0.7458112975384327,0.4812253009171245
I4,10000,matched4888,test,4,ALL,FZMaWDBSJW,47,1.1790108312951757,0.796509657768493,1.0726645582533898
I4,10000,matched4888,test,4,ALL,FZTJLSJW,47,1.0163827360944544,0.71490863028993,0.8441000142471587
I4,10000,matched4888,test,4,bopomofo,FZBuGTJW,3,0.7797486782073975,0.839948852856954,0.20360070963700613
I4,10000,matched4888,test,4,bopomofo,FZChuangHJW_DB,3,0.9512632489204407,0.7516269683837891,1.285364071528117
I4,10000,matched4888,test,4,bopomofo,FZCuanBZBKSJW,3,1.5948011080423992,0.8370804587999979,0.6187443435192108
I4,10000,matched4888,test,4,bopomofo,FZDeSHJW_515H,3,1.3302147785822551,0.8665758768717448,-2.836193084716797
I4,10000,matched4888,test,4,bopomofo,FZDouNTJW_Te,3,0.9115410738935074,0.7014445066452026,-2.771179755528768
I4,10000,matched4888,test,4,bopomofo,FZFeiHHJW-H,3,1.0822485089302063,0.6575537919998169,0.6614414850870768
I4,10000,matched4888,test,4,bopomofo,FZFengYKSJ,3,0.5091178715229034,0.6449355681737264,-0.804143230120341
I4,10000,matched4888,test,4,bopomofo,FZHanWZKJW,3,1.230156421661377,0.8167101740837097,1.3792950709660847
I4,10000,matched4888,test,4,bopomofo,FZHuoYYJW-T,3,1.1087194681167603,0.6861181656519572,1.2931967576344807
I4,10000,matched4888,test,4,bopomofo,FZJianLTJW_Te,3,0.9586296280225118,0.8357595403989156,-2.946962912877401
I4,10000,matched4888,test,4,bopomofo,FZJingLTJW-H,3,1.3853445847829182,0.8735174735387167,0.9385958909988403
I4,10000,matched4888,test,4,bopomofo,FZJingYLLTJW,3,0.036615019043286644,0.5602684219678243,0.7751223544279734
I4,10000,matched4888,test,4,bopomofo,FZLingFKSJW-B,3,1.4112800359725952,0.8492401838302612,0.3236058826247851
I4,10000,matched4888,test,4,bopomofo,FZLiuGQKJW-L,3,0.8864674766858419,0.6167432069778442,0.24786638716856638
I4,10000,matched4888,test,4,bopomofo,FZMaWDBSJW,3,1.0615426699320476,0.7757649620374044,0.7009970843791962
I4,10000,matched4888,test,4,bopomofo,FZTJLSJW,3,1.1160573561986287,0.7937456965446472,-0.8856523533662161
I4,10000,matched4888,test,4,kana,FZBuGTJW,7,0.5744526386260986,0.8130624549729484,0.6470147711890084
I4,10000,matched4888,test,4,kana,FZChuangHJW_DB,7,0.940728702715465,0.7963325466428485,0.9043861159256527
I4,10000,matched4888,test,4,kana,FZCuanBZBKSJW,7,1.1223646530083247,0.7857575842312404,0.9444009150777545
I4,10000,matched4888,test,4,kana,FZDeSHJW_515H,7,1.3403855391911097,0.8669640421867371,0.9187423714569637
I4,10000,matched4888,test,4,kana,FZDouNTJW_Te,7,1.042279303073883,0.7238690512520927,1.158907732793263
I4,10000,matched4888,test,4,kana,FZFeiHHJW-H,7,0.7014842672007424,0.6170191764831543,0.5397516318729946
I4,10000,matched4888,test,4,kana,FZFengYKSJ,7,0.6254907591002328,0.6621121423585075,0.7319666360105787
I4,10000,matched4888,test,4,kana,FZHanWZKJW,7,1.2161100677081518,0.8042348623275757,1.2501805509839738
I4,10000,matched4888,test,4,kana,FZHuoYYJW-T,7,1.1718466792787825,0.7348597645759583,1.1756755028452193
I4,10000,matched4888,test,4,kana,FZJianLTJW_Te,7,0.9534322449139186,0.7954553706305367,1.2801651103155953
I4,10000,matched4888,test,4,kana,FZJingLTJW-H,7,1.3889638526099068,0.8749515073640006,1.283643467085702
I4,10000,matched4888,test,4,kana,FZJingYLLTJW,7,-0.014000293665698596,0.5318559237888881,1.1547715493610926
I4,10000,matched4888,test,4,kana,FZLingFKSJW-B,7,1.2860030020986284,0.8565064668655396,0.8803398992334094
I4,10000,matched4888,test,4,kana,FZLiuGQKJW-L,7,1.0618168796811784,0.7116909793445042,0.5915487004177911
I4,10000,matched4888,test,4,kana,FZMaWDBSJW,7,0.8046415150165558,0.7718416452407837,0.7025937948908124
I4,10000,matched4888,test,4,kana,FZTJLSJW,7,1.0669928789138794,0.8092977404594421,0.24508564759578025
I4,10000,matched4888,test,4,latin,FZBuGTJW,37,0.433692288207444,0.6407946710650986,0.5896622304477401
I4,10000,matched4888,test,4,latin,FZChuangHJW_DB,37,1.3193674941320677,0.7787380282943314,1.0258119446603027
I4,10000,matched4888,test,4,latin,FZCuanBZBKSJW,37,1.087100703974028,0.7242961348714055,0.49809346478935834
I4,10000,matched4888,test,4,latin,FZDeSHJW_515H,37,1.2904139853812553,0.8494963597606968,1.3110583891739716
I4,10000,matched4888,test,4,latin,FZDouNTJW_Te,37,0.6981027577374432,0.7401008380425943,1.2149469417494696
I4,10000,matched4888,test,4,latin,FZFeiHHJW-H,37,0.72367389782055,0.6069352481816266,0.5304590223004689
I4,10000,matched4888,test,4,latin,FZFengYKSJ,37,0.6176056588018263,0.6762844968486477,0.7771445085873475
I4,10000,matched4888,test,4,latin,FZHanWZKJW,37,1.220457734288396,0.8121341885747136,0.8814278631596952
I4,10000,matched4888,test,4,latin,FZHuoYYJW-T,37,1.0930419660903312,0.695555730445965,1.1724667371930302
I4,10000,matched4888,test,4,latin,FZJianLTJW_Te,37,0.8268008369046289,0.7460886191677403,0.8274863531460633
I4,10000,matched4888,test,4,latin,FZJingLTJW-H,37,1.0143534025630436,0.793851193544027,1.1899174049093917
I4,10000,matched4888,test,4,latin,FZJingYLLTJW,37,0.0700440796444545,0.5855701678508037,0.41048666301208575
I4,10000,matched4888,test,4,latin,FZLingFKSJW-B,37,1.3369745765183423,0.7692404937099766,0.7603948359453195
I4,10000,matched4888,test,4,latin,FZLiuGQKJW-L,37,1.1588484016624656,0.7627314731881425,0.47927429942363825
I4,10000,matched4888,test,4,latin,FZMaWDBSJW,37,1.2593619042151682,0.8028585814140938,1.1728131465009741
I4,10000,matched4888,test,4,latin,FZTJLSJW,37,0.9987261182553059,0.6906590365074776,1.0976772485552608
I4,10000,matched4888,test,8,ALL,FZBuGTJW,47,0.42622677343798443,0.6543968960325769,0.5735618734851162
I4,10000,matched4888,test,8,ALL,FZChuangHJW_DB,47,1.3217784229745255,0.7922610539071103,1.0242944037977686
I4,10000,matched4888,test,8,ALL,FZCuanBZBKSJW,47,1.163390040397644,0.7417568437596584,0.5722659070916633
I4,10000,matched4888,test,8,ALL,FZDeSHJW_515H,47,1.3321213570046933,0.8547047896588102,0.9879101647975597
I4,10000,matched4888,test,8,ALL,FZDouNTJW_Te,47,0.9273315246434922,0.7639642560735662,0.9521670576105726
I4,10000,matched4888,test,8,ALL,FZFeiHHJW-H,47,0.9631005766543936,0.6445117421606754,0.5402036107125434
I4,10000,matched4888,test,8,ALL,FZFengYKSJ,47,0.6374056402673113,0.6898029357828992,0.6694826293498912
I4,10000,matched4888,test,8,ALL,FZHanWZKJW,47,1.2174209267535108,0.8081743311374745,0.9681272341849956
I4,10000,matched4888,test,8,ALL,FZHuoYYJW-T,47,1.1282778356937653,0.7123069788547273,1.180650809977917
I4,10000,matched4888,test,8,ALL,FZJianLTJW_Te,47,0.9083343885363416,0.762169600801265,0.6539842999996023
I4,10000,matched4888,test,8,ALL,FZJingLTJW-H,47,1.163054958937016,0.8298174713520293,1.187834806898807
I4,10000,matched4888,test,8,ALL,FZJingYLLTJW,47,0.6968619165585396,0.7029509392190487,0.5446122221331647
I4,10000,matched4888,test,8,ALL,FZLingFKSJW-B,47,1.26197239059083,0.8070624229755807,0.7503788483507455
I4,10000,matched4888,test,8,ALL,FZLiuGQKJW-L,47,1.1243459201873618,0.7236593289578215,0.4812253009171245
I4,10000,matched4888,test,8,ALL,FZMaWDBSJW,47,0.9926576170515506,0.7495931729357294,1.0726645582533898
I4,10000,matched4888,test,8,ALL,FZTJLSJW,47,1.0207527711036357,0.7121577364333133,0.8441000142471587
I4,10000,matched4888,test,8,bopomofo,FZBuGTJW,3,0.7269468804200491,0.8143812020619711,0.20360070963700613
I4,10000,matched4888,test,8,bopomofo,FZChuangHJW_DB,3,1.0364426771799724,0.7780362764994303,1.285364071528117
I4,10000,matched4888,test,8,bopomofo,FZCuanBZBKSJW,3,1.4777158101399739,0.8213415543238322,0.6187443435192108
I4,10000,matched4888,test,8,bopomofo,FZDeSHJW_515H,3,1.3238810300827026,0.8471285502115885,-2.836193084716797
I4,10000,matched4888,test,8,bopomofo,FZDouNTJW_Te,3,1.0131222705046337,0.7678117553393046,-2.771179755528768
I4,10000,matched4888,test,8,bopomofo,FZFeiHHJW-H,3,1.2958993514378865,0.7174070874849955,0.6614414850870768
I4,10000,matched4888,test,8,bopomofo,FZFengYKSJ,3,0.5676606297492981,0.6771427989006042,-0.804143230120341
I4,10000,matched4888,test,8,bopomofo,FZHanWZKJW,3,1.2800249656041462,0.8290398120880127,1.3792950709660847
I4,10000,matched4888,test,8,bopomofo,FZHuoYYJW-T,3,1.2310926516850789,0.7261131405830383,1.2931967576344807
I4,10000,matched4888,test,8,bopomofo,FZJianLTJW_Te,3,0.9818203846613566,0.8082642157872518,-2.946962912877401
I4,10000,matched4888,test,8,bopomofo,FZJingLTJW-H,3,1.3987162113189697,0.8728147943814596,0.9385958909988403
I4,10000,matched4888,test,8,bopomofo,FZJingYLLTJW,3,0.875625749429067,0.7670159737269083,0.7751223544279734
I4,10000,matched4888,test,8,bopomofo,FZLingFKSJW-B,3,1.2578325668970745,0.8575209577878317,0.3236058826247851
I4,10000,matched4888,test,8,bopomofo,FZLiuGQKJW-L,3,0.8212388952573141,0.590341587861379,0.24786638716856638
I4,10000,matched4888,test,8,bopomofo,FZMaWDBSJW,3,0.8675746917724609,0.7452216347058614,0.7009970843791962
I4,10000,matched4888,test,8,bopomofo,FZTJLSJW,3,1.1317206621170044,0.7875415086746216,-0.8856523533662161
I4,10000,matched4888,test,8,kana,FZBuGTJW,7,0.6123415572302682,0.7889669196946281,0.6470147711890084
I4,10000,matched4888,test,8,kana,FZChuangHJW_DB,7,1.0018026062420435,0.802079805306026,0.9043861159256527
I4,10000,matched4888,test,8,kana,FZCuanBZBKSJW,7,1.1420672578471047,0.7777510115078518,0.9444009150777545
I4,10000,matched4888,test,8,kana,FZDeSHJW_515H,7,1.3677292636462621,0.852111986705235,0.9187423714569637
I4,10000,matched4888,test,8,kana,FZDouNTJW_Te,7,1.1180883731160844,0.752139014857156,1.158907732793263
I4,10000,matched4888,test,8,kana,FZFeiHHJW-H,7,1.1634968774659293,0.719752277646746,0.5397516318729946
I4,10000,matched4888,test,8,kana,FZFengYKSJ,7,0.6308901820863996,0.6817964145115444,0.7319666360105787
I4,10000,matched4888,test,8,kana,FZHanWZKJW,7,1.216839781829289,0.8085407359259469,1.2501805509839738
I4,10000,matched4888,test,8,kana,FZHuoYYJW-T,7,1.2185559017317635,0.757151186466217,1.1756755028452193
I4,10000,matched4888,test,8,kana,FZJianLTJW_Te,7,1.0280614154679435,0.7880628705024719,1.2801651103155953
I4,10000,matched4888,test,8,kana,FZJingLTJW-H,7,1.4269946472985404,0.877909813608442,1.283643467085702
I4,10000,matched4888,test,8,kana,FZJingYLLTJW,7,0.9363199898174831,0.7600046225956508,1.1547715493610926
I4,10000,matched4888,test,8,kana,FZLingFKSJW-B,7,1.188679086310523,0.8655271189553397,0.8803398992334094
I4,10000,matched4888,test,8,kana,FZLiuGQKJW-L,7,1.0450877036367143,0.693836680480412,0.5915487004177911
I4,10000,matched4888,test,8,kana,FZMaWDBSJW,7,0.6329628527164459,0.731252304145268,0.7025937948908124
I4,10000,matched4888,test,8,kana,FZTJLSJW,7,1.0526429159300668,0.8056772606713432,0.24508564759578025
I4,10000,matched4888,test,8,latin,FZBuGTJW,37,0.3666331570192769,0.6159660018779136,0.5896622304477401
I4,10000,matched4888,test,8,latin,FZChuangHJW_DB,37,1.4054497190423914,0.7915568126214517,1.0258119446603027
I4,10000,matched4888,test,8,latin,FZCuanBZBKSJW,37,1.141938207117287,0.72849432197777,0.49809346478935834
I4,10000,matched4888,test,8,latin,FZDeSHJW_515H,37,1.326052860633747,0.8558096096322343,1.3110583891739716
I4,10000,matched4888,test,8,latin,FZDouNTJW_Te,37,0.8842863847275038,0.7658895044713407,1.2149469417494696
I4,10000,matched4888,test,8,latin,FZFeiHHJW-H,37,0.8982040785454415,0.6243666128532307,0.5304590223004689
I4,10000,matched4888,test,8,latin,FZFengYKSJ,37,0.6442932953705659,0.6923441806355038,0.7771445085873475
I4,10000,matched4888,test,8,latin,FZHanWZKJW,37,1.2124548699404742,0.8064132155598821,0.8814278631596952
I4,10000,matched4888,test,8,latin,FZHuoYYJW-T,37,1.1028618651467401,0.7027035210583661,1.1724667371930302
I4,10000,matched4888,test,8,latin,FZJianLTJW_Te,37,0.8797250053769833,0.7535334728859566,0.8274863531460633
I4,10000,matched4888,test,8,latin,FZJingLTJW-H,37,1.0940127541890015,0.817232650679511,1.1899174049093917
I4,10000,matched4888,test,8,latin,FZJingYLLTJW,37,0.6370646730065346,0.6869625368633786,0.41048666301208575
I4,10000,matched4888,test,8,latin,FZLingFKSJW-B,37,1.2761743527811926,0.7919103019946331,0.7603948359453195
I4,10000,matched4888,test,8,latin,FZLiuGQKJW-L,37,1.1639169631777584,0.740110998218124,0.47927429942363825
I4,10000,matched4888,test,8,latin,FZMaWDBSJW,37,1.0708498366781183,0.753417516076887,1.1728131465009741
I4,10000,matched4888,test,8,latin,FZTJLSJW,37,1.005722103892146,0.6883526557200664,1.0976772485552608
I4,10000,matched4888,test,ALL,ALL,FZBuGTJW,188,0.4711053302372865,0.6670215843205757,0.5735618734851162
I4,10000,matched4888,test,ALL,ALL,FZChuangHJW_DB,188,1.319665919434517,0.7939074362846131,1.0242944037977686
I4,10000,matched4888,test,ALL,ALL,FZCuanBZBKSJW,188,1.1551732839422022,0.7359756618104083,0.5722659070916633
I4,10000,matched4888,test,ALL,ALL,FZDeSHJW_515H,188,1.2982686883274546,0.8453288474615585,0.9879101647975597
I4,10000,matched4888,test,ALL,ALL,FZDouNTJW_Te,188,0.7712783787122115,0.7374012719126458,0.9521670576105726
I4,10000,matched4888,test,ALL,ALL,FZFeiHHJW-H,188,0.7945086972570007,0.6187695245793525,0.5402036107125434
I4,10000,matched4888,test,ALL,ALL,FZFengYKSJ,188,0.5915078715758121,0.65770898489876,0.6694826293498912
I4,10000,matched4888,test,ALL,ALL,FZHanWZKJW,188,1.221631204194211,0.8047447730886176,0.9681272341849956
I4,10000,matched4888,test,ALL,ALL,FZHuoYYJW-T,188,1.138942910952771,0.7198484616076692,1.180650809977917
I4,10000,matched4888,test,ALL,ALL,FZJianLTJW_Te,188,0.8769067239234264,0.7611648576690796,0.6539842999996023
I4,10000,matched4888,test,ALL,ALL,FZJingLTJW-H,188,1.0058690105327108,0.7763610570988757,1.187834806898807
I4,10000,matched4888,test,ALL,ALL,FZJingYLLTJW,188,0.2161297277012404,0.6070183715287675,0.5446122221331647
I4,10000,matched4888,test,ALL,ALL,FZLingFKSJW-B,188,1.2286624711878755,0.768657996457942,0.7503788483507455
I4,10000,matched4888,test,ALL,ALL,FZLiuGQKJW-L,188,1.1185492635407346,0.7250045490391711,0.4812253009171245
I4,10000,matched4888,test,ALL,ALL,FZMaWDBSJW,188,1.087434479134514,0.7766159614349933,1.0726645582533898
I4,10000,matched4888,test,ALL,ALL,FZTJLSJW,188,1.0025466965868117,0.7061334759631055,0.8441000142471587
I4,10000,matched4888,test,ALL,bopomofo,FZBuGTJW,12,0.7042472665198147,0.8087803622086843,0.20360070963700613
I4,10000,matched4888,test,ALL,bopomofo,FZChuangHJW_DB,12,1.1190636505683262,0.7853348751862844,1.285364071528117
I4,10000,matched4888,test,ALL,bopomofo,FZCuanBZBKSJW,12,1.5185010731220245,0.8304081410169601,0.6187443435192108
I4,10000,matched4888,test,ALL,bopomofo,FZDeSHJW_515H,12,1.3194919725259144,0.8530069837967554,-2.836193084716797
I4,10000,matched4888,test,ALL,bopomofo,FZDouNTJW_Te,12,0.9172851615585387,0.719634622335434,-2.771179755528768
I4,10000,matched4888,test,ALL,bopomofo,FZFeiHHJW-H,12,1.1287043293317158,0.6778949946165085,0.6614414850870768
I4,10000,matched4888,test,ALL,bopomofo,FZFengYKSJ,12,0.5482550164063772,0.6451750993728638,-0.804143230120341
I4,10000,matched4888,test,ALL,bopomofo,FZHanWZKJW,12,1.3081942995389302,0.832199032107989,1.3792950709660847
I4,10000,matched4888,test,ALL,bopomofo,FZHuoYYJW-T,12,1.200285792350769,0.724799782037735,1.2931967576344807
I4,10000,matched4888,test,ALL,bopomofo,FZJianLTJW_Te,12,1.0265014320611954,0.8048144827286402,-2.946962912877401
I4,10000,matched4888,test,ALL,bopomofo,FZJingLTJW-H,12,1.3413903713226318,0.8552142033974329,0.9385958909988403
I4,10000,matched4888,test,ALL,bopomofo,FZJingYLLTJW,12,0.3404383490172525,0.6411079267660776,0.7751223544279734
I4,10000,matched4888,test,ALL,bopomofo,FZLingFKSJW-B,12,1.347991665204366,0.850629597902298,0.3236058826247851
I4,10000,matched4888,test,ALL,bopomofo,FZLiuGQKJW-L,12,0.8487018446127573,0.6018452495336533,0.24786638716856638
I4,10000,matched4888,test,ALL,bopomofo,FZMaWDBSJW,12,1.0591920961936314,0.7824704796075821,0.7009970843791962
I4,10000,matched4888,test,ALL,bopomofo,FZTJLSJW,12,1.0537884533405304,0.7669841001431147,-0.8856523533662161
I4,10000,matched4888,test,ALL,kana,FZBuGTJW,28,0.49633957871368956,0.7667715741055352,0.6470147711890084
I4,10000,matched4888,test,ALL,kana,FZChuangHJW_DB,28,1.0164552511913436,0.8086604348250798,0.9043861159256527
I4,10000,matched4888,test,ALL,kana,FZCuanBZBKSJW,28,1.1376111837370055,0.7846806687968118,0.9444009150777545
I4,10000,matched4888,test,ALL,kana,FZDeSHJW_515H,28,1.3133523049099105,0.8456875298704419,0.9187423714569637
I4,10000,matched4888,test,ALL,kana,FZDouNTJW_Te,28,0.9968063959053585,0.7212697033371244,1.158907732793263
I4,10000,matched4888,test,ALL,kana,FZFeiHHJW-H,28,0.7797530197671482,0.6415153294801712,0.5397516318729946
I4,10000,matched4888,test,ALL,kana,FZFengYKSJ,28,0.5950409578425544,0.6412465487207685,0.7319666360105787
I4,10000,matched4888,test,ALL,kana,FZHanWZKJW,28,1.24045458648886,0.8080559926373618,1.2501805509839738
I4,10000,matched4888,test,ALL,kana,FZHuoYYJW-T,28,1.200209692120552,0.7562928114618573,1.1756755028452193
I4,10000,matched4888,test,ALL,kana,FZJianLTJW_Te,28,0.9575948172381946,0.7827235204832894,1.2801651103155953
I4,10000,matched4888,test,ALL,kana,FZJingLTJW-H,28,1.4092549128191811,0.8679577623094831,1.283643467085702
I4,10000,matched4888,test,ALL,kana,FZJingYLLTJW,28,0.24666882798607861,0.5841771268418857,1.1547715493610926
I4,10000,matched4888,test,ALL,kana,FZLingFKSJW-B,28,1.235052848500865,0.8498027303389141,0.8803398992334094
I4,10000,matched4888,test,ALL,kana,FZLiuGQKJW-L,28,1.042276348386492,0.6946100379739489,0.5915487004177911
I4,10000,matched4888,test,ALL,kana,FZMaWDBSJW,28,0.8377292406346116,0.770782225898334,0.7025937948908124
I4,10000,matched4888,test,ALL,kana,FZTJLSJW,28,1.043246396950313,0.804082629936082,0.24508564759578025
I4,10000,matched4888,test,ALL,latin,FZBuGTJW,148,0.4474278829891134,0.6366560096676285,0.5896622304477401
I4,10000,matched4888,test,ALL,latin,FZChuangHJW_DB,148,1.3932951487399436,0.7918114009741191,1.0258119446603027
I4,10000,matched4888,test,ALL,latin,FZCuanBZBKSJW,148,1.1290368335069836,0.7191045135259628,0.49809346478935834
I4,10000,matched4888,test,ALL,latin,FZDeSHJW_515H,148,1.2936942243092768,0.8446384370326996,1.3110583891739716
I4,10000,matched4888,test,ALL,latin,FZDouNTJW_Te,148,0.7167725282016437,0.7418937294467075,1.2149469417494696
I4,10000,matched4888,test,ALL,latin,FZFeiHHJW-H,148,0.77020336877605,0.6096723071626715,0.5304590223004689
I4,10000,matched4888,test,ALL,latin,FZFengYKSJ,148,0.5943464381066529,0.6618397608399391,0.7771445085873475
I4,10000,matched4888,test,ALL,latin,FZHanWZKJW,148,1.2110513944078136,0.8018923051453926,0.8814278631596952
I4,10000,matched4888,test,ALL,latin,FZHuoYYJW-T,148,1.1223781511590287,0.7125521261949797,1.1724667371930302
I4,10000,matched4888,test,ALL,latin,FZJianLTJW_Te,148,0.8495121083121646,0.753547032942643,0.8274863531460633
I4,10000,matched4888,test,ALL,latin,FZJingLTJW-H,148,0.9023483240901417,0.752638452359148,1.1899174049093917
I4,10000,matched4888,test,ALL,latin,FZJingYLLTJW,148,0.20027298267578353,0.6085756700989362,0.41048666301208575
I4,10000,matched4888,test,ALL,latin,FZLingFKSJW-B,148,1.217778140830027,0.7466599439849725,0.7603948359453195
I4,10000,matched4888,test,ALL,latin,FZLiuGQKJW-L,148,1.1548587949694813,0.7407407510924984,0.47927429942363825
I4,10000,matched4888,test,ALL,latin,FZMaWDBSJW,148,1.1369659336837563,0.7772449504684757,1.1728131465009741
I4,10000,matched4888,test,ALL,latin,FZTJLSJW,148,0.9906920162407128,0.6826687205482174,1.0976772485552608
I4,10000,matched4888,train,1,ALL,FZDuHJW_Cu,47,0.65387607968234,0.7019664125239595,0.8482421465376591
I4,10000,matched4888,train,1,ALL,FZFeiSJW-EL,47,1.189066195107521,0.8220094214094446,1.2483324142212564
I4,10000,matched4888,train,1,ALL,FZPTYJW,47,1.3571586710341432,0.895518755659144,0.403079683476306
I4,10000,matched4888,train,1,ALL,FZShuLTJW-H,47,0.7980342662714898,0.6243783337004641,1.148759146954151
I4,10000,matched4888,train,1,ALL,FZYiMSJW-T,47,1.22587798757756,0.8239104950681646,1.2475223338350336
I4,10000,matched4888,train,1,bopomofo,FZDuHJW_Cu,3,0.695387045542399,0.7292398611704508,-2.6805082162221274
I4,10000,matched4888,train,1,bopomofo,FZFeiSJW-EL,3,1.1368484497070312,0.9252615769704183,1.1174527208010356
I4,10000,matched4888,train,1,bopomofo,FZPTYJW,3,1.5229117075602214,0.940607746442159,-2.2713398138682046
I4,10000,matched4888,train,1,bopomofo,FZShuLTJW-H,3,1.1724045276641846,0.7118848363558451,1.2025230129559834
I4,10000,matched4888,train,1,bopomofo,FZYiMSJW-T,3,1.215134819348653,0.8774944146474203,1.2083792686462402
I4,10000,matched4888,train,1,kana,FZDuHJW_Cu,7,0.7654431941253799,0.7782738123621259,1.0194836684635706
I4,10000,matched4888,train,1,kana,FZFeiSJW-EL,7,1.28794492994036,0.8867413742201669,1.2647960441453117
I4,10000,matched4888,train,1,kana,FZPTYJW,7,1.51189238684518,0.9340203830174038,-2.7721708842686246
I4,10000,matched4888,train,1,kana,FZShuLTJW-H,7,1.2085165892328535,0.7949783716882978,1.2694600820541382
I4,10000,matched4888,train,1,kana,FZYiMSJW-T,7,1.2547306844166346,0.8651289088385445,1.3296397924423218
I4,10000,matched4888,train,1,latin,FZDuHJW_Cu,37,0.6294030337720304,0.6853185167183747,1.1019599961267936
I4,10000,matched4888,train,1,latin,FZFeiSJW-EL,37,1.1745932786851316,0.8013910393457155,1.2558295404588855
I4,10000,matched4888,train,1,latin,FZPTYJW,37,1.3144452894056164,0.8845787998792287,1.2206475879694965
I4,10000,matched4888,train,1,latin,FZShuLTJW-H,37,0.6900211028956078,0.5850075290009782,1.1215646025296804
I4,10000,matched4888,train,1,latin,FZYiMSJW-T,37,1.22129043695089,0.8117677746592341,1.2351603604651786
I4,10000,matched4888,train,2,ALL,FZDuHJW_Cu,47,1.0396320626456688,0.7887524385401543,0.8482421465376591
I4,10000,matched4888,train,2,ALL,FZFeiSJW-EL,47,1.2249914407730103,0.8292933639059675,1.2483324142212564
I4,10000,matched4888,train,2,ALL,FZPTYJW,47,1.3736653099668787,0.8896945245722507,0.403079683476306
I4,10000,matched4888,train,2,ALL,FZShuLTJW-H,47,1.111096261941055,0.7360101938247681,1.148759146954151
I4,10000,matched4888,train,2,ALL,FZYiMSJW-T,47,1.236361378050865,0.8308706334296693,1.2475223338350336
I4,10000,matched4888,train,2,bopomofo,FZDuHJW_Cu,3,1.0012508432070415,0.8057342171669006,-2.6805082162221274
I4,10000,matched4888,train,2,bopomofo,FZFeiSJW-EL,3,1.1407520373662312,0.9264971812566122,1.1174527208010356
I4,10000,matched4888,train,2,bopomofo,FZPTYJW,3,1.5185761054356892,0.919077734152476,-2.2713398138682046
I4,10000,matched4888,train,2,bopomofo,FZShuLTJW-H,3,1.2735984722773235,0.7957727313041687,1.2025230129559834
I4,10000,matched4888,train,2,bopomofo,FZYiMSJW-T,3,1.216660777727763,0.9054806629816691,1.2083792686462402
I4,10000,matched4888,train,2,kana,FZDuHJW_Cu,7,0.9800560687269483,0.8256777354649135,1.0194836684635706
I4,10000,matched4888,train,2,kana,FZFeiSJW-EL,7,1.2818190199988229,0.879088716847556,1.2647960441453117
I4,10000,matched4888,train,2,kana,FZPTYJW,7,1.5010277714048113,0.9259080631392342,-2.7721708842686246
I4,10000,matched4888,train,2,kana,FZShuLTJW-H,7,1.382140108517238,0.8450517654418945,1.2694600820541382
I4,10000,matched4888,train,2,kana,FZYiMSJW-T,7,1.2821223395211356,0.8768561993326459,1.3296397924423218
I4,10000,matched4888,train,2,latin,FZDuHJW_Cu,37,1.0540151873955856,0.7803896705846529,1.1019599961267936
I4,10000,matched4888,train,2,latin,FZFeiSJW-EL,37,1.2210704990335413,0.8119912308615607,1.2558295404588855
I4,10000,matched4888,train,2,latin,FZPTYJW,37,1.3378201851973663,0.880460892174695,1.2206475879694965
I4,10000,matched4888,train,2,latin,FZShuLTJW-H,37,1.0466418414804581,0.7105350961556306,1.1215646025296804
I4,10000,matched4888,train,2,latin,FZYiMSJW-T,37,1.2293012448259302,0.8161211996465116,1.2351603604651786
I4,10000,matched4888,train,4,ALL,FZDuHJW_Cu,47,1.1874298941581807,0.8006446805406124,0.8482421465376591
I4,10000,matched4888,train,4,ALL,FZFeiSJW-EL,47,1.2227615828209735,0.8332653032972458,1.2483324142212564
I4,10000,matched4888,train,4,ALL,FZPTYJW,47,1.3660592728472771,0.8896280831479012,0.403079683476306
I4,10000,matched4888,train,4,ALL,FZShuLTJW-H,47,1.167123520627935,0.7691240906715393,1.148759146954151
I4,10000,matched4888,train,4,ALL,FZYiMSJW-T,47,1.2487609107443627,0.8323772866675194,1.2475223338350336
I4,10000,matched4888,train,4,bopomofo,FZDuHJW_Cu,3,1.1972522735595703,0.8254557450612386,-2.6805082162221274
I4,10000,matched4888,train,4,bopomofo,FZFeiSJW-EL,3,1.1215591033299763,0.9217265049616495,1.1174527208010356
I4,10000,matched4888,train,4,bopomofo,FZPTYJW,3,1.5433618227640789,0.9257685542106628,-2.2713398138682046
I4,10000,matched4888,train,4,bopomofo,FZShuLTJW-H,3,1.3402901490529378,0.811131755510966,1.2025230129559834
I4,10000,matched4888,train,4,bopomofo,FZYiMSJW-T,3,1.2444371779759724,0.9142519434293112,1.2083792686462402
I4,10000,matched4888,train,4,kana,FZDuHJW_Cu,7,1.1813289437975203,0.8422005006245205,1.0194836684635706
I4,10000,matched4888,train,4,kana,FZFeiSJW-EL,7,1.2668315853391374,0.8670350142887661,1.2647960441453117
I4,10000,matched4888,train,4,kana,FZPTYJW,7,1.5140164749962943,0.9283835291862488,-2.7721708842686246
I4,10000,matched4888,train,4,kana,FZShuLTJW-H,7,1.3248276029314314,0.8534534232957023,1.2694600820541382
I4,10000,matched4888,train,4,kana,FZYiMSJW-T,7,1.3133171115602766,0.8872001937457493,1.3296397924423218
I4,10000,matched4888,train,4,latin,FZDuHJW_Cu,37,1.1877877188695443,0.7907710606987411,1.1019599961267936
I4,10000,matched4888,train,4,latin,FZFeiSJW-EL,37,1.2226296212222125,0.8197039091909254,1.2558295404588855
I4,10000,matched4888,train,4,latin,FZPTYJW,37,1.323691487312317,0.8793656632706925,1.2206475879694965
I4,10000,matched4888,train,4,latin,FZShuLTJW-H,37,1.1232470757252462,0.7497638657286361,1.1215646025296804
I4,10000,matched4888,train,4,latin,FZYiMSJW-T,37,1.2368981483820323,0.8153668996450063,1.2351603604651786
I4,10000,matched4888,train,8,ALL,FZDuHJW_Cu,47,1.231682725409244,0.8040907700011071,0.8482421465376591
I4,10000,matched4888,train,8,ALL,FZFeiSJW-EL,47,1.240012304579958,0.8310586087247158,1.2483324142212564
I4,10000,matched4888,train,8,ALL,FZPTYJW,47,1.3669957543941254,0.8884057795747797,0.403079683476306
I4,10000,matched4888,train,8,ALL,FZShuLTJW-H,47,1.1492953693613093,0.7595094442367554,1.148759146954151
I4,10000,matched4888,train,8,ALL,FZYiMSJW-T,47,1.2549547223334616,0.8368618653175679,1.2475223338350336
I4,10000,matched4888,train,8,bopomofo,FZDuHJW_Cu,3,1.328912576039632,0.8340954780578613,-2.6805082162221274
I4,10000,matched4888,train,8,bopomofo,FZFeiSJW-EL,3,1.1284946004549663,0.9239148298899332,1.1174527208010356
I4,10000,matched4888,train,8,bopomofo,FZPTYJW,3,1.532183051109314,0.9315457344055176,-2.2713398138682046
I4,10000,matched4888,train,8,bopomofo,FZShuLTJW-H,3,1.2979370752970378,0.8059547940889994,1.2025230129559834
I4,10000,matched4888,train,8,bopomofo,FZYiMSJW-T,3,1.2216646273930867,0.9082109729448954,1.2083792686462402
I4,10000,matched4888,train,8,kana,FZDuHJW_Cu,7,1.2078488639422826,0.8488358088902065,1.0194836684635706
I4,10000,matched4888,train,8,kana,FZFeiSJW-EL,7,1.261127233505249,0.8547481894493103,1.2647960441453117
I4,10000,matched4888,train,8,kana,FZPTYJW,7,1.5000330720629012,0.9207018528665815,-2.7721708842686246
I4,10000,matched4888,train,8,kana,FZShuLTJW-H,7,1.279894471168518,0.8371331947190421,1.2694600820541382
I4,10000,matched4888,train,8,kana,FZYiMSJW-T,7,1.3404481070382255,0.892064026423863,1.3296397924423218
I4,10000,matched4888,train,8,latin,FZDuHJW_Cu,37,1.228308332932962,0.7931926782066757,1.1019599961267936
I4,10000,matched4888,train,8,latin,FZFeiSJW-EL,37,1.2450595643069293,0.8190479133580182,1.2558295404588855
I4,10000,matched4888,train,8,latin,FZPTYJW,37,1.3284329675339364,0.8787978774792439,1.2206475879694965
I4,10000,matched4888,train,8,latin,FZShuLTJW-H,37,1.1125354009705621,0.7410580306439787,1.1215646025296804
I4,10000,matched4888,train,8,latin,FZYiMSJW-T,37,1.2414794950871855,0.8206331504357828,1.2351603604651786
I4,10000,matched4888,train,ALL,ALL,FZDuHJW_Cu,188,1.0281551904738584,0.7738635754014583,0.8482421465376591
I4,10000,matched4888,train,ALL,ALL,FZFeiSJW-EL,188,1.2192078808203657,0.8289066743343434,1.2483324142212564
I4,10000,matched4888,train,ALL,ALL,FZPTYJW,188,1.3659697520606062,0.8908117857385189,0.403079683476306
I4,10000,matched4888,train,ALL,ALL,FZShuLTJW-H,188,1.0563873545504472,0.7222555156083817,1.148759146954151
I4,10000,matched4888,train,ALL,ALL,FZYiMSJW-T,188,1.2414887496765623,0.8310050701207303,1.2475223338350336
I4,10000,matched4888,train,ALL,bopomofo,FZDuHJW_Cu,12,1.0557006845871608,0.7986313253641129,-2.6805082162221274
I4,10000,matched4888,train,ALL,bopomofo,FZFeiSJW-EL,12,1.1319135477145512,0.9243500232696533,1.1174527208010356
I4,10000,matched4888,train,ALL,bopomofo,FZPTYJW,12,1.529258171717326,0.9292499423027039,-2.2713398138682046
I4,10000,matched4888,train,ALL,bopomofo,FZShuLTJW-H,12,1.271057556072871,0.7811860293149948,1.2025230129559834
I4,10000,matched4888,train,ALL,bopomofo,FZYiMSJW-T,12,1.224474350611369,0.901359498500824,1.2083792686462402
I4,10000,matched4888,train,ALL,kana,FZDuHJW_Cu,28,1.0336692676480328,0.8237469643354416,1.0194836684635706
I4,10000,matched4888,train,ALL,kana,FZFeiSJW-EL,28,1.2744306921958923,0.8719033237014499,1.2647960441453117
I4,10000,matched4888,train,ALL,kana,FZPTYJW,28,1.5067424263272966,0.9272534570523671,-2.7721708842686246
I4,10000,matched4888,train,ALL,kana,FZShuLTJW-H,28,1.2988446929625102,0.8326541887862342,1.2694600820541382
I4,10000,matched4888,train,ALL,kana,FZYiMSJW-T,28,1.2976545606340681,0.8803123320852008,1.3296397924423218
I4,10000,matched4888,train,ALL,latin,FZDuHJW_Cu,148,1.0248785682425305,0.7624179815521112,1.1019599961267936
I4,10000,matched4888,train,ALL,latin,FZFeiSJW-EL,148,1.2158382408119537,0.813033523189055,1.2558295404588855
I4,10000,matched4888,train,ALL,latin,FZPTYJW,148,1.326097482362309,0.8808008082009651,1.2206475879694965
I4,10000,matched4888,train,ALL,latin,FZShuLTJW-H,148,0.9931113552679686,0.6965911303823059,1.1215646025296804
I4,10000,matched4888,train,ALL,latin,FZYiMSJW-T,148,1.2322423313115094,0.8159722560966337,1.2351603604651786
I4,10000,matched4888,val,1,ALL,FZBangSKKXJW,47,0.9829643635039634,0.6408185971544144,0.8166467382552776
I4,10000,matched4888,val,1,ALL,FZJunYTJW-H,47,1.027285008988482,0.793037494446369,0.8919322550534567
I4,10000,matched4888,val,1,ALL,FZKANGJW,47,0.9603262445394029,0.7451169148404547,0.3212025874155633
I4,10000,matched4888,val,1,ALL,FZLTHProGBK_H,47,1.0049832710560331,0.7679512411990064,0.9705552541987693
I4,10000,matched4888,val,1,ALL,FZYouHK_511M,47,1.1837535551253786,0.7749427848673881,1.283531095119233
I4,10000,matched4888,val,1,bopomofo,FZBangSKKXJW,3,1.0582958261171977,0.6863512595494589,0.8998004992802938
I4,10000,matched4888,val,1,bopomofo,FZJunYTJW-H,3,1.139432926972707,0.801522692044576,1.1863958438237507
I4,10000,matched4888,val,1,bopomofo,FZKANGJW,3,0.8754679759343466,0.7326522270838419,-0.45953964193662006
I4,10000,matched4888,val,1,bopomofo,FZLTHProGBK_H,3,0.8983146150906881,0.7761224110921224,1.1118056774139404
I4,10000,matched4888,val,1,bopomofo,FZYouHK_511M,3,1.4171846310297649,0.8507940769195557,1.5833906730016072
I4,10000,matched4888,val,1,kana,FZBangSKKXJW,7,1.1033255543027605,0.6715781603540693,0.788582307951791
I4,10000,matched4888,val,1,kana,FZJunYTJW-H,7,1.0413267357008797,0.801403420312064,0.7980834926877703
I4,10000,matched4888,val,1,kana,FZKANGJW,7,1.0494959354400635,0.7890669022287641,-2.0023163727351596
I4,10000,matched4888,val,1,kana,FZLTHProGBK_H,7,1.039510931287493,0.7985103045191083,1.140190247978483
I4,10000,matched4888,val,1,kana,FZYouHK_511M,7,1.2713045477867126,0.8608913677079337,1.310642353125981
I4,10000,matched4888,val,1,latin,FZBangSKKXJW,37,0.9540853709787935,0.631307382841368,0.8152140282295846
I4,10000,matched4888,val,1,latin,FZJunYTJW-H,37,1.0155353916657937,0.790766762720572,0.8858120001953196
I4,10000,matched4888,val,1,latin,FZKANGJW,37,0.950336703174823,0.7378127027202297,0.824090679553715
I4,10000,matched4888,val,1,latin,FZLTHProGBK_H,37,1.0070998209553796,0.7615072694984643,0.9270094102500258
I4,10000,matched4888,val,1,latin,FZYouHK_511M,37,1.1482630098188245,0.7525321374068389,1.2540889994518176
I4,10000,matched4888,val,2,ALL,FZBangSKKXJW,47,0.878820805235746,0.6010630378063689,0.8166467382552776
I4,10000,matched4888,val,2,ALL,FZJunYTJW-H,47,0.9182249294950607,0.779097615404332,0.8919322550534567
I4,10000,matched4888,val,2,ALL,FZKANGJW,47,0.7633039787649474,0.6979745055766816,0.3212025874155633
I4,10000,matched4888,val,2,ALL,FZLTHProGBK_H,47,0.9906397449209335,0.7690764551467084,0.9705552541987693
I4,10000,matched4888,val,2,ALL,FZYouHK_511M,47,1.2272261653808838,0.7857432466872195,1.283531095119233
I4,10000,matched4888,val,2,bopomofo,FZBangSKKXJW,3,1.0721704165140789,0.6241811712582906,0.8998004992802938
I4,10000,matched4888,val,2,bopomofo,FZJunYTJW-H,3,0.9449104070663452,0.779274562994639,1.1863958438237507
I4,10000,matched4888,val,2,bopomofo,FZKANGJW,3,0.655538002649943,0.7021837035814921,-0.45953964193662006
I4,10000,matched4888,val,2,bopomofo,FZLTHProGBK_H,3,0.8716991742451986,0.7868750890096029,1.1118056774139404
I4,10000,matched4888,val,2,bopomofo,FZYouHK_511M,3,1.4407410621643066,0.8507761359214783,1.5833906730016072
I4,10000,matched4888,val,2,kana,FZBangSKKXJW,7,1.0522092580795288,0.6734958972249713,0.788582307951791
I4,10000,matched4888,val,2,kana,FZJunYTJW-H,7,0.9088824221066066,0.7966891527175903,0.7980834926877703
I4,10000,matched4888,val,2,kana,FZKANGJW,7,1.0039399649415697,0.7863667096410479,-2.0023163727351596
I4,10000,matched4888,val,2,kana,FZLTHProGBK_H,7,1.0412001694951738,0.801198422908783,1.140190247978483
I4,10000,matched4888,val,2,kana,FZYouHK_511M,7,1.2747432504381453,0.8635094250951495,1.310642353125981
I4,10000,matched4888,val,2,latin,FZBangSKKXJW,37,0.8303405889184088,0.5854850806094505,0.8152140282295846
I4,10000,matched4888,val,2,latin,FZJunYTJW-H,37,0.9178287435222316,0.7757551396215284,0.8858120001953196
I4,10000,matched4888,val,2,latin,FZKANGJW,37,0.7265160334976138,0.6809103698343844,0.824090679553715
I4,10000,matched4888,val,2,latin,FZLTHProGBK_H,37,0.9907180892454611,0.7615561936352704,0.9270094102500258
I4,10000,matched4888,val,2,latin,FZYouHK_511M,37,1.2009244279281512,0.7657577894829415,1.2540889994518176
I4,10000,matched4888,val,4,ALL,FZBangSKKXJW,47,0.7495577788733422,0.5755292982497113,0.8166467382552776
I4,10000,matched4888,val,4,ALL,FZJunYTJW-H,47,0.8375269844731752,0.7635096159387142,0.8919322550534567
I4,10000,matched4888,val,4,ALL,FZKANGJW,47,0.7422001594083106,0.6813466529896919,0.3212025874155633
I4,10000,matched4888,val,4,ALL,FZLTHProGBK_H,47,0.9723490812677018,0.7594540309398732,0.9705552541987693
I4,10000,matched4888,val,4,ALL,FZYouHK_511M,47,1.2547323564265638,0.7905187695584399,1.283531095119233
I4,10000,matched4888,val,4,bopomofo,FZBangSKKXJW,3,1.0395293434460957,0.6401774485905966,0.8998004992802938
I4,10000,matched4888,val,4,bopomofo,FZJunYTJW-H,3,0.919821302096049,0.7456514239311218,1.1863958438237507
I4,10000,matched4888,val,4,bopomofo,FZKANGJW,3,0.5931062897046407,0.6606285174687704,-0.45953964193662006
I4,10000,matched4888,val,4,bopomofo,FZLTHProGBK_H,3,0.9535832603772482,0.7969421943028768,1.1118056774139404
I4,10000,matched4888,val,4,bopomofo,FZYouHK_511M,3,1.4095251162846882,0.8494818011919657,1.5833906730016072
I4,10000,matched4888,val,4,kana,FZBangSKKXJW,7,0.9653587596757072,0.6399221420288086,0.788582307951791
I4,10000,matched4888,val,4,kana,FZJunYTJW-H,7,0.885869426386697,0.7962839177676609,0.7980834926877703
I4,10000,matched4888,val,4,kana,FZKANGJW,7,0.883447894028255,0.7479398080280849,-2.0023163727351596
I4,10000,matched4888,val,4,kana,FZLTHProGBK_H,7,1.1156337261199951,0.8231431416102818,1.140190247978483
I4,10000,matched4888,val,4,kana,FZYouHK_511M,7,1.2919352395193917,0.8682526435170855,1.310642353125981
I4,10000,matched4888,val,4,latin,FZBangSKKXJW,37,0.6852193583507795,0.5581051264260266,0.8152140282295846
I4,10000,matched4888,val,4,latin,FZJunYTJW-H,37,0.8217086048444381,0.7587570338635832,0.8858120001953196
I4,10000,matched4888,val,4,latin,FZKANGJW,37,0.727566307158889,0.670427796808449,0.824090679553715
I4,10000,matched4888,val,4,latin,FZLTHProGBK_H,37,0.9467627285300074,0.7443651589187416,0.9270094102500258
I4,10000,matched4888,val,4,latin,FZYouHK_511M,37,1.2351432088259104,0.7710315746230048,1.2540889994518176
I4,10000,matched4888,val,8,ALL,FZBangSKKXJW,47,0.8432298397764246,0.6137781663143889,0.8166467382552776
I4,10000,matched4888,val,8,ALL,FZJunYTJW-H,47,0.7504554210191078,0.7453924423836648,0.8919322550534567
I4,10000,matched4888,val,8,ALL,FZKANGJW,47,0.9959009315105195,0.7575670531455506,0.3212025874155633
I4,10000,matched4888,val,8,ALL,FZLTHProGBK_H,47,1.0235558039647468,0.7709732410755563,0.9705552541987693
I4,10000,matched4888,val,8,ALL,FZYouHK_511M,47,1.295009914864885,0.7983534171226176,1.283531095119233
I4,10000,matched4888,val,8,bopomofo,FZBangSKKXJW,3,1.048580825328827,0.6620064278443655,0.8998004992802938
I4,10000,matched4888,val,8,bopomofo,FZJunYTJW-H,3,0.8874404033025106,0.766050378481547,1.1863958438237507
I4,10000,matched4888,val,8,bopomofo,FZKANGJW,3,0.9388554890950521,0.7774702906608582,-0.45953964193662006
I4,10000,matched4888,val,8,bopomofo,FZLTHProGBK_H,3,0.9510535995165507,0.7963485320409139,1.1118056774139404
I4,10000,matched4888,val,8,bopomofo,FZYouHK_511M,3,1.5175544420878093,0.8575830658276876,1.5833906730016072
I4,10000,matched4888,val,8,kana,FZBangSKKXJW,7,1.0391721895762853,0.6625913211277553,0.788582307951791
I4,10000,matched4888,val,8,kana,FZJunYTJW-H,7,0.907204134123666,0.8166886738368443,0.7980834926877703
I4,10000,matched4888,val,8,kana,FZKANGJW,7,1.0196085742541723,0.8140592575073242,-2.0023163727351596
I4,10000,matched4888,val,8,kana,FZLTHProGBK_H,7,1.1391632046018327,0.8189383234296527,1.140190247978483
I4,10000,matched4888,val,8,kana,FZYouHK_511M,7,1.3033136214528764,0.8747663497924805,1.310642353125981
I4,10000,matched4888,val,8,latin,FZBangSKKXJW,37,0.7895095855803103,0.6006328455499701,0.8152140282295846
I4,10000,matched4888,val,8,latin,FZJunYTJW-H,37,0.7096933686249965,0.7302289983710727,0.8858120001953196
I4,10000,matched4888,val,8,latin,FZKANGJW,37,0.9960410079440555,0.7452655627920821,0.824090679553715
I4,10000,matched4888,val,8,latin,FZLTHProGBK_H,37,1.007562690691368,0.759841310011374,0.9270094102500258
I4,10000,matched4888,val,8,latin,FZYouHK_511M,37,1.2753947924923252,0.7790945123981785,1.2540889994518176
I4,10000,matched4888,val,ALL,ALL,FZBangSKKXJW,188,0.863643196847369,0.6077972748812209,0.8166467382552776
I4,10000,matched4888,val,ALL,ALL,FZJunYTJW-H,188,0.8833730859939564,0.7702592920432699,0.8919322550534567
I4,10000,matched4888,val,ALL,ALL,FZKANGJW,188,0.8654328285557951,0.7205012816380947,0.3212025874155633
I4,10000,matched4888,val,ALL,ALL,FZLTHProGBK_H,188,0.9978819753023538,0.7668637420902861,0.9705552541987693
I4,10000,matched4888,val,ALL,ALL,FZYouHK_511M,188,1.2401804979494278,0.7873895545589163,1.283531095119233
I4,10000,matched4888,val,ALL,bopomofo,FZBangSKKXJW,12,1.0546441028515499,0.6531790768106779,0.8998004992802938
I4,10000,matched4888,val,ALL,bopomofo,FZJunYTJW-H,12,0.972901259859403,0.773124764362971,1.1863958438237507
I4,10000,matched4888,val,ALL,bopomofo,FZKANGJW,12,0.7657419393459955,0.7182336846987406,-0.45953964193662006
I4,10000,matched4888,val,ALL,bopomofo,FZLTHProGBK_H,12,0.9186626623074213,0.789072056611379,1.1118056774139404
I4,10000,matched4888,val,ALL,bopomofo,FZYouHK_511M,12,1.4462513128916423,0.8521587699651718,1.5833906730016072
I4,10000,matched4888,val,ALL,kana,FZBangSKKXJW,28,1.0400164404085703,0.6618968801839011,0.788582307951791
I4,10000,matched4888,val,ALL,kana,FZJunYTJW-H,28,0.9358206795794624,0.8027662911585399,0.7980834926877703
I4,10000,matched4888,val,ALL,kana,FZKANGJW,28,0.9891230921660151,0.7843581693513053,-2.0023163727351596
I4,10000,matched4888,val,ALL,kana,FZLTHProGBK_H,28,1.0838770078761237,0.8104475481169564,1.140190247978483
I4,10000,matched4888,val,ALL,kana,FZYouHK_511M,28,1.2853241647992815,0.8668549465281623,1.310642353125981
I4,10000,matched4888,val,ALL,latin,FZBangSKKXJW,148,0.8147887259570731,0.5938826088567037,0.8152140282295846
I4,10000,matched4888,val,ALL,latin,FZJunYTJW-H,148,0.866191527164365,0.7638769836441891,0.8858120001953196
I4,10000,matched4888,val,ALL,latin,FZKANGJW,148,0.8501150129438454,0.7086041080387863,0.824090679553715
I4,10000,matched4888,val,ALL,latin,FZLTHProGBK_H,148,0.988035832355554,0.7568174830159625,0.9270094102500258
I4,10000,matched4888,val,ALL,latin,FZYouHK_511M,148,1.214931359766303,0.7671040034777409,1.2540889994518176
I5,2000,val192,val,1,ALL,FZBangSKKXJW,4,0.9259494096040726,0.709186390042305,0.6687727943062782
I5,2000,val192,val,1,ALL,FZCaoQBLSJW,4,1.3042280673980713,0.847066342830658,0.4800065606832504
I5,2000,val192,val,1,ALL,FZFWZhuZiHeiB,4,1.4276316463947296,0.8104688376188278,0.9735500663518906
I5,2000,val192,val,1,ALL,FZHengFSJW-T,4,1.1786623299121857,0.7571169883012772,1.1548708379268646
I5,2000,val192,val,1,ALL,FZJunYTJW-H,4,1.1678496599197388,0.8152957856655121,0.8522688001394272
I5,2000,val192,val,1,ALL,FZKANGJW,4,0.9237055778503418,0.7870613038539886,0.7405204735696316
I5,2000,val192,val,1,ALL,FZKuaiHTJW_Te,4,0.6160886939615011,0.7019058167934418,1.2690462172031403
I5,2000,val192,val,1,ALL,FZLTHProGBK_H,4,0.958524078130722,0.7473857253789902,0.8365523144602776
I5,2000,val192,val,1,ALL,FZMiFXSJW,4,1.0596504360437393,0.8025050312280655,0.7553693037480116
I5,2000,val192,val,1,ALL,FZQingYSJW-T,4,1.2915761172771454,0.788811594247818,1.1590228825807571
I5,2000,val192,val,1,ALL,FZSongKBXKJW-EB,4,1.0129602178931236,0.7217270880937576,0.929350733757019
I5,2000,val192,val,1,ALL,FZSuHJW,4,1.3308537006378174,0.7957272827625275,0.7965593338012695
I5,2000,val192,val,1,ALL,FZYouHK_511M,4,1.0694036185741425,0.7531935423612595,1.346650391817093
I5,2000,val192,val,1,ALL,FZZHJW,4,1.1609413176774979,0.7620148658752441,1.5186814069747925
I5,2000,val192,val,1,ALL,FZZanMTJW_Te,4,1.1271174103021622,0.7686795443296432,1.2600177228450775
I5,2000,val192,val,1,ALL,FZZhongYSJW_Te,4,1.3405809551477432,0.7027726322412491,1.239382117986679
I5,2000,val192,val,1,latin,FZBangSKKXJW,4,0.9259494096040726,0.709186390042305,0.6687727943062782
I5,2000,val192,val,1,latin,FZCaoQBLSJW,4,1.3042280673980713,0.847066342830658,0.4800065606832504
I5,2000,val192,val,1,latin,FZFWZhuZiHeiB,4,1.4276316463947296,0.8104688376188278,0.9735500663518906
I5,2000,val192,val,1,latin,FZHengFSJW-T,4,1.1786623299121857,0.7571169883012772,1.1548708379268646
I5,2000,val192,val,1,latin,FZJunYTJW-H,4,1.1678496599197388,0.8152957856655121,0.8522688001394272
I5,2000,val192,val,1,latin,FZKANGJW,4,0.9237055778503418,0.7870613038539886,0.7405204735696316
I5,2000,val192,val,1,latin,FZKuaiHTJW_Te,4,0.6160886939615011,0.7019058167934418,1.2690462172031403
I5,2000,val192,val,1,latin,FZLTHProGBK_H,4,0.958524078130722,0.7473857253789902,0.8365523144602776
I5,2000,val192,val,1,latin,FZMiFXSJW,4,1.0596504360437393,0.8025050312280655,0.7553693037480116
I5,2000,val192,val,1,latin,FZQingYSJW-T,4,1.2915761172771454,0.788811594247818,1.1590228825807571
I5,2000,val192,val,1,latin,FZSongKBXKJW-EB,4,1.0129602178931236,0.7217270880937576,0.929350733757019
I5,2000,val192,val,1,latin,FZSuHJW,4,1.3308537006378174,0.7957272827625275,0.7965593338012695
I5,2000,val192,val,1,latin,FZYouHK_511M,4,1.0694036185741425,0.7531935423612595,1.346650391817093
I5,2000,val192,val,1,latin,FZZHJW,4,1.1609413176774979,0.7620148658752441,1.5186814069747925
I5,2000,val192,val,1,latin,FZZanMTJW_Te,4,1.1271174103021622,0.7686795443296432,1.2600177228450775
I5,2000,val192,val,1,latin,FZZhongYSJW_Te,4,1.3405809551477432,0.7027726322412491,1.239382117986679
I5,2000,val192,val,4,ALL,FZBangSKKXJW,4,0.6558096930384636,0.6522853523492813,0.6687727943062782
I5,2000,val192,val,4,ALL,FZCaoQBLSJW,4,1.3721465766429901,0.8803249299526215,0.4800065606832504
I5,2000,val192,val,4,ALL,FZFWZhuZiHeiB,4,1.5173030197620392,0.8345189243555069,0.9735500663518906
I5,2000,val192,val,4,ALL,FZHengFSJW-T,4,1.2086861729621887,0.7683057934045792,1.1548708379268646
I5,2000,val192,val,4,ALL,FZJunYTJW-H,4,0.8801791667938232,0.7717120200395584,0.8522688001394272
I5,2000,val192,val,4,ALL,FZKANGJW,4,0.9058678448200226,0.7098406851291656,0.7405204735696316
I5,2000,val192,val,4,ALL,FZKuaiHTJW_Te,4,1.059692531824112,0.8201831579208374,1.2690462172031403
I5,2000,val192,val,4,ALL,FZLTHProGBK_H,4,1.0528618097305298,0.7430719286203384,0.8365523144602776
I5,2000,val192,val,4,ALL,FZMiFXSJW,4,1.0981501787900925,0.8306822925806046,0.7553693037480116
I5,2000,val192,val,4,ALL,FZQingYSJW-T,4,1.267820656299591,0.8029055893421173,1.1590228825807571
I5,2000,val192,val,4,ALL,FZSongKBXKJW-EB,4,1.030664935708046,0.7270231693983078,0.929350733757019
I5,2000,val192,val,4,ALL,FZSuHJW,4,1.1438811123371124,0.7841952443122864,0.7965593338012695
I5,2000,val192,val,4,ALL,FZYouHK_511M,4,1.1395393013954163,0.7688225358724594,1.346650391817093
I5,2000,val192,val,4,ALL,FZZHJW,4,1.314352571964264,0.791097104549408,1.5186814069747925
I5,2000,val192,val,4,ALL,FZZanMTJW_Te,4,1.1466445177793503,0.7731172740459442,1.2600177228450775
I5,2000,val192,val,4,ALL,FZZhongYSJW_Te,4,1.07080078125,0.7161795347929001,1.239382117986679
I5,2000,val192,val,4,latin,FZBangSKKXJW,4,0.6558096930384636,0.6522853523492813,0.6687727943062782
I5,2000,val192,val,4,latin,FZCaoQBLSJW,4,1.3721465766429901,0.8803249299526215,0.4800065606832504
I5,2000,val192,val,4,latin,FZFWZhuZiHeiB,4,1.5173030197620392,0.8345189243555069,0.9735500663518906
I5,2000,val192,val,4,latin,FZHengFSJW-T,4,1.2086861729621887,0.7683057934045792,1.1548708379268646
I5,2000,val192,val,4,latin,FZJunYTJW-H,4,0.8801791667938232,0.7717120200395584,0.8522688001394272
I5,2000,val192,val,4,latin,FZKANGJW,4,0.9058678448200226,0.7098406851291656,0.7405204735696316
I5,2000,val192,val,4,latin,FZKuaiHTJW_Te,4,1.059692531824112,0.8201831579208374,1.2690462172031403
I5,2000,val192,val,4,latin,FZLTHProGBK_H,4,1.0528618097305298,0.7430719286203384,0.8365523144602776
I5,2000,val192,val,4,latin,FZMiFXSJW,4,1.0981501787900925,0.8306822925806046,0.7553693037480116
I5,2000,val192,val,4,latin,FZQingYSJW-T,4,1.267820656299591,0.8029055893421173,1.1590228825807571
I5,2000,val192,val,4,latin,FZSongKBXKJW-EB,4,1.030664935708046,0.7270231693983078,0.929350733757019
I5,2000,val192,val,4,latin,FZSuHJW,4,1.1438811123371124,0.7841952443122864,0.7965593338012695
I5,2000,val192,val,4,latin,FZYouHK_511M,4,1.1395393013954163,0.7688225358724594,1.346650391817093
I5,2000,val192,val,4,latin,FZZHJW,4,1.314352571964264,0.791097104549408,1.5186814069747925
I5,2000,val192,val,4,latin,FZZanMTJW_Te,4,1.1466445177793503,0.7731172740459442,1.2600177228450775
I5,2000,val192,val,4,latin,FZZhongYSJW_Te,4,1.07080078125,0.7161795347929001,1.239382117986679
I5,2000,val192,val,8,ALL,FZBangSKKXJW,4,0.8585463017225266,0.6999048590660095,0.6687727943062782
I5,2000,val192,val,8,ALL,FZCaoQBLSJW,4,1.2671690881252289,0.85837122797966,0.4800065606832504
I5,2000,val192,val,8,ALL,FZFWZhuZiHeiB,4,1.5366861820220947,0.8393799960613251,0.9735500663518906
I5,2000,val192,val,8,ALL,FZHengFSJW-T,4,1.2382666170597076,0.7733917385339737,1.1548708379268646
I5,2000,val192,val,8,ALL,FZJunYTJW-H,4,0.8214630112051964,0.7442103028297424,0.8522688001394272
I5,2000,val192,val,8,ALL,FZKANGJW,4,1.119132250547409,0.7749184519052505,0.7405204735696316
I5,2000,val192,val,8,ALL,FZKuaiHTJW_Te,4,0.9973635673522949,0.7958953231573105,1.2690462172031403
I5,2000,val192,val,8,ALL,FZLTHProGBK_H,4,1.1604891270399094,0.7706919610500336,0.8365523144602776
I5,2000,val192,val,8,ALL,FZMiFXSJW,4,1.0266000181436539,0.7873674929141998,0.7553693037480116
I5,2000,val192,val,8,ALL,FZQingYSJW-T,4,1.2425162494182587,0.7994846552610397,1.1590228825807571
I5,2000,val192,val,8,ALL,FZSongKBXKJW-EB,4,0.8154329136013985,0.6859802305698395,0.929350733757019
I5,2000,val192,val,8,ALL,FZSuHJW,4,1.1233342587947845,0.8090343624353409,0.7965593338012695
I5,2000,val192,val,8,ALL,FZYouHK_511M,4,1.157647654414177,0.7728513777256012,1.346650391817093
I5,2000,val192,val,8,ALL,FZZHJW,4,1.2634370177984238,0.7744351625442505,1.5186814069747925
I5,2000,val192,val,8,ALL,FZZanMTJW_Te,4,1.1693322211503983,0.7772408723831177,1.2600177228450775
I5,2000,val192,val,8,ALL,FZZhongYSJW_Te,4,1.095431238412857,0.6975573897361755,1.239382117986679
I5,2000,val192,val,8,latin,FZBangSKKXJW,4,0.8585463017225266,0.6999048590660095,0.6687727943062782
I5,2000,val192,val,8,latin,FZCaoQBLSJW,4,1.2671690881252289,0.85837122797966,0.4800065606832504
I5,2000,val192,val,8,latin,FZFWZhuZiHeiB,4,1.5366861820220947,0.8393799960613251,0.9735500663518906
I5,2000,val192,val,8,latin,FZHengFSJW-T,4,1.2382666170597076,0.7733917385339737,1.1548708379268646
I5,2000,val192,val,8,latin,FZJunYTJW-H,4,0.8214630112051964,0.7442103028297424,0.8522688001394272
I5,2000,val192,val,8,latin,FZKANGJW,4,1.119132250547409,0.7749184519052505,0.7405204735696316
I5,2000,val192,val,8,latin,FZKuaiHTJW_Te,4,0.9973635673522949,0.7958953231573105,1.2690462172031403
I5,2000,val192,val,8,latin,FZLTHProGBK_H,4,1.1604891270399094,0.7706919610500336,0.8365523144602776
I5,2000,val192,val,8,latin,FZMiFXSJW,4,1.0266000181436539,0.7873674929141998,0.7553693037480116
I5,2000,val192,val,8,latin,FZQingYSJW-T,4,1.2425162494182587,0.7994846552610397,1.1590228825807571
I5,2000,val192,val,8,latin,FZSongKBXKJW-EB,4,0.8154329136013985,0.6859802305698395,0.929350733757019
I5,2000,val192,val,8,latin,FZSuHJW,4,1.1233342587947845,0.8090343624353409,0.7965593338012695
I5,2000,val192,val,8,latin,FZYouHK_511M,4,1.157647654414177,0.7728513777256012,1.346650391817093
I5,2000,val192,val,8,latin,FZZHJW,4,1.2634370177984238,0.7744351625442505,1.5186814069747925
I5,2000,val192,val,8,latin,FZZanMTJW_Te,4,1.1693322211503983,0.7772408723831177,1.2600177228450775
I5,2000,val192,val,8,latin,FZZhongYSJW_Te,4,1.095431238412857,0.6975573897361755,1.239382117986679
I5,2000,val192,val,ALL,ALL,FZBangSKKXJW,12,0.8134351347883543,0.6871255338191986,0.6687727943062782
I5,2000,val192,val,ALL,ALL,FZCaoQBLSJW,12,1.3145145773887634,0.8619208335876465,0.4800065606832504
I5,2000,val192,val,ALL,ALL,FZFWZhuZiHeiB,12,1.493873616059621,0.8281225860118866,0.9735500663518906
I5,2000,val192,val,ALL,ALL,FZHengFSJW-T,12,1.2085383733113606,0.76627150674661,1.1548708379268646
I5,2000,val192,val,ALL,ALL,FZJunYTJW-H,12,0.9564972793062528,0.7770727028449377,0.8522688001394272
I5,2000,val192,val,ALL,ALL,FZKANGJW,12,0.9829018910725912,0.757273480296135,0.7405204735696316
I5,2000,val192,val,ALL,ALL,FZKuaiHTJW_Te,12,0.8910482643793026,0.7726614326238632,1.2690462172031403
I5,2000,val192,val,ALL,ALL,FZLTHProGBK_H,12,1.0572916716337204,0.7537165383497874,0.8365523144602776
I5,2000,val192,val,ALL,ALL,FZMiFXSJW,12,1.0614668776591618,0.8068516055742899,0.7553693037480116
I5,2000,val192,val,ALL,ALL,FZQingYSJW-T,12,1.2673043409983318,0.7970672796169916,1.1590228825807571
I5,2000,val192,val,ALL,ALL,FZSongKBXKJW-EB,12,0.9530193557341894,0.7115768293539683,0.929350733757019
I5,2000,val192,val,ALL,ALL,FZSuHJW,12,1.1993563572565715,0.7963189631700516,0.7965593338012695
I5,2000,val192,val,ALL,ALL,FZYouHK_511M,12,1.1221968581279118,0.7649558186531067,1.346650391817093
I5,2000,val192,val,ALL,ALL,FZZHJW,12,1.2462436358133953,0.7758490443229675,1.5186814069747925
I5,2000,val192,val,ALL,ALL,FZZanMTJW_Te,12,1.1476980497439702,0.773012563586235,1.2600177228450775
I5,2000,val192,val,ALL,ALL,FZZhongYSJW_Te,12,1.1689376582702,0.7055031855901083,1.239382117986679
I5,2000,val192,val,ALL,latin,FZBangSKKXJW,12,0.8134351347883543,0.6871255338191986,0.6687727943062782
I5,2000,val192,val,ALL,latin,FZCaoQBLSJW,12,1.3145145773887634,0.8619208335876465,0.4800065606832504
I5,2000,val192,val,ALL,latin,FZFWZhuZiHeiB,12,1.493873616059621,0.8281225860118866,0.9735500663518906
I5,2000,val192,val,ALL,latin,FZHengFSJW-T,12,1.2085383733113606,0.76627150674661,1.1548708379268646
I5,2000,val192,val,ALL,latin,FZJunYTJW-H,12,0.9564972793062528,0.7770727028449377,0.8522688001394272
I5,2000,val192,val,ALL,latin,FZKANGJW,12,0.9829018910725912,0.757273480296135,0.7405204735696316
I5,2000,val192,val,ALL,latin,FZKuaiHTJW_Te,12,0.8910482643793026,0.7726614326238632,1.2690462172031403
I5,2000,val192,val,ALL,latin,FZLTHProGBK_H,12,1.0572916716337204,0.7537165383497874,0.8365523144602776
I5,2000,val192,val,ALL,latin,FZMiFXSJW,12,1.0614668776591618,0.8068516055742899,0.7553693037480116
I5,2000,val192,val,ALL,latin,FZQingYSJW-T,12,1.2673043409983318,0.7970672796169916,1.1590228825807571
I5,2000,val192,val,ALL,latin,FZSongKBXKJW-EB,12,0.9530193557341894,0.7115768293539683,0.929350733757019
I5,2000,val192,val,ALL,latin,FZSuHJW,12,1.1993563572565715,0.7963189631700516,0.7965593338012695
I5,2000,val192,val,ALL,latin,FZYouHK_511M,12,1.1221968581279118,0.7649558186531067,1.346650391817093
I5,2000,val192,val,ALL,latin,FZZHJW,12,1.2462436358133953,0.7758490443229675,1.5186814069747925
I5,2000,val192,val,ALL,latin,FZZanMTJW_Te,12,1.1476980497439702,0.773012563586235,1.2600177228450775
I5,2000,val192,val,ALL,latin,FZZhongYSJW_Te,12,1.1689376582702,0.7055031855901083,1.239382117986679
I5,4000,val192,val,1,ALL,FZBangSKKXJW,4,0.9257851392030716,0.7269773036241531,0.6687732189893723
I5,4000,val192,val,1,ALL,FZCaoQBLSJW,4,1.4452711939811707,0.8703265637159348,0.4800069071352482
I5,4000,val192,val,1,ALL,FZFWZhuZiHeiB,4,1.4483895599842072,0.815480425953865,0.9735502600669861
I5,4000,val192,val,1,ALL,FZHengFSJW-T,4,1.1567478328943253,0.7621562778949738,1.1548720002174377
I5,4000,val192,val,1,ALL,FZJunYTJW-H,4,0.9691082537174225,0.7722374200820923,0.8522694334387779
I5,4000,val192,val,1,ALL,FZKANGJW,4,0.8376654237508774,0.7679493874311447,0.7405200712382793
I5,4000,val192,val,1,ALL,FZKuaiHTJW_Te,4,0.3255726508796215,0.6665060818195343,1.2690457701683044
I5,4000,val192,val,1,ALL,FZLTHProGBK_H,4,1.2175332456827164,0.8015985786914825,0.8365507647395134
I5,4000,val192,val,1,ALL,FZMiFXSJW,4,0.9775644093751907,0.8099780529737473,0.7553686648607254
I5,4000,val192,val,1,ALL,FZQingYSJW-T,4,1.2737880647182465,0.7890729755163193,1.159021943807602
I5,4000,val192,val,1,ALL,FZSongKBXKJW-EB,4,0.7511926293373108,0.6667007952928543,0.929351307451725
I5,4000,val192,val,1,ALL,FZSuHJW,4,1.3056619316339493,0.8118342012166977,0.7965584173798561
I5,4000,val192,val,1,ALL,FZYouHK_511M,4,1.2078040838241577,0.7658053189516068,1.3466510772705078
I5,4000,val192,val,1,ALL,FZZHJW,4,1.3314692974090576,0.8255463391542435,1.5186811685562134
I5,4000,val192,val,1,ALL,FZZanMTJW_Te,4,1.1644024550914764,0.7648939341306686,1.2600180357694626
I5,4000,val192,val,1,ALL,FZZhongYSJW_Te,4,1.2214967459440231,0.7042137980461121,1.2393815964460373
I5,4000,val192,val,1,latin,FZBangSKKXJW,4,0.9257851392030716,0.7269773036241531,0.6687732189893723
I5,4000,val192,val,1,latin,FZCaoQBLSJW,4,1.4452711939811707,0.8703265637159348,0.4800069071352482
I5,4000,val192,val,1,latin,FZFWZhuZiHeiB,4,1.4483895599842072,0.815480425953865,0.9735502600669861
I5,4000,val192,val,1,latin,FZHengFSJW-T,4,1.1567478328943253,0.7621562778949738,1.1548720002174377
I5,4000,val192,val,1,latin,FZJunYTJW-H,4,0.9691082537174225,0.7722374200820923,0.8522694334387779
I5,4000,val192,val,1,latin,FZKANGJW,4,0.8376654237508774,0.7679493874311447,0.7405200712382793
I5,4000,val192,val,1,latin,FZKuaiHTJW_Te,4,0.3255726508796215,0.6665060818195343,1.2690457701683044
I5,4000,val192,val,1,latin,FZLTHProGBK_H,4,1.2175332456827164,0.8015985786914825,0.8365507647395134
I5,4000,val192,val,1,latin,FZMiFXSJW,4,0.9775644093751907,0.8099780529737473,0.7553686648607254
I5,4000,val192,val,1,latin,FZQingYSJW-T,4,1.2737880647182465,0.7890729755163193,1.159021943807602
I5,4000,val192,val,1,latin,FZSongKBXKJW-EB,4,0.7511926293373108,0.6667007952928543,0.929351307451725
I5,4000,val192,val,1,latin,FZSuHJW,4,1.3056619316339493,0.8118342012166977,0.7965584173798561
I5,4000,val192,val,1,latin,FZYouHK_511M,4,1.2078040838241577,0.7658053189516068,1.3466510772705078
I5,4000,val192,val,1,latin,FZZHJW,4,1.3314692974090576,0.8255463391542435,1.5186811685562134
I5,4000,val192,val,1,latin,FZZanMTJW_Te,4,1.1644024550914764,0.7648939341306686,1.2600180357694626
I5,4000,val192,val,1,latin,FZZhongYSJW_Te,4,1.2214967459440231,0.7042137980461121,1.2393815964460373
I5,4000,val192,val,4,ALL,FZBangSKKXJW,4,0.6397893130779266,0.6337871998548508,0.6687732189893723
I5,4000,val192,val,4,ALL,FZCaoQBLSJW,4,1.402445137500763,0.873156413435936,0.4800069071352482
I5,4000,val192,val,4,ALL,FZFWZhuZiHeiB,4,1.4427939057350159,0.8131924420595169,0.9735502600669861
I5,4000,val192,val,4,ALL,FZHengFSJW-T,4,1.131760448217392,0.7405710965394974,1.1548720002174377
I5,4000,val192,val,4,ALL,FZJunYTJW-H,4,0.8224217593669891,0.7565046399831772,0.8522694334387779
I5,4000,val192,val,4,ALL,FZKANGJW,4,0.8388603031635284,0.7194986045360565,0.7405200712382793
I5,4000,val192,val,4,ALL,FZKuaiHTJW_Te,4,0.9940755516290665,0.8325175791978836,1.2690457701683044
I5,4000,val192,val,4,ALL,FZLTHProGBK_H,4,1.181216686964035,0.7867463827133179,0.8365507647395134
I5,4000,val192,val,4,ALL,FZMiFXSJW,4,0.9371527805924416,0.8134067058563232,0.7553686648607254
I5,4000,val192,val,4,ALL,FZQingYSJW-T,4,1.270670235157013,0.8014148622751236,1.159021943807602
I5,4000,val192,val,4,ALL,FZSongKBXKJW-EB,4,0.8904369473457336,0.7030312120914459,0.929351307451725
I5,4000,val192,val,4,ALL,FZSuHJW,4,1.2745184004306793,0.8326796740293503,0.7965584173798561
I5,4000,val192,val,4,ALL,FZYouHK_511M,4,1.1691424399614334,0.7627827674150467,1.3466510772705078
I5,4000,val192,val,4,ALL,FZZHJW,4,1.2685019075870514,0.8165785223245621,1.5186811685562134
I5,4000,val192,val,4,ALL,FZZanMTJW_Te,4,1.2765009701251984,0.8173519968986511,1.2600180357694626
I5,4000,val192,val,4,ALL,FZZhongYSJW_Te,4,1.0523839816451073,0.725051760673523,1.2393815964460373
I5,4000,val192,val,4,latin,FZBangSKKXJW,4,0.6397893130779266,0.6337871998548508,0.6687732189893723
I5,4000,val192,val,4,latin,FZCaoQBLSJW,4,1.402445137500763,0.873156413435936,0.4800069071352482
I5,4000,val192,val,4,latin,FZFWZhuZiHeiB,4,1.4427939057350159,0.8131924420595169,0.9735502600669861
I5,4000,val192,val,4,latin,FZHengFSJW-T,4,1.131760448217392,0.7405710965394974,1.1548720002174377
I5,4000,val192,val,4,latin,FZJunYTJW-H,4,0.8224217593669891,0.7565046399831772,0.8522694334387779
I5,4000,val192,val,4,latin,FZKANGJW,4,0.8388603031635284,0.7194986045360565,0.7405200712382793
I5,4000,val192,val,4,latin,FZKuaiHTJW_Te,4,0.9940755516290665,0.8325175791978836,1.2690457701683044
I5,4000,val192,val,4,latin,FZLTHProGBK_H,4,1.181216686964035,0.7867463827133179,0.8365507647395134
I5,4000,val192,val,4,latin,FZMiFXSJW,4,0.9371527805924416,0.8134067058563232,0.7553686648607254
I5,4000,val192,val,4,latin,FZQingYSJW-T,4,1.270670235157013,0.8014148622751236,1.159021943807602
I5,4000,val192,val,4,latin,FZSongKBXKJW-EB,4,0.8904369473457336,0.7030312120914459,0.929351307451725
I5,4000,val192,val,4,latin,FZSuHJW,4,1.2745184004306793,0.8326796740293503,0.7965584173798561
I5,4000,val192,val,4,latin,FZYouHK_511M,4,1.1691424399614334,0.7627827674150467,1.3466510772705078
I5,4000,val192,val,4,latin,FZZHJW,4,1.2685019075870514,0.8165785223245621,1.5186811685562134
I5,4000,val192,val,4,latin,FZZanMTJW_Te,4,1.2765009701251984,0.8173519968986511,1.2600180357694626
I5,4000,val192,val,4,latin,FZZhongYSJW_Te,4,1.0523839816451073,0.725051760673523,1.2393815964460373
I5,4000,val192,val,8,ALL,FZBangSKKXJW,4,0.8714508712291718,0.6902503371238708,0.6687732189893723
I5,4000,val192,val,8,ALL,FZCaoQBLSJW,4,1.3874248266220093,0.8615994602441788,0.4800069071352482
I5,4000,val192,val,8,ALL,FZFWZhuZiHeiB,4,1.5400200486183167,0.8342254161834717,0.9735502600669861
I5,4000,val192,val,8,ALL,FZHengFSJW-T,4,1.1397404372692108,0.7504972070455551,1.1548720002174377
I5,4000,val192,val,8,ALL,FZJunYTJW-H,4,0.6651451662182808,0.7089841067790985,0.8522694334387779
I5,4000,val192,val,8,ALL,FZKANGJW,4,1.0504930466413498,0.8063515573740005,0.7405200712382793
I5,4000,val192,val,8,ALL,FZKuaiHTJW_Te,4,0.9629335924983025,0.7954006791114807,1.2690457701683044
I5,4000,val192,val,8,ALL,FZLTHProGBK_H,4,1.285739690065384,0.8123909533023834,0.8365507647395134
I5,4000,val192,val,8,ALL,FZMiFXSJW,4,1.0229840576648712,0.8299211710691452,0.7553686648607254
I5,4000,val192,val,8,ALL,FZQingYSJW-T,4,1.2553352415561676,0.8029725700616837,1.159021943807602
I5,4000,val192,val,8,ALL,FZSongKBXKJW-EB,4,0.7635604962706566,0.6612064391374588,0.929351307451725
I5,4000,val192,val,8,ALL,FZSuHJW,4,1.288541316986084,0.8416803479194641,0.7965584173798561
I5,4000,val192,val,8,ALL,FZYouHK_511M,4,1.1736403554677963,0.7716064602136612,1.3466510772705078
I5,4000,val192,val,8,ALL,FZZHJW,4,1.2882111370563507,0.8156343698501587,1.5186811685562134
I5,4000,val192,val,8,ALL,FZZanMTJW_Te,4,1.274002343416214,0.8235340565443039,1.2600180357694626
I5,4000,val192,val,8,ALL,FZZhongYSJW_Te,4,1.236569494009018,0.7530934065580368,1.2393815964460373
I5,4000,val192,val,8,latin,FZBangSKKXJW,4,0.8714508712291718,0.6902503371238708,0.6687732189893723
I5,4000,val192,val,8,latin,FZCaoQBLSJW,4,1.3874248266220093,0.8615994602441788,0.4800069071352482
I5,4000,val192,val,8,latin,FZFWZhuZiHeiB,4,1.5400200486183167,0.8342254161834717,0.9735502600669861
I5,4000,val192,val,8,latin,FZHengFSJW-T,4,1.1397404372692108,0.7504972070455551,1.1548720002174377
I5,4000,val192,val,8,latin,FZJunYTJW-H,4,0.6651451662182808,0.7089841067790985,0.8522694334387779
I5,4000,val192,val,8,latin,FZKANGJW,4,1.0504930466413498,0.8063515573740005,0.7405200712382793
I5,4000,val192,val,8,latin,FZKuaiHTJW_Te,4,0.9629335924983025,0.7954006791114807,1.2690457701683044
I5,4000,val192,val,8,latin,FZLTHProGBK_H,4,1.285739690065384,0.8123909533023834,0.8365507647395134
I5,4000,val192,val,8,latin,FZMiFXSJW,4,1.0229840576648712,0.8299211710691452,0.7553686648607254
I5,4000,val192,val,8,latin,FZQingYSJW-T,4,1.2553352415561676,0.8029725700616837,1.159021943807602
I5,4000,val192,val,8,latin,FZSongKBXKJW-EB,4,0.7635604962706566,0.6612064391374588,0.929351307451725
I5,4000,val192,val,8,latin,FZSuHJW,4,1.288541316986084,0.8416803479194641,0.7965584173798561
I5,4000,val192,val,8,latin,FZYouHK_511M,4,1.1736403554677963,0.7716064602136612,1.3466510772705078
I5,4000,val192,val,8,latin,FZZHJW,4,1.2882111370563507,0.8156343698501587,1.5186811685562134
I5,4000,val192,val,8,latin,FZZanMTJW_Te,4,1.274002343416214,0.8235340565443039,1.2600180357694626
I5,4000,val192,val,8,latin,FZZhongYSJW_Te,4,1.236569494009018,0.7530934065580368,1.2393815964460373
I5,4000,val192,val,ALL,ALL,FZBangSKKXJW,12,0.81234177450339,0.6836716135342916,0.6687732189893723
I5,4000,val192,val,ALL,ALL,FZCaoQBLSJW,12,1.411713719367981,0.8683608124653498,0.4800069071352482
I5,4000,val192,val,ALL,ALL,FZFWZhuZiHeiB,12,1.4770678381125133,0.8209660947322845,0.9735502600669861
I5,4000,val192,val,ALL,ALL,FZHengFSJW-T,12,1.1427495727936428,0.751074860493342,1.1548720002174377
I5,4000,val192,val,ALL,ALL,FZJunYTJW-H,12,0.8188917264342308,0.745908722281456,0.8522694334387779
I5,4000,val192,val,ALL,ALL,FZKANGJW,12,0.9090062578519186,0.7645998497804006,0.7405200712382793
I5,4000,val192,val,ALL,ALL,FZKuaiHTJW_Te,12,0.7608605983356634,0.7648081133762995,1.2690457701683044
I5,4000,val192,val,ALL,ALL,FZLTHProGBK_H,12,1.2281632075707118,0.8002453049023946,0.8365507647395134
I5,4000,val192,val,ALL,ALL,FZMiFXSJW,12,0.9792337492108345,0.8177686432997385,0.7553686648607254
I5,4000,val192,val,ALL,ALL,FZQingYSJW-T,12,1.266597847143809,0.7978201359510422,1.159021943807602
I5,4000,val192,val,ALL,ALL,FZSongKBXKJW-EB,12,0.8017300243179003,0.6769794821739197,0.929351307451725
I5,4000,val192,val,ALL,ALL,FZSuHJW,12,1.2895738830169041,0.8287314077218374,0.7965584173798561
I5,4000,val192,val,ALL,ALL,FZYouHK_511M,12,1.1835289597511292,0.7667315155267715,1.3466510772705078
I5,4000,val192,val,ALL,ALL,FZZHJW,12,1.2960607806841533,0.8192530771096548,1.5186811685562134
I5,4000,val192,val,ALL,ALL,FZZanMTJW_Te,12,1.2383019228776295,0.8019266625245413,1.2600180357694626
I5,4000,val192,val,ALL,ALL,FZZhongYSJW_Te,12,1.1701500738660495,0.7274529884258906,1.2393815964460373
I5,4000,val192,val,ALL,latin,FZBangSKKXJW,12,0.81234177450339,0.6836716135342916,0.6687732189893723
I5,4000,val192,val,ALL,latin,FZCaoQBLSJW,12,1.411713719367981,0.8683608124653498,0.4800069071352482
I5,4000,val192,val,ALL,latin,FZFWZhuZiHeiB,12,1.4770678381125133,0.8209660947322845,0.9735502600669861
I5,4000,val192,val,ALL,latin,FZHengFSJW-T,12,1.1427495727936428,0.751074860493342,1.1548720002174377
I5,4000,val192,val,ALL,latin,FZJunYTJW-H,12,0.8188917264342308,0.745908722281456,0.8522694334387779
I5,4000,val192,val,ALL,latin,FZKANGJW,12,0.9090062578519186,0.7645998497804006,0.7405200712382793
I5,4000,val192,val,ALL,latin,FZKuaiHTJW_Te,12,0.7608605983356634,0.7648081133762995,1.2690457701683044
I5,4000,val192,val,ALL,latin,FZLTHProGBK_H,12,1.2281632075707118,0.8002453049023946,0.8365507647395134
I5,4000,val192,val,ALL,latin,FZMiFXSJW,12,0.9792337492108345,0.8177686432997385,0.7553686648607254
I5,4000,val192,val,ALL,latin,FZQingYSJW-T,12,1.266597847143809,0.7978201359510422,1.159021943807602
I5,4000,val192,val,ALL,latin,FZSongKBXKJW-EB,12,0.8017300243179003,0.6769794821739197,0.929351307451725
I5,4000,val192,val,ALL,latin,FZSuHJW,12,1.2895738830169041,0.8287314077218374,0.7965584173798561
I5,4000,val192,val,ALL,latin,FZYouHK_511M,12,1.1835289597511292,0.7667315155267715,1.3466510772705078
I5,4000,val192,val,ALL,latin,FZZHJW,12,1.2960607806841533,0.8192530771096548,1.5186811685562134
I5,4000,val192,val,ALL,latin,FZZanMTJW_Te,12,1.2383019228776295,0.8019266625245413,1.2600180357694626
I5,4000,val192,val,ALL,latin,FZZhongYSJW_Te,12,1.1701500738660495,0.7274529884258906,1.2393815964460373
