model,split,shot,script,difficulty,n,fonts,l1,l1_font_macro,ssim,ssim_font_macro,D_region,D_region_font_macro,D_change,D_change_font_macro,D_add,D_add_font_macro,D_remove,D_remove_font_macro,D_high,D_high_font_macro,D_out,D_out_font_macro
K5-A,train,all,all,all,2304,5,0.06800820492162914,0.0695475704170557,0.7626721977212289,0.7593875422461049,0.4730866711082247,0.47014422691576846,0.43480653488465276,0.4336168053154168,0.4483200924943149,0.4395980553381378,0.42129297872128924,0.42763555658405367,0.16462287114215238,0.16153373421207234,0.9490489247578403,0.9441444668255281
K5-A,train,1,all,all,576,5,0.06882435695451501,0.07025374844762124,0.7597421055549023,0.7568492613489518,0.4780050882190052,0.4745083833159879,0.4393550755921751,0.4376408100700272,0.4547038063303464,0.44482760397650833,0.42400634882505983,0.4304540200987166,0.16404432183804196,0.16098837593104692,0.9583712459748818,0.9523962890729308
K5-A,train,all,western,all,1600,5,0.0641200379348788,0.0641200379348788,0.7795215520561363,0.7795215520561362,0.4637475309148431,0.46374753091484305,0.4341876557469368,0.43418765574693674,0.4326829218911007,0.4326829218911007,0.43569239089963957,0.43569239089963957,0.16564262330532073,0.16564262330532073,0.9393458440247923,0.9393458440247923
K5-A,train,all,all,easy,960,3,0.08050016027823165,0.0812342943543158,0.7335836696802799,0.7281886868758612,0.4284729772557815,0.41933242901568374,0.42082624933682383,0.4104592796230304,0.3770717673469335,0.37166157382954323,0.4645807322890808,0.4492569865828882,0.14317822246812284,0.14213961314572585,0.8850937834009528,0.8653266127117806
K5-A,train,1,western,all,400,5,0.06506201384633714,0.06506201384633714,0.7758916486216387,0.7758916486216387,0.4703590213879943,0.47035902138799435,0.4417234206572175,0.4417234206572175,0.44058438010513784,0.4405843801051378,0.4428624644875526,0.4428624644875526,0.16552311316132545,0.16552311316132545,0.9534632226079702,0.9534632226079702
K5-A,train,1,western,easy,160,2,0.07454846483949482,0.07454846483949482,0.7545541560542033,0.7545541560542033,0.43311128318309783,0.43311128318309783,0.4228794635273516,0.4228794635273516,0.3597808592952788,0.3597808592952788,0.48597807437181473,0.48597807437181473,0.1410530223045498,0.1410530223045498,0.891254004277289,0.891254004277289
K5-A,train,all,kana,all,512,4,0.08146069927672675,0.08146069927672675,0.7100006610597904,0.7100006610597904,0.49368007635348476,0.49368007635348476,0.44792402905295603,0.44792402905295603,0.48258279959554784,0.48258279959554784,0.4132652608095668,0.4132652608095668,0.16375778312794864,0.16375778312794864,0.9825435507809743,0.9825435507809743
K5-A,train,1,kana,all,128,4,0.08242542873540475,0.08242542873540475,0.7068918018742767,0.7068918018742767,0.4986273101530969,0.4986273101530969,0.4492644713027403,0.4492644713027403,0.49157161149196327,0.49157161149196327,0.40695733460597694,0.40695733460597694,0.1628889413550496,0.1628889413550496,0.9886140176095068,0.9886140176095068
K5-A,train,1,kana,easy,64,2,0.0954344240408837,0.0954344240408837,0.6856920896651177,0.6856920896651177,0.42625174997374415,0.42625174997374415,0.42412862996570766,0.42412862996570766,0.42162615479901433,0.42162615479901433,0.4266311079263687,0.4266311079263687,0.14627980533987284,0.14627980533987284,0.8869503308087587,0.8869503308087587
K5-A,train,all,all,medium,320,1,0.05802736635561342,0.05802736635561342,0.7935925902401932,0.7935925902401932,0.36309496462345126,0.36309496462345126,0.3579184908885509,0.3579184908885509,0.3267725264886394,0.3267725264886394,0.38906445727916433,0.38906445727916433,0.1603581719333306,0.1603581719333306,0.7611030000727623,0.7611030000727623
K5-A,train,1,western,medium,80,1,0.06328820189099946,0.06328820189099946,0.7792565359456901,0.7792565359456901,0.3877438185736537,0.3877438185736537,0.38094678297638895,0.38094678297638895,0.3503525836393237,0.3503525836393237,0.4115409854799509,0.4115409854799509,0.15993765890598297,0.15993765890598297,0.8086750194430351,0.8086750194430351
K5-A,train,all,bopomofo,all,192,3,0.06453627819762163,0.06453627819762163,0.76271834269417,0.76271834269417,0.4959970920657118,0.4959970920657118,0.40498387658347684,0.40498387658347684,0.4872626285844793,0.4872626285844793,0.32270512499962933,0.32270512499962933,0.15843183782029277,0.15843183782029277,0.9405889281382164,0.9405889281382164
K5-A,train,1,bopomofo,all,48,3,0.06390769144029139,0.06390769144029139,0.7660967231470992,0.7660967231470991,0.4867297199865182,0.4867297199865182,0.39319381148864824,0.39319381148864824,0.47405154444277287,0.47405154444277287,0.3123360895551741,0.3123360895551741,0.15480207543199262,0.15480207543199262,0.9186240496734778,0.9186240496734778
K5-A,train,1,bopomofo,easy,16,1,0.07579640905841503,0.07579640905841503,0.7379256483628768,0.7379256483628768,0.3721960112452507,0.3721960112452507,0.3254393832758069,0.3254393832758069,0.3501957878470421,0.3501957878470421,0.30068298522382975,0.30068298522382975,0.13520090421661735,0.13520090421661735,0.7314356304705143,0.7314356304705143
K5-A,train,all,all,hard,1024,2,0.05941600882669419,0.05941600882669419,0.7802800700974422,0.7802800700974422,0.549284417371382,0.549284417371382,0.4719405663345242,0.4719405663345242,0.5530990116967587,0.5530990116967587,0.3907821227021486,0.3907821227021486,0.1860599477768119,0.1860599477768119,1.0677399712440092,1.0677399712440092
K5-A,train,1,western,hard,160,2,0.0564624688308483,0.0564624688308483,0.7955466975270485,0.7955466975270485,0.5489143610000611,0.5489143610000611,0.49095569662749766,0.49095569662749766,0.5665037991479039,0.5665037991479038,0.41540759410709144,0.4154075941070914,0.19278593114577233,0.19278593114577233,1.0880665425211191,1.0880665425211191
K5-A,train,1,kana,hard,64,2,0.06941643342992578,0.06941643342992579,0.7280915140834355,0.7280915140834355,0.5710028703324497,0.5710028703324497,0.4744003126397729,0.4744003126397729,0.5615170681849122,0.5615170681849122,0.38728356128558517,0.38728356128558517,0.17949807737022638,0.17949807737022638,1.090277704410255,1.090277704410255
K5-A,train,1,bopomofo,hard,32,2,0.05796333263122957,0.05796333263122956,0.7801822605392104,0.7801822605392104,0.543996574357152,0.543996574357152,0.42707102559506893,0.42707102559506893,0.5359794227406383,0.5359794227406383,0.3181626417208463,0.3181626417208463,0.16460266103968024,0.16460266103968024,1.0122182592749596,1.0122182592749596
K5-A,train,2,all,all,576,5,0.06834930811457009,0.06982536785601827,0.761842132757536,0.7587760325971008,0.4752682458040201,0.4718835050266768,0.4358524114876572,0.4340780899467479,0.4509542143593232,0.44195802929012906,0.4207506086677313,0.42619815089008106,0.16501872207219195,0.1618079583398399,0.952375338309341,0.9464135850433791
K5-A,train,2,western,all,400,5,0.0644185474537037,0.0644185474537037,0.7786282321890807,0.7786282321890807,0.4660922237858176,0.4660922237858176,0.43557816550135614,0.4355781655013561,0.43485427148640154,0.43485427148640154,0.4363020590692759,0.4363020590692758,0.1662009862996638,0.1662009862996638,0.943220636099577,0.943220636099577
K5-A,train,2,western,easy,160,2,0.07517030537258305,0.07517030537258307,0.7532655849910134,0.7532655849910133,0.43343891827389597,0.433438918273896,0.42131342049688103,0.42131342049688103,0.36402605641633273,0.3640260564163327,0.47860078448429705,0.478600784484297,0.1405568256508559,0.14055682565085592,0.8898915454745293,0.8898915454745293
K5-A,train,2,kana,all,128,4,0.08217316671134599,0.08217316671134599,0.7085669255056772,0.7085669255056772,0.4963627812685445,0.4963627812685445,0.4490053644403815,0.4490053644403815,0.48756562802009284,0.48756562802009284,0.41044510377105325,0.41044510377105325,0.16370756895048544,0.16370756895048544,0.9862950395327061,0.9862950395327061
K5-A,train,2,kana,easy,64,2,0.0948553347120098,0.0948553347120098,0.6874056629754718,0.6874056629754719,0.4220761295873672,0.4220761295873672,0.42412069719284773,0.42412069719284773,0.4157328247092664,0.4157328247092664,0.43250857363455,0.43250857363455,0.14679046056699008,0.14679046056699008,0.8828944419510663,0.8828944419510663
K5-A,train,2,western,medium,80,1,0.05942141331358932,0.05942141331358932,0.7900021492389979,0.7900021492389979,0.37062018290162085,0.37062018290162085,0.36660848893225195,0.36660848893225195,0.3343658881261945,0.3343658881261945,0.3988510902971029,0.3988510902971029,0.16257259901612997,0.16257259901612997,0.777871822565794,0.777871822565794
K5-A,train,2,bopomofo,all,48,3,0.0642420240303876,0.0642420240303876,0.7640251901662872,0.7640251901662872,0.4954830013836424,0.4954830013836424,0.4030632534995675,0.4030632534995675,0.4874899685382843,0.4874899685382843,0.31863653504600126,0.31863653504600126,0.15866292850114405,0.15866292850114405,0.9382119867950678,0.9382119867950678
K5-A,train,2,bopomofo,easy,16,1,0.07343787232775054,0.07343787232775054,0.7415422308844367,0.7415422308844367,0.364872919395566,0.364872919395566,0.3248039996251464,0.3248039996251464,0.34715498983860016,0.34715498983860016,0.3024530056864023,0.3024530056864023,0.13754460215568542,0.13754460215568542,0.7240630742162466,0.7240630742162466
K5-A,train,2,western,hard,160,2,0.05616535660488153,0.056165356604881526,0.7983039208621896,0.7983039208621896,0.5464815497398376,0.5464815497398376,0.4843277487903833,0.4843277487903833,0.5559266782365739,0.5559266782365739,0.4127288180403411,0.4127288180403411,0.19365934059023857,0.19365934059023857,1.079224133491516,1.079224133491516
K5-A,train,2,kana,hard,64,2,0.06949099871068218,0.06949099871068218,0.7297281880358826,0.7297281880358826,0.5706494329497218,0.5706494329497218,0.4738900316879153,0.4738900316879153,0.5593984313309193,0.5593984313309193,0.38838163390755653,0.38838163390755653,0.1806246773339808,0.1806246773339808,1.089695637114346,1.089695637114346
K5-A,train,2,bopomofo,hard,32,2,0.05964409988170615,0.05964409988170615,0.7752666698072124,0.7752666698072124,0.5607880423776805,0.5607880423776805,0.44219288043677807,0.44219288043677807,0.5576574578881264,0.5576574578881264,0.32672829972580075,0.32672829972580075,0.16922209167387336,0.16922209167387336,1.0452864430844784,1.0452864430844784
K5-A,train,4,all,all,576,5,0.06773891222733788,0.0693573865038637,0.7634372703374858,0.759931841322406,0.4710805624878655,0.4685160530391815,0.43318945719187874,0.4325146112853794,0.44582359919634956,0.4375030111468264,0.4205553151550703,0.42752621139416336,0.1649542022237761,0.16184282679343595,0.9455085705655316,0.9414913710938502
K5-A,train,4,western,all,400,5,0.06367187712758714,0.06367187712758714,0.7811048274046014,0.7811048274046014,0.4601360195502639,0.46013601955026384,0.4304190522804856,0.43041905228048566,0.42931944224983454,0.42931944224983454,0.43151866341009737,0.4315186634100973,0.16547208804637192,0.16547208804637195,0.9319230949133634,0.9319230949133634
K5-A,train,4,western,easy,160,2,0.07660208109936682,0.07660208109936682,0.7487452373416021,0.7487452373416021,0.4409139001742005,0.4409139001742005,0.4323533045127988,0.43235330451279874,0.369902610220015,0.369902610220015,0.49480400159955024,0.4948040015995503,0.14231779775582254,0.14231779775582254,0.9088466539978981,0.9088466539978981
K5-A,train,4,kana,all,128,4,0.08116855662892326,0.08116855662892326,0.7102392787622842,0.7102392787622842,0.49220472329761833,0.49220472329761833,0.44824676867574453,0.44824676867574453,0.47770047385711223,0.47770047385711223,0.41879306291230023,0.41879306291230023,0.1649299409473315,0.1649299409473315,0.9816839736886322,0.9816839736886322
K5-A,train,4,kana,easy,64,2,0.0924425245629936,0.0924425245629936,0.6910873614546297,0.6910873614546297,0.41347961057908833,0.41347961057908833,0.4221198889426887,0.4221198889426887,0.3978563549462706,0.3978563549462706,0.4463834138587117,0.4463834138587117,0.14764727395959198,0.14764727395959198,0.8725113179534674,0.8725113179534674
K5-A,train,4,western,medium,80,1,0.054677553530092585,0.054677553530092585,0.8031816596503545,0.8031816596503545,0.34519610572606324,0.34519610572606324,0.33664610590785743,0.33664610590785743,0.3119290068745613,0.3119290068745613,0.36136320885270834,0.36136320885270834,0.15857627661898732,0.15857627661898732,0.7214862827211619,0.7214862827211619
K5-A,train,4,bopomofo,all,48,3,0.06581848632103303,0.06581848632103304,0.7580689389787253,0.7580689389787253,0.5059539914752046,0.5059539914752046,0.416123334163179,0.416123334163179,0.4983532413219412,0.4983532413219412,0.3338934190105647,0.3338934190105647,0.16070318377266327,0.16070318377266327,0.9622531260053316,0.9622531260053316
K5-A,train,4,bopomofo,easy,16,1,0.07446653411798747,0.07446653411798747,0.7347459510733096,0.7347459510733096,0.37408888526260853,0.37408888526260853,0.3440596777945757,0.3440596777945757,0.35319978557527065,0.35319978557527065,0.33491956163197756,0.33491956163197756,0.14194613695144653,0.14194613695144653,0.7536350935697556,0.7536350935697556
K5-A,train,4,western,hard,160,2,0.05523883495455473,0.055238834954554734,0.8024260013447242,0.8024260013447241,0.5368280958384275,0.5368280958384275,0.4753712732344866,0.4753712732344866,0.5474314919672907,0.5474314919672907,0.40331105249933896,0.40331105249933896,0.19207428405061364,0.19207428405061364,1.0602179419249296,1.0602179419249298
K5-A,train,4,kana,hard,64,2,0.06989458869485293,0.06989458869485293,0.7293911960699387,0.7293911960699387,0.5709298360161483,0.5709298360161483,0.47437364840880036,0.47437364840880036,0.5575445927679539,0.5575445927679539,0.39120271196588874,0.39120271196588874,0.182212607935071,0.182212607935071,1.0908566294237971,1.0908566294237971
K5-A,train,4,bopomofo,hard,32,2,0.06149446242255582,0.06149446242255582,0.7697304329314331,0.7697304329314331,0.5718865445815027,0.5718865445815027,0.45215516234748065,0.45215516234748065,0.5709299691952765,0.5709299691952765,0.33338034769985825,0.33338034769985825,0.17008170718327165,0.17008170718327165,1.0665621422231197,1.0665621422231197
K5-A,train,8,all,all,576,5,0.06712024239009357,0.06875377886071962,0.7656672822349914,0.7619930337159615,0.46799278792200816,0.4656689662812278,0.43082919526689994,0.4302337099595128,0.44179875009124064,0.43410357693908735,0.4198596422372955,0.4263638439532536,0.16447423843459952,0.1614957757839667,0.9399405441816069,0.9362766220919522
K5-A,train,8,western,all,400,5,0.06332771331188725,0.06332771331188725,0.7824615000092237,0.7824615000092237,0.45840285893529653,0.45840285893529653,0.42902998454868796,0.42902998454868796,0.4259735937230289,0.4259735937230289,0.43208637663163246,0.4320863766316324,0.16537430571392178,0.16537430571392178,0.9287764224782586,0.9287764224782586
K5-A,train,8,western,easy,160,2,0.07725498174530229,0.07725498174530228,0.746960955631589,0.746960955631589,0.4452533026225865,0.4452533026225865,0.43719195760786533,0.43719195760786533,0.37620113594457505,0.37620113594457505,0.49818277517333626,0.4981827751733363,0.1439887996762991,0.1439887996762991,0.918442464619875,0.918442464619875
K5-A,train,8,kana,all,128,4,0.08007564503123298,0.08007564503123298,0.7143046380969237,0.7143046380969237,0.4875254906946793,0.4875254906946793,0.4451795117929578,0.4451795117929578,0.473493485013023,0.473493485013023,0.4168655419489369,0.4168655419489369,0.16350468125892803,0.16350468125892803,0.9735811722930521,0.9735811722930521
K5-A,train,8,kana,easy,64,2,0.09158288627408429,0.09158288627408429,0.6928783131616988,0.6928783131616988,0.4120090617798269,0.4120090617798269,0.42405351949855685,0.42405351949855685,0.39535003947094083,0.39535003947094083,0.4527570039499551,0.4527570039499551,0.14795106241945177,0.14795106241945177,0.8730503465048969,0.8730503465048969
K5-A,train,8,western,medium,80,1,0.05472229668777232,0.05472229668777232,0.8019300161257303,0.8019300161257303,0.3488197512924671,0.3488197512924671,0.34747258573770523,0.34747258573770523,0.31044262731447814,0.31044262731447814,0.3845025444868952,0.3845025444868952,0.16034615319222212,0.16034615319222212,0.7363788755610585,0.7363788755610585
K5-A,train,8,bopomofo,all,48,3,0.0641769109987745,0.0641769109987745,0.762682518484569,0.762682518484569,0.4958216554174821,0.4958216554174821,0.4075551071825127,0.4075551071825127,0.4891557600349188,0.4891557600349188,0.3259544563867773,0.3259544563867773,0.15955916357537112,0.15955916357537112,0.9432665500789881,0.9432665500789881
K5-A,train,8,bopomofo,easy,16,1,0.07328979226239106,0.07328979226239106,0.7372933012844167,0.7372933012844167,0.3747805692255497,0.3747805692255497,0.34019949566572905,0.34019949566572905,0.3523873630911112,0.3523873630911112,0.32801163103431463,0.32801163103431463,0.14216284174472094,0.14216284174472094,0.7505207732319832,0.7505207732319832
K5-A,train,8,western,hard,160,2,0.05370315319052967,0.05370315319052968,0.8082277863286051,0.8082277863286051,0.5263439690694213,0.5263439690694214,0.46164671089500187,0.46164671089500187,0.5335115347057581,0.5335115347057581,0.38978189416229725,0.38978189416229725,0.1892738880123943,0.1892738880123943,1.0353091537952424,1.0353091537952424
K5-A,train,8,kana,hard,64,2,0.06856840378838167,0.06856840378838167,0.7357309630321486,0.7357309630321485,0.5630419196095318,0.5630419196095318,0.4663055040873587,0.4663055040873587,0.5516369305551052,0.5516369305551052,0.38097407994791865,0.38097407994791865,0.1790583000984043,0.1790583000984043,1.0741119980812073,1.0741119980812073
K5-A,train,8,bopomofo,hard,32,2,0.05962047036696622,0.05962047036696623,0.7753771270846452,0.7753771270846452,0.5563421985134482,0.5563421985134482,0.4412329129409045,0.4412329129409045,0.5575399585068226,0.5575399585068226,0.3249258690630086,0.3249258690630086,0.1682573244906962,0.1682573244906962,1.0396394385024905,1.0396394385024905
K5-A,val,all,all,all,29324,32,0.08362411076434487,0.08001774548989085,0.7364004107069576,0.7432479212771593,0.536827726554125,0.5394147090029885,0.4814618976514615,0.48045289561826465,0.5473376587836793,0.5433069270328051,0.41052366107050037,0.4126090391074599,0.15300514317113692,0.1556776856600063,1.0565409099645309,1.0587870258581584
K5-A,val,1,all,all,7331,32,0.0848887032609009,0.08107362034001031,0.7338313631154559,0.7409604743616248,0.540776613098674,0.542717845906391,0.4843325451892487,0.48262710637575135,0.5514833898768957,0.5465343801769926,0.4117212120593552,0.41342229441122963,0.15318201281777705,0.15573878825205514,1.0634046618828847,1.0642796493184215
K5-A,val,all,western,all,11176,32,0.0645873107562253,0.06436863403468757,0.7878819256370776,0.7886425451942517,0.5005083090793034,0.502774062279134,0.4588667889596973,0.4586023294698378,0.5105072512376704,0.5123699514083444,0.40199126563755444,0.3996390894066572,0.1588827297379814,0.1583139689313425,0.9990957801656247,1.0009548836571662
K5-A,val,all,all,hard,13632,18,0.07877840679691973,0.07221979191273904,0.7500513585266457,0.7633550946872029,0.6035621917026092,0.5961960165149502,0.4938598671280932,0.4836610057486057,0.6133371576901302,0.5940006095437969,0.37281385206450307,0.3709487769378694,0.15932975300372373,0.1595004093053564,1.137254496748852,1.1197321239300138
K5-A,val,1,western,all,2794,32,0.06574144024022259,0.06551963439623838,0.785100943752343,0.7858821468408594,0.5053358576970499,0.5075848430112675,0.4632564577392023,0.4630490264389664,0.515852596562785,0.5176699403034581,0.40477505192989266,0.40259433023990504,0.159394078055342,0.1588275554964954,1.0084408345920919,1.0103407579156172
K5-A,val,1,western,hard,1459,17,0.06556256559793021,0.06515143287289174,0.784306482373769,0.7858053371725385,0.5666198902919817,0.5686660055694208,0.48378126432505103,0.4826582610873063,0.569135389405011,0.5706545725907062,0.3947573627298666,0.3910100129900891,0.1696753963991499,0.16824205374339266,1.0928200014022378,1.0933847777523054
K5-A,val,all,kana,all,16224,24,0.09747012627926317,0.09747012627926317,0.6985635261308912,0.6985635261308913,0.5631682115755755,0.5631682115755755,0.5027762162669046,0.5027762162669046,0.5742694655270499,0.5742694655270499,0.426107252910243,0.426107252910243,0.15011219644029963,0.15011219644029963,1.1034724771052495,1.1034724771052495
K5-A,val,1,kana,all,4056,24,0.09879788462193102,0.09879788462193102,0.6961435065338875,0.6961435065338875,0.566644234577271,0.566644234577271,0.5047729997923212,0.5047729997923213,0.5775541192567237,0.5775541192567236,0.42658714727339925,0.42658714727339925,0.15003494644735957,0.15003494644735957,1.1089259716599473,1.1089259716599476
K5-A,val,1,kana,hard,1690,10,0.09102103561777275,0.09102103561777274,0.7166878523710211,0.7166878523710211,0.6397827521231048,0.6397827521231048,0.5087561768716609,0.5087561768716609,0.6526808381345145,0.6526808381345145,0.36483151448088746,0.36483151448088746,0.15238809550302268,0.15238809550302268,1.1866359530292319,1.1866359530292319
K5-A,val,all,bopomofo,all,1924,13,0.07744818622001526,0.07744818622001524,0.7564150700120927,0.7564150700120927,0.5256831219338516,0.5256831219338516,0.4329792726630047,0.4329792726630047,0.5341749779779363,0.5341749779779363,0.3286784725832964,0.3286784725832964,0.14325839696014436,0.14325839696014436,0.9944769938218866,0.9944769938218866
K5-A,val,1,bopomofo,all,481,13,0.07882178700193405,0.07882178700193407,0.7538204233969118,0.7538204233969119,0.5285154860195648,0.5285154860195648,0.4343951324353347,0.4343951324353347,0.5386134484112882,0.5386134484112882,0.32671359911456455,0.32671359911456455,0.1436352164033421,0.1436352164033421,0.9988194248656473,0.9988194248656472
K5-A,val,1,bopomofo,hard,259,7,0.07791851397090367,0.07791851397090367,0.7584022737895428,0.758402273789543,0.5956094278792157,0.5956094278792156,0.4655798651191719,0.4655798651191719,0.6132962745704246,0.6132962745704246,0.31786345405158906,0.3178634540515891,0.15165932795831136,0.15165932795831136,1.0991041277136122,1.0991041277136122
K5-A,val,all,all,easy,6696,8,0.09280857605061014,0.08791983692061547,0.7018535135784845,0.7147166276841839,0.4142035741743987,0.41080687808883803,0.4711064274791125,0.4681561630238093,0.4287365923325221,0.4303014971327606,0.4952590855171185,0.4905399419678902,0.1490149766008126,0.1521419929857667,0.9225637455100334,0.9169985393354858
K5-A,val,1,western,easy,623,7,0.0652901655941715,0.06529016559417149,0.7816488547112984,0.7816488547112984,0.363352670386601,0.3633526703866011,0.4205955451363354,0.42059554513633535,0.39058701396227646,0.3905870139622765,0.4341371450483512,0.4341371450483512,0.14794402581491592,0.14794402581491592,0.8209342241382905,0.8209342241382905
K5-A,val,all,all,medium,8996,13,0.08413072002702907,0.0762107818634649,0.7414289014244175,0.7618724784744761,0.5269752471666765,0.5215513237235542,0.4703826522500171,0.44987464181018777,0.5356043964297675,0.5288837582337278,0.4045956613234128,0.36997664296519556,0.1463912118813491,0.14156269102232577,1.033955702999596,1.0068166390995112
K5-A,val,1,kana,medium,1352,8,0.09658587034881752,0.09658587034881753,0.7089642028609805,0.7089642028609806,0.5525196765841552,0.5525196765841552,0.4919681729274918,0.49196817292749173,0.5557225983722146,0.5557225983722146,0.42774502002391634,0.42774502002391634,0.14695916223731,0.14695916223731,1.0812276405938102,1.0812276405938102
K5-A,val,1,bopomofo,medium,185,5,0.06489254189851615,0.06489254189851615,0.7831759558257898,0.7831759558257898,0.43938003383778235,0.43938003383778235,0.36083515753617157,0.36083515753617157,0.4327737670895216,0.4327737670895216,0.28889654768077105,0.28889654768077105,0.13359359077907898,0.13359359077907898,0.8336135919029648,0.8336135919029648
K5-A,val,1,western,medium,712,8,0.06650284783515856,0.06650284783515856,0.7897494979994074,0.7897494979994074,0.5039905236217748,0.5039905236217748,0.4585261989510461,0.4585261989510461,0.5162751572415902,0.5162751572415902,0.3996110414383734,0.3996110414383734,0.1483448351932208,0.1483448351932208,0.9996029328178154,0.9996029328178153
K5-A,val,1,kana,easy,1014,6,0.11470865199301285,0.11470865199301285,0.6448086683692072,0.6448086683692072,0.46357944932503575,0.4635794493250358,0.5152074738131942,0.5152074738131943,0.48145161563975103,0.481451615639751,0.5279693715935628,0.5279693715935628,0.15021407696798708,0.15021407696798708,1.0163404441326562,1.0163404441326562
K5-A,val,1,bopomofo,easy,37,1,0.15479092373623624,0.15479092373623624,0.5749698085041051,0.5749698085041051,0.5045351539109204,0.5045351539109204,0.58390187814429,0.58390187814429,0.5450320719061671,0.5450320719061671,0.5777498717243607,0.5777498717243607,0.1376745636398728,0.1376745636398728,1.1228556697433059,1.1228556697433059
K5-A,val,2,all,all,7331,32,0.08407493626490707,0.08036505886138143,0.7354104109900872,0.7425744899273162,0.5390097844454939,0.5410784236882349,0.4838489326797685,0.4820687106638955,0.5493345440283688,0.5448825411141385,0.41328929310502305,0.4142553827065468,0.15313691426261136,0.15574026680254074,1.0611429458270374,1.0620822012940643
K5-A,val,2,western,all,2794,32,0.06485376290941294,0.06461038336227422,0.7872826016512167,0.7880841325511627,0.5022535745678476,0.5044799479204015,0.46061048331905796,0.4602225481020439,0.512009106661775,0.5138526686049334,0.40396793987322,0.4013841781081583,0.15902812089157706,0.15844543589312896,1.0026210882596314,1.0043138551902824
K5-A,val,2,western,hard,1459,17,0.06534599968352468,0.06487030521157947,0.7853941851902793,0.7869703481062986,0.566132122779685,0.5680430743359537,0.4836649503699307,0.48211188974943947,0.5686588453217023,0.5701072118296195,0.39500038799426995,0.3904568944678771,0.16928892748875926,0.1678258934954823,1.092119304987974,1.092111437516172
K5-A,val,2,kana,all,4056,24,0.09797228429153479,0.0979722842915348,0.6975311786725554,0.6975311786725554,0.5652766251051156,0.5652766251051156,0.5053376998197603,0.5053376998197604,0.5761809976995579,0.5761809976995579,0.4293080642726984,0.42930806427269835,0.15018279951513988,0.15018279951513988,1.1081600250562385,1.1081600250562385
K5-A,val,2,kana,hard,1690,10,0.09105444075024816,0.09105444075024816,0.7170040469980998,0.7170040469980997,0.6408895646855676,0.6408895646855676,0.5111772724421773,0.5111772724421773,0.6555607160696617,0.6555607160696616,0.36679382878149025,0.36679382878149025,0.15205471892593175,0.15205471892593175,1.1900805190999126,1.1900805190999126
K5-A,val,2,bopomofo,all,481,13,0.07853712911157763,0.07853712911157763,0.7535128342181825,0.7535128342181825,0.5310233908544707,0.5310233908544707,0.43763227570267577,0.4376322757026757,0.5397670927017989,0.5397670927017989,0.33235732860100337,0.33235732860100337,0.14382684793083186,0.14382684793083186,1.0046123776143405,1.0046123776143405
K5-A,val,2,bopomofo,hard,259,7,0.07820253289003289,0.07820253289003289,0.7571875298478159,0.7571875298478158,0.6001308304922921,0.6001308304922921,0.4709920974369215,0.4709920974369215,0.6204961491137397,0.6204961491137398,0.3214880470312326,0.3214880470312326,0.15181492548076342,0.15181492548076342,1.1090766581559273,1.1090766581559273
K5-A,val,2,western,easy,623,7,0.061505670952057466,0.061505670952057466,0.7885519185180695,0.7885519185180695,0.3497637129578602,0.3497637129578602,0.4075961131034464,0.4075961131034464,0.3704652273922824,0.3704652273922823,0.4310132756434608,0.43101327564346087,0.1476702999837852,0.1476702999837852,0.7942774011417147,0.7942774011417147
K5-A,val,2,kana,medium,1352,8,0.09767519780014036,0.09767519780014035,0.706785781591833,0.706785781591833,0.5561869310093879,0.5561869310093879,0.49761701788554885,0.49761701788554885,0.5616040875220439,0.561604087522044,0.43334556569637367,0.43334556569637367,0.14766223800296968,0.14766223800296968,1.090719508613355,1.090719508613355
K5-A,val,2,bopomofo,medium,185,5,0.06558903802699759,0.06558903802699759,0.7811244681326568,0.7811244681326568,0.4435191332488447,0.44351913324884473,0.3662598219272253,0.3662598219272253,0.4358602928148734,0.4358602928148733,0.2966593508080051,0.2966593508080051,0.13427499460207448,0.1342749946020745,0.8433477034439911,0.8433477034439912
K5-A,val,2,western,medium,712,8,0.06677467279144023,0.06677467279144023,0.7900416117754555,0.7900416117754556,0.504785009879577,0.504785009879577,0.45975582772510104,0.45975582772510104,0.5197757753135448,0.5197757753135448,0.3986791955003661,0.3986791955003661,0.1479402074088039,0.1479402074088039,1.0015258900402637,1.0015258900402637
K5-A,val,2,kana,easy,1014,6,0.10989813884887178,0.10989813884887178,0.6527369275709446,0.6527369275709446,0.45137465126533244,0.45137465126533244,0.5058993213613475,0.5058993213613475,0.4633173473194036,0.4633173473194036,0.5281151215264783,0.5281151215264783,0.15042368251338042,0.15042368251338042,0.994879890240626,0.9948798902406258
K5-A,val,2,bopomofo,easy,37,1,0.14561975808529115,0.14561975808529115,0.5897317952383776,0.5897317952383776,0.4847926014178508,0.4847926014178508,0.5609757924402082,0.5609757924402082,0.49419769725284063,0.49419769725284063,0.5869321885543901,0.5869321885543901,0.13566957172509786,0.13566957172509786,1.0796857846749794,1.0796857846749794
K5-A,val,4,all,all,7331,32,0.0829700157445744,0.0794804102662788,0.7376614821444016,0.7443481294827784,0.5351241712208546,0.5381737464641637,0.47965593253699484,0.4791485408573284,0.545743007785823,0.54240872429004,0.40863516457553417,0.4109946201690034,0.15286223669595486,0.15553766879653652,1.0529956620055971,1.056206703551208
K5-A,val,4,western,all,2794,32,0.06413869411947949,0.06391162443531107,0.7888464292099843,0.7896326120674978,0.4992523457782987,0.5014012918155066,0.45718701129396555,0.45683069026846024,0.5093538940003517,0.5111006505530575,0.4000337118527578,0.3976098559886896,0.15856727623462719,0.15797961072446207,0.996081175158599,0.9977268838242976
K5-A,val,4,western,hard,1459,17,0.06508832161086771,0.06462700347137885,0.7860688750900018,0.7876478815015535,0.5647649675546401,0.5664718523781999,0.4820802568715267,0.4805210780600082,0.5672186775422815,0.5684414563597582,0.39323906730056174,0.3889190205754807,0.16895340469865622,0.16747652280175745,1.089083574063734,1.0888620596810719
K5-A,val,4,kana,all,4056,24,0.09666758742511564,0.09666758742511565,0.7000597703675668,0.7000597703675667,0.5610803448681442,0.5610803448681442,0.5007821187703949,0.5007821187703949,0.5723306052143368,0.5723306052143368,0.4241015477870826,0.42410154778708264,0.15007542794720954,0.15007542794720954,1.0993813195539532,1.0993813195539532
K5-A,val,4,kana,hard,1690,10,0.09028575131975866,0.09028575131975866,0.7188091588256807,0.7188091588256809,0.6371915562442069,0.6371915562442069,0.5075107012010185,0.5075107012010185,0.6529984770618247,0.6529984770618247,0.36202292551187326,0.36202292551187326,0.15193794225976312,0.15193794225976312,1.1826867415178457,1.1826867415178457
K5-A,val,4,bopomofo,all,481,13,0.07685226498415837,0.07685226498415836,0.7574157458982569,0.7574157458982569,0.5246203042210511,0.5246203042210511,0.43202673210113807,0.43202673210113807,0.5329194916663943,0.5329194916663943,0.32817946520213837,0.32817946520213837,0.14322276853350244,0.14322276853350246,0.9924527290209415,0.9924527290209415
K5-A,val,4,bopomofo,hard,259,7,0.07710472092365474,0.07710472092365474,0.7602064492942142,0.7602064492942142,0.5953221987918537,0.5953221987918537,0.46572864055633545,0.46572864055633545,0.6149939841745443,0.6149939841745443,0.3164632945828514,0.31646329458285133,0.1512335646164003,0.1512335646164003,1.0988592279923928,1.0988592279923928
K5-A,val,4,western,easy,623,7,0.060233827359751635,0.060233827359751635,0.791197293371077,0.7911972933710771,0.34414400366010867,0.34414400366010867,0.4029567821929007,0.4029567821929007,0.3620383193952601,0.3620383193952601,0.4313471931575485,0.4313471931575485,0.14693706544238722,0.1469370654423872,0.7838350512194978,0.7838350512194978
K5-A,val,4,kana,medium,1352,8,0.09576723807614555,0.09576723807614555,0.7103722146409766,0.7103722146409766,0.5509035653991283,0.5509035653991283,0.4909611144075556,0.4909611144075556,0.5590047587588232,0.559004758758823,0.4224108690643937,0.4224108690643937,0.14731397431828744,0.14731397431828744,1.0786931733407918,1.0786931733407918
K5-A,val,4,bopomofo,medium,185,5,0.06386661477654124,0.06386661477654124,0.7850033319780766,0.7850033319780765,0.43634968436247595,0.4363496843624759,0.36042098612398715,0.36042098612398715,0.43079197797420865,0.4307919779742086,0.29004999745536497,0.29004999745536497,0.1335696391559936,0.1335696391559936,0.8301630843330075,0.8301630843330073
K5-A,val,4,western,medium,712,8,0.06560951642478152,0.06560951642478152,0.7924810683794975,0.7924810683794974,0.5007264777557568,0.5007264777557568,0.45362828577753533,0.45362828577753533,0.5196809779768914,0.5196809779768914,0.38655771121900695,0.38655771121900695,0.1474608996820249,0.1474608996820249,0.9912199886578522,0.9912199886578522
K5-A,val,4,kana,easy,1014,6,0.1085044467326707,0.10850444673267072,0.6550608639061639,0.6550608639061638,0.4477973652000611,0.4477973652000611,0.5026624872031414,0.5026624872031414,0.4556519474092085,0.45565194740920845,0.5298201565426834,0.5298201565426836,0.1506531755981831,0.1506531755981831,0.9881231445650142,0.9881231445650142
K5-A,val,4,bopomofo,easy,37,1,0.14001332444576928,0.14001332444576928,0.5999428917274581,0.5999428917274581,0.4710601415183093,0.4710601415183093,0.554142102800511,0.554142102800511,0.46903561257027293,0.46903561257027293,0.6008399982710142,0.6008399982710142,0.13541284284076174,0.13541284284076174,1.0590554596604527,1.0590554596604527
K5-A,val,8,all,all,7331,32,0.08256278778699713,0.07915189249189285,0.7386983865778857,0.7451085913369181,0.5324003374514776,0.5356888199531642,0.4780101801998341,0.47796722457608326,0.5427896934436298,0.5394020625500496,0.40844897454208906,0.41176385914305974,0.1528394089082045,0.15569401878889283,1.048620370142604,1.0525795492689403
K5-A,val,8,western,all,2794,32,0.0636153457557862,0.06343289394492661,0.7902977279347666,0.7909712893174866,0.49519145827401767,0.49763016636936036,0.4544132034865634,0.4543070530698808,0.5048134077257699,0.5068565461719283,0.39918835889434734,0.3969679932898758,0.15854144377037935,0.15800327361128355,0.9892400226521765,0.991438037698468
K5-A,val,8,western,hard,1459,17,0.06471710067227902,0.06433433958647684,0.7874088749475667,0.7887798603271405,0.5606557721957677,0.5629098156219153,0.47823149269169696,0.4771815891862182,0.5626281695268063,0.5644106289831206,0.39022083286479414,0.3863613782475179,0.16886759116081362,0.16748601774892447,1.0811041610505665,1.0819629075002195
K5-A,val,8,kana,all,4056,24,0.09644274877847123,0.09644274877847121,0.7005196489495554,0.7005196489495554,0.5596716417517711,0.5596716417517712,0.5002120466851419,0.5002120466851417,0.5710121399375814,0.5710121399375814,0.4244322523077917,0.4244322523077917,0.15015561185148957,0.1501556118514896,1.0974225921508594,1.0974225921508594
K5-A,val,8,kana,hard,1690,10,0.0904907177779067,0.09049071777790668,0.7185734947326164,0.7185734947326164,0.6358321756300842,0.6358321756300842,0.506142227783711,0.506142227783711,0.6516918996558387,0.6516918996558386,0.3605925550772505,0.3605925550772505,0.15180687833158574,0.15180687833158574,1.1799261247441613,1.1799261247441613
K5-A,val,8,bopomofo,all,481,13,0.07558156378239099,0.07558156378239099,0.7609112765350198,0.7609112765350198,0.5185733066403196,0.5185733066403196,0.4278629504128702,0.42786295041287026,0.5253998791322638,0.5253998791322639,0.32746349741547925,0.3274634974154793,0.142348754972901,0.14234875497290103,0.9820234437866171,0.982023443786617
K5-A,val,8,bopomofo,hard,259,7,0.0768350266626921,0.07683502666269211,0.7616045721925115,0.7616045721925115,0.5924874603978455,0.5924874603978455,0.46232433709168524,0.4623243370916853,0.6093944108048921,0.6093944108048922,0.3152542637416582,0.3152542637416582,0.1503744531839971,0.1503744531839971,1.092405407930433,1.092405407930433
K5-A,val,8,western,easy,623,7,0.05926555596099238,0.05926555596099238,0.7937947188303467,0.7937947188303466,0.3386100994760879,0.3386100994760879,0.4008748803293724,0.4008748803293724,0.35575554221509736,0.3557555422150974,0.4339855665559275,0.43398556655592746,0.1466618888917264,0.1466618888917264,0.7761504533155007,0.7761504533155007
K5-A,val,8,kana,medium,1352,8,0.09564484107200982,0.09564484107200982,0.710637526589779,0.710637526589779,0.5506543869582506,0.5506543869582506,0.49124176460786684,0.49124176460786684,0.5603022852130014,0.5603022852130014,0.4219234395047551,0.421923439504755,0.14754787602698838,0.14754787602698838,1.0787831211363423,1.0787831211363423
K5-A,val,8,bopomofo,medium,185,5,0.06189887037773067,0.061898870377730675,0.7902057779771948,0.7902057779771948,0.42676269250947074,0.42676269250947074,0.3544247614773544,0.3544247614773544,0.42354027649035325,0.4235402764903532,0.2853092470885934,0.2853092470885934,0.132563152627365,0.132563152627365,0.8143282398984238,0.8143282398984238
K5-A,val,8,western,medium,712,8,0.06516374269257484,0.06516374269257484,0.7931575750982194,0.7931575750982194,0.49805347023929436,0.49805347023929436,0.4524518149706085,0.4524518149706085,0.5167674986603722,0.5167674986603722,0.38711667364709124,0.38711667364709124,0.14777615394840918,0.14777615394840918,0.9874493257048425,0.9874493257048425
K5-A,val,8,kana,easy,1014,6,0.1074266773880273,0.1074266773880273,0.6569394024574889,0.6569394024574889,0.44476042501261015,0.4447604250126101,0.5022887876238931,0.5022887876238932,0.4508256800399259,0.45082568003992596,0.5341768314294091,0.5341768314294091,0.1508804821506642,0.1508804821506642,0.9847693325147121,0.9847693325147121
K5-A,val,8,bopomofo,easy,37,1,0.13522079064358475,0.13522079064358475,0.6095856997217031,0.6095856997217031,0.46022730099188314,0.46022730099188314,0.5538241883387437,0.5538241883387437,0.44673617063341914,0.44673617063341914,0.623699384766656,0.623699384766656,0.13509687922290853,0.13509687922290853,1.0478257142208718,1.0478257142208718
K5-A,test,all,all,all,28352,32,0.08729583338460194,0.08357763816760037,0.7284637972753703,0.7367397743750852,0.5498931428933155,0.5564691063490164,0.49618269844767987,0.49820126786698893,0.5540497660212236,0.5590307027057861,0.4369547256606178,0.4353772341323142,0.15363569644492112,0.15798663429429474,1.0844847650622473,1.0941670325173436
K5-A,test,1,all,all,7088,32,0.08688807015685474,0.08336081157325838,0.7293714942062138,0.7368781293617521,0.5495851311042198,0.5584778833317912,0.49551781213844437,0.49959990492119133,0.5566417652394614,0.5634238565164791,0.43301078406051924,0.4336843707431263,0.15410371143297286,0.15895302060754068,1.083628870807504,1.0978160430783708
K5-A,test,all,western,all,11176,32,0.06980375267902361,0.06946964660498062,0.7772945463618749,0.7780597807251431,0.5282873356816177,0.5304659125529931,0.4860091856957474,0.4858364158101512,0.5390043902632886,0.5409787914060592,0.42996449119817404,0.4275870836623883,0.16253952185157353,0.16250958149647754,1.0549314018010922,1.056929723765558
K5-A,test,all,all,easy,5456,6,0.107975991657762,0.10346423623227034,0.6631065776361446,0.6745400552328319,0.47445908085036137,0.47069165564749116,0.5053075658009986,0.5006831806396478,0.4364820602554773,0.4337173502713545,0.5738677180500543,0.567415198661332,0.14527678105958308,0.14700212321169118,1.0160858412423441,1.0081253664703902
K5-A,test,1,western,all,2794,32,0.06966089818547914,0.06931775941884834,0.7773577633624844,0.7781504410848731,0.5298610506425948,0.531909086872142,0.4862663012475266,0.4860603908483133,0.5434952486858422,0.5453175541020906,0.4259245477299457,0.42363866530762173,0.16328843304742083,0.1632686286798269,1.0569494606749705,1.0587866354595983
K5-A,test,1,western,easy,445,5,0.08024912180852364,0.08024912180852366,0.7380600594960212,0.738060059496021,0.43834912103883333,0.4383491210388334,0.4694529852170623,0.4694529852170623,0.4373557040530644,0.43735570405306434,0.5015502676870046,0.5015502676870046,0.1493151713455661,0.1493151713455661,0.945130900318703,0.945130900318703
K5-A,test,all,kana,all,15548,23,0.10045809526580102,0.100458095265801,0.6916988458767263,0.6916988458767261,0.5682747097926012,0.5682747097926012,0.5109720198628772,0.5109720198628772,0.569932073808043,0.569932073808043,0.45172232833026293,0.45172232833026293,0.14917144924498077,0.14917144924498077,1.1165395913679648,1.1165395913679648
K5-A,test,1,kana,all,3887,23,0.09986085919428371,0.09986085919428372,0.6932198979188554,0.6932198979188554,0.5666445850183579,0.5666445850183579,0.5096722793419625,0.5096722793419624,0.5711394427313055,0.5711394427313055,0.4479205636827528,0.44792056368275274,0.1495097599883358,0.1495097599883358,1.1136943031804925,1.1136943031804925
K5-A,test,1,kana,easy,845,5,0.12110903942033749,0.12110903942033749,0.6267033231457573,0.6267033231457573,0.49147727064479735,0.4914772706447974,0.5234318604836097,0.5234318604836098,0.4592523822417626,0.45925238224176257,0.5872053592779932,0.5872053592779933,0.14430907309584365,0.14430907309584365,1.0509863982891896,1.0509863982891896
K5-A,test,all,bopomofo,all,1628,11,0.08167215171178865,0.08167215171178865,0.7443661391398313,0.7443661391398314,0.5226633512765096,0.5226633512765096,0.4247790185656829,0.42477901856568284,0.5056523446460467,0.5056523446460468,0.34390569251849884,0.34390569251849884,0.13514734430728292,0.13514734430728292,0.9812292051146891,0.9812292051146891
K5-A,test,1,bopomofo,all,407,11,0.08125536131050837,0.08125536131050837,0.7452133093077914,0.7452133093077914,0.5220642059089511,0.5220642059089511,0.42384780577271813,0.42384780577271813,0.5084326616522721,0.5084326616522721,0.33926294847329763,0.33926294847329763,0.13492576812716608,0.13492576812716608,0.9796434562534313,0.9796434562534313
K5-A,test,1,bopomofo,easy,74,2,0.10878733167910556,0.10878733167910556,0.6652268154528804,0.6652268154528804,0.5056329840743864,0.5056329840743864,0.4803905724673658,0.4803905724673658,0.4036567247397191,0.4036567247397191,0.5571244189868102,0.5571244189868103,0.13512657723716787,0.13512657723716787,1.019805208251283,1.019805208251283
K5-A,test,all,all,medium,11172,13,0.09245829194860206,0.09196569504450994,0.7233835658322109,0.7222596356827147,0.5554245410815837,0.5445848766606082,0.49384787008086284,0.49321824522707214,0.5679397125275938,0.5533677273823459,0.41969058146232435,0.43300050625924436,0.1475013290040763,0.1489724764066021,1.0861477426733759,1.075046240157676
K5-A,test,1,western,medium,712,8,0.07311908805686367,0.07311908805686365,0.7754183594677933,0.7754183594677933,0.5148835864043637,0.5148835864043637,0.4798594292546256,0.4798594292546256,0.5348315066500996,0.5348315066500996,0.4248873530206888,0.4248873530206888,0.15311415010037716,0.15311415010037716,1.0330215508767058,1.0330215508767058
K5-A,test,1,kana,medium,1859,11,0.10110476341652105,0.10110476341652105,0.699928043820169,0.6999280438201689,0.5763977262812189,0.5763977262812189,0.5090708230903163,0.5090708230903163,0.5914555251069323,0.5914555251069323,0.4265868524284838,0.42658685242848376,0.14792754303517683,0.14792754303517683,1.1224504343568156,1.1224504343568158
K5-A,test,1,bopomofo,medium,222,6,0.07787978695607371,0.07787978695607371,0.7567565911314647,0.7567565911314645,0.5179479398705937,0.5179479398705938,0.40456008072103466,0.4045600807210346,0.5199835321924708,0.5199835321924707,0.28913662713314703,0.289136627133147,0.12938442970584105,0.12938442970584105,0.9548541294024872,0.9548541294024872
K5-A,test,all,all,hard,11724,20,0.07275250938124382,0.07089832574547024,0.7637201377764443,0.7703745280638991,0.5797269421040818,0.575178981991751,0.49416115513774916,0.49142267831377484,0.5955263030639345,0.5884276500154031,0.38969079973999093,0.3913274734832246,0.16337122999929865,0.16549124275967014,1.1147309048174388,1.1079744713926547
K5-A,test,1,western,hard,1637,19,0.06527849702440365,0.06484052567924313,0.7888839293940033,0.789850891657552,0.56125186506611,0.563698762288393,0.49362342922095487,0.4930416919486163,0.5761163126388263,0.5781437451474094,0.4058176676151624,0.40260984880228223,0.17151212939172164,0.17121616106440066,1.0977533281978196,1.0995444961105254
K5-A,test,1,bopomofo,hard,111,3,0.06965186310697952,0.06965186310697953,0.7754510748970522,0.7754510748970521,0.5412508858753754,0.5412508858753754,0.42472807807965324,0.42472807807965324,0.5551815451802434,0.5551815451802434,0.29427461081125716,0.2942746108112571,0.14587457222981495,0.14587457222981495,1.0024476086234186,1.0024476086234186
K5-A,test,1,kana,hard,1183,7,0.08272888096930094,0.08272888096930094,0.7301903649118612,0.7301903649118612,0.6050091590149768,0.6050091590149768,0.5007891526362297,0.5007891526362297,0.6191334993478512,0.6191334993478511,0.38195582737143224,0.38195582737143224,0.1557108772665086,0.1557108772665086,1.1447260291114865,1.1447260291114865
K5-A,test,2,all,all,7088,32,0.08822865597371143,0.08425634741133976,0.726924894926285,0.7358835921936667,0.5534250859042912,0.5586211402457708,0.49934991588395583,0.49972102869000734,0.5567641379879305,0.5609069980695305,0.44058081530013254,0.436546634197394,0.15340260114272716,0.15766202552457864,1.0911256510125258,1.0977576745133175
K5-A,test,2,western,all,2794,32,0.07075345972169589,0.07041214322139121,0.7758827626164471,0.776660172361041,0.5319942765727201,0.5341747261764568,0.4897917623077663,0.4895783853982975,0.5431536978154671,0.5450888507170437,0.43340124435584165,0.4309803021562597,0.16236253525947109,0.16232435879565577,1.0623766717606984,1.0643342003538858
K5-A,test,2,western,easy,445,5,0.08444184735379795,0.08444184735379794,0.7293655018216229,0.729365501821623,0.4481194769063692,0.4481194769063692,0.4788715505533004,0.4788715505533004,0.42205769479944466,0.42205769479944466,0.5356854063406419,0.5356854063406419,0.14878922493270275,0.14878922493270275,0.9641883294234115,0.9641883294234115
K5-A,test,2,kana,all,3887,23,0.10136951158927753,0.10136951158927754,0.6901056025545921,0.6901056025545921,0.571590975827842,0.571590975827842,0.5136454423143405,0.5136454423143405,0.5718494790254229,0.5718494790254229,0.4551477292193191,0.4551477292193192,0.14887670740956724,0.1488767074095672,1.1224555942173142,1.1224555942173142
K5-A,test,2,kana,easy,845,5,0.1228628686743435,0.12286286867434351,0.6229948922258104,0.6229948922258104,0.49106452264023953,0.49106452264023953,0.5268792792537509,0.5268792792537509,0.44268795216577295,0.4426879521657729,0.6106284938796738,0.6106284938796738,0.14389656817419288,0.14389656817419288,1.0539179438317317,1.0539179438317317
K5-A,test,2,bopomofo,all,407,11,0.08269350253495474,0.08269350253495474,0.7424735610748301,0.7424735610748301,0.5270537520948734,0.5270537520948734,0.42843780251041386,0.4284378025104138,0.5061274039071667,0.5061274039071667,0.35074820305067467,0.3507482030506747,0.13511781740466852,0.13511781740466852,0.9892710043112828,0.9892710043112828
K5-A,test,2,bopomofo,easy,74,2,0.10885786406811221,0.10885786406811222,0.6649974931850573,0.6649974931850573,0.5032616676510991,0.5032616676510991,0.4802744207349983,0.4802744207349984,0.3941267660340747,0.3941267660340747,0.5664220778523265,0.5664220778523266,0.1346825678404924,0.13468256784049243,1.0172067147654456,1.0172067147654456
K5-A,test,2,western,medium,712,8,0.07462553211193575,0.07462553211193575,0.7728326008277923,0.7728326008277921,0.5198724533776554,0.5198724533776554,0.4912197668565793,0.4912197668565793,0.5363552872238032,0.5363552872238032,0.4460842457882474,0.4460842457882474,0.15363829464683038,0.15363829464683038,1.0495017917219842,1.0495017917219842
K5-A,test,2,kana,medium,1859,11,0.10291233742167,0.10291233742167,0.6969099245860865,0.6969099245860865,0.5817680083147103,0.5817680083147103,0.5135222731610022,0.5135222731610022,0.5935220656262219,0.5935220656262219,0.4334240260931266,0.4334240260931266,0.14719706583786166,0.14719706583786166,1.1320895469913308,1.1320895469913308
K5-A,test,2,bopomofo,medium,222,6,0.07970884295754087,0.07970884295754087,0.7526640079897071,0.7526640079897072,0.5240970423092713,0.5240970423092713,0.41035482032342,0.41035482032342,0.5168891920968219,0.5168891920968219,0.30382045329263146,0.30382045329263146,0.1299751067013891,0.1299751067013891,0.9669456385277413,0.9669456385277413
K5-A,test,2,western,hard,1637,19,0.06534829903865605,0.064946057337897,0.7898545990533553,0.7907177473590978,0.5600669851655194,0.5628428540049225,0.49213919968832975,0.4917048655329676,0.5790291954840038,0.58114276058725,0.40008007813524965,0.3970667721574275,0.16984682506497634,0.1695435262959383,1.0946678916309838,1.0969336016016535
K5-A,test,2,bopomofo,hard,111,3,0.07121991400101081,0.07121991400101081,0.7737433791715912,0.7737433791715911,0.5488285612952601,0.5488285612952601,0.4300460214013452,0.43004602140134524,0.5592709194432508,0.5592709194432508,0.3008211193656599,0.3008211193656599,0.14569340518734478,0.14569340518734478,1.0152979289089237,1.0152979289089237
K5-A,test,2,kana,hard,1183,7,0.08359267307761369,0.08359267307761369,0.7273493181685163,0.7273493181685163,0.6131173913396221,0.6131173913396221,0.5043862531700077,0.5043862531700077,0.630050790695346,0.6300507906953461,0.37822728794593985,0.37822728794593985,0.15507338647608623,0.15507338647608623,1.1562719901335612,1.1562719901335612
K5-A,test,4,all,all,7088,32,0.08724306269473905,0.08346272926159709,0.7283691927386565,0.7368864220734419,0.5487054164372133,0.5545764600381805,0.495312102861139,0.4968342548926523,0.5515379726930898,0.5559705233567092,0.4377323980132432,0.4357516673638425,0.1535090236797399,0.1576655686721702,1.0823947754930325,1.090827107685291
K5-A,test,4,western,all,2794,32,0.06966978577338734,0.06933954392986416,0.7775198106801264,0.778274687071971,0.526425622782284,0.5286757770987196,0.484980665912629,0.4848317369565013,0.5356708617644943,0.5377420215104072,0.4312648242746154,0.4288368236517244,0.1622663809822535,0.16223410977900127,1.051972884634135,1.0540660423616197
K5-A,test,4,western,easy,445,5,0.08357811773273603,0.08357811773273603,0.7309859515560561,0.730985951556056,0.4445732137460387,0.44457321374603875,0.4754676881131161,0.4754676881131162,0.4159858386503177,0.4159858386503177,0.5349495408575187,0.5349495408575187,0.1487351969721612,0.1487351969721612,0.95722470270114,0.95722470270114
K5-A,test,4,kana,all,3887,23,0.10048018410325212,0.10048018410325212,0.6913547083379871,0.6913547083379872,0.5676183711678932,0.5676183711678933,0.5102486758695828,0.5102486758695828,0.5679475373279659,0.5679475373279659,0.45225592981808316,0.4522559298180831,0.14910798246323187,0.1491079824632319,1.1151440427807509,1.1151440427807509
K5-A,test,4,kana,easy,845,5,0.12181181897068491,0.12181181897068491,0.6247345292300105,0.6247345292300104,0.4878647475200292,0.48786474752002923,0.5239407444494011,0.5239407444494011,0.4396879858695544,0.4396879858695543,0.6077444307814689,0.6077444307814688,0.14421325895560563,0.14421325895560563,1.047858805945639,1.0478588059456393
K5-A,test,4,bopomofo,all,407,11,0.08146184599539379,0.08146184599539379,0.7444588102741246,0.7444588102741246,0.5210275010409461,0.5210275010409461,0.4235862442624071,0.42358624426240704,0.5037461549995572,0.5037461549995572,0.3434263363432514,0.3434263363432514,0.13542251484766055,0.13542251484766055,0.9784693728207956,0.9784693728207956
K5-A,test,4,bopomofo,easy,74,2,0.10894150699412648,0.10894150699412647,0.6654366219036859,0.6654366219036859,0.507027744038685,0.507027744038685,0.4799732267856598,0.4799732267856598,0.40408199824191426,0.40408199824191426,0.5558644625786189,0.5558644625786189,0.13533864361611572,0.13533864361611572,1.0208356316025193,1.0208356316025193
K5-A,test,4,western,medium,712,8,0.07216718345519388,0.07216718345519386,0.7780105972602853,0.7780105972602853,0.5077822090367253,0.5077822090367253,0.479105247352063,0.479105247352063,0.524358284178326,0.524358284178326,0.43385221323605333,0.43385221323605333,0.1532712849170974,0.1532712849170974,1.0252052767809188,1.0252052767809188
K5-A,test,4,kana,medium,1859,11,0.10130293047696187,0.10130293047696187,0.6999797338126054,0.6999797338126054,0.5746652605778559,0.5746652605778558,0.5074783528585342,0.5074783528585342,0.5872368711483228,0.5872368711483229,0.42762153281070264,0.42762153281070264,0.14723802551891677,0.14723802551891677,1.1189531199133094,1.1189531199133096
K5-A,test,4,bopomofo,medium,222,6,0.07762023474148168,0.07762023474148168,0.7577132491125933,0.7577132491125934,0.5140765575809522,0.5140765575809522,0.40270003360939455,0.4027000336093946,0.5131350445586282,0.5131350445586281,0.29226502316148095,0.29226502316148095,0.1290611170970642,0.12906111709706417,0.9490418706659798,0.9490418706659799
K5-A,test,4,western,hard,1637,19,0.06480273942558255,0.06440196576054853,0.7899560521371445,0.79083028686529,0.5567850806979632,0.5596053224281595,0.49012212781605374,0.4897071138539976,0.5731262011213425,0.5754183800870966,0.4019539386179655,0.39880068140416636,0.16985702562665314,0.16956027624897133,1.0893714660340572,1.091702506727304
K5-A,test,4,bopomofo,hard,111,3,0.07082529450406289,0.07082529450406287,0.7706313915108132,0.7706313915108131,0.5442625592957746,0.5442625592957746,0.42776734388626375,0.4277673438862637,0.5514111470531773,0.5514111470531773,0.3041235452165475,0.30412354521654744,0.14820122450321643,0.14820122450321646,1.0090802046092782,1.0090802046092782
K5-A,test,4,kana,hard,1183,7,0.08395041489639905,0.08395041489639905,0.725386939097856,0.725386939097856,0.6135115618435689,0.6135115618435689,0.5048219916156461,0.5048219916156461,0.6292496923662704,0.6292496923662704,0.37990391014154845,0.37990391014154845,0.1555427173097458,0.15554271730974584,1.157219233597524,1.1572192335975242
K5-A,test,8,all,all,7088,32,0.08682354471310251,0.08323066442420629,0.7291896072303257,0.7373109538714799,0.5478569381275377,0.554200941780323,0.49455096290718015,0.4966498829641048,0.5512551881644127,0.5558214328804261,0.43649490526857637,0.43552626422489416,0.15352744952424452,0.15766592237288948,1.080789762935927,1.0902673047923948
K5-A,test,8,western,all,2794,32,0.06913086703553209,0.06880913984981875,0.7784178487884416,0.7791538223826874,0.5248683927288718,0.5271040600646543,0.4829980133150677,0.4828751500374926,0.5336977527873509,0.5357667392946951,0.4292673484322934,0.42689254353394723,0.16224073811714873,0.16221122873142624,1.048426590134565,1.050532016887128
K5-A,test,8,western,easy,445,5,0.08039911048689138,0.08039911048689138,0.7370207320663575,0.7370207320663575,0.4367166321933939,0.4367166321933939,0.4666506856679916,0.4666506856679916,0.41617453727829323,0.41617453727829323,0.5171268334884322,0.5171268334884322,0.1488834428318431,0.1488834428318431,0.9405881773889735,0.9405881773889735
K5-A,test,8,kana,all,3887,23,0.10012182617639072,0.10012182617639072,0.6921151746954702,0.6921151746954702,0.5672449071563115,0.5672449071563115,0.510321681925623,0.510321681925623,0.5687918361474776,0.5687918361474776,0.45156509060089667,0.45156509060089667,0.14919134711878815,0.14919134711878818,1.114864425293302,1.114864425293302
K5-A,test,8,kana,easy,845,5,0.12003630796705599,0.12003630796705597,0.6283583688453213,0.6283583688453213,0.48457829066987573,0.4845782906698757,0.52383638137191,0.52383638137191,0.44393364940521984,0.44393364940521984,0.6033229403065506,0.6033229403065506,0.14449304020440085,0.14449304020440085,1.0445379319275625,1.0445379319275623
K5-A,test,8,bopomofo,all,407,11,0.08127789700629773,0.08127789700629774,0.7453188759025791,0.745318875902579,0.5205079460612679,0.5205079460612679,0.42324422171719245,0.4232442217171924,0.5043031580251909,0.5043031580251909,0.34218528220677147,0.3421852822067715,0.13512327684963657,0.13512327684963657,0.9775329870732469,0.977532987073247
K5-A,test,8,bopomofo,easy,74,2,0.11046374384494788,0.11046374384494789,0.6635775521860668,0.6635775521860668,0.5115648338923583,0.5115648338923584,0.48944826464395264,0.48944826464395264,0.41834973523745667,0.41834973523745667,0.5605467928422464,0.5605467928422464,0.1359708159155137,0.1359708159155137,1.0350058014328416,1.0350058014328414
K5-A,test,8,western,medium,712,8,0.07202074629350413,0.07202074629350413,0.7783776729445977,0.7783776729445977,0.5062079003729513,0.5062079003729512,0.4776023191849837,0.4776023191849837,0.5217837710352091,0.5217837710352091,0.43342086780565175,0.43342086780565175,0.15325293142683385,0.15325293142683385,1.0221234523178486,1.0221234523178486
K5-A,test,8,kana,medium,1859,11,0.10127362379377368,0.10127362379377368,0.699922798415835,0.6999227984158352,0.5735664149809422,0.5735664149809423,0.506464961052518,0.506464961052518,0.5840802516281252,0.5840802516281252,0.42875238321921944,0.42875238321921944,0.14744636671734856,0.14744636671734856,1.1168929669663366,1.1168929669663366
K5-A,test,8,bopomofo,medium,222,6,0.07664004192611729,0.07664004192611729,0.7598818034834688,0.7598818034834688,0.5110087722271413,0.5110087722271413,0.3984348087965905,0.39843480879659054,0.5091474356280791,0.5091474356280791,0.2877221800709932,0.2877221800709932,0.12859255313739046,0.12859255313739046,0.9415917184438791,0.9415917184438792
K5-A,test,8,western,hard,1637,19,0.06481079228444414,0.06440689223219526,0.7896886625588414,0.7905682774924961,0.556947686556424,0.5596886083220187,0.48978866390979503,0.48936488523052296,0.5708270050225712,0.573125936987216,0.4035771977641121,0.4003979096420493,0.1697809426165166,0.16949045546482913,1.0891815857346203,1.091426107100023
K5-A,test,8,bopomofo,hard,111,3,0.07109637594089187,0.07109637594089187,0.7706872365518077,0.7706872365518077,0.5454683685087943,0.5454683685087943,0.42872701894055615,0.42872701894055615,0.5519168846779041,0.5519168846779041,0.30553714605467813,0.30553714605467813,0.14761969823021073,0.14761969823021073,1.0111003147589195,1.0111003147589195
K5-A,test,8,kana,hard,1183,7,0.08408722864145658,0.08408722864145658,0.7253866273135746,0.7253866273135746,0.6163586923507746,0.6163586923507746,0.5067288865502971,0.5067288865502971,0.6339516023509298,0.6339516023509298,0.37901516669663654,0.37901516669663654,0.15528939268846986,0.1552893926884699,1.1619099264969184,1.1619099264969184
K5-B,train,all,all,all,2304,5,0.06803556528601626,0.0695485614167542,0.7632134450377692,0.759959897995796,0.47248051556784454,0.4692400946885547,0.43390701124573955,0.4323325243324507,0.44990460118343534,0.4414604390574719,0.41790942117788493,0.4232046095747709,0.1644572240685294,0.16137230545469458,0.9475018323541412,0.9419156948089533
K5-B,train,1,all,all,576,5,0.06913738707831223,0.07055576681356136,0.7598125537629329,0.7569134717453802,0.47796828385132056,0.4743028960616461,0.4401647967752069,0.43810441527848265,0.45490783722036415,0.44514301395176775,0.4254217600035999,0.43106582036208624,0.1639969590986665,0.16092508091740976,0.9591323199888898,0.9526385810053242
K5-B,train,all,western,all,1600,5,0.0639908878102022,0.06399088781020221,0.7804489420074465,0.7804489420074465,0.46225207621231673,0.4622520762123168,0.43216624232474715,0.43216624232474715,0.43366748911794273,0.43366748911794273,0.4306649952428415,0.4306649952428415,0.16524669867940248,0.16524669867940248,0.9357299927715212,0.9357299927715212
K5-B,train,all,all,easy,960,3,0.08058818742340686,0.0814218114425554,0.7337038817895023,0.7279607347740792,0.42720521468048295,0.4183986091394982,0.4186082748230547,0.40867525256859755,0.3800405545004954,0.37522885255766886,0.45717599578201773,0.44212165306957935,0.14300058666461457,0.1421356077309668,0.8815636352325479,0.8626077628650126
K5-B,train,1,western,all,400,5,0.06529767497276688,0.06529767497276688,0.7762093149792685,0.7762093149792684,0.4700933381915092,0.4700933381915092,0.44196576934307813,0.44196576934307813,0.4402978839352727,0.4402978839352727,0.4436336580850184,0.44363365808501837,0.16523442301899194,0.16523442301899194,0.9533677117526531,0.9533677117526531
K5-B,train,1,western,easy,160,2,0.074444540185866,0.074444540185866,0.7552696344779951,0.7552696344779951,0.4299810760654509,0.4299810760654509,0.41909278761595486,0.4190927876159549,0.3585793722420931,0.35857937224209313,0.4796062071342021,0.4796062071342021,0.14016415853984654,0.14016415853984654,0.8841148998588324,0.8841148998588324
K5-B,train,all,kana,all,512,4,0.08193178696310338,0.08193178696310338,0.7096184913824841,0.7096184913824841,0.4951647449925076,0.4951647449925076,0.45000656726188026,0.45000656726188026,0.48604863870423287,0.48604863870423287,0.4139644964307081,0.4139644964307081,0.1642895798140671,0.1642895798140671,0.9862437051488087,0.9862437051488087
K5-B,train,1,kana,all,128,4,0.08310793542134735,0.08310793542134735,0.7061756991846307,0.7061756991846307,0.5001522118691355,0.5001522118691355,0.45223322440870106,0.45223322440870106,0.4933646353892982,0.4933646353892982,0.41110181738622487,0.41110181738622487,0.16363217821344733,0.16363217821344733,0.9932934818789363,0.9932934818789363
K5-B,train,1,kana,easy,64,2,0.09675394694010415,0.09675394694010417,0.6828991850931526,0.6828991850931526,0.43075878312811255,0.43075878312811255,0.42863108636811376,0.42863108636811376,0.42543703177943826,0.42543703177943826,0.43182514724321663,0.43182514724321663,0.14677442016545683,0.14677442016545683,0.8960834732279181,0.8960834732279181
K5-B,train,all,all,medium,320,1,0.057450843428734334,0.057450843428734334,0.795699896414017,0.795699896414017,0.3584010324906558,0.3584010324906558,0.35214093897957355,0.35214093897957355,0.3274097065674141,0.3274097065674141,0.37687217236962167,0.37687217236962167,0.1590728537645191,0.1590728537645191,0.7503101867157966,0.7503101867157966
K5-B,train,1,western,medium,80,1,0.06346053113085512,0.06346053113085512,0.7788704730744962,0.7788704730744962,0.38721619118005035,0.38721619118005035,0.3821166703477502,0.3821166703477502,0.3544506419450045,0.3544506419450045,0.40978270340710876,0.40978270340710876,0.15929549653083086,0.15929549653083086,0.8091567397117615,0.8091567397117615
K5-B,train,all,bopomofo,all,192,3,0.06468461977890114,0.06468461977890114,0.7625041800378866,0.7625041800378866,0.4972262317314744,0.4972262317314744,0.4054812695443009,0.4054812695443009,0.48882976834041375,0.48882976834041375,0.32213276996238466,0.32213276996238466,0.15832532032315308,0.15832532032315308,0.9422888347568611,0.9422888347568611
K5-B,train,1,bopomofo,all,48,3,0.06388019237642974,0.06388019237642974,0.7662044891689423,0.7662044891689423,0.4844356896355748,0.4844356896355748,0.3929742183536291,0.3929742183536291,0.4741059861456354,0.4741059861456354,0.31184245630477864,0.31184245630477864,0.15465750878987214,0.15465750878987214,0.9160742902507385,0.9160742902507385
K5-B,train,1,bopomofo,easy,16,1,0.07641793045343137,0.07641793045343137,0.7355129774931207,0.7355129774931207,0.3741729259490967,0.3741729259490967,0.32688833959400654,0.32688833959400654,0.35525159630924463,0.35525159630924463,0.29852508567273617,0.29852508567273617,0.1353711998090148,0.1353711998090148,0.7349040638655424,0.7349040638655424
K5-B,train,all,all,hard,1024,2,0.05957520761261318,0.05957520761261318,0.7807266445279422,0.7807266445279422,0.5505759486113675,0.5505759486113675,0.4738014742251835,0.4738014742251835,0.5536817995161982,0.5536817995161982,0.3939211477390927,0.3939211477390927,0.18625543735470274,0.18625543735470274,1.0709412814176176,1.0709412814176176
K5-B,train,1,western,hard,160,2,0.05706938168062363,0.05706938168062363,0.7958184164329278,0.7958184164329278,0.551644173823297,0.551644173823297,0.4947633005678654,0.4947633005678654,0.5649400166235864,0.5649400166235864,0.42458658637478947,0.42458658637478947,0.1932741507422179,0.19327415074221788,1.0947260096669198,1.0947260096669198
K5-B,train,1,kana,hard,64,2,0.06946192390259054,0.06946192390259054,0.7294522132761089,0.7294522132761088,0.5695456406101584,0.5695456406101584,0.47583536244928837,0.47583536244928837,0.5612922389991581,0.5612922389991581,0.3903784875292331,0.3903784875292331,0.18048993626143783,0.18048993626143783,1.0905034905299544,1.0905034905299544
K5-B,train,1,bopomofo,hard,32,2,0.05761132333792891,0.05761132333792891,0.7815502450068532,0.7815502450068532,0.5395670714788139,0.5395670714788139,0.4260171577334404,0.4260171577334404,0.5335331810638309,0.5335331810638309,0.3185011416207999,0.3185011416207999,0.1643006632803008,0.1643006632803008,1.0066594034433365,1.0066594034433365
K5-B,train,2,all,all,576,5,0.06815559499865725,0.0696431305378054,0.7630421922101811,0.7598878257740165,0.4732283390282343,0.4697897180874965,0.43345276170617175,0.4315367047076246,0.4514323784711046,0.4429110785547111,0.41547314359276144,0.4201623294303759,0.16444640466943383,0.16128944714221038,0.9477927029236324,0.9416487856195973
K5-B,train,2,western,all,400,5,0.06417790670955882,0.06417790670955882,0.7801129729114499,0.7801129729114498,0.46361417531967164,0.4636141753196716,0.4323919498734176,0.43239194987341756,0.43566284984350206,0.435662849843502,0.4291210483200848,0.4291210483200848,0.16540466131642462,0.16540466131642462,0.9373572927713394,0.9373572927713394
K5-B,train,2,western,easy,160,2,0.07518955737677015,0.07518955737677015,0.7534592439515719,0.753459243951572,0.43195415204390886,0.43195415204390886,0.41883221762254835,0.41883221762254835,0.36925694476813076,0.36925694476813076,0.4684074878226966,0.4684074878226966,0.14038174650631846,0.14038174650631846,0.8858818087726832,0.8858818087726832
K5-B,train,2,kana,all,128,4,0.08235192392386642,0.08235192392386642,0.70850464300729,0.7085046430072901,0.4967504618689418,0.4967504618689418,0.4496177915716544,0.4496177915716544,0.49003542226273566,0.49003542226273566,0.40920015855226666,0.40920015855226666,0.16413521039066836,0.16413521039066836,0.9874020512215793,0.9874020512215793
K5-B,train,2,kana,easy,64,2,0.09502096737132353,0.09502096737132353,0.6868138957858734,0.6868138957858734,0.4228310789912939,0.4228310789912939,0.4228157459292561,0.4228157459292561,0.41706007276661694,0.41706007276661694,0.428571421187371,0.428571421187371,0.1470408367458731,0.1470408367458731,0.8824070366099477,0.8824070366099477
K5-B,train,2,western,medium,80,1,0.05856842107502723,0.05856842107502723,0.7933868030371675,0.7933868030371675,0.3644683826714754,0.3644683826714754,0.35872920555993915,0.35872920555993915,0.33298222720623016,0.33298222720623016,0.38447618298232555,0.38447618298232555,0.16082667838782072,0.16082667838782072,0.7634042583405971,0.7634042583405971
K5-B,train,2,bopomofo,all,48,3,0.06344612027391974,0.06344612027391976,0.766219150907319,0.766219150907319,0.4906207090243697,0.4906207090243697,0.3991861140045027,0.3991861140045027,0.4799036669234435,0.4799036669234435,0.3184685643063858,0.3184685643063858,0.15729078402121863,0.15729078402121863,0.9291295253982147,0.9291295253982147
K5-B,train,2,bopomofo,easy,16,1,0.07287749246834149,0.07287749246834149,0.7439187384479821,0.7439187384479821,0.3614508267492056,0.3614508267492056,0.32465477753430605,0.32465477753430605,0.34662377554923296,0.34662377554923296,0.30268578231334686,0.30268578231334686,0.1371515728533268,0.1371515728533268,0.7203935123980045,0.7203935123980045
K5-B,train,2,western,hard,160,2,0.055970998859613284,0.05597099885961328,0.8001297868084688,0.8001297868084688,0.5448470949195325,0.5448470949195325,0.48278305428102614,0.48278305428102614,0.5534090662375093,0.5534090662375093,0.4121570414863527,0.4121570414863527,0.19271656759083272,0.19271656759083272,1.0758092939853667,1.0758092939853667
K5-B,train,2,kana,hard,64,2,0.0696828804764093,0.0696828804764093,0.7301953902287066,0.7301953902287066,0.5706698447465897,0.5706698447465897,0.4764198372140527,0.4764198372140527,0.5630107717588544,0.5630107717588544,0.3898288959171623,0.3898288959171623,0.18122958403546363,0.18122958403546363,1.092397065833211,1.092397065833211
K5-B,train,2,bopomofo,hard,32,2,0.05873043417670887,0.058730434176708875,0.7773693571369873,0.7773693571369873,0.5552056501619518,0.5552056501619518,0.436451782239601,0.436451782239601,0.5465436126105487,0.5465436126105487,0.3263599553029053,0.3263599553029053,0.16736038960516453,0.16736038960516453,1.0334975318983197,1.0334975318983197
K5-B,train,4,all,all,576,5,0.0677490655459956,0.06931725975437918,0.7639510145222144,0.7605301376555833,0.47081387870841557,0.46779989698901775,0.4323703157327448,0.4311848364175031,0.44829135119087166,0.44029466799992534,0.4164492784119729,0.42207500342944904,0.16474499356829458,0.16164167693550033,0.9443704412939647,0.9393951509586934
K5-B,train,4,western,all,400,5,0.0635307457618464,0.0635307457618464,0.7819184599349696,0.7819184599349696,0.4592452656105161,0.4592452656105161,0.4282431531138718,0.4282431531138718,0.4309788827970624,0.43097888279706237,0.4255074215494096,0.42550742154940957,0.16512992609292268,0.1651299260929227,0.9287708982080222,0.9287708982080222
K5-B,train,4,western,easy,160,2,0.07635607351664624,0.07635607351664625,0.7498215975365886,0.7498215975365887,0.43779895510524514,0.43779895510524514,0.4280642899684608,0.4280642899684608,0.37324445843696596,0.37324445843696596,0.4828841214068234,0.48288412140682335,0.14184206114150583,0.14184206114150583,0.9013237584382295,0.9013237584382296
K5-B,train,4,kana,all,128,4,0.08150927973728553,0.08150927973728553,0.7103262722178721,0.7103262722178721,0.4931474725017324,0.4931474725017324,0.4508247834164649,0.4508247834164649,0.4823672722559422,0.4823672722559422,0.4192822956247255,0.4192822956247255,0.1650012643658556,0.1650012643658556,0.9852225701324642,0.9852225701324642
K5-B,train,4,kana,easy,64,2,0.0931738161573223,0.0931738161573223,0.6893581623374161,0.6893581623374161,0.41689417022280395,0.41689417022280395,0.4257805193774402,0.4257805193774402,0.40449530398473144,0.40449530398473144,0.4470657331403345,0.4470657331403345,0.14820580126252025,0.14820580126252025,0.8797261388972402,0.8797261388972402
K5-B,train,4,western,medium,80,1,0.0539450997412854,0.0539450997412854,0.8056025883844095,0.8056025883844095,0.33966985400766136,0.33966985400766136,0.3289735558442771,0.3289735558442771,0.31220534835010766,0.31220534835010766,0.34574176417663693,0.34574176417663693,0.15737794544547795,0.15737794544547795,0.7079878970980644,0.7079878970980644
K5-B,train,4,bopomofo,all,48,3,0.06620782590379902,0.06620782590379902,0.7572216155608333,0.7572216155608333,0.5076627377420664,0.5076627377420664,0.41755142373343307,0.41755142373343307,0.5016927982990941,0.5016927982990941,0.333410039699326,0.333410039699326,0.16085383373623094,0.16085383373623094,0.965427623440822,0.965427623440822
K5-B,train,4,bopomofo,easy,16,1,0.07575234140965413,0.07575234140965413,0.7317406506039598,0.7317406506039598,0.3778452770784497,0.3778452770784497,0.34749948885291815,0.34749948885291815,0.3620559787377715,0.3620559787377715,0.332942983135581,0.332942983135581,0.14462333358824253,0.14462333358824253,0.7615006007254124,0.7615006007254124
K5-B,train,4,western,hard,160,2,0.05549824101732707,0.05549824101732707,0.8021732581086305,0.8021732581086303,0.5404792819172144,0.5404792819172144,0.47805681489408014,0.47805681489408014,0.5481000743806362,0.5481000743806362,0.4080135503783822,0.4080135503783822,0.1922937813680619,0.1922937813680619,1.0666095385327936,1.0666095385327936
K5-B,train,4,kana,hard,64,2,0.06984474331724877,0.06984474331724877,0.7312943820983283,0.7312943820983282,0.5694007747806609,0.5694007747806609,0.47586904745548964,0.47586904745548964,0.560239240527153,0.560239240527153,0.39149885810911655,0.39149885810911655,0.18179672746919096,0.18179672746919096,1.0907190013676882,1.0907190013676882
K5-B,train,4,bopomofo,hard,32,2,0.06143556815087146,0.06143556815087146,0.7699620980392702,0.7699620980392702,0.5725714680738747,0.5725714680738747,0.45257739117369056,0.45257739117369056,0.5715112080797553,0.5715112080797553,0.33364356798119843,0.33364356798119843,0.16896908381022513,0.16896908381022513,1.0673911347985268,1.0673911347985268
K5-B,train,8,all,all,576,5,0.06710021352109999,0.06867808856127086,0.766048019655749,0.7625081568082042,0.4679115606834077,0.46506786761605845,0.42964017076883465,0.4285041409261924,0.44498683785140103,0.43749299572348327,0.4142935027032056,0.4195152850771722,0.16464053893772265,0.1616330168236579,0.9387118652100779,0.9339802616521983
K5-B,train,8,western,all,400,5,0.06295722379663671,0.06295722379663671,0.7835550202040983,0.7835550202040984,0.4560555257275701,0.45605552572757,0.426064096968621,0.426064096968621,0.42773033989593384,0.4277303398959339,0.42439785301685334,0.42439785301685334,0.16521778428927064,0.16521778428927064,0.9234240683540702,0.9234240683540701
K5-B,train,8,western,easy,160,2,0.0765931080005787,0.0765931080005787,0.7490225777719253,0.7490225777719253,0.4403326166793704,0.4403326166793704,0.4307283593341708,0.4307283593341708,0.3775342552922666,0.3775342552922666,0.4839224603958428,0.4839224603958428,0.1434414979070425,0.14344149790704253,0.9069213474169373,0.9069213474169373
K5-B,train,8,kana,all,128,4,0.08075800876991421,0.08075800876991421,0.7134673511201437,0.7134673511201437,0.4906088337302208,0.4906088337302208,0.4473504696507007,0.4473504696507007,0.4784272249089554,0.4784272249089554,0.41627371415961534,0.41627371415961534,0.16438966628629714,0.16438966628629714,0.9790567173622549,0.9790567173622549
K5-B,train,8,kana,easy,64,2,0.0924852292262391,0.0924852292262391,0.6913181103494495,0.6913181103494495,0.41497419588267803,0.41497419588267803,0.42459916416555643,0.42459916416555643,0.4012786920648068,0.4012786920648068,0.4479196446482092,0.4479196446482092,0.1483824891038239,0.1483824891038239,0.8766689794138074,0.8766689794138074
K5-B,train,8,western,medium,80,1,0.0538293217677696,0.0538293217677696,0.8049397211599949,0.8049397211599949,0.34224970210343597,0.34224970210343597,0.3387443241663277,0.3387443241663277,0.31000060876831415,0.31000060876831415,0.3674880389124155,0.3674880389124155,0.15879129469394684,0.15879129469394684,0.7206918517127633,0.7206918517127633
K5-B,train,8,bopomofo,all,48,3,0.06520434056145606,0.06520434056145606,0.7603714645144515,0.7603714645144515,0.5061857905238867,0.5061857905238867,0.4122133220856388,0.4122133220856388,0.4996166219934821,0.4996166219934821,0.32481001953904826,0.32481001953904826,0.16049915474529067,0.16049915474529067,0.9585238999376694,0.9585238999376694
K5-B,train,8,bopomofo,easy,16,1,0.0746748514944172,0.0746748514944172,0.7337725891807036,0.7337725891807036,0.3763429392129183,0.3763429392129183,0.34297127462923527,0.34297127462923527,0.3592672096565366,0.3592672096565366,0.32667534332722425,0.32667534332722425,0.14298026356846094,0.14298026356846094,0.7550592795014381,0.7550592795014381
K5-B,train,8,western,hard,160,2,0.05388529060712827,0.05388529060712827,0.8073951121583232,0.8073951121583232,0.5286813465878367,0.5286813465878367,0.4650597210042179,0.4650597210042179,0.536791290063411,0.5367912900634111,0.3933281526900828,0.3933281526900828,0.19020731546916067,0.19020731546916067,1.0412928976118565,1.0412928976118565
K5-B,train,8,kana,hard,64,2,0.06903078831358932,0.06903078831358932,0.735616591890838,0.735616591890838,0.5662434715777636,0.5662434715777636,0.47010177513584495,0.47010177513584495,0.555575757753104,0.555575757753104,0.38462778367102146,0.38462778367102146,0.18039684346877038,0.18039684346877038,1.0814444553107023,1.0814444553107023
K5-B,train,8,bopomofo,hard,32,2,0.060469085094975485,0.060469085094975485,0.7736709021813255,0.7736709021813255,0.5711072161793709,0.5711072161793709,0.4468343458138406,0.4468343458138406,0.5697913281619549,0.5697913281619549,0.3238773576449603,0.3238773576449603,0.16925860033370554,0.16925860033370554,1.060256210155785,1.060256210155785
K5-B,val,all,all,all,29324,32,0.08348086926922343,0.08001504522373375,0.736889632495223,0.7433589006651324,0.5359369945935849,0.539247619009786,0.48035687635051955,0.47997316676727914,0.5464623594685043,0.5430641021846769,0.4091079633105669,0.411813136864638,0.15281980903101433,0.15556268684702412,1.0544988233654524,1.0581114574693384
K5-B,val,1,all,all,7331,32,0.0846874996865647,0.08102108655160124,0.7345265999554202,0.7413669646875394,0.5396891384696899,0.542488614122597,0.48306190662158166,0.482262620473061,0.5511782681420822,0.5468438039444482,0.4093819245168983,0.4122784252950346,0.15308731444542836,0.1558283973509998,1.061022873573049,1.0637083339510147
K5-B,val,all,western,all,11176,32,0.06451765062896654,0.0642956854031495,0.7882386731128267,0.7890039835692289,0.49954633293580064,0.5018223741853888,0.45796045455908296,0.4577083157290601,0.509179531746266,0.5110708781311477,0.4014679366338041,0.3991121754520083,0.15868087540498654,0.15811476154592047,0.9971770061927987,0.9990593801403939
K5-B,val,all,all,hard,13632,18,0.0787628605838191,0.07241635446951303,0.7502333721855567,0.7629281166023196,0.603549259763152,0.5972810048978032,0.4937778423226574,0.48454963844659915,0.6131074761484308,0.5948553258136903,0.3728772055267445,0.37184618758786514,0.1593103015750533,0.15960295433577823,1.1371546782730277,1.1217313822870492
K5-B,val,1,western,all,2794,32,0.06570030303054669,0.06548548687798712,0.7855884516763616,0.7863307632842771,0.5046874816364788,0.5069920940104576,0.46298635538211447,0.46282550879075973,0.515419976723113,0.5172531296999165,0.40453463031709697,0.4024278233385492,0.1594772984486396,0.15893112811200516,1.007543161783418,1.0095503850108882
K5-B,val,1,western,hard,1459,17,0.06580746968985979,0.0653992850222507,0.7840655460307939,0.7855171920084569,0.5677781956343106,0.5698645389821023,0.48553807823072975,0.4844304218354862,0.5692922463659721,0.5708201492854843,0.398070422545678,0.39433538020909675,0.1701399776714358,0.1687313340516302,1.0958512684124802,1.0964777945154978
K5-B,val,all,kana,all,16224,24,0.0973079473558733,0.0973079473558733,0.6990505740595548,0.6990505740595548,0.5624552560135303,0.5624552560135303,0.5016827404625802,0.5016827404625802,0.5737955439748533,0.5737955439748533,0.4242816853737498,0.4242816853737497,0.14994562369876008,0.14994562369876005,1.1016244026069957,1.1016244026069957
K5-B,val,1,kana,all,4056,24,0.09853757213149889,0.09853757213149889,0.6968551395568696,0.6968551395568695,0.5654605637107933,0.5654605637107933,0.5030637532950212,0.5030637532950212,0.5775322164711956,0.5775322164711956,0.42310602507492917,0.42310602507492917,0.14982769364413953,0.14982769364413953,1.1059812398469424,1.1059812398469424
K5-B,val,1,kana,hard,1690,10,0.09079375668742184,0.09079375668742184,0.7173996746461573,0.7173996746461573,0.6389759749350463,0.6389759749350463,0.5072433079664523,0.5072433079664525,0.6515457699990131,0.6515457699990131,0.36294084531861254,0.36294084531861254,0.15236209331840805,0.15236209331840805,1.184309806732031,1.184309806732031
K5-B,val,all,bopomofo,all,1924,13,0.0770372188771775,0.07703721887717752,0.7576921304775202,0.7576921304775202,0.5237071408566839,0.5237071408566838,0.43062277582402414,0.43062277582402414,0.5325430752651421,0.5325430752651421,0.32553544324114064,0.3255354432411407,0.14301081996395595,0.14301081996395595,0.9900826233170013,0.9900826233170013
K5-B,val,1,bopomofo,all,481,13,0.07818923278482101,0.07818923278482101,0.7555840420930732,0.7555840420930731,0.5256885738419892,0.5256885738419892,0.43101117908644826,0.43101117908644826,0.536660704320285,0.536660704320285,0.32181100587006234,0.32181100587006234,0.14345614327090694,0.14345614327090692,0.9925637906901306,0.9925637906901307
K5-B,val,1,bopomofo,hard,259,7,0.07724906005007108,0.07724906005007107,0.7604467024685481,0.7604467024685481,0.5927148644873534,0.5927148644873534,0.46207389865487697,0.46207389865487697,0.6109835399048669,0.6109835399048669,0.3131642578975172,0.3131642578975172,0.15144186581999178,0.1514418658199918,1.0926492324667088,1.0926492324667088
K5-B,val,all,all,easy,6696,8,0.09223872216892323,0.0873457288858235,0.7032973333997974,0.7162113017133666,0.41136785796448466,0.40776663435028804,0.4681454334817515,0.46492340646990404,0.42654575505922576,0.427593889643066,0.49124882490042565,0.48661634449063673,0.14860857617089984,0.15162857589092013,0.9166654353313762,0.9105971846802765
K5-B,val,1,western,easy,623,7,0.06456352662397667,0.06456352662397667,0.7835959742764553,0.7835959742764553,0.35838364133458844,0.35838364133458844,0.41767667934752967,0.4176766793475296,0.3884676767701513,0.3884676767701513,0.4300867970584388,0.43008679705843883,0.14746257799107995,0.14746257799107992,0.812925966985727,0.8129259669857269
K5-B,val,all,all,medium,8996,13,0.08411151748877012,0.07613628775725358,0.7416731112951719,0.7623231331437067,0.5262020612984445,0.5204197119874236,0.4691089009522411,0.44836869471698304,0.5347299620189458,0.5281549217076714,0.4028699109432229,0.3676298578467786,0.14611905545953674,0.14123842418855725,1.0318407255637747,1.0040980121367762
K5-B,val,1,kana,medium,1352,8,0.0964840763194968,0.0964840763194968,0.7093019165637449,0.7093019165637449,0.5516663001762074,0.5516663001762074,0.4903991693774095,0.49039916937740946,0.5558428926966511,0.5558428926966511,0.4244805062244806,0.42448050622448064,0.14646524404445607,0.14646524404445607,1.0786817792758963,1.0786817792758963
K5-B,val,1,bopomofo,medium,185,5,0.06453267605841134,0.06453267605841134,0.784012288600681,0.7840122886006811,0.4369807088697279,0.43698070886972784,0.3577308088541031,0.3577308088541031,0.43101110683905114,0.4310111068390511,0.2844505129432356,0.28445051294323564,0.1334999200460073,0.1334999200460073,0.8280864991046287,0.8280864991046286
K5-B,val,1,western,medium,712,8,0.0664753810436862,0.0664753810436862,0.7904525426272391,0.7904525426272391,0.5034205445370982,0.5034205445370983,0.4564202943335423,0.4564202943335423,0.5161104843941298,0.5161104843941298,0.3954226629837322,0.3954226629837322,0.14814067184611152,0.14814067184611152,0.9968760055856088,0.9968760055856088
K5-B,val,1,kana,easy,1014,6,0.11418192562096337,0.11418192562096337,0.6460185450655561,0.6460185450655561,0.46132722971648626,0.46132722971648626,0.5129839407327847,0.5129839407327847,0.4830953922908922,0.4830953922908922,0.521548683136055,0.521548683136055,0.15008696031993662,0.15008696031993662,1.0118329091331897,1.01183290913319
K5-B,val,1,bopomofo,easy,37,1,0.15305322556011894,0.15305322556011894,0.57940418692671,0.57940418692671,0.5000438641857456,0.5000438641857456,0.5799739932691729,0.5799739932691729,0.5446488426343815,0.5446488426343815,0.5691407063120121,0.5691407063120121,0.13733720155181112,0.13733720155181112,1.1143521561815932,1.1143521561815932
K5-B,val,2,all,all,7331,32,0.08404523954805213,0.0804054470947139,0.7356266224479947,0.7425399436316867,0.5388027334443757,0.5411748523310087,0.4833898798562205,0.4818070639759404,0.5490975467646461,0.5450058065599375,0.4124695348583912,0.41348993651605825,0.15302100477560027,0.1555838513329202,1.0604478649692408,1.0618778796317074
K5-B,val,2,western,all,2794,32,0.06482190286301527,0.06457324699712705,0.7874879914785057,0.7883057109118382,0.5014493689500995,0.503619801001684,0.4599056134991076,0.4594961670563219,0.5110332082847697,0.5128309781899917,0.40349242196727675,0.40091623211334976,0.15874293169344034,0.15815308249110627,1.0010407159882269,1.002654239315244
K5-B,val,2,western,hard,1459,17,0.06565413963187322,0.06515637843453811,0.78463906728659,0.786279983910843,0.5670075895209848,0.5687532911548809,0.48487844061287727,0.4832164206966862,0.569489038740224,0.5707867478251398,0.39663387671996464,0.3920293643203419,0.16920079693269696,0.16771724422207746,1.094186229379803,1.0938990229767622
K5-B,val,2,kana,all,4056,24,0.09795225517774978,0.09795225517774979,0.6977270700578556,0.6977270700578556,0.5653990011449161,0.565399001144916,0.5049868350631798,0.5049868350631798,0.5762938020991518,0.5762938020991518,0.4282801088537076,0.4282801088537076,0.15014090420700302,0.15014090420700302,1.107921062570058,1.107921062570058
K5-B,val,2,kana,hard,1690,10,0.09063053323729228,0.09063053323729228,0.7182093805689349,0.7182093805689349,0.6396672602588609,0.6396672602588608,0.5097341855602151,0.5097341855602152,0.6544001078993611,0.6544001078993611,0.3650682626020703,0.36506826260207037,0.15184879952148925,0.15184879952148925,1.1873636461926635,1.1873636461926635
K5-B,val,2,bopomofo,all,481,13,0.07843847718617938,0.07843847718617938,0.7539632532653668,0.7539632532653667,0.5315071796057378,0.5315071796057378,0.43768881932055875,0.4376888193205588,0.5408724949476377,0.5408724949476377,0.331293579126106,0.3312935791261061,0.14407011932401054,0.14407011932401054,1.0052135298009226,1.0052135298009226
K5-B,val,2,bopomofo,hard,259,7,0.07810332982667541,0.07810332982667541,0.757719492199297,0.757719492199297,0.6026369656029815,0.6026369656029816,0.4728904860130148,0.4728904860130148,0.6239846736537904,0.6239846736537904,0.3217962983956122,0.3217962983956122,0.15223881251333302,0.15223881251333302,1.113587158872354,1.113587158872354
K5-B,val,2,western,easy,623,7,0.0604798945951664,0.0604798945951664,0.7910587287675322,0.7910587287675321,0.34458083462083705,0.344580834620837,0.40297695511225523,0.40297695511225523,0.36439143485998077,0.36439143485998077,0.4275873305984619,0.4275873305984619,0.14671226961009,0.14671226961009,0.7842358588024281,0.7842358588024281
K5-B,val,2,kana,medium,1352,8,0.09824586797397707,0.09824586797397705,0.7054912891696016,0.7054912891696016,0.5589134613129162,0.5589134613129161,0.49993502954847713,0.49993502954847713,0.5639497085981424,0.5639497085981424,0.43546351977794834,0.43546351977794834,0.14797934116079256,0.14797934116079256,1.0958433262562963,1.0958433262562963
K5-B,val,2,bopomofo,medium,185,5,0.0652282452489254,0.06522824524892538,0.7820691696273283,0.7820691696273283,0.44060397067585505,0.440603970675855,0.3630521741670531,0.3630521741670531,0.43220841924886444,0.4322084192488645,0.2938959316224665,0.2938959316224665,0.1341002364617747,0.1341002364617747,0.837181201818827,0.837181201818827
K5-B,val,2,western,medium,712,8,0.06691577604434408,0.06691577604434407,0.7902014901652209,0.7902014901652209,0.5043702300093816,0.5043702300093816,0.4585449385216062,0.45854493852160616,0.5195595681290613,0.5195595681290613,0.3964636149990184,0.3964636149990184,0.1478399500836817,0.1478399500836817,0.9998751569832309,0.9998751569832309
K5-B,val,2,kana,easy,1014,6,0.10976364135020926,0.10976364135020927,0.6532375937237291,0.6532375937237291,0.4502659557310082,0.4502659557310082,0.5038103249210578,0.5038103249210578,0.46257541710014877,0.4625754171001488,0.5240553047074487,0.5240553047074487,0.15017649607780653,0.1501764960778065,0.9916204049507307,0.9916204049507306
K5-B,val,2,bopomofo,easy,37,1,0.14683566838897721,0.14683566838897721,0.5871399989180471,0.5871399989180471,0.4881147222744452,0.4881147222744452,0.5644603782408947,0.5644603782408947,0.502407622498435,0.502407622498435,0.5847627817577606,0.5847627817577606,0.136738681309932,0.136738681309932,1.0867597662113808,1.0867597662113808
K5-B,val,4,all,all,7331,32,0.0827064707034866,0.07938430377508614,0.7384205709937667,0.7446109913101642,0.5335580221958008,0.5373976049521534,0.4778922273143628,0.4779118018014061,0.5437198609744823,0.5410884602219308,0.4071142874488384,0.40981143385826246,0.152519066226184,0.15522683364195952,1.0495800159281101,1.0541161146497051
K5-B,val,4,western,all,2794,32,0.06392532317150196,0.06369026804967666,0.7894727744023599,0.7902853518646562,0.49746971973934684,0.49962870798552367,0.4550612367870941,0.45470488296398753,0.5065741466228972,0.5083594305025418,0.39858307439114554,0.3961207725780054,0.1581397082992618,0.15754074764718315,0.9920658831222618,0.9937187773936731
K5-B,val,4,western,hard,1459,17,0.06535638680020786,0.06486285446517245,0.7852807984486471,0.7869599705002799,0.5653140243906285,0.566956592846638,0.4822179068433985,0.4805778831347086,0.5665808464103647,0.5677997008060717,0.39418933960731056,0.3897112339328254,0.16902693404194996,0.16751090619844358,1.0897886646047203,1.0894122024004418
K5-B,val,4,kana,all,4056,24,0.09640740596803385,0.09640740596803384,0.7007822878381369,0.700782287838137,0.5598516114610863,0.5598516114610862,0.4994203460235626,0.4994203460235626,0.5710047217319247,0.5710047217319247,0.4226688430476952,0.4226688430476952,0.1497976763910546,0.1497976763910546,1.09672137661387,1.09672137661387
K5-B,val,4,kana,hard,1690,10,0.09000905470875069,0.09000905470875069,0.7198319591424392,0.7198319591424392,0.6359516642326434,0.6359516642326434,0.5065219196165807,0.5065219196165807,0.6523635580871232,0.6523635580871232,0.360680280146933,0.360680280146933,0.15161442279418896,0.15161442279418896,1.1803771900178412,1.1803771900178412
K5-B,val,4,bopomofo,all,481,13,0.07626890889758536,0.07626890889758536,0.7592542927310322,0.7592542927310322,0.5214663777120891,0.5214663777120891,0.4289769218022511,0.4289769218022511,0.5294116087211392,0.5294116087211393,0.325507077000253,0.325507077000253,0.1428181997378378,0.1428181997378378,0.98614784985347,0.98614784985347
K5-B,val,4,bopomofo,hard,259,7,0.07668966235142705,0.07668966235142705,0.7617438404970445,0.7617438404970445,0.5935381895441807,0.5935381895441807,0.4644392571163914,0.4644392571163914,0.6132013449107357,0.6132013449107357,0.3156771674683914,0.3156771674683915,0.150940005412203,0.15094000541220298,1.0957124500201016,1.0957124500201014
K5-B,val,4,western,easy,623,7,0.059100242098243785,0.059100242098243785,0.794200515133032,0.794200515133032,0.3383675868567647,0.33836758685676477,0.39721512322106295,0.3972151232210629,0.3545641607782814,0.35456416077828135,0.4273314315520741,0.42733143155207415,0.1459254641055965,0.1459254641055965,0.7720640758545785,0.7720640758545786
K5-B,val,4,kana,medium,1352,8,0.09563394757403701,0.095633947574037,0.7105851001069374,0.7105851001069374,0.5498840725655563,0.5498840725655563,0.4896607647302764,0.4896607647302764,0.5571212531067431,0.5571212531067431,0.4217466062000958,0.4217466062000958,0.14707940007345036,0.14707940007345036,1.076314686472423,1.076314686472423
K5-B,val,4,bopomofo,medium,185,5,0.06325185019578401,0.06325185019578401,0.786940999478158,0.7869409994781581,0.4316232666775987,0.43162326667759865,0.355366219338533,0.3553662193385331,0.42430629524830227,0.4243062952483022,0.2864261435797891,0.2864261435797891,0.13282146834441133,0.13282146834441133,0.8201948509828464,0.8201948509828464
K5-B,val,4,western,medium,712,8,0.06521479462425185,0.06521479462425185,0.7939260194041271,0.7939260194041271,0.49766043364331963,0.49766043364331963,0.4500282973762644,0.4500282973762644,0.5166197171162689,0.5166197171162689,0.3824317155967027,0.3824317155967027,0.14651753382464305,0.14651753382464305,0.9843181131009975,0.9843181131009975
K5-B,val,4,kana,easy,1014,6,0.10810260259216825,0.10810260259216825,0.6559624193058992,0.6559624193058992,0.4463082420358644,0.4463082420358644,0.5005971650929141,0.5005971650929141,0.4539179526401695,0.4539179526401695,0.5272127636790981,0.5272127636790981,0.1503941341426363,0.15039413414263633,0.9845039411291804,0.9845039411291804
K5-B,val,4,bopomofo,easy,37,1,0.13840892822970027,0.13840892822970027,0.603393924633317,0.603393924633317,0.4661792500599011,0.4661792500599011,0.5487940869218594,0.5487940869218594,0.4684100227581488,0.4684100227581488,0.5897211108256031,0.5897211108256031,0.13594921698441376,0.13594921698441376,1.0489606430401672,1.0489606430401672
K5-B,val,8,all,all,7331,32,0.0824842671387903,0.07924934347353371,0.7389847365837103,0.7449177030311395,0.5316980842644733,0.5359294046333848,0.47708349160991315,0.4779111808187091,0.5418537619928069,0.5393183380123913,0.40746610641813985,0.4116727517891967,0.1526518506768447,0.15561166506221702,1.04694453899141,1.0527435016449262
K5-B,val,8,western,all,2794,32,0.0636230734508022,0.06343373968780719,0.7904054748940796,0.7910941082161439,0.4945787614172774,0.49704889374389,0.45388861256801577,0.4538067041051713,0.5036907953542837,0.505839974132141,0.39926161985969705,0.3969838737781288,0.15836356317860448,0.15783408793338735,0.988058263877288,0.9903141188417703
K5-B,val,8,western,hard,1459,17,0.06515496160672021,0.06474389450993936,0.7861517836399787,0.7875998517357886,0.5626335255316547,0.5648542655210905,0.4802075248821865,0.47911400434871254,0.5636696601471646,0.5655744866247071,0.3930799883724566,0.3890130929725919,0.16920186382877328,0.16781837821510015,1.0851415163895461,1.0859228642436
K5-B,val,8,kana,all,4056,24,0.09633455614621067,0.09633455614621067,0.7008377987853572,0.7008377987853572,0.5591098477373256,0.5591098477373256,0.4992600274685572,0.4992600274685572,0.570351435597141,0.570351435597141,0.42307176451866707,0.42307176451866707,0.1500162205528431,0.1500162205528431,1.0958739313971126,1.0958739313971126
K5-B,val,8,kana,hard,1690,10,0.09043950260084309,0.09043950260084309,0.7189357619964591,0.7189357619964591,0.6355907749494857,0.6355907749494858,0.50573946555867,0.50573946555867,0.6515276338045414,0.6515276338045414,0.3599512955654666,0.35995129556546657,0.15162376168916916,0.15162376168916916,1.1792361838225076,1.1792361838225076
K5-B,val,8,bopomofo,all,481,13,0.07525225664012428,0.07525225664012428,0.7619669338206088,0.7619669338206088,0.5161664322669194,0.5161664322669194,0.4248141830868384,0.4248141830868384,0.5232274930715065,0.5232274930715065,0.3235301109681413,0.3235301109681413,0.14169881752306854,0.14169881752306854,0.9764053229234818,0.9764053229234819
K5-B,val,8,bopomofo,hard,259,7,0.07649716910976102,0.07649716910976101,0.7626552524717741,0.762655252471774,0.5911940866110408,0.5911940866110408,0.46063278931908624,0.4606327893190863,0.6102824989548061,0.6102824989548061,0.3109830802910634,0.3109830802910634,0.14983910063288847,0.14983910063288847,1.0892866553026737,1.0892866553026737
K5-B,val,8,western,easy,623,7,0.058335021742779505,0.0583350217427795,0.7964192241394266,0.7964192241394265,0.3339319781581146,0.33393197815811465,0.39664078532549196,0.39664078532549196,0.3509645728068501,0.3509645728068501,0.4304234431563229,0.43042344315632297,0.1456953545503115,0.1456953545503115,0.7669965988129712,0.7669965988129712
K5-B,val,8,kana,medium,1352,8,0.0955818569389253,0.09558185693892529,0.7107341238454631,0.7107341238454631,0.5499184980613769,0.5499184980613769,0.49039123493891495,0.49039123493891495,0.5593722528783527,0.5593722528783528,0.42099845616461035,0.42099845616461035,0.14738537568444685,0.14738537568444685,1.077156076593512,1.077156076593512
K5-B,val,8,bopomofo,medium,185,5,0.06159296704793028,0.06159296704793028,0.791507484065721,0.791507484065721,0.4230323074637233,0.4230323074637233,0.3499661678397978,0.3499661678397977,0.4177416710434733,0.4177416710434733,0.2821906668712964,0.2821906668712964,0.13140977884869318,0.13140977884869318,0.8058509224169963,0.8058509224169963
K5-B,val,8,western,medium,712,8,0.0651110388926755,0.06511103889267551,0.7938599268040266,0.7938599268040266,0.4956897798548923,0.4956897798548924,0.4500488700198658,0.4500488700198658,0.5144201112450676,0.5144201112450676,0.38466215978397494,0.384662159783975,0.14723886279493906,0.14723886279493906,0.9825483648880814,0.9825483648880814
K5-B,val,8,kana,easy,1014,6,0.10716324433153712,0.10716324433153712,0.6574794266867128,0.6574794266867129,0.4438967686183236,0.44389676861832367,0.5002860206912255,0.5002860206912255,0.44969668220985803,0.44969668220985803,0.5310369572460769,0.5310369572460769,0.15084477848349473,0.15084477848349473,0.9818939837595885,0.9818939837595885
K5-B,val,8,bopomofo,easy,37,1,0.13483431731363718,0.13483431731363718,0.60944595203689,0.60944595203689,0.45664347587405024,0.45664347587405024,0.5483240156963065,0.5483240156963065,0.4412715620285756,0.4412715620285756,0.6180565461919114,0.6180565461919114,0.13616202912620595,0.13616202912620595,1.0390079988015664,1.0390079988015664
K5-B,test,all,all,all,28352,32,0.0876650375022294,0.08382730017892072,0.7278556256152403,0.7363555545143308,0.5512026851199479,0.5573180996203618,0.4975789835251885,0.49906770577797444,0.5550842248965012,0.5597013483718861,0.4387016774142684,0.43643145167959035,0.15373042578434226,0.1580417898547536,1.087214274933713,1.0958962525118106
K5-B,test,1,all,all,7088,32,0.0876391259491632,0.08396698191578997,0.7280790657667672,0.7357292183631051,0.5527470896680656,0.5613102540989809,0.4986138910793071,0.5023147094225369,0.5604617331275805,0.5667986105072434,0.4353422540648363,0.43566787962250386,0.15421307319722666,0.15897913485573162,1.0899142489598277,1.103369747158297
K5-B,test,all,western,all,11176,32,0.06999660630813109,0.06966105368861171,0.7769433780193956,0.7777051268559393,0.5292335621133959,0.531427674192692,0.48722670857881917,0.4870526294652705,0.5395179445719988,0.5415159129722371,0.4318557019414128,0.42945475746484363,0.16274213999057816,0.16269937388464698,1.0571458052214484,1.0591551466388345
K5-B,test,all,all,easy,5456,6,0.10859503926477676,0.10395999900262178,0.6620604858027056,0.6735697720014567,0.4759024772301447,0.47182558588116574,0.5072488104869937,0.5024322081303497,0.43778650726183505,0.4346754265614035,0.5764450561391774,0.5699545561239078,0.14542724894458028,0.14728757821942293,1.019508100193966,1.011079688643365
K5-B,test,1,western,all,2794,32,0.07030848515015446,0.06995239362157964,0.7759064842117457,0.776713376102474,0.5331509349255709,0.5351899876129308,0.49025499400980743,0.4899676429658342,0.5475784170607327,0.5493559790360827,0.4297130998122688,0.4273195384550369,0.16363282334899468,0.163580824591612,1.064314133960303,1.066052835999241
K5-B,test,1,western,easy,445,5,0.08078252081497392,0.08078252081497392,0.7368020578802732,0.7368020578802732,0.43927346993698163,0.43927346993698163,0.4704850954955883,0.47048509549558837,0.44067266091202084,0.44067266091202084,0.5002975274170383,0.5002975274170383,0.14971314685398274,0.14971314685398274,0.947186849559291,0.9471868495592911
K5-B,test,all,kana,all,15548,23,0.10098687784929185,0.10098687784929186,0.6908460356708334,0.6908460356708334,0.5700830951819912,0.5700830951819912,0.5126455515567505,0.5126455515567505,0.5715613455186014,0.5715613455186014,0.45344153648205937,0.45344153648205937,0.14918382533310556,0.14918382533310556,1.1200246031161043,1.1200246031161043
K5-B,test,1,kana,all,3887,23,0.10077626836991692,0.10077626836991692,0.6918713037302753,0.6918713037302752,0.5702146410612389,0.5702146410612389,0.5125427891325147,0.5125427891325147,0.5753795408461926,0.5753795408461926,0.44942318461595787,0.44942318461595787,0.14945954328595995,0.14945954328595995,1.1201223164129785,1.1201223164129785
K5-B,test,1,kana,easy,845,5,0.12175230242697012,0.12175230242697013,0.6258719360049131,0.6258719360049131,0.49292696679132225,0.4929269667913222,0.5242040033347508,0.5242040033347508,0.46107935221237545,0.4610793522123754,0.5869315358793594,0.5869315358793594,0.14435650681602885,0.14435650681602885,1.053220095366416,1.053220095366416
K5-B,test,all,bopomofo,all,1628,11,0.08172794494026112,0.08172794494026112,0.7443300627078695,0.7443300627078696,0.5217028712849213,0.5217028712849213,0.424754674585321,0.424754674585321,0.5045820611828814,0.5045820611828815,0.3449272874257063,0.3449272874257063,0.13528793551833243,0.13528793551833243,0.9802795298013113,0.9802795298013113
K5-B,test,1,bopomofo,all,407,11,0.08114708123899299,0.081147081238993,0.7455477731391853,0.7455477731391853,0.520450490368965,0.5204504903689648,0.422970479972093,0.4229704799720931,0.5064333952615536,0.5064333952615536,0.339507561016837,0.339507561016837,0.13494572391234685,0.13494572391234685,0.9771574015845831,0.977157401584583
K5-B,test,1,bopomofo,easy,74,2,0.11051814682329389,0.11051814682329388,0.6625751467642599,0.6625751467642599,0.5109109431505203,0.5109109431505203,0.48162305737669403,0.48162305737669403,0.40523190131864034,0.4052319013186403,0.5580142110183433,0.5580142110183433,0.13554154346520836,0.13554154346520836,1.0264193850594598,1.0264193850594598
K5-B,test,all,all,medium,11172,13,0.09287738890938929,0.09226556063552695,0.7227322608002164,0.7218595631329703,0.5568890023817843,0.5456373515649056,0.49544774059698415,0.49417897952337897,0.5689015306700441,0.5540793570687537,0.4219278508961595,0.43420966390524407,0.1475636222594172,0.1489462885022139,1.0892276484832686,1.0770529032557101
K5-B,test,1,western,medium,712,8,0.07299514594578467,0.07299514594578467,0.7756995666798506,0.7756995666798506,0.5137631959710898,0.5137631959710898,0.47932744658227716,0.47932744658227716,0.5334364405173934,0.5334364405173934,0.4252184518728028,0.4252184518728029,0.15326697585497345,0.15326697585497345,1.031407386399387,1.031407386399387
K5-B,test,1,kana,medium,1859,11,0.10278192285315446,0.10278192285315448,0.6973999160831548,0.6973999160831549,0.583397079878369,0.583397079878369,0.5149517756530583,0.5149517756530583,0.5996248548376489,0.5996248548376489,0.43017852542728524,0.43017852542728524,0.1476804292517814,0.14768042925178138,1.1352689636208924,1.1352689636208924
K5-B,test,1,bopomofo,medium,222,6,0.07710614451767944,0.07710614451767944,0.7582219443927946,0.7582219443927946,0.5145462980946979,0.5145462980946979,0.40263280309401117,0.40263280309401117,0.5170824722395287,0.5170824722395287,0.28818312904017196,0.28818312904017196,0.12932173968166918,0.12932173968166918,0.9495095377032822,0.9495095377032822
K5-B,test,all,all,hard,11724,20,0.07295790004596459,0.0711236939621923,0.763356863633889,0.7700132486658611,0.5808265675660013,0.5762569035171949,0.4951098322193448,0.49258625155620994,0.5965043381098003,0.5896474174669243,0.3905840823560297,0.39242252840458425,0.16347092918064082,0.16558557982623526,1.1168041316451107,1.1102395491510733
K5-B,test,1,western,hard,1637,19,0.06629269507236987,0.06582120127628428,0.7866265788972768,0.7876432217073156,0.5671030070425609,0.5694529834821136,0.5003820670747,0.4995747118300282,0.5827904810711386,0.584659815813442,0.4124804297137821,0.408999472552293,0.17192527261962595,0.17157288662220435,1.110466391640097,1.1119209164728505
K5-B,test,1,bopomofo,hard,111,3,0.0696482442920862,0.0696482442920862,0.7755145148819172,0.7755145148819174,0.5386185730631287,0.5386185730631287,0.42454411545852283,0.42454411545852283,0.5526029039342124,0.5526029039342125,0.2964853249691628,0.2964853249691628,0.1457964793384612,0.1457964793384612,0.9996118070306005,0.9996118070306004
K5-B,test,1,kana,hard,1183,7,0.08264164414121992,0.08264164414121992,0.7303258898367231,0.7303258898367231,0.6047048616842607,0.6047048616842606,0.5004278001700633,0.5004278001700633,0.6189227535980593,0.6189227535980591,0.3814445410100137,0.38144454101001374,0.15590031996104844,0.15590031996104844,1.1441077429766586,1.1441077429766586
K5-B,test,2,all,all,7088,32,0.08849581404192916,0.08440622805726569,0.726563338411494,0.7357578180963229,0.5538420135746068,0.5584594394330078,0.5002919491212269,0.4999805719969455,0.5566098762079065,0.5602370033893854,0.44261920601979654,0.43776674864940807,0.15353274231347724,0.15776887867722145,1.0925171474251332,1.097882229952027
K5-B,test,2,western,all,2794,32,0.07086257554898998,0.07052088398401934,0.7757984008299784,0.7765708783024735,0.5320432262845822,0.5342413746012087,0.49020875058134883,0.49001891990474095,0.5421756225009432,0.544154645384962,0.4352121574066862,0.43279586788249175,0.16255791083980903,0.16252105685957546,1.0628914532912315,1.0648905573620038
K5-B,test,2,western,easy,445,5,0.08525292373503708,0.08525292373503708,0.7274675869683555,0.7274675869683553,0.45085006105096154,0.4508500610509615,0.482530754838097,0.48253075483809693,0.4252944158034378,0.4252944158034378,0.5397670922654398,0.5397670922654398,0.1491791000192085,0.1491791000192085,0.9706755901990312,0.9706755901990313
K5-B,test,2,kana,all,3887,23,0.10176492773818571,0.10176492773818571,0.6895035470227007,0.6895035470227006,0.5724736898524123,0.5724736898524122,0.5150081789835517,0.5150081789835517,0.5723321723591431,0.5723321723591431,0.4573914418598397,0.45739144185983965,0.14895909386542022,0.14895909386542022,1.1247216419922774,1.1247216419922774
K5-B,test,2,kana,easy,845,5,0.12363117891592863,0.12363117891592863,0.6221107025868586,0.6221107025868587,0.49251047476861604,0.49251047476861604,0.5292333120777762,0.5292333120777762,0.44431876392054137,0.4443187639205413,0.6136976054698758,0.6136976054698758,0.14377346701875945,0.14377346701875945,1.057687152666453,1.0576871526664529
K5-B,test,2,bopomofo,all,407,11,0.08282068728989683,0.08282068728989683,0.7425059544581631,0.7425059544581631,0.5255483673743593,0.5255483673743592,0.42896632564595055,0.42896632564595055,0.5055453546290316,0.5055453546290316,0.3523872972109083,0.3523872972109083,0.1352562082963435,0.1352562082963435,0.9883287420876196,0.9883287420876197
K5-B,test,2,bopomofo,easy,74,2,0.11069326449611375,0.11069326449611375,0.6625813962813538,0.6625813962813538,0.5078835833717037,0.5078835833717037,0.4830011149515977,0.4830011149515977,0.39659411218520757,0.39659411218520757,0.5694081139926975,0.5694081139926975,0.135063534149447,0.135063534149447,1.0246505866179596,1.0246505866179594
K5-B,test,2,western,medium,712,8,0.07483226007319282,0.07483226007319282,0.7726846122141812,0.7726846122141812,0.5208244702224148,0.5208244702224148,0.49348822757183164,0.49348822757183164,0.5356934322567468,0.5356934322567468,0.4512830244356327,0.4512830244356327,0.1539641795261355,0.1539641795261355,1.0528037416633595,1.0528037416633595
K5-B,test,2,kana,medium,1859,11,0.1032446598958901,0.1032446598958901,0.6962149481553281,0.696214948155328,0.5824413430697178,0.5824413430697178,0.5148311132798598,0.5148311132798598,0.5931517759948215,0.5931517759948215,0.43641116921481843,0.4364111692148184,0.14743801689295438,0.14743801689295438,1.1341319605828357,1.1341319605828357
K5-B,test,2,bopomofo,medium,222,6,0.07958333448338044,0.07958333448338044,0.7531003653317899,0.7531003653317899,0.5219872648920025,0.5219872648920024,0.4113049325910774,0.4113049325910774,0.5153792402497283,0.5153792402497283,0.3072306260881895,0.3072306260881895,0.13024573044868204,0.130245730448682,0.9658536292142696,0.9658536292142696
K5-B,test,2,western,hard,1637,19,0.06522413918733855,0.064828715169889,0.7902909052055862,0.7911291196381014,0.5589941809853913,0.5618356800107658,0.49086954501538865,0.49052872853613544,0.5767678377937091,0.5789962692235591,0.3998001822467868,0.39686147975934083,0.16993256417548577,0.16963499385269937,1.0923468654812585,1.0947731553306361
K5-B,test,2,bopomofo,hard,111,3,0.07071367476545172,0.07071367476545172,0.7746001714954492,0.7746001714954492,0.5444470950075098,0.5444470950075098,0.4282659188852654,0.4282659188852654,0.5585117450168541,0.5585117450168541,0.29802009493515297,0.29802009493515297,0.1454056134229308,0.1454056134229308,1.0090644048140929,1.009064404814093
K5-B,test,2,kana,hard,1183,7,0.08382088350626246,0.08382088350626246,0.727094805554173,0.727094805554173,0.613926816999358,0.613926816999358,0.5051256157363357,0.5051256157363359,0.6310538012449356,0.6310538012449357,0.37871318200913306,0.37871318200913306,0.1550533768554814,0.1550533768554814,1.1578157765827033,1.1578157765827033
K5-B,test,4,all,all,7088,32,0.08769358017340056,0.08376269345579505,0.727472333252211,0.7363188181949675,0.5504415577475158,0.5557615112805604,0.4971480622654255,0.497971874456081,0.5526995360535941,0.5567633650106708,0.4402452774070472,0.4372429585476285,0.15365311020194777,0.15780665400409116,1.0860028974732918,1.0931850486412826
K5-B,test,4,western,all,2794,32,0.06990700351613244,0.06957511294368467,0.7770299149808401,0.7777853178885678,0.5277919992697861,0.5300379974881323,0.48648636932928135,0.48633953451750117,0.536283032241982,0.5383525613399007,0.43366915847554155,0.431240890968914,0.16251888376265317,0.16247824048574497,1.0549080887637399,1.0569970913093987
K5-B,test,4,western,easy,445,5,0.08393401764185698,0.083934017641857,0.729718700540677,0.729718700540677,0.4457893944523308,0.4457893944523308,0.47756501807925406,0.47756501807925406,0.4175464134202914,0.4175464134202914,0.5375836230228456,0.5375836230228457,0.1493066048521674,0.1493066048521674,0.9606810626019253,0.9606810626019253
K5-B,test,4,kana,all,3887,23,0.10109713489426657,0.10109713489426655,0.6901457973670164,0.6901457973670164,0.569802598683209,0.569802598683209,0.5124161086606587,0.5124161086606587,0.5697032305945582,0.5697032305945582,0.45483604062143507,0.4548360406214351,0.14917437048115703,0.14917437048115706,1.1195123000978535,1.1195123000978533
K5-B,test,4,kana,easy,845,5,0.1225774764006523,0.12257747640065231,0.6236313075464892,0.6236313075464893,0.4893840775863659,0.4893840775863659,0.5261504464424573,0.5261504464424573,0.44084418483034393,0.440844184830344,0.6110001432781036,0.6110001432781036,0.14419127632174972,0.14419127632174972,1.0515823460894929,1.0515823460894929
K5-B,test,4,bopomofo,all,407,11,0.08178713786480331,0.08178713786480331,0.7437484060678412,0.7437484060678411,0.5210226394913413,0.5210226394913413,0.4245236733841369,0.4245236733841369,0.5030050666897538,0.5030050666897536,0.3460422790785496,0.3460422790785496,0.13556438775993976,0.13556438775993976,0.979437412295939,0.979437412295939
K5-B,test,4,bopomofo,easy,74,2,0.10970956595382146,0.10970956595382148,0.6646891528374027,0.6646891528374026,0.5079231362890553,0.5079231362890553,0.47845984210033676,0.47845984210033676,0.4021103561327264,0.4021103561327264,0.554809327665213,0.5548093276652131,0.13512249331216555,0.13512249331216553,1.0201636057447743,1.0201636057447743
K5-B,test,4,western,medium,712,8,0.07212914028458604,0.07212914028458606,0.7781693457425765,0.7781693457425765,0.5068791561519329,0.506879156151933,0.4790120297268535,0.4790120297268535,0.5203858421634088,0.5203858421634088,0.4376382166101189,0.4376382166101189,0.1532537822894166,0.1532537822894166,1.0242046306139967,1.0242046306139967
K5-B,test,4,kana,medium,1859,11,0.10200906829600975,0.10200906829600975,0.698634289759108,0.698634289759108,0.5770954464699005,0.5770954464699005,0.5102238002853922,0.5102238002853922,0.5888009481993717,0.5888009481993717,0.43154724000744227,0.4315472400074423,0.14751907652459392,0.14751907652459392,1.1241990149405903,1.1241990149405903
K5-B,test,4,bopomofo,medium,222,6,0.07764129593748158,0.07764129593748159,0.7576856225901504,0.7576856225901504,0.5135880301261807,0.5135880301261807,0.40445409527233056,0.40445409527233056,0.512787502628189,0.512787502628189,0.2961206874424206,0.29612068744242054,0.12931929518644875,0.12931929518644875,0.9503719501935683,0.9503719501935683
K5-B,test,4,western,hard,1637,19,0.0651274172821151,0.06472107387957556,0.789395349143037,0.79027273177843,0.5591793562909708,0.5619597735864797,0.4921624420862702,0.4917338829657336,0.5754745989564576,0.5777085872877945,0.40369487251624436,0.4005623506847405,0.1701402743332766,0.16982844278777204,1.0938768663108531,1.0961507665252188
K5-B,test,4,bopomofo,hard,111,3,0.07146386966010126,0.07146386966010128,0.7685801418435149,0.7685801418435149,0.5446248603565199,0.5446248603565199,0.42870538379694967,0.42870538379694967,0.5507033351842348,0.5507033351842348,0.30670742995969885,0.30670742995969885,0.14834916920543792,0.14834916920543792,1.0104175408681233,1.0104175408681233
K5-B,test,4,kana,hard,1183,7,0.08432099561553746,0.08432099561553748,0.7243170877655348,0.7243170877655348,0.6157842100875819,0.6157842100875819,0.5060509234062213,0.5060509234062213,0.6317347070471473,0.6317347070471472,0.3798869396886605,0.3798869396886605,0.1553348996696186,0.1553348996696186,1.160668858208096,1.160668858208096
K5-B,test,8,all,all,7088,32,0.08683162984442468,0.08317329728683216,0.7293077650304892,0.7376163634029275,0.5477800794896033,0.5537411936688982,0.4942620316347944,0.4960036672363343,0.550565754196924,0.5550064145802448,0.4365999721653936,0.435048219898821,0.1535227774247174,0.15761249188197013,1.0804228058765994,1.0891479842956355
K5-B,test,8,western,all,2794,32,0.06890836101724751,0.0685958242051632,0.779038712055018,0.7797509351302417,0.5239480879736441,0.5262413370684964,0.481956720394839,0.48188442047300567,0.532034706484337,0.5342004661280028,0.42882839207115475,0.4264627325529318,0.1622589420108558,0.16221737360165547,1.046469544870519,1.0486801018846943
K5-B,test,8,western,easy,445,5,0.08048315065726665,0.08048315065726665,0.7366900149115487,0.7366900149115487,0.43710205015841497,0.43710205015841497,0.4695687849869889,0.46956878498698884,0.41553992541988244,0.4155399254198825,0.523597648019871,0.523597648019871,0.1491086302346058,0.1491086302346058,0.9439479935704992,0.9439479935704991
K5-B,test,8,kana,all,3887,23,0.1003091803947982,0.1003091803947982,0.6918634945633414,0.6918634945633414,0.5678414511311045,0.5678414511311045,0.5106151294502772,0.5106151294502772,0.5688304382745116,0.5688304382745116,0.4521154788310048,0.4521154788310048,0.14914229369988502,0.14914229369988502,1.1157421539613082,1.1157421539613082
K5-B,test,8,kana,easy,845,5,0.12055550570203426,0.12055550570203426,0.6273881114212961,0.6273881114212962,0.48598590299222594,0.48598590299222594,0.5261984431355663,0.5261984431355662,0.4442644162114555,0.4442644162114555,0.6077185270525295,0.6077185270525295,0.1446743417244691,0.1446743417244691,1.0483529330710688,1.0483529330710688
K5-B,test,8,bopomofo,all,407,11,0.08115687336735129,0.0811568733673513,0.7455181171662886,0.7455181171662886,0.5197899879050196,0.5197899879050196,0.4225582193391036,0.4225582193391036,0.503344428151187,0.5033444281511869,0.3417720123965302,0.3417720123965302,0.13538542210469962,0.13538542210469962,0.9761945632371035,0.9761945632371035
K5-B,test,8,bopomofo,easy,74,2,0.11025077812187187,0.11025077812187187,0.664119190169087,0.664119190169087,0.5090928766373042,0.5090928766373042,0.48385613472075073,0.48385613472075073,0.41101278827802556,0.41101278827802556,0.5566994831771463,0.5566994831771463,0.13600169434338003,0.13600169434338003,1.0269494427217019,1.0269494427217019
K5-B,test,8,western,medium,712,8,0.07154432574420608,0.07154432574420608,0.7793729673147436,0.7793729673147436,0.5042536681455173,0.5042536681455173,0.4747672631625044,0.47476726316250445,0.5180428766258313,0.5180428766258313,0.43149164882017654,0.43149164882017654,0.15296194581000994,0.15296194581000994,1.0172614190267044,1.0172614190267044
K5-B,test,8,kana,medium,1859,11,0.10139163197703921,0.10139163197703921,0.6997470941726707,0.6997470941726708,0.5742475375124304,0.5742475375124304,0.5064900954478911,0.5064900954478913,0.584697051818426,0.584697051818426,0.4281847664160577,0.4281847664160577,0.1474153940566385,0.1474153940566385,1.1175914814935184,1.1175914814935184
K5-B,test,8,bopomofo,medium,222,6,0.07626494064530216,0.07626494064530216,0.7608304912985023,0.7608304912985023,0.5101068298424687,0.5101068298424686,0.3985857308447898,0.39858573084478977,0.5100735087652464,0.5100735087652465,0.2870979565866963,0.2870979565866963,0.1286728502259598,0.1286728502259598,0.940860771918082,0.940860771918082
K5-B,test,8,western,hard,1637,19,0.0646153932253092,0.0642261060697495,0.7904053464373755,0.7912419005837918,0.5561221342445075,0.5589570100124037,0.4884512376861741,0.48812207499480015,0.5697881337494186,0.5722301197889488,0.40190807582040206,0.3987834742648974,0.16987735987000882,0.16956406513683508,1.087042712817559,1.08947010211811
K5-B,test,8,bopomofo,hard,111,3,0.07154480230843588,0.07154480230843589,0.7691593202333288,0.7691593202333288,0.5462877115419319,0.5462877115419319,0.4296379194066331,0.4296379194066331,0.5514406935051754,0.5514406935051754,0.3078351434957874,0.3078351434957874,0.1483997177030589,0.1483997177030589,1.013025559552081,1.013025559552081
K5-B,test,8,kana,hard,1183,7,0.08414652411753655,0.08414652411753655,0.725528825992999,0.725528825992999,0.6162429926310771,0.616242992631077,0.5059663873931057,0.5059663873931057,0.6328729184648292,0.6328729184648292,0.37857584961054697,0.3785758496105469,0.1550473874074266,0.1550473874074266,1.160971225618006,1.160971225618006
