method_a,method_b,pair,metric,font,effect,n_chars,n_characters,evidence_status
HRFont,Structure (A1),HRFont_vs_Structure_A1,l1,FZBaiZJHTJW-R,0.003097457,284.000000000,,computed
HRFont,Structure (A1),HRFont_vs_Structure_A1,l1,FZBangSXJW,0.003114068,78.000000000,,computed
HRFont,Structure (A1),HRFont_vs_Structure_A1,l1,FZChaoLTJW_Xian,0.009205176,161.000000000,,computed
HRFont,Structure (A1),HRFont_vs_Structure_A1,l1,FZChaoZTJW_B,0.005960031,247.000000000,,computed
HRFont,Structure (A1),HRFont_vs_Structure_A1,l1,FZCuanBZBKSJF,0.003594098,247.000000000,,computed
HRFont,Structure (A1),HRFont_vs_Structure_A1,l1,FZDiHTJ,0.007439706,247.000000000,,computed
HRFont,Structure (A1),HRFont_vs_Structure_A1,l1,FZFXKTJF,0.001854674,78.000000000,,computed
HRFont,Structure (A1),HRFont_vs_Structure_A1,l1,FZFeiYTJW_Xian,0.000798571,247.000000000,,computed
HRFont,Structure (A1),HRFont_vs_Structure_A1,l1,FZFengRSTJW-DB,0.002189832,247.000000000,,computed
HRFont,Structure (A1),HRFont_vs_Structure_A1,l1,FZHanBTJW_Cu,-0.001758577,247.000000000,,computed
HRFont,Structure (A1),HRFont_vs_Structure_A1,l1,FZHuoYYJW-R,0.001107230,78.000000000,,computed
HRFont,Structure (A1),HRFont_vs_Structure_A1,l1,FZJCXS,-0.005692811,78.000000000,,computed
HRFont,Structure (A1),HRFont_vs_Structure_A1,l1,FZJiHJW,0.000428220,284.000000000,,computed
HRFont,Structure (A1),HRFont_vs_Structure_A1,l1,FZJiHXTJW_Xi,0.005965050,247.000000000,,computed
HRFont,Structure (A1),HRFont_vs_Structure_A1,l1,FZJingWTJW_Xi,0.002800138,247.000000000,,computed
HRFont,Structure (A1),HRFont_vs_Structure_A1,l1,FZKuaiSTJF_Te,0.002457734,247.000000000,,computed
HRFont,Structure (A1),HRFont_vs_Structure_A1,l1,FZLangYJW-M,0.002962813,78.000000000,,computed
HRFont,Structure (A1),HRFont_vs_Structure_A1,l1,FZLiuCTJW_Xian,0.003067297,247.000000000,,computed
HRFont,Structure (A1),HRFont_vs_Structure_A1,l1,FZManYTJW-B,0.006204052,284.000000000,,computed
HRFont,Structure (A1),HRFont_vs_Structure_A1,l1,FZMingZTJW-DB,0.008809317,284.000000000,,computed
HRFont,Structure (A1),HRFont_vs_Structure_A1,l1,FZNianLLHTJW,0.008855946,247.000000000,,computed
HRFont,Structure (A1),HRFont_vs_Structure_A1,l1,FZPTYK,0.004544570,78.000000000,,computed
HRFont,Structure (A1),HRFont_vs_Structure_A1,l1,FZQianWTJW_Xi,0.010723268,247.000000000,,computed
HRFont,Structure (A1),HRFont_vs_Structure_A1,l1,FZRouSJW-EB,-0.000630631,161.000000000,,computed
HRFont,Structure (A1),HRFont_vs_Structure_A1,l1,FZSJ-NANMT,0.001402930,54.000000000,,computed
HRFont,Structure (A1),HRFont_vs_Structure_A1,l1,FZShaoLGFTJF,0.002778532,284.000000000,,computed
HRFont,Structure (A1),HRFont_vs_Structure_A1,l1,FZShouHJW_Zhun,0.006391947,78.000000000,,computed
HRFont,Structure (A1),HRFont_vs_Structure_A1,l1,FZVDLJingQSJ-R,0.014372757,284.000000000,,computed
HRFont,Structure (A1),HRFont_vs_Structure_A1,l1,FZXIANGSU14,-0.002656339,282.000000000,,computed
HRFont,Structure (A1),HRFont_vs_Structure_A1,l1,FZXIANGSU16,0.004070020,54.000000000,,computed
HRFont,Structure (A1),HRFont_vs_Structure_A1,l1,FZXIANGSU24,0.002418495,282.000000000,,computed
HRFont,Structure (A1),HRFont_vs_Structure_A1,l1,FZXSHJF,-0.005753296,78.000000000,,computed
HRFont,Structure (A1),HRFont_vs_Structure_A1,l1,FZXZZBJW,0.000843212,78.000000000,,computed
HRFont,Structure (A1),HRFont_vs_Structure_A1,l1,FZXiangPZTJW_Zhun,0.005293135,247.000000000,,computed
HRFont,Structure (A1),HRFont_vs_Structure_A1,l1,FZYaZTJ_Xi,0.016446251,247.000000000,,computed
HRFont,Structure (A1),HRFont_vs_Structure_A1,l1,FZZH-DFHBJW (1),0.002958618,78.000000000,,computed
HRFont,Structure (A1),HRFont_vs_Structure_A1,l1,FZZH-ZYXSJW,0.003672921,247.000000000,,computed
HRFont,Structure (A1),HRFont_vs_Structure_A1,l1,FZZJ-BGSHJW,0.000504214,78.000000000,,computed
HRFont,Structure (A1),HRFont_vs_Structure_A1,l1,FZZJ-DZDTJW,0.000764978,54.000000000,,computed
HRFont,Structure (A1),HRFont_vs_Structure_A1,l1,FZZJ-GJXKJW,0.000430613,161.000000000,,computed
HRFont,Structure (A1),HRFont_vs_Structure_A1,l1,FZZJ-JIHJH,-0.001290018,54.000000000,,computed
HRFont,Structure (A1),HRFont_vs_Structure_A1,l1,FZZJ-JLSSJW,0.002150178,78.000000000,,computed
HRFont,Structure (A1),HRFont_vs_Structure_A1,l1,FZZJ-XFSXTJ,0.000584425,247.000000000,,computed
HRFont,Structure (A1),HRFont_vs_Structure_A1,l1,FZZJ-XTJF,0.004457481,284.000000000,,computed
HRFont,Structure (A1),HRFont_vs_Structure_A1,l1,FZZJ-ZSCWBJW,0.000577346,284.000000000,,computed
HRFont,Structure (A1),HRFont_vs_Structure_A1,l1,FZZJ-ZWJBTJF,0.003139360,161.000000000,,computed
HRFont,Structure (A1),HRFont_vs_Structure_A1,l1,fzsj_2813607,0.001389991,54.000000000,,computed
HRFont,Structure (A1),HRFont_vs_Structure_A1,ssim,FZBaiZJHTJW-R,0.004834523,284.000000000,,computed
HRFont,Structure (A1),HRFont_vs_Structure_A1,ssim,FZBangSXJW,0.011105262,78.000000000,,computed
HRFont,Structure (A1),HRFont_vs_Structure_A1,ssim,FZChaoLTJW_Xian,0.025387436,161.000000000,,computed
HRFont,Structure (A1),HRFont_vs_Structure_A1,ssim,FZChaoZTJW_B,0.011926259,247.000000000,,computed
HRFont,Structure (A1),HRFont_vs_Structure_A1,ssim,FZCuanBZBKSJF,0.007958114,247.000000000,,computed
HRFont,Structure (A1),HRFont_vs_Structure_A1,ssim,FZDiHTJ,0.016903885,247.000000000,,computed
HRFont,Structure (A1),HRFont_vs_Structure_A1,ssim,FZFXKTJF,0.004124130,78.000000000,,computed
HRFont,Structure (A1),HRFont_vs_Structure_A1,ssim,FZFeiYTJW_Xian,0.000142571,247.000000000,,computed
HRFont,Structure (A1),HRFont_vs_Structure_A1,ssim,FZFengRSTJW-DB,0.003970636,247.000000000,,computed
HRFont,Structure (A1),HRFont_vs_Structure_A1,ssim,FZHanBTJW_Cu,-0.002687335,247.000000000,,computed
HRFont,Structure (A1),HRFont_vs_Structure_A1,ssim,FZHuoYYJW-R,0.000802029,78.000000000,,computed
HRFont,Structure (A1),HRFont_vs_Structure_A1,ssim,FZJCXS,-0.007283744,78.000000000,,computed
HRFont,Structure (A1),HRFont_vs_Structure_A1,ssim,FZJiHJW,-0.000328465,284.000000000,,computed
HRFont,Structure (A1),HRFont_vs_Structure_A1,ssim,FZJiHXTJW_Xi,0.019580092,247.000000000,,computed
HRFont,Structure (A1),HRFont_vs_Structure_A1,ssim,FZJingWTJW_Xi,0.005725310,247.000000000,,computed
HRFont,Structure (A1),HRFont_vs_Structure_A1,ssim,FZKuaiSTJF_Te,0.004613224,247.000000000,,computed
HRFont,Structure (A1),HRFont_vs_Structure_A1,ssim,FZLangYJW-M,0.007929519,78.000000000,,computed
HRFont,Structure (A1),HRFont_vs_Structure_A1,ssim,FZLiuCTJW_Xian,0.010750426,247.000000000,,computed
HRFont,Structure (A1),HRFont_vs_Structure_A1,ssim,FZManYTJW-B,0.012986956,284.000000000,,computed
HRFont,Structure (A1),HRFont_vs_Structure_A1,ssim,FZMingZTJW-DB,0.015792072,284.000000000,,computed
HRFont,Structure (A1),HRFont_vs_Structure_A1,ssim,FZNianLLHTJW,0.016245734,247.000000000,,computed
HRFont,Structure (A1),HRFont_vs_Structure_A1,ssim,FZPTYK,0.010412725,78.000000000,,computed
HRFont,Structure (A1),HRFont_vs_Structure_A1,ssim,FZQianWTJW_Xi,0.029259892,247.000000000,,computed
HRFont,Structure (A1),HRFont_vs_Structure_A1,ssim,FZRouSJW-EB,-0.002330928,161.000000000,,computed
HRFont,Structure (A1),HRFont_vs_Structure_A1,ssim,FZSJ-NANMT,0.003366488,54.000000000,,computed
HRFont,Structure (A1),HRFont_vs_Structure_A1,ssim,FZShaoLGFTJF,0.005318484,284.000000000,,computed
HRFont,Structure (A1),HRFont_vs_Structure_A1,ssim,FZShouHJW_Zhun,0.011529577,78.000000000,,computed
HRFont,Structure (A1),HRFont_vs_Structure_A1,ssim,FZVDLJingQSJ-R,0.026224852,284.000000000,,computed
HRFont,Structure (A1),HRFont_vs_Structure_A1,ssim,FZXIANGSU14,-0.001407931,282.000000000,,computed
HRFont,Structure (A1),HRFont_vs_Structure_A1,ssim,FZXIANGSU16,0.014132183,54.000000000,,computed
HRFont,Structure (A1),HRFont_vs_Structure_A1,ssim,FZXIANGSU24,0.006792154,282.000000000,,computed
HRFont,Structure (A1),HRFont_vs_Structure_A1,ssim,FZXSHJF,-0.013358596,78.000000000,,computed
HRFont,Structure (A1),HRFont_vs_Structure_A1,ssim,FZXZZBJW,0.002894445,78.000000000,,computed
HRFont,Structure (A1),HRFont_vs_Structure_A1,ssim,FZXiangPZTJW_Zhun,0.005671323,247.000000000,,computed
HRFont,Structure (A1),HRFont_vs_Structure_A1,ssim,FZYaZTJ_Xi,0.035724698,247.000000000,,computed
HRFont,Structure (A1),HRFont_vs_Structure_A1,ssim,FZZH-DFHBJW (1),0.006172032,78.000000000,,computed
HRFont,Structure (A1),HRFont_vs_Structure_A1,ssim,FZZH-ZYXSJW,0.010515857,247.000000000,,computed
HRFont,Structure (A1),HRFont_vs_Structure_A1,ssim,FZZJ-BGSHJW,0.000633608,78.000000000,,computed
HRFont,Structure (A1),HRFont_vs_Structure_A1,ssim,FZZJ-DZDTJW,-0.001764173,54.000000000,,computed
HRFont,Structure (A1),HRFont_vs_Structure_A1,ssim,FZZJ-GJXKJW,0.000721066,161.000000000,,computed
HRFont,Structure (A1),HRFont_vs_Structure_A1,ssim,FZZJ-JIHJH,-0.005636467,54.000000000,,computed
HRFont,Structure (A1),HRFont_vs_Structure_A1,ssim,FZZJ-JLSSJW,0.002699588,78.000000000,,computed
HRFont,Structure (A1),HRFont_vs_Structure_A1,ssim,FZZJ-XFSXTJ,0.001547153,247.000000000,,computed
HRFont,Structure (A1),HRFont_vs_Structure_A1,ssim,FZZJ-XTJF,0.008873485,284.000000000,,computed
HRFont,Structure (A1),HRFont_vs_Structure_A1,ssim,FZZJ-ZSCWBJW,0.000553028,284.000000000,,computed
HRFont,Structure (A1),HRFont_vs_Structure_A1,ssim,FZZJ-ZWJBTJF,0.008674409,161.000000000,,computed
HRFont,Structure (A1),HRFont_vs_Structure_A1,ssim,fzsj_2813607,0.002971285,54.000000000,,computed
HRFont,Structure (A1),HRFont_vs_Structure_A1,lpips,FZBaiZJHTJW-R,0.004588708,284.000000000,,computed
HRFont,Structure (A1),HRFont_vs_Structure_A1,lpips,FZBangSXJW,0.004367967,78.000000000,,computed
HRFont,Structure (A1),HRFont_vs_Structure_A1,lpips,FZChaoLTJW_Xian,0.041272715,161.000000000,,computed
HRFont,Structure (A1),HRFont_vs_Structure_A1,lpips,FZChaoZTJW_B,0.022897905,247.000000000,,computed
HRFont,Structure (A1),HRFont_vs_Structure_A1,lpips,FZCuanBZBKSJF,0.011540946,247.000000000,,computed
HRFont,Structure (A1),HRFont_vs_Structure_A1,lpips,FZDiHTJ,0.016466060,247.000000000,,computed
HRFont,Structure (A1),HRFont_vs_Structure_A1,lpips,FZFXKTJF,0.001043680,78.000000000,,computed
HRFont,Structure (A1),HRFont_vs_Structure_A1,lpips,FZFeiYTJW_Xian,0.006665447,247.000000000,,computed
HRFont,Structure (A1),HRFont_vs_Structure_A1,lpips,FZFengRSTJW-DB,0.014793660,247.000000000,,computed
HRFont,Structure (A1),HRFont_vs_Structure_A1,lpips,FZHanBTJW_Cu,0.006888070,247.000000000,,computed
HRFont,Structure (A1),HRFont_vs_Structure_A1,lpips,FZHuoYYJW-R,0.013394306,78.000000000,,computed
HRFont,Structure (A1),HRFont_vs_Structure_A1,lpips,FZJCXS,0.011395401,78.000000000,,computed
HRFont,Structure (A1),HRFont_vs_Structure_A1,lpips,FZJiHJW,0.021210588,284.000000000,,computed
HRFont,Structure (A1),HRFont_vs_Structure_A1,lpips,FZJiHXTJW_Xi,0.034916346,247.000000000,,computed
HRFont,Structure (A1),HRFont_vs_Structure_A1,lpips,FZJingWTJW_Xi,0.013728889,247.000000000,,computed
HRFont,Structure (A1),HRFont_vs_Structure_A1,lpips,FZKuaiSTJF_Te,0.000156263,247.000000000,,computed
HRFont,Structure (A1),HRFont_vs_Structure_A1,lpips,FZLangYJW-M,0.012989577,78.000000000,,computed
HRFont,Structure (A1),HRFont_vs_Structure_A1,lpips,FZLiuCTJW_Xian,0.015547789,247.000000000,,computed
HRFont,Structure (A1),HRFont_vs_Structure_A1,lpips,FZManYTJW-B,0.014419218,284.000000000,,computed
HRFont,Structure (A1),HRFont_vs_Structure_A1,lpips,FZMingZTJW-DB,0.022641206,284.000000000,,computed
HRFont,Structure (A1),HRFont_vs_Structure_A1,lpips,FZNianLLHTJW,0.008876494,247.000000000,,computed
HRFont,Structure (A1),HRFont_vs_Structure_A1,lpips,FZPTYK,0.012893683,78.000000000,,computed
HRFont,Structure (A1),HRFont_vs_Structure_A1,lpips,FZQianWTJW_Xi,0.030952536,247.000000000,,computed
HRFont,Structure (A1),HRFont_vs_Structure_A1,lpips,FZRouSJW-EB,0.002640813,161.000000000,,computed
HRFont,Structure (A1),HRFont_vs_Structure_A1,lpips,FZSJ-NANMT,0.000326638,54.000000000,,computed
HRFont,Structure (A1),HRFont_vs_Structure_A1,lpips,FZShaoLGFTJF,0.004030473,284.000000000,,computed
HRFont,Structure (A1),HRFont_vs_Structure_A1,lpips,FZShouHJW_Zhun,0.022175863,78.000000000,,computed
HRFont,Structure (A1),HRFont_vs_Structure_A1,lpips,FZVDLJingQSJ-R,0.024134241,284.000000000,,computed
HRFont,Structure (A1),HRFont_vs_Structure_A1,lpips,FZXIANGSU14,0.012636230,282.000000000,,computed
HRFont,Structure (A1),HRFont_vs_Structure_A1,lpips,FZXIANGSU16,0.053213706,54.000000000,,computed
HRFont,Structure (A1),HRFont_vs_Structure_A1,lpips,FZXIANGSU24,0.012792717,282.000000000,,computed
HRFont,Structure (A1),HRFont_vs_Structure_A1,lpips,FZXSHJF,0.004474214,78.000000000,,computed
HRFont,Structure (A1),HRFont_vs_Structure_A1,lpips,FZXZZBJW,0.009468230,78.000000000,,computed
HRFont,Structure (A1),HRFont_vs_Structure_A1,lpips,FZXiangPZTJW_Zhun,0.013636077,247.000000000,,computed
HRFont,Structure (A1),HRFont_vs_Structure_A1,lpips,FZYaZTJ_Xi,0.113236034,247.000000000,,computed
HRFont,Structure (A1),HRFont_vs_Structure_A1,lpips,FZZH-DFHBJW (1),0.014999611,78.000000000,,computed
HRFont,Structure (A1),HRFont_vs_Structure_A1,lpips,FZZH-ZYXSJW,0.025700338,247.000000000,,computed
HRFont,Structure (A1),HRFont_vs_Structure_A1,lpips,FZZJ-BGSHJW,0.029582928,78.000000000,,computed
HRFont,Structure (A1),HRFont_vs_Structure_A1,lpips,FZZJ-DZDTJW,-0.003120617,54.000000000,,computed
HRFont,Structure (A1),HRFont_vs_Structure_A1,lpips,FZZJ-GJXKJW,-0.000395038,161.000000000,,computed
HRFont,Structure (A1),HRFont_vs_Structure_A1,lpips,FZZJ-JIHJH,0.007926141,54.000000000,,computed
HRFont,Structure (A1),HRFont_vs_Structure_A1,lpips,FZZJ-JLSSJW,-0.000873728,78.000000000,,computed
HRFont,Structure (A1),HRFont_vs_Structure_A1,lpips,FZZJ-XFSXTJ,0.002795699,247.000000000,,computed
HRFont,Structure (A1),HRFont_vs_Structure_A1,lpips,FZZJ-XTJF,0.013421957,284.000000000,,computed
HRFont,Structure (A1),HRFont_vs_Structure_A1,lpips,FZZJ-ZSCWBJW,0.004705659,284.000000000,,computed
HRFont,Structure (A1),HRFont_vs_Structure_A1,lpips,FZZJ-ZWJBTJF,0.004743929,161.000000000,,computed
HRFont,Structure (A1),HRFont_vs_Structure_A1,lpips,fzsj_2813607,0.001301583,54.000000000,,computed
HRFont,Structure (A1),HRFont_vs_Structure_A1,rsc8,FZBaiZJHTJW-R,0.030833794,284.000000000,,computed
HRFont,Structure (A1),HRFont_vs_Structure_A1,rsc8,FZBangSXJW,-0.031941523,78.000000000,,computed
HRFont,Structure (A1),HRFont_vs_Structure_A1,rsc8,FZChaoLTJW_Xian,0.052410488,161.000000000,,computed
HRFont,Structure (A1),HRFont_vs_Structure_A1,rsc8,FZChaoZTJW_B,0.042498980,247.000000000,,computed
HRFont,Structure (A1),HRFont_vs_Structure_A1,rsc8,FZCuanBZBKSJF,0.084892560,247.000000000,,computed
HRFont,Structure (A1),HRFont_vs_Structure_A1,rsc8,FZDiHTJ,0.003461147,247.000000000,,computed
HRFont,Structure (A1),HRFont_vs_Structure_A1,rsc8,FZFXKTJF,0.001100593,78.000000000,,computed
HRFont,Structure (A1),HRFont_vs_Structure_A1,rsc8,FZFeiYTJW_Xian,0.023528333,247.000000000,,computed
HRFont,Structure (A1),HRFont_vs_Structure_A1,rsc8,FZFengRSTJW-DB,0.009695722,247.000000000,,computed
HRFont,Structure (A1),HRFont_vs_Structure_A1,rsc8,FZHanBTJW_Cu,0.010573471,247.000000000,,computed
HRFont,Structure (A1),HRFont_vs_Structure_A1,rsc8,FZHuoYYJW-R,-0.030730856,78.000000000,,computed
HRFont,Structure (A1),HRFont_vs_Structure_A1,rsc8,FZJCXS,0.145893334,78.000000000,,computed
HRFont,Structure (A1),HRFont_vs_Structure_A1,rsc8,FZJiHJW,-0.011051510,284.000000000,,computed
HRFont,Structure (A1),HRFont_vs_Structure_A1,rsc8,FZJiHXTJW_Xi,0.019594359,247.000000000,,computed
HRFont,Structure (A1),HRFont_vs_Structure_A1,rsc8,FZJingWTJW_Xi,-0.016027754,247.000000000,,computed
HRFont,Structure (A1),HRFont_vs_Structure_A1,rsc8,FZKuaiSTJF_Te,-0.013301839,247.000000000,,computed
HRFont,Structure (A1),HRFont_vs_Structure_A1,rsc8,FZLangYJW-M,0.024099309,78.000000000,,computed
HRFont,Structure (A1),HRFont_vs_Structure_A1,rsc8,FZLiuCTJW_Xian,0.012929712,247.000000000,,computed
HRFont,Structure (A1),HRFont_vs_Structure_A1,rsc8,FZManYTJW-B,-0.007592104,284.000000000,,computed
HRFont,Structure (A1),HRFont_vs_Structure_A1,rsc8,FZMingZTJW-DB,0.003144981,284.000000000,,computed
HRFont,Structure (A1),HRFont_vs_Structure_A1,rsc8,FZNianLLHTJW,0.022419294,247.000000000,,computed
HRFont,Structure (A1),HRFont_vs_Structure_A1,rsc8,FZPTYK,-0.006030843,78.000000000,,computed
HRFont,Structure (A1),HRFont_vs_Structure_A1,rsc8,FZQianWTJW_Xi,0.039171784,247.000000000,,computed
HRFont,Structure (A1),HRFont_vs_Structure_A1,rsc8,FZRouSJW-EB,-0.018748527,161.000000000,,computed
HRFont,Structure (A1),HRFont_vs_Structure_A1,rsc8,FZSJ-NANMT,-0.020020509,54.000000000,,computed
HRFont,Structure (A1),HRFont_vs_Structure_A1,rsc8,FZShaoLGFTJF,-0.044501816,284.000000000,,computed
HRFont,Structure (A1),HRFont_vs_Structure_A1,rsc8,FZShouHJW_Zhun,0.004571031,78.000000000,,computed
HRFont,Structure (A1),HRFont_vs_Structure_A1,rsc8,FZVDLJingQSJ-R,0.012001684,284.000000000,,computed
HRFont,Structure (A1),HRFont_vs_Structure_A1,rsc8,FZXIANGSU14,-0.009726450,282.000000000,,computed
HRFont,Structure (A1),HRFont_vs_Structure_A1,rsc8,FZXIANGSU16,0.046481557,54.000000000,,computed
HRFont,Structure (A1),HRFont_vs_Structure_A1,rsc8,FZXIANGSU24,0.005945381,282.000000000,,computed
HRFont,Structure (A1),HRFont_vs_Structure_A1,rsc8,FZXSHJF,0.129473140,78.000000000,,computed
HRFont,Structure (A1),HRFont_vs_Structure_A1,rsc8,FZXZZBJW,-0.010563769,78.000000000,,computed
HRFont,Structure (A1),HRFont_vs_Structure_A1,rsc8,FZXiangPZTJW_Zhun,0.001821031,247.000000000,,computed
HRFont,Structure (A1),HRFont_vs_Structure_A1,rsc8,FZYaZTJ_Xi,0.389554819,247.000000000,,computed
HRFont,Structure (A1),HRFont_vs_Structure_A1,rsc8,FZZH-DFHBJW (1),-0.011569657,78.000000000,,computed
HRFont,Structure (A1),HRFont_vs_Structure_A1,rsc8,FZZH-ZYXSJW,-0.010922207,247.000000000,,computed
HRFont,Structure (A1),HRFont_vs_Structure_A1,rsc8,FZZJ-BGSHJW,-0.000008041,78.000000000,,computed
HRFont,Structure (A1),HRFont_vs_Structure_A1,rsc8,FZZJ-DZDTJW,-0.019460205,54.000000000,,computed
HRFont,Structure (A1),HRFont_vs_Structure_A1,rsc8,FZZJ-GJXKJW,0.009950273,161.000000000,,computed
HRFont,Structure (A1),HRFont_vs_Structure_A1,rsc8,FZZJ-JIHJH,0.027883652,54.000000000,,computed
HRFont,Structure (A1),HRFont_vs_Structure_A1,rsc8,FZZJ-JLSSJW,0.006287202,78.000000000,,computed
HRFont,Structure (A1),HRFont_vs_Structure_A1,rsc8,FZZJ-XFSXTJ,-0.002546694,247.000000000,,computed
HRFont,Structure (A1),HRFont_vs_Structure_A1,rsc8,FZZJ-XTJF,0.022954632,284.000000000,,computed
HRFont,Structure (A1),HRFont_vs_Structure_A1,rsc8,FZZJ-ZSCWBJW,-0.019987085,284.000000000,,computed
HRFont,Structure (A1),HRFont_vs_Structure_A1,rsc8,FZZJ-ZWJBTJF,0.050595182,161.000000000,,computed
HRFont,Structure (A1),HRFont_vs_Structure_A1,rsc8,fzsj_2813607,0.025565789,54.000000000,,computed
HRFont,Appearance (A2),HRFont_vs_Appearance_A2,l1,FZBaiZJHTJW-R,0.000740853,284.000000000,,computed
HRFont,Appearance (A2),HRFont_vs_Appearance_A2,l1,FZBangSXJW,0.002538092,78.000000000,,computed
HRFont,Appearance (A2),HRFont_vs_Appearance_A2,l1,FZChaoLTJW_Xian,0.012476195,161.000000000,,computed
HRFont,Appearance (A2),HRFont_vs_Appearance_A2,l1,FZChaoZTJW_B,0.010216637,247.000000000,,computed
HRFont,Appearance (A2),HRFont_vs_Appearance_A2,l1,FZCuanBZBKSJF,0.011806407,247.000000000,,computed
HRFont,Appearance (A2),HRFont_vs_Appearance_A2,l1,FZDiHTJ,0.014474835,247.000000000,,computed
HRFont,Appearance (A2),HRFont_vs_Appearance_A2,l1,FZFXKTJF,0.002171208,78.000000000,,computed
HRFont,Appearance (A2),HRFont_vs_Appearance_A2,l1,FZFeiYTJW_Xian,0.004350153,247.000000000,,computed
HRFont,Appearance (A2),HRFont_vs_Appearance_A2,l1,FZFengRSTJW-DB,0.006863974,247.000000000,,computed
HRFont,Appearance (A2),HRFont_vs_Appearance_A2,l1,FZHanBTJW_Cu,0.005024447,247.000000000,,computed
HRFont,Appearance (A2),HRFont_vs_Appearance_A2,l1,FZHuoYYJW-R,0.009174369,78.000000000,,computed
HRFont,Appearance (A2),HRFont_vs_Appearance_A2,l1,FZJCXS,-0.001844850,78.000000000,,computed
HRFont,Appearance (A2),HRFont_vs_Appearance_A2,l1,FZJiHJW,0.008158095,284.000000000,,computed
HRFont,Appearance (A2),HRFont_vs_Appearance_A2,l1,FZJiHXTJW_Xi,0.007293015,247.000000000,,computed
HRFont,Appearance (A2),HRFont_vs_Appearance_A2,l1,FZJingWTJW_Xi,0.006654318,247.000000000,,computed
HRFont,Appearance (A2),HRFont_vs_Appearance_A2,l1,FZKuaiSTJF_Te,0.012755667,247.000000000,,computed
HRFont,Appearance (A2),HRFont_vs_Appearance_A2,l1,FZLangYJW-M,0.011558423,78.000000000,,computed
HRFont,Appearance (A2),HRFont_vs_Appearance_A2,l1,FZLiuCTJW_Xian,0.003731749,247.000000000,,computed
HRFont,Appearance (A2),HRFont_vs_Appearance_A2,l1,FZManYTJW-B,0.012090804,284.000000000,,computed
HRFont,Appearance (A2),HRFont_vs_Appearance_A2,l1,FZMingZTJW-DB,0.011087052,284.000000000,,computed
HRFont,Appearance (A2),HRFont_vs_Appearance_A2,l1,FZNianLLHTJW,0.013941412,247.000000000,,computed
HRFont,Appearance (A2),HRFont_vs_Appearance_A2,l1,FZPTYK,0.009061536,78.000000000,,computed
HRFont,Appearance (A2),HRFont_vs_Appearance_A2,l1,FZQianWTJW_Xi,0.018721141,247.000000000,,computed
HRFont,Appearance (A2),HRFont_vs_Appearance_A2,l1,FZRouSJW-EB,0.001399281,161.000000000,,computed
HRFont,Appearance (A2),HRFont_vs_Appearance_A2,l1,FZSJ-NANMT,0.001056530,54.000000000,,computed
HRFont,Appearance (A2),HRFont_vs_Appearance_A2,l1,FZShaoLGFTJF,0.006508074,284.000000000,,computed
HRFont,Appearance (A2),HRFont_vs_Appearance_A2,l1,FZShouHJW_Zhun,0.025723953,78.000000000,,computed
HRFont,Appearance (A2),HRFont_vs_Appearance_A2,l1,FZVDLJingQSJ-R,0.023496050,284.000000000,,computed
HRFont,Appearance (A2),HRFont_vs_Appearance_A2,l1,FZXIANGSU14,-0.001534267,282.000000000,,computed
HRFont,Appearance (A2),HRFont_vs_Appearance_A2,l1,FZXIANGSU16,0.004778492,54.000000000,,computed
HRFont,Appearance (A2),HRFont_vs_Appearance_A2,l1,FZXIANGSU24,0.015860447,282.000000000,,computed
HRFont,Appearance (A2),HRFont_vs_Appearance_A2,l1,FZXSHJF,-0.002962294,78.000000000,,computed
HRFont,Appearance (A2),HRFont_vs_Appearance_A2,l1,FZXZZBJW,0.004619635,78.000000000,,computed
HRFont,Appearance (A2),HRFont_vs_Appearance_A2,l1,FZXiangPZTJW_Zhun,0.015805709,247.000000000,,computed
HRFont,Appearance (A2),HRFont_vs_Appearance_A2,l1,FZYaZTJ_Xi,0.009592898,247.000000000,,computed
HRFont,Appearance (A2),HRFont_vs_Appearance_A2,l1,FZZH-DFHBJW (1),0.006887978,78.000000000,,computed
HRFont,Appearance (A2),HRFont_vs_Appearance_A2,l1,FZZH-ZYXSJW,0.002796604,247.000000000,,computed
HRFont,Appearance (A2),HRFont_vs_Appearance_A2,l1,FZZJ-BGSHJW,-0.003542558,78.000000000,,computed
HRFont,Appearance (A2),HRFont_vs_Appearance_A2,l1,FZZJ-DZDTJW,0.005432999,54.000000000,,computed
HRFont,Appearance (A2),HRFont_vs_Appearance_A2,l1,FZZJ-GJXKJW,0.000876443,161.000000000,,computed
HRFont,Appearance (A2),HRFont_vs_Appearance_A2,l1,FZZJ-JIHJH,-0.002872400,54.000000000,,computed
HRFont,Appearance (A2),HRFont_vs_Appearance_A2,l1,FZZJ-JLSSJW,0.004261711,78.000000000,,computed
HRFont,Appearance (A2),HRFont_vs_Appearance_A2,l1,FZZJ-XFSXTJ,0.000967953,247.000000000,,computed
HRFont,Appearance (A2),HRFont_vs_Appearance_A2,l1,FZZJ-XTJF,0.010297711,284.000000000,,computed
HRFont,Appearance (A2),HRFont_vs_Appearance_A2,l1,FZZJ-ZSCWBJW,0.002550655,284.000000000,,computed
HRFont,Appearance (A2),HRFont_vs_Appearance_A2,l1,FZZJ-ZWJBTJF,0.002413760,161.000000000,,computed
HRFont,Appearance (A2),HRFont_vs_Appearance_A2,l1,fzsj_2813607,0.002210846,54.000000000,,computed
HRFont,Appearance (A2),HRFont_vs_Appearance_A2,ssim,FZBaiZJHTJW-R,-0.001289274,284.000000000,,computed
HRFont,Appearance (A2),HRFont_vs_Appearance_A2,ssim,FZBangSXJW,0.004277989,78.000000000,,computed
HRFont,Appearance (A2),HRFont_vs_Appearance_A2,ssim,FZChaoLTJW_Xian,0.047808480,161.000000000,,computed
HRFont,Appearance (A2),HRFont_vs_Appearance_A2,ssim,FZChaoZTJW_B,0.017071453,247.000000000,,computed
HRFont,Appearance (A2),HRFont_vs_Appearance_A2,ssim,FZCuanBZBKSJF,0.024649325,247.000000000,,computed
HRFont,Appearance (A2),HRFont_vs_Appearance_A2,ssim,FZDiHTJ,0.031167804,247.000000000,,computed
HRFont,Appearance (A2),HRFont_vs_Appearance_A2,ssim,FZFXKTJF,0.001588469,78.000000000,,computed
HRFont,Appearance (A2),HRFont_vs_Appearance_A2,ssim,FZFeiYTJW_Xian,0.008346877,247.000000000,,computed
HRFont,Appearance (A2),HRFont_vs_Appearance_A2,ssim,FZFengRSTJW-DB,0.016563873,247.000000000,,computed
HRFont,Appearance (A2),HRFont_vs_Appearance_A2,ssim,FZHanBTJW_Cu,0.009987068,247.000000000,,computed
HRFont,Appearance (A2),HRFont_vs_Appearance_A2,ssim,FZHuoYYJW-R,0.020405942,78.000000000,,computed
HRFont,Appearance (A2),HRFont_vs_Appearance_A2,ssim,FZJCXS,-0.005483539,78.000000000,,computed
HRFont,Appearance (A2),HRFont_vs_Appearance_A2,ssim,FZJiHJW,0.014548323,284.000000000,,computed
HRFont,Appearance (A2),HRFont_vs_Appearance_A2,ssim,FZJiHXTJW_Xi,0.025962201,247.000000000,,computed
HRFont,Appearance (A2),HRFont_vs_Appearance_A2,ssim,FZJingWTJW_Xi,0.014237934,247.000000000,,computed
HRFont,Appearance (A2),HRFont_vs_Appearance_A2,ssim,FZKuaiSTJF_Te,0.026166686,247.000000000,,computed
HRFont,Appearance (A2),HRFont_vs_Appearance_A2,ssim,FZLangYJW-M,0.030169518,78.000000000,,computed
HRFont,Appearance (A2),HRFont_vs_Appearance_A2,ssim,FZLiuCTJW_Xian,0.010119621,247.000000000,,computed
HRFont,Appearance (A2),HRFont_vs_Appearance_A2,ssim,FZManYTJW-B,0.023853186,284.000000000,,computed
HRFont,Appearance (A2),HRFont_vs_Appearance_A2,ssim,FZMingZTJW-DB,0.025678383,284.000000000,,computed
HRFont,Appearance (A2),HRFont_vs_Appearance_A2,ssim,FZNianLLHTJW,0.024275243,247.000000000,,computed
HRFont,Appearance (A2),HRFont_vs_Appearance_A2,ssim,FZPTYK,0.020117463,78.000000000,,computed
HRFont,Appearance (A2),HRFont_vs_Appearance_A2,ssim,FZQianWTJW_Xi,0.054620512,247.000000000,,computed
HRFont,Appearance (A2),HRFont_vs_Appearance_A2,ssim,FZRouSJW-EB,0.002936796,161.000000000,,computed
HRFont,Appearance (A2),HRFont_vs_Appearance_A2,ssim,FZSJ-NANMT,0.002300001,54.000000000,,computed
HRFont,Appearance (A2),HRFont_vs_Appearance_A2,ssim,FZShaoLGFTJF,0.011357457,284.000000000,,computed
HRFont,Appearance (A2),HRFont_vs_Appearance_A2,ssim,FZShouHJW_Zhun,0.045657959,78.000000000,,computed
HRFont,Appearance (A2),HRFont_vs_Appearance_A2,ssim,FZVDLJingQSJ-R,0.044408686,284.000000000,,computed
HRFont,Appearance (A2),HRFont_vs_Appearance_A2,ssim,FZXIANGSU14,-0.002741136,282.000000000,,computed
HRFont,Appearance (A2),HRFont_vs_Appearance_A2,ssim,FZXIANGSU16,0.014580818,54.000000000,,computed
HRFont,Appearance (A2),HRFont_vs_Appearance_A2,ssim,FZXIANGSU24,0.040522318,282.000000000,,computed
HRFont,Appearance (A2),HRFont_vs_Appearance_A2,ssim,FZXSHJF,-0.005895086,78.000000000,,computed
HRFont,Appearance (A2),HRFont_vs_Appearance_A2,ssim,FZXZZBJW,0.011523592,78.000000000,,computed
HRFont,Appearance (A2),HRFont_vs_Appearance_A2,ssim,FZXiangPZTJW_Zhun,0.024648898,247.000000000,,computed
HRFont,Appearance (A2),HRFont_vs_Appearance_A2,ssim,FZYaZTJ_Xi,0.021744179,247.000000000,,computed
HRFont,Appearance (A2),HRFont_vs_Appearance_A2,ssim,FZZH-DFHBJW (1),0.010050701,78.000000000,,computed
HRFont,Appearance (A2),HRFont_vs_Appearance_A2,ssim,FZZH-ZYXSJW,0.007995368,247.000000000,,computed
HRFont,Appearance (A2),HRFont_vs_Appearance_A2,ssim,FZZJ-BGSHJW,-0.009795499,78.000000000,,computed
HRFont,Appearance (A2),HRFont_vs_Appearance_A2,ssim,FZZJ-DZDTJW,0.007552847,54.000000000,,computed
HRFont,Appearance (A2),HRFont_vs_Appearance_A2,ssim,FZZJ-GJXKJW,0.001055910,161.000000000,,computed
HRFont,Appearance (A2),HRFont_vs_Appearance_A2,ssim,FZZJ-JIHJH,-0.009845380,54.000000000,,computed
HRFont,Appearance (A2),HRFont_vs_Appearance_A2,ssim,FZZJ-JLSSJW,0.004333618,78.000000000,,computed
HRFont,Appearance (A2),HRFont_vs_Appearance_A2,ssim,FZZJ-XFSXTJ,0.003399553,247.000000000,,computed
HRFont,Appearance (A2),HRFont_vs_Appearance_A2,ssim,FZZJ-XTJF,0.016364254,284.000000000,,computed
HRFont,Appearance (A2),HRFont_vs_Appearance_A2,ssim,FZZJ-ZSCWBJW,0.003719343,284.000000000,,computed
HRFont,Appearance (A2),HRFont_vs_Appearance_A2,ssim,FZZJ-ZWJBTJF,0.007476080,161.000000000,,computed
HRFont,Appearance (A2),HRFont_vs_Appearance_A2,ssim,fzsj_2813607,0.004694996,54.000000000,,computed
HRFont,Appearance (A2),HRFont_vs_Appearance_A2,lpips,FZBaiZJHTJW-R,0.007191738,284.000000000,,computed
HRFont,Appearance (A2),HRFont_vs_Appearance_A2,lpips,FZBangSXJW,0.013831954,78.000000000,,computed
HRFont,Appearance (A2),HRFont_vs_Appearance_A2,lpips,FZChaoLTJW_Xian,0.066190080,161.000000000,,computed
HRFont,Appearance (A2),HRFont_vs_Appearance_A2,lpips,FZChaoZTJW_B,0.027430741,247.000000000,,computed
HRFont,Appearance (A2),HRFont_vs_Appearance_A2,lpips,FZCuanBZBKSJF,0.032449614,247.000000000,,computed
HRFont,Appearance (A2),HRFont_vs_Appearance_A2,lpips,FZDiHTJ,0.015951342,247.000000000,,computed
HRFont,Appearance (A2),HRFont_vs_Appearance_A2,lpips,FZFXKTJF,0.000116563,78.000000000,,computed
HRFont,Appearance (A2),HRFont_vs_Appearance_A2,lpips,FZFeiYTJW_Xian,0.010717903,247.000000000,,computed
HRFont,Appearance (A2),HRFont_vs_Appearance_A2,lpips,FZFengRSTJW-DB,0.033352579,247.000000000,,computed
HRFont,Appearance (A2),HRFont_vs_Appearance_A2,lpips,FZHanBTJW_Cu,0.013760043,247.000000000,,computed
HRFont,Appearance (A2),HRFont_vs_Appearance_A2,lpips,FZHuoYYJW-R,0.016580682,78.000000000,,computed
HRFont,Appearance (A2),HRFont_vs_Appearance_A2,lpips,FZJCXS,0.008793266,78.000000000,,computed
HRFont,Appearance (A2),HRFont_vs_Appearance_A2,lpips,FZJiHJW,0.024875408,284.000000000,,computed
HRFont,Appearance (A2),HRFont_vs_Appearance_A2,lpips,FZJiHXTJW_Xi,0.053004257,247.000000000,,computed
HRFont,Appearance (A2),HRFont_vs_Appearance_A2,lpips,FZJingWTJW_Xi,0.015691199,247.000000000,,computed
HRFont,Appearance (A2),HRFont_vs_Appearance_A2,lpips,FZKuaiSTJF_Te,0.019755573,247.000000000,,computed
HRFont,Appearance (A2),HRFont_vs_Appearance_A2,lpips,FZLangYJW-M,0.044724332,78.000000000,,computed
HRFont,Appearance (A2),HRFont_vs_Appearance_A2,lpips,FZLiuCTJW_Xian,0.016035133,247.000000000,,computed
HRFont,Appearance (A2),HRFont_vs_Appearance_A2,lpips,FZManYTJW-B,0.019544549,284.000000000,,computed
HRFont,Appearance (A2),HRFont_vs_Appearance_A2,lpips,FZMingZTJW-DB,0.042100215,284.000000000,,computed
HRFont,Appearance (A2),HRFont_vs_Appearance_A2,lpips,FZNianLLHTJW,0.019243410,247.000000000,,computed
HRFont,Appearance (A2),HRFont_vs_Appearance_A2,lpips,FZPTYK,0.021817169,78.000000000,,computed
HRFont,Appearance (A2),HRFont_vs_Appearance_A2,lpips,FZQianWTJW_Xi,0.065740459,247.000000000,,computed
HRFont,Appearance (A2),HRFont_vs_Appearance_A2,lpips,FZRouSJW-EB,0.008687782,161.000000000,,computed
HRFont,Appearance (A2),HRFont_vs_Appearance_A2,lpips,FZSJ-NANMT,0.011019142,54.000000000,,computed
HRFont,Appearance (A2),HRFont_vs_Appearance_A2,lpips,FZShaoLGFTJF,0.013942758,284.000000000,,computed
HRFont,Appearance (A2),HRFont_vs_Appearance_A2,lpips,FZShouHJW_Zhun,0.040088600,78.000000000,,computed
HRFont,Appearance (A2),HRFont_vs_Appearance_A2,lpips,FZVDLJingQSJ-R,0.041586777,284.000000000,,computed
HRFont,Appearance (A2),HRFont_vs_Appearance_A2,lpips,FZXIANGSU14,0.045445007,282.000000000,,computed
HRFont,Appearance (A2),HRFont_vs_Appearance_A2,lpips,FZXIANGSU16,0.046820437,54.000000000,,computed
HRFont,Appearance (A2),HRFont_vs_Appearance_A2,lpips,FZXIANGSU24,0.059347407,282.000000000,,computed
HRFont,Appearance (A2),HRFont_vs_Appearance_A2,lpips,FZXSHJF,-0.007131960,78.000000000,,computed
HRFont,Appearance (A2),HRFont_vs_Appearance_A2,lpips,FZXZZBJW,0.028467281,78.000000000,,computed
HRFont,Appearance (A2),HRFont_vs_Appearance_A2,lpips,FZXiangPZTJW_Zhun,0.038487608,247.000000000,,computed
HRFont,Appearance (A2),HRFont_vs_Appearance_A2,lpips,FZYaZTJ_Xi,0.035355002,247.000000000,,computed
HRFont,Appearance (A2),HRFont_vs_Appearance_A2,lpips,FZZH-DFHBJW (1),0.022241321,78.000000000,,computed
HRFont,Appearance (A2),HRFont_vs_Appearance_A2,lpips,FZZH-ZYXSJW,0.028269746,247.000000000,,computed
HRFont,Appearance (A2),HRFont_vs_Appearance_A2,lpips,FZZJ-BGSHJW,0.028940357,78.000000000,,computed
HRFont,Appearance (A2),HRFont_vs_Appearance_A2,lpips,FZZJ-DZDTJW,0.019102499,54.000000000,,computed
HRFont,Appearance (A2),HRFont_vs_Appearance_A2,lpips,FZZJ-GJXKJW,0.011092870,161.000000000,,computed
HRFont,Appearance (A2),HRFont_vs_Appearance_A2,lpips,FZZJ-JIHJH,0.011183687,54.000000000,,computed
HRFont,Appearance (A2),HRFont_vs_Appearance_A2,lpips,FZZJ-JLSSJW,0.007717332,78.000000000,,computed
HRFont,Appearance (A2),HRFont_vs_Appearance_A2,lpips,FZZJ-XFSXTJ,0.013034832,247.000000000,,computed
HRFont,Appearance (A2),HRFont_vs_Appearance_A2,lpips,FZZJ-XTJF,0.019834116,284.000000000,,computed
HRFont,Appearance (A2),HRFont_vs_Appearance_A2,lpips,FZZJ-ZSCWBJW,0.008297056,284.000000000,,computed
HRFont,Appearance (A2),HRFont_vs_Appearance_A2,lpips,FZZJ-ZWJBTJF,0.013280948,161.000000000,,computed
HRFont,Appearance (A2),HRFont_vs_Appearance_A2,lpips,fzsj_2813607,0.009047453,54.000000000,,computed
HRFont,Appearance (A2),HRFont_vs_Appearance_A2,rsc8,FZBaiZJHTJW-R,0.036435067,284.000000000,,computed
HRFont,Appearance (A2),HRFont_vs_Appearance_A2,rsc8,FZBangSXJW,-0.012692576,78.000000000,,computed
HRFont,Appearance (A2),HRFont_vs_Appearance_A2,rsc8,FZChaoLTJW_Xian,0.025192526,161.000000000,,computed
HRFont,Appearance (A2),HRFont_vs_Appearance_A2,rsc8,FZChaoZTJW_B,0.038213615,247.000000000,,computed
HRFont,Appearance (A2),HRFont_vs_Appearance_A2,rsc8,FZCuanBZBKSJF,0.226287027,247.000000000,,computed
HRFont,Appearance (A2),HRFont_vs_Appearance_A2,rsc8,FZDiHTJ,0.018571683,247.000000000,,computed
HRFont,Appearance (A2),HRFont_vs_Appearance_A2,rsc8,FZFXKTJF,0.083347362,78.000000000,,computed
HRFont,Appearance (A2),HRFont_vs_Appearance_A2,rsc8,FZFeiYTJW_Xian,0.024604527,247.000000000,,computed
HRFont,Appearance (A2),HRFont_vs_Appearance_A2,rsc8,FZFengRSTJW-DB,0.022860133,247.000000000,,computed
HRFont,Appearance (A2),HRFont_vs_Appearance_A2,rsc8,FZHanBTJW_Cu,0.012609837,247.000000000,,computed
HRFont,Appearance (A2),HRFont_vs_Appearance_A2,rsc8,FZHuoYYJW-R,0.010197957,78.000000000,,computed
HRFont,Appearance (A2),HRFont_vs_Appearance_A2,rsc8,FZJCXS,0.000943534,78.000000000,,computed
HRFont,Appearance (A2),HRFont_vs_Appearance_A2,rsc8,FZJiHJW,0.000589443,284.000000000,,computed
HRFont,Appearance (A2),HRFont_vs_Appearance_A2,rsc8,FZJiHXTJW_Xi,0.040853699,247.000000000,,computed
HRFont,Appearance (A2),HRFont_vs_Appearance_A2,rsc8,FZJingWTJW_Xi,0.004678826,247.000000000,,computed
HRFont,Appearance (A2),HRFont_vs_Appearance_A2,rsc8,FZKuaiSTJF_Te,-0.006880119,247.000000000,,computed
HRFont,Appearance (A2),HRFont_vs_Appearance_A2,rsc8,FZLangYJW-M,0.067536846,78.000000000,,computed
HRFont,Appearance (A2),HRFont_vs_Appearance_A2,rsc8,FZLiuCTJW_Xian,0.027779392,247.000000000,,computed
HRFont,Appearance (A2),HRFont_vs_Appearance_A2,rsc8,FZManYTJW-B,-0.006258010,284.000000000,,computed
HRFont,Appearance (A2),HRFont_vs_Appearance_A2,rsc8,FZMingZTJW-DB,0.046750438,284.000000000,,computed
HRFont,Appearance (A2),HRFont_vs_Appearance_A2,rsc8,FZNianLLHTJW,0.018054558,247.000000000,,computed
HRFont,Appearance (A2),HRFont_vs_Appearance_A2,rsc8,FZPTYK,-0.003494253,78.000000000,,computed
HRFont,Appearance (A2),HRFont_vs_Appearance_A2,rsc8,FZQianWTJW_Xi,0.035839876,247.000000000,,computed
HRFont,Appearance (A2),HRFont_vs_Appearance_A2,rsc8,FZRouSJW-EB,0.006422207,161.000000000,,computed
HRFont,Appearance (A2),HRFont_vs_Appearance_A2,rsc8,FZSJ-NANMT,-0.010031971,54.000000000,,computed
HRFont,Appearance (A2),HRFont_vs_Appearance_A2,rsc8,FZShaoLGFTJF,-0.003331057,284.000000000,,computed
HRFont,Appearance (A2),HRFont_vs_Appearance_A2,rsc8,FZShouHJW_Zhun,-0.006815470,78.000000000,,computed
HRFont,Appearance (A2),HRFont_vs_Appearance_A2,rsc8,FZVDLJingQSJ-R,0.037320259,284.000000000,,computed
HRFont,Appearance (A2),HRFont_vs_Appearance_A2,rsc8,FZXIANGSU14,0.026579977,282.000000000,,computed
HRFont,Appearance (A2),HRFont_vs_Appearance_A2,rsc8,FZXIANGSU16,0.048033251,54.000000000,,computed
HRFont,Appearance (A2),HRFont_vs_Appearance_A2,rsc8,FZXIANGSU24,0.001686840,282.000000000,,computed
HRFont,Appearance (A2),HRFont_vs_Appearance_A2,rsc8,FZXSHJF,0.031035719,78.000000000,,computed
HRFont,Appearance (A2),HRFont_vs_Appearance_A2,rsc8,FZXZZBJW,-0.004111220,78.000000000,,computed
HRFont,Appearance (A2),HRFont_vs_Appearance_A2,rsc8,FZXiangPZTJW_Zhun,0.033583941,247.000000000,,computed
HRFont,Appearance (A2),HRFont_vs_Appearance_A2,rsc8,FZYaZTJ_Xi,0.006515949,247.000000000,,computed
HRFont,Appearance (A2),HRFont_vs_Appearance_A2,rsc8,FZZH-DFHBJW (1),0.018886460,78.000000000,,computed
HRFont,Appearance (A2),HRFont_vs_Appearance_A2,rsc8,FZZH-ZYXSJW,0.005729739,247.000000000,,computed
HRFont,Appearance (A2),HRFont_vs_Appearance_A2,rsc8,FZZJ-BGSHJW,0.026688771,78.000000000,,computed
HRFont,Appearance (A2),HRFont_vs_Appearance_A2,rsc8,FZZJ-DZDTJW,-0.022015419,54.000000000,,computed
HRFont,Appearance (A2),HRFont_vs_Appearance_A2,rsc8,FZZJ-GJXKJW,0.021992457,161.000000000,,computed
HRFont,Appearance (A2),HRFont_vs_Appearance_A2,rsc8,FZZJ-JIHJH,0.021720592,54.000000000,,computed
HRFont,Appearance (A2),HRFont_vs_Appearance_A2,rsc8,FZZJ-JLSSJW,0.029586053,78.000000000,,computed
HRFont,Appearance (A2),HRFont_vs_Appearance_A2,rsc8,FZZJ-XFSXTJ,-0.005839750,247.000000000,,computed
HRFont,Appearance (A2),HRFont_vs_Appearance_A2,rsc8,FZZJ-XTJF,0.024580449,284.000000000,,computed
HRFont,Appearance (A2),HRFont_vs_Appearance_A2,rsc8,FZZJ-ZSCWBJW,0.021100042,284.000000000,,computed
HRFont,Appearance (A2),HRFont_vs_Appearance_A2,rsc8,FZZJ-ZWJBTJF,0.052673029,161.000000000,,computed
HRFont,Appearance (A2),HRFont_vs_Appearance_A2,rsc8,fzsj_2813607,0.019985307,54.000000000,,computed
HRFont,Neither (A3),HRFont_vs_Neither_A3,l1,FZBaiZJHTJW-R,0.003580680,284.000000000,,computed
HRFont,Neither (A3),HRFont_vs_Neither_A3,l1,FZBangSXJW,0.004399655,78.000000000,,computed
HRFont,Neither (A3),HRFont_vs_Neither_A3,l1,FZChaoLTJW_Xian,0.016349337,161.000000000,,computed
HRFont,Neither (A3),HRFont_vs_Neither_A3,l1,FZChaoZTJW_B,0.011983224,247.000000000,,computed
HRFont,Neither (A3),HRFont_vs_Neither_A3,l1,FZCuanBZBKSJF,0.010863560,247.000000000,,computed
HRFont,Neither (A3),HRFont_vs_Neither_A3,l1,FZDiHTJ,0.017413468,247.000000000,,computed
HRFont,Neither (A3),HRFont_vs_Neither_A3,l1,FZFXKTJF,0.004455593,78.000000000,,computed
HRFont,Neither (A3),HRFont_vs_Neither_A3,l1,FZFeiYTJW_Xian,0.004104880,247.000000000,,computed
HRFont,Neither (A3),HRFont_vs_Neither_A3,l1,FZFengRSTJW-DB,0.008693361,247.000000000,,computed
HRFont,Neither (A3),HRFont_vs_Neither_A3,l1,FZHanBTJW_Cu,0.002837054,247.000000000,,computed
HRFont,Neither (A3),HRFont_vs_Neither_A3,l1,FZHuoYYJW-R,0.008227860,78.000000000,,computed
HRFont,Neither (A3),HRFont_vs_Neither_A3,l1,FZJCXS,-0.004595744,78.000000000,,computed
HRFont,Neither (A3),HRFont_vs_Neither_A3,l1,FZJiHJW,0.008270521,284.000000000,,computed
HRFont,Neither (A3),HRFont_vs_Neither_A3,l1,FZJiHXTJW_Xi,0.010477292,247.000000000,,computed
HRFont,Neither (A3),HRFont_vs_Neither_A3,l1,FZJingWTJW_Xi,0.008803692,247.000000000,,computed
HRFont,Neither (A3),HRFont_vs_Neither_A3,l1,FZKuaiSTJF_Te,0.013063473,247.000000000,,computed
HRFont,Neither (A3),HRFont_vs_Neither_A3,l1,FZLangYJW-M,0.010909733,78.000000000,,computed
HRFont,Neither (A3),HRFont_vs_Neither_A3,l1,FZLiuCTJW_Xian,0.003916095,247.000000000,,computed
HRFont,Neither (A3),HRFont_vs_Neither_A3,l1,FZManYTJW-B,0.013389487,284.000000000,,computed
HRFont,Neither (A3),HRFont_vs_Neither_A3,l1,FZMingZTJW-DB,0.014936668,284.000000000,,computed
HRFont,Neither (A3),HRFont_vs_Neither_A3,l1,FZNianLLHTJW,0.015955472,247.000000000,,computed
HRFont,Neither (A3),HRFont_vs_Neither_A3,l1,FZPTYK,0.011190307,78.000000000,,computed
HRFont,Neither (A3),HRFont_vs_Neither_A3,l1,FZQianWTJW_Xi,0.021867371,247.000000000,,computed
HRFont,Neither (A3),HRFont_vs_Neither_A3,l1,FZRouSJW-EB,0.000988083,161.000000000,,computed
HRFont,Neither (A3),HRFont_vs_Neither_A3,l1,FZSJ-NANMT,0.001273898,54.000000000,,computed
HRFont,Neither (A3),HRFont_vs_Neither_A3,l1,FZShaoLGFTJF,0.006550009,284.000000000,,computed
HRFont,Neither (A3),HRFont_vs_Neither_A3,l1,FZShouHJW_Zhun,0.029318513,78.000000000,,computed
HRFont,Neither (A3),HRFont_vs_Neither_A3,l1,FZVDLJingQSJ-R,0.023637729,284.000000000,,computed
HRFont,Neither (A3),HRFont_vs_Neither_A3,l1,FZXIANGSU14,-0.003932430,282.000000000,,computed
HRFont,Neither (A3),HRFont_vs_Neither_A3,l1,FZXIANGSU16,0.010698132,54.000000000,,computed
HRFont,Neither (A3),HRFont_vs_Neither_A3,l1,FZXIANGSU24,0.023379088,282.000000000,,computed
HRFont,Neither (A3),HRFont_vs_Neither_A3,l1,FZXSHJF,0.001494729,78.000000000,,computed
HRFont,Neither (A3),HRFont_vs_Neither_A3,l1,FZXZZBJW,0.005158003,78.000000000,,computed
HRFont,Neither (A3),HRFont_vs_Neither_A3,l1,FZXiangPZTJW_Zhun,0.015694117,247.000000000,,computed
HRFont,Neither (A3),HRFont_vs_Neither_A3,l1,FZYaZTJ_Xi,0.013948337,247.000000000,,computed
HRFont,Neither (A3),HRFont_vs_Neither_A3,l1,FZZH-DFHBJW (1),0.007188355,78.000000000,,computed
HRFont,Neither (A3),HRFont_vs_Neither_A3,l1,FZZH-ZYXSJW,0.003232377,247.000000000,,computed
HRFont,Neither (A3),HRFont_vs_Neither_A3,l1,FZZJ-BGSHJW,0.000013965,78.000000000,,computed
HRFont,Neither (A3),HRFont_vs_Neither_A3,l1,FZZJ-DZDTJW,0.006549439,54.000000000,,computed
HRFont,Neither (A3),HRFont_vs_Neither_A3,l1,FZZJ-GJXKJW,0.001446245,161.000000000,,computed
HRFont,Neither (A3),HRFont_vs_Neither_A3,l1,FZZJ-JIHJH,-0.002480033,54.000000000,,computed
HRFont,Neither (A3),HRFont_vs_Neither_A3,l1,FZZJ-JLSSJW,0.003306042,78.000000000,,computed
HRFont,Neither (A3),HRFont_vs_Neither_A3,l1,FZZJ-XFSXTJ,0.000975600,247.000000000,,computed
HRFont,Neither (A3),HRFont_vs_Neither_A3,l1,FZZJ-XTJF,0.010838973,284.000000000,,computed
HRFont,Neither (A3),HRFont_vs_Neither_A3,l1,FZZJ-ZSCWBJW,0.001708549,284.000000000,,computed
HRFont,Neither (A3),HRFont_vs_Neither_A3,l1,FZZJ-ZWJBTJF,0.003491453,161.000000000,,computed
HRFont,Neither (A3),HRFont_vs_Neither_A3,l1,fzsj_2813607,0.001550271,54.000000000,,computed
HRFont,Neither (A3),HRFont_vs_Neither_A3,ssim,FZBaiZJHTJW-R,0.002870359,284.000000000,,computed
HRFont,Neither (A3),HRFont_vs_Neither_A3,ssim,FZBangSXJW,0.008740590,78.000000000,,computed
HRFont,Neither (A3),HRFont_vs_Neither_A3,ssim,FZChaoLTJW_Xian,0.052920741,161.000000000,,computed
HRFont,Neither (A3),HRFont_vs_Neither_A3,ssim,FZChaoZTJW_B,0.021449011,247.000000000,,computed
HRFont,Neither (A3),HRFont_vs_Neither_A3,ssim,FZCuanBZBKSJF,0.023132865,247.000000000,,computed
HRFont,Neither (A3),HRFont_vs_Neither_A3,ssim,FZDiHTJ,0.037373820,247.000000000,,computed
HRFont,Neither (A3),HRFont_vs_Neither_A3,ssim,FZFXKTJF,0.005435774,78.000000000,,computed
HRFont,Neither (A3),HRFont_vs_Neither_A3,ssim,FZFeiYTJW_Xian,0.006059067,247.000000000,,computed
HRFont,Neither (A3),HRFont_vs_Neither_A3,ssim,FZFengRSTJW-DB,0.019732093,247.000000000,,computed
HRFont,Neither (A3),HRFont_vs_Neither_A3,ssim,FZHanBTJW_Cu,0.007991130,247.000000000,,computed
HRFont,Neither (A3),HRFont_vs_Neither_A3,ssim,FZHuoYYJW-R,0.019076833,78.000000000,,computed
HRFont,Neither (A3),HRFont_vs_Neither_A3,ssim,FZJCXS,-0.007401829,78.000000000,,computed
HRFont,Neither (A3),HRFont_vs_Neither_A3,ssim,FZJiHJW,0.014863458,284.000000000,,computed
HRFont,Neither (A3),HRFont_vs_Neither_A3,ssim,FZJiHXTJW_Xi,0.034607180,247.000000000,,computed
HRFont,Neither (A3),HRFont_vs_Neither_A3,ssim,FZJingWTJW_Xi,0.018471562,247.000000000,,computed
HRFont,Neither (A3),HRFont_vs_Neither_A3,ssim,FZKuaiSTJF_Te,0.026153915,247.000000000,,computed
HRFont,Neither (A3),HRFont_vs_Neither_A3,ssim,FZLangYJW-M,0.028906737,78.000000000,,computed
HRFont,Neither (A3),HRFont_vs_Neither_A3,ssim,FZLiuCTJW_Xian,0.010614453,247.000000000,,computed
HRFont,Neither (A3),HRFont_vs_Neither_A3,ssim,FZManYTJW-B,0.025324645,284.000000000,,computed
HRFont,Neither (A3),HRFont_vs_Neither_A3,ssim,FZMingZTJW-DB,0.028690212,284.000000000,,computed
HRFont,Neither (A3),HRFont_vs_Neither_A3,ssim,FZNianLLHTJW,0.029269394,247.000000000,,computed
HRFont,Neither (A3),HRFont_vs_Neither_A3,ssim,FZPTYK,0.025469926,78.000000000,,computed
HRFont,Neither (A3),HRFont_vs_Neither_A3,ssim,FZQianWTJW_Xi,0.067376373,247.000000000,,computed
HRFont,Neither (A3),HRFont_vs_Neither_A3,ssim,FZRouSJW-EB,0.001678989,161.000000000,,computed
HRFont,Neither (A3),HRFont_vs_Neither_A3,ssim,FZSJ-NANMT,0.003226365,54.000000000,,computed
HRFont,Neither (A3),HRFont_vs_Neither_A3,ssim,FZShaoLGFTJF,0.010447953,284.000000000,,computed
HRFont,Neither (A3),HRFont_vs_Neither_A3,ssim,FZShouHJW_Zhun,0.051781152,78.000000000,,computed
HRFont,Neither (A3),HRFont_vs_Neither_A3,ssim,FZVDLJingQSJ-R,0.044732844,284.000000000,,computed
HRFont,Neither (A3),HRFont_vs_Neither_A3,ssim,FZXIANGSU14,0.000694261,282.000000000,,computed
HRFont,Neither (A3),HRFont_vs_Neither_A3,ssim,FZXIANGSU16,0.031483252,54.000000000,,computed
HRFont,Neither (A3),HRFont_vs_Neither_A3,ssim,FZXIANGSU24,0.060167331,282.000000000,,computed
HRFont,Neither (A3),HRFont_vs_Neither_A3,ssim,FZXSHJF,0.002388800,78.000000000,,computed
HRFont,Neither (A3),HRFont_vs_Neither_A3,ssim,FZXZZBJW,0.012303806,78.000000000,,computed
HRFont,Neither (A3),HRFont_vs_Neither_A3,ssim,FZXiangPZTJW_Zhun,0.023352842,247.000000000,,computed
HRFont,Neither (A3),HRFont_vs_Neither_A3,ssim,FZYaZTJ_Xi,0.031797810,247.000000000,,computed
HRFont,Neither (A3),HRFont_vs_Neither_A3,ssim,FZZH-DFHBJW (1),0.011567205,78.000000000,,computed
HRFont,Neither (A3),HRFont_vs_Neither_A3,ssim,FZZH-ZYXSJW,0.009968441,247.000000000,,computed
HRFont,Neither (A3),HRFont_vs_Neither_A3,ssim,FZZJ-BGSHJW,-0.000483542,78.000000000,,computed
HRFont,Neither (A3),HRFont_vs_Neither_A3,ssim,FZZJ-DZDTJW,0.008637475,54.000000000,,computed
HRFont,Neither (A3),HRFont_vs_Neither_A3,ssim,FZZJ-GJXKJW,0.002082879,161.000000000,,computed
HRFont,Neither (A3),HRFont_vs_Neither_A3,ssim,FZZJ-JIHJH,-0.008016967,54.000000000,,computed
HRFont,Neither (A3),HRFont_vs_Neither_A3,ssim,FZZJ-JLSSJW,0.003201877,78.000000000,,computed
HRFont,Neither (A3),HRFont_vs_Neither_A3,ssim,FZZJ-XFSXTJ,0.003132456,247.000000000,,computed
HRFont,Neither (A3),HRFont_vs_Neither_A3,ssim,FZZJ-XTJF,0.018110741,284.000000000,,computed
HRFont,Neither (A3),HRFont_vs_Neither_A3,ssim,FZZJ-ZSCWBJW,0.002609679,284.000000000,,computed
HRFont,Neither (A3),HRFont_vs_Neither_A3,ssim,FZZJ-ZWJBTJF,0.008701135,161.000000000,,computed
HRFont,Neither (A3),HRFont_vs_Neither_A3,ssim,fzsj_2813607,0.003316940,54.000000000,,computed
HRFont,Neither (A3),HRFont_vs_Neither_A3,lpips,FZBaiZJHTJW-R,0.008448022,284.000000000,,computed
HRFont,Neither (A3),HRFont_vs_Neither_A3,lpips,FZBangSXJW,0.018498374,78.000000000,,computed
HRFont,Neither (A3),HRFont_vs_Neither_A3,lpips,FZChaoLTJW_Xian,0.084270032,161.000000000,,computed
HRFont,Neither (A3),HRFont_vs_Neither_A3,lpips,FZChaoZTJW_B,0.035982568,247.000000000,,computed
HRFont,Neither (A3),HRFont_vs_Neither_A3,lpips,FZCuanBZBKSJF,0.027219039,247.000000000,,computed
HRFont,Neither (A3),HRFont_vs_Neither_A3,lpips,FZDiHTJ,0.021056883,247.000000000,,computed
HRFont,Neither (A3),HRFont_vs_Neither_A3,lpips,FZFXKTJF,0.009505021,78.000000000,,computed
HRFont,Neither (A3),HRFont_vs_Neither_A3,lpips,FZFeiYTJW_Xian,0.010919452,247.000000000,,computed
HRFont,Neither (A3),HRFont_vs_Neither_A3,lpips,FZFengRSTJW-DB,0.040745464,247.000000000,,computed
HRFont,Neither (A3),HRFont_vs_Neither_A3,lpips,FZHanBTJW_Cu,0.008334787,247.000000000,,computed
HRFont,Neither (A3),HRFont_vs_Neither_A3,lpips,FZHuoYYJW-R,0.023398266,78.000000000,,computed
HRFont,Neither (A3),HRFont_vs_Neither_A3,lpips,FZJCXS,0.015500039,78.000000000,,computed
HRFont,Neither (A3),HRFont_vs_Neither_A3,lpips,FZJiHJW,0.037606678,284.000000000,,computed
HRFont,Neither (A3),HRFont_vs_Neither_A3,lpips,FZJiHXTJW_Xi,0.063886213,247.000000000,,computed
HRFont,Neither (A3),HRFont_vs_Neither_A3,lpips,FZJingWTJW_Xi,0.026216687,247.000000000,,computed
HRFont,Neither (A3),HRFont_vs_Neither_A3,lpips,FZKuaiSTJF_Te,0.019553799,247.000000000,,computed
HRFont,Neither (A3),HRFont_vs_Neither_A3,lpips,FZLangYJW-M,0.048610367,78.000000000,,computed
HRFont,Neither (A3),HRFont_vs_Neither_A3,lpips,FZLiuCTJW_Xian,0.014373595,247.000000000,,computed
HRFont,Neither (A3),HRFont_vs_Neither_A3,lpips,FZManYTJW-B,0.026218401,284.000000000,,computed
HRFont,Neither (A3),HRFont_vs_Neither_A3,lpips,FZMingZTJW-DB,0.044355974,284.000000000,,computed
HRFont,Neither (A3),HRFont_vs_Neither_A3,lpips,FZNianLLHTJW,0.018748918,247.000000000,,computed
HRFont,Neither (A3),HRFont_vs_Neither_A3,lpips,FZPTYK,0.028021621,78.000000000,,computed
HRFont,Neither (A3),HRFont_vs_Neither_A3,lpips,FZQianWTJW_Xi,0.087933522,247.000000000,,computed
HRFont,Neither (A3),HRFont_vs_Neither_A3,lpips,FZRouSJW-EB,0.007215321,161.000000000,,computed
HRFont,Neither (A3),HRFont_vs_Neither_A3,lpips,FZSJ-NANMT,0.014413463,54.000000000,,computed
HRFont,Neither (A3),HRFont_vs_Neither_A3,lpips,FZShaoLGFTJF,0.015361936,284.000000000,,computed
HRFont,Neither (A3),HRFont_vs_Neither_A3,lpips,FZShouHJW_Zhun,0.084531359,78.000000000,,computed
HRFont,Neither (A3),HRFont_vs_Neither_A3,lpips,FZVDLJingQSJ-R,0.048159187,284.000000000,,computed
HRFont,Neither (A3),HRFont_vs_Neither_A3,lpips,FZXIANGSU14,0.054408341,282.000000000,,computed
HRFont,Neither (A3),HRFont_vs_Neither_A3,lpips,FZXIANGSU16,0.134061837,54.000000000,,computed
HRFont,Neither (A3),HRFont_vs_Neither_A3,lpips,FZXIANGSU24,0.085199460,282.000000000,,computed
HRFont,Neither (A3),HRFont_vs_Neither_A3,lpips,FZXSHJF,0.010695793,78.000000000,,computed
HRFont,Neither (A3),HRFont_vs_Neither_A3,lpips,FZXZZBJW,0.036769578,78.000000000,,computed
HRFont,Neither (A3),HRFont_vs_Neither_A3,lpips,FZXiangPZTJW_Zhun,0.033087172,247.000000000,,computed
HRFont,Neither (A3),HRFont_vs_Neither_A3,lpips,FZYaZTJ_Xi,0.116023149,247.000000000,,computed
HRFont,Neither (A3),HRFont_vs_Neither_A3,lpips,FZZH-DFHBJW (1),0.020934115,78.000000000,,computed
HRFont,Neither (A3),HRFont_vs_Neither_A3,lpips,FZZH-ZYXSJW,0.023828668,247.000000000,,computed
HRFont,Neither (A3),HRFont_vs_Neither_A3,lpips,FZZJ-BGSHJW,0.053596178,78.000000000,,computed
HRFont,Neither (A3),HRFont_vs_Neither_A3,lpips,FZZJ-DZDTJW,0.021333988,54.000000000,,computed
HRFont,Neither (A3),HRFont_vs_Neither_A3,lpips,FZZJ-GJXKJW,0.009665940,161.000000000,,computed
HRFont,Neither (A3),HRFont_vs_Neither_A3,lpips,FZZJ-JIHJH,0.014198499,54.000000000,,computed
HRFont,Neither (A3),HRFont_vs_Neither_A3,lpips,FZZJ-JLSSJW,0.003894936,78.000000000,,computed
HRFont,Neither (A3),HRFont_vs_Neither_A3,lpips,FZZJ-XFSXTJ,0.011529803,247.000000000,,computed
HRFont,Neither (A3),HRFont_vs_Neither_A3,lpips,FZZJ-XTJF,0.019820806,284.000000000,,computed
HRFont,Neither (A3),HRFont_vs_Neither_A3,lpips,FZZJ-ZSCWBJW,0.004445365,284.000000000,,computed
HRFont,Neither (A3),HRFont_vs_Neither_A3,lpips,FZZJ-ZWJBTJF,0.012101619,161.000000000,,computed
HRFont,Neither (A3),HRFont_vs_Neither_A3,lpips,fzsj_2813607,0.004031175,54.000000000,,computed
HRFont,Neither (A3),HRFont_vs_Neither_A3,rsc8,FZBaiZJHTJW-R,0.075702020,284.000000000,,computed
HRFont,Neither (A3),HRFont_vs_Neither_A3,rsc8,FZBangSXJW,-0.027136537,78.000000000,,computed
HRFont,Neither (A3),HRFont_vs_Neither_A3,rsc8,FZChaoLTJW_Xian,0.085423716,161.000000000,,computed
HRFont,Neither (A3),HRFont_vs_Neither_A3,rsc8,FZChaoZTJW_B,0.065940979,247.000000000,,computed
HRFont,Neither (A3),HRFont_vs_Neither_A3,rsc8,FZCuanBZBKSJF,0.216043241,247.000000000,,computed
HRFont,Neither (A3),HRFont_vs_Neither_A3,rsc8,FZDiHTJ,0.031914568,247.000000000,,computed
HRFont,Neither (A3),HRFont_vs_Neither_A3,rsc8,FZFXKTJF,0.098353056,78.000000000,,computed
HRFont,Neither (A3),HRFont_vs_Neither_A3,rsc8,FZFeiYTJW_Xian,0.044843031,247.000000000,,computed
HRFont,Neither (A3),HRFont_vs_Neither_A3,rsc8,FZFengRSTJW-DB,0.024650627,247.000000000,,computed
HRFont,Neither (A3),HRFont_vs_Neither_A3,rsc8,FZHanBTJW_Cu,-0.001302698,247.000000000,,computed
HRFont,Neither (A3),HRFont_vs_Neither_A3,rsc8,FZHuoYYJW-R,-0.000798551,78.000000000,,computed
HRFont,Neither (A3),HRFont_vs_Neither_A3,rsc8,FZJCXS,0.117980262,78.000000000,,computed
HRFont,Neither (A3),HRFont_vs_Neither_A3,rsc8,FZJiHJW,0.001256841,284.000000000,,computed
HRFont,Neither (A3),HRFont_vs_Neither_A3,rsc8,FZJiHXTJW_Xi,0.045295841,247.000000000,,computed
HRFont,Neither (A3),HRFont_vs_Neither_A3,rsc8,FZJingWTJW_Xi,0.014179190,247.000000000,,computed
HRFont,Neither (A3),HRFont_vs_Neither_A3,rsc8,FZKuaiSTJF_Te,-0.007064906,247.000000000,,computed
HRFont,Neither (A3),HRFont_vs_Neither_A3,rsc8,FZLangYJW-M,0.064416797,78.000000000,,computed
HRFont,Neither (A3),HRFont_vs_Neither_A3,rsc8,FZLiuCTJW_Xian,0.027127990,247.000000000,,computed
HRFont,Neither (A3),HRFont_vs_Neither_A3,rsc8,FZManYTJW-B,0.004820479,284.000000000,,computed
HRFont,Neither (A3),HRFont_vs_Neither_A3,rsc8,FZMingZTJW-DB,0.044582660,284.000000000,,computed
HRFont,Neither (A3),HRFont_vs_Neither_A3,rsc8,FZNianLLHTJW,0.042181766,247.000000000,,computed
HRFont,Neither (A3),HRFont_vs_Neither_A3,rsc8,FZPTYK,-0.006878044,78.000000000,,computed
HRFont,Neither (A3),HRFont_vs_Neither_A3,rsc8,FZQianWTJW_Xi,-0.020263614,247.000000000,,computed
HRFont,Neither (A3),HRFont_vs_Neither_A3,rsc8,FZRouSJW-EB,0.012988722,161.000000000,,computed
HRFont,Neither (A3),HRFont_vs_Neither_A3,rsc8,FZSJ-NANMT,-0.020404162,54.000000000,,computed
HRFont,Neither (A3),HRFont_vs_Neither_A3,rsc8,FZShaoLGFTJF,-0.021647592,284.000000000,,computed
HRFont,Neither (A3),HRFont_vs_Neither_A3,rsc8,FZShouHJW_Zhun,-0.023810775,78.000000000,,computed
HRFont,Neither (A3),HRFont_vs_Neither_A3,rsc8,FZVDLJingQSJ-R,0.192463301,284.000000000,,computed
HRFont,Neither (A3),HRFont_vs_Neither_A3,rsc8,FZXIANGSU14,-0.039471520,282.000000000,,computed
HRFont,Neither (A3),HRFont_vs_Neither_A3,rsc8,FZXIANGSU16,0.183313072,54.000000000,,computed
HRFont,Neither (A3),HRFont_vs_Neither_A3,rsc8,FZXIANGSU24,0.003319238,282.000000000,,computed
HRFont,Neither (A3),HRFont_vs_Neither_A3,rsc8,FZXSHJF,0.115039972,78.000000000,,computed
HRFont,Neither (A3),HRFont_vs_Neither_A3,rsc8,FZXZZBJW,0.000336087,78.000000000,,computed
HRFont,Neither (A3),HRFont_vs_Neither_A3,rsc8,FZXiangPZTJW_Zhun,0.025639775,247.000000000,,computed
HRFont,Neither (A3),HRFont_vs_Neither_A3,rsc8,FZYaZTJ_Xi,0.384808476,247.000000000,,computed
HRFont,Neither (A3),HRFont_vs_Neither_A3,rsc8,FZZH-DFHBJW (1),0.013161841,78.000000000,,computed
HRFont,Neither (A3),HRFont_vs_Neither_A3,rsc8,FZZH-ZYXSJW,0.009021750,247.000000000,,computed
HRFont,Neither (A3),HRFont_vs_Neither_A3,rsc8,FZZJ-BGSHJW,0.024953013,78.000000000,,computed
HRFont,Neither (A3),HRFont_vs_Neither_A3,rsc8,FZZJ-DZDTJW,-0.023742704,54.000000000,,computed
HRFont,Neither (A3),HRFont_vs_Neither_A3,rsc8,FZZJ-GJXKJW,0.017829305,161.000000000,,computed
HRFont,Neither (A3),HRFont_vs_Neither_A3,rsc8,FZZJ-JIHJH,0.026354879,54.000000000,,computed
HRFont,Neither (A3),HRFont_vs_Neither_A3,rsc8,FZZJ-JLSSJW,0.043626409,78.000000000,,computed
HRFont,Neither (A3),HRFont_vs_Neither_A3,rsc8,FZZJ-XFSXTJ,-0.004658025,247.000000000,,computed
HRFont,Neither (A3),HRFont_vs_Neither_A3,rsc8,FZZJ-XTJF,0.027529649,284.000000000,,computed
HRFont,Neither (A3),HRFont_vs_Neither_A3,rsc8,FZZJ-ZSCWBJW,0.030547489,284.000000000,,computed
HRFont,Neither (A3),HRFont_vs_Neither_A3,rsc8,FZZJ-ZWJBTJF,0.074960161,161.000000000,,computed
HRFont,Neither (A3),HRFont_vs_Neither_A3,rsc8,fzsj_2813607,0.015164360,54.000000000,,computed
HRFont,Top-1 routing,HRFont_vs_Top1,l1,FZBaiZJHTJW-R,-0.012087963,284.000000000,,computed
HRFont,Top-1 routing,HRFont_vs_Top1,l1,FZBangSXJW,-0.003321355,78.000000000,,computed
HRFont,Top-1 routing,HRFont_vs_Top1,l1,FZChaoLTJW_Xian,-0.001383415,161.000000000,,computed
HRFont,Top-1 routing,HRFont_vs_Top1,l1,FZChaoZTJW_B,-0.008502016,247.000000000,,computed
HRFont,Top-1 routing,HRFont_vs_Top1,l1,FZCuanBZBKSJF,-0.000536973,247.000000000,,computed
HRFont,Top-1 routing,HRFont_vs_Top1,l1,FZDiHTJ,-0.009322482,247.000000000,,computed
HRFont,Top-1 routing,HRFont_vs_Top1,l1,FZFXKTJF,-0.012037887,78.000000000,,computed
HRFont,Top-1 routing,HRFont_vs_Top1,l1,FZFeiYTJW_Xian,-0.000763024,247.000000000,,computed
HRFont,Top-1 routing,HRFont_vs_Top1,l1,FZFengRSTJW-DB,-0.004043904,247.000000000,,computed
HRFont,Top-1 routing,HRFont_vs_Top1,l1,FZHanBTJW_Cu,-0.006967112,247.000000000,,computed
HRFont,Top-1 routing,HRFont_vs_Top1,l1,FZHuoYYJW-R,-0.002051463,78.000000000,,computed
HRFont,Top-1 routing,HRFont_vs_Top1,l1,FZJCXS,-0.002455590,78.000000000,,computed
HRFont,Top-1 routing,HRFont_vs_Top1,l1,FZJiHJW,-0.004606169,284.000000000,,computed
HRFont,Top-1 routing,HRFont_vs_Top1,l1,FZJiHXTJW_Xi,-0.004585376,247.000000000,,computed
HRFont,Top-1 routing,HRFont_vs_Top1,l1,FZJingWTJW_Xi,-0.009812946,247.000000000,,computed
HRFont,Top-1 routing,HRFont_vs_Top1,l1,FZKuaiSTJF_Te,-0.006166848,247.000000000,,computed
HRFont,Top-1 routing,HRFont_vs_Top1,l1,FZLangYJW-M,-0.001493412,78.000000000,,computed
HRFont,Top-1 routing,HRFont_vs_Top1,l1,FZLiuCTJW_Xian,-0.003026108,247.000000000,,computed
HRFont,Top-1 routing,HRFont_vs_Top1,l1,FZManYTJW-B,-0.004164774,284.000000000,,computed
HRFont,Top-1 routing,HRFont_vs_Top1,l1,FZMingZTJW-DB,-0.002664380,284.000000000,,computed
HRFont,Top-1 routing,HRFont_vs_Top1,l1,FZNianLLHTJW,0.002072597,247.000000000,,computed
HRFont,Top-1 routing,HRFont_vs_Top1,l1,FZPTYK,-0.004268795,78.000000000,,computed
HRFont,Top-1 routing,HRFont_vs_Top1,l1,FZQianWTJW_Xi,-0.004029664,247.000000000,,computed
HRFont,Top-1 routing,HRFont_vs_Top1,l1,FZRouSJW-EB,-0.000840951,161.000000000,,computed
HRFont,Top-1 routing,HRFont_vs_Top1,l1,FZSJ-NANMT,-0.002161982,54.000000000,,computed
HRFont,Top-1 routing,HRFont_vs_Top1,l1,FZShaoLGFTJF,-0.003257553,284.000000000,,computed
HRFont,Top-1 routing,HRFont_vs_Top1,l1,FZShouHJW_Zhun,-0.001057554,78.000000000,,computed
HRFont,Top-1 routing,HRFont_vs_Top1,l1,FZVDLJingQSJ-R,-0.009344398,284.000000000,,computed
HRFont,Top-1 routing,HRFont_vs_Top1,l1,FZXIANGSU14,-0.001909226,282.000000000,,computed
HRFont,Top-1 routing,HRFont_vs_Top1,l1,FZXIANGSU16,-0.002618263,54.000000000,,computed
HRFont,Top-1 routing,HRFont_vs_Top1,l1,FZXIANGSU24,-0.004253924,282.000000000,,computed
HRFont,Top-1 routing,HRFont_vs_Top1,l1,FZXSHJF,-0.005868370,78.000000000,,computed
HRFont,Top-1 routing,HRFont_vs_Top1,l1,FZXZZBJW,-0.001345279,78.000000000,,computed
HRFont,Top-1 routing,HRFont_vs_Top1,l1,FZXiangPZTJW_Zhun,-0.011162513,247.000000000,,computed
HRFont,Top-1 routing,HRFont_vs_Top1,l1,FZYaZTJ_Xi,-0.009190200,247.000000000,,computed
HRFont,Top-1 routing,HRFont_vs_Top1,l1,FZZH-DFHBJW (1),-0.007436658,78.000000000,,computed
HRFont,Top-1 routing,HRFont_vs_Top1,l1,FZZH-ZYXSJW,-0.003434661,247.000000000,,computed
HRFont,Top-1 routing,HRFont_vs_Top1,l1,FZZJ-BGSHJW,-0.000815288,78.000000000,,computed
HRFont,Top-1 routing,HRFont_vs_Top1,l1,FZZJ-DZDTJW,-0.000973520,54.000000000,,computed
HRFont,Top-1 routing,HRFont_vs_Top1,l1,FZZJ-GJXKJW,0.001324485,161.000000000,,computed
HRFont,Top-1 routing,HRFont_vs_Top1,l1,FZZJ-JIHJH,-0.000539541,54.000000000,,computed
HRFont,Top-1 routing,HRFont_vs_Top1,l1,FZZJ-JLSSJW,0.001101818,78.000000000,,computed
HRFont,Top-1 routing,HRFont_vs_Top1,l1,FZZJ-XFSXTJ,-0.000185665,247.000000000,,computed
HRFont,Top-1 routing,HRFont_vs_Top1,l1,FZZJ-XTJF,-0.001260911,284.000000000,,computed
HRFont,Top-1 routing,HRFont_vs_Top1,l1,FZZJ-ZSCWBJW,-0.001777885,284.000000000,,computed
HRFont,Top-1 routing,HRFont_vs_Top1,l1,FZZJ-ZWJBTJF,-0.002001055,161.000000000,,computed
HRFont,Top-1 routing,HRFont_vs_Top1,l1,fzsj_2813607,0.000655217,54.000000000,,computed
HRFont,Top-1 routing,HRFont_vs_Top1,ssim,FZBaiZJHTJW-R,-0.023717729,284.000000000,,computed
HRFont,Top-1 routing,HRFont_vs_Top1,ssim,FZBangSXJW,-0.006048348,78.000000000,,computed
HRFont,Top-1 routing,HRFont_vs_Top1,ssim,FZChaoLTJW_Xian,-0.007063318,161.000000000,,computed
HRFont,Top-1 routing,HRFont_vs_Top1,ssim,FZChaoZTJW_B,-0.018782383,247.000000000,,computed
HRFont,Top-1 routing,HRFont_vs_Top1,ssim,FZCuanBZBKSJF,-0.001993242,247.000000000,,computed
HRFont,Top-1 routing,HRFont_vs_Top1,ssim,FZDiHTJ,-0.021549131,247.000000000,,computed
HRFont,Top-1 routing,HRFont_vs_Top1,ssim,FZFXKTJF,-0.023202841,78.000000000,,computed
HRFont,Top-1 routing,HRFont_vs_Top1,ssim,FZFeiYTJW_Xian,-0.002337697,247.000000000,,computed
HRFont,Top-1 routing,HRFont_vs_Top1,ssim,FZFengRSTJW-DB,-0.011139964,247.000000000,,computed
HRFont,Top-1 routing,HRFont_vs_Top1,ssim,FZHanBTJW_Cu,-0.013378187,247.000000000,,computed
HRFont,Top-1 routing,HRFont_vs_Top1,ssim,FZHuoYYJW-R,-0.006011993,78.000000000,,computed
HRFont,Top-1 routing,HRFont_vs_Top1,ssim,FZJCXS,-0.004987418,78.000000000,,computed
HRFont,Top-1 routing,HRFont_vs_Top1,ssim,FZJiHJW,-0.011443398,284.000000000,,computed
HRFont,Top-1 routing,HRFont_vs_Top1,ssim,FZJiHXTJW_Xi,-0.016802738,247.000000000,,computed
HRFont,Top-1 routing,HRFont_vs_Top1,ssim,FZJingWTJW_Xi,-0.023489952,247.000000000,,computed
HRFont,Top-1 routing,HRFont_vs_Top1,ssim,FZKuaiSTJF_Te,-0.014178000,247.000000000,,computed
HRFont,Top-1 routing,HRFont_vs_Top1,ssim,FZLangYJW-M,-0.003777161,78.000000000,,computed
HRFont,Top-1 routing,HRFont_vs_Top1,ssim,FZLiuCTJW_Xian,-0.010458357,247.000000000,,computed
HRFont,Top-1 routing,HRFont_vs_Top1,ssim,FZManYTJW-B,-0.008964559,284.000000000,,computed
HRFont,Top-1 routing,HRFont_vs_Top1,ssim,FZMingZTJW-DB,-0.005477377,284.000000000,,computed
HRFont,Top-1 routing,HRFont_vs_Top1,ssim,FZNianLLHTJW,0.004179635,247.000000000,,computed
HRFont,Top-1 routing,HRFont_vs_Top1,ssim,FZPTYK,-0.009853275,78.000000000,,computed
HRFont,Top-1 routing,HRFont_vs_Top1,ssim,FZQianWTJW_Xi,-0.014202637,247.000000000,,computed
HRFont,Top-1 routing,HRFont_vs_Top1,ssim,FZRouSJW-EB,-0.002097833,161.000000000,,computed
HRFont,Top-1 routing,HRFont_vs_Top1,ssim,FZSJ-NANMT,-0.005922737,54.000000000,,computed
HRFont,Top-1 routing,HRFont_vs_Top1,ssim,FZShaoLGFTJF,-0.007271164,284.000000000,,computed
HRFont,Top-1 routing,HRFont_vs_Top1,ssim,FZShouHJW_Zhun,-0.001881839,78.000000000,,computed
HRFont,Top-1 routing,HRFont_vs_Top1,ssim,FZVDLJingQSJ-R,-0.020508954,284.000000000,,computed
HRFont,Top-1 routing,HRFont_vs_Top1,ssim,FZXIANGSU14,-0.005090464,282.000000000,,computed
HRFont,Top-1 routing,HRFont_vs_Top1,ssim,FZXIANGSU16,-0.006915199,54.000000000,,computed
HRFont,Top-1 routing,HRFont_vs_Top1,ssim,FZXIANGSU24,-0.012508281,282.000000000,,computed
HRFont,Top-1 routing,HRFont_vs_Top1,ssim,FZXSHJF,-0.013194057,78.000000000,,computed
HRFont,Top-1 routing,HRFont_vs_Top1,ssim,FZXZZBJW,-0.002383079,78.000000000,,computed
HRFont,Top-1 routing,HRFont_vs_Top1,ssim,FZXiangPZTJW_Zhun,-0.022055451,247.000000000,,computed
HRFont,Top-1 routing,HRFont_vs_Top1,ssim,FZYaZTJ_Xi,-0.023298075,247.000000000,,computed
HRFont,Top-1 routing,HRFont_vs_Top1,ssim,FZZH-DFHBJW (1),-0.016545019,78.000000000,,computed
HRFont,Top-1 routing,HRFont_vs_Top1,ssim,FZZH-ZYXSJW,-0.009082109,247.000000000,,computed
HRFont,Top-1 routing,HRFont_vs_Top1,ssim,FZZJ-BGSHJW,-0.002130242,78.000000000,,computed
HRFont,Top-1 routing,HRFont_vs_Top1,ssim,FZZJ-DZDTJW,-0.002870004,54.000000000,,computed
HRFont,Top-1 routing,HRFont_vs_Top1,ssim,FZZJ-GJXKJW,0.003238871,161.000000000,,computed
HRFont,Top-1 routing,HRFont_vs_Top1,ssim,FZZJ-JIHJH,-0.001341598,54.000000000,,computed
HRFont,Top-1 routing,HRFont_vs_Top1,ssim,FZZJ-JLSSJW,0.001837263,78.000000000,,computed
HRFont,Top-1 routing,HRFont_vs_Top1,ssim,FZZJ-XFSXTJ,-0.000065941,247.000000000,,computed
HRFont,Top-1 routing,HRFont_vs_Top1,ssim,FZZJ-XTJF,-0.002375189,284.000000000,,computed
HRFont,Top-1 routing,HRFont_vs_Top1,ssim,FZZJ-ZSCWBJW,-0.003362288,284.000000000,,computed
HRFont,Top-1 routing,HRFont_vs_Top1,ssim,FZZJ-ZWJBTJF,-0.006986311,161.000000000,,computed
HRFont,Top-1 routing,HRFont_vs_Top1,ssim,fzsj_2813607,0.001973983,54.000000000,,computed
HRFont,Top-1 routing,HRFont_vs_Top1,lpips,FZBaiZJHTJW-R,-0.016203068,284.000000000,,computed
HRFont,Top-1 routing,HRFont_vs_Top1,lpips,FZBangSXJW,-0.001353910,78.000000000,,computed
HRFont,Top-1 routing,HRFont_vs_Top1,lpips,FZChaoLTJW_Xian,-0.005447234,161.000000000,,computed
HRFont,Top-1 routing,HRFont_vs_Top1,lpips,FZChaoZTJW_B,-0.013142647,247.000000000,,computed
HRFont,Top-1 routing,HRFont_vs_Top1,lpips,FZCuanBZBKSJF,-0.000046946,247.000000000,,computed
HRFont,Top-1 routing,HRFont_vs_Top1,lpips,FZDiHTJ,-0.013669307,247.000000000,,computed
HRFont,Top-1 routing,HRFont_vs_Top1,lpips,FZFXKTJF,-0.015948386,78.000000000,,computed
HRFont,Top-1 routing,HRFont_vs_Top1,lpips,FZFeiYTJW_Xian,0.001231996,247.000000000,,computed
HRFont,Top-1 routing,HRFont_vs_Top1,lpips,FZFengRSTJW-DB,-0.005192708,247.000000000,,computed
HRFont,Top-1 routing,HRFont_vs_Top1,lpips,FZHanBTJW_Cu,-0.008813266,247.000000000,,computed
HRFont,Top-1 routing,HRFont_vs_Top1,lpips,FZHuoYYJW-R,-0.003500924,78.000000000,,computed
HRFont,Top-1 routing,HRFont_vs_Top1,lpips,FZJCXS,-0.006107729,78.000000000,,computed
HRFont,Top-1 routing,HRFont_vs_Top1,lpips,FZJiHJW,-0.005802260,284.000000000,,computed
HRFont,Top-1 routing,HRFont_vs_Top1,lpips,FZJiHXTJW_Xi,-0.012350836,247.000000000,,computed
HRFont,Top-1 routing,HRFont_vs_Top1,lpips,FZJingWTJW_Xi,-0.012725955,247.000000000,,computed
HRFont,Top-1 routing,HRFont_vs_Top1,lpips,FZKuaiSTJF_Te,-0.007153055,247.000000000,,computed
HRFont,Top-1 routing,HRFont_vs_Top1,lpips,FZLangYJW-M,0.001348419,78.000000000,,computed
HRFont,Top-1 routing,HRFont_vs_Top1,lpips,FZLiuCTJW_Xian,-0.010267838,247.000000000,,computed
HRFont,Top-1 routing,HRFont_vs_Top1,lpips,FZManYTJW-B,-0.007470599,284.000000000,,computed
HRFont,Top-1 routing,HRFont_vs_Top1,lpips,FZMingZTJW-DB,-0.006369770,284.000000000,,computed
HRFont,Top-1 routing,HRFont_vs_Top1,lpips,FZNianLLHTJW,0.003232305,247.000000000,,computed
HRFont,Top-1 routing,HRFont_vs_Top1,lpips,FZPTYK,-0.006778517,78.000000000,,computed
HRFont,Top-1 routing,HRFont_vs_Top1,lpips,FZQianWTJW_Xi,-0.007063736,247.000000000,,computed
HRFont,Top-1 routing,HRFont_vs_Top1,lpips,FZRouSJW-EB,-0.002613789,161.000000000,,computed
HRFont,Top-1 routing,HRFont_vs_Top1,lpips,FZSJ-NANMT,-0.003318779,54.000000000,,computed
HRFont,Top-1 routing,HRFont_vs_Top1,lpips,FZShaoLGFTJF,-0.003933188,284.000000000,,computed
HRFont,Top-1 routing,HRFont_vs_Top1,lpips,FZShouHJW_Zhun,0.000268938,78.000000000,,computed
HRFont,Top-1 routing,HRFont_vs_Top1,lpips,FZVDLJingQSJ-R,-0.011448250,284.000000000,,computed
HRFont,Top-1 routing,HRFont_vs_Top1,lpips,FZXIANGSU14,-0.003159174,282.000000000,,computed
HRFont,Top-1 routing,HRFont_vs_Top1,lpips,FZXIANGSU16,-0.003943236,54.000000000,,computed
HRFont,Top-1 routing,HRFont_vs_Top1,lpips,FZXIANGSU24,-0.006753308,282.000000000,,computed
HRFont,Top-1 routing,HRFont_vs_Top1,lpips,FZXSHJF,-0.008615579,78.000000000,,computed
HRFont,Top-1 routing,HRFont_vs_Top1,lpips,FZXZZBJW,0.034321530,78.000000000,,computed
HRFont,Top-1 routing,HRFont_vs_Top1,lpips,FZXiangPZTJW_Zhun,-0.016679925,247.000000000,,computed
HRFont,Top-1 routing,HRFont_vs_Top1,lpips,FZYaZTJ_Xi,-0.015803023,247.000000000,,computed
HRFont,Top-1 routing,HRFont_vs_Top1,lpips,FZZH-DFHBJW (1),-0.005316691,78.000000000,,computed
HRFont,Top-1 routing,HRFont_vs_Top1,lpips,FZZH-ZYXSJW,-0.009794008,247.000000000,,computed
HRFont,Top-1 routing,HRFont_vs_Top1,lpips,FZZJ-BGSHJW,-0.002169048,78.000000000,,computed
HRFont,Top-1 routing,HRFont_vs_Top1,lpips,FZZJ-DZDTJW,0.001209473,54.000000000,,computed
HRFont,Top-1 routing,HRFont_vs_Top1,lpips,FZZJ-GJXKJW,0.003265901,161.000000000,,computed
HRFont,Top-1 routing,HRFont_vs_Top1,lpips,FZZJ-JIHJH,-0.003430091,54.000000000,,computed
HRFont,Top-1 routing,HRFont_vs_Top1,lpips,FZZJ-JLSSJW,0.000829433,78.000000000,,computed
HRFont,Top-1 routing,HRFont_vs_Top1,lpips,FZZJ-XFSXTJ,-0.001916449,247.000000000,,computed
HRFont,Top-1 routing,HRFont_vs_Top1,lpips,FZZJ-XTJF,-0.000820274,284.000000000,,computed
HRFont,Top-1 routing,HRFont_vs_Top1,lpips,FZZJ-ZSCWBJW,-0.001265491,284.000000000,,computed
HRFont,Top-1 routing,HRFont_vs_Top1,lpips,FZZJ-ZWJBTJF,-0.005038289,161.000000000,,computed
HRFont,Top-1 routing,HRFont_vs_Top1,lpips,fzsj_2813607,-0.001497332,54.000000000,,computed
HRFont,Top-1 routing,HRFont_vs_Top1,rsc8,FZBaiZJHTJW-R,-0.002074389,284.000000000,,computed
HRFont,Top-1 routing,HRFont_vs_Top1,rsc8,FZBangSXJW,-0.005588734,78.000000000,,computed
HRFont,Top-1 routing,HRFont_vs_Top1,rsc8,FZChaoLTJW_Xian,-0.008243646,161.000000000,,computed
HRFont,Top-1 routing,HRFont_vs_Top1,rsc8,FZChaoZTJW_B,-0.003657926,247.000000000,,computed
HRFont,Top-1 routing,HRFont_vs_Top1,rsc8,FZCuanBZBKSJF,0.008648303,247.000000000,,computed
HRFont,Top-1 routing,HRFont_vs_Top1,rsc8,FZDiHTJ,0.004748218,247.000000000,,computed
HRFont,Top-1 routing,HRFont_vs_Top1,rsc8,FZFXKTJF,-0.022510942,78.000000000,,computed
HRFont,Top-1 routing,HRFont_vs_Top1,rsc8,FZFeiYTJW_Xian,0.006877703,247.000000000,,computed
HRFont,Top-1 routing,HRFont_vs_Top1,rsc8,FZFengRSTJW-DB,0.000476619,247.000000000,,computed
HRFont,Top-1 routing,HRFont_vs_Top1,rsc8,FZHanBTJW_Cu,0.002935682,247.000000000,,computed
HRFont,Top-1 routing,HRFont_vs_Top1,rsc8,FZHuoYYJW-R,0.003459617,78.000000000,,computed
HRFont,Top-1 routing,HRFont_vs_Top1,rsc8,FZJCXS,-0.003631942,78.000000000,,computed
HRFont,Top-1 routing,HRFont_vs_Top1,rsc8,FZJiHJW,0.004849485,284.000000000,,computed
HRFont,Top-1 routing,HRFont_vs_Top1,rsc8,FZJiHXTJW_Xi,0.003409692,247.000000000,,computed
HRFont,Top-1 routing,HRFont_vs_Top1,rsc8,FZJingWTJW_Xi,-0.002140521,247.000000000,,computed
HRFont,Top-1 routing,HRFont_vs_Top1,rsc8,FZKuaiSTJF_Te,-0.007006372,247.000000000,,computed
HRFont,Top-1 routing,HRFont_vs_Top1,rsc8,FZLangYJW-M,0.015213252,78.000000000,,computed
HRFont,Top-1 routing,HRFont_vs_Top1,rsc8,FZLiuCTJW_Xian,0.000596912,247.000000000,,computed
HRFont,Top-1 routing,HRFont_vs_Top1,rsc8,FZManYTJW-B,-0.007891827,284.000000000,,computed
HRFont,Top-1 routing,HRFont_vs_Top1,rsc8,FZMingZTJW-DB,0.002955428,284.000000000,,computed
HRFont,Top-1 routing,HRFont_vs_Top1,rsc8,FZNianLLHTJW,0.001271809,247.000000000,,computed
HRFont,Top-1 routing,HRFont_vs_Top1,rsc8,FZPTYK,0.003497536,78.000000000,,computed
HRFont,Top-1 routing,HRFont_vs_Top1,rsc8,FZQianWTJW_Xi,0.010626586,247.000000000,,computed
HRFont,Top-1 routing,HRFont_vs_Top1,rsc8,FZRouSJW-EB,-0.000591546,161.000000000,,computed
HRFont,Top-1 routing,HRFont_vs_Top1,rsc8,FZSJ-NANMT,-0.000787357,54.000000000,,computed
HRFont,Top-1 routing,HRFont_vs_Top1,rsc8,FZShaoLGFTJF,-0.001962507,284.000000000,,computed
HRFont,Top-1 routing,HRFont_vs_Top1,rsc8,FZShouHJW_Zhun,0.003595225,78.000000000,,computed
HRFont,Top-1 routing,HRFont_vs_Top1,rsc8,FZVDLJingQSJ-R,0.012334915,284.000000000,,computed
HRFont,Top-1 routing,HRFont_vs_Top1,rsc8,FZXIANGSU14,0.014478184,282.000000000,,computed
HRFont,Top-1 routing,HRFont_vs_Top1,rsc8,FZXIANGSU16,0.009716531,54.000000000,,computed
HRFont,Top-1 routing,HRFont_vs_Top1,rsc8,FZXIANGSU24,0.002260816,282.000000000,,computed
HRFont,Top-1 routing,HRFont_vs_Top1,rsc8,FZXSHJF,0.018114339,78.000000000,,computed
HRFont,Top-1 routing,HRFont_vs_Top1,rsc8,FZXZZBJW,0.006835726,78.000000000,,computed
HRFont,Top-1 routing,HRFont_vs_Top1,rsc8,FZXiangPZTJW_Zhun,-0.006676154,247.000000000,,computed
HRFont,Top-1 routing,HRFont_vs_Top1,rsc8,FZYaZTJ_Xi,-0.001768632,247.000000000,,computed
HRFont,Top-1 routing,HRFont_vs_Top1,rsc8,FZZH-DFHBJW (1),0.008184351,78.000000000,,computed
HRFont,Top-1 routing,HRFont_vs_Top1,rsc8,FZZH-ZYXSJW,-0.000523127,247.000000000,,computed
HRFont,Top-1 routing,HRFont_vs_Top1,rsc8,FZZJ-BGSHJW,-0.014822027,78.000000000,,computed
HRFont,Top-1 routing,HRFont_vs_Top1,rsc8,FZZJ-DZDTJW,-0.010892282,54.000000000,,computed
HRFont,Top-1 routing,HRFont_vs_Top1,rsc8,FZZJ-GJXKJW,0.009568328,161.000000000,,computed
HRFont,Top-1 routing,HRFont_vs_Top1,rsc8,FZZJ-JIHJH,0.007390587,54.000000000,,computed
HRFont,Top-1 routing,HRFont_vs_Top1,rsc8,FZZJ-JLSSJW,-0.000878443,78.000000000,,computed
HRFont,Top-1 routing,HRFont_vs_Top1,rsc8,FZZJ-XFSXTJ,0.001488300,247.000000000,,computed
HRFont,Top-1 routing,HRFont_vs_Top1,rsc8,FZZJ-XTJF,-0.002700465,284.000000000,,computed
HRFont,Top-1 routing,HRFont_vs_Top1,rsc8,FZZJ-ZSCWBJW,-0.001926448,284.000000000,,computed
HRFont,Top-1 routing,HRFont_vs_Top1,rsc8,FZZJ-ZWJBTJF,-0.008109723,161.000000000,,computed
HRFont,Top-1 routing,HRFont_vs_Top1,rsc8,fzsj_2813607,0.012291662,54.000000000,,computed
HRFont,Uniform Top-K,HRFont_vs_Uniform_TopK,l1,FZBaiZJHTJW-R,0.000098334,284.000000000,,computed
HRFont,Uniform Top-K,HRFont_vs_Uniform_TopK,l1,FZBangSXJW,0.000005172,78.000000000,,computed
HRFont,Uniform Top-K,HRFont_vs_Uniform_TopK,l1,FZChaoLTJW_Xian,0.000000970,161.000000000,,computed
HRFont,Uniform Top-K,HRFont_vs_Uniform_TopK,l1,FZChaoZTJW_B,0.000015174,247.000000000,,computed
HRFont,Uniform Top-K,HRFont_vs_Uniform_TopK,l1,FZCuanBZBKSJF,0.000004593,247.000000000,,computed
HRFont,Uniform Top-K,HRFont_vs_Uniform_TopK,l1,FZDiHTJ,0.000049298,247.000000000,,computed
HRFont,Uniform Top-K,HRFont_vs_Uniform_TopK,l1,FZFXKTJF,0.000044467,78.000000000,,computed
HRFont,Uniform Top-K,HRFont_vs_Uniform_TopK,l1,FZFeiYTJW_Xian,0.000001907,247.000000000,,computed
HRFont,Uniform Top-K,HRFont_vs_Uniform_TopK,l1,FZFengRSTJW-DB,0.000048623,247.000000000,,computed
HRFont,Uniform Top-K,HRFont_vs_Uniform_TopK,l1,FZHanBTJW_Cu,0.000006082,247.000000000,,computed
HRFont,Uniform Top-K,HRFont_vs_Uniform_TopK,l1,FZHuoYYJW-R,-0.000000115,78.000000000,,computed
HRFont,Uniform Top-K,HRFont_vs_Uniform_TopK,l1,FZJCXS,0.000037817,78.000000000,,computed
HRFont,Uniform Top-K,HRFont_vs_Uniform_TopK,l1,FZJiHJW,0.000013224,284.000000000,,computed
HRFont,Uniform Top-K,HRFont_vs_Uniform_TopK,l1,FZJiHXTJW_Xi,0.000035531,247.000000000,,computed
HRFont,Uniform Top-K,HRFont_vs_Uniform_TopK,l1,FZJingWTJW_Xi,0.000057295,247.000000000,,computed
HRFont,Uniform Top-K,HRFont_vs_Uniform_TopK,l1,FZKuaiSTJF_Te,0.000079015,247.000000000,,computed
HRFont,Uniform Top-K,HRFont_vs_Uniform_TopK,l1,FZLangYJW-M,0.000008942,78.000000000,,computed
HRFont,Uniform Top-K,HRFont_vs_Uniform_TopK,l1,FZLiuCTJW_Xian,-0.000001538,247.000000000,,computed
HRFont,Uniform Top-K,HRFont_vs_Uniform_TopK,l1,FZManYTJW-B,0.000012782,284.000000000,,computed
HRFont,Uniform Top-K,HRFont_vs_Uniform_TopK,l1,FZMingZTJW-DB,-0.000010822,284.000000000,,computed
HRFont,Uniform Top-K,HRFont_vs_Uniform_TopK,l1,FZNianLLHTJW,-0.000004938,247.000000000,,computed
HRFont,Uniform Top-K,HRFont_vs_Uniform_TopK,l1,FZPTYK,0.000027212,78.000000000,,computed
HRFont,Uniform Top-K,HRFont_vs_Uniform_TopK,l1,FZQianWTJW_Xi,0.000045827,247.000000000,,computed
HRFont,Uniform Top-K,HRFont_vs_Uniform_TopK,l1,FZRouSJW-EB,0.000003324,161.000000000,,computed
HRFont,Uniform Top-K,HRFont_vs_Uniform_TopK,l1,FZSJ-NANMT,0.000008069,54.000000000,,computed
HRFont,Uniform Top-K,HRFont_vs_Uniform_TopK,l1,FZShaoLGFTJF,0.000029292,284.000000000,,computed
HRFont,Uniform Top-K,HRFont_vs_Uniform_TopK,l1,FZShouHJW_Zhun,0.000003491,78.000000000,,computed
HRFont,Uniform Top-K,HRFont_vs_Uniform_TopK,l1,FZVDLJingQSJ-R,0.000057128,284.000000000,,computed
HRFont,Uniform Top-K,HRFont_vs_Uniform_TopK,l1,FZXIANGSU14,0.000005911,282.000000000,,computed
HRFont,Uniform Top-K,HRFont_vs_Uniform_TopK,l1,FZXIANGSU16,-0.000003497,54.000000000,,computed
HRFont,Uniform Top-K,HRFont_vs_Uniform_TopK,l1,FZXIANGSU24,0.000069848,282.000000000,,computed
HRFont,Uniform Top-K,HRFont_vs_Uniform_TopK,l1,FZXSHJF,-0.000000065,78.000000000,,computed
HRFont,Uniform Top-K,HRFont_vs_Uniform_TopK,l1,FZXZZBJW,-0.000001189,78.000000000,,computed
HRFont,Uniform Top-K,HRFont_vs_Uniform_TopK,l1,FZXiangPZTJW_Zhun,0.000046389,247.000000000,,computed
HRFont,Uniform Top-K,HRFont_vs_Uniform_TopK,l1,FZYaZTJ_Xi,0.000032720,247.000000000,,computed
HRFont,Uniform Top-K,HRFont_vs_Uniform_TopK,l1,FZZH-DFHBJW (1),0.000047996,78.000000000,,computed
HRFont,Uniform Top-K,HRFont_vs_Uniform_TopK,l1,FZZH-ZYXSJW,0.000002070,247.000000000,,computed
HRFont,Uniform Top-K,HRFont_vs_Uniform_TopK,l1,FZZJ-BGSHJW,0.000001613,78.000000000,,computed
HRFont,Uniform Top-K,HRFont_vs_Uniform_TopK,l1,FZZJ-DZDTJW,0.000000512,54.000000000,,computed
HRFont,Uniform Top-K,HRFont_vs_Uniform_TopK,l1,FZZJ-GJXKJW,0.000000050,161.000000000,,computed
HRFont,Uniform Top-K,HRFont_vs_Uniform_TopK,l1,FZZJ-JIHJH,-0.000000197,54.000000000,,computed
HRFont,Uniform Top-K,HRFont_vs_Uniform_TopK,l1,FZZJ-JLSSJW,-0.000001810,78.000000000,,computed
HRFont,Uniform Top-K,HRFont_vs_Uniform_TopK,l1,FZZJ-XFSXTJ,0.000002390,247.000000000,,computed
HRFont,Uniform Top-K,HRFont_vs_Uniform_TopK,l1,FZZJ-XTJF,-0.000000064,284.000000000,,computed
HRFont,Uniform Top-K,HRFont_vs_Uniform_TopK,l1,FZZJ-ZSCWBJW,-0.000001106,284.000000000,,computed
HRFont,Uniform Top-K,HRFont_vs_Uniform_TopK,l1,FZZJ-ZWJBTJF,0.000017164,161.000000000,,computed
HRFont,Uniform Top-K,HRFont_vs_Uniform_TopK,l1,fzsj_2813607,0.000003026,54.000000000,,computed
HRFont,Uniform Top-K,HRFont_vs_Uniform_TopK,ssim,FZBaiZJHTJW-R,0.000223235,284.000000000,,computed
HRFont,Uniform Top-K,HRFont_vs_Uniform_TopK,ssim,FZBangSXJW,0.000001722,78.000000000,,computed
HRFont,Uniform Top-K,HRFont_vs_Uniform_TopK,ssim,FZChaoLTJW_Xian,0.000037658,161.000000000,,computed
HRFont,Uniform Top-K,HRFont_vs_Uniform_TopK,ssim,FZChaoZTJW_B,0.000031821,247.000000000,,computed
HRFont,Uniform Top-K,HRFont_vs_Uniform_TopK,ssim,FZCuanBZBKSJF,0.000009168,247.000000000,,computed
HRFont,Uniform Top-K,HRFont_vs_Uniform_TopK,ssim,FZDiHTJ,0.000137483,247.000000000,,computed
HRFont,Uniform Top-K,HRFont_vs_Uniform_TopK,ssim,FZFXKTJF,0.000079954,78.000000000,,computed
HRFont,Uniform Top-K,HRFont_vs_Uniform_TopK,ssim,FZFeiYTJW_Xian,0.000005675,247.000000000,,computed
HRFont,Uniform Top-K,HRFont_vs_Uniform_TopK,ssim,FZFengRSTJW-DB,0.000141163,247.000000000,,computed
HRFont,Uniform Top-K,HRFont_vs_Uniform_TopK,ssim,FZHanBTJW_Cu,0.000010129,247.000000000,,computed
HRFont,Uniform Top-K,HRFont_vs_Uniform_TopK,ssim,FZHuoYYJW-R,0.000002666,78.000000000,,computed
HRFont,Uniform Top-K,HRFont_vs_Uniform_TopK,ssim,FZJCXS,0.000085096,78.000000000,,computed
HRFont,Uniform Top-K,HRFont_vs_Uniform_TopK,ssim,FZJiHJW,0.000036896,284.000000000,,computed
HRFont,Uniform Top-K,HRFont_vs_Uniform_TopK,ssim,FZJiHXTJW_Xi,0.000125271,247.000000000,,computed
HRFont,Uniform Top-K,HRFont_vs_Uniform_TopK,ssim,FZJingWTJW_Xi,0.000111764,247.000000000,,computed
HRFont,Uniform Top-K,HRFont_vs_Uniform_TopK,ssim,FZKuaiSTJF_Te,0.000167071,247.000000000,,computed
HRFont,Uniform Top-K,HRFont_vs_Uniform_TopK,ssim,FZLangYJW-M,0.000031759,78.000000000,,computed
HRFont,Uniform Top-K,HRFont_vs_Uniform_TopK,ssim,FZLiuCTJW_Xian,-0.000000230,247.000000000,,computed
HRFont,Uniform Top-K,HRFont_vs_Uniform_TopK,ssim,FZManYTJW-B,0.000025257,284.000000000,,computed
HRFont,Uniform Top-K,HRFont_vs_Uniform_TopK,ssim,FZMingZTJW-DB,-0.000001272,284.000000000,,computed
HRFont,Uniform Top-K,HRFont_vs_Uniform_TopK,ssim,FZNianLLHTJW,-0.000029673,247.000000000,,computed
HRFont,Uniform Top-K,HRFont_vs_Uniform_TopK,ssim,FZPTYK,0.000058840,78.000000000,,computed
HRFont,Uniform Top-K,HRFont_vs_Uniform_TopK,ssim,FZQianWTJW_Xi,0.000145488,247.000000000,,computed
HRFont,Uniform Top-K,HRFont_vs_Uniform_TopK,ssim,FZRouSJW-EB,0.000008568,161.000000000,,computed
HRFont,Uniform Top-K,HRFont_vs_Uniform_TopK,ssim,FZSJ-NANMT,0.000027614,54.000000000,,computed
HRFont,Uniform Top-K,HRFont_vs_Uniform_TopK,ssim,FZShaoLGFTJF,0.000068789,284.000000000,,computed
HRFont,Uniform Top-K,HRFont_vs_Uniform_TopK,ssim,FZShouHJW_Zhun,0.000016031,78.000000000,,computed
HRFont,Uniform Top-K,HRFont_vs_Uniform_TopK,ssim,FZVDLJingQSJ-R,0.000098786,284.000000000,,computed
HRFont,Uniform Top-K,HRFont_vs_Uniform_TopK,ssim,FZXIANGSU14,0.000033773,282.000000000,,computed
HRFont,Uniform Top-K,HRFont_vs_Uniform_TopK,ssim,FZXIANGSU16,-0.000015878,54.000000000,,computed
HRFont,Uniform Top-K,HRFont_vs_Uniform_TopK,ssim,FZXIANGSU24,0.000204929,282.000000000,,computed
HRFont,Uniform Top-K,HRFont_vs_Uniform_TopK,ssim,FZXSHJF,-0.000003107,78.000000000,,computed
HRFont,Uniform Top-K,HRFont_vs_Uniform_TopK,ssim,FZXZZBJW,0.000004816,78.000000000,,computed
HRFont,Uniform Top-K,HRFont_vs_Uniform_TopK,ssim,FZXiangPZTJW_Zhun,0.000081996,247.000000000,,computed
HRFont,Uniform Top-K,HRFont_vs_Uniform_TopK,ssim,FZYaZTJ_Xi,0.000081004,247.000000000,,computed
HRFont,Uniform Top-K,HRFont_vs_Uniform_TopK,ssim,FZZH-DFHBJW (1),0.000098254,78.000000000,,computed
HRFont,Uniform Top-K,HRFont_vs_Uniform_TopK,ssim,FZZH-ZYXSJW,-0.000001470,247.000000000,,computed
HRFont,Uniform Top-K,HRFont_vs_Uniform_TopK,ssim,FZZJ-BGSHJW,0.000013693,78.000000000,,computed
HRFont,Uniform Top-K,HRFont_vs_Uniform_TopK,ssim,FZZJ-DZDTJW,-0.000001272,54.000000000,,computed
HRFont,Uniform Top-K,HRFont_vs_Uniform_TopK,ssim,FZZJ-GJXKJW,0.000000041,161.000000000,,computed
HRFont,Uniform Top-K,HRFont_vs_Uniform_TopK,ssim,FZZJ-JIHJH,0.000001353,54.000000000,,computed
HRFont,Uniform Top-K,HRFont_vs_Uniform_TopK,ssim,FZZJ-JLSSJW,-0.000006064,78.000000000,,computed
HRFont,Uniform Top-K,HRFont_vs_Uniform_TopK,ssim,FZZJ-XFSXTJ,0.000002035,247.000000000,,computed
HRFont,Uniform Top-K,HRFont_vs_Uniform_TopK,ssim,FZZJ-XTJF,-0.000004176,284.000000000,,computed
HRFont,Uniform Top-K,HRFont_vs_Uniform_TopK,ssim,FZZJ-ZSCWBJW,-0.000005279,284.000000000,,computed
HRFont,Uniform Top-K,HRFont_vs_Uniform_TopK,ssim,FZZJ-ZWJBTJF,0.000076054,161.000000000,,computed
HRFont,Uniform Top-K,HRFont_vs_Uniform_TopK,ssim,fzsj_2813607,0.000002865,54.000000000,,computed
HRFont,Uniform Top-K,HRFont_vs_Uniform_TopK,lpips,FZBaiZJHTJW-R,0.000066670,284.000000000,,computed
HRFont,Uniform Top-K,HRFont_vs_Uniform_TopK,lpips,FZBangSXJW,0.000049602,78.000000000,,computed
HRFont,Uniform Top-K,HRFont_vs_Uniform_TopK,lpips,FZChaoLTJW_Xian,0.000065715,161.000000000,,computed
HRFont,Uniform Top-K,HRFont_vs_Uniform_TopK,lpips,FZChaoZTJW_B,0.000004057,247.000000000,,computed
HRFont,Uniform Top-K,HRFont_vs_Uniform_TopK,lpips,FZCuanBZBKSJF,0.000000947,247.000000000,,computed
HRFont,Uniform Top-K,HRFont_vs_Uniform_TopK,lpips,FZDiHTJ,0.000077735,247.000000000,,computed
HRFont,Uniform Top-K,HRFont_vs_Uniform_TopK,lpips,FZFXKTJF,0.000061352,78.000000000,,computed
HRFont,Uniform Top-K,HRFont_vs_Uniform_TopK,lpips,FZFeiYTJW_Xian,-0.000009490,247.000000000,,computed
HRFont,Uniform Top-K,HRFont_vs_Uniform_TopK,lpips,FZFengRSTJW-DB,0.000042964,247.000000000,,computed
HRFont,Uniform Top-K,HRFont_vs_Uniform_TopK,lpips,FZHanBTJW_Cu,0.000026834,247.000000000,,computed
HRFont,Uniform Top-K,HRFont_vs_Uniform_TopK,lpips,FZHuoYYJW-R,0.000001543,78.000000000,,computed
HRFont,Uniform Top-K,HRFont_vs_Uniform_TopK,lpips,FZJCXS,-0.000128436,78.000000000,,computed
HRFont,Uniform Top-K,HRFont_vs_Uniform_TopK,lpips,FZJiHJW,0.000008251,284.000000000,,computed
HRFont,Uniform Top-K,HRFont_vs_Uniform_TopK,lpips,FZJiHXTJW_Xi,0.000184032,247.000000000,,computed
HRFont,Uniform Top-K,HRFont_vs_Uniform_TopK,lpips,FZJingWTJW_Xi,0.000098428,247.000000000,,computed
HRFont,Uniform Top-K,HRFont_vs_Uniform_TopK,lpips,FZKuaiSTJF_Te,0.000026113,247.000000000,,computed
HRFont,Uniform Top-K,HRFont_vs_Uniform_TopK,lpips,FZLangYJW-M,0.000019961,78.000000000,,computed
HRFont,Uniform Top-K,HRFont_vs_Uniform_TopK,lpips,FZLiuCTJW_Xian,0.000016738,247.000000000,,computed
HRFont,Uniform Top-K,HRFont_vs_Uniform_TopK,lpips,FZManYTJW-B,0.000080957,284.000000000,,computed
HRFont,Uniform Top-K,HRFont_vs_Uniform_TopK,lpips,FZMingZTJW-DB,0.000037508,284.000000000,,computed
HRFont,Uniform Top-K,HRFont_vs_Uniform_TopK,lpips,FZNianLLHTJW,0.000014459,247.000000000,,computed
HRFont,Uniform Top-K,HRFont_vs_Uniform_TopK,lpips,FZPTYK,-0.000046385,78.000000000,,computed
HRFont,Uniform Top-K,HRFont_vs_Uniform_TopK,lpips,FZQianWTJW_Xi,0.000063853,247.000000000,,computed
HRFont,Uniform Top-K,HRFont_vs_Uniform_TopK,lpips,FZRouSJW-EB,0.000005606,161.000000000,,computed
HRFont,Uniform Top-K,HRFont_vs_Uniform_TopK,lpips,FZSJ-NANMT,0.000021219,54.000000000,,computed
HRFont,Uniform Top-K,HRFont_vs_Uniform_TopK,lpips,FZShaoLGFTJF,0.000033008,284.000000000,,computed
HRFont,Uniform Top-K,HRFont_vs_Uniform_TopK,lpips,FZShouHJW_Zhun,-0.000002325,78.000000000,,computed
HRFont,Uniform Top-K,HRFont_vs_Uniform_TopK,lpips,FZVDLJingQSJ-R,0.000079032,284.000000000,,computed
HRFont,Uniform Top-K,HRFont_vs_Uniform_TopK,lpips,FZXIANGSU14,0.000093829,282.000000000,,computed
HRFont,Uniform Top-K,HRFont_vs_Uniform_TopK,lpips,FZXIANGSU16,0.000046303,54.000000000,,computed
HRFont,Uniform Top-K,HRFont_vs_Uniform_TopK,lpips,FZXIANGSU24,0.000152979,282.000000000,,computed
HRFont,Uniform Top-K,HRFont_vs_Uniform_TopK,lpips,FZXSHJF,-0.000020074,78.000000000,,computed
HRFont,Uniform Top-K,HRFont_vs_Uniform_TopK,lpips,FZXZZBJW,-0.000024584,78.000000000,,computed
HRFont,Uniform Top-K,HRFont_vs_Uniform_TopK,lpips,FZXiangPZTJW_Zhun,0.000087427,247.000000000,,computed
HRFont,Uniform Top-K,HRFont_vs_Uniform_TopK,lpips,FZYaZTJ_Xi,0.000055875,247.000000000,,computed
HRFont,Uniform Top-K,HRFont_vs_Uniform_TopK,lpips,FZZH-DFHBJW (1),-0.000107757,78.000000000,,computed
HRFont,Uniform Top-K,HRFont_vs_Uniform_TopK,lpips,FZZH-ZYXSJW,-0.000026802,247.000000000,,computed
HRFont,Uniform Top-K,HRFont_vs_Uniform_TopK,lpips,FZZJ-BGSHJW,0.000015063,78.000000000,,computed
HRFont,Uniform Top-K,HRFont_vs_Uniform_TopK,lpips,FZZJ-DZDTJW,-0.000003481,54.000000000,,computed
HRFont,Uniform Top-K,HRFont_vs_Uniform_TopK,lpips,FZZJ-GJXKJW,-0.000009890,161.000000000,,computed
HRFont,Uniform Top-K,HRFont_vs_Uniform_TopK,lpips,FZZJ-JIHJH,0.000000872,54.000000000,,computed
HRFont,Uniform Top-K,HRFont_vs_Uniform_TopK,lpips,FZZJ-JLSSJW,-0.000002425,78.000000000,,computed
HRFont,Uniform Top-K,HRFont_vs_Uniform_TopK,lpips,FZZJ-XFSXTJ,0.000015172,247.000000000,,computed
HRFont,Uniform Top-K,HRFont_vs_Uniform_TopK,lpips,FZZJ-XTJF,0.000014857,284.000000000,,computed
HRFont,Uniform Top-K,HRFont_vs_Uniform_TopK,lpips,FZZJ-ZSCWBJW,0.000014844,284.000000000,,computed
HRFont,Uniform Top-K,HRFont_vs_Uniform_TopK,lpips,FZZJ-ZWJBTJF,0.000097988,161.000000000,,computed
HRFont,Uniform Top-K,HRFont_vs_Uniform_TopK,lpips,fzsj_2813607,0.000013580,54.000000000,,computed
HRFont,Uniform Top-K,HRFont_vs_Uniform_TopK,rsc8,FZBaiZJHTJW-R,0.000702332,284.000000000,,computed
HRFont,Uniform Top-K,HRFont_vs_Uniform_TopK,rsc8,FZBangSXJW,0.000595084,78.000000000,,computed
HRFont,Uniform Top-K,HRFont_vs_Uniform_TopK,rsc8,FZChaoLTJW_Xian,0.000153490,161.000000000,,computed
HRFont,Uniform Top-K,HRFont_vs_Uniform_TopK,rsc8,FZChaoZTJW_B,0.000078801,247.000000000,,computed
HRFont,Uniform Top-K,HRFont_vs_Uniform_TopK,rsc8,FZCuanBZBKSJF,0.000320119,247.000000000,,computed
HRFont,Uniform Top-K,HRFont_vs_Uniform_TopK,rsc8,FZDiHTJ,0.000089111,247.000000000,,computed
HRFont,Uniform Top-K,HRFont_vs_Uniform_TopK,rsc8,FZFXKTJF,0.000445480,78.000000000,,computed
HRFont,Uniform Top-K,HRFont_vs_Uniform_TopK,rsc8,FZFeiYTJW_Xian,0.000006519,247.000000000,,computed
HRFont,Uniform Top-K,HRFont_vs_Uniform_TopK,rsc8,FZFengRSTJW-DB,-0.000257035,247.000000000,,computed
HRFont,Uniform Top-K,HRFont_vs_Uniform_TopK,rsc8,FZHanBTJW_Cu,0.000123919,247.000000000,,computed
HRFont,Uniform Top-K,HRFont_vs_Uniform_TopK,rsc8,FZHuoYYJW-R,0.000119002,78.000000000,,computed
HRFont,Uniform Top-K,HRFont_vs_Uniform_TopK,rsc8,FZJCXS,0.000098940,78.000000000,,computed
HRFont,Uniform Top-K,HRFont_vs_Uniform_TopK,rsc8,FZJiHJW,-0.000028827,284.000000000,,computed
HRFont,Uniform Top-K,HRFont_vs_Uniform_TopK,rsc8,FZJiHXTJW_Xi,-0.000320722,247.000000000,,computed
HRFont,Uniform Top-K,HRFont_vs_Uniform_TopK,rsc8,FZJingWTJW_Xi,0.000146420,247.000000000,,computed
HRFont,Uniform Top-K,HRFont_vs_Uniform_TopK,rsc8,FZKuaiSTJF_Te,-0.000098535,247.000000000,,computed
HRFont,Uniform Top-K,HRFont_vs_Uniform_TopK,rsc8,FZLangYJW-M,0.000109228,78.000000000,,computed
HRFont,Uniform Top-K,HRFont_vs_Uniform_TopK,rsc8,FZLiuCTJW_Xian,0.000084887,247.000000000,,computed
HRFont,Uniform Top-K,HRFont_vs_Uniform_TopK,rsc8,FZManYTJW-B,0.000342108,284.000000000,,computed
HRFont,Uniform Top-K,HRFont_vs_Uniform_TopK,rsc8,FZMingZTJW-DB,-0.000273886,284.000000000,,computed
HRFont,Uniform Top-K,HRFont_vs_Uniform_TopK,rsc8,FZNianLLHTJW,-0.000099018,247.000000000,,computed
HRFont,Uniform Top-K,HRFont_vs_Uniform_TopK,rsc8,FZPTYK,0.000056472,78.000000000,,computed
HRFont,Uniform Top-K,HRFont_vs_Uniform_TopK,rsc8,FZQianWTJW_Xi,-0.000130646,247.000000000,,computed
HRFont,Uniform Top-K,HRFont_vs_Uniform_TopK,rsc8,FZRouSJW-EB,-0.000178121,161.000000000,,computed
HRFont,Uniform Top-K,HRFont_vs_Uniform_TopK,rsc8,FZSJ-NANMT,0.000529644,54.000000000,,computed
HRFont,Uniform Top-K,HRFont_vs_Uniform_TopK,rsc8,FZShaoLGFTJF,0.000224396,284.000000000,,computed
HRFont,Uniform Top-K,HRFont_vs_Uniform_TopK,rsc8,FZShouHJW_Zhun,-0.000240590,78.000000000,,computed
HRFont,Uniform Top-K,HRFont_vs_Uniform_TopK,rsc8,FZVDLJingQSJ-R,0.000092512,284.000000000,,computed
HRFont,Uniform Top-K,HRFont_vs_Uniform_TopK,rsc8,FZXIANGSU14,0.000119858,282.000000000,,computed
HRFont,Uniform Top-K,HRFont_vs_Uniform_TopK,rsc8,FZXIANGSU16,0.000004357,54.000000000,,computed
HRFont,Uniform Top-K,HRFont_vs_Uniform_TopK,rsc8,FZXIANGSU24,0.000102726,282.000000000,,computed
HRFont,Uniform Top-K,HRFont_vs_Uniform_TopK,rsc8,FZXSHJF,0.000037785,78.000000000,,computed
HRFont,Uniform Top-K,HRFont_vs_Uniform_TopK,rsc8,FZXZZBJW,-0.000268369,78.000000000,,computed
HRFont,Uniform Top-K,HRFont_vs_Uniform_TopK,rsc8,FZXiangPZTJW_Zhun,-0.000124208,247.000000000,,computed
HRFont,Uniform Top-K,HRFont_vs_Uniform_TopK,rsc8,FZYaZTJ_Xi,-0.000030394,247.000000000,,computed
HRFont,Uniform Top-K,HRFont_vs_Uniform_TopK,rsc8,FZZH-DFHBJW (1),0.000318512,78.000000000,,computed
HRFont,Uniform Top-K,HRFont_vs_Uniform_TopK,rsc8,FZZH-ZYXSJW,0.000013705,247.000000000,,computed
HRFont,Uniform Top-K,HRFont_vs_Uniform_TopK,rsc8,FZZJ-BGSHJW,0.000198618,78.000000000,,computed
HRFont,Uniform Top-K,HRFont_vs_Uniform_TopK,rsc8,FZZJ-DZDTJW,0.000357056,54.000000000,,computed
HRFont,Uniform Top-K,HRFont_vs_Uniform_TopK,rsc8,FZZJ-GJXKJW,0.000019964,161.000000000,,computed
HRFont,Uniform Top-K,HRFont_vs_Uniform_TopK,rsc8,FZZJ-JIHJH,-0.000235432,54.000000000,,computed
HRFont,Uniform Top-K,HRFont_vs_Uniform_TopK,rsc8,FZZJ-JLSSJW,0.000099173,78.000000000,,computed
HRFont,Uniform Top-K,HRFont_vs_Uniform_TopK,rsc8,FZZJ-XFSXTJ,0.000060891,247.000000000,,computed
HRFont,Uniform Top-K,HRFont_vs_Uniform_TopK,rsc8,FZZJ-XTJF,-0.000198819,284.000000000,,computed
HRFont,Uniform Top-K,HRFont_vs_Uniform_TopK,rsc8,FZZJ-ZSCWBJW,0.000099771,284.000000000,,computed
HRFont,Uniform Top-K,HRFont_vs_Uniform_TopK,rsc8,FZZJ-ZWJBTJF,0.000031698,161.000000000,,computed
HRFont,Uniform Top-K,HRFont_vs_Uniform_TopK,rsc8,fzsj_2813607,-0.000309170,54.000000000,,computed
HRFont,Delta-off,HRFont_vs_Delta-off,l1,FZBaiZJHTJW-R,0.000899985,284.000000000,,computed
HRFont,Delta-off,HRFont_vs_Delta-off,l1,FZBangSXJW,0.003633668,78.000000000,,computed
HRFont,Delta-off,HRFont_vs_Delta-off,l1,FZChaoLTJW_Xian,0.003572737,161.000000000,,computed
HRFont,Delta-off,HRFont_vs_Delta-off,l1,FZChaoZTJW_B,0.008074292,247.000000000,,computed
HRFont,Delta-off,HRFont_vs_Delta-off,l1,FZCuanBZBKSJF,0.001810654,247.000000000,,computed
HRFont,Delta-off,HRFont_vs_Delta-off,l1,FZDiHTJ,0.006260284,247.000000000,,computed
HRFont,Delta-off,HRFont_vs_Delta-off,l1,FZFXKTJF,-0.000077248,78.000000000,,computed
HRFont,Delta-off,HRFont_vs_Delta-off,l1,FZFeiYTJW_Xian,0.001199885,247.000000000,,computed
HRFont,Delta-off,HRFont_vs_Delta-off,l1,FZFengRSTJW-DB,0.002864181,247.000000000,,computed
HRFont,Delta-off,HRFont_vs_Delta-off,l1,FZHanBTJW_Cu,0.002492435,247.000000000,,computed
HRFont,Delta-off,HRFont_vs_Delta-off,l1,FZHuoYYJW-R,0.001303578,78.000000000,,computed
HRFont,Delta-off,HRFont_vs_Delta-off,l1,FZJCXS,-0.001180705,78.000000000,,computed
HRFont,Delta-off,HRFont_vs_Delta-off,l1,FZJiHJW,0.003575960,284.000000000,,computed
HRFont,Delta-off,HRFont_vs_Delta-off,l1,FZJiHXTJW_Xi,0.000294574,247.000000000,,computed
HRFont,Delta-off,HRFont_vs_Delta-off,l1,FZJingWTJW_Xi,0.001246957,247.000000000,,computed
HRFont,Delta-off,HRFont_vs_Delta-off,l1,FZKuaiSTJF_Te,0.006298997,247.000000000,,computed
HRFont,Delta-off,HRFont_vs_Delta-off,l1,FZLangYJW-M,-0.001033619,78.000000000,,computed
HRFont,Delta-off,HRFont_vs_Delta-off,l1,FZLiuCTJW_Xian,0.000385754,247.000000000,,computed
HRFont,Delta-off,HRFont_vs_Delta-off,l1,FZManYTJW-B,0.006047774,284.000000000,,computed
HRFont,Delta-off,HRFont_vs_Delta-off,l1,FZMingZTJW-DB,0.000552596,284.000000000,,computed
HRFont,Delta-off,HRFont_vs_Delta-off,l1,FZNianLLHTJW,0.005539183,247.000000000,,computed
HRFont,Delta-off,HRFont_vs_Delta-off,l1,FZPTYK,0.005749702,78.000000000,,computed
HRFont,Delta-off,HRFont_vs_Delta-off,l1,FZQianWTJW_Xi,0.001553618,247.000000000,,computed
HRFont,Delta-off,HRFont_vs_Delta-off,l1,FZRouSJW-EB,-0.000469241,161.000000000,,computed
HRFont,Delta-off,HRFont_vs_Delta-off,l1,FZSJ-NANMT,-0.000245357,54.000000000,,computed
HRFont,Delta-off,HRFont_vs_Delta-off,l1,FZShaoLGFTJF,0.004483781,284.000000000,,computed
HRFont,Delta-off,HRFont_vs_Delta-off,l1,FZShouHJW_Zhun,0.011281738,78.000000000,,computed
HRFont,Delta-off,HRFont_vs_Delta-off,l1,FZVDLJingQSJ-R,0.001917368,284.000000000,,computed
HRFont,Delta-off,HRFont_vs_Delta-off,l1,FZXIANGSU14,-0.002020189,282.000000000,,computed
HRFont,Delta-off,HRFont_vs_Delta-off,l1,FZXIANGSU16,-0.000910654,54.000000000,,computed
HRFont,Delta-off,HRFont_vs_Delta-off,l1,FZXIANGSU24,0.003018505,282.000000000,,computed
HRFont,Delta-off,HRFont_vs_Delta-off,l1,FZXSHJF,0.001424567,78.000000000,,computed
HRFont,Delta-off,HRFont_vs_Delta-off,l1,FZXZZBJW,-0.001556346,78.000000000,,computed
HRFont,Delta-off,HRFont_vs_Delta-off,l1,FZXiangPZTJW_Zhun,0.007229526,247.000000000,,computed
HRFont,Delta-off,HRFont_vs_Delta-off,l1,FZYaZTJ_Xi,0.000656183,247.000000000,,computed
HRFont,Delta-off,HRFont_vs_Delta-off,l1,FZZH-DFHBJW (1),0.001931675,78.000000000,,computed
HRFont,Delta-off,HRFont_vs_Delta-off,l1,FZZH-ZYXSJW,-0.000893217,247.000000000,,computed
HRFont,Delta-off,HRFont_vs_Delta-off,l1,FZZJ-BGSHJW,-0.002426078,78.000000000,,computed
HRFont,Delta-off,HRFont_vs_Delta-off,l1,FZZJ-DZDTJW,0.000507776,54.000000000,,computed
HRFont,Delta-off,HRFont_vs_Delta-off,l1,FZZJ-GJXKJW,0.001166531,161.000000000,,computed
HRFont,Delta-off,HRFont_vs_Delta-off,l1,FZZJ-JIHJH,-0.000478628,54.000000000,,computed
HRFont,Delta-off,HRFont_vs_Delta-off,l1,FZZJ-JLSSJW,0.003878014,78.000000000,,computed
HRFont,Delta-off,HRFont_vs_Delta-off,l1,FZZJ-XFSXTJ,-0.000738662,247.000000000,,computed
HRFont,Delta-off,HRFont_vs_Delta-off,l1,FZZJ-XTJF,0.006455380,284.000000000,,computed
HRFont,Delta-off,HRFont_vs_Delta-off,l1,FZZJ-ZSCWBJW,-0.002043490,284.000000000,,computed
HRFont,Delta-off,HRFont_vs_Delta-off,l1,FZZJ-ZWJBTJF,-0.000453483,161.000000000,,computed
HRFont,Delta-off,HRFont_vs_Delta-off,l1,fzsj_2813607,0.001456782,54.000000000,,computed
HRFont,Delta-off,HRFont_vs_Delta-off,ssim,FZBaiZJHTJW-R,0.001071805,284.000000000,,computed
HRFont,Delta-off,HRFont_vs_Delta-off,ssim,FZBangSXJW,0.006240669,78.000000000,,computed
HRFont,Delta-off,HRFont_vs_Delta-off,ssim,FZChaoLTJW_Xian,0.016336693,161.000000000,,computed
HRFont,Delta-off,HRFont_vs_Delta-off,ssim,FZChaoZTJW_B,0.015303209,247.000000000,,computed
HRFont,Delta-off,HRFont_vs_Delta-off,ssim,FZCuanBZBKSJF,0.003227434,247.000000000,,computed
HRFont,Delta-off,HRFont_vs_Delta-off,ssim,FZDiHTJ,0.014837597,247.000000000,,computed
HRFont,Delta-off,HRFont_vs_Delta-off,ssim,FZFXKTJF,-0.000860616,78.000000000,,computed
HRFont,Delta-off,HRFont_vs_Delta-off,ssim,FZFeiYTJW_Xian,0.005201309,247.000000000,,computed
HRFont,Delta-off,HRFont_vs_Delta-off,ssim,FZFengRSTJW-DB,0.006783300,247.000000000,,computed
HRFont,Delta-off,HRFont_vs_Delta-off,ssim,FZHanBTJW_Cu,0.004797270,247.000000000,,computed
HRFont,Delta-off,HRFont_vs_Delta-off,ssim,FZHuoYYJW-R,0.003958127,78.000000000,,computed
HRFont,Delta-off,HRFont_vs_Delta-off,ssim,FZJCXS,-0.001359175,78.000000000,,computed
HRFont,Delta-off,HRFont_vs_Delta-off,ssim,FZJiHJW,0.006016002,284.000000000,,computed
HRFont,Delta-off,HRFont_vs_Delta-off,ssim,FZJiHXTJW_Xi,0.001360661,247.000000000,,computed
HRFont,Delta-off,HRFont_vs_Delta-off,ssim,FZJingWTJW_Xi,0.003148354,247.000000000,,computed
HRFont,Delta-off,HRFont_vs_Delta-off,ssim,FZKuaiSTJF_Te,0.013464292,247.000000000,,computed
HRFont,Delta-off,HRFont_vs_Delta-off,ssim,FZLangYJW-M,-0.002359272,78.000000000,,computed
HRFont,Delta-off,HRFont_vs_Delta-off,ssim,FZLiuCTJW_Xian,0.003549995,247.000000000,,computed
HRFont,Delta-off,HRFont_vs_Delta-off,ssim,FZManYTJW-B,0.012176845,284.000000000,,computed
HRFont,Delta-off,HRFont_vs_Delta-off,ssim,FZMingZTJW-DB,0.002996447,284.000000000,,computed
HRFont,Delta-off,HRFont_vs_Delta-off,ssim,FZNianLLHTJW,0.010561117,247.000000000,,computed
HRFont,Delta-off,HRFont_vs_Delta-off,ssim,FZPTYK,0.009230609,78.000000000,,computed
HRFont,Delta-off,HRFont_vs_Delta-off,ssim,FZQianWTJW_Xi,0.004916689,247.000000000,,computed
HRFont,Delta-off,HRFont_vs_Delta-off,ssim,FZRouSJW-EB,-0.000699318,161.000000000,,computed
HRFont,Delta-off,HRFont_vs_Delta-off,ssim,FZSJ-NANMT,-0.000636479,54.000000000,,computed
HRFont,Delta-off,HRFont_vs_Delta-off,ssim,FZShaoLGFTJF,0.008096867,284.000000000,,computed
HRFont,Delta-off,HRFont_vs_Delta-off,ssim,FZShouHJW_Zhun,0.021934181,78.000000000,,computed
HRFont,Delta-off,HRFont_vs_Delta-off,ssim,FZVDLJingQSJ-R,0.004622349,284.000000000,,computed
HRFont,Delta-off,HRFont_vs_Delta-off,ssim,FZXIANGSU14,-0.004479095,282.000000000,,computed
HRFont,Delta-off,HRFont_vs_Delta-off,ssim,FZXIANGSU16,-0.001281534,54.000000000,,computed
HRFont,Delta-off,HRFont_vs_Delta-off,ssim,FZXIANGSU24,0.008840389,282.000000000,,computed
HRFont,Delta-off,HRFont_vs_Delta-off,ssim,FZXSHJF,0.003001196,78.000000000,,computed
HRFont,Delta-off,HRFont_vs_Delta-off,ssim,FZXZZBJW,-0.003896516,78.000000000,,computed
HRFont,Delta-off,HRFont_vs_Delta-off,ssim,FZXiangPZTJW_Zhun,0.013158093,247.000000000,,computed
HRFont,Delta-off,HRFont_vs_Delta-off,ssim,FZYaZTJ_Xi,0.001438662,247.000000000,,computed
HRFont,Delta-off,HRFont_vs_Delta-off,ssim,FZZH-DFHBJW (1),0.003077863,78.000000000,,computed
HRFont,Delta-off,HRFont_vs_Delta-off,ssim,FZZH-ZYXSJW,-0.002055493,247.000000000,,computed
HRFont,Delta-off,HRFont_vs_Delta-off,ssim,FZZJ-BGSHJW,-0.006065203,78.000000000,,computed
HRFont,Delta-off,HRFont_vs_Delta-off,ssim,FZZJ-DZDTJW,0.000757654,54.000000000,,computed
HRFont,Delta-off,HRFont_vs_Delta-off,ssim,FZZJ-GJXKJW,0.002514637,161.000000000,,computed
HRFont,Delta-off,HRFont_vs_Delta-off,ssim,FZZJ-JIHJH,-0.000989875,54.000000000,,computed
HRFont,Delta-off,HRFont_vs_Delta-off,ssim,FZZJ-JLSSJW,0.005326759,78.000000000,,computed
HRFont,Delta-off,HRFont_vs_Delta-off,ssim,FZZJ-XFSXTJ,-0.000878884,247.000000000,,computed
HRFont,Delta-off,HRFont_vs_Delta-off,ssim,FZZJ-XTJF,0.011226035,284.000000000,,computed
HRFont,Delta-off,HRFont_vs_Delta-off,ssim,FZZJ-ZSCWBJW,-0.003137905,284.000000000,,computed
HRFont,Delta-off,HRFont_vs_Delta-off,ssim,FZZJ-ZWJBTJF,0.000443780,161.000000000,,computed
HRFont,Delta-off,HRFont_vs_Delta-off,ssim,fzsj_2813607,0.004755014,54.000000000,,computed
HRFont,Delta-off,HRFont_vs_Delta-off,lpips,FZBaiZJHTJW-R,-0.000400451,284.000000000,,computed
HRFont,Delta-off,HRFont_vs_Delta-off,lpips,FZBangSXJW,0.006282483,78.000000000,,computed
HRFont,Delta-off,HRFont_vs_Delta-off,lpips,FZChaoLTJW_Xian,0.014283369,161.000000000,,computed
HRFont,Delta-off,HRFont_vs_Delta-off,lpips,FZChaoZTJW_B,0.010615228,247.000000000,,computed
HRFont,Delta-off,HRFont_vs_Delta-off,lpips,FZCuanBZBKSJF,0.004562790,247.000000000,,computed
HRFont,Delta-off,HRFont_vs_Delta-off,lpips,FZDiHTJ,0.007752429,247.000000000,,computed
HRFont,Delta-off,HRFont_vs_Delta-off,lpips,FZFXKTJF,-0.000860548,78.000000000,,computed
HRFont,Delta-off,HRFont_vs_Delta-off,lpips,FZFeiYTJW_Xian,0.004345261,247.000000000,,computed
HRFont,Delta-off,HRFont_vs_Delta-off,lpips,FZFengRSTJW-DB,0.008715273,247.000000000,,computed
HRFont,Delta-off,HRFont_vs_Delta-off,lpips,FZHanBTJW_Cu,0.005721830,247.000000000,,computed
HRFont,Delta-off,HRFont_vs_Delta-off,lpips,FZHuoYYJW-R,0.002825161,78.000000000,,computed
HRFont,Delta-off,HRFont_vs_Delta-off,lpips,FZJCXS,0.002049390,78.000000000,,computed
HRFont,Delta-off,HRFont_vs_Delta-off,lpips,FZJiHJW,0.003986074,284.000000000,,computed
HRFont,Delta-off,HRFont_vs_Delta-off,lpips,FZJiHXTJW_Xi,0.001046009,247.000000000,,computed
HRFont,Delta-off,HRFont_vs_Delta-off,lpips,FZJingWTJW_Xi,0.002362724,247.000000000,,computed
HRFont,Delta-off,HRFont_vs_Delta-off,lpips,FZKuaiSTJF_Te,0.008432053,247.000000000,,computed
HRFont,Delta-off,HRFont_vs_Delta-off,lpips,FZLangYJW-M,-0.001972930,78.000000000,,computed
HRFont,Delta-off,HRFont_vs_Delta-off,lpips,FZLiuCTJW_Xian,0.006192976,247.000000000,,computed
HRFont,Delta-off,HRFont_vs_Delta-off,lpips,FZManYTJW-B,0.008074137,284.000000000,,computed
HRFont,Delta-off,HRFont_vs_Delta-off,lpips,FZMingZTJW-DB,0.007841959,284.000000000,,computed
HRFont,Delta-off,HRFont_vs_Delta-off,lpips,FZNianLLHTJW,0.009730884,247.000000000,,computed
HRFont,Delta-off,HRFont_vs_Delta-off,lpips,FZPTYK,0.012721090,78.000000000,,computed
HRFont,Delta-off,HRFont_vs_Delta-off,lpips,FZQianWTJW_Xi,0.002283689,247.000000000,,computed
HRFont,Delta-off,HRFont_vs_Delta-off,lpips,FZRouSJW-EB,0.002302646,161.000000000,,computed
HRFont,Delta-off,HRFont_vs_Delta-off,lpips,FZSJ-NANMT,-0.000076803,54.000000000,,computed
HRFont,Delta-off,HRFont_vs_Delta-off,lpips,FZShaoLGFTJF,0.007883008,284.000000000,,computed
HRFont,Delta-off,HRFont_vs_Delta-off,lpips,FZShouHJW_Zhun,0.016871371,78.000000000,,computed
HRFont,Delta-off,HRFont_vs_Delta-off,lpips,FZVDLJingQSJ-R,0.002534001,284.000000000,,computed
HRFont,Delta-off,HRFont_vs_Delta-off,lpips,FZXIANGSU14,-0.004424207,282.000000000,,computed
HRFont,Delta-off,HRFont_vs_Delta-off,lpips,FZXIANGSU16,0.004998127,54.000000000,,computed
HRFont,Delta-off,HRFont_vs_Delta-off,lpips,FZXIANGSU24,0.006118564,282.000000000,,computed
HRFont,Delta-off,HRFont_vs_Delta-off,lpips,FZXSHJF,0.004658363,78.000000000,,computed
HRFont,Delta-off,HRFont_vs_Delta-off,lpips,FZXZZBJW,0.001978743,78.000000000,,computed
HRFont,Delta-off,HRFont_vs_Delta-off,lpips,FZXiangPZTJW_Zhun,0.009062658,247.000000000,,computed
HRFont,Delta-off,HRFont_vs_Delta-off,lpips,FZYaZTJ_Xi,0.002477795,247.000000000,,computed
HRFont,Delta-off,HRFont_vs_Delta-off,lpips,FZZH-DFHBJW (1),0.001732433,78.000000000,,computed
HRFont,Delta-off,HRFont_vs_Delta-off,lpips,FZZH-ZYXSJW,-0.001819487,247.000000000,,computed
HRFont,Delta-off,HRFont_vs_Delta-off,lpips,FZZJ-BGSHJW,-0.002655023,78.000000000,,computed
HRFont,Delta-off,HRFont_vs_Delta-off,lpips,FZZJ-DZDTJW,0.003675678,54.000000000,,computed
HRFont,Delta-off,HRFont_vs_Delta-off,lpips,FZZJ-GJXKJW,0.002596953,161.000000000,,computed
HRFont,Delta-off,HRFont_vs_Delta-off,lpips,FZZJ-JIHJH,-0.000666154,54.000000000,,computed
HRFont,Delta-off,HRFont_vs_Delta-off,lpips,FZZJ-JLSSJW,0.001257907,78.000000000,,computed
HRFont,Delta-off,HRFont_vs_Delta-off,lpips,FZZJ-XFSXTJ,-0.000261774,247.000000000,,computed
HRFont,Delta-off,HRFont_vs_Delta-off,lpips,FZZJ-XTJF,0.008576506,284.000000000,,computed
HRFont,Delta-off,HRFont_vs_Delta-off,lpips,FZZJ-ZSCWBJW,-0.001180090,284.000000000,,computed
HRFont,Delta-off,HRFont_vs_Delta-off,lpips,FZZJ-ZWJBTJF,0.001378055,161.000000000,,computed
HRFont,Delta-off,HRFont_vs_Delta-off,lpips,fzsj_2813607,-0.003252455,54.000000000,,computed
HRFont,Delta-off,HRFont_vs_Delta-off,rsc8,FZBaiZJHTJW-R,0.017141902,284.000000000,,computed
HRFont,Delta-off,HRFont_vs_Delta-off,rsc8,FZBangSXJW,0.014296938,78.000000000,,computed
HRFont,Delta-off,HRFont_vs_Delta-off,rsc8,FZChaoLTJW_Xian,0.002479622,161.000000000,,computed
HRFont,Delta-off,HRFont_vs_Delta-off,rsc8,FZChaoZTJW_B,0.005487725,247.000000000,,computed
HRFont,Delta-off,HRFont_vs_Delta-off,rsc8,FZCuanBZBKSJF,0.006574273,247.000000000,,computed
HRFont,Delta-off,HRFont_vs_Delta-off,rsc8,FZDiHTJ,-0.003613757,247.000000000,,computed
HRFont,Delta-off,HRFont_vs_Delta-off,rsc8,FZFXKTJF,0.000708040,78.000000000,,computed
HRFont,Delta-off,HRFont_vs_Delta-off,rsc8,FZFeiYTJW_Xian,-0.001519086,247.000000000,,computed
HRFont,Delta-off,HRFont_vs_Delta-off,rsc8,FZFengRSTJW-DB,0.004963727,247.000000000,,computed
HRFont,Delta-off,HRFont_vs_Delta-off,rsc8,FZHanBTJW_Cu,0.002682073,247.000000000,,computed
HRFont,Delta-off,HRFont_vs_Delta-off,rsc8,FZHuoYYJW-R,0.012038171,78.000000000,,computed
HRFont,Delta-off,HRFont_vs_Delta-off,rsc8,FZJCXS,0.002689543,78.000000000,,computed
HRFont,Delta-off,HRFont_vs_Delta-off,rsc8,FZJiHJW,0.006651941,284.000000000,,computed
HRFont,Delta-off,HRFont_vs_Delta-off,rsc8,FZJiHXTJW_Xi,0.001013960,247.000000000,,computed
HRFont,Delta-off,HRFont_vs_Delta-off,rsc8,FZJingWTJW_Xi,0.008064881,247.000000000,,computed
HRFont,Delta-off,HRFont_vs_Delta-off,rsc8,FZKuaiSTJF_Te,-0.007436700,247.000000000,,computed
HRFont,Delta-off,HRFont_vs_Delta-off,rsc8,FZLangYJW-M,0.014759207,78.000000000,,computed
HRFont,Delta-off,HRFont_vs_Delta-off,rsc8,FZLiuCTJW_Xian,0.006734853,247.000000000,,computed
HRFont,Delta-off,HRFont_vs_Delta-off,rsc8,FZManYTJW-B,-0.007511304,284.000000000,,computed
HRFont,Delta-off,HRFont_vs_Delta-off,rsc8,FZMingZTJW-DB,0.016541094,284.000000000,,computed
HRFont,Delta-off,HRFont_vs_Delta-off,rsc8,FZNianLLHTJW,0.006422644,247.000000000,,computed
HRFont,Delta-off,HRFont_vs_Delta-off,rsc8,FZPTYK,-0.004665796,78.000000000,,computed
HRFont,Delta-off,HRFont_vs_Delta-off,rsc8,FZQianWTJW_Xi,0.023330556,247.000000000,,computed
HRFont,Delta-off,HRFont_vs_Delta-off,rsc8,FZRouSJW-EB,0.002102381,161.000000000,,computed
HRFont,Delta-off,HRFont_vs_Delta-off,rsc8,FZSJ-NANMT,0.013365462,54.000000000,,computed
HRFont,Delta-off,HRFont_vs_Delta-off,rsc8,FZShaoLGFTJF,0.006039481,284.000000000,,computed
HRFont,Delta-off,HRFont_vs_Delta-off,rsc8,FZShouHJW_Zhun,-0.000745566,78.000000000,,computed
HRFont,Delta-off,HRFont_vs_Delta-off,rsc8,FZVDLJingQSJ-R,0.013325564,284.000000000,,computed
HRFont,Delta-off,HRFont_vs_Delta-off,rsc8,FZXIANGSU14,0.003078702,282.000000000,,computed
HRFont,Delta-off,HRFont_vs_Delta-off,rsc8,FZXIANGSU16,0.001684727,54.000000000,,computed
HRFont,Delta-off,HRFont_vs_Delta-off,rsc8,FZXIANGSU24,0.000373705,282.000000000,,computed
HRFont,Delta-off,HRFont_vs_Delta-off,rsc8,FZXSHJF,-0.006480713,78.000000000,,computed
HRFont,Delta-off,HRFont_vs_Delta-off,rsc8,FZXZZBJW,0.009611151,78.000000000,,computed
HRFont,Delta-off,HRFont_vs_Delta-off,rsc8,FZXiangPZTJW_Zhun,0.003954236,247.000000000,,computed
HRFont,Delta-off,HRFont_vs_Delta-off,rsc8,FZYaZTJ_Xi,0.001968675,247.000000000,,computed
HRFont,Delta-off,HRFont_vs_Delta-off,rsc8,FZZH-DFHBJW (1),0.007591765,78.000000000,,computed
HRFont,Delta-off,HRFont_vs_Delta-off,rsc8,FZZH-ZYXSJW,0.005314503,247.000000000,,computed
HRFont,Delta-off,HRFont_vs_Delta-off,rsc8,FZZJ-BGSHJW,-0.005023434,78.000000000,,computed
HRFont,Delta-off,HRFont_vs_Delta-off,rsc8,FZZJ-DZDTJW,-0.005009301,54.000000000,,computed
HRFont,Delta-off,HRFont_vs_Delta-off,rsc8,FZZJ-GJXKJW,0.000204574,161.000000000,,computed
HRFont,Delta-off,HRFont_vs_Delta-off,rsc8,FZZJ-JIHJH,-0.001923069,54.000000000,,computed
HRFont,Delta-off,HRFont_vs_Delta-off,rsc8,FZZJ-JLSSJW,0.012662036,78.000000000,,computed
HRFont,Delta-off,HRFont_vs_Delta-off,rsc8,FZZJ-XFSXTJ,-0.001249657,247.000000000,,computed
HRFont,Delta-off,HRFont_vs_Delta-off,rsc8,FZZJ-XTJF,0.011880696,284.000000000,,computed
HRFont,Delta-off,HRFont_vs_Delta-off,rsc8,FZZJ-ZSCWBJW,-0.006586908,284.000000000,,computed
HRFont,Delta-off,HRFont_vs_Delta-off,rsc8,FZZJ-ZWJBTJF,-0.005274586,161.000000000,,computed
HRFont,Delta-off,HRFont_vs_Delta-off,rsc8,fzsj_2813607,0.033791274,54.000000000,,computed
HRFont (1 ref.),FontDiffuser,HRFont_1ref_vs_FontDiffuser,l1,FZBaiZJHTJW-R,0.000660580,,284.000000000,computed
HRFont (1 ref.),FontDiffuser,HRFont_1ref_vs_FontDiffuser,l1,FZBangSXJW,-0.011230972,,78.000000000,computed
HRFont (1 ref.),FontDiffuser,HRFont_1ref_vs_FontDiffuser,l1,FZChaoLTJW_Xian,0.005246935,,161.000000000,computed
HRFont (1 ref.),FontDiffuser,HRFont_1ref_vs_FontDiffuser,l1,FZChaoZTJW_B,-0.008988072,,247.000000000,computed
HRFont (1 ref.),FontDiffuser,HRFont_1ref_vs_FontDiffuser,l1,FZCuanBZBKSJF,0.001749312,,247.000000000,computed
HRFont (1 ref.),FontDiffuser,HRFont_1ref_vs_FontDiffuser,l1,FZDiHTJ,-0.002481099,,247.000000000,computed
HRFont (1 ref.),FontDiffuser,HRFont_1ref_vs_FontDiffuser,l1,FZFXKTJF,-0.023623082,,78.000000000,computed
HRFont (1 ref.),FontDiffuser,HRFont_1ref_vs_FontDiffuser,l1,FZFeiYTJW_Xian,-0.001581952,,247.000000000,computed
HRFont (1 ref.),FontDiffuser,HRFont_1ref_vs_FontDiffuser,l1,FZFengRSTJW-DB,-0.001955707,,247.000000000,computed
HRFont (1 ref.),FontDiffuser,HRFont_1ref_vs_FontDiffuser,l1,FZHanBTJW_Cu,-0.008083802,,247.000000000,computed
HRFont (1 ref.),FontDiffuser,HRFont_1ref_vs_FontDiffuser,l1,FZHuoYYJW-R,-0.001294056,,78.000000000,computed
HRFont (1 ref.),FontDiffuser,HRFont_1ref_vs_FontDiffuser,l1,FZJCXS,-0.059352558,,78.000000000,computed
HRFont (1 ref.),FontDiffuser,HRFont_1ref_vs_FontDiffuser,l1,FZJiHJW,-0.004563404,,284.000000000,computed
HRFont (1 ref.),FontDiffuser,HRFont_1ref_vs_FontDiffuser,l1,FZJiHXTJW_Xi,0.010367954,,247.000000000,computed
HRFont (1 ref.),FontDiffuser,HRFont_1ref_vs_FontDiffuser,l1,FZJingWTJW_Xi,-0.011993961,,247.000000000,computed
HRFont (1 ref.),FontDiffuser,HRFont_1ref_vs_FontDiffuser,l1,FZKuaiSTJF_Te,0.013580915,,247.000000000,computed
HRFont (1 ref.),FontDiffuser,HRFont_1ref_vs_FontDiffuser,l1,FZLangYJW-M,0.003928162,,78.000000000,computed
HRFont (1 ref.),FontDiffuser,HRFont_1ref_vs_FontDiffuser,l1,FZLiuCTJW_Xian,-0.003788879,,247.000000000,computed
HRFont (1 ref.),FontDiffuser,HRFont_1ref_vs_FontDiffuser,l1,FZManYTJW-B,-0.007412714,,284.000000000,computed
HRFont (1 ref.),FontDiffuser,HRFont_1ref_vs_FontDiffuser,l1,FZMingZTJW-DB,-0.004664727,,284.000000000,computed
HRFont (1 ref.),FontDiffuser,HRFont_1ref_vs_FontDiffuser,l1,FZNianLLHTJW,0.011123777,,247.000000000,computed
HRFont (1 ref.),FontDiffuser,HRFont_1ref_vs_FontDiffuser,l1,FZPTYK,-0.004716906,,78.000000000,computed
HRFont (1 ref.),FontDiffuser,HRFont_1ref_vs_FontDiffuser,l1,FZQianWTJW_Xi,0.004379824,,247.000000000,computed
HRFont (1 ref.),FontDiffuser,HRFont_1ref_vs_FontDiffuser,l1,FZRouSJW-EB,-0.009951126,,161.000000000,computed
HRFont (1 ref.),FontDiffuser,HRFont_1ref_vs_FontDiffuser,l1,FZSJ-NANMT,-0.002460780,,54.000000000,computed
HRFont (1 ref.),FontDiffuser,HRFont_1ref_vs_FontDiffuser,l1,FZShaoLGFTJF,-0.011056002,,284.000000000,computed
HRFont (1 ref.),FontDiffuser,HRFont_1ref_vs_FontDiffuser,l1,FZShouHJW_Zhun,0.004217531,,78.000000000,computed
HRFont (1 ref.),FontDiffuser,HRFont_1ref_vs_FontDiffuser,l1,FZVDLJingQSJ-R,-0.013520370,,284.000000000,computed
HRFont (1 ref.),FontDiffuser,HRFont_1ref_vs_FontDiffuser,l1,FZXIANGSU14,-0.002468771,,282.000000000,computed
HRFont (1 ref.),FontDiffuser,HRFont_1ref_vs_FontDiffuser,l1,FZXIANGSU16,-0.005900575,,54.000000000,computed
HRFont (1 ref.),FontDiffuser,HRFont_1ref_vs_FontDiffuser,l1,FZXIANGSU24,0.015164986,,282.000000000,computed
HRFont (1 ref.),FontDiffuser,HRFont_1ref_vs_FontDiffuser,l1,FZXSHJF,0.000172049,,78.000000000,computed
HRFont (1 ref.),FontDiffuser,HRFont_1ref_vs_FontDiffuser,l1,FZXZZBJW,-0.008869203,,78.000000000,computed
HRFont (1 ref.),FontDiffuser,HRFont_1ref_vs_FontDiffuser,l1,FZXiangPZTJW_Zhun,-0.011365127,,247.000000000,computed
HRFont (1 ref.),FontDiffuser,HRFont_1ref_vs_FontDiffuser,l1,FZYaZTJ_Xi,-0.008689583,,247.000000000,computed
HRFont (1 ref.),FontDiffuser,HRFont_1ref_vs_FontDiffuser,l1,FZZH-DFHBJW (1),-0.010396414,,78.000000000,computed
HRFont (1 ref.),FontDiffuser,HRFont_1ref_vs_FontDiffuser,l1,FZZH-ZYXSJW,0.001442459,,247.000000000,computed
HRFont (1 ref.),FontDiffuser,HRFont_1ref_vs_FontDiffuser,l1,FZZJ-BGSHJW,-0.015894686,,78.000000000,computed
HRFont (1 ref.),FontDiffuser,HRFont_1ref_vs_FontDiffuser,l1,FZZJ-DZDTJW,-0.000274557,,54.000000000,computed
HRFont (1 ref.),FontDiffuser,HRFont_1ref_vs_FontDiffuser,l1,FZZJ-GJXKJW,0.005360848,,161.000000000,computed
HRFont (1 ref.),FontDiffuser,HRFont_1ref_vs_FontDiffuser,l1,FZZJ-JIHJH,-0.002175416,,54.000000000,computed
HRFont (1 ref.),FontDiffuser,HRFont_1ref_vs_FontDiffuser,l1,FZZJ-JLSSJW,-0.021581123,,78.000000000,computed
HRFont (1 ref.),FontDiffuser,HRFont_1ref_vs_FontDiffuser,l1,FZZJ-XFSXTJ,-0.004153994,,247.000000000,computed
HRFont (1 ref.),FontDiffuser,HRFont_1ref_vs_FontDiffuser,l1,FZZJ-XTJF,-0.002041452,,284.000000000,computed
HRFont (1 ref.),FontDiffuser,HRFont_1ref_vs_FontDiffuser,l1,FZZJ-ZSCWBJW,-0.004655047,,284.000000000,computed
HRFont (1 ref.),FontDiffuser,HRFont_1ref_vs_FontDiffuser,l1,FZZJ-ZWJBTJF,-0.000652588,,161.000000000,computed
HRFont (1 ref.),FontDiffuser,HRFont_1ref_vs_FontDiffuser,l1,fzsj_2813607,-0.009772383,,54.000000000,computed
HRFont (1 ref.),FontDiffuser,HRFont_1ref_vs_FontDiffuser,ssim,FZBaiZJHTJW-R,0.000723816,,284.000000000,computed
HRFont (1 ref.),FontDiffuser,HRFont_1ref_vs_FontDiffuser,ssim,FZBangSXJW,-0.016371767,,78.000000000,computed
HRFont (1 ref.),FontDiffuser,HRFont_1ref_vs_FontDiffuser,ssim,FZChaoLTJW_Xian,0.022110545,,161.000000000,computed
HRFont (1 ref.),FontDiffuser,HRFont_1ref_vs_FontDiffuser,ssim,FZChaoZTJW_B,-0.014830639,,247.000000000,computed
HRFont (1 ref.),FontDiffuser,HRFont_1ref_vs_FontDiffuser,ssim,FZCuanBZBKSJF,0.008570557,,247.000000000,computed
HRFont (1 ref.),FontDiffuser,HRFont_1ref_vs_FontDiffuser,ssim,FZDiHTJ,-0.003443342,,247.000000000,computed
HRFont (1 ref.),FontDiffuser,HRFont_1ref_vs_FontDiffuser,ssim,FZFXKTJF,-0.042058966,,78.000000000,computed
HRFont (1 ref.),FontDiffuser,HRFont_1ref_vs_FontDiffuser,ssim,FZFeiYTJW_Xian,-0.011765774,,247.000000000,computed
HRFont (1 ref.),FontDiffuser,HRFont_1ref_vs_FontDiffuser,ssim,FZFengRSTJW-DB,0.002922048,,247.000000000,computed
HRFont (1 ref.),FontDiffuser,HRFont_1ref_vs_FontDiffuser,ssim,FZHanBTJW_Cu,-0.010588825,,247.000000000,computed
HRFont (1 ref.),FontDiffuser,HRFont_1ref_vs_FontDiffuser,ssim,FZHuoYYJW-R,-0.005711332,,78.000000000,computed
HRFont (1 ref.),FontDiffuser,HRFont_1ref_vs_FontDiffuser,ssim,FZJCXS,-0.124344481,,78.000000000,computed
HRFont (1 ref.),FontDiffuser,HRFont_1ref_vs_FontDiffuser,ssim,FZJiHJW,-0.010280412,,284.000000000,computed
HRFont (1 ref.),FontDiffuser,HRFont_1ref_vs_FontDiffuser,ssim,FZJiHXTJW_Xi,0.033745325,,247.000000000,computed
HRFont (1 ref.),FontDiffuser,HRFont_1ref_vs_FontDiffuser,ssim,FZJingWTJW_Xi,-0.025953671,,247.000000000,computed
HRFont (1 ref.),FontDiffuser,HRFont_1ref_vs_FontDiffuser,ssim,FZKuaiSTJF_Te,0.031201615,,247.000000000,computed
HRFont (1 ref.),FontDiffuser,HRFont_1ref_vs_FontDiffuser,ssim,FZLangYJW-M,0.011331552,,78.000000000,computed
HRFont (1 ref.),FontDiffuser,HRFont_1ref_vs_FontDiffuser,ssim,FZLiuCTJW_Xian,-0.010099439,,247.000000000,computed
HRFont (1 ref.),FontDiffuser,HRFont_1ref_vs_FontDiffuser,ssim,FZManYTJW-B,-0.012157999,,284.000000000,computed
HRFont (1 ref.),FontDiffuser,HRFont_1ref_vs_FontDiffuser,ssim,FZMingZTJW-DB,-0.013065311,,284.000000000,computed
HRFont (1 ref.),FontDiffuser,HRFont_1ref_vs_FontDiffuser,ssim,FZNianLLHTJW,0.022630429,,247.000000000,computed
HRFont (1 ref.),FontDiffuser,HRFont_1ref_vs_FontDiffuser,ssim,FZPTYK,-0.003319735,,78.000000000,computed
HRFont (1 ref.),FontDiffuser,HRFont_1ref_vs_FontDiffuser,ssim,FZQianWTJW_Xi,0.014135151,,247.000000000,computed
HRFont (1 ref.),FontDiffuser,HRFont_1ref_vs_FontDiffuser,ssim,FZRouSJW-EB,-0.016783213,,161.000000000,computed
HRFont (1 ref.),FontDiffuser,HRFont_1ref_vs_FontDiffuser,ssim,FZSJ-NANMT,-0.005697679,,54.000000000,computed
HRFont (1 ref.),FontDiffuser,HRFont_1ref_vs_FontDiffuser,ssim,FZShaoLGFTJF,-0.014641547,,284.000000000,computed
HRFont (1 ref.),FontDiffuser,HRFont_1ref_vs_FontDiffuser,ssim,FZShouHJW_Zhun,0.004673382,,78.000000000,computed
HRFont (1 ref.),FontDiffuser,HRFont_1ref_vs_FontDiffuser,ssim,FZVDLJingQSJ-R,-0.023041285,,284.000000000,computed
HRFont (1 ref.),FontDiffuser,HRFont_1ref_vs_FontDiffuser,ssim,FZXIANGSU14,-0.005458876,,282.000000000,computed
HRFont (1 ref.),FontDiffuser,HRFont_1ref_vs_FontDiffuser,ssim,FZXIANGSU16,-0.004274142,,54.000000000,computed
HRFont (1 ref.),FontDiffuser,HRFont_1ref_vs_FontDiffuser,ssim,FZXIANGSU24,0.046732938,,282.000000000,computed
HRFont (1 ref.),FontDiffuser,HRFont_1ref_vs_FontDiffuser,ssim,FZXSHJF,-0.001557807,,78.000000000,computed
HRFont (1 ref.),FontDiffuser,HRFont_1ref_vs_FontDiffuser,ssim,FZXZZBJW,-0.021689579,,78.000000000,computed
HRFont (1 ref.),FontDiffuser,HRFont_1ref_vs_FontDiffuser,ssim,FZXiangPZTJW_Zhun,-0.009478961,,247.000000000,computed
HRFont (1 ref.),FontDiffuser,HRFont_1ref_vs_FontDiffuser,ssim,FZYaZTJ_Xi,-0.018395937,,247.000000000,computed
HRFont (1 ref.),FontDiffuser,HRFont_1ref_vs_FontDiffuser,ssim,FZZH-DFHBJW (1),-0.016788360,,78.000000000,computed
HRFont (1 ref.),FontDiffuser,HRFont_1ref_vs_FontDiffuser,ssim,FZZH-ZYXSJW,0.002203179,,247.000000000,computed
HRFont (1 ref.),FontDiffuser,HRFont_1ref_vs_FontDiffuser,ssim,FZZJ-BGSHJW,-0.027962379,,78.000000000,computed
HRFont (1 ref.),FontDiffuser,HRFont_1ref_vs_FontDiffuser,ssim,FZZJ-DZDTJW,-0.012648423,,54.000000000,computed
HRFont (1 ref.),FontDiffuser,HRFont_1ref_vs_FontDiffuser,ssim,FZZJ-GJXKJW,0.014136160,,161.000000000,computed
HRFont (1 ref.),FontDiffuser,HRFont_1ref_vs_FontDiffuser,ssim,FZZJ-JIHJH,-0.001023335,,54.000000000,computed
HRFont (1 ref.),FontDiffuser,HRFont_1ref_vs_FontDiffuser,ssim,FZZJ-JLSSJW,-0.038678769,,78.000000000,computed
HRFont (1 ref.),FontDiffuser,HRFont_1ref_vs_FontDiffuser,ssim,FZZJ-XFSXTJ,-0.010950998,,247.000000000,computed
HRFont (1 ref.),FontDiffuser,HRFont_1ref_vs_FontDiffuser,ssim,FZZJ-XTJF,-0.001566779,,284.000000000,computed
HRFont (1 ref.),FontDiffuser,HRFont_1ref_vs_FontDiffuser,ssim,FZZJ-ZSCWBJW,-0.009118867,,284.000000000,computed
HRFont (1 ref.),FontDiffuser,HRFont_1ref_vs_FontDiffuser,ssim,FZZJ-ZWJBTJF,-0.006214533,,161.000000000,computed
HRFont (1 ref.),FontDiffuser,HRFont_1ref_vs_FontDiffuser,ssim,fzsj_2813607,-0.029094397,,54.000000000,computed
HRFont (1 ref.),FontDiffuser,HRFont_1ref_vs_FontDiffuser,lpips,FZBaiZJHTJW-R,-0.015488659,,284.000000000,computed
HRFont (1 ref.),FontDiffuser,HRFont_1ref_vs_FontDiffuser,lpips,FZBangSXJW,-0.015402990,,78.000000000,computed
HRFont (1 ref.),FontDiffuser,HRFont_1ref_vs_FontDiffuser,lpips,FZChaoLTJW_Xian,0.060739688,,161.000000000,computed
HRFont (1 ref.),FontDiffuser,HRFont_1ref_vs_FontDiffuser,lpips,FZChaoZTJW_B,0.009896533,,247.000000000,computed
HRFont (1 ref.),FontDiffuser,HRFont_1ref_vs_FontDiffuser,lpips,FZCuanBZBKSJF,-0.003559998,,247.000000000,computed
HRFont (1 ref.),FontDiffuser,HRFont_1ref_vs_FontDiffuser,lpips,FZDiHTJ,0.000982928,,247.000000000,computed
HRFont (1 ref.),FontDiffuser,HRFont_1ref_vs_FontDiffuser,lpips,FZFXKTJF,-0.026701291,,78.000000000,computed
HRFont (1 ref.),FontDiffuser,HRFont_1ref_vs_FontDiffuser,lpips,FZFeiYTJW_Xian,-0.025890421,,247.000000000,computed
HRFont (1 ref.),FontDiffuser,HRFont_1ref_vs_FontDiffuser,lpips,FZFengRSTJW-DB,-0.005529379,,247.000000000,computed
HRFont (1 ref.),FontDiffuser,HRFont_1ref_vs_FontDiffuser,lpips,FZHanBTJW_Cu,-0.014819002,,247.000000000,computed
HRFont (1 ref.),FontDiffuser,HRFont_1ref_vs_FontDiffuser,lpips,FZHuoYYJW-R,-0.005636269,,78.000000000,computed
HRFont (1 ref.),FontDiffuser,HRFont_1ref_vs_FontDiffuser,lpips,FZJCXS,0.015236200,,78.000000000,computed
HRFont (1 ref.),FontDiffuser,HRFont_1ref_vs_FontDiffuser,lpips,FZJiHJW,-0.011797349,,284.000000000,computed
HRFont (1 ref.),FontDiffuser,HRFont_1ref_vs_FontDiffuser,lpips,FZJiHXTJW_Xi,0.040684755,,247.000000000,computed
HRFont (1 ref.),FontDiffuser,HRFont_1ref_vs_FontDiffuser,lpips,FZJingWTJW_Xi,-0.024284984,,247.000000000,computed
HRFont (1 ref.),FontDiffuser,HRFont_1ref_vs_FontDiffuser,lpips,FZKuaiSTJF_Te,0.008844445,,247.000000000,computed
HRFont (1 ref.),FontDiffuser,HRFont_1ref_vs_FontDiffuser,lpips,FZLangYJW-M,0.012847817,,78.000000000,computed
HRFont (1 ref.),FontDiffuser,HRFont_1ref_vs_FontDiffuser,lpips,FZLiuCTJW_Xian,-0.036234710,,247.000000000,computed
HRFont (1 ref.),FontDiffuser,HRFont_1ref_vs_FontDiffuser,lpips,FZManYTJW-B,-0.005325599,,284.000000000,computed
HRFont (1 ref.),FontDiffuser,HRFont_1ref_vs_FontDiffuser,lpips,FZMingZTJW-DB,-0.020756500,,284.000000000,computed
HRFont (1 ref.),FontDiffuser,HRFont_1ref_vs_FontDiffuser,lpips,FZNianLLHTJW,0.005805769,,247.000000000,computed
HRFont (1 ref.),FontDiffuser,HRFont_1ref_vs_FontDiffuser,lpips,FZPTYK,-0.013191082,,78.000000000,computed
HRFont (1 ref.),FontDiffuser,HRFont_1ref_vs_FontDiffuser,lpips,FZQianWTJW_Xi,0.035468699,,247.000000000,computed
HRFont (1 ref.),FontDiffuser,HRFont_1ref_vs_FontDiffuser,lpips,FZRouSJW-EB,-0.034226115,,161.000000000,computed
HRFont (1 ref.),FontDiffuser,HRFont_1ref_vs_FontDiffuser,lpips,FZSJ-NANMT,-0.011770727,,54.000000000,computed
HRFont (1 ref.),FontDiffuser,HRFont_1ref_vs_FontDiffuser,lpips,FZShaoLGFTJF,-0.022171101,,284.000000000,computed
HRFont (1 ref.),FontDiffuser,HRFont_1ref_vs_FontDiffuser,lpips,FZShouHJW_Zhun,-0.011414188,,78.000000000,computed
HRFont (1 ref.),FontDiffuser,HRFont_1ref_vs_FontDiffuser,lpips,FZVDLJingQSJ-R,-0.027976988,,284.000000000,computed
HRFont (1 ref.),FontDiffuser,HRFont_1ref_vs_FontDiffuser,lpips,FZXIANGSU14,0.072682330,,282.000000000,computed
HRFont (1 ref.),FontDiffuser,HRFont_1ref_vs_FontDiffuser,lpips,FZXIANGSU16,0.069497611,,54.000000000,computed
HRFont (1 ref.),FontDiffuser,HRFont_1ref_vs_FontDiffuser,lpips,FZXIANGSU24,0.172427589,,282.000000000,computed
HRFont (1 ref.),FontDiffuser,HRFont_1ref_vs_FontDiffuser,lpips,FZXSHJF,0.020609438,,78.000000000,computed
HRFont (1 ref.),FontDiffuser,HRFont_1ref_vs_FontDiffuser,lpips,FZXZZBJW,-0.099783541,,78.000000000,computed
HRFont (1 ref.),FontDiffuser,HRFont_1ref_vs_FontDiffuser,lpips,FZXiangPZTJW_Zhun,-0.010191912,,247.000000000,computed
HRFont (1 ref.),FontDiffuser,HRFont_1ref_vs_FontDiffuser,lpips,FZYaZTJ_Xi,-0.039878555,,247.000000000,computed
HRFont (1 ref.),FontDiffuser,HRFont_1ref_vs_FontDiffuser,lpips,FZZH-DFHBJW (1),-0.029850585,,78.000000000,computed
HRFont (1 ref.),FontDiffuser,HRFont_1ref_vs_FontDiffuser,lpips,FZZH-ZYXSJW,-0.001103772,,247.000000000,computed
HRFont (1 ref.),FontDiffuser,HRFont_1ref_vs_FontDiffuser,lpips,FZZJ-BGSHJW,-0.034939665,,78.000000000,computed
HRFont (1 ref.),FontDiffuser,HRFont_1ref_vs_FontDiffuser,lpips,FZZJ-DZDTJW,0.009032142,,54.000000000,computed
HRFont (1 ref.),FontDiffuser,HRFont_1ref_vs_FontDiffuser,lpips,FZZJ-GJXKJW,0.008129073,,161.000000000,computed
HRFont (1 ref.),FontDiffuser,HRFont_1ref_vs_FontDiffuser,lpips,FZZJ-JIHJH,0.001344901,,54.000000000,computed
HRFont (1 ref.),FontDiffuser,HRFont_1ref_vs_FontDiffuser,lpips,FZZJ-JLSSJW,-0.035913310,,78.000000000,computed
HRFont (1 ref.),FontDiffuser,HRFont_1ref_vs_FontDiffuser,lpips,FZZJ-XFSXTJ,-0.008317916,,247.000000000,computed
HRFont (1 ref.),FontDiffuser,HRFont_1ref_vs_FontDiffuser,lpips,FZZJ-XTJF,-0.005014682,,284.000000000,computed
HRFont (1 ref.),FontDiffuser,HRFont_1ref_vs_FontDiffuser,lpips,FZZJ-ZSCWBJW,-0.015680959,,284.000000000,computed
HRFont (1 ref.),FontDiffuser,HRFont_1ref_vs_FontDiffuser,lpips,FZZJ-ZWJBTJF,-0.013671645,,161.000000000,computed
HRFont (1 ref.),FontDiffuser,HRFont_1ref_vs_FontDiffuser,lpips,fzsj_2813607,-0.031340166,,54.000000000,computed
HRFont (1 ref.),FontDiffuser,HRFont_1ref_vs_FontDiffuser,rsc8,FZBaiZJHTJW-R,0.046491250,,284.000000000,estimated
HRFont (1 ref.),FontDiffuser,HRFont_1ref_vs_FontDiffuser,rsc8,FZBangSXJW,0.045625153,,78.000000000,estimated
HRFont (1 ref.),FontDiffuser,HRFont_1ref_vs_FontDiffuser,rsc8,FZChaoLTJW_Xian,0.055484671,,161.000000000,estimated
HRFont (1 ref.),FontDiffuser,HRFont_1ref_vs_FontDiffuser,rsc8,FZChaoZTJW_B,0.133593276,,247.000000000,estimated
HRFont (1 ref.),FontDiffuser,HRFont_1ref_vs_FontDiffuser,rsc8,FZCuanBZBKSJF,0.013967803,,247.000000000,estimated
HRFont (1 ref.),FontDiffuser,HRFont_1ref_vs_FontDiffuser,rsc8,FZDiHTJ,0.048125993,,247.000000000,estimated
HRFont (1 ref.),FontDiffuser,HRFont_1ref_vs_FontDiffuser,rsc8,FZFXKTJF,0.075323125,,78.000000000,estimated
HRFont (1 ref.),FontDiffuser,HRFont_1ref_vs_FontDiffuser,rsc8,FZFeiYTJW_Xian,0.022121177,,247.000000000,estimated
HRFont (1 ref.),FontDiffuser,HRFont_1ref_vs_FontDiffuser,rsc8,FZFengRSTJW-DB,-0.015835613,,247.000000000,estimated
HRFont (1 ref.),FontDiffuser,HRFont_1ref_vs_FontDiffuser,rsc8,FZHanBTJW_Cu,-0.038965387,,247.000000000,estimated
HRFont (1 ref.),FontDiffuser,HRFont_1ref_vs_FontDiffuser,rsc8,FZHuoYYJW-R,0.100910745,,78.000000000,estimated
HRFont (1 ref.),FontDiffuser,HRFont_1ref_vs_FontDiffuser,rsc8,FZJCXS,0.558961187,,78.000000000,estimated
HRFont (1 ref.),FontDiffuser,HRFont_1ref_vs_FontDiffuser,rsc8,FZJiHJW,0.040348391,,284.000000000,estimated
HRFont (1 ref.),FontDiffuser,HRFont_1ref_vs_FontDiffuser,rsc8,FZJiHXTJW_Xi,0.069791293,,247.000000000,estimated
HRFont (1 ref.),FontDiffuser,HRFont_1ref_vs_FontDiffuser,rsc8,FZJingWTJW_Xi,0.078963451,,247.000000000,estimated
HRFont (1 ref.),FontDiffuser,HRFont_1ref_vs_FontDiffuser,rsc8,FZKuaiSTJF_Te,-0.039048380,,247.000000000,estimated
HRFont (1 ref.),FontDiffuser,HRFont_1ref_vs_FontDiffuser,rsc8,FZLangYJW-M,0.019593692,,78.000000000,estimated
HRFont (1 ref.),FontDiffuser,HRFont_1ref_vs_FontDiffuser,rsc8,FZLiuCTJW_Xian,0.064842938,,247.000000000,estimated
HRFont (1 ref.),FontDiffuser,HRFont_1ref_vs_FontDiffuser,rsc8,FZManYTJW-B,-0.016729617,,284.000000000,estimated
HRFont (1 ref.),FontDiffuser,HRFont_1ref_vs_FontDiffuser,rsc8,FZMingZTJW-DB,0.064110792,,284.000000000,estimated
HRFont (1 ref.),FontDiffuser,HRFont_1ref_vs_FontDiffuser,rsc8,FZNianLLHTJW,0.054454100,,247.000000000,estimated
HRFont (1 ref.),FontDiffuser,HRFont_1ref_vs_FontDiffuser,rsc8,FZPTYK,0.051500119,,78.000000000,estimated
HRFont (1 ref.),FontDiffuser,HRFont_1ref_vs_FontDiffuser,rsc8,FZQianWTJW_Xi,0.036167510,,247.000000000,estimated
HRFont (1 ref.),FontDiffuser,HRFont_1ref_vs_FontDiffuser,rsc8,FZRouSJW-EB,-0.003186214,,161.000000000,estimated
HRFont (1 ref.),FontDiffuser,HRFont_1ref_vs_FontDiffuser,rsc8,FZSJ-NANMT,-0.030268631,,54.000000000,estimated
HRFont (1 ref.),FontDiffuser,HRFont_1ref_vs_FontDiffuser,rsc8,FZShaoLGFTJF,-0.005172654,,284.000000000,estimated
HRFont (1 ref.),FontDiffuser,HRFont_1ref_vs_FontDiffuser,rsc8,FZShouHJW_Zhun,0.022809333,,78.000000000,estimated
HRFont (1 ref.),FontDiffuser,HRFont_1ref_vs_FontDiffuser,rsc8,FZVDLJingQSJ-R,-0.026763911,,284.000000000,estimated
HRFont (1 ref.),FontDiffuser,HRFont_1ref_vs_FontDiffuser,rsc8,FZXIANGSU14,0.106808936,,282.000000000,estimated
HRFont (1 ref.),FontDiffuser,HRFont_1ref_vs_FontDiffuser,rsc8,FZXIANGSU16,0.242128714,,54.000000000,estimated
HRFont (1 ref.),FontDiffuser,HRFont_1ref_vs_FontDiffuser,rsc8,FZXIANGSU24,0.322085547,,282.000000000,estimated
HRFont (1 ref.),FontDiffuser,HRFont_1ref_vs_FontDiffuser,rsc8,FZXSHJF,0.146812033,,78.000000000,estimated
HRFont (1 ref.),FontDiffuser,HRFont_1ref_vs_FontDiffuser,rsc8,FZXZZBJW,0.025079255,,78.000000000,estimated
HRFont (1 ref.),FontDiffuser,HRFont_1ref_vs_FontDiffuser,rsc8,FZXiangPZTJW_Zhun,-0.050664217,,247.000000000,estimated
HRFont (1 ref.),FontDiffuser,HRFont_1ref_vs_FontDiffuser,rsc8,FZYaZTJ_Xi,-0.009966730,,247.000000000,estimated
HRFont (1 ref.),FontDiffuser,HRFont_1ref_vs_FontDiffuser,rsc8,FZZH-DFHBJW (1),-0.039279518,,78.000000000,estimated
HRFont (1 ref.),FontDiffuser,HRFont_1ref_vs_FontDiffuser,rsc8,FZZH-ZYXSJW,0.010111956,,247.000000000,estimated
HRFont (1 ref.),FontDiffuser,HRFont_1ref_vs_FontDiffuser,rsc8,FZZJ-BGSHJW,-0.007633080,,78.000000000,estimated
HRFont (1 ref.),FontDiffuser,HRFont_1ref_vs_FontDiffuser,rsc8,FZZJ-DZDTJW,0.026833253,,54.000000000,estimated
HRFont (1 ref.),FontDiffuser,HRFont_1ref_vs_FontDiffuser,rsc8,FZZJ-GJXKJW,-0.007611703,,161.000000000,estimated
HRFont (1 ref.),FontDiffuser,HRFont_1ref_vs_FontDiffuser,rsc8,FZZJ-JIHJH,0.001490541,,54.000000000,estimated
HRFont (1 ref.),FontDiffuser,HRFont_1ref_vs_FontDiffuser,rsc8,FZZJ-JLSSJW,-0.039170784,,78.000000000,estimated
HRFont (1 ref.),FontDiffuser,HRFont_1ref_vs_FontDiffuser,rsc8,FZZJ-XFSXTJ,0.060013178,,247.000000000,estimated
HRFont (1 ref.),FontDiffuser,HRFont_1ref_vs_FontDiffuser,rsc8,FZZJ-XTJF,0.012062379,,284.000000000,estimated
HRFont (1 ref.),FontDiffuser,HRFont_1ref_vs_FontDiffuser,rsc8,FZZJ-ZSCWBJW,-0.026799215,,284.000000000,estimated
HRFont (1 ref.),FontDiffuser,HRFont_1ref_vs_FontDiffuser,rsc8,FZZJ-ZWJBTJF,0.108714583,,161.000000000,estimated
HRFont (1 ref.),FontDiffuser,HRFont_1ref_vs_FontDiffuser,rsc8,fzsj_2813607,0.019365283,,54.000000000,estimated
