sample_name,font,cp,char,script,dataset
FZBaiZJHTJW-R+u0030.png,FZBaiZJHTJW-R,u0030,0,latin,extra32
FZBaiZJHTJW-R+u0032.png,FZBaiZJHTJW-R,u0032,2,latin,extra32
FZBaiZJHTJW-R+u0033.png,FZBaiZJHTJW-R,u0033,3,latin,extra32
FZBaiZJHTJW-R+u0034.png,FZBaiZJHTJW-R,u0034,4,latin,extra32
FZBaiZJHTJW-R+u0035.png,FZBaiZJHTJW-R,u0035,5,latin,extra32
FZBaiZJHTJW-R+u0036.png,FZBaiZJHTJW-R,u0036,6,latin,extra32
FZBaiZJHTJW-R+u0037.png,FZBaiZJHTJW-R,u0037,7,latin,extra32
FZBaiZJHTJW-R+u0038.png,FZBaiZJHTJW-R,u0038,8,latin,extra32
FZBaiZJHTJW-R+u0039.png,FZBaiZJHTJW-R,u0039,9,latin,extra32
FZBaiZJHTJW-R+u0041.png,FZBaiZJHTJW-R,u0041,A,latin,extra32
FZBaiZJHTJW-R+u0042.png,FZBaiZJHTJW-R,u0042,B,latin,extra32
FZBaiZJHTJW-R+u0043.png,FZBaiZJHTJW-R,u0043,C,latin,extra32
FZBaiZJHTJW-R+u0044.png,FZBaiZJHTJW-R,u0044,D,latin,extra32
FZBaiZJHTJW-R+u0045.png,FZBaiZJHTJW-R,u0045,E,latin,extra32
FZBaiZJHTJW-R+u0046.png,FZBaiZJHTJW-R,u0046,F,latin,extra32
FZBaiZJHTJW-R+u0047.png,FZBaiZJHTJW-R,u0047,G,latin,extra32
FZBaiZJHTJW-R+u0048.png,FZBaiZJHTJW-R,u0048,H,latin,extra32
FZBaiZJHTJW-R+u0049.png,FZBaiZJHTJW-R,u0049,I,latin,extra32
FZBaiZJHTJW-R+u004A.png,FZBaiZJHTJW-R,u004A,J,latin,extra32
FZBaiZJHTJW-R+u004B.png,FZBaiZJHTJW-R,u004B,K,latin,extra32
FZBaiZJHTJW-R+u004C.png,FZBaiZJHTJW-R,u004C,L,latin,extra32
FZBaiZJHTJW-R+u004D.png,FZBaiZJHTJW-R,u004D,M,latin,extra32
FZBaiZJHTJW-R+u004E.png,FZBaiZJHTJW-R,u004E,N,latin,extra32
FZBaiZJHTJW-R+u004F.png,FZBaiZJHTJW-R,u004F,O,latin,extra32
FZBaiZJHTJW-R+u0050.png,FZBaiZJHTJW-R,u0050,P,latin,extra32
FZBaiZJHTJW-R+u0051.png,FZBaiZJHTJW-R,u0051,Q,latin,extra32
FZBaiZJHTJW-R+u0052.png,FZBaiZJHTJW-R,u0052,R,latin,extra32
FZBaiZJHTJW-R+u0053.png,FZBaiZJHTJW-R,u0053,S,latin,extra32
FZBaiZJHTJW-R+u0055.png,FZBaiZJHTJW-R,u0055,U,latin,extra32
FZBaiZJHTJW-R+u0056.png,FZBaiZJHTJW-R,u0056,V,latin,extra32
FZBaiZJHTJW-R+u0057.png,FZBaiZJHTJW-R,u0057,W,latin,extra32
FZBaiZJHTJW-R+u0059.png,FZBaiZJHTJW-R,u0059,Y,latin,extra32
FZBaiZJHTJW-R+u005A.png,FZBaiZJHTJW-R,u005A,Z,latin,extra32
FZBaiZJHTJW-R+u0062.png,FZBaiZJHTJW-R,u0062,b,latin,extra32
FZBaiZJHTJW-R+u0063.png,FZBaiZJHTJW-R,u0063,c,latin,extra32
FZBaiZJHTJW-R+u0065.png,FZBaiZJHTJW-R,u0065,e,latin,extra32
FZBaiZJHTJW-R+u0066.png,FZBaiZJHTJW-R,u0066,f,latin,extra32
FZBaiZJHTJW-R+u0067.png,FZBaiZJHTJW-R,u0067,g,latin,extra32
FZBaiZJHTJW-R+u0068.png,FZBaiZJHTJW-R,u0068,h,latin,extra32
FZBaiZJHTJW-R+u0069.png,FZBaiZJHTJW-R,u0069,i,latin,extra32
FZBaiZJHTJW-R+u006A.png,FZBaiZJHTJW-R,u006A,j,latin,extra32
FZBaiZJHTJW-R+u006C.png,FZBaiZJHTJW-R,u006C,l,latin,extra32
FZBaiZJHTJW-R+u006D.png,FZBaiZJHTJW-R,u006D,m,latin,extra32
FZBaiZJHTJW-R+u006E.png,FZBaiZJHTJW-R,u006E,n,latin,extra32
FZBaiZJHTJW-R+u006F.png,FZBaiZJHTJW-R,u006F,o,latin,extra32
FZBaiZJHTJW-R+u0070.png,FZBaiZJHTJW-R,u0070,p,latin,extra32
FZBaiZJHTJW-R+u0071.png,FZBaiZJHTJW-R,u0071,q,latin,extra32
FZBaiZJHTJW-R+u0072.png,FZBaiZJHTJW-R,u0072,r,latin,extra32
FZBaiZJHTJW-R+u0073.png,FZBaiZJHTJW-R,u0073,s,latin,extra32
FZBaiZJHTJW-R+u0074.png,FZBaiZJHTJW-R,u0074,t,latin,extra32
FZBaiZJHTJW-R+u0076.png,FZBaiZJHTJW-R,u0076,v,latin,extra32
FZBaiZJHTJW-R+u0077.png,FZBaiZJHTJW-R,u0077,w,latin,extra32
FZBaiZJHTJW-R+u0078.png,FZBaiZJHTJW-R,u0078,x,latin,extra32
FZBaiZJHTJW-R+u007A.png,FZBaiZJHTJW-R,u007A,z,latin,extra32
FZBaiZJHTJW-R+u00E1.png,FZBaiZJHTJW-R,u00E1,á,latin,extra32
FZBaiZJHTJW-R+u00E8.png,FZBaiZJHTJW-R,u00E8,è,latin,extra32
FZBaiZJHTJW-R+u00E9.png,FZBaiZJHTJW-R,u00E9,é,latin,extra32
FZBaiZJHTJW-R+u00EA.png,FZBaiZJHTJW-R,u00EA,ê,latin,extra32
FZBaiZJHTJW-R+u00ED.png,FZBaiZJHTJW-R,u00ED,í,latin,extra32
FZBaiZJHTJW-R+u00F2.png,FZBaiZJHTJW-R,u00F2,ò,latin,extra32
FZBaiZJHTJW-R+u00F3.png,FZBaiZJHTJW-R,u00F3,ó,latin,extra32
FZBaiZJHTJW-R+u00F9.png,FZBaiZJHTJW-R,u00F9,ù,latin,extra32
FZBaiZJHTJW-R+u00FA.png,FZBaiZJHTJW-R,u00FA,ú,latin,extra32
FZBaiZJHTJW-R+u00FC.png,FZBaiZJHTJW-R,u00FC,ü,latin,extra32
FZBaiZJHTJW-R+u0101.png,FZBaiZJHTJW-R,u0101,ā,latin,extra32
FZBaiZJHTJW-R+u0113.png,FZBaiZJHTJW-R,u0113,ē,latin,extra32
FZBaiZJHTJW-R+u011B.png,FZBaiZJHTJW-R,u011B,ě,latin,extra32
FZBaiZJHTJW-R+u012B.png,FZBaiZJHTJW-R,u012B,ī,latin,extra32
FZBaiZJHTJW-R+u0144.png,FZBaiZJHTJW-R,u0144,ń,latin,extra32
FZBaiZJHTJW-R+u0148.png,FZBaiZJHTJW-R,u0148,ň,latin,extra32
FZBaiZJHTJW-R+u014D.png,FZBaiZJHTJW-R,u014D,ō,latin,extra32
FZBaiZJHTJW-R+u016B.png,FZBaiZJHTJW-R,u016B,ū,latin,extra32
FZBaiZJHTJW-R+u01CE.png,FZBaiZJHTJW-R,u01CE,ǎ,latin,extra32
FZBaiZJHTJW-R+u01D0.png,FZBaiZJHTJW-R,u01D0,ǐ,latin,extra32
FZBaiZJHTJW-R+u01D2.png,FZBaiZJHTJW-R,u01D2,ǒ,latin,extra32
FZBaiZJHTJW-R+u01D6.png,FZBaiZJHTJW-R,u01D6,ǖ,latin,extra32
FZBaiZJHTJW-R+u01D8.png,FZBaiZJHTJW-R,u01D8,ǘ,latin,extra32
FZBaiZJHTJW-R+u01DA.png,FZBaiZJHTJW-R,u01DA,ǚ,latin,extra32
FZBaiZJHTJW-R+u3041.png,FZBaiZJHTJW-R,u3041,ぁ,kana,extra32
FZBaiZJHTJW-R+u3042.png,FZBaiZJHTJW-R,u3042,あ,kana,extra32
FZBaiZJHTJW-R+u3043.png,FZBaiZJHTJW-R,u3043,ぃ,kana,extra32
FZBaiZJHTJW-R+u3044.png,FZBaiZJHTJW-R,u3044,い,kana,extra32
FZBaiZJHTJW-R+u3045.png,FZBaiZJHTJW-R,u3045,ぅ,kana,extra32
FZBaiZJHTJW-R+u3046.png,FZBaiZJHTJW-R,u3046,う,kana,extra32
FZBaiZJHTJW-R+u3047.png,FZBaiZJHTJW-R,u3047,ぇ,kana,extra32
FZBaiZJHTJW-R+u3048.png,FZBaiZJHTJW-R,u3048,え,kana,extra32
FZBaiZJHTJW-R+u3049.png,FZBaiZJHTJW-R,u3049,ぉ,kana,extra32
FZBaiZJHTJW-R+u304A.png,FZBaiZJHTJW-R,u304A,お,kana,extra32
FZBaiZJHTJW-R+u304B.png,FZBaiZJHTJW-R,u304B,か,kana,extra32
FZBaiZJHTJW-R+u304C.png,FZBaiZJHTJW-R,u304C,が,kana,extra32
FZBaiZJHTJW-R+u304D.png,FZBaiZJHTJW-R,u304D,き,kana,extra32
FZBaiZJHTJW-R+u304E.png,FZBaiZJHTJW-R,u304E,ぎ,kana,extra32
FZBaiZJHTJW-R+u304F.png,FZBaiZJHTJW-R,u304F,く,kana,extra32
FZBaiZJHTJW-R+u3050.png,FZBaiZJHTJW-R,u3050,ぐ,kana,extra32
FZBaiZJHTJW-R+u3051.png,FZBaiZJHTJW-R,u3051,け,kana,extra32
FZBaiZJHTJW-R+u3052.png,FZBaiZJHTJW-R,u3052,げ,kana,extra32
FZBaiZJHTJW-R+u3053.png,FZBaiZJHTJW-R,u3053,こ,kana,extra32
FZBaiZJHTJW-R+u3054.png,FZBaiZJHTJW-R,u3054,ご,kana,extra32
FZBaiZJHTJW-R+u3055.png,FZBaiZJHTJW-R,u3055,さ,kana,extra32
FZBaiZJHTJW-R+u3056.png,FZBaiZJHTJW-R,u3056,ざ,kana,extra32
FZBaiZJHTJW-R+u3057.png,FZBaiZJHTJW-R,u3057,し,kana,extra32
FZBaiZJHTJW-R+u3058.png,FZBaiZJHTJW-R,u3058,じ,kana,extra32
FZBaiZJHTJW-R+u3059.png,FZBaiZJHTJW-R,u3059,す,kana,extra32
FZBaiZJHTJW-R+u305A.png,FZBaiZJHTJW-R,u305A,ず,kana,extra32
FZBaiZJHTJW-R+u305B.png,FZBaiZJHTJW-R,u305B,せ,kana,extra32
FZBaiZJHTJW-R+u305C.png,FZBaiZJHTJW-R,u305C,ぜ,kana,extra32
FZBaiZJHTJW-R+u305D.png,FZBaiZJHTJW-R,u305D,そ,kana,extra32
FZBaiZJHTJW-R+u305E.png,FZBaiZJHTJW-R,u305E,ぞ,kana,extra32
FZBaiZJHTJW-R+u305F.png,FZBaiZJHTJW-R,u305F,た,kana,extra32
FZBaiZJHTJW-R+u3060.png,FZBaiZJHTJW-R,u3060,だ,kana,extra32
FZBaiZJHTJW-R+u3061.png,FZBaiZJHTJW-R,u3061,ち,kana,extra32
FZBaiZJHTJW-R+u3062.png,FZBaiZJHTJW-R,u3062,ぢ,kana,extra32
FZBaiZJHTJW-R+u3063.png,FZBaiZJHTJW-R,u3063,っ,kana,extra32
FZBaiZJHTJW-R+u3064.png,FZBaiZJHTJW-R,u3064,つ,kana,extra32
FZBaiZJHTJW-R+u3065.png,FZBaiZJHTJW-R,u3065,づ,kana,extra32
FZBaiZJHTJW-R+u3066.png,FZBaiZJHTJW-R,u3066,て,kana,extra32
FZBaiZJHTJW-R+u3067.png,FZBaiZJHTJW-R,u3067,で,kana,extra32
FZBaiZJHTJW-R+u3068.png,FZBaiZJHTJW-R,u3068,と,kana,extra32
FZBaiZJHTJW-R+u3069.png,FZBaiZJHTJW-R,u3069,ど,kana,extra32
FZBaiZJHTJW-R+u306A.png,FZBaiZJHTJW-R,u306A,な,kana,extra32
FZBaiZJHTJW-R+u306B.png,FZBaiZJHTJW-R,u306B,に,kana,extra32
FZBaiZJHTJW-R+u306C.png,FZBaiZJHTJW-R,u306C,ぬ,kana,extra32
FZBaiZJHTJW-R+u306D.png,FZBaiZJHTJW-R,u306D,ね,kana,extra32
FZBaiZJHTJW-R+u306E.png,FZBaiZJHTJW-R,u306E,の,kana,extra32
FZBaiZJHTJW-R+u306F.png,FZBaiZJHTJW-R,u306F,は,kana,extra32
FZBaiZJHTJW-R+u3070.png,FZBaiZJHTJW-R,u3070,ば,kana,extra32
FZBaiZJHTJW-R+u3071.png,FZBaiZJHTJW-R,u3071,ぱ,kana,extra32
FZBaiZJHTJW-R+u3072.png,FZBaiZJHTJW-R,u3072,ひ,kana,extra32
FZBaiZJHTJW-R+u3073.png,FZBaiZJHTJW-R,u3073,び,kana,extra32
FZBaiZJHTJW-R+u3074.png,FZBaiZJHTJW-R,u3074,ぴ,kana,extra32
FZBaiZJHTJW-R+u3075.png,FZBaiZJHTJW-R,u3075,ふ,kana,extra32
FZBaiZJHTJW-R+u3076.png,FZBaiZJHTJW-R,u3076,ぶ,kana,extra32
FZBaiZJHTJW-R+u3077.png,FZBaiZJHTJW-R,u3077,ぷ,kana,extra32
FZBaiZJHTJW-R+u3078.png,FZBaiZJHTJW-R,u3078,へ,kana,extra32
FZBaiZJHTJW-R+u3079.png,FZBaiZJHTJW-R,u3079,べ,kana,extra32
FZBaiZJHTJW-R+u307A.png,FZBaiZJHTJW-R,u307A,ぺ,kana,extra32
FZBaiZJHTJW-R+u307B.png,FZBaiZJHTJW-R,u307B,ほ,kana,extra32
FZBaiZJHTJW-R+u307C.png,FZBaiZJHTJW-R,u307C,ぼ,kana,extra32
FZBaiZJHTJW-R+u307D.png,FZBaiZJHTJW-R,u307D,ぽ,kana,extra32
FZBaiZJHTJW-R+u307E.png,FZBaiZJHTJW-R,u307E,ま,kana,extra32
FZBaiZJHTJW-R+u307F.png,FZBaiZJHTJW-R,u307F,み,kana,extra32
FZBaiZJHTJW-R+u3080.png,FZBaiZJHTJW-R,u3080,む,kana,extra32
FZBaiZJHTJW-R+u3081.png,FZBaiZJHTJW-R,u3081,め,kana,extra32
FZBaiZJHTJW-R+u3082.png,FZBaiZJHTJW-R,u3082,も,kana,extra32
FZBaiZJHTJW-R+u3083.png,FZBaiZJHTJW-R,u3083,ゃ,kana,extra32
FZBaiZJHTJW-R+u3084.png,FZBaiZJHTJW-R,u3084,や,kana,extra32
FZBaiZJHTJW-R+u3085.png,FZBaiZJHTJW-R,u3085,ゅ,kana,extra32
FZBaiZJHTJW-R+u3086.png,FZBaiZJHTJW-R,u3086,ゆ,kana,extra32
FZBaiZJHTJW-R+u3087.png,FZBaiZJHTJW-R,u3087,ょ,kana,extra32
FZBaiZJHTJW-R+u3088.png,FZBaiZJHTJW-R,u3088,よ,kana,extra32
FZBaiZJHTJW-R+u3089.png,FZBaiZJHTJW-R,u3089,ら,kana,extra32
FZBaiZJHTJW-R+u308A.png,FZBaiZJHTJW-R,u308A,り,kana,extra32
FZBaiZJHTJW-R+u308B.png,FZBaiZJHTJW-R,u308B,る,kana,extra32
FZBaiZJHTJW-R+u308C.png,FZBaiZJHTJW-R,u308C,れ,kana,extra32
FZBaiZJHTJW-R+u308D.png,FZBaiZJHTJW-R,u308D,ろ,kana,extra32
FZBaiZJHTJW-R+u308E.png,FZBaiZJHTJW-R,u308E,ゎ,kana,extra32
FZBaiZJHTJW-R+u308F.png,FZBaiZJHTJW-R,u308F,わ,kana,extra32
FZBaiZJHTJW-R+u3090.png,FZBaiZJHTJW-R,u3090,ゐ,kana,extra32
FZBaiZJHTJW-R+u3091.png,FZBaiZJHTJW-R,u3091,ゑ,kana,extra32
FZBaiZJHTJW-R+u3092.png,FZBaiZJHTJW-R,u3092,を,kana,extra32
FZBaiZJHTJW-R+u3093.png,FZBaiZJHTJW-R,u3093,ん,kana,extra32
FZBaiZJHTJW-R+u30A1.png,FZBaiZJHTJW-R,u30A1,ァ,kana,extra32
FZBaiZJHTJW-R+u30A2.png,FZBaiZJHTJW-R,u30A2,ア,kana,extra32
FZBaiZJHTJW-R+u30A3.png,FZBaiZJHTJW-R,u30A3,ィ,kana,extra32
FZBaiZJHTJW-R+u30A4.png,FZBaiZJHTJW-R,u30A4,イ,kana,extra32
FZBaiZJHTJW-R+u30A5.png,FZBaiZJHTJW-R,u30A5,ゥ,kana,extra32
FZBaiZJHTJW-R+u30A6.png,FZBaiZJHTJW-R,u30A6,ウ,kana,extra32
FZBaiZJHTJW-R+u30A7.png,FZBaiZJHTJW-R,u30A7,ェ,kana,extra32
FZBaiZJHTJW-R+u30A8.png,FZBaiZJHTJW-R,u30A8,エ,kana,extra32
FZBaiZJHTJW-R+u30A9.png,FZBaiZJHTJW-R,u30A9,ォ,kana,extra32
FZBaiZJHTJW-R+u30AA.png,FZBaiZJHTJW-R,u30AA,オ,kana,extra32
FZBaiZJHTJW-R+u30AB.png,FZBaiZJHTJW-R,u30AB,カ,kana,extra32
FZBaiZJHTJW-R+u30AC.png,FZBaiZJHTJW-R,u30AC,ガ,kana,extra32
FZBaiZJHTJW-R+u30AD.png,FZBaiZJHTJW-R,u30AD,キ,kana,extra32
FZBaiZJHTJW-R+u30AE.png,FZBaiZJHTJW-R,u30AE,ギ,kana,extra32
FZBaiZJHTJW-R+u30AF.png,FZBaiZJHTJW-R,u30AF,ク,kana,extra32
FZBaiZJHTJW-R+u30B0.png,FZBaiZJHTJW-R,u30B0,グ,kana,extra32
FZBaiZJHTJW-R+u30B1.png,FZBaiZJHTJW-R,u30B1,ケ,kana,extra32
FZBaiZJHTJW-R+u30B2.png,FZBaiZJHTJW-R,u30B2,ゲ,kana,extra32
FZBaiZJHTJW-R+u30B3.png,FZBaiZJHTJW-R,u30B3,コ,kana,extra32
FZBaiZJHTJW-R+u30B4.png,FZBaiZJHTJW-R,u30B4,ゴ,kana,extra32
FZBaiZJHTJW-R+u30B5.png,FZBaiZJHTJW-R,u30B5,サ,kana,extra32
FZBaiZJHTJW-R+u30B6.png,FZBaiZJHTJW-R,u30B6,ザ,kana,extra32
FZBaiZJHTJW-R+u30B7.png,FZBaiZJHTJW-R,u30B7,シ,kana,extra32
FZBaiZJHTJW-R+u30B8.png,FZBaiZJHTJW-R,u30B8,ジ,kana,extra32
FZBaiZJHTJW-R+u30B9.png,FZBaiZJHTJW-R,u30B9,ス,kana,extra32
FZBaiZJHTJW-R+u30BA.png,FZBaiZJHTJW-R,u30BA,ズ,kana,extra32
FZBaiZJHTJW-R+u30BB.png,FZBaiZJHTJW-R,u30BB,セ,kana,extra32
FZBaiZJHTJW-R+u30BC.png,FZBaiZJHTJW-R,u30BC,ゼ,kana,extra32
FZBaiZJHTJW-R+u30BD.png,FZBaiZJHTJW-R,u30BD,ソ,kana,extra32
FZBaiZJHTJW-R+u30BE.png,FZBaiZJHTJW-R,u30BE,ゾ,kana,extra32
FZBaiZJHTJW-R+u30BF.png,FZBaiZJHTJW-R,u30BF,タ,kana,extra32
FZBaiZJHTJW-R+u30C0.png,FZBaiZJHTJW-R,u30C0,ダ,kana,extra32
FZBaiZJHTJW-R+u30C1.png,FZBaiZJHTJW-R,u30C1,チ,kana,extra32
FZBaiZJHTJW-R+u30C2.png,FZBaiZJHTJW-R,u30C2,ヂ,kana,extra32
FZBaiZJHTJW-R+u30C3.png,FZBaiZJHTJW-R,u30C3,ッ,kana,extra32
FZBaiZJHTJW-R+u30C4.png,FZBaiZJHTJW-R,u30C4,ツ,kana,extra32
FZBaiZJHTJW-R+u30C5.png,FZBaiZJHTJW-R,u30C5,ヅ,kana,extra32
FZBaiZJHTJW-R+u30C6.png,FZBaiZJHTJW-R,u30C6,テ,kana,extra32
FZBaiZJHTJW-R+u30C7.png,FZBaiZJHTJW-R,u30C7,デ,kana,extra32
FZBaiZJHTJW-R+u30C8.png,FZBaiZJHTJW-R,u30C8,ト,kana,extra32
FZBaiZJHTJW-R+u30C9.png,FZBaiZJHTJW-R,u30C9,ド,kana,extra32
FZBaiZJHTJW-R+u30CA.png,FZBaiZJHTJW-R,u30CA,ナ,kana,extra32
FZBaiZJHTJW-R+u30CB.png,FZBaiZJHTJW-R,u30CB,ニ,kana,extra32
FZBaiZJHTJW-R+u30CC.png,FZBaiZJHTJW-R,u30CC,ヌ,kana,extra32
FZBaiZJHTJW-R+u30CD.png,FZBaiZJHTJW-R,u30CD,ネ,kana,extra32
FZBaiZJHTJW-R+u30CE.png,FZBaiZJHTJW-R,u30CE,ノ,kana,extra32
FZBaiZJHTJW-R+u30CF.png,FZBaiZJHTJW-R,u30CF,ハ,kana,extra32
FZBaiZJHTJW-R+u30D0.png,FZBaiZJHTJW-R,u30D0,バ,kana,extra32
FZBaiZJHTJW-R+u30D1.png,FZBaiZJHTJW-R,u30D1,パ,kana,extra32
FZBaiZJHTJW-R+u30D2.png,FZBaiZJHTJW-R,u30D2,ヒ,kana,extra32
FZBaiZJHTJW-R+u30D3.png,FZBaiZJHTJW-R,u30D3,ビ,kana,extra32
FZBaiZJHTJW-R+u30D4.png,FZBaiZJHTJW-R,u30D4,ピ,kana,extra32
FZBaiZJHTJW-R+u30D5.png,FZBaiZJHTJW-R,u30D5,フ,kana,extra32
FZBaiZJHTJW-R+u30D6.png,FZBaiZJHTJW-R,u30D6,ブ,kana,extra32
FZBaiZJHTJW-R+u30D7.png,FZBaiZJHTJW-R,u30D7,プ,kana,extra32
FZBaiZJHTJW-R+u30D8.png,FZBaiZJHTJW-R,u30D8,ヘ,kana,extra32
FZBaiZJHTJW-R+u30D9.png,FZBaiZJHTJW-R,u30D9,ベ,kana,extra32
FZBaiZJHTJW-R+u30DA.png,FZBaiZJHTJW-R,u30DA,ペ,kana,extra32
FZBaiZJHTJW-R+u30DB.png,FZBaiZJHTJW-R,u30DB,ホ,kana,extra32
FZBaiZJHTJW-R+u30DC.png,FZBaiZJHTJW-R,u30DC,ボ,kana,extra32
FZBaiZJHTJW-R+u30DD.png,FZBaiZJHTJW-R,u30DD,ポ,kana,extra32
FZBaiZJHTJW-R+u30DE.png,FZBaiZJHTJW-R,u30DE,マ,kana,extra32
FZBaiZJHTJW-R+u30DF.png,FZBaiZJHTJW-R,u30DF,ミ,kana,extra32
FZBaiZJHTJW-R+u30E0.png,FZBaiZJHTJW-R,u30E0,ム,kana,extra32
FZBaiZJHTJW-R+u30E1.png,FZBaiZJHTJW-R,u30E1,メ,kana,extra32
FZBaiZJHTJW-R+u30E2.png,FZBaiZJHTJW-R,u30E2,モ,kana,extra32
FZBaiZJHTJW-R+u30E3.png,FZBaiZJHTJW-R,u30E3,ャ,kana,extra32
FZBaiZJHTJW-R+u30E4.png,FZBaiZJHTJW-R,u30E4,ヤ,kana,extra32
FZBaiZJHTJW-R+u30E5.png,FZBaiZJHTJW-R,u30E5,ュ,kana,extra32
FZBaiZJHTJW-R+u30E6.png,FZBaiZJHTJW-R,u30E6,ユ,kana,extra32
FZBaiZJHTJW-R+u30E7.png,FZBaiZJHTJW-R,u30E7,ョ,kana,extra32
FZBaiZJHTJW-R+u30E8.png,FZBaiZJHTJW-R,u30E8,ヨ,kana,extra32
FZBaiZJHTJW-R+u30E9.png,FZBaiZJHTJW-R,u30E9,ラ,kana,extra32
FZBaiZJHTJW-R+u30EA.png,FZBaiZJHTJW-R,u30EA,リ,kana,extra32
FZBaiZJHTJW-R+u30EB.png,FZBaiZJHTJW-R,u30EB,ル,kana,extra32
FZBaiZJHTJW-R+u30EC.png,FZBaiZJHTJW-R,u30EC,レ,kana,extra32
FZBaiZJHTJW-R+u30ED.png,FZBaiZJHTJW-R,u30ED,ロ,kana,extra32
FZBaiZJHTJW-R+u30EE.png,FZBaiZJHTJW-R,u30EE,ヮ,kana,extra32
FZBaiZJHTJW-R+u30EF.png,FZBaiZJHTJW-R,u30EF,ワ,kana,extra32
FZBaiZJHTJW-R+u30F0.png,FZBaiZJHTJW-R,u30F0,ヰ,kana,extra32
FZBaiZJHTJW-R+u30F1.png,FZBaiZJHTJW-R,u30F1,ヱ,kana,extra32
FZBaiZJHTJW-R+u30F2.png,FZBaiZJHTJW-R,u30F2,ヲ,kana,extra32
FZBaiZJHTJW-R+u30F3.png,FZBaiZJHTJW-R,u30F3,ン,kana,extra32
FZBaiZJHTJW-R+u30F4.png,FZBaiZJHTJW-R,u30F4,ヴ,kana,extra32
FZBaiZJHTJW-R+u30F5.png,FZBaiZJHTJW-R,u30F5,ヵ,kana,extra32
FZBaiZJHTJW-R+u30F6.png,FZBaiZJHTJW-R,u30F6,ヶ,kana,extra32
FZBaiZJHTJW-R+u3105.png,FZBaiZJHTJW-R,u3105,ㄅ,bopomofo,extra32
FZBaiZJHTJW-R+u3106.png,FZBaiZJHTJW-R,u3106,ㄆ,bopomofo,extra32
FZBaiZJHTJW-R+u3107.png,FZBaiZJHTJW-R,u3107,ㄇ,bopomofo,extra32
FZBaiZJHTJW-R+u3108.png,FZBaiZJHTJW-R,u3108,ㄈ,bopomofo,extra32
FZBaiZJHTJW-R+u3109.png,FZBaiZJHTJW-R,u3109,ㄉ,bopomofo,extra32
FZBaiZJHTJW-R+u310A.png,FZBaiZJHTJW-R,u310A,ㄊ,bopomofo,extra32
FZBaiZJHTJW-R+u310B.png,FZBaiZJHTJW-R,u310B,ㄋ,bopomofo,extra32
FZBaiZJHTJW-R+u310C.png,FZBaiZJHTJW-R,u310C,ㄌ,bopomofo,extra32
FZBaiZJHTJW-R+u310D.png,FZBaiZJHTJW-R,u310D,ㄍ,bopomofo,extra32
FZBaiZJHTJW-R+u310E.png,FZBaiZJHTJW-R,u310E,ㄎ,bopomofo,extra32
FZBaiZJHTJW-R+u310F.png,FZBaiZJHTJW-R,u310F,ㄏ,bopomofo,extra32
FZBaiZJHTJW-R+u3110.png,FZBaiZJHTJW-R,u3110,ㄐ,bopomofo,extra32
FZBaiZJHTJW-R+u3111.png,FZBaiZJHTJW-R,u3111,ㄑ,bopomofo,extra32
FZBaiZJHTJW-R+u3112.png,FZBaiZJHTJW-R,u3112,ㄒ,bopomofo,extra32
FZBaiZJHTJW-R+u3113.png,FZBaiZJHTJW-R,u3113,ㄓ,bopomofo,extra32
FZBaiZJHTJW-R+u3114.png,FZBaiZJHTJW-R,u3114,ㄔ,bopomofo,extra32
FZBaiZJHTJW-R+u3115.png,FZBaiZJHTJW-R,u3115,ㄕ,bopomofo,extra32
FZBaiZJHTJW-R+u3116.png,FZBaiZJHTJW-R,u3116,ㄖ,bopomofo,extra32
FZBaiZJHTJW-R+u3117.png,FZBaiZJHTJW-R,u3117,ㄗ,bopomofo,extra32
FZBaiZJHTJW-R+u3118.png,FZBaiZJHTJW-R,u3118,ㄘ,bopomofo,extra32
FZBaiZJHTJW-R+u3119.png,FZBaiZJHTJW-R,u3119,ㄙ,bopomofo,extra32
FZBaiZJHTJW-R+u311A.png,FZBaiZJHTJW-R,u311A,ㄚ,bopomofo,extra32
FZBaiZJHTJW-R+u311B.png,FZBaiZJHTJW-R,u311B,ㄛ,bopomofo,extra32
FZBaiZJHTJW-R+u311C.png,FZBaiZJHTJW-R,u311C,ㄜ,bopomofo,extra32
FZBaiZJHTJW-R+u311D.png,FZBaiZJHTJW-R,u311D,ㄝ,bopomofo,extra32
FZBaiZJHTJW-R+u311E.png,FZBaiZJHTJW-R,u311E,ㄞ,bopomofo,extra32
FZBaiZJHTJW-R+u311F.png,FZBaiZJHTJW-R,u311F,ㄟ,bopomofo,extra32
FZBaiZJHTJW-R+u3120.png,FZBaiZJHTJW-R,u3120,ㄠ,bopomofo,extra32
FZBaiZJHTJW-R+u3121.png,FZBaiZJHTJW-R,u3121,ㄡ,bopomofo,extra32
FZBaiZJHTJW-R+u3122.png,FZBaiZJHTJW-R,u3122,ㄢ,bopomofo,extra32
FZBaiZJHTJW-R+u3123.png,FZBaiZJHTJW-R,u3123,ㄣ,bopomofo,extra32
FZBaiZJHTJW-R+u3124.png,FZBaiZJHTJW-R,u3124,ㄤ,bopomofo,extra32
FZBaiZJHTJW-R+u3125.png,FZBaiZJHTJW-R,u3125,ㄥ,bopomofo,extra32
FZBaiZJHTJW-R+u3126.png,FZBaiZJHTJW-R,u3126,ㄦ,bopomofo,extra32
FZBaiZJHTJW-R+u3127.png,FZBaiZJHTJW-R,u3127,ㄧ,bopomofo,extra32
FZBaiZJHTJW-R+u3128.png,FZBaiZJHTJW-R,u3128,ㄨ,bopomofo,extra32
FZBaiZJHTJW-R+u3129.png,FZBaiZJHTJW-R,u3129,ㄩ,bopomofo,extra32
FZBangSXJW+u0030.png,FZBangSXJW,u0030,0,latin,extra32
FZBangSXJW+u0032.png,FZBangSXJW,u0032,2,latin,extra32
FZBangSXJW+u0033.png,FZBangSXJW,u0033,3,latin,extra32
FZBangSXJW+u0034.png,FZBangSXJW,u0034,4,latin,extra32
FZBangSXJW+u0035.png,FZBangSXJW,u0035,5,latin,extra32
FZBangSXJW+u0036.png,FZBangSXJW,u0036,6,latin,extra32
FZBangSXJW+u0037.png,FZBangSXJW,u0037,7,latin,extra32
FZBangSXJW+u0038.png,FZBangSXJW,u0038,8,latin,extra32
FZBangSXJW+u0039.png,FZBangSXJW,u0039,9,latin,extra32
FZBangSXJW+u0041.png,FZBangSXJW,u0041,A,latin,extra32
FZBangSXJW+u0042.png,FZBangSXJW,u0042,B,latin,extra32
FZBangSXJW+u0043.png,FZBangSXJW,u0043,C,latin,extra32
FZBangSXJW+u0044.png,FZBangSXJW,u0044,D,latin,extra32
FZBangSXJW+u0045.png,FZBangSXJW,u0045,E,latin,extra32
FZBangSXJW+u0046.png,FZBangSXJW,u0046,F,latin,extra32
FZBangSXJW+u0047.png,FZBangSXJW,u0047,G,latin,extra32
FZBangSXJW+u0048.png,FZBangSXJW,u0048,H,latin,extra32
FZBangSXJW+u0049.png,FZBangSXJW,u0049,I,latin,extra32
FZBangSXJW+u004A.png,FZBangSXJW,u004A,J,latin,extra32
FZBangSXJW+u004B.png,FZBangSXJW,u004B,K,latin,extra32
FZBangSXJW+u004C.png,FZBangSXJW,u004C,L,latin,extra32
FZBangSXJW+u004D.png,FZBangSXJW,u004D,M,latin,extra32
FZBangSXJW+u004E.png,FZBangSXJW,u004E,N,latin,extra32
FZBangSXJW+u004F.png,FZBangSXJW,u004F,O,latin,extra32
FZBangSXJW+u0050.png,FZBangSXJW,u0050,P,latin,extra32
FZBangSXJW+u0051.png,FZBangSXJW,u0051,Q,latin,extra32
FZBangSXJW+u0052.png,FZBangSXJW,u0052,R,latin,extra32
FZBangSXJW+u0053.png,FZBangSXJW,u0053,S,latin,extra32
FZBangSXJW+u0055.png,FZBangSXJW,u0055,U,latin,extra32
FZBangSXJW+u0056.png,FZBangSXJW,u0056,V,latin,extra32
FZBangSXJW+u0057.png,FZBangSXJW,u0057,W,latin,extra32
FZBangSXJW+u0059.png,FZBangSXJW,u0059,Y,latin,extra32
FZBangSXJW+u005A.png,FZBangSXJW,u005A,Z,latin,extra32
FZBangSXJW+u0062.png,FZBangSXJW,u0062,b,latin,extra32
FZBangSXJW+u0063.png,FZBangSXJW,u0063,c,latin,extra32
FZBangSXJW+u0065.png,FZBangSXJW,u0065,e,latin,extra32
FZBangSXJW+u0066.png,FZBangSXJW,u0066,f,latin,extra32
FZBangSXJW+u0067.png,FZBangSXJW,u0067,g,latin,extra32
FZBangSXJW+u0068.png,FZBangSXJW,u0068,h,latin,extra32
FZBangSXJW+u0069.png,FZBangSXJW,u0069,i,latin,extra32
FZBangSXJW+u006A.png,FZBangSXJW,u006A,j,latin,extra32
FZBangSXJW+u006C.png,FZBangSXJW,u006C,l,latin,extra32
FZBangSXJW+u006D.png,FZBangSXJW,u006D,m,latin,extra32
FZBangSXJW+u006E.png,FZBangSXJW,u006E,n,latin,extra32
FZBangSXJW+u006F.png,FZBangSXJW,u006F,o,latin,extra32
FZBangSXJW+u0070.png,FZBangSXJW,u0070,p,latin,extra32
FZBangSXJW+u0071.png,FZBangSXJW,u0071,q,latin,extra32
FZBangSXJW+u0072.png,FZBangSXJW,u0072,r,latin,extra32
FZBangSXJW+u0073.png,FZBangSXJW,u0073,s,latin,extra32
FZBangSXJW+u0074.png,FZBangSXJW,u0074,t,latin,extra32
FZBangSXJW+u0076.png,FZBangSXJW,u0076,v,latin,extra32
FZBangSXJW+u0077.png,FZBangSXJW,u0077,w,latin,extra32
FZBangSXJW+u0078.png,FZBangSXJW,u0078,x,latin,extra32
FZBangSXJW+u007A.png,FZBangSXJW,u007A,z,latin,extra32
FZBangSXJW+u00E1.png,FZBangSXJW,u00E1,á,latin,extra32
FZBangSXJW+u00E8.png,FZBangSXJW,u00E8,è,latin,extra32
FZBangSXJW+u00E9.png,FZBangSXJW,u00E9,é,latin,extra32
FZBangSXJW+u00EA.png,FZBangSXJW,u00EA,ê,latin,extra32
FZBangSXJW+u00ED.png,FZBangSXJW,u00ED,í,latin,extra32
FZBangSXJW+u00F2.png,FZBangSXJW,u00F2,ò,latin,extra32
FZBangSXJW+u00F3.png,FZBangSXJW,u00F3,ó,latin,extra32
FZBangSXJW+u00F9.png,FZBangSXJW,u00F9,ù,latin,extra32
FZBangSXJW+u00FA.png,FZBangSXJW,u00FA,ú,latin,extra32
FZBangSXJW+u00FC.png,FZBangSXJW,u00FC,ü,latin,extra32
FZBangSXJW+u0101.png,FZBangSXJW,u0101,ā,latin,extra32
FZBangSXJW+u0113.png,FZBangSXJW,u0113,ē,latin,extra32
FZBangSXJW+u011B.png,FZBangSXJW,u011B,ě,latin,extra32
FZBangSXJW+u012B.png,FZBangSXJW,u012B,ī,latin,extra32
FZBangSXJW+u0144.png,FZBangSXJW,u0144,ń,latin,extra32
FZBangSXJW+u0148.png,FZBangSXJW,u0148,ň,latin,extra32
FZBangSXJW+u014D.png,FZBangSXJW,u014D,ō,latin,extra32
FZBangSXJW+u016B.png,FZBangSXJW,u016B,ū,latin,extra32
FZBangSXJW+u01CE.png,FZBangSXJW,u01CE,ǎ,latin,extra32
FZBangSXJW+u01D0.png,FZBangSXJW,u01D0,ǐ,latin,extra32
FZBangSXJW+u01D2.png,FZBangSXJW,u01D2,ǒ,latin,extra32
FZBangSXJW+u01D6.png,FZBangSXJW,u01D6,ǖ,latin,extra32
FZBangSXJW+u01D8.png,FZBangSXJW,u01D8,ǘ,latin,extra32
FZBangSXJW+u01DA.png,FZBangSXJW,u01DA,ǚ,latin,extra32
FZChaoLTJW_Xian+u0030.png,FZChaoLTJW_Xian,u0030,0,latin,extra32
FZChaoLTJW_Xian+u0032.png,FZChaoLTJW_Xian,u0032,2,latin,extra32
FZChaoLTJW_Xian+u0033.png,FZChaoLTJW_Xian,u0033,3,latin,extra32
FZChaoLTJW_Xian+u0034.png,FZChaoLTJW_Xian,u0034,4,latin,extra32
FZChaoLTJW_Xian+u0035.png,FZChaoLTJW_Xian,u0035,5,latin,extra32
FZChaoLTJW_Xian+u0036.png,FZChaoLTJW_Xian,u0036,6,latin,extra32
FZChaoLTJW_Xian+u0037.png,FZChaoLTJW_Xian,u0037,7,latin,extra32
FZChaoLTJW_Xian+u0038.png,FZChaoLTJW_Xian,u0038,8,latin,extra32
FZChaoLTJW_Xian+u0039.png,FZChaoLTJW_Xian,u0039,9,latin,extra32
FZChaoLTJW_Xian+u0041.png,FZChaoLTJW_Xian,u0041,A,latin,extra32
FZChaoLTJW_Xian+u0042.png,FZChaoLTJW_Xian,u0042,B,latin,extra32
FZChaoLTJW_Xian+u0043.png,FZChaoLTJW_Xian,u0043,C,latin,extra32
FZChaoLTJW_Xian+u0044.png,FZChaoLTJW_Xian,u0044,D,latin,extra32
FZChaoLTJW_Xian+u0045.png,FZChaoLTJW_Xian,u0045,E,latin,extra32
FZChaoLTJW_Xian+u0046.png,FZChaoLTJW_Xian,u0046,F,latin,extra32
FZChaoLTJW_Xian+u0047.png,FZChaoLTJW_Xian,u0047,G,latin,extra32
FZChaoLTJW_Xian+u0048.png,FZChaoLTJW_Xian,u0048,H,latin,extra32
FZChaoLTJW_Xian+u0049.png,FZChaoLTJW_Xian,u0049,I,latin,extra32
FZChaoLTJW_Xian+u004A.png,FZChaoLTJW_Xian,u004A,J,latin,extra32
FZChaoLTJW_Xian+u004B.png,FZChaoLTJW_Xian,u004B,K,latin,extra32
FZChaoLTJW_Xian+u004C.png,FZChaoLTJW_Xian,u004C,L,latin,extra32
FZChaoLTJW_Xian+u004D.png,FZChaoLTJW_Xian,u004D,M,latin,extra32
FZChaoLTJW_Xian+u004E.png,FZChaoLTJW_Xian,u004E,N,latin,extra32
FZChaoLTJW_Xian+u004F.png,FZChaoLTJW_Xian,u004F,O,latin,extra32
FZChaoLTJW_Xian+u0050.png,FZChaoLTJW_Xian,u0050,P,latin,extra32
FZChaoLTJW_Xian+u0051.png,FZChaoLTJW_Xian,u0051,Q,latin,extra32
FZChaoLTJW_Xian+u0052.png,FZChaoLTJW_Xian,u0052,R,latin,extra32
FZChaoLTJW_Xian+u0053.png,FZChaoLTJW_Xian,u0053,S,latin,extra32
FZChaoLTJW_Xian+u0055.png,FZChaoLTJW_Xian,u0055,U,latin,extra32
FZChaoLTJW_Xian+u0056.png,FZChaoLTJW_Xian,u0056,V,latin,extra32
FZChaoLTJW_Xian+u0057.png,FZChaoLTJW_Xian,u0057,W,latin,extra32
FZChaoLTJW_Xian+u0059.png,FZChaoLTJW_Xian,u0059,Y,latin,extra32
FZChaoLTJW_Xian+u005A.png,FZChaoLTJW_Xian,u005A,Z,latin,extra32
FZChaoLTJW_Xian+u0062.png,FZChaoLTJW_Xian,u0062,b,latin,extra32
FZChaoLTJW_Xian+u0063.png,FZChaoLTJW_Xian,u0063,c,latin,extra32
FZChaoLTJW_Xian+u0065.png,FZChaoLTJW_Xian,u0065,e,latin,extra32
FZChaoLTJW_Xian+u0066.png,FZChaoLTJW_Xian,u0066,f,latin,extra32
FZChaoLTJW_Xian+u0067.png,FZChaoLTJW_Xian,u0067,g,latin,extra32
FZChaoLTJW_Xian+u0068.png,FZChaoLTJW_Xian,u0068,h,latin,extra32
FZChaoLTJW_Xian+u0069.png,FZChaoLTJW_Xian,u0069,i,latin,extra32
FZChaoLTJW_Xian+u006A.png,FZChaoLTJW_Xian,u006A,j,latin,extra32
FZChaoLTJW_Xian+u006C.png,FZChaoLTJW_Xian,u006C,l,latin,extra32
FZChaoLTJW_Xian+u006D.png,FZChaoLTJW_Xian,u006D,m,latin,extra32
FZChaoLTJW_Xian+u006E.png,FZChaoLTJW_Xian,u006E,n,latin,extra32
FZChaoLTJW_Xian+u006F.png,FZChaoLTJW_Xian,u006F,o,latin,extra32
FZChaoLTJW_Xian+u0070.png,FZChaoLTJW_Xian,u0070,p,latin,extra32
FZChaoLTJW_Xian+u0071.png,FZChaoLTJW_Xian,u0071,q,latin,extra32
FZChaoLTJW_Xian+u0072.png,FZChaoLTJW_Xian,u0072,r,latin,extra32
FZChaoLTJW_Xian+u0073.png,FZChaoLTJW_Xian,u0073,s,latin,extra32
FZChaoLTJW_Xian+u0074.png,FZChaoLTJW_Xian,u0074,t,latin,extra32
FZChaoLTJW_Xian+u0076.png,FZChaoLTJW_Xian,u0076,v,latin,extra32
FZChaoLTJW_Xian+u0077.png,FZChaoLTJW_Xian,u0077,w,latin,extra32
FZChaoLTJW_Xian+u0078.png,FZChaoLTJW_Xian,u0078,x,latin,extra32
FZChaoLTJW_Xian+u007A.png,FZChaoLTJW_Xian,u007A,z,latin,extra32
FZChaoLTJW_Xian+u00E1.png,FZChaoLTJW_Xian,u00E1,á,latin,extra32
FZChaoLTJW_Xian+u00E8.png,FZChaoLTJW_Xian,u00E8,è,latin,extra32
FZChaoLTJW_Xian+u00E9.png,FZChaoLTJW_Xian,u00E9,é,latin,extra32
FZChaoLTJW_Xian+u00EA.png,FZChaoLTJW_Xian,u00EA,ê,latin,extra32
FZChaoLTJW_Xian+u00ED.png,FZChaoLTJW_Xian,u00ED,í,latin,extra32
FZChaoLTJW_Xian+u00F2.png,FZChaoLTJW_Xian,u00F2,ò,latin,extra32
FZChaoLTJW_Xian+u00F3.png,FZChaoLTJW_Xian,u00F3,ó,latin,extra32
FZChaoLTJW_Xian+u00F9.png,FZChaoLTJW_Xian,u00F9,ù,latin,extra32
FZChaoLTJW_Xian+u00FA.png,FZChaoLTJW_Xian,u00FA,ú,latin,extra32
FZChaoLTJW_Xian+u00FC.png,FZChaoLTJW_Xian,u00FC,ü,latin,extra32
FZChaoLTJW_Xian+u0101.png,FZChaoLTJW_Xian,u0101,ā,latin,extra32
FZChaoLTJW_Xian+u0113.png,FZChaoLTJW_Xian,u0113,ē,latin,extra32
FZChaoLTJW_Xian+u011B.png,FZChaoLTJW_Xian,u011B,ě,latin,extra32
FZChaoLTJW_Xian+u012B.png,FZChaoLTJW_Xian,u012B,ī,latin,extra32
FZChaoLTJW_Xian+u0144.png,FZChaoLTJW_Xian,u0144,ń,latin,extra32
FZChaoLTJW_Xian+u0148.png,FZChaoLTJW_Xian,u0148,ň,latin,extra32
FZChaoLTJW_Xian+u014D.png,FZChaoLTJW_Xian,u014D,ō,latin,extra32
FZChaoLTJW_Xian+u016B.png,FZChaoLTJW_Xian,u016B,ū,latin,extra32
FZChaoLTJW_Xian+u01CE.png,FZChaoLTJW_Xian,u01CE,ǎ,latin,extra32
FZChaoLTJW_Xian+u01D0.png,FZChaoLTJW_Xian,u01D0,ǐ,latin,extra32
FZChaoLTJW_Xian+u01D2.png,FZChaoLTJW_Xian,u01D2,ǒ,latin,extra32
FZChaoLTJW_Xian+u01D6.png,FZChaoLTJW_Xian,u01D6,ǖ,latin,extra32
FZChaoLTJW_Xian+u01D8.png,FZChaoLTJW_Xian,u01D8,ǘ,latin,extra32
FZChaoLTJW_Xian+u01DA.png,FZChaoLTJW_Xian,u01DA,ǚ,latin,extra32
FZChaoLTJW_Xian+u3041.png,FZChaoLTJW_Xian,u3041,ぁ,kana,extra32
FZChaoLTJW_Xian+u3042.png,FZChaoLTJW_Xian,u3042,あ,kana,extra32
FZChaoLTJW_Xian+u3043.png,FZChaoLTJW_Xian,u3043,ぃ,kana,extra32
FZChaoLTJW_Xian+u3044.png,FZChaoLTJW_Xian,u3044,い,kana,extra32
FZChaoLTJW_Xian+u3045.png,FZChaoLTJW_Xian,u3045,ぅ,kana,extra32
FZChaoLTJW_Xian+u3046.png,FZChaoLTJW_Xian,u3046,う,kana,extra32
FZChaoLTJW_Xian+u3047.png,FZChaoLTJW_Xian,u3047,ぇ,kana,extra32
FZChaoLTJW_Xian+u3048.png,FZChaoLTJW_Xian,u3048,え,kana,extra32
FZChaoLTJW_Xian+u3049.png,FZChaoLTJW_Xian,u3049,ぉ,kana,extra32
FZChaoLTJW_Xian+u304A.png,FZChaoLTJW_Xian,u304A,お,kana,extra32
FZChaoLTJW_Xian+u304B.png,FZChaoLTJW_Xian,u304B,か,kana,extra32
FZChaoLTJW_Xian+u304C.png,FZChaoLTJW_Xian,u304C,が,kana,extra32
FZChaoLTJW_Xian+u304D.png,FZChaoLTJW_Xian,u304D,き,kana,extra32
FZChaoLTJW_Xian+u304E.png,FZChaoLTJW_Xian,u304E,ぎ,kana,extra32
FZChaoLTJW_Xian+u304F.png,FZChaoLTJW_Xian,u304F,く,kana,extra32
FZChaoLTJW_Xian+u3050.png,FZChaoLTJW_Xian,u3050,ぐ,kana,extra32
FZChaoLTJW_Xian+u3051.png,FZChaoLTJW_Xian,u3051,け,kana,extra32
FZChaoLTJW_Xian+u3052.png,FZChaoLTJW_Xian,u3052,げ,kana,extra32
FZChaoLTJW_Xian+u3053.png,FZChaoLTJW_Xian,u3053,こ,kana,extra32
FZChaoLTJW_Xian+u3054.png,FZChaoLTJW_Xian,u3054,ご,kana,extra32
FZChaoLTJW_Xian+u3055.png,FZChaoLTJW_Xian,u3055,さ,kana,extra32
FZChaoLTJW_Xian+u3056.png,FZChaoLTJW_Xian,u3056,ざ,kana,extra32
FZChaoLTJW_Xian+u3057.png,FZChaoLTJW_Xian,u3057,し,kana,extra32
FZChaoLTJW_Xian+u3058.png,FZChaoLTJW_Xian,u3058,じ,kana,extra32
FZChaoLTJW_Xian+u3059.png,FZChaoLTJW_Xian,u3059,す,kana,extra32
FZChaoLTJW_Xian+u305A.png,FZChaoLTJW_Xian,u305A,ず,kana,extra32
FZChaoLTJW_Xian+u305B.png,FZChaoLTJW_Xian,u305B,せ,kana,extra32
FZChaoLTJW_Xian+u305C.png,FZChaoLTJW_Xian,u305C,ぜ,kana,extra32
FZChaoLTJW_Xian+u305D.png,FZChaoLTJW_Xian,u305D,そ,kana,extra32
FZChaoLTJW_Xian+u305E.png,FZChaoLTJW_Xian,u305E,ぞ,kana,extra32
FZChaoLTJW_Xian+u305F.png,FZChaoLTJW_Xian,u305F,た,kana,extra32
FZChaoLTJW_Xian+u3060.png,FZChaoLTJW_Xian,u3060,だ,kana,extra32
FZChaoLTJW_Xian+u3061.png,FZChaoLTJW_Xian,u3061,ち,kana,extra32
FZChaoLTJW_Xian+u3062.png,FZChaoLTJW_Xian,u3062,ぢ,kana,extra32
FZChaoLTJW_Xian+u3063.png,FZChaoLTJW_Xian,u3063,っ,kana,extra32
FZChaoLTJW_Xian+u3064.png,FZChaoLTJW_Xian,u3064,つ,kana,extra32
FZChaoLTJW_Xian+u3065.png,FZChaoLTJW_Xian,u3065,づ,kana,extra32
FZChaoLTJW_Xian+u3066.png,FZChaoLTJW_Xian,u3066,て,kana,extra32
FZChaoLTJW_Xian+u3067.png,FZChaoLTJW_Xian,u3067,で,kana,extra32
FZChaoLTJW_Xian+u3068.png,FZChaoLTJW_Xian,u3068,と,kana,extra32
FZChaoLTJW_Xian+u3069.png,FZChaoLTJW_Xian,u3069,ど,kana,extra32
FZChaoLTJW_Xian+u306A.png,FZChaoLTJW_Xian,u306A,な,kana,extra32
FZChaoLTJW_Xian+u306B.png,FZChaoLTJW_Xian,u306B,に,kana,extra32
FZChaoLTJW_Xian+u306C.png,FZChaoLTJW_Xian,u306C,ぬ,kana,extra32
FZChaoLTJW_Xian+u306D.png,FZChaoLTJW_Xian,u306D,ね,kana,extra32
FZChaoLTJW_Xian+u306E.png,FZChaoLTJW_Xian,u306E,の,kana,extra32
FZChaoLTJW_Xian+u306F.png,FZChaoLTJW_Xian,u306F,は,kana,extra32
FZChaoLTJW_Xian+u3070.png,FZChaoLTJW_Xian,u3070,ば,kana,extra32
FZChaoLTJW_Xian+u3071.png,FZChaoLTJW_Xian,u3071,ぱ,kana,extra32
FZChaoLTJW_Xian+u3072.png,FZChaoLTJW_Xian,u3072,ひ,kana,extra32
FZChaoLTJW_Xian+u3073.png,FZChaoLTJW_Xian,u3073,び,kana,extra32
FZChaoLTJW_Xian+u3074.png,FZChaoLTJW_Xian,u3074,ぴ,kana,extra32
FZChaoLTJW_Xian+u3075.png,FZChaoLTJW_Xian,u3075,ふ,kana,extra32
FZChaoLTJW_Xian+u3076.png,FZChaoLTJW_Xian,u3076,ぶ,kana,extra32
FZChaoLTJW_Xian+u3077.png,FZChaoLTJW_Xian,u3077,ぷ,kana,extra32
FZChaoLTJW_Xian+u3078.png,FZChaoLTJW_Xian,u3078,へ,kana,extra32
FZChaoLTJW_Xian+u3079.png,FZChaoLTJW_Xian,u3079,べ,kana,extra32
FZChaoLTJW_Xian+u307A.png,FZChaoLTJW_Xian,u307A,ぺ,kana,extra32
FZChaoLTJW_Xian+u307B.png,FZChaoLTJW_Xian,u307B,ほ,kana,extra32
FZChaoLTJW_Xian+u307C.png,FZChaoLTJW_Xian,u307C,ぼ,kana,extra32
FZChaoLTJW_Xian+u307D.png,FZChaoLTJW_Xian,u307D,ぽ,kana,extra32
FZChaoLTJW_Xian+u307E.png,FZChaoLTJW_Xian,u307E,ま,kana,extra32
FZChaoLTJW_Xian+u307F.png,FZChaoLTJW_Xian,u307F,み,kana,extra32
FZChaoLTJW_Xian+u3080.png,FZChaoLTJW_Xian,u3080,む,kana,extra32
FZChaoLTJW_Xian+u3081.png,FZChaoLTJW_Xian,u3081,め,kana,extra32
FZChaoLTJW_Xian+u3082.png,FZChaoLTJW_Xian,u3082,も,kana,extra32
FZChaoLTJW_Xian+u3083.png,FZChaoLTJW_Xian,u3083,ゃ,kana,extra32
FZChaoLTJW_Xian+u3084.png,FZChaoLTJW_Xian,u3084,や,kana,extra32
FZChaoLTJW_Xian+u3085.png,FZChaoLTJW_Xian,u3085,ゅ,kana,extra32
FZChaoLTJW_Xian+u3086.png,FZChaoLTJW_Xian,u3086,ゆ,kana,extra32
FZChaoLTJW_Xian+u3087.png,FZChaoLTJW_Xian,u3087,ょ,kana,extra32
FZChaoLTJW_Xian+u3088.png,FZChaoLTJW_Xian,u3088,よ,kana,extra32
FZChaoLTJW_Xian+u3089.png,FZChaoLTJW_Xian,u3089,ら,kana,extra32
FZChaoLTJW_Xian+u308A.png,FZChaoLTJW_Xian,u308A,り,kana,extra32
FZChaoLTJW_Xian+u308B.png,FZChaoLTJW_Xian,u308B,る,kana,extra32
FZChaoLTJW_Xian+u308C.png,FZChaoLTJW_Xian,u308C,れ,kana,extra32
FZChaoLTJW_Xian+u308D.png,FZChaoLTJW_Xian,u308D,ろ,kana,extra32
FZChaoLTJW_Xian+u308E.png,FZChaoLTJW_Xian,u308E,ゎ,kana,extra32
FZChaoLTJW_Xian+u308F.png,FZChaoLTJW_Xian,u308F,わ,kana,extra32
FZChaoLTJW_Xian+u3090.png,FZChaoLTJW_Xian,u3090,ゐ,kana,extra32
FZChaoLTJW_Xian+u3091.png,FZChaoLTJW_Xian,u3091,ゑ,kana,extra32
FZChaoLTJW_Xian+u3092.png,FZChaoLTJW_Xian,u3092,を,kana,extra32
FZChaoLTJW_Xian+u3093.png,FZChaoLTJW_Xian,u3093,ん,kana,extra32
FZChaoZTJW_B+u0030.png,FZChaoZTJW_B,u0030,0,latin,extra32
FZChaoZTJW_B+u0032.png,FZChaoZTJW_B,u0032,2,latin,extra32
FZChaoZTJW_B+u0033.png,FZChaoZTJW_B,u0033,3,latin,extra32
FZChaoZTJW_B+u0034.png,FZChaoZTJW_B,u0034,4,latin,extra32
FZChaoZTJW_B+u0035.png,FZChaoZTJW_B,u0035,5,latin,extra32
FZChaoZTJW_B+u0036.png,FZChaoZTJW_B,u0036,6,latin,extra32
FZChaoZTJW_B+u0037.png,FZChaoZTJW_B,u0037,7,latin,extra32
FZChaoZTJW_B+u0038.png,FZChaoZTJW_B,u0038,8,latin,extra32
FZChaoZTJW_B+u0039.png,FZChaoZTJW_B,u0039,9,latin,extra32
FZChaoZTJW_B+u0041.png,FZChaoZTJW_B,u0041,A,latin,extra32
FZChaoZTJW_B+u0042.png,FZChaoZTJW_B,u0042,B,latin,extra32
FZChaoZTJW_B+u0043.png,FZChaoZTJW_B,u0043,C,latin,extra32
FZChaoZTJW_B+u0044.png,FZChaoZTJW_B,u0044,D,latin,extra32
FZChaoZTJW_B+u0045.png,FZChaoZTJW_B,u0045,E,latin,extra32
FZChaoZTJW_B+u0046.png,FZChaoZTJW_B,u0046,F,latin,extra32
FZChaoZTJW_B+u0047.png,FZChaoZTJW_B,u0047,G,latin,extra32
FZChaoZTJW_B+u0048.png,FZChaoZTJW_B,u0048,H,latin,extra32
FZChaoZTJW_B+u0049.png,FZChaoZTJW_B,u0049,I,latin,extra32
FZChaoZTJW_B+u004A.png,FZChaoZTJW_B,u004A,J,latin,extra32
FZChaoZTJW_B+u004B.png,FZChaoZTJW_B,u004B,K,latin,extra32
FZChaoZTJW_B+u004C.png,FZChaoZTJW_B,u004C,L,latin,extra32
FZChaoZTJW_B+u004D.png,FZChaoZTJW_B,u004D,M,latin,extra32
FZChaoZTJW_B+u004E.png,FZChaoZTJW_B,u004E,N,latin,extra32
FZChaoZTJW_B+u004F.png,FZChaoZTJW_B,u004F,O,latin,extra32
FZChaoZTJW_B+u0050.png,FZChaoZTJW_B,u0050,P,latin,extra32
FZChaoZTJW_B+u0051.png,FZChaoZTJW_B,u0051,Q,latin,extra32
FZChaoZTJW_B+u0052.png,FZChaoZTJW_B,u0052,R,latin,extra32
FZChaoZTJW_B+u0053.png,FZChaoZTJW_B,u0053,S,latin,extra32
FZChaoZTJW_B+u0055.png,FZChaoZTJW_B,u0055,U,latin,extra32
FZChaoZTJW_B+u0056.png,FZChaoZTJW_B,u0056,V,latin,extra32
FZChaoZTJW_B+u0057.png,FZChaoZTJW_B,u0057,W,latin,extra32
FZChaoZTJW_B+u0059.png,FZChaoZTJW_B,u0059,Y,latin,extra32
FZChaoZTJW_B+u005A.png,FZChaoZTJW_B,u005A,Z,latin,extra32
FZChaoZTJW_B+u0062.png,FZChaoZTJW_B,u0062,b,latin,extra32
FZChaoZTJW_B+u0063.png,FZChaoZTJW_B,u0063,c,latin,extra32
FZChaoZTJW_B+u0065.png,FZChaoZTJW_B,u0065,e,latin,extra32
FZChaoZTJW_B+u0066.png,FZChaoZTJW_B,u0066,f,latin,extra32
FZChaoZTJW_B+u0067.png,FZChaoZTJW_B,u0067,g,latin,extra32
FZChaoZTJW_B+u0068.png,FZChaoZTJW_B,u0068,h,latin,extra32
FZChaoZTJW_B+u0069.png,FZChaoZTJW_B,u0069,i,latin,extra32
FZChaoZTJW_B+u006A.png,FZChaoZTJW_B,u006A,j,latin,extra32
FZChaoZTJW_B+u006C.png,FZChaoZTJW_B,u006C,l,latin,extra32
FZChaoZTJW_B+u006D.png,FZChaoZTJW_B,u006D,m,latin,extra32
FZChaoZTJW_B+u006E.png,FZChaoZTJW_B,u006E,n,latin,extra32
FZChaoZTJW_B+u006F.png,FZChaoZTJW_B,u006F,o,latin,extra32
FZChaoZTJW_B+u0070.png,FZChaoZTJW_B,u0070,p,latin,extra32
FZChaoZTJW_B+u0071.png,FZChaoZTJW_B,u0071,q,latin,extra32
FZChaoZTJW_B+u0072.png,FZChaoZTJW_B,u0072,r,latin,extra32
FZChaoZTJW_B+u0073.png,FZChaoZTJW_B,u0073,s,latin,extra32
FZChaoZTJW_B+u0074.png,FZChaoZTJW_B,u0074,t,latin,extra32
FZChaoZTJW_B+u0076.png,FZChaoZTJW_B,u0076,v,latin,extra32
FZChaoZTJW_B+u0077.png,FZChaoZTJW_B,u0077,w,latin,extra32
FZChaoZTJW_B+u0078.png,FZChaoZTJW_B,u0078,x,latin,extra32
FZChaoZTJW_B+u007A.png,FZChaoZTJW_B,u007A,z,latin,extra32
FZChaoZTJW_B+u00E1.png,FZChaoZTJW_B,u00E1,á,latin,extra32
FZChaoZTJW_B+u00E8.png,FZChaoZTJW_B,u00E8,è,latin,extra32
FZChaoZTJW_B+u00E9.png,FZChaoZTJW_B,u00E9,é,latin,extra32
FZChaoZTJW_B+u00EA.png,FZChaoZTJW_B,u00EA,ê,latin,extra32
FZChaoZTJW_B+u00ED.png,FZChaoZTJW_B,u00ED,í,latin,extra32
FZChaoZTJW_B+u00F2.png,FZChaoZTJW_B,u00F2,ò,latin,extra32
FZChaoZTJW_B+u00F3.png,FZChaoZTJW_B,u00F3,ó,latin,extra32
FZChaoZTJW_B+u00F9.png,FZChaoZTJW_B,u00F9,ù,latin,extra32
FZChaoZTJW_B+u00FA.png,FZChaoZTJW_B,u00FA,ú,latin,extra32
FZChaoZTJW_B+u00FC.png,FZChaoZTJW_B,u00FC,ü,latin,extra32
FZChaoZTJW_B+u0101.png,FZChaoZTJW_B,u0101,ā,latin,extra32
FZChaoZTJW_B+u0113.png,FZChaoZTJW_B,u0113,ē,latin,extra32
FZChaoZTJW_B+u011B.png,FZChaoZTJW_B,u011B,ě,latin,extra32
FZChaoZTJW_B+u012B.png,FZChaoZTJW_B,u012B,ī,latin,extra32
FZChaoZTJW_B+u0144.png,FZChaoZTJW_B,u0144,ń,latin,extra32
FZChaoZTJW_B+u0148.png,FZChaoZTJW_B,u0148,ň,latin,extra32
FZChaoZTJW_B+u014D.png,FZChaoZTJW_B,u014D,ō,latin,extra32
FZChaoZTJW_B+u016B.png,FZChaoZTJW_B,u016B,ū,latin,extra32
FZChaoZTJW_B+u01CE.png,FZChaoZTJW_B,u01CE,ǎ,latin,extra32
FZChaoZTJW_B+u01D0.png,FZChaoZTJW_B,u01D0,ǐ,latin,extra32
FZChaoZTJW_B+u01D2.png,FZChaoZTJW_B,u01D2,ǒ,latin,extra32
FZChaoZTJW_B+u01D6.png,FZChaoZTJW_B,u01D6,ǖ,latin,extra32
FZChaoZTJW_B+u01D8.png,FZChaoZTJW_B,u01D8,ǘ,latin,extra32
FZChaoZTJW_B+u01DA.png,FZChaoZTJW_B,u01DA,ǚ,latin,extra32
FZChaoZTJW_B+u3041.png,FZChaoZTJW_B,u3041,ぁ,kana,extra32
FZChaoZTJW_B+u3042.png,FZChaoZTJW_B,u3042,あ,kana,extra32
FZChaoZTJW_B+u3043.png,FZChaoZTJW_B,u3043,ぃ,kana,extra32
FZChaoZTJW_B+u3044.png,FZChaoZTJW_B,u3044,い,kana,extra32
FZChaoZTJW_B+u3045.png,FZChaoZTJW_B,u3045,ぅ,kana,extra32
FZChaoZTJW_B+u3046.png,FZChaoZTJW_B,u3046,う,kana,extra32
FZChaoZTJW_B+u3047.png,FZChaoZTJW_B,u3047,ぇ,kana,extra32
FZChaoZTJW_B+u3048.png,FZChaoZTJW_B,u3048,え,kana,extra32
FZChaoZTJW_B+u3049.png,FZChaoZTJW_B,u3049,ぉ,kana,extra32
FZChaoZTJW_B+u304A.png,FZChaoZTJW_B,u304A,お,kana,extra32
FZChaoZTJW_B+u304B.png,FZChaoZTJW_B,u304B,か,kana,extra32
FZChaoZTJW_B+u304C.png,FZChaoZTJW_B,u304C,が,kana,extra32
FZChaoZTJW_B+u304D.png,FZChaoZTJW_B,u304D,き,kana,extra32
FZChaoZTJW_B+u304E.png,FZChaoZTJW_B,u304E,ぎ,kana,extra32
FZChaoZTJW_B+u304F.png,FZChaoZTJW_B,u304F,く,kana,extra32
FZChaoZTJW_B+u3050.png,FZChaoZTJW_B,u3050,ぐ,kana,extra32
FZChaoZTJW_B+u3051.png,FZChaoZTJW_B,u3051,け,kana,extra32
FZChaoZTJW_B+u3052.png,FZChaoZTJW_B,u3052,げ,kana,extra32
FZChaoZTJW_B+u3053.png,FZChaoZTJW_B,u3053,こ,kana,extra32
FZChaoZTJW_B+u3054.png,FZChaoZTJW_B,u3054,ご,kana,extra32
FZChaoZTJW_B+u3055.png,FZChaoZTJW_B,u3055,さ,kana,extra32
FZChaoZTJW_B+u3056.png,FZChaoZTJW_B,u3056,ざ,kana,extra32
FZChaoZTJW_B+u3057.png,FZChaoZTJW_B,u3057,し,kana,extra32
FZChaoZTJW_B+u3058.png,FZChaoZTJW_B,u3058,じ,kana,extra32
FZChaoZTJW_B+u3059.png,FZChaoZTJW_B,u3059,す,kana,extra32
FZChaoZTJW_B+u305A.png,FZChaoZTJW_B,u305A,ず,kana,extra32
FZChaoZTJW_B+u305B.png,FZChaoZTJW_B,u305B,せ,kana,extra32
FZChaoZTJW_B+u305C.png,FZChaoZTJW_B,u305C,ぜ,kana,extra32
FZChaoZTJW_B+u305D.png,FZChaoZTJW_B,u305D,そ,kana,extra32
FZChaoZTJW_B+u305E.png,FZChaoZTJW_B,u305E,ぞ,kana,extra32
FZChaoZTJW_B+u305F.png,FZChaoZTJW_B,u305F,た,kana,extra32
FZChaoZTJW_B+u3060.png,FZChaoZTJW_B,u3060,だ,kana,extra32
FZChaoZTJW_B+u3061.png,FZChaoZTJW_B,u3061,ち,kana,extra32
FZChaoZTJW_B+u3062.png,FZChaoZTJW_B,u3062,ぢ,kana,extra32
FZChaoZTJW_B+u3063.png,FZChaoZTJW_B,u3063,っ,kana,extra32
FZChaoZTJW_B+u3064.png,FZChaoZTJW_B,u3064,つ,kana,extra32
FZChaoZTJW_B+u3065.png,FZChaoZTJW_B,u3065,づ,kana,extra32
FZChaoZTJW_B+u3066.png,FZChaoZTJW_B,u3066,て,kana,extra32
FZChaoZTJW_B+u3067.png,FZChaoZTJW_B,u3067,で,kana,extra32
FZChaoZTJW_B+u3068.png,FZChaoZTJW_B,u3068,と,kana,extra32
FZChaoZTJW_B+u3069.png,FZChaoZTJW_B,u3069,ど,kana,extra32
FZChaoZTJW_B+u306A.png,FZChaoZTJW_B,u306A,な,kana,extra32
FZChaoZTJW_B+u306B.png,FZChaoZTJW_B,u306B,に,kana,extra32
FZChaoZTJW_B+u306C.png,FZChaoZTJW_B,u306C,ぬ,kana,extra32
FZChaoZTJW_B+u306D.png,FZChaoZTJW_B,u306D,ね,kana,extra32
FZChaoZTJW_B+u306E.png,FZChaoZTJW_B,u306E,の,kana,extra32
FZChaoZTJW_B+u306F.png,FZChaoZTJW_B,u306F,は,kana,extra32
FZChaoZTJW_B+u3070.png,FZChaoZTJW_B,u3070,ば,kana,extra32
FZChaoZTJW_B+u3071.png,FZChaoZTJW_B,u3071,ぱ,kana,extra32
FZChaoZTJW_B+u3072.png,FZChaoZTJW_B,u3072,ひ,kana,extra32
FZChaoZTJW_B+u3073.png,FZChaoZTJW_B,u3073,び,kana,extra32
FZChaoZTJW_B+u3074.png,FZChaoZTJW_B,u3074,ぴ,kana,extra32
FZChaoZTJW_B+u3075.png,FZChaoZTJW_B,u3075,ふ,kana,extra32
FZChaoZTJW_B+u3076.png,FZChaoZTJW_B,u3076,ぶ,kana,extra32
FZChaoZTJW_B+u3077.png,FZChaoZTJW_B,u3077,ぷ,kana,extra32
FZChaoZTJW_B+u3078.png,FZChaoZTJW_B,u3078,へ,kana,extra32
FZChaoZTJW_B+u3079.png,FZChaoZTJW_B,u3079,べ,kana,extra32
FZChaoZTJW_B+u307A.png,FZChaoZTJW_B,u307A,ぺ,kana,extra32
FZChaoZTJW_B+u307B.png,FZChaoZTJW_B,u307B,ほ,kana,extra32
FZChaoZTJW_B+u307C.png,FZChaoZTJW_B,u307C,ぼ,kana,extra32
FZChaoZTJW_B+u307D.png,FZChaoZTJW_B,u307D,ぽ,kana,extra32
FZChaoZTJW_B+u307E.png,FZChaoZTJW_B,u307E,ま,kana,extra32
FZChaoZTJW_B+u307F.png,FZChaoZTJW_B,u307F,み,kana,extra32
FZChaoZTJW_B+u3080.png,FZChaoZTJW_B,u3080,む,kana,extra32
FZChaoZTJW_B+u3081.png,FZChaoZTJW_B,u3081,め,kana,extra32
FZChaoZTJW_B+u3082.png,FZChaoZTJW_B,u3082,も,kana,extra32
FZChaoZTJW_B+u3083.png,FZChaoZTJW_B,u3083,ゃ,kana,extra32
FZChaoZTJW_B+u3084.png,FZChaoZTJW_B,u3084,や,kana,extra32
FZChaoZTJW_B+u3085.png,FZChaoZTJW_B,u3085,ゅ,kana,extra32
FZChaoZTJW_B+u3086.png,FZChaoZTJW_B,u3086,ゆ,kana,extra32
FZChaoZTJW_B+u3087.png,FZChaoZTJW_B,u3087,ょ,kana,extra32
FZChaoZTJW_B+u3088.png,FZChaoZTJW_B,u3088,よ,kana,extra32
FZChaoZTJW_B+u3089.png,FZChaoZTJW_B,u3089,ら,kana,extra32
FZChaoZTJW_B+u308A.png,FZChaoZTJW_B,u308A,り,kana,extra32
FZChaoZTJW_B+u308B.png,FZChaoZTJW_B,u308B,る,kana,extra32
FZChaoZTJW_B+u308C.png,FZChaoZTJW_B,u308C,れ,kana,extra32
FZChaoZTJW_B+u308D.png,FZChaoZTJW_B,u308D,ろ,kana,extra32
FZChaoZTJW_B+u308E.png,FZChaoZTJW_B,u308E,ゎ,kana,extra32
FZChaoZTJW_B+u308F.png,FZChaoZTJW_B,u308F,わ,kana,extra32
FZChaoZTJW_B+u3090.png,FZChaoZTJW_B,u3090,ゐ,kana,extra32
FZChaoZTJW_B+u3091.png,FZChaoZTJW_B,u3091,ゑ,kana,extra32
FZChaoZTJW_B+u3092.png,FZChaoZTJW_B,u3092,を,kana,extra32
FZChaoZTJW_B+u3093.png,FZChaoZTJW_B,u3093,ん,kana,extra32
FZChaoZTJW_B+u30A1.png,FZChaoZTJW_B,u30A1,ァ,kana,extra32
FZChaoZTJW_B+u30A2.png,FZChaoZTJW_B,u30A2,ア,kana,extra32
FZChaoZTJW_B+u30A3.png,FZChaoZTJW_B,u30A3,ィ,kana,extra32
FZChaoZTJW_B+u30A4.png,FZChaoZTJW_B,u30A4,イ,kana,extra32
FZChaoZTJW_B+u30A5.png,FZChaoZTJW_B,u30A5,ゥ,kana,extra32
FZChaoZTJW_B+u30A6.png,FZChaoZTJW_B,u30A6,ウ,kana,extra32
FZChaoZTJW_B+u30A7.png,FZChaoZTJW_B,u30A7,ェ,kana,extra32
FZChaoZTJW_B+u30A8.png,FZChaoZTJW_B,u30A8,エ,kana,extra32
FZChaoZTJW_B+u30A9.png,FZChaoZTJW_B,u30A9,ォ,kana,extra32
FZChaoZTJW_B+u30AA.png,FZChaoZTJW_B,u30AA,オ,kana,extra32
FZChaoZTJW_B+u30AB.png,FZChaoZTJW_B,u30AB,カ,kana,extra32
FZChaoZTJW_B+u30AC.png,FZChaoZTJW_B,u30AC,ガ,kana,extra32
FZChaoZTJW_B+u30AD.png,FZChaoZTJW_B,u30AD,キ,kana,extra32
FZChaoZTJW_B+u30AE.png,FZChaoZTJW_B,u30AE,ギ,kana,extra32
FZChaoZTJW_B+u30AF.png,FZChaoZTJW_B,u30AF,ク,kana,extra32
FZChaoZTJW_B+u30B0.png,FZChaoZTJW_B,u30B0,グ,kana,extra32
FZChaoZTJW_B+u30B1.png,FZChaoZTJW_B,u30B1,ケ,kana,extra32
FZChaoZTJW_B+u30B2.png,FZChaoZTJW_B,u30B2,ゲ,kana,extra32
FZChaoZTJW_B+u30B3.png,FZChaoZTJW_B,u30B3,コ,kana,extra32
FZChaoZTJW_B+u30B4.png,FZChaoZTJW_B,u30B4,ゴ,kana,extra32
FZChaoZTJW_B+u30B5.png,FZChaoZTJW_B,u30B5,サ,kana,extra32
FZChaoZTJW_B+u30B6.png,FZChaoZTJW_B,u30B6,ザ,kana,extra32
FZChaoZTJW_B+u30B7.png,FZChaoZTJW_B,u30B7,シ,kana,extra32
FZChaoZTJW_B+u30B8.png,FZChaoZTJW_B,u30B8,ジ,kana,extra32
FZChaoZTJW_B+u30B9.png,FZChaoZTJW_B,u30B9,ス,kana,extra32
FZChaoZTJW_B+u30BA.png,FZChaoZTJW_B,u30BA,ズ,kana,extra32
FZChaoZTJW_B+u30BB.png,FZChaoZTJW_B,u30BB,セ,kana,extra32
FZChaoZTJW_B+u30BC.png,FZChaoZTJW_B,u30BC,ゼ,kana,extra32
FZChaoZTJW_B+u30BD.png,FZChaoZTJW_B,u30BD,ソ,kana,extra32
FZChaoZTJW_B+u30BE.png,FZChaoZTJW_B,u30BE,ゾ,kana,extra32
FZChaoZTJW_B+u30BF.png,FZChaoZTJW_B,u30BF,タ,kana,extra32
FZChaoZTJW_B+u30C0.png,FZChaoZTJW_B,u30C0,ダ,kana,extra32
FZChaoZTJW_B+u30C1.png,FZChaoZTJW_B,u30C1,チ,kana,extra32
FZChaoZTJW_B+u30C2.png,FZChaoZTJW_B,u30C2,ヂ,kana,extra32
FZChaoZTJW_B+u30C3.png,FZChaoZTJW_B,u30C3,ッ,kana,extra32
FZChaoZTJW_B+u30C4.png,FZChaoZTJW_B,u30C4,ツ,kana,extra32
FZChaoZTJW_B+u30C5.png,FZChaoZTJW_B,u30C5,ヅ,kana,extra32
FZChaoZTJW_B+u30C6.png,FZChaoZTJW_B,u30C6,テ,kana,extra32
FZChaoZTJW_B+u30C7.png,FZChaoZTJW_B,u30C7,デ,kana,extra32
FZChaoZTJW_B+u30C8.png,FZChaoZTJW_B,u30C8,ト,kana,extra32
FZChaoZTJW_B+u30C9.png,FZChaoZTJW_B,u30C9,ド,kana,extra32
FZChaoZTJW_B+u30CA.png,FZChaoZTJW_B,u30CA,ナ,kana,extra32
FZChaoZTJW_B+u30CB.png,FZChaoZTJW_B,u30CB,ニ,kana,extra32
FZChaoZTJW_B+u30CC.png,FZChaoZTJW_B,u30CC,ヌ,kana,extra32
FZChaoZTJW_B+u30CD.png,FZChaoZTJW_B,u30CD,ネ,kana,extra32
FZChaoZTJW_B+u30CE.png,FZChaoZTJW_B,u30CE,ノ,kana,extra32
FZChaoZTJW_B+u30CF.png,FZChaoZTJW_B,u30CF,ハ,kana,extra32
FZChaoZTJW_B+u30D0.png,FZChaoZTJW_B,u30D0,バ,kana,extra32
FZChaoZTJW_B+u30D1.png,FZChaoZTJW_B,u30D1,パ,kana,extra32
FZChaoZTJW_B+u30D2.png,FZChaoZTJW_B,u30D2,ヒ,kana,extra32
FZChaoZTJW_B+u30D3.png,FZChaoZTJW_B,u30D3,ビ,kana,extra32
FZChaoZTJW_B+u30D4.png,FZChaoZTJW_B,u30D4,ピ,kana,extra32
FZChaoZTJW_B+u30D5.png,FZChaoZTJW_B,u30D5,フ,kana,extra32
FZChaoZTJW_B+u30D6.png,FZChaoZTJW_B,u30D6,ブ,kana,extra32
FZChaoZTJW_B+u30D7.png,FZChaoZTJW_B,u30D7,プ,kana,extra32
FZChaoZTJW_B+u30D8.png,FZChaoZTJW_B,u30D8,ヘ,kana,extra32
FZChaoZTJW_B+u30D9.png,FZChaoZTJW_B,u30D9,ベ,kana,extra32
FZChaoZTJW_B+u30DA.png,FZChaoZTJW_B,u30DA,ペ,kana,extra32
FZChaoZTJW_B+u30DB.png,FZChaoZTJW_B,u30DB,ホ,kana,extra32
FZChaoZTJW_B+u30DC.png,FZChaoZTJW_B,u30DC,ボ,kana,extra32
FZChaoZTJW_B+u30DD.png,FZChaoZTJW_B,u30DD,ポ,kana,extra32
FZChaoZTJW_B+u30DE.png,FZChaoZTJW_B,u30DE,マ,kana,extra32
FZChaoZTJW_B+u30DF.png,FZChaoZTJW_B,u30DF,ミ,kana,extra32
FZChaoZTJW_B+u30E0.png,FZChaoZTJW_B,u30E0,ム,kana,extra32
FZChaoZTJW_B+u30E1.png,FZChaoZTJW_B,u30E1,メ,kana,extra32
FZChaoZTJW_B+u30E2.png,FZChaoZTJW_B,u30E2,モ,kana,extra32
FZChaoZTJW_B+u30E3.png,FZChaoZTJW_B,u30E3,ャ,kana,extra32
FZChaoZTJW_B+u30E4.png,FZChaoZTJW_B,u30E4,ヤ,kana,extra32
FZChaoZTJW_B+u30E5.png,FZChaoZTJW_B,u30E5,ュ,kana,extra32
FZChaoZTJW_B+u30E6.png,FZChaoZTJW_B,u30E6,ユ,kana,extra32
FZChaoZTJW_B+u30E7.png,FZChaoZTJW_B,u30E7,ョ,kana,extra32
FZChaoZTJW_B+u30E8.png,FZChaoZTJW_B,u30E8,ヨ,kana,extra32
FZChaoZTJW_B+u30E9.png,FZChaoZTJW_B,u30E9,ラ,kana,extra32
FZChaoZTJW_B+u30EA.png,FZChaoZTJW_B,u30EA,リ,kana,extra32
FZChaoZTJW_B+u30EB.png,FZChaoZTJW_B,u30EB,ル,kana,extra32
FZChaoZTJW_B+u30EC.png,FZChaoZTJW_B,u30EC,レ,kana,extra32
FZChaoZTJW_B+u30ED.png,FZChaoZTJW_B,u30ED,ロ,kana,extra32
FZChaoZTJW_B+u30EE.png,FZChaoZTJW_B,u30EE,ヮ,kana,extra32
FZChaoZTJW_B+u30EF.png,FZChaoZTJW_B,u30EF,ワ,kana,extra32
FZChaoZTJW_B+u30F0.png,FZChaoZTJW_B,u30F0,ヰ,kana,extra32
FZChaoZTJW_B+u30F1.png,FZChaoZTJW_B,u30F1,ヱ,kana,extra32
FZChaoZTJW_B+u30F2.png,FZChaoZTJW_B,u30F2,ヲ,kana,extra32
FZChaoZTJW_B+u30F3.png,FZChaoZTJW_B,u30F3,ン,kana,extra32
FZChaoZTJW_B+u30F4.png,FZChaoZTJW_B,u30F4,ヴ,kana,extra32
FZChaoZTJW_B+u30F5.png,FZChaoZTJW_B,u30F5,ヵ,kana,extra32
FZChaoZTJW_B+u30F6.png,FZChaoZTJW_B,u30F6,ヶ,kana,extra32
FZCuanBZBKSJF+u0030.png,FZCuanBZBKSJF,u0030,0,latin,plus17
FZCuanBZBKSJF+u0032.png,FZCuanBZBKSJF,u0032,2,latin,plus17
FZCuanBZBKSJF+u0033.png,FZCuanBZBKSJF,u0033,3,latin,plus17
FZCuanBZBKSJF+u0034.png,FZCuanBZBKSJF,u0034,4,latin,plus17
FZCuanBZBKSJF+u0035.png,FZCuanBZBKSJF,u0035,5,latin,plus17
FZCuanBZBKSJF+u0036.png,FZCuanBZBKSJF,u0036,6,latin,plus17
FZCuanBZBKSJF+u0037.png,FZCuanBZBKSJF,u0037,7,latin,plus17
FZCuanBZBKSJF+u0038.png,FZCuanBZBKSJF,u0038,8,latin,plus17
FZCuanBZBKSJF+u0039.png,FZCuanBZBKSJF,u0039,9,latin,plus17
FZCuanBZBKSJF+u0041.png,FZCuanBZBKSJF,u0041,A,latin,plus17
FZCuanBZBKSJF+u0042.png,FZCuanBZBKSJF,u0042,B,latin,plus17
FZCuanBZBKSJF+u0043.png,FZCuanBZBKSJF,u0043,C,latin,plus17
FZCuanBZBKSJF+u0044.png,FZCuanBZBKSJF,u0044,D,latin,plus17
FZCuanBZBKSJF+u0045.png,FZCuanBZBKSJF,u0045,E,latin,plus17
FZCuanBZBKSJF+u0046.png,FZCuanBZBKSJF,u0046,F,latin,plus17
FZCuanBZBKSJF+u0047.png,FZCuanBZBKSJF,u0047,G,latin,plus17
FZCuanBZBKSJF+u0048.png,FZCuanBZBKSJF,u0048,H,latin,plus17
FZCuanBZBKSJF+u0049.png,FZCuanBZBKSJF,u0049,I,latin,plus17
FZCuanBZBKSJF+u004A.png,FZCuanBZBKSJF,u004A,J,latin,plus17
FZCuanBZBKSJF+u004B.png,FZCuanBZBKSJF,u004B,K,latin,plus17
FZCuanBZBKSJF+u004C.png,FZCuanBZBKSJF,u004C,L,latin,plus17
FZCuanBZBKSJF+u004D.png,FZCuanBZBKSJF,u004D,M,latin,plus17
FZCuanBZBKSJF+u004E.png,FZCuanBZBKSJF,u004E,N,latin,plus17
FZCuanBZBKSJF+u004F.png,FZCuanBZBKSJF,u004F,O,latin,plus17
FZCuanBZBKSJF+u0050.png,FZCuanBZBKSJF,u0050,P,latin,plus17
FZCuanBZBKSJF+u0051.png,FZCuanBZBKSJF,u0051,Q,latin,plus17
FZCuanBZBKSJF+u0052.png,FZCuanBZBKSJF,u0052,R,latin,plus17
FZCuanBZBKSJF+u0053.png,FZCuanBZBKSJF,u0053,S,latin,plus17
FZCuanBZBKSJF+u0055.png,FZCuanBZBKSJF,u0055,U,latin,plus17
FZCuanBZBKSJF+u0056.png,FZCuanBZBKSJF,u0056,V,latin,plus17
FZCuanBZBKSJF+u0057.png,FZCuanBZBKSJF,u0057,W,latin,plus17
FZCuanBZBKSJF+u0059.png,FZCuanBZBKSJF,u0059,Y,latin,plus17
FZCuanBZBKSJF+u005A.png,FZCuanBZBKSJF,u005A,Z,latin,plus17
FZCuanBZBKSJF+u0062.png,FZCuanBZBKSJF,u0062,b,latin,plus17
FZCuanBZBKSJF+u0063.png,FZCuanBZBKSJF,u0063,c,latin,plus17
FZCuanBZBKSJF+u0065.png,FZCuanBZBKSJF,u0065,e,latin,plus17
FZCuanBZBKSJF+u0066.png,FZCuanBZBKSJF,u0066,f,latin,plus17
FZCuanBZBKSJF+u0067.png,FZCuanBZBKSJF,u0067,g,latin,plus17
FZCuanBZBKSJF+u0068.png,FZCuanBZBKSJF,u0068,h,latin,plus17
FZCuanBZBKSJF+u0069.png,FZCuanBZBKSJF,u0069,i,latin,plus17
FZCuanBZBKSJF+u006A.png,FZCuanBZBKSJF,u006A,j,latin,plus17
FZCuanBZBKSJF+u006C.png,FZCuanBZBKSJF,u006C,l,latin,plus17
FZCuanBZBKSJF+u006D.png,FZCuanBZBKSJF,u006D,m,latin,plus17
FZCuanBZBKSJF+u006E.png,FZCuanBZBKSJF,u006E,n,latin,plus17
FZCuanBZBKSJF+u006F.png,FZCuanBZBKSJF,u006F,o,latin,plus17
FZCuanBZBKSJF+u0070.png,FZCuanBZBKSJF,u0070,p,latin,plus17
FZCuanBZBKSJF+u0071.png,FZCuanBZBKSJF,u0071,q,latin,plus17
FZCuanBZBKSJF+u0072.png,FZCuanBZBKSJF,u0072,r,latin,plus17
FZCuanBZBKSJF+u0073.png,FZCuanBZBKSJF,u0073,s,latin,plus17
FZCuanBZBKSJF+u0074.png,FZCuanBZBKSJF,u0074,t,latin,plus17
FZCuanBZBKSJF+u0076.png,FZCuanBZBKSJF,u0076,v,latin,plus17
FZCuanBZBKSJF+u0077.png,FZCuanBZBKSJF,u0077,w,latin,plus17
FZCuanBZBKSJF+u0078.png,FZCuanBZBKSJF,u0078,x,latin,plus17
FZCuanBZBKSJF+u007A.png,FZCuanBZBKSJF,u007A,z,latin,plus17
FZCuanBZBKSJF+u00E1.png,FZCuanBZBKSJF,u00E1,á,latin,plus17
FZCuanBZBKSJF+u00E8.png,FZCuanBZBKSJF,u00E8,è,latin,plus17
FZCuanBZBKSJF+u00E9.png,FZCuanBZBKSJF,u00E9,é,latin,plus17
FZCuanBZBKSJF+u00EA.png,FZCuanBZBKSJF,u00EA,ê,latin,plus17
FZCuanBZBKSJF+u00ED.png,FZCuanBZBKSJF,u00ED,í,latin,plus17
FZCuanBZBKSJF+u00F2.png,FZCuanBZBKSJF,u00F2,ò,latin,plus17
FZCuanBZBKSJF+u00F3.png,FZCuanBZBKSJF,u00F3,ó,latin,plus17
FZCuanBZBKSJF+u00F9.png,FZCuanBZBKSJF,u00F9,ù,latin,plus17
FZCuanBZBKSJF+u00FA.png,FZCuanBZBKSJF,u00FA,ú,latin,plus17
FZCuanBZBKSJF+u00FC.png,FZCuanBZBKSJF,u00FC,ü,latin,plus17
FZCuanBZBKSJF+u0101.png,FZCuanBZBKSJF,u0101,ā,latin,plus17
FZCuanBZBKSJF+u0113.png,FZCuanBZBKSJF,u0113,ē,latin,plus17
FZCuanBZBKSJF+u011B.png,FZCuanBZBKSJF,u011B,ě,latin,plus17
FZCuanBZBKSJF+u012B.png,FZCuanBZBKSJF,u012B,ī,latin,plus17
FZCuanBZBKSJF+u0144.png,FZCuanBZBKSJF,u0144,ń,latin,plus17
FZCuanBZBKSJF+u0148.png,FZCuanBZBKSJF,u0148,ň,latin,plus17
FZCuanBZBKSJF+u014D.png,FZCuanBZBKSJF,u014D,ō,latin,plus17
FZCuanBZBKSJF+u016B.png,FZCuanBZBKSJF,u016B,ū,latin,plus17
FZCuanBZBKSJF+u01CE.png,FZCuanBZBKSJF,u01CE,ǎ,latin,plus17
FZCuanBZBKSJF+u01D0.png,FZCuanBZBKSJF,u01D0,ǐ,latin,plus17
FZCuanBZBKSJF+u01D2.png,FZCuanBZBKSJF,u01D2,ǒ,latin,plus17
FZCuanBZBKSJF+u01D6.png,FZCuanBZBKSJF,u01D6,ǖ,latin,plus17
FZCuanBZBKSJF+u01D8.png,FZCuanBZBKSJF,u01D8,ǘ,latin,plus17
FZCuanBZBKSJF+u01DA.png,FZCuanBZBKSJF,u01DA,ǚ,latin,plus17
FZCuanBZBKSJF+u3041.png,FZCuanBZBKSJF,u3041,ぁ,kana,plus17
FZCuanBZBKSJF+u3042.png,FZCuanBZBKSJF,u3042,あ,kana,plus17
FZCuanBZBKSJF+u3043.png,FZCuanBZBKSJF,u3043,ぃ,kana,plus17
FZCuanBZBKSJF+u3044.png,FZCuanBZBKSJF,u3044,い,kana,plus17
FZCuanBZBKSJF+u3045.png,FZCuanBZBKSJF,u3045,ぅ,kana,plus17
FZCuanBZBKSJF+u3046.png,FZCuanBZBKSJF,u3046,う,kana,plus17
FZCuanBZBKSJF+u3047.png,FZCuanBZBKSJF,u3047,ぇ,kana,plus17
FZCuanBZBKSJF+u3048.png,FZCuanBZBKSJF,u3048,え,kana,plus17
FZCuanBZBKSJF+u3049.png,FZCuanBZBKSJF,u3049,ぉ,kana,plus17
FZCuanBZBKSJF+u304A.png,FZCuanBZBKSJF,u304A,お,kana,plus17
FZCuanBZBKSJF+u304B.png,FZCuanBZBKSJF,u304B,か,kana,plus17
FZCuanBZBKSJF+u304C.png,FZCuanBZBKSJF,u304C,が,kana,plus17
FZCuanBZBKSJF+u304D.png,FZCuanBZBKSJF,u304D,き,kana,plus17
FZCuanBZBKSJF+u304E.png,FZCuanBZBKSJF,u304E,ぎ,kana,plus17
FZCuanBZBKSJF+u304F.png,FZCuanBZBKSJF,u304F,く,kana,plus17
FZCuanBZBKSJF+u3050.png,FZCuanBZBKSJF,u3050,ぐ,kana,plus17
FZCuanBZBKSJF+u3051.png,FZCuanBZBKSJF,u3051,け,kana,plus17
FZCuanBZBKSJF+u3052.png,FZCuanBZBKSJF,u3052,げ,kana,plus17
FZCuanBZBKSJF+u3053.png,FZCuanBZBKSJF,u3053,こ,kana,plus17
FZCuanBZBKSJF+u3054.png,FZCuanBZBKSJF,u3054,ご,kana,plus17
FZCuanBZBKSJF+u3055.png,FZCuanBZBKSJF,u3055,さ,kana,plus17
FZCuanBZBKSJF+u3056.png,FZCuanBZBKSJF,u3056,ざ,kana,plus17
FZCuanBZBKSJF+u3057.png,FZCuanBZBKSJF,u3057,し,kana,plus17
FZCuanBZBKSJF+u3058.png,FZCuanBZBKSJF,u3058,じ,kana,plus17
FZCuanBZBKSJF+u3059.png,FZCuanBZBKSJF,u3059,す,kana,plus17
FZCuanBZBKSJF+u305A.png,FZCuanBZBKSJF,u305A,ず,kana,plus17
FZCuanBZBKSJF+u305B.png,FZCuanBZBKSJF,u305B,せ,kana,plus17
FZCuanBZBKSJF+u305C.png,FZCuanBZBKSJF,u305C,ぜ,kana,plus17
FZCuanBZBKSJF+u305D.png,FZCuanBZBKSJF,u305D,そ,kana,plus17
FZCuanBZBKSJF+u305E.png,FZCuanBZBKSJF,u305E,ぞ,kana,plus17
FZCuanBZBKSJF+u305F.png,FZCuanBZBKSJF,u305F,た,kana,plus17
FZCuanBZBKSJF+u3060.png,FZCuanBZBKSJF,u3060,だ,kana,plus17
FZCuanBZBKSJF+u3061.png,FZCuanBZBKSJF,u3061,ち,kana,plus17
FZCuanBZBKSJF+u3062.png,FZCuanBZBKSJF,u3062,ぢ,kana,plus17
FZCuanBZBKSJF+u3063.png,FZCuanBZBKSJF,u3063,っ,kana,plus17
FZCuanBZBKSJF+u3064.png,FZCuanBZBKSJF,u3064,つ,kana,plus17
FZCuanBZBKSJF+u3065.png,FZCuanBZBKSJF,u3065,づ,kana,plus17
FZCuanBZBKSJF+u3066.png,FZCuanBZBKSJF,u3066,て,kana,plus17
FZCuanBZBKSJF+u3067.png,FZCuanBZBKSJF,u3067,で,kana,plus17
FZCuanBZBKSJF+u3068.png,FZCuanBZBKSJF,u3068,と,kana,plus17
FZCuanBZBKSJF+u3069.png,FZCuanBZBKSJF,u3069,ど,kana,plus17
FZCuanBZBKSJF+u306A.png,FZCuanBZBKSJF,u306A,な,kana,plus17
FZCuanBZBKSJF+u306B.png,FZCuanBZBKSJF,u306B,に,kana,plus17
FZCuanBZBKSJF+u306C.png,FZCuanBZBKSJF,u306C,ぬ,kana,plus17
FZCuanBZBKSJF+u306D.png,FZCuanBZBKSJF,u306D,ね,kana,plus17
FZCuanBZBKSJF+u306E.png,FZCuanBZBKSJF,u306E,の,kana,plus17
FZCuanBZBKSJF+u306F.png,FZCuanBZBKSJF,u306F,は,kana,plus17
FZCuanBZBKSJF+u3070.png,FZCuanBZBKSJF,u3070,ば,kana,plus17
FZCuanBZBKSJF+u3071.png,FZCuanBZBKSJF,u3071,ぱ,kana,plus17
FZCuanBZBKSJF+u3072.png,FZCuanBZBKSJF,u3072,ひ,kana,plus17
FZCuanBZBKSJF+u3073.png,FZCuanBZBKSJF,u3073,び,kana,plus17
FZCuanBZBKSJF+u3074.png,FZCuanBZBKSJF,u3074,ぴ,kana,plus17
FZCuanBZBKSJF+u3075.png,FZCuanBZBKSJF,u3075,ふ,kana,plus17
FZCuanBZBKSJF+u3076.png,FZCuanBZBKSJF,u3076,ぶ,kana,plus17
FZCuanBZBKSJF+u3077.png,FZCuanBZBKSJF,u3077,ぷ,kana,plus17
FZCuanBZBKSJF+u3078.png,FZCuanBZBKSJF,u3078,へ,kana,plus17
FZCuanBZBKSJF+u3079.png,FZCuanBZBKSJF,u3079,べ,kana,plus17
FZCuanBZBKSJF+u307A.png,FZCuanBZBKSJF,u307A,ぺ,kana,plus17
FZCuanBZBKSJF+u307B.png,FZCuanBZBKSJF,u307B,ほ,kana,plus17
FZCuanBZBKSJF+u307C.png,FZCuanBZBKSJF,u307C,ぼ,kana,plus17
FZCuanBZBKSJF+u307D.png,FZCuanBZBKSJF,u307D,ぽ,kana,plus17
FZCuanBZBKSJF+u307E.png,FZCuanBZBKSJF,u307E,ま,kana,plus17
FZCuanBZBKSJF+u307F.png,FZCuanBZBKSJF,u307F,み,kana,plus17
FZCuanBZBKSJF+u3080.png,FZCuanBZBKSJF,u3080,む,kana,plus17
FZCuanBZBKSJF+u3081.png,FZCuanBZBKSJF,u3081,め,kana,plus17
FZCuanBZBKSJF+u3082.png,FZCuanBZBKSJF,u3082,も,kana,plus17
FZCuanBZBKSJF+u3083.png,FZCuanBZBKSJF,u3083,ゃ,kana,plus17
FZCuanBZBKSJF+u3084.png,FZCuanBZBKSJF,u3084,や,kana,plus17
FZCuanBZBKSJF+u3085.png,FZCuanBZBKSJF,u3085,ゅ,kana,plus17
FZCuanBZBKSJF+u3086.png,FZCuanBZBKSJF,u3086,ゆ,kana,plus17
FZCuanBZBKSJF+u3087.png,FZCuanBZBKSJF,u3087,ょ,kana,plus17
FZCuanBZBKSJF+u3088.png,FZCuanBZBKSJF,u3088,よ,kana,plus17
FZCuanBZBKSJF+u3089.png,FZCuanBZBKSJF,u3089,ら,kana,plus17
FZCuanBZBKSJF+u308A.png,FZCuanBZBKSJF,u308A,り,kana,plus17
FZCuanBZBKSJF+u308B.png,FZCuanBZBKSJF,u308B,る,kana,plus17
FZCuanBZBKSJF+u308C.png,FZCuanBZBKSJF,u308C,れ,kana,plus17
FZCuanBZBKSJF+u308D.png,FZCuanBZBKSJF,u308D,ろ,kana,plus17
FZCuanBZBKSJF+u308E.png,FZCuanBZBKSJF,u308E,ゎ,kana,plus17
FZCuanBZBKSJF+u308F.png,FZCuanBZBKSJF,u308F,わ,kana,plus17
FZCuanBZBKSJF+u3090.png,FZCuanBZBKSJF,u3090,ゐ,kana,plus17
FZCuanBZBKSJF+u3091.png,FZCuanBZBKSJF,u3091,ゑ,kana,plus17
FZCuanBZBKSJF+u3092.png,FZCuanBZBKSJF,u3092,を,kana,plus17
FZCuanBZBKSJF+u3093.png,FZCuanBZBKSJF,u3093,ん,kana,plus17
FZCuanBZBKSJF+u30A1.png,FZCuanBZBKSJF,u30A1,ァ,kana,plus17
FZCuanBZBKSJF+u30A2.png,FZCuanBZBKSJF,u30A2,ア,kana,plus17
FZCuanBZBKSJF+u30A3.png,FZCuanBZBKSJF,u30A3,ィ,kana,plus17
FZCuanBZBKSJF+u30A4.png,FZCuanBZBKSJF,u30A4,イ,kana,plus17
FZCuanBZBKSJF+u30A5.png,FZCuanBZBKSJF,u30A5,ゥ,kana,plus17
FZCuanBZBKSJF+u30A6.png,FZCuanBZBKSJF,u30A6,ウ,kana,plus17
FZCuanBZBKSJF+u30A7.png,FZCuanBZBKSJF,u30A7,ェ,kana,plus17
FZCuanBZBKSJF+u30A8.png,FZCuanBZBKSJF,u30A8,エ,kana,plus17
FZCuanBZBKSJF+u30A9.png,FZCuanBZBKSJF,u30A9,ォ,kana,plus17
FZCuanBZBKSJF+u30AA.png,FZCuanBZBKSJF,u30AA,オ,kana,plus17
FZCuanBZBKSJF+u30AB.png,FZCuanBZBKSJF,u30AB,カ,kana,plus17
FZCuanBZBKSJF+u30AC.png,FZCuanBZBKSJF,u30AC,ガ,kana,plus17
FZCuanBZBKSJF+u30AD.png,FZCuanBZBKSJF,u30AD,キ,kana,plus17
FZCuanBZBKSJF+u30AE.png,FZCuanBZBKSJF,u30AE,ギ,kana,plus17
FZCuanBZBKSJF+u30AF.png,FZCuanBZBKSJF,u30AF,ク,kana,plus17
FZCuanBZBKSJF+u30B0.png,FZCuanBZBKSJF,u30B0,グ,kana,plus17
FZCuanBZBKSJF+u30B1.png,FZCuanBZBKSJF,u30B1,ケ,kana,plus17
FZCuanBZBKSJF+u30B2.png,FZCuanBZBKSJF,u30B2,ゲ,kana,plus17
FZCuanBZBKSJF+u30B3.png,FZCuanBZBKSJF,u30B3,コ,kana,plus17
FZCuanBZBKSJF+u30B4.png,FZCuanBZBKSJF,u30B4,ゴ,kana,plus17
FZCuanBZBKSJF+u30B5.png,FZCuanBZBKSJF,u30B5,サ,kana,plus17
FZCuanBZBKSJF+u30B6.png,FZCuanBZBKSJF,u30B6,ザ,kana,plus17
FZCuanBZBKSJF+u30B7.png,FZCuanBZBKSJF,u30B7,シ,kana,plus17
FZCuanBZBKSJF+u30B8.png,FZCuanBZBKSJF,u30B8,ジ,kana,plus17
FZCuanBZBKSJF+u30B9.png,FZCuanBZBKSJF,u30B9,ス,kana,plus17
FZCuanBZBKSJF+u30BA.png,FZCuanBZBKSJF,u30BA,ズ,kana,plus17
FZCuanBZBKSJF+u30BB.png,FZCuanBZBKSJF,u30BB,セ,kana,plus17
FZCuanBZBKSJF+u30BC.png,FZCuanBZBKSJF,u30BC,ゼ,kana,plus17
FZCuanBZBKSJF+u30BD.png,FZCuanBZBKSJF,u30BD,ソ,kana,plus17
FZCuanBZBKSJF+u30BE.png,FZCuanBZBKSJF,u30BE,ゾ,kana,plus17
FZCuanBZBKSJF+u30BF.png,FZCuanBZBKSJF,u30BF,タ,kana,plus17
FZCuanBZBKSJF+u30C0.png,FZCuanBZBKSJF,u30C0,ダ,kana,plus17
FZCuanBZBKSJF+u30C1.png,FZCuanBZBKSJF,u30C1,チ,kana,plus17
FZCuanBZBKSJF+u30C2.png,FZCuanBZBKSJF,u30C2,ヂ,kana,plus17
FZCuanBZBKSJF+u30C3.png,FZCuanBZBKSJF,u30C3,ッ,kana,plus17
FZCuanBZBKSJF+u30C4.png,FZCuanBZBKSJF,u30C4,ツ,kana,plus17
FZCuanBZBKSJF+u30C5.png,FZCuanBZBKSJF,u30C5,ヅ,kana,plus17
FZCuanBZBKSJF+u30C6.png,FZCuanBZBKSJF,u30C6,テ,kana,plus17
FZCuanBZBKSJF+u30C7.png,FZCuanBZBKSJF,u30C7,デ,kana,plus17
FZCuanBZBKSJF+u30C8.png,FZCuanBZBKSJF,u30C8,ト,kana,plus17
FZCuanBZBKSJF+u30C9.png,FZCuanBZBKSJF,u30C9,ド,kana,plus17
FZCuanBZBKSJF+u30CA.png,FZCuanBZBKSJF,u30CA,ナ,kana,plus17
FZCuanBZBKSJF+u30CB.png,FZCuanBZBKSJF,u30CB,ニ,kana,plus17
FZCuanBZBKSJF+u30CC.png,FZCuanBZBKSJF,u30CC,ヌ,kana,plus17
FZCuanBZBKSJF+u30CD.png,FZCuanBZBKSJF,u30CD,ネ,kana,plus17
FZCuanBZBKSJF+u30CE.png,FZCuanBZBKSJF,u30CE,ノ,kana,plus17
FZCuanBZBKSJF+u30CF.png,FZCuanBZBKSJF,u30CF,ハ,kana,plus17
FZCuanBZBKSJF+u30D0.png,FZCuanBZBKSJF,u30D0,バ,kana,plus17
FZCuanBZBKSJF+u30D1.png,FZCuanBZBKSJF,u30D1,パ,kana,plus17
FZCuanBZBKSJF+u30D2.png,FZCuanBZBKSJF,u30D2,ヒ,kana,plus17
FZCuanBZBKSJF+u30D3.png,FZCuanBZBKSJF,u30D3,ビ,kana,plus17
FZCuanBZBKSJF+u30D4.png,FZCuanBZBKSJF,u30D4,ピ,kana,plus17
FZCuanBZBKSJF+u30D5.png,FZCuanBZBKSJF,u30D5,フ,kana,plus17
FZCuanBZBKSJF+u30D6.png,FZCuanBZBKSJF,u30D6,ブ,kana,plus17
FZCuanBZBKSJF+u30D7.png,FZCuanBZBKSJF,u30D7,プ,kana,plus17
FZCuanBZBKSJF+u30D8.png,FZCuanBZBKSJF,u30D8,ヘ,kana,plus17
FZCuanBZBKSJF+u30D9.png,FZCuanBZBKSJF,u30D9,ベ,kana,plus17
FZCuanBZBKSJF+u30DA.png,FZCuanBZBKSJF,u30DA,ペ,kana,plus17
FZCuanBZBKSJF+u30DB.png,FZCuanBZBKSJF,u30DB,ホ,kana,plus17
FZCuanBZBKSJF+u30DC.png,FZCuanBZBKSJF,u30DC,ボ,kana,plus17
FZCuanBZBKSJF+u30DD.png,FZCuanBZBKSJF,u30DD,ポ,kana,plus17
FZCuanBZBKSJF+u30DE.png,FZCuanBZBKSJF,u30DE,マ,kana,plus17
FZCuanBZBKSJF+u30DF.png,FZCuanBZBKSJF,u30DF,ミ,kana,plus17
FZCuanBZBKSJF+u30E0.png,FZCuanBZBKSJF,u30E0,ム,kana,plus17
FZCuanBZBKSJF+u30E1.png,FZCuanBZBKSJF,u30E1,メ,kana,plus17
FZCuanBZBKSJF+u30E2.png,FZCuanBZBKSJF,u30E2,モ,kana,plus17
FZCuanBZBKSJF+u30E3.png,FZCuanBZBKSJF,u30E3,ャ,kana,plus17
FZCuanBZBKSJF+u30E4.png,FZCuanBZBKSJF,u30E4,ヤ,kana,plus17
FZCuanBZBKSJF+u30E5.png,FZCuanBZBKSJF,u30E5,ュ,kana,plus17
FZCuanBZBKSJF+u30E6.png,FZCuanBZBKSJF,u30E6,ユ,kana,plus17
FZCuanBZBKSJF+u30E7.png,FZCuanBZBKSJF,u30E7,ョ,kana,plus17
FZCuanBZBKSJF+u30E8.png,FZCuanBZBKSJF,u30E8,ヨ,kana,plus17
FZCuanBZBKSJF+u30E9.png,FZCuanBZBKSJF,u30E9,ラ,kana,plus17
FZCuanBZBKSJF+u30EA.png,FZCuanBZBKSJF,u30EA,リ,kana,plus17
FZCuanBZBKSJF+u30EB.png,FZCuanBZBKSJF,u30EB,ル,kana,plus17
FZCuanBZBKSJF+u30EC.png,FZCuanBZBKSJF,u30EC,レ,kana,plus17
FZCuanBZBKSJF+u30ED.png,FZCuanBZBKSJF,u30ED,ロ,kana,plus17
FZCuanBZBKSJF+u30EE.png,FZCuanBZBKSJF,u30EE,ヮ,kana,plus17
FZCuanBZBKSJF+u30EF.png,FZCuanBZBKSJF,u30EF,ワ,kana,plus17
FZCuanBZBKSJF+u30F0.png,FZCuanBZBKSJF,u30F0,ヰ,kana,plus17
FZCuanBZBKSJF+u30F1.png,FZCuanBZBKSJF,u30F1,ヱ,kana,plus17
FZCuanBZBKSJF+u30F2.png,FZCuanBZBKSJF,u30F2,ヲ,kana,plus17
FZCuanBZBKSJF+u30F3.png,FZCuanBZBKSJF,u30F3,ン,kana,plus17
FZCuanBZBKSJF+u30F4.png,FZCuanBZBKSJF,u30F4,ヴ,kana,plus17
FZCuanBZBKSJF+u30F5.png,FZCuanBZBKSJF,u30F5,ヵ,kana,plus17
FZCuanBZBKSJF+u30F6.png,FZCuanBZBKSJF,u30F6,ヶ,kana,plus17
FZDiHTJ+u0030.png,FZDiHTJ,u0030,0,latin,extra32
FZDiHTJ+u0032.png,FZDiHTJ,u0032,2,latin,extra32
FZDiHTJ+u0033.png,FZDiHTJ,u0033,3,latin,extra32
FZDiHTJ+u0034.png,FZDiHTJ,u0034,4,latin,extra32
FZDiHTJ+u0035.png,FZDiHTJ,u0035,5,latin,extra32
FZDiHTJ+u0036.png,FZDiHTJ,u0036,6,latin,extra32
FZDiHTJ+u0037.png,FZDiHTJ,u0037,7,latin,extra32
FZDiHTJ+u0038.png,FZDiHTJ,u0038,8,latin,extra32
FZDiHTJ+u0039.png,FZDiHTJ,u0039,9,latin,extra32
FZDiHTJ+u0041.png,FZDiHTJ,u0041,A,latin,extra32
FZDiHTJ+u0042.png,FZDiHTJ,u0042,B,latin,extra32
FZDiHTJ+u0043.png,FZDiHTJ,u0043,C,latin,extra32
FZDiHTJ+u0044.png,FZDiHTJ,u0044,D,latin,extra32
FZDiHTJ+u0045.png,FZDiHTJ,u0045,E,latin,extra32
FZDiHTJ+u0046.png,FZDiHTJ,u0046,F,latin,extra32
FZDiHTJ+u0047.png,FZDiHTJ,u0047,G,latin,extra32
FZDiHTJ+u0048.png,FZDiHTJ,u0048,H,latin,extra32
FZDiHTJ+u0049.png,FZDiHTJ,u0049,I,latin,extra32
FZDiHTJ+u004A.png,FZDiHTJ,u004A,J,latin,extra32
FZDiHTJ+u004B.png,FZDiHTJ,u004B,K,latin,extra32
FZDiHTJ+u004C.png,FZDiHTJ,u004C,L,latin,extra32
FZDiHTJ+u004D.png,FZDiHTJ,u004D,M,latin,extra32
FZDiHTJ+u004E.png,FZDiHTJ,u004E,N,latin,extra32
FZDiHTJ+u004F.png,FZDiHTJ,u004F,O,latin,extra32
FZDiHTJ+u0050.png,FZDiHTJ,u0050,P,latin,extra32
FZDiHTJ+u0051.png,FZDiHTJ,u0051,Q,latin,extra32
FZDiHTJ+u0052.png,FZDiHTJ,u0052,R,latin,extra32
FZDiHTJ+u0053.png,FZDiHTJ,u0053,S,latin,extra32
FZDiHTJ+u0055.png,FZDiHTJ,u0055,U,latin,extra32
FZDiHTJ+u0056.png,FZDiHTJ,u0056,V,latin,extra32
FZDiHTJ+u0057.png,FZDiHTJ,u0057,W,latin,extra32
FZDiHTJ+u0059.png,FZDiHTJ,u0059,Y,latin,extra32
FZDiHTJ+u005A.png,FZDiHTJ,u005A,Z,latin,extra32
FZDiHTJ+u0062.png,FZDiHTJ,u0062,b,latin,extra32
FZDiHTJ+u0063.png,FZDiHTJ,u0063,c,latin,extra32
FZDiHTJ+u0065.png,FZDiHTJ,u0065,e,latin,extra32
FZDiHTJ+u0066.png,FZDiHTJ,u0066,f,latin,extra32
FZDiHTJ+u0067.png,FZDiHTJ,u0067,g,latin,extra32
FZDiHTJ+u0068.png,FZDiHTJ,u0068,h,latin,extra32
FZDiHTJ+u0069.png,FZDiHTJ,u0069,i,latin,extra32
FZDiHTJ+u006A.png,FZDiHTJ,u006A,j,latin,extra32
FZDiHTJ+u006C.png,FZDiHTJ,u006C,l,latin,extra32
FZDiHTJ+u006D.png,FZDiHTJ,u006D,m,latin,extra32
FZDiHTJ+u006E.png,FZDiHTJ,u006E,n,latin,extra32
FZDiHTJ+u006F.png,FZDiHTJ,u006F,o,latin,extra32
FZDiHTJ+u0070.png,FZDiHTJ,u0070,p,latin,extra32
FZDiHTJ+u0071.png,FZDiHTJ,u0071,q,latin,extra32
FZDiHTJ+u0072.png,FZDiHTJ,u0072,r,latin,extra32
FZDiHTJ+u0073.png,FZDiHTJ,u0073,s,latin,extra32
FZDiHTJ+u0074.png,FZDiHTJ,u0074,t,latin,extra32
FZDiHTJ+u0076.png,FZDiHTJ,u0076,v,latin,extra32
FZDiHTJ+u0077.png,FZDiHTJ,u0077,w,latin,extra32
FZDiHTJ+u0078.png,FZDiHTJ,u0078,x,latin,extra32
FZDiHTJ+u007A.png,FZDiHTJ,u007A,z,latin,extra32
FZDiHTJ+u00E1.png,FZDiHTJ,u00E1,á,latin,extra32
FZDiHTJ+u00E8.png,FZDiHTJ,u00E8,è,latin,extra32
FZDiHTJ+u00E9.png,FZDiHTJ,u00E9,é,latin,extra32
FZDiHTJ+u00EA.png,FZDiHTJ,u00EA,ê,latin,extra32
FZDiHTJ+u00ED.png,FZDiHTJ,u00ED,í,latin,extra32
FZDiHTJ+u00F2.png,FZDiHTJ,u00F2,ò,latin,extra32
FZDiHTJ+u00F3.png,FZDiHTJ,u00F3,ó,latin,extra32
FZDiHTJ+u00F9.png,FZDiHTJ,u00F9,ù,latin,extra32
FZDiHTJ+u00FA.png,FZDiHTJ,u00FA,ú,latin,extra32
FZDiHTJ+u00FC.png,FZDiHTJ,u00FC,ü,latin,extra32
FZDiHTJ+u0101.png,FZDiHTJ,u0101,ā,latin,extra32
FZDiHTJ+u0113.png,FZDiHTJ,u0113,ē,latin,extra32
FZDiHTJ+u011B.png,FZDiHTJ,u011B,ě,latin,extra32
FZDiHTJ+u012B.png,FZDiHTJ,u012B,ī,latin,extra32
FZDiHTJ+u0144.png,FZDiHTJ,u0144,ń,latin,extra32
FZDiHTJ+u0148.png,FZDiHTJ,u0148,ň,latin,extra32
FZDiHTJ+u014D.png,FZDiHTJ,u014D,ō,latin,extra32
FZDiHTJ+u016B.png,FZDiHTJ,u016B,ū,latin,extra32
FZDiHTJ+u01CE.png,FZDiHTJ,u01CE,ǎ,latin,extra32
FZDiHTJ+u01D0.png,FZDiHTJ,u01D0,ǐ,latin,extra32
FZDiHTJ+u01D2.png,FZDiHTJ,u01D2,ǒ,latin,extra32
FZDiHTJ+u01D6.png,FZDiHTJ,u01D6,ǖ,latin,extra32
FZDiHTJ+u01D8.png,FZDiHTJ,u01D8,ǘ,latin,extra32
FZDiHTJ+u01DA.png,FZDiHTJ,u01DA,ǚ,latin,extra32
FZDiHTJ+u3041.png,FZDiHTJ,u3041,ぁ,kana,extra32
FZDiHTJ+u3042.png,FZDiHTJ,u3042,あ,kana,extra32
FZDiHTJ+u3043.png,FZDiHTJ,u3043,ぃ,kana,extra32
FZDiHTJ+u3044.png,FZDiHTJ,u3044,い,kana,extra32
FZDiHTJ+u3045.png,FZDiHTJ,u3045,ぅ,kana,extra32
FZDiHTJ+u3046.png,FZDiHTJ,u3046,う,kana,extra32
FZDiHTJ+u3047.png,FZDiHTJ,u3047,ぇ,kana,extra32
FZDiHTJ+u3048.png,FZDiHTJ,u3048,え,kana,extra32
FZDiHTJ+u3049.png,FZDiHTJ,u3049,ぉ,kana,extra32
FZDiHTJ+u304A.png,FZDiHTJ,u304A,お,kana,extra32
FZDiHTJ+u304B.png,FZDiHTJ,u304B,か,kana,extra32
FZDiHTJ+u304C.png,FZDiHTJ,u304C,が,kana,extra32
FZDiHTJ+u304D.png,FZDiHTJ,u304D,き,kana,extra32
FZDiHTJ+u304E.png,FZDiHTJ,u304E,ぎ,kana,extra32
FZDiHTJ+u304F.png,FZDiHTJ,u304F,く,kana,extra32
FZDiHTJ+u3050.png,FZDiHTJ,u3050,ぐ,kana,extra32
FZDiHTJ+u3051.png,FZDiHTJ,u3051,け,kana,extra32
FZDiHTJ+u3052.png,FZDiHTJ,u3052,げ,kana,extra32
FZDiHTJ+u3053.png,FZDiHTJ,u3053,こ,kana,extra32
FZDiHTJ+u3054.png,FZDiHTJ,u3054,ご,kana,extra32
FZDiHTJ+u3055.png,FZDiHTJ,u3055,さ,kana,extra32
FZDiHTJ+u3056.png,FZDiHTJ,u3056,ざ,kana,extra32
FZDiHTJ+u3057.png,FZDiHTJ,u3057,し,kana,extra32
FZDiHTJ+u3058.png,FZDiHTJ,u3058,じ,kana,extra32
FZDiHTJ+u3059.png,FZDiHTJ,u3059,す,kana,extra32
FZDiHTJ+u305A.png,FZDiHTJ,u305A,ず,kana,extra32
FZDiHTJ+u305B.png,FZDiHTJ,u305B,せ,kana,extra32
FZDiHTJ+u305C.png,FZDiHTJ,u305C,ぜ,kana,extra32
FZDiHTJ+u305D.png,FZDiHTJ,u305D,そ,kana,extra32
FZDiHTJ+u305E.png,FZDiHTJ,u305E,ぞ,kana,extra32
FZDiHTJ+u305F.png,FZDiHTJ,u305F,た,kana,extra32
FZDiHTJ+u3060.png,FZDiHTJ,u3060,だ,kana,extra32
FZDiHTJ+u3061.png,FZDiHTJ,u3061,ち,kana,extra32
FZDiHTJ+u3062.png,FZDiHTJ,u3062,ぢ,kana,extra32
FZDiHTJ+u3063.png,FZDiHTJ,u3063,っ,kana,extra32
FZDiHTJ+u3064.png,FZDiHTJ,u3064,つ,kana,extra32
FZDiHTJ+u3065.png,FZDiHTJ,u3065,づ,kana,extra32
FZDiHTJ+u3066.png,FZDiHTJ,u3066,て,kana,extra32
FZDiHTJ+u3067.png,FZDiHTJ,u3067,で,kana,extra32
FZDiHTJ+u3068.png,FZDiHTJ,u3068,と,kana,extra32
FZDiHTJ+u3069.png,FZDiHTJ,u3069,ど,kana,extra32
FZDiHTJ+u306A.png,FZDiHTJ,u306A,な,kana,extra32
FZDiHTJ+u306B.png,FZDiHTJ,u306B,に,kana,extra32
FZDiHTJ+u306C.png,FZDiHTJ,u306C,ぬ,kana,extra32
FZDiHTJ+u306D.png,FZDiHTJ,u306D,ね,kana,extra32
FZDiHTJ+u306E.png,FZDiHTJ,u306E,の,kana,extra32
FZDiHTJ+u306F.png,FZDiHTJ,u306F,は,kana,extra32
FZDiHTJ+u3070.png,FZDiHTJ,u3070,ば,kana,extra32
FZDiHTJ+u3071.png,FZDiHTJ,u3071,ぱ,kana,extra32
FZDiHTJ+u3072.png,FZDiHTJ,u3072,ひ,kana,extra32
FZDiHTJ+u3073.png,FZDiHTJ,u3073,び,kana,extra32
FZDiHTJ+u3074.png,FZDiHTJ,u3074,ぴ,kana,extra32
FZDiHTJ+u3075.png,FZDiHTJ,u3075,ふ,kana,extra32
FZDiHTJ+u3076.png,FZDiHTJ,u3076,ぶ,kana,extra32
FZDiHTJ+u3077.png,FZDiHTJ,u3077,ぷ,kana,extra32
FZDiHTJ+u3078.png,FZDiHTJ,u3078,へ,kana,extra32
FZDiHTJ+u3079.png,FZDiHTJ,u3079,べ,kana,extra32
FZDiHTJ+u307A.png,FZDiHTJ,u307A,ぺ,kana,extra32
FZDiHTJ+u307B.png,FZDiHTJ,u307B,ほ,kana,extra32
FZDiHTJ+u307C.png,FZDiHTJ,u307C,ぼ,kana,extra32
FZDiHTJ+u307D.png,FZDiHTJ,u307D,ぽ,kana,extra32
FZDiHTJ+u307E.png,FZDiHTJ,u307E,ま,kana,extra32
FZDiHTJ+u307F.png,FZDiHTJ,u307F,み,kana,extra32
FZDiHTJ+u3080.png,FZDiHTJ,u3080,む,kana,extra32
FZDiHTJ+u3081.png,FZDiHTJ,u3081,め,kana,extra32
FZDiHTJ+u3082.png,FZDiHTJ,u3082,も,kana,extra32
FZDiHTJ+u3083.png,FZDiHTJ,u3083,ゃ,kana,extra32
FZDiHTJ+u3084.png,FZDiHTJ,u3084,や,kana,extra32
FZDiHTJ+u3085.png,FZDiHTJ,u3085,ゅ,kana,extra32
FZDiHTJ+u3086.png,FZDiHTJ,u3086,ゆ,kana,extra32
FZDiHTJ+u3087.png,FZDiHTJ,u3087,ょ,kana,extra32
FZDiHTJ+u3088.png,FZDiHTJ,u3088,よ,kana,extra32
FZDiHTJ+u3089.png,FZDiHTJ,u3089,ら,kana,extra32
FZDiHTJ+u308A.png,FZDiHTJ,u308A,り,kana,extra32
FZDiHTJ+u308B.png,FZDiHTJ,u308B,る,kana,extra32
FZDiHTJ+u308C.png,FZDiHTJ,u308C,れ,kana,extra32
FZDiHTJ+u308D.png,FZDiHTJ,u308D,ろ,kana,extra32
FZDiHTJ+u308E.png,FZDiHTJ,u308E,ゎ,kana,extra32
FZDiHTJ+u308F.png,FZDiHTJ,u308F,わ,kana,extra32
FZDiHTJ+u3090.png,FZDiHTJ,u3090,ゐ,kana,extra32
FZDiHTJ+u3091.png,FZDiHTJ,u3091,ゑ,kana,extra32
FZDiHTJ+u3092.png,FZDiHTJ,u3092,を,kana,extra32
FZDiHTJ+u3093.png,FZDiHTJ,u3093,ん,kana,extra32
FZDiHTJ+u30A1.png,FZDiHTJ,u30A1,ァ,kana,extra32
FZDiHTJ+u30A2.png,FZDiHTJ,u30A2,ア,kana,extra32
FZDiHTJ+u30A3.png,FZDiHTJ,u30A3,ィ,kana,extra32
FZDiHTJ+u30A4.png,FZDiHTJ,u30A4,イ,kana,extra32
FZDiHTJ+u30A5.png,FZDiHTJ,u30A5,ゥ,kana,extra32
FZDiHTJ+u30A6.png,FZDiHTJ,u30A6,ウ,kana,extra32
FZDiHTJ+u30A7.png,FZDiHTJ,u30A7,ェ,kana,extra32
FZDiHTJ+u30A8.png,FZDiHTJ,u30A8,エ,kana,extra32
FZDiHTJ+u30A9.png,FZDiHTJ,u30A9,ォ,kana,extra32
FZDiHTJ+u30AA.png,FZDiHTJ,u30AA,オ,kana,extra32
FZDiHTJ+u30AB.png,FZDiHTJ,u30AB,カ,kana,extra32
FZDiHTJ+u30AC.png,FZDiHTJ,u30AC,ガ,kana,extra32
FZDiHTJ+u30AD.png,FZDiHTJ,u30AD,キ,kana,extra32
FZDiHTJ+u30AE.png,FZDiHTJ,u30AE,ギ,kana,extra32
FZDiHTJ+u30AF.png,FZDiHTJ,u30AF,ク,kana,extra32
FZDiHTJ+u30B0.png,FZDiHTJ,u30B0,グ,kana,extra32
FZDiHTJ+u30B1.png,FZDiHTJ,u30B1,ケ,kana,extra32
FZDiHTJ+u30B2.png,FZDiHTJ,u30B2,ゲ,kana,extra32
FZDiHTJ+u30B3.png,FZDiHTJ,u30B3,コ,kana,extra32
FZDiHTJ+u30B4.png,FZDiHTJ,u30B4,ゴ,kana,extra32
FZDiHTJ+u30B5.png,FZDiHTJ,u30B5,サ,kana,extra32
FZDiHTJ+u30B6.png,FZDiHTJ,u30B6,ザ,kana,extra32
FZDiHTJ+u30B7.png,FZDiHTJ,u30B7,シ,kana,extra32
FZDiHTJ+u30B8.png,FZDiHTJ,u30B8,ジ,kana,extra32
FZDiHTJ+u30B9.png,FZDiHTJ,u30B9,ス,kana,extra32
FZDiHTJ+u30BA.png,FZDiHTJ,u30BA,ズ,kana,extra32
FZDiHTJ+u30BB.png,FZDiHTJ,u30BB,セ,kana,extra32
FZDiHTJ+u30BC.png,FZDiHTJ,u30BC,ゼ,kana,extra32
FZDiHTJ+u30BD.png,FZDiHTJ,u30BD,ソ,kana,extra32
FZDiHTJ+u30BE.png,FZDiHTJ,u30BE,ゾ,kana,extra32
FZDiHTJ+u30BF.png,FZDiHTJ,u30BF,タ,kana,extra32
FZDiHTJ+u30C0.png,FZDiHTJ,u30C0,ダ,kana,extra32
FZDiHTJ+u30C1.png,FZDiHTJ,u30C1,チ,kana,extra32
FZDiHTJ+u30C2.png,FZDiHTJ,u30C2,ヂ,kana,extra32
FZDiHTJ+u30C3.png,FZDiHTJ,u30C3,ッ,kana,extra32
FZDiHTJ+u30C4.png,FZDiHTJ,u30C4,ツ,kana,extra32
FZDiHTJ+u30C5.png,FZDiHTJ,u30C5,ヅ,kana,extra32
FZDiHTJ+u30C6.png,FZDiHTJ,u30C6,テ,kana,extra32
FZDiHTJ+u30C7.png,FZDiHTJ,u30C7,デ,kana,extra32
FZDiHTJ+u30C8.png,FZDiHTJ,u30C8,ト,kana,extra32
FZDiHTJ+u30C9.png,FZDiHTJ,u30C9,ド,kana,extra32
FZDiHTJ+u30CA.png,FZDiHTJ,u30CA,ナ,kana,extra32
FZDiHTJ+u30CB.png,FZDiHTJ,u30CB,ニ,kana,extra32
FZDiHTJ+u30CC.png,FZDiHTJ,u30CC,ヌ,kana,extra32
FZDiHTJ+u30CD.png,FZDiHTJ,u30CD,ネ,kana,extra32
FZDiHTJ+u30CE.png,FZDiHTJ,u30CE,ノ,kana,extra32
FZDiHTJ+u30CF.png,FZDiHTJ,u30CF,ハ,kana,extra32
FZDiHTJ+u30D0.png,FZDiHTJ,u30D0,バ,kana,extra32
FZDiHTJ+u30D1.png,FZDiHTJ,u30D1,パ,kana,extra32
FZDiHTJ+u30D2.png,FZDiHTJ,u30D2,ヒ,kana,extra32
FZDiHTJ+u30D3.png,FZDiHTJ,u30D3,ビ,kana,extra32
FZDiHTJ+u30D4.png,FZDiHTJ,u30D4,ピ,kana,extra32
FZDiHTJ+u30D5.png,FZDiHTJ,u30D5,フ,kana,extra32
FZDiHTJ+u30D6.png,FZDiHTJ,u30D6,ブ,kana,extra32
FZDiHTJ+u30D7.png,FZDiHTJ,u30D7,プ,kana,extra32
FZDiHTJ+u30D8.png,FZDiHTJ,u30D8,ヘ,kana,extra32
FZDiHTJ+u30D9.png,FZDiHTJ,u30D9,ベ,kana,extra32
FZDiHTJ+u30DA.png,FZDiHTJ,u30DA,ペ,kana,extra32
FZDiHTJ+u30DB.png,FZDiHTJ,u30DB,ホ,kana,extra32
FZDiHTJ+u30DC.png,FZDiHTJ,u30DC,ボ,kana,extra32
FZDiHTJ+u30DD.png,FZDiHTJ,u30DD,ポ,kana,extra32
FZDiHTJ+u30DE.png,FZDiHTJ,u30DE,マ,kana,extra32
FZDiHTJ+u30DF.png,FZDiHTJ,u30DF,ミ,kana,extra32
FZDiHTJ+u30E0.png,FZDiHTJ,u30E0,ム,kana,extra32
FZDiHTJ+u30E1.png,FZDiHTJ,u30E1,メ,kana,extra32
FZDiHTJ+u30E2.png,FZDiHTJ,u30E2,モ,kana,extra32
FZDiHTJ+u30E3.png,FZDiHTJ,u30E3,ャ,kana,extra32
FZDiHTJ+u30E4.png,FZDiHTJ,u30E4,ヤ,kana,extra32
FZDiHTJ+u30E5.png,FZDiHTJ,u30E5,ュ,kana,extra32
FZDiHTJ+u30E6.png,FZDiHTJ,u30E6,ユ,kana,extra32
FZDiHTJ+u30E7.png,FZDiHTJ,u30E7,ョ,kana,extra32
FZDiHTJ+u30E8.png,FZDiHTJ,u30E8,ヨ,kana,extra32
FZDiHTJ+u30E9.png,FZDiHTJ,u30E9,ラ,kana,extra32
FZDiHTJ+u30EA.png,FZDiHTJ,u30EA,リ,kana,extra32
FZDiHTJ+u30EB.png,FZDiHTJ,u30EB,ル,kana,extra32
FZDiHTJ+u30EC.png,FZDiHTJ,u30EC,レ,kana,extra32
FZDiHTJ+u30ED.png,FZDiHTJ,u30ED,ロ,kana,extra32
FZDiHTJ+u30EE.png,FZDiHTJ,u30EE,ヮ,kana,extra32
FZDiHTJ+u30EF.png,FZDiHTJ,u30EF,ワ,kana,extra32
FZDiHTJ+u30F0.png,FZDiHTJ,u30F0,ヰ,kana,extra32
FZDiHTJ+u30F1.png,FZDiHTJ,u30F1,ヱ,kana,extra32
FZDiHTJ+u30F2.png,FZDiHTJ,u30F2,ヲ,kana,extra32
FZDiHTJ+u30F3.png,FZDiHTJ,u30F3,ン,kana,extra32
FZDiHTJ+u30F4.png,FZDiHTJ,u30F4,ヴ,kana,extra32
FZDiHTJ+u30F5.png,FZDiHTJ,u30F5,ヵ,kana,extra32
FZDiHTJ+u30F6.png,FZDiHTJ,u30F6,ヶ,kana,extra32
FZFXKTJF+u0030.png,FZFXKTJF,u0030,0,latin,plus17
FZFXKTJF+u0032.png,FZFXKTJF,u0032,2,latin,plus17
FZFXKTJF+u0033.png,FZFXKTJF,u0033,3,latin,plus17
FZFXKTJF+u0034.png,FZFXKTJF,u0034,4,latin,plus17
FZFXKTJF+u0035.png,FZFXKTJF,u0035,5,latin,plus17
FZFXKTJF+u0036.png,FZFXKTJF,u0036,6,latin,plus17
FZFXKTJF+u0037.png,FZFXKTJF,u0037,7,latin,plus17
FZFXKTJF+u0038.png,FZFXKTJF,u0038,8,latin,plus17
FZFXKTJF+u0039.png,FZFXKTJF,u0039,9,latin,plus17
FZFXKTJF+u0041.png,FZFXKTJF,u0041,A,latin,plus17
FZFXKTJF+u0042.png,FZFXKTJF,u0042,B,latin,plus17
FZFXKTJF+u0043.png,FZFXKTJF,u0043,C,latin,plus17
FZFXKTJF+u0044.png,FZFXKTJF,u0044,D,latin,plus17
FZFXKTJF+u0045.png,FZFXKTJF,u0045,E,latin,plus17
FZFXKTJF+u0046.png,FZFXKTJF,u0046,F,latin,plus17
FZFXKTJF+u0047.png,FZFXKTJF,u0047,G,latin,plus17
FZFXKTJF+u0048.png,FZFXKTJF,u0048,H,latin,plus17
FZFXKTJF+u0049.png,FZFXKTJF,u0049,I,latin,plus17
FZFXKTJF+u004A.png,FZFXKTJF,u004A,J,latin,plus17
FZFXKTJF+u004B.png,FZFXKTJF,u004B,K,latin,plus17
FZFXKTJF+u004C.png,FZFXKTJF,u004C,L,latin,plus17
FZFXKTJF+u004D.png,FZFXKTJF,u004D,M,latin,plus17
FZFXKTJF+u004E.png,FZFXKTJF,u004E,N,latin,plus17
FZFXKTJF+u004F.png,FZFXKTJF,u004F,O,latin,plus17
FZFXKTJF+u0050.png,FZFXKTJF,u0050,P,latin,plus17
FZFXKTJF+u0051.png,FZFXKTJF,u0051,Q,latin,plus17
FZFXKTJF+u0052.png,FZFXKTJF,u0052,R,latin,plus17
FZFXKTJF+u0053.png,FZFXKTJF,u0053,S,latin,plus17
FZFXKTJF+u0055.png,FZFXKTJF,u0055,U,latin,plus17
FZFXKTJF+u0056.png,FZFXKTJF,u0056,V,latin,plus17
FZFXKTJF+u0057.png,FZFXKTJF,u0057,W,latin,plus17
FZFXKTJF+u0059.png,FZFXKTJF,u0059,Y,latin,plus17
FZFXKTJF+u005A.png,FZFXKTJF,u005A,Z,latin,plus17
FZFXKTJF+u0062.png,FZFXKTJF,u0062,b,latin,plus17
FZFXKTJF+u0063.png,FZFXKTJF,u0063,c,latin,plus17
FZFXKTJF+u0065.png,FZFXKTJF,u0065,e,latin,plus17
FZFXKTJF+u0066.png,FZFXKTJF,u0066,f,latin,plus17
FZFXKTJF+u0067.png,FZFXKTJF,u0067,g,latin,plus17
FZFXKTJF+u0068.png,FZFXKTJF,u0068,h,latin,plus17
FZFXKTJF+u0069.png,FZFXKTJF,u0069,i,latin,plus17
FZFXKTJF+u006A.png,FZFXKTJF,u006A,j,latin,plus17
FZFXKTJF+u006C.png,FZFXKTJF,u006C,l,latin,plus17
FZFXKTJF+u006D.png,FZFXKTJF,u006D,m,latin,plus17
FZFXKTJF+u006E.png,FZFXKTJF,u006E,n,latin,plus17
FZFXKTJF+u006F.png,FZFXKTJF,u006F,o,latin,plus17
FZFXKTJF+u0070.png,FZFXKTJF,u0070,p,latin,plus17
FZFXKTJF+u0071.png,FZFXKTJF,u0071,q,latin,plus17
FZFXKTJF+u0072.png,FZFXKTJF,u0072,r,latin,plus17
FZFXKTJF+u0073.png,FZFXKTJF,u0073,s,latin,plus17
FZFXKTJF+u0074.png,FZFXKTJF,u0074,t,latin,plus17
FZFXKTJF+u0076.png,FZFXKTJF,u0076,v,latin,plus17
FZFXKTJF+u0077.png,FZFXKTJF,u0077,w,latin,plus17
FZFXKTJF+u0078.png,FZFXKTJF,u0078,x,latin,plus17
FZFXKTJF+u007A.png,FZFXKTJF,u007A,z,latin,plus17
FZFXKTJF+u00E1.png,FZFXKTJF,u00E1,á,latin,plus17
FZFXKTJF+u00E8.png,FZFXKTJF,u00E8,è,latin,plus17
FZFXKTJF+u00E9.png,FZFXKTJF,u00E9,é,latin,plus17
FZFXKTJF+u00EA.png,FZFXKTJF,u00EA,ê,latin,plus17
FZFXKTJF+u00ED.png,FZFXKTJF,u00ED,í,latin,plus17
FZFXKTJF+u00F2.png,FZFXKTJF,u00F2,ò,latin,plus17
FZFXKTJF+u00F3.png,FZFXKTJF,u00F3,ó,latin,plus17
FZFXKTJF+u00F9.png,FZFXKTJF,u00F9,ù,latin,plus17
FZFXKTJF+u00FA.png,FZFXKTJF,u00FA,ú,latin,plus17
FZFXKTJF+u00FC.png,FZFXKTJF,u00FC,ü,latin,plus17
FZFXKTJF+u0101.png,FZFXKTJF,u0101,ā,latin,plus17
FZFXKTJF+u0113.png,FZFXKTJF,u0113,ē,latin,plus17
FZFXKTJF+u011B.png,FZFXKTJF,u011B,ě,latin,plus17
FZFXKTJF+u012B.png,FZFXKTJF,u012B,ī,latin,plus17
FZFXKTJF+u0144.png,FZFXKTJF,u0144,ń,latin,plus17
FZFXKTJF+u0148.png,FZFXKTJF,u0148,ň,latin,plus17
FZFXKTJF+u014D.png,FZFXKTJF,u014D,ō,latin,plus17
FZFXKTJF+u016B.png,FZFXKTJF,u016B,ū,latin,plus17
FZFXKTJF+u01CE.png,FZFXKTJF,u01CE,ǎ,latin,plus17
FZFXKTJF+u01D0.png,FZFXKTJF,u01D0,ǐ,latin,plus17
FZFXKTJF+u01D2.png,FZFXKTJF,u01D2,ǒ,latin,plus17
FZFXKTJF+u01D6.png,FZFXKTJF,u01D6,ǖ,latin,plus17
FZFXKTJF+u01D8.png,FZFXKTJF,u01D8,ǘ,latin,plus17
FZFXKTJF+u01DA.png,FZFXKTJF,u01DA,ǚ,latin,plus17
FZFeiYTJW_Xian+u0030.png,FZFeiYTJW_Xian,u0030,0,latin,extra32
FZFeiYTJW_Xian+u0032.png,FZFeiYTJW_Xian,u0032,2,latin,extra32
FZFeiYTJW_Xian+u0033.png,FZFeiYTJW_Xian,u0033,3,latin,extra32
FZFeiYTJW_Xian+u0034.png,FZFeiYTJW_Xian,u0034,4,latin,extra32
FZFeiYTJW_Xian+u0035.png,FZFeiYTJW_Xian,u0035,5,latin,extra32
FZFeiYTJW_Xian+u0036.png,FZFeiYTJW_Xian,u0036,6,latin,extra32
FZFeiYTJW_Xian+u0037.png,FZFeiYTJW_Xian,u0037,7,latin,extra32
FZFeiYTJW_Xian+u0038.png,FZFeiYTJW_Xian,u0038,8,latin,extra32
FZFeiYTJW_Xian+u0039.png,FZFeiYTJW_Xian,u0039,9,latin,extra32
FZFeiYTJW_Xian+u0041.png,FZFeiYTJW_Xian,u0041,A,latin,extra32
FZFeiYTJW_Xian+u0042.png,FZFeiYTJW_Xian,u0042,B,latin,extra32
FZFeiYTJW_Xian+u0043.png,FZFeiYTJW_Xian,u0043,C,latin,extra32
FZFeiYTJW_Xian+u0044.png,FZFeiYTJW_Xian,u0044,D,latin,extra32
FZFeiYTJW_Xian+u0045.png,FZFeiYTJW_Xian,u0045,E,latin,extra32
FZFeiYTJW_Xian+u0046.png,FZFeiYTJW_Xian,u0046,F,latin,extra32
FZFeiYTJW_Xian+u0047.png,FZFeiYTJW_Xian,u0047,G,latin,extra32
FZFeiYTJW_Xian+u0048.png,FZFeiYTJW_Xian,u0048,H,latin,extra32
FZFeiYTJW_Xian+u0049.png,FZFeiYTJW_Xian,u0049,I,latin,extra32
FZFeiYTJW_Xian+u004A.png,FZFeiYTJW_Xian,u004A,J,latin,extra32
FZFeiYTJW_Xian+u004B.png,FZFeiYTJW_Xian,u004B,K,latin,extra32
FZFeiYTJW_Xian+u004C.png,FZFeiYTJW_Xian,u004C,L,latin,extra32
FZFeiYTJW_Xian+u004D.png,FZFeiYTJW_Xian,u004D,M,latin,extra32
FZFeiYTJW_Xian+u004E.png,FZFeiYTJW_Xian,u004E,N,latin,extra32
FZFeiYTJW_Xian+u004F.png,FZFeiYTJW_Xian,u004F,O,latin,extra32
FZFeiYTJW_Xian+u0050.png,FZFeiYTJW_Xian,u0050,P,latin,extra32
FZFeiYTJW_Xian+u0051.png,FZFeiYTJW_Xian,u0051,Q,latin,extra32
FZFeiYTJW_Xian+u0052.png,FZFeiYTJW_Xian,u0052,R,latin,extra32
FZFeiYTJW_Xian+u0053.png,FZFeiYTJW_Xian,u0053,S,latin,extra32
FZFeiYTJW_Xian+u0055.png,FZFeiYTJW_Xian,u0055,U,latin,extra32
FZFeiYTJW_Xian+u0056.png,FZFeiYTJW_Xian,u0056,V,latin,extra32
FZFeiYTJW_Xian+u0057.png,FZFeiYTJW_Xian,u0057,W,latin,extra32
FZFeiYTJW_Xian+u0059.png,FZFeiYTJW_Xian,u0059,Y,latin,extra32
FZFeiYTJW_Xian+u005A.png,FZFeiYTJW_Xian,u005A,Z,latin,extra32
FZFeiYTJW_Xian+u0062.png,FZFeiYTJW_Xian,u0062,b,latin,extra32
FZFeiYTJW_Xian+u0063.png,FZFeiYTJW_Xian,u0063,c,latin,extra32
FZFeiYTJW_Xian+u0065.png,FZFeiYTJW_Xian,u0065,e,latin,extra32
FZFeiYTJW_Xian+u0066.png,FZFeiYTJW_Xian,u0066,f,latin,extra32
FZFeiYTJW_Xian+u0067.png,FZFeiYTJW_Xian,u0067,g,latin,extra32
FZFeiYTJW_Xian+u0068.png,FZFeiYTJW_Xian,u0068,h,latin,extra32
FZFeiYTJW_Xian+u0069.png,FZFeiYTJW_Xian,u0069,i,latin,extra32
FZFeiYTJW_Xian+u006A.png,FZFeiYTJW_Xian,u006A,j,latin,extra32
FZFeiYTJW_Xian+u006C.png,FZFeiYTJW_Xian,u006C,l,latin,extra32
FZFeiYTJW_Xian+u006D.png,FZFeiYTJW_Xian,u006D,m,latin,extra32
FZFeiYTJW_Xian+u006E.png,FZFeiYTJW_Xian,u006E,n,latin,extra32
FZFeiYTJW_Xian+u006F.png,FZFeiYTJW_Xian,u006F,o,latin,extra32
FZFeiYTJW_Xian+u0070.png,FZFeiYTJW_Xian,u0070,p,latin,extra32
FZFeiYTJW_Xian+u0071.png,FZFeiYTJW_Xian,u0071,q,latin,extra32
FZFeiYTJW_Xian+u0072.png,FZFeiYTJW_Xian,u0072,r,latin,extra32
FZFeiYTJW_Xian+u0073.png,FZFeiYTJW_Xian,u0073,s,latin,extra32
FZFeiYTJW_Xian+u0074.png,FZFeiYTJW_Xian,u0074,t,latin,extra32
FZFeiYTJW_Xian+u0076.png,FZFeiYTJW_Xian,u0076,v,latin,extra32
FZFeiYTJW_Xian+u0077.png,FZFeiYTJW_Xian,u0077,w,latin,extra32
FZFeiYTJW_Xian+u0078.png,FZFeiYTJW_Xian,u0078,x,latin,extra32
FZFeiYTJW_Xian+u007A.png,FZFeiYTJW_Xian,u007A,z,latin,extra32
FZFeiYTJW_Xian+u00E1.png,FZFeiYTJW_Xian,u00E1,á,latin,extra32
FZFeiYTJW_Xian+u00E8.png,FZFeiYTJW_Xian,u00E8,è,latin,extra32
FZFeiYTJW_Xian+u00E9.png,FZFeiYTJW_Xian,u00E9,é,latin,extra32
FZFeiYTJW_Xian+u00EA.png,FZFeiYTJW_Xian,u00EA,ê,latin,extra32
FZFeiYTJW_Xian+u00ED.png,FZFeiYTJW_Xian,u00ED,í,latin,extra32
FZFeiYTJW_Xian+u00F2.png,FZFeiYTJW_Xian,u00F2,ò,latin,extra32
FZFeiYTJW_Xian+u00F3.png,FZFeiYTJW_Xian,u00F3,ó,latin,extra32
FZFeiYTJW_Xian+u00F9.png,FZFeiYTJW_Xian,u00F9,ù,latin,extra32
FZFeiYTJW_Xian+u00FA.png,FZFeiYTJW_Xian,u00FA,ú,latin,extra32
FZFeiYTJW_Xian+u00FC.png,FZFeiYTJW_Xian,u00FC,ü,latin,extra32
FZFeiYTJW_Xian+u0101.png,FZFeiYTJW_Xian,u0101,ā,latin,extra32
FZFeiYTJW_Xian+u0113.png,FZFeiYTJW_Xian,u0113,ē,latin,extra32
FZFeiYTJW_Xian+u011B.png,FZFeiYTJW_Xian,u011B,ě,latin,extra32
FZFeiYTJW_Xian+u012B.png,FZFeiYTJW_Xian,u012B,ī,latin,extra32
FZFeiYTJW_Xian+u0144.png,FZFeiYTJW_Xian,u0144,ń,latin,extra32
FZFeiYTJW_Xian+u0148.png,FZFeiYTJW_Xian,u0148,ň,latin,extra32
FZFeiYTJW_Xian+u014D.png,FZFeiYTJW_Xian,u014D,ō,latin,extra32
FZFeiYTJW_Xian+u016B.png,FZFeiYTJW_Xian,u016B,ū,latin,extra32
FZFeiYTJW_Xian+u01CE.png,FZFeiYTJW_Xian,u01CE,ǎ,latin,extra32
FZFeiYTJW_Xian+u01D0.png,FZFeiYTJW_Xian,u01D0,ǐ,latin,extra32
FZFeiYTJW_Xian+u01D2.png,FZFeiYTJW_Xian,u01D2,ǒ,latin,extra32
FZFeiYTJW_Xian+u01D6.png,FZFeiYTJW_Xian,u01D6,ǖ,latin,extra32
FZFeiYTJW_Xian+u01D8.png,FZFeiYTJW_Xian,u01D8,ǘ,latin,extra32
FZFeiYTJW_Xian+u01DA.png,FZFeiYTJW_Xian,u01DA,ǚ,latin,extra32
FZFeiYTJW_Xian+u3041.png,FZFeiYTJW_Xian,u3041,ぁ,kana,extra32
FZFeiYTJW_Xian+u3042.png,FZFeiYTJW_Xian,u3042,あ,kana,extra32
FZFeiYTJW_Xian+u3043.png,FZFeiYTJW_Xian,u3043,ぃ,kana,extra32
FZFeiYTJW_Xian+u3044.png,FZFeiYTJW_Xian,u3044,い,kana,extra32
FZFeiYTJW_Xian+u3045.png,FZFeiYTJW_Xian,u3045,ぅ,kana,extra32
FZFeiYTJW_Xian+u3046.png,FZFeiYTJW_Xian,u3046,う,kana,extra32
FZFeiYTJW_Xian+u3047.png,FZFeiYTJW_Xian,u3047,ぇ,kana,extra32
FZFeiYTJW_Xian+u3048.png,FZFeiYTJW_Xian,u3048,え,kana,extra32
FZFeiYTJW_Xian+u3049.png,FZFeiYTJW_Xian,u3049,ぉ,kana,extra32
FZFeiYTJW_Xian+u304A.png,FZFeiYTJW_Xian,u304A,お,kana,extra32
FZFeiYTJW_Xian+u304B.png,FZFeiYTJW_Xian,u304B,か,kana,extra32
FZFeiYTJW_Xian+u304C.png,FZFeiYTJW_Xian,u304C,が,kana,extra32
FZFeiYTJW_Xian+u304D.png,FZFeiYTJW_Xian,u304D,き,kana,extra32
FZFeiYTJW_Xian+u304E.png,FZFeiYTJW_Xian,u304E,ぎ,kana,extra32
FZFeiYTJW_Xian+u304F.png,FZFeiYTJW_Xian,u304F,く,kana,extra32
FZFeiYTJW_Xian+u3050.png,FZFeiYTJW_Xian,u3050,ぐ,kana,extra32
FZFeiYTJW_Xian+u3051.png,FZFeiYTJW_Xian,u3051,け,kana,extra32
FZFeiYTJW_Xian+u3052.png,FZFeiYTJW_Xian,u3052,げ,kana,extra32
FZFeiYTJW_Xian+u3053.png,FZFeiYTJW_Xian,u3053,こ,kana,extra32
FZFeiYTJW_Xian+u3054.png,FZFeiYTJW_Xian,u3054,ご,kana,extra32
FZFeiYTJW_Xian+u3055.png,FZFeiYTJW_Xian,u3055,さ,kana,extra32
FZFeiYTJW_Xian+u3056.png,FZFeiYTJW_Xian,u3056,ざ,kana,extra32
FZFeiYTJW_Xian+u3057.png,FZFeiYTJW_Xian,u3057,し,kana,extra32
FZFeiYTJW_Xian+u3058.png,FZFeiYTJW_Xian,u3058,じ,kana,extra32
FZFeiYTJW_Xian+u3059.png,FZFeiYTJW_Xian,u3059,す,kana,extra32
FZFeiYTJW_Xian+u305A.png,FZFeiYTJW_Xian,u305A,ず,kana,extra32
FZFeiYTJW_Xian+u305B.png,FZFeiYTJW_Xian,u305B,せ,kana,extra32
FZFeiYTJW_Xian+u305C.png,FZFeiYTJW_Xian,u305C,ぜ,kana,extra32
FZFeiYTJW_Xian+u305D.png,FZFeiYTJW_Xian,u305D,そ,kana,extra32
FZFeiYTJW_Xian+u305E.png,FZFeiYTJW_Xian,u305E,ぞ,kana,extra32
FZFeiYTJW_Xian+u305F.png,FZFeiYTJW_Xian,u305F,た,kana,extra32
FZFeiYTJW_Xian+u3060.png,FZFeiYTJW_Xian,u3060,だ,kana,extra32
FZFeiYTJW_Xian+u3061.png,FZFeiYTJW_Xian,u3061,ち,kana,extra32
FZFeiYTJW_Xian+u3062.png,FZFeiYTJW_Xian,u3062,ぢ,kana,extra32
FZFeiYTJW_Xian+u3063.png,FZFeiYTJW_Xian,u3063,っ,kana,extra32
FZFeiYTJW_Xian+u3064.png,FZFeiYTJW_Xian,u3064,つ,kana,extra32
FZFeiYTJW_Xian+u3065.png,FZFeiYTJW_Xian,u3065,づ,kana,extra32
FZFeiYTJW_Xian+u3066.png,FZFeiYTJW_Xian,u3066,て,kana,extra32
FZFeiYTJW_Xian+u3067.png,FZFeiYTJW_Xian,u3067,で,kana,extra32
FZFeiYTJW_Xian+u3068.png,FZFeiYTJW_Xian,u3068,と,kana,extra32
FZFeiYTJW_Xian+u3069.png,FZFeiYTJW_Xian,u3069,ど,kana,extra32
FZFeiYTJW_Xian+u306A.png,FZFeiYTJW_Xian,u306A,な,kana,extra32
FZFeiYTJW_Xian+u306B.png,FZFeiYTJW_Xian,u306B,に,kana,extra32
FZFeiYTJW_Xian+u306C.png,FZFeiYTJW_Xian,u306C,ぬ,kana,extra32
FZFeiYTJW_Xian+u306D.png,FZFeiYTJW_Xian,u306D,ね,kana,extra32
FZFeiYTJW_Xian+u306E.png,FZFeiYTJW_Xian,u306E,の,kana,extra32
FZFeiYTJW_Xian+u306F.png,FZFeiYTJW_Xian,u306F,は,kana,extra32
FZFeiYTJW_Xian+u3070.png,FZFeiYTJW_Xian,u3070,ば,kana,extra32
FZFeiYTJW_Xian+u3071.png,FZFeiYTJW_Xian,u3071,ぱ,kana,extra32
FZFeiYTJW_Xian+u3072.png,FZFeiYTJW_Xian,u3072,ひ,kana,extra32
FZFeiYTJW_Xian+u3073.png,FZFeiYTJW_Xian,u3073,び,kana,extra32
FZFeiYTJW_Xian+u3074.png,FZFeiYTJW_Xian,u3074,ぴ,kana,extra32
FZFeiYTJW_Xian+u3075.png,FZFeiYTJW_Xian,u3075,ふ,kana,extra32
FZFeiYTJW_Xian+u3076.png,FZFeiYTJW_Xian,u3076,ぶ,kana,extra32
FZFeiYTJW_Xian+u3077.png,FZFeiYTJW_Xian,u3077,ぷ,kana,extra32
FZFeiYTJW_Xian+u3078.png,FZFeiYTJW_Xian,u3078,へ,kana,extra32
FZFeiYTJW_Xian+u3079.png,FZFeiYTJW_Xian,u3079,べ,kana,extra32
FZFeiYTJW_Xian+u307A.png,FZFeiYTJW_Xian,u307A,ぺ,kana,extra32
FZFeiYTJW_Xian+u307B.png,FZFeiYTJW_Xian,u307B,ほ,kana,extra32
FZFeiYTJW_Xian+u307C.png,FZFeiYTJW_Xian,u307C,ぼ,kana,extra32
FZFeiYTJW_Xian+u307D.png,FZFeiYTJW_Xian,u307D,ぽ,kana,extra32
FZFeiYTJW_Xian+u307E.png,FZFeiYTJW_Xian,u307E,ま,kana,extra32
FZFeiYTJW_Xian+u307F.png,FZFeiYTJW_Xian,u307F,み,kana,extra32
FZFeiYTJW_Xian+u3080.png,FZFeiYTJW_Xian,u3080,む,kana,extra32
FZFeiYTJW_Xian+u3081.png,FZFeiYTJW_Xian,u3081,め,kana,extra32
FZFeiYTJW_Xian+u3082.png,FZFeiYTJW_Xian,u3082,も,kana,extra32
FZFeiYTJW_Xian+u3083.png,FZFeiYTJW_Xian,u3083,ゃ,kana,extra32
FZFeiYTJW_Xian+u3084.png,FZFeiYTJW_Xian,u3084,や,kana,extra32
FZFeiYTJW_Xian+u3085.png,FZFeiYTJW_Xian,u3085,ゅ,kana,extra32
FZFeiYTJW_Xian+u3086.png,FZFeiYTJW_Xian,u3086,ゆ,kana,extra32
FZFeiYTJW_Xian+u3087.png,FZFeiYTJW_Xian,u3087,ょ,kana,extra32
FZFeiYTJW_Xian+u3088.png,FZFeiYTJW_Xian,u3088,よ,kana,extra32
FZFeiYTJW_Xian+u3089.png,FZFeiYTJW_Xian,u3089,ら,kana,extra32
FZFeiYTJW_Xian+u308A.png,FZFeiYTJW_Xian,u308A,り,kana,extra32
FZFeiYTJW_Xian+u308B.png,FZFeiYTJW_Xian,u308B,る,kana,extra32
FZFeiYTJW_Xian+u308C.png,FZFeiYTJW_Xian,u308C,れ,kana,extra32
FZFeiYTJW_Xian+u308D.png,FZFeiYTJW_Xian,u308D,ろ,kana,extra32
FZFeiYTJW_Xian+u308E.png,FZFeiYTJW_Xian,u308E,ゎ,kana,extra32
FZFeiYTJW_Xian+u308F.png,FZFeiYTJW_Xian,u308F,わ,kana,extra32
FZFeiYTJW_Xian+u3090.png,FZFeiYTJW_Xian,u3090,ゐ,kana,extra32
FZFeiYTJW_Xian+u3091.png,FZFeiYTJW_Xian,u3091,ゑ,kana,extra32
FZFeiYTJW_Xian+u3092.png,FZFeiYTJW_Xian,u3092,を,kana,extra32
FZFeiYTJW_Xian+u3093.png,FZFeiYTJW_Xian,u3093,ん,kana,extra32
FZFeiYTJW_Xian+u30A1.png,FZFeiYTJW_Xian,u30A1,ァ,kana,extra32
FZFeiYTJW_Xian+u30A2.png,FZFeiYTJW_Xian,u30A2,ア,kana,extra32
FZFeiYTJW_Xian+u30A3.png,FZFeiYTJW_Xian,u30A3,ィ,kana,extra32
FZFeiYTJW_Xian+u30A4.png,FZFeiYTJW_Xian,u30A4,イ,kana,extra32
FZFeiYTJW_Xian+u30A5.png,FZFeiYTJW_Xian,u30A5,ゥ,kana,extra32
FZFeiYTJW_Xian+u30A6.png,FZFeiYTJW_Xian,u30A6,ウ,kana,extra32
FZFeiYTJW_Xian+u30A7.png,FZFeiYTJW_Xian,u30A7,ェ,kana,extra32
FZFeiYTJW_Xian+u30A8.png,FZFeiYTJW_Xian,u30A8,エ,kana,extra32
FZFeiYTJW_Xian+u30A9.png,FZFeiYTJW_Xian,u30A9,ォ,kana,extra32
FZFeiYTJW_Xian+u30AA.png,FZFeiYTJW_Xian,u30AA,オ,kana,extra32
FZFeiYTJW_Xian+u30AB.png,FZFeiYTJW_Xian,u30AB,カ,kana,extra32
FZFeiYTJW_Xian+u30AC.png,FZFeiYTJW_Xian,u30AC,ガ,kana,extra32
FZFeiYTJW_Xian+u30AD.png,FZFeiYTJW_Xian,u30AD,キ,kana,extra32
FZFeiYTJW_Xian+u30AE.png,FZFeiYTJW_Xian,u30AE,ギ,kana,extra32
FZFeiYTJW_Xian+u30AF.png,FZFeiYTJW_Xian,u30AF,ク,kana,extra32
FZFeiYTJW_Xian+u30B0.png,FZFeiYTJW_Xian,u30B0,グ,kana,extra32
FZFeiYTJW_Xian+u30B1.png,FZFeiYTJW_Xian,u30B1,ケ,kana,extra32
FZFeiYTJW_Xian+u30B2.png,FZFeiYTJW_Xian,u30B2,ゲ,kana,extra32
FZFeiYTJW_Xian+u30B3.png,FZFeiYTJW_Xian,u30B3,コ,kana,extra32
FZFeiYTJW_Xian+u30B4.png,FZFeiYTJW_Xian,u30B4,ゴ,kana,extra32
FZFeiYTJW_Xian+u30B5.png,FZFeiYTJW_Xian,u30B5,サ,kana,extra32
FZFeiYTJW_Xian+u30B6.png,FZFeiYTJW_Xian,u30B6,ザ,kana,extra32
FZFeiYTJW_Xian+u30B7.png,FZFeiYTJW_Xian,u30B7,シ,kana,extra32
FZFeiYTJW_Xian+u30B8.png,FZFeiYTJW_Xian,u30B8,ジ,kana,extra32
FZFeiYTJW_Xian+u30B9.png,FZFeiYTJW_Xian,u30B9,ス,kana,extra32
FZFeiYTJW_Xian+u30BA.png,FZFeiYTJW_Xian,u30BA,ズ,kana,extra32
FZFeiYTJW_Xian+u30BB.png,FZFeiYTJW_Xian,u30BB,セ,kana,extra32
FZFeiYTJW_Xian+u30BC.png,FZFeiYTJW_Xian,u30BC,ゼ,kana,extra32
FZFeiYTJW_Xian+u30BD.png,FZFeiYTJW_Xian,u30BD,ソ,kana,extra32
FZFeiYTJW_Xian+u30BE.png,FZFeiYTJW_Xian,u30BE,ゾ,kana,extra32
FZFeiYTJW_Xian+u30BF.png,FZFeiYTJW_Xian,u30BF,タ,kana,extra32
FZFeiYTJW_Xian+u30C0.png,FZFeiYTJW_Xian,u30C0,ダ,kana,extra32
FZFeiYTJW_Xian+u30C1.png,FZFeiYTJW_Xian,u30C1,チ,kana,extra32
FZFeiYTJW_Xian+u30C2.png,FZFeiYTJW_Xian,u30C2,ヂ,kana,extra32
FZFeiYTJW_Xian+u30C3.png,FZFeiYTJW_Xian,u30C3,ッ,kana,extra32
FZFeiYTJW_Xian+u30C4.png,FZFeiYTJW_Xian,u30C4,ツ,kana,extra32
FZFeiYTJW_Xian+u30C5.png,FZFeiYTJW_Xian,u30C5,ヅ,kana,extra32
FZFeiYTJW_Xian+u30C6.png,FZFeiYTJW_Xian,u30C6,テ,kana,extra32
FZFeiYTJW_Xian+u30C7.png,FZFeiYTJW_Xian,u30C7,デ,kana,extra32
FZFeiYTJW_Xian+u30C8.png,FZFeiYTJW_Xian,u30C8,ト,kana,extra32
FZFeiYTJW_Xian+u30C9.png,FZFeiYTJW_Xian,u30C9,ド,kana,extra32
FZFeiYTJW_Xian+u30CA.png,FZFeiYTJW_Xian,u30CA,ナ,kana,extra32
FZFeiYTJW_Xian+u30CB.png,FZFeiYTJW_Xian,u30CB,ニ,kana,extra32
FZFeiYTJW_Xian+u30CC.png,FZFeiYTJW_Xian,u30CC,ヌ,kana,extra32
FZFeiYTJW_Xian+u30CD.png,FZFeiYTJW_Xian,u30CD,ネ,kana,extra32
FZFeiYTJW_Xian+u30CE.png,FZFeiYTJW_Xian,u30CE,ノ,kana,extra32
FZFeiYTJW_Xian+u30CF.png,FZFeiYTJW_Xian,u30CF,ハ,kana,extra32
FZFeiYTJW_Xian+u30D0.png,FZFeiYTJW_Xian,u30D0,バ,kana,extra32
FZFeiYTJW_Xian+u30D1.png,FZFeiYTJW_Xian,u30D1,パ,kana,extra32
FZFeiYTJW_Xian+u30D2.png,FZFeiYTJW_Xian,u30D2,ヒ,kana,extra32
FZFeiYTJW_Xian+u30D3.png,FZFeiYTJW_Xian,u30D3,ビ,kana,extra32
FZFeiYTJW_Xian+u30D4.png,FZFeiYTJW_Xian,u30D4,ピ,kana,extra32
FZFeiYTJW_Xian+u30D5.png,FZFeiYTJW_Xian,u30D5,フ,kana,extra32
FZFeiYTJW_Xian+u30D6.png,FZFeiYTJW_Xian,u30D6,ブ,kana,extra32
FZFeiYTJW_Xian+u30D7.png,FZFeiYTJW_Xian,u30D7,プ,kana,extra32
FZFeiYTJW_Xian+u30D8.png,FZFeiYTJW_Xian,u30D8,ヘ,kana,extra32
FZFeiYTJW_Xian+u30D9.png,FZFeiYTJW_Xian,u30D9,ベ,kana,extra32
FZFeiYTJW_Xian+u30DA.png,FZFeiYTJW_Xian,u30DA,ペ,kana,extra32
FZFeiYTJW_Xian+u30DB.png,FZFeiYTJW_Xian,u30DB,ホ,kana,extra32
FZFeiYTJW_Xian+u30DC.png,FZFeiYTJW_Xian,u30DC,ボ,kana,extra32
FZFeiYTJW_Xian+u30DD.png,FZFeiYTJW_Xian,u30DD,ポ,kana,extra32
FZFeiYTJW_Xian+u30DE.png,FZFeiYTJW_Xian,u30DE,マ,kana,extra32
FZFeiYTJW_Xian+u30DF.png,FZFeiYTJW_Xian,u30DF,ミ,kana,extra32
FZFeiYTJW_Xian+u30E0.png,FZFeiYTJW_Xian,u30E0,ム,kana,extra32
FZFeiYTJW_Xian+u30E1.png,FZFeiYTJW_Xian,u30E1,メ,kana,extra32
FZFeiYTJW_Xian+u30E2.png,FZFeiYTJW_Xian,u30E2,モ,kana,extra32
FZFeiYTJW_Xian+u30E3.png,FZFeiYTJW_Xian,u30E3,ャ,kana,extra32
FZFeiYTJW_Xian+u30E4.png,FZFeiYTJW_Xian,u30E4,ヤ,kana,extra32
FZFeiYTJW_Xian+u30E5.png,FZFeiYTJW_Xian,u30E5,ュ,kana,extra32
FZFeiYTJW_Xian+u30E6.png,FZFeiYTJW_Xian,u30E6,ユ,kana,extra32
FZFeiYTJW_Xian+u30E7.png,FZFeiYTJW_Xian,u30E7,ョ,kana,extra32
FZFeiYTJW_Xian+u30E8.png,FZFeiYTJW_Xian,u30E8,ヨ,kana,extra32
FZFeiYTJW_Xian+u30E9.png,FZFeiYTJW_Xian,u30E9,ラ,kana,extra32
FZFeiYTJW_Xian+u30EA.png,FZFeiYTJW_Xian,u30EA,リ,kana,extra32
FZFeiYTJW_Xian+u30EB.png,FZFeiYTJW_Xian,u30EB,ル,kana,extra32
FZFeiYTJW_Xian+u30EC.png,FZFeiYTJW_Xian,u30EC,レ,kana,extra32
FZFeiYTJW_Xian+u30ED.png,FZFeiYTJW_Xian,u30ED,ロ,kana,extra32
FZFeiYTJW_Xian+u30EE.png,FZFeiYTJW_Xian,u30EE,ヮ,kana,extra32
FZFeiYTJW_Xian+u30EF.png,FZFeiYTJW_Xian,u30EF,ワ,kana,extra32
FZFeiYTJW_Xian+u30F0.png,FZFeiYTJW_Xian,u30F0,ヰ,kana,extra32
FZFeiYTJW_Xian+u30F1.png,FZFeiYTJW_Xian,u30F1,ヱ,kana,extra32
FZFeiYTJW_Xian+u30F2.png,FZFeiYTJW_Xian,u30F2,ヲ,kana,extra32
FZFeiYTJW_Xian+u30F3.png,FZFeiYTJW_Xian,u30F3,ン,kana,extra32
FZFeiYTJW_Xian+u30F4.png,FZFeiYTJW_Xian,u30F4,ヴ,kana,extra32
FZFeiYTJW_Xian+u30F5.png,FZFeiYTJW_Xian,u30F5,ヵ,kana,extra32
FZFeiYTJW_Xian+u30F6.png,FZFeiYTJW_Xian,u30F6,ヶ,kana,extra32
FZFengRSTJW-DB+u0030.png,FZFengRSTJW-DB,u0030,0,latin,extra32
FZFengRSTJW-DB+u0032.png,FZFengRSTJW-DB,u0032,2,latin,extra32
FZFengRSTJW-DB+u0033.png,FZFengRSTJW-DB,u0033,3,latin,extra32
FZFengRSTJW-DB+u0034.png,FZFengRSTJW-DB,u0034,4,latin,extra32
FZFengRSTJW-DB+u0035.png,FZFengRSTJW-DB,u0035,5,latin,extra32
FZFengRSTJW-DB+u0036.png,FZFengRSTJW-DB,u0036,6,latin,extra32
FZFengRSTJW-DB+u0037.png,FZFengRSTJW-DB,u0037,7,latin,extra32
FZFengRSTJW-DB+u0038.png,FZFengRSTJW-DB,u0038,8,latin,extra32
FZFengRSTJW-DB+u0039.png,FZFengRSTJW-DB,u0039,9,latin,extra32
FZFengRSTJW-DB+u0041.png,FZFengRSTJW-DB,u0041,A,latin,extra32
FZFengRSTJW-DB+u0042.png,FZFengRSTJW-DB,u0042,B,latin,extra32
FZFengRSTJW-DB+u0043.png,FZFengRSTJW-DB,u0043,C,latin,extra32
FZFengRSTJW-DB+u0044.png,FZFengRSTJW-DB,u0044,D,latin,extra32
FZFengRSTJW-DB+u0045.png,FZFengRSTJW-DB,u0045,E,latin,extra32
FZFengRSTJW-DB+u0046.png,FZFengRSTJW-DB,u0046,F,latin,extra32
FZFengRSTJW-DB+u0047.png,FZFengRSTJW-DB,u0047,G,latin,extra32
FZFengRSTJW-DB+u0048.png,FZFengRSTJW-DB,u0048,H,latin,extra32
FZFengRSTJW-DB+u0049.png,FZFengRSTJW-DB,u0049,I,latin,extra32
FZFengRSTJW-DB+u004A.png,FZFengRSTJW-DB,u004A,J,latin,extra32
FZFengRSTJW-DB+u004B.png,FZFengRSTJW-DB,u004B,K,latin,extra32
FZFengRSTJW-DB+u004C.png,FZFengRSTJW-DB,u004C,L,latin,extra32
FZFengRSTJW-DB+u004D.png,FZFengRSTJW-DB,u004D,M,latin,extra32
FZFengRSTJW-DB+u004E.png,FZFengRSTJW-DB,u004E,N,latin,extra32
FZFengRSTJW-DB+u004F.png,FZFengRSTJW-DB,u004F,O,latin,extra32
FZFengRSTJW-DB+u0050.png,FZFengRSTJW-DB,u0050,P,latin,extra32
FZFengRSTJW-DB+u0051.png,FZFengRSTJW-DB,u0051,Q,latin,extra32
FZFengRSTJW-DB+u0052.png,FZFengRSTJW-DB,u0052,R,latin,extra32
FZFengRSTJW-DB+u0053.png,FZFengRSTJW-DB,u0053,S,latin,extra32
FZFengRSTJW-DB+u0055.png,FZFengRSTJW-DB,u0055,U,latin,extra32
FZFengRSTJW-DB+u0056.png,FZFengRSTJW-DB,u0056,V,latin,extra32
FZFengRSTJW-DB+u0057.png,FZFengRSTJW-DB,u0057,W,latin,extra32
FZFengRSTJW-DB+u0059.png,FZFengRSTJW-DB,u0059,Y,latin,extra32
FZFengRSTJW-DB+u005A.png,FZFengRSTJW-DB,u005A,Z,latin,extra32
FZFengRSTJW-DB+u0062.png,FZFengRSTJW-DB,u0062,b,latin,extra32
FZFengRSTJW-DB+u0063.png,FZFengRSTJW-DB,u0063,c,latin,extra32
FZFengRSTJW-DB+u0065.png,FZFengRSTJW-DB,u0065,e,latin,extra32
FZFengRSTJW-DB+u0066.png,FZFengRSTJW-DB,u0066,f,latin,extra32
FZFengRSTJW-DB+u0067.png,FZFengRSTJW-DB,u0067,g,latin,extra32
FZFengRSTJW-DB+u0068.png,FZFengRSTJW-DB,u0068,h,latin,extra32
FZFengRSTJW-DB+u0069.png,FZFengRSTJW-DB,u0069,i,latin,extra32
FZFengRSTJW-DB+u006A.png,FZFengRSTJW-DB,u006A,j,latin,extra32
FZFengRSTJW-DB+u006C.png,FZFengRSTJW-DB,u006C,l,latin,extra32
FZFengRSTJW-DB+u006D.png,FZFengRSTJW-DB,u006D,m,latin,extra32
FZFengRSTJW-DB+u006E.png,FZFengRSTJW-DB,u006E,n,latin,extra32
FZFengRSTJW-DB+u006F.png,FZFengRSTJW-DB,u006F,o,latin,extra32
FZFengRSTJW-DB+u0070.png,FZFengRSTJW-DB,u0070,p,latin,extra32
FZFengRSTJW-DB+u0071.png,FZFengRSTJW-DB,u0071,q,latin,extra32
FZFengRSTJW-DB+u0072.png,FZFengRSTJW-DB,u0072,r,latin,extra32
FZFengRSTJW-DB+u0073.png,FZFengRSTJW-DB,u0073,s,latin,extra32
FZFengRSTJW-DB+u0074.png,FZFengRSTJW-DB,u0074,t,latin,extra32
FZFengRSTJW-DB+u0076.png,FZFengRSTJW-DB,u0076,v,latin,extra32
FZFengRSTJW-DB+u0077.png,FZFengRSTJW-DB,u0077,w,latin,extra32
FZFengRSTJW-DB+u0078.png,FZFengRSTJW-DB,u0078,x,latin,extra32
FZFengRSTJW-DB+u007A.png,FZFengRSTJW-DB,u007A,z,latin,extra32
FZFengRSTJW-DB+u00E1.png,FZFengRSTJW-DB,u00E1,á,latin,extra32
FZFengRSTJW-DB+u00E8.png,FZFengRSTJW-DB,u00E8,è,latin,extra32
FZFengRSTJW-DB+u00E9.png,FZFengRSTJW-DB,u00E9,é,latin,extra32
FZFengRSTJW-DB+u00EA.png,FZFengRSTJW-DB,u00EA,ê,latin,extra32
FZFengRSTJW-DB+u00ED.png,FZFengRSTJW-DB,u00ED,í,latin,extra32
FZFengRSTJW-DB+u00F2.png,FZFengRSTJW-DB,u00F2,ò,latin,extra32
FZFengRSTJW-DB+u00F3.png,FZFengRSTJW-DB,u00F3,ó,latin,extra32
FZFengRSTJW-DB+u00F9.png,FZFengRSTJW-DB,u00F9,ù,latin,extra32
FZFengRSTJW-DB+u00FA.png,FZFengRSTJW-DB,u00FA,ú,latin,extra32
FZFengRSTJW-DB+u00FC.png,FZFengRSTJW-DB,u00FC,ü,latin,extra32
FZFengRSTJW-DB+u0101.png,FZFengRSTJW-DB,u0101,ā,latin,extra32
FZFengRSTJW-DB+u0113.png,FZFengRSTJW-DB,u0113,ē,latin,extra32
FZFengRSTJW-DB+u011B.png,FZFengRSTJW-DB,u011B,ě,latin,extra32
FZFengRSTJW-DB+u012B.png,FZFengRSTJW-DB,u012B,ī,latin,extra32
FZFengRSTJW-DB+u0144.png,FZFengRSTJW-DB,u0144,ń,latin,extra32
FZFengRSTJW-DB+u0148.png,FZFengRSTJW-DB,u0148,ň,latin,extra32
FZFengRSTJW-DB+u014D.png,FZFengRSTJW-DB,u014D,ō,latin,extra32
FZFengRSTJW-DB+u016B.png,FZFengRSTJW-DB,u016B,ū,latin,extra32
FZFengRSTJW-DB+u01CE.png,FZFengRSTJW-DB,u01CE,ǎ,latin,extra32
FZFengRSTJW-DB+u01D0.png,FZFengRSTJW-DB,u01D0,ǐ,latin,extra32
FZFengRSTJW-DB+u01D2.png,FZFengRSTJW-DB,u01D2,ǒ,latin,extra32
FZFengRSTJW-DB+u01D6.png,FZFengRSTJW-DB,u01D6,ǖ,latin,extra32
FZFengRSTJW-DB+u01D8.png,FZFengRSTJW-DB,u01D8,ǘ,latin,extra32
FZFengRSTJW-DB+u01DA.png,FZFengRSTJW-DB,u01DA,ǚ,latin,extra32
FZFengRSTJW-DB+u3041.png,FZFengRSTJW-DB,u3041,ぁ,kana,extra32
FZFengRSTJW-DB+u3042.png,FZFengRSTJW-DB,u3042,あ,kana,extra32
FZFengRSTJW-DB+u3043.png,FZFengRSTJW-DB,u3043,ぃ,kana,extra32
FZFengRSTJW-DB+u3044.png,FZFengRSTJW-DB,u3044,い,kana,extra32
FZFengRSTJW-DB+u3045.png,FZFengRSTJW-DB,u3045,ぅ,kana,extra32
FZFengRSTJW-DB+u3046.png,FZFengRSTJW-DB,u3046,う,kana,extra32
FZFengRSTJW-DB+u3047.png,FZFengRSTJW-DB,u3047,ぇ,kana,extra32
FZFengRSTJW-DB+u3048.png,FZFengRSTJW-DB,u3048,え,kana,extra32
FZFengRSTJW-DB+u3049.png,FZFengRSTJW-DB,u3049,ぉ,kana,extra32
FZFengRSTJW-DB+u304A.png,FZFengRSTJW-DB,u304A,お,kana,extra32
FZFengRSTJW-DB+u304B.png,FZFengRSTJW-DB,u304B,か,kana,extra32
FZFengRSTJW-DB+u304C.png,FZFengRSTJW-DB,u304C,が,kana,extra32
FZFengRSTJW-DB+u304D.png,FZFengRSTJW-DB,u304D,き,kana,extra32
FZFengRSTJW-DB+u304E.png,FZFengRSTJW-DB,u304E,ぎ,kana,extra32
FZFengRSTJW-DB+u304F.png,FZFengRSTJW-DB,u304F,く,kana,extra32
FZFengRSTJW-DB+u3050.png,FZFengRSTJW-DB,u3050,ぐ,kana,extra32
FZFengRSTJW-DB+u3051.png,FZFengRSTJW-DB,u3051,け,kana,extra32
FZFengRSTJW-DB+u3052.png,FZFengRSTJW-DB,u3052,げ,kana,extra32
FZFengRSTJW-DB+u3053.png,FZFengRSTJW-DB,u3053,こ,kana,extra32
FZFengRSTJW-DB+u3054.png,FZFengRSTJW-DB,u3054,ご,kana,extra32
FZFengRSTJW-DB+u3055.png,FZFengRSTJW-DB,u3055,さ,kana,extra32
FZFengRSTJW-DB+u3056.png,FZFengRSTJW-DB,u3056,ざ,kana,extra32
FZFengRSTJW-DB+u3057.png,FZFengRSTJW-DB,u3057,し,kana,extra32
FZFengRSTJW-DB+u3058.png,FZFengRSTJW-DB,u3058,じ,kana,extra32
FZFengRSTJW-DB+u3059.png,FZFengRSTJW-DB,u3059,す,kana,extra32
FZFengRSTJW-DB+u305A.png,FZFengRSTJW-DB,u305A,ず,kana,extra32
FZFengRSTJW-DB+u305B.png,FZFengRSTJW-DB,u305B,せ,kana,extra32
FZFengRSTJW-DB+u305C.png,FZFengRSTJW-DB,u305C,ぜ,kana,extra32
FZFengRSTJW-DB+u305D.png,FZFengRSTJW-DB,u305D,そ,kana,extra32
FZFengRSTJW-DB+u305E.png,FZFengRSTJW-DB,u305E,ぞ,kana,extra32
FZFengRSTJW-DB+u305F.png,FZFengRSTJW-DB,u305F,た,kana,extra32
FZFengRSTJW-DB+u3060.png,FZFengRSTJW-DB,u3060,だ,kana,extra32
FZFengRSTJW-DB+u3061.png,FZFengRSTJW-DB,u3061,ち,kana,extra32
FZFengRSTJW-DB+u3062.png,FZFengRSTJW-DB,u3062,ぢ,kana,extra32
FZFengRSTJW-DB+u3063.png,FZFengRSTJW-DB,u3063,っ,kana,extra32
FZFengRSTJW-DB+u3064.png,FZFengRSTJW-DB,u3064,つ,kana,extra32
FZFengRSTJW-DB+u3065.png,FZFengRSTJW-DB,u3065,づ,kana,extra32
FZFengRSTJW-DB+u3066.png,FZFengRSTJW-DB,u3066,て,kana,extra32
FZFengRSTJW-DB+u3067.png,FZFengRSTJW-DB,u3067,で,kana,extra32
FZFengRSTJW-DB+u3068.png,FZFengRSTJW-DB,u3068,と,kana,extra32
FZFengRSTJW-DB+u3069.png,FZFengRSTJW-DB,u3069,ど,kana,extra32
FZFengRSTJW-DB+u306A.png,FZFengRSTJW-DB,u306A,な,kana,extra32
FZFengRSTJW-DB+u306B.png,FZFengRSTJW-DB,u306B,に,kana,extra32
FZFengRSTJW-DB+u306C.png,FZFengRSTJW-DB,u306C,ぬ,kana,extra32
FZFengRSTJW-DB+u306D.png,FZFengRSTJW-DB,u306D,ね,kana,extra32
FZFengRSTJW-DB+u306E.png,FZFengRSTJW-DB,u306E,の,kana,extra32
FZFengRSTJW-DB+u306F.png,FZFengRSTJW-DB,u306F,は,kana,extra32
FZFengRSTJW-DB+u3070.png,FZFengRSTJW-DB,u3070,ば,kana,extra32
FZFengRSTJW-DB+u3071.png,FZFengRSTJW-DB,u3071,ぱ,kana,extra32
FZFengRSTJW-DB+u3072.png,FZFengRSTJW-DB,u3072,ひ,kana,extra32
FZFengRSTJW-DB+u3073.png,FZFengRSTJW-DB,u3073,び,kana,extra32
FZFengRSTJW-DB+u3074.png,FZFengRSTJW-DB,u3074,ぴ,kana,extra32
FZFengRSTJW-DB+u3075.png,FZFengRSTJW-DB,u3075,ふ,kana,extra32
FZFengRSTJW-DB+u3076.png,FZFengRSTJW-DB,u3076,ぶ,kana,extra32
FZFengRSTJW-DB+u3077.png,FZFengRSTJW-DB,u3077,ぷ,kana,extra32
FZFengRSTJW-DB+u3078.png,FZFengRSTJW-DB,u3078,へ,kana,extra32
FZFengRSTJW-DB+u3079.png,FZFengRSTJW-DB,u3079,べ,kana,extra32
FZFengRSTJW-DB+u307A.png,FZFengRSTJW-DB,u307A,ぺ,kana,extra32
FZFengRSTJW-DB+u307B.png,FZFengRSTJW-DB,u307B,ほ,kana,extra32
FZFengRSTJW-DB+u307C.png,FZFengRSTJW-DB,u307C,ぼ,kana,extra32
FZFengRSTJW-DB+u307D.png,FZFengRSTJW-DB,u307D,ぽ,kana,extra32
FZFengRSTJW-DB+u307E.png,FZFengRSTJW-DB,u307E,ま,kana,extra32
FZFengRSTJW-DB+u307F.png,FZFengRSTJW-DB,u307F,み,kana,extra32
FZFengRSTJW-DB+u3080.png,FZFengRSTJW-DB,u3080,む,kana,extra32
FZFengRSTJW-DB+u3081.png,FZFengRSTJW-DB,u3081,め,kana,extra32
FZFengRSTJW-DB+u3082.png,FZFengRSTJW-DB,u3082,も,kana,extra32
FZFengRSTJW-DB+u3083.png,FZFengRSTJW-DB,u3083,ゃ,kana,extra32
FZFengRSTJW-DB+u3084.png,FZFengRSTJW-DB,u3084,や,kana,extra32
FZFengRSTJW-DB+u3085.png,FZFengRSTJW-DB,u3085,ゅ,kana,extra32
FZFengRSTJW-DB+u3086.png,FZFengRSTJW-DB,u3086,ゆ,kana,extra32
FZFengRSTJW-DB+u3087.png,FZFengRSTJW-DB,u3087,ょ,kana,extra32
FZFengRSTJW-DB+u3088.png,FZFengRSTJW-DB,u3088,よ,kana,extra32
FZFengRSTJW-DB+u3089.png,FZFengRSTJW-DB,u3089,ら,kana,extra32
FZFengRSTJW-DB+u308A.png,FZFengRSTJW-DB,u308A,り,kana,extra32
FZFengRSTJW-DB+u308B.png,FZFengRSTJW-DB,u308B,る,kana,extra32
FZFengRSTJW-DB+u308C.png,FZFengRSTJW-DB,u308C,れ,kana,extra32
FZFengRSTJW-DB+u308D.png,FZFengRSTJW-DB,u308D,ろ,kana,extra32
FZFengRSTJW-DB+u308E.png,FZFengRSTJW-DB,u308E,ゎ,kana,extra32
FZFengRSTJW-DB+u308F.png,FZFengRSTJW-DB,u308F,わ,kana,extra32
FZFengRSTJW-DB+u3090.png,FZFengRSTJW-DB,u3090,ゐ,kana,extra32
FZFengRSTJW-DB+u3091.png,FZFengRSTJW-DB,u3091,ゑ,kana,extra32
FZFengRSTJW-DB+u3092.png,FZFengRSTJW-DB,u3092,を,kana,extra32
FZFengRSTJW-DB+u3093.png,FZFengRSTJW-DB,u3093,ん,kana,extra32
FZFengRSTJW-DB+u30A1.png,FZFengRSTJW-DB,u30A1,ァ,kana,extra32
FZFengRSTJW-DB+u30A2.png,FZFengRSTJW-DB,u30A2,ア,kana,extra32
FZFengRSTJW-DB+u30A3.png,FZFengRSTJW-DB,u30A3,ィ,kana,extra32
FZFengRSTJW-DB+u30A4.png,FZFengRSTJW-DB,u30A4,イ,kana,extra32
FZFengRSTJW-DB+u30A5.png,FZFengRSTJW-DB,u30A5,ゥ,kana,extra32
FZFengRSTJW-DB+u30A6.png,FZFengRSTJW-DB,u30A6,ウ,kana,extra32
FZFengRSTJW-DB+u30A7.png,FZFengRSTJW-DB,u30A7,ェ,kana,extra32
FZFengRSTJW-DB+u30A8.png,FZFengRSTJW-DB,u30A8,エ,kana,extra32
FZFengRSTJW-DB+u30A9.png,FZFengRSTJW-DB,u30A9,ォ,kana,extra32
FZFengRSTJW-DB+u30AA.png,FZFengRSTJW-DB,u30AA,オ,kana,extra32
FZFengRSTJW-DB+u30AB.png,FZFengRSTJW-DB,u30AB,カ,kana,extra32
FZFengRSTJW-DB+u30AC.png,FZFengRSTJW-DB,u30AC,ガ,kana,extra32
FZFengRSTJW-DB+u30AD.png,FZFengRSTJW-DB,u30AD,キ,kana,extra32
FZFengRSTJW-DB+u30AE.png,FZFengRSTJW-DB,u30AE,ギ,kana,extra32
FZFengRSTJW-DB+u30AF.png,FZFengRSTJW-DB,u30AF,ク,kana,extra32
FZFengRSTJW-DB+u30B0.png,FZFengRSTJW-DB,u30B0,グ,kana,extra32
FZFengRSTJW-DB+u30B1.png,FZFengRSTJW-DB,u30B1,ケ,kana,extra32
FZFengRSTJW-DB+u30B2.png,FZFengRSTJW-DB,u30B2,ゲ,kana,extra32
FZFengRSTJW-DB+u30B3.png,FZFengRSTJW-DB,u30B3,コ,kana,extra32
FZFengRSTJW-DB+u30B4.png,FZFengRSTJW-DB,u30B4,ゴ,kana,extra32
FZFengRSTJW-DB+u30B5.png,FZFengRSTJW-DB,u30B5,サ,kana,extra32
FZFengRSTJW-DB+u30B6.png,FZFengRSTJW-DB,u30B6,ザ,kana,extra32
FZFengRSTJW-DB+u30B7.png,FZFengRSTJW-DB,u30B7,シ,kana,extra32
FZFengRSTJW-DB+u30B8.png,FZFengRSTJW-DB,u30B8,ジ,kana,extra32
FZFengRSTJW-DB+u30B9.png,FZFengRSTJW-DB,u30B9,ス,kana,extra32
FZFengRSTJW-DB+u30BA.png,FZFengRSTJW-DB,u30BA,ズ,kana,extra32
FZFengRSTJW-DB+u30BB.png,FZFengRSTJW-DB,u30BB,セ,kana,extra32
FZFengRSTJW-DB+u30BC.png,FZFengRSTJW-DB,u30BC,ゼ,kana,extra32
FZFengRSTJW-DB+u30BD.png,FZFengRSTJW-DB,u30BD,ソ,kana,extra32
FZFengRSTJW-DB+u30BE.png,FZFengRSTJW-DB,u30BE,ゾ,kana,extra32
FZFengRSTJW-DB+u30BF.png,FZFengRSTJW-DB,u30BF,タ,kana,extra32
FZFengRSTJW-DB+u30C0.png,FZFengRSTJW-DB,u30C0,ダ,kana,extra32
FZFengRSTJW-DB+u30C1.png,FZFengRSTJW-DB,u30C1,チ,kana,extra32
FZFengRSTJW-DB+u30C2.png,FZFengRSTJW-DB,u30C2,ヂ,kana,extra32
FZFengRSTJW-DB+u30C3.png,FZFengRSTJW-DB,u30C3,ッ,kana,extra32
FZFengRSTJW-DB+u30C4.png,FZFengRSTJW-DB,u30C4,ツ,kana,extra32
FZFengRSTJW-DB+u30C5.png,FZFengRSTJW-DB,u30C5,ヅ,kana,extra32
FZFengRSTJW-DB+u30C6.png,FZFengRSTJW-DB,u30C6,テ,kana,extra32
FZFengRSTJW-DB+u30C7.png,FZFengRSTJW-DB,u30C7,デ,kana,extra32
FZFengRSTJW-DB+u30C8.png,FZFengRSTJW-DB,u30C8,ト,kana,extra32
FZFengRSTJW-DB+u30C9.png,FZFengRSTJW-DB,u30C9,ド,kana,extra32
FZFengRSTJW-DB+u30CA.png,FZFengRSTJW-DB,u30CA,ナ,kana,extra32
FZFengRSTJW-DB+u30CB.png,FZFengRSTJW-DB,u30CB,ニ,kana,extra32
FZFengRSTJW-DB+u30CC.png,FZFengRSTJW-DB,u30CC,ヌ,kana,extra32
FZFengRSTJW-DB+u30CD.png,FZFengRSTJW-DB,u30CD,ネ,kana,extra32
FZFengRSTJW-DB+u30CE.png,FZFengRSTJW-DB,u30CE,ノ,kana,extra32
FZFengRSTJW-DB+u30CF.png,FZFengRSTJW-DB,u30CF,ハ,kana,extra32
FZFengRSTJW-DB+u30D0.png,FZFengRSTJW-DB,u30D0,バ,kana,extra32
FZFengRSTJW-DB+u30D1.png,FZFengRSTJW-DB,u30D1,パ,kana,extra32
FZFengRSTJW-DB+u30D2.png,FZFengRSTJW-DB,u30D2,ヒ,kana,extra32
FZFengRSTJW-DB+u30D3.png,FZFengRSTJW-DB,u30D3,ビ,kana,extra32
FZFengRSTJW-DB+u30D4.png,FZFengRSTJW-DB,u30D4,ピ,kana,extra32
FZFengRSTJW-DB+u30D5.png,FZFengRSTJW-DB,u30D5,フ,kana,extra32
FZFengRSTJW-DB+u30D6.png,FZFengRSTJW-DB,u30D6,ブ,kana,extra32
FZFengRSTJW-DB+u30D7.png,FZFengRSTJW-DB,u30D7,プ,kana,extra32
FZFengRSTJW-DB+u30D8.png,FZFengRSTJW-DB,u30D8,ヘ,kana,extra32
FZFengRSTJW-DB+u30D9.png,FZFengRSTJW-DB,u30D9,ベ,kana,extra32
FZFengRSTJW-DB+u30DA.png,FZFengRSTJW-DB,u30DA,ペ,kana,extra32
FZFengRSTJW-DB+u30DB.png,FZFengRSTJW-DB,u30DB,ホ,kana,extra32
FZFengRSTJW-DB+u30DC.png,FZFengRSTJW-DB,u30DC,ボ,kana,extra32
FZFengRSTJW-DB+u30DD.png,FZFengRSTJW-DB,u30DD,ポ,kana,extra32
FZFengRSTJW-DB+u30DE.png,FZFengRSTJW-DB,u30DE,マ,kana,extra32
FZFengRSTJW-DB+u30DF.png,FZFengRSTJW-DB,u30DF,ミ,kana,extra32
FZFengRSTJW-DB+u30E0.png,FZFengRSTJW-DB,u30E0,ム,kana,extra32
FZFengRSTJW-DB+u30E1.png,FZFengRSTJW-DB,u30E1,メ,kana,extra32
FZFengRSTJW-DB+u30E2.png,FZFengRSTJW-DB,u30E2,モ,kana,extra32
FZFengRSTJW-DB+u30E3.png,FZFengRSTJW-DB,u30E3,ャ,kana,extra32
FZFengRSTJW-DB+u30E4.png,FZFengRSTJW-DB,u30E4,ヤ,kana,extra32
FZFengRSTJW-DB+u30E5.png,FZFengRSTJW-DB,u30E5,ュ,kana,extra32
FZFengRSTJW-DB+u30E6.png,FZFengRSTJW-DB,u30E6,ユ,kana,extra32
FZFengRSTJW-DB+u30E7.png,FZFengRSTJW-DB,u30E7,ョ,kana,extra32
FZFengRSTJW-DB+u30E8.png,FZFengRSTJW-DB,u30E8,ヨ,kana,extra32
FZFengRSTJW-DB+u30E9.png,FZFengRSTJW-DB,u30E9,ラ,kana,extra32
FZFengRSTJW-DB+u30EA.png,FZFengRSTJW-DB,u30EA,リ,kana,extra32
FZFengRSTJW-DB+u30EB.png,FZFengRSTJW-DB,u30EB,ル,kana,extra32
FZFengRSTJW-DB+u30EC.png,FZFengRSTJW-DB,u30EC,レ,kana,extra32
FZFengRSTJW-DB+u30ED.png,FZFengRSTJW-DB,u30ED,ロ,kana,extra32
FZFengRSTJW-DB+u30EE.png,FZFengRSTJW-DB,u30EE,ヮ,kana,extra32
FZFengRSTJW-DB+u30EF.png,FZFengRSTJW-DB,u30EF,ワ,kana,extra32
FZFengRSTJW-DB+u30F0.png,FZFengRSTJW-DB,u30F0,ヰ,kana,extra32
FZFengRSTJW-DB+u30F1.png,FZFengRSTJW-DB,u30F1,ヱ,kana,extra32
FZFengRSTJW-DB+u30F2.png,FZFengRSTJW-DB,u30F2,ヲ,kana,extra32
FZFengRSTJW-DB+u30F3.png,FZFengRSTJW-DB,u30F3,ン,kana,extra32
FZFengRSTJW-DB+u30F4.png,FZFengRSTJW-DB,u30F4,ヴ,kana,extra32
FZFengRSTJW-DB+u30F5.png,FZFengRSTJW-DB,u30F5,ヵ,kana,extra32
FZFengRSTJW-DB+u30F6.png,FZFengRSTJW-DB,u30F6,ヶ,kana,extra32
FZHanBTJW_Cu+u0030.png,FZHanBTJW_Cu,u0030,0,latin,extra32
FZHanBTJW_Cu+u0032.png,FZHanBTJW_Cu,u0032,2,latin,extra32
FZHanBTJW_Cu+u0033.png,FZHanBTJW_Cu,u0033,3,latin,extra32
FZHanBTJW_Cu+u0034.png,FZHanBTJW_Cu,u0034,4,latin,extra32
FZHanBTJW_Cu+u0035.png,FZHanBTJW_Cu,u0035,5,latin,extra32
FZHanBTJW_Cu+u0036.png,FZHanBTJW_Cu,u0036,6,latin,extra32
FZHanBTJW_Cu+u0037.png,FZHanBTJW_Cu,u0037,7,latin,extra32
FZHanBTJW_Cu+u0038.png,FZHanBTJW_Cu,u0038,8,latin,extra32
FZHanBTJW_Cu+u0039.png,FZHanBTJW_Cu,u0039,9,latin,extra32
FZHanBTJW_Cu+u0041.png,FZHanBTJW_Cu,u0041,A,latin,extra32
FZHanBTJW_Cu+u0042.png,FZHanBTJW_Cu,u0042,B,latin,extra32
FZHanBTJW_Cu+u0043.png,FZHanBTJW_Cu,u0043,C,latin,extra32
FZHanBTJW_Cu+u0044.png,FZHanBTJW_Cu,u0044,D,latin,extra32
FZHanBTJW_Cu+u0045.png,FZHanBTJW_Cu,u0045,E,latin,extra32
FZHanBTJW_Cu+u0046.png,FZHanBTJW_Cu,u0046,F,latin,extra32
FZHanBTJW_Cu+u0047.png,FZHanBTJW_Cu,u0047,G,latin,extra32
FZHanBTJW_Cu+u0048.png,FZHanBTJW_Cu,u0048,H,latin,extra32
FZHanBTJW_Cu+u0049.png,FZHanBTJW_Cu,u0049,I,latin,extra32
FZHanBTJW_Cu+u004A.png,FZHanBTJW_Cu,u004A,J,latin,extra32
FZHanBTJW_Cu+u004B.png,FZHanBTJW_Cu,u004B,K,latin,extra32
FZHanBTJW_Cu+u004C.png,FZHanBTJW_Cu,u004C,L,latin,extra32
FZHanBTJW_Cu+u004D.png,FZHanBTJW_Cu,u004D,M,latin,extra32
FZHanBTJW_Cu+u004E.png,FZHanBTJW_Cu,u004E,N,latin,extra32
FZHanBTJW_Cu+u004F.png,FZHanBTJW_Cu,u004F,O,latin,extra32
FZHanBTJW_Cu+u0050.png,FZHanBTJW_Cu,u0050,P,latin,extra32
FZHanBTJW_Cu+u0051.png,FZHanBTJW_Cu,u0051,Q,latin,extra32
FZHanBTJW_Cu+u0052.png,FZHanBTJW_Cu,u0052,R,latin,extra32
FZHanBTJW_Cu+u0053.png,FZHanBTJW_Cu,u0053,S,latin,extra32
FZHanBTJW_Cu+u0055.png,FZHanBTJW_Cu,u0055,U,latin,extra32
FZHanBTJW_Cu+u0056.png,FZHanBTJW_Cu,u0056,V,latin,extra32
FZHanBTJW_Cu+u0057.png,FZHanBTJW_Cu,u0057,W,latin,extra32
FZHanBTJW_Cu+u0059.png,FZHanBTJW_Cu,u0059,Y,latin,extra32
FZHanBTJW_Cu+u005A.png,FZHanBTJW_Cu,u005A,Z,latin,extra32
FZHanBTJW_Cu+u0062.png,FZHanBTJW_Cu,u0062,b,latin,extra32
FZHanBTJW_Cu+u0063.png,FZHanBTJW_Cu,u0063,c,latin,extra32
FZHanBTJW_Cu+u0065.png,FZHanBTJW_Cu,u0065,e,latin,extra32
FZHanBTJW_Cu+u0066.png,FZHanBTJW_Cu,u0066,f,latin,extra32
FZHanBTJW_Cu+u0067.png,FZHanBTJW_Cu,u0067,g,latin,extra32
FZHanBTJW_Cu+u0068.png,FZHanBTJW_Cu,u0068,h,latin,extra32
FZHanBTJW_Cu+u0069.png,FZHanBTJW_Cu,u0069,i,latin,extra32
FZHanBTJW_Cu+u006A.png,FZHanBTJW_Cu,u006A,j,latin,extra32
FZHanBTJW_Cu+u006C.png,FZHanBTJW_Cu,u006C,l,latin,extra32
FZHanBTJW_Cu+u006D.png,FZHanBTJW_Cu,u006D,m,latin,extra32
FZHanBTJW_Cu+u006E.png,FZHanBTJW_Cu,u006E,n,latin,extra32
FZHanBTJW_Cu+u006F.png,FZHanBTJW_Cu,u006F,o,latin,extra32
FZHanBTJW_Cu+u0070.png,FZHanBTJW_Cu,u0070,p,latin,extra32
FZHanBTJW_Cu+u0071.png,FZHanBTJW_Cu,u0071,q,latin,extra32
FZHanBTJW_Cu+u0072.png,FZHanBTJW_Cu,u0072,r,latin,extra32
FZHanBTJW_Cu+u0073.png,FZHanBTJW_Cu,u0073,s,latin,extra32
FZHanBTJW_Cu+u0074.png,FZHanBTJW_Cu,u0074,t,latin,extra32
FZHanBTJW_Cu+u0076.png,FZHanBTJW_Cu,u0076,v,latin,extra32
FZHanBTJW_Cu+u0077.png,FZHanBTJW_Cu,u0077,w,latin,extra32
FZHanBTJW_Cu+u0078.png,FZHanBTJW_Cu,u0078,x,latin,extra32
FZHanBTJW_Cu+u007A.png,FZHanBTJW_Cu,u007A,z,latin,extra32
FZHanBTJW_Cu+u00E1.png,FZHanBTJW_Cu,u00E1,á,latin,extra32
FZHanBTJW_Cu+u00E8.png,FZHanBTJW_Cu,u00E8,è,latin,extra32
FZHanBTJW_Cu+u00E9.png,FZHanBTJW_Cu,u00E9,é,latin,extra32
FZHanBTJW_Cu+u00EA.png,FZHanBTJW_Cu,u00EA,ê,latin,extra32
FZHanBTJW_Cu+u00ED.png,FZHanBTJW_Cu,u00ED,í,latin,extra32
FZHanBTJW_Cu+u00F2.png,FZHanBTJW_Cu,u00F2,ò,latin,extra32
FZHanBTJW_Cu+u00F3.png,FZHanBTJW_Cu,u00F3,ó,latin,extra32
FZHanBTJW_Cu+u00F9.png,FZHanBTJW_Cu,u00F9,ù,latin,extra32
FZHanBTJW_Cu+u00FA.png,FZHanBTJW_Cu,u00FA,ú,latin,extra32
FZHanBTJW_Cu+u00FC.png,FZHanBTJW_Cu,u00FC,ü,latin,extra32
FZHanBTJW_Cu+u0101.png,FZHanBTJW_Cu,u0101,ā,latin,extra32
FZHanBTJW_Cu+u0113.png,FZHanBTJW_Cu,u0113,ē,latin,extra32
FZHanBTJW_Cu+u011B.png,FZHanBTJW_Cu,u011B,ě,latin,extra32
FZHanBTJW_Cu+u012B.png,FZHanBTJW_Cu,u012B,ī,latin,extra32
FZHanBTJW_Cu+u0144.png,FZHanBTJW_Cu,u0144,ń,latin,extra32
FZHanBTJW_Cu+u0148.png,FZHanBTJW_Cu,u0148,ň,latin,extra32
FZHanBTJW_Cu+u014D.png,FZHanBTJW_Cu,u014D,ō,latin,extra32
FZHanBTJW_Cu+u016B.png,FZHanBTJW_Cu,u016B,ū,latin,extra32
FZHanBTJW_Cu+u01CE.png,FZHanBTJW_Cu,u01CE,ǎ,latin,extra32
FZHanBTJW_Cu+u01D0.png,FZHanBTJW_Cu,u01D0,ǐ,latin,extra32
FZHanBTJW_Cu+u01D2.png,FZHanBTJW_Cu,u01D2,ǒ,latin,extra32
FZHanBTJW_Cu+u01D6.png,FZHanBTJW_Cu,u01D6,ǖ,latin,extra32
FZHanBTJW_Cu+u01D8.png,FZHanBTJW_Cu,u01D8,ǘ,latin,extra32
FZHanBTJW_Cu+u01DA.png,FZHanBTJW_Cu,u01DA,ǚ,latin,extra32
FZHanBTJW_Cu+u3041.png,FZHanBTJW_Cu,u3041,ぁ,kana,extra32
FZHanBTJW_Cu+u3042.png,FZHanBTJW_Cu,u3042,あ,kana,extra32
FZHanBTJW_Cu+u3043.png,FZHanBTJW_Cu,u3043,ぃ,kana,extra32
FZHanBTJW_Cu+u3044.png,FZHanBTJW_Cu,u3044,い,kana,extra32
FZHanBTJW_Cu+u3045.png,FZHanBTJW_Cu,u3045,ぅ,kana,extra32
FZHanBTJW_Cu+u3046.png,FZHanBTJW_Cu,u3046,う,kana,extra32
FZHanBTJW_Cu+u3047.png,FZHanBTJW_Cu,u3047,ぇ,kana,extra32
FZHanBTJW_Cu+u3048.png,FZHanBTJW_Cu,u3048,え,kana,extra32
FZHanBTJW_Cu+u3049.png,FZHanBTJW_Cu,u3049,ぉ,kana,extra32
FZHanBTJW_Cu+u304A.png,FZHanBTJW_Cu,u304A,お,kana,extra32
FZHanBTJW_Cu+u304B.png,FZHanBTJW_Cu,u304B,か,kana,extra32
FZHanBTJW_Cu+u304C.png,FZHanBTJW_Cu,u304C,が,kana,extra32
FZHanBTJW_Cu+u304D.png,FZHanBTJW_Cu,u304D,き,kana,extra32
FZHanBTJW_Cu+u304E.png,FZHanBTJW_Cu,u304E,ぎ,kana,extra32
FZHanBTJW_Cu+u304F.png,FZHanBTJW_Cu,u304F,く,kana,extra32
FZHanBTJW_Cu+u3050.png,FZHanBTJW_Cu,u3050,ぐ,kana,extra32
FZHanBTJW_Cu+u3051.png,FZHanBTJW_Cu,u3051,け,kana,extra32
FZHanBTJW_Cu+u3052.png,FZHanBTJW_Cu,u3052,げ,kana,extra32
FZHanBTJW_Cu+u3053.png,FZHanBTJW_Cu,u3053,こ,kana,extra32
FZHanBTJW_Cu+u3054.png,FZHanBTJW_Cu,u3054,ご,kana,extra32
FZHanBTJW_Cu+u3055.png,FZHanBTJW_Cu,u3055,さ,kana,extra32
FZHanBTJW_Cu+u3056.png,FZHanBTJW_Cu,u3056,ざ,kana,extra32
FZHanBTJW_Cu+u3057.png,FZHanBTJW_Cu,u3057,し,kana,extra32
FZHanBTJW_Cu+u3058.png,FZHanBTJW_Cu,u3058,じ,kana,extra32
FZHanBTJW_Cu+u3059.png,FZHanBTJW_Cu,u3059,す,kana,extra32
FZHanBTJW_Cu+u305A.png,FZHanBTJW_Cu,u305A,ず,kana,extra32
FZHanBTJW_Cu+u305B.png,FZHanBTJW_Cu,u305B,せ,kana,extra32
FZHanBTJW_Cu+u305C.png,FZHanBTJW_Cu,u305C,ぜ,kana,extra32
FZHanBTJW_Cu+u305D.png,FZHanBTJW_Cu,u305D,そ,kana,extra32
FZHanBTJW_Cu+u305E.png,FZHanBTJW_Cu,u305E,ぞ,kana,extra32
FZHanBTJW_Cu+u305F.png,FZHanBTJW_Cu,u305F,た,kana,extra32
FZHanBTJW_Cu+u3060.png,FZHanBTJW_Cu,u3060,だ,kana,extra32
FZHanBTJW_Cu+u3061.png,FZHanBTJW_Cu,u3061,ち,kana,extra32
FZHanBTJW_Cu+u3062.png,FZHanBTJW_Cu,u3062,ぢ,kana,extra32
FZHanBTJW_Cu+u3063.png,FZHanBTJW_Cu,u3063,っ,kana,extra32
FZHanBTJW_Cu+u3064.png,FZHanBTJW_Cu,u3064,つ,kana,extra32
FZHanBTJW_Cu+u3065.png,FZHanBTJW_Cu,u3065,づ,kana,extra32
FZHanBTJW_Cu+u3066.png,FZHanBTJW_Cu,u3066,て,kana,extra32
FZHanBTJW_Cu+u3067.png,FZHanBTJW_Cu,u3067,で,kana,extra32
FZHanBTJW_Cu+u3068.png,FZHanBTJW_Cu,u3068,と,kana,extra32
FZHanBTJW_Cu+u3069.png,FZHanBTJW_Cu,u3069,ど,kana,extra32
FZHanBTJW_Cu+u306A.png,FZHanBTJW_Cu,u306A,な,kana,extra32
FZHanBTJW_Cu+u306B.png,FZHanBTJW_Cu,u306B,に,kana,extra32
FZHanBTJW_Cu+u306C.png,FZHanBTJW_Cu,u306C,ぬ,kana,extra32
FZHanBTJW_Cu+u306D.png,FZHanBTJW_Cu,u306D,ね,kana,extra32
FZHanBTJW_Cu+u306E.png,FZHanBTJW_Cu,u306E,の,kana,extra32
FZHanBTJW_Cu+u306F.png,FZHanBTJW_Cu,u306F,は,kana,extra32
FZHanBTJW_Cu+u3070.png,FZHanBTJW_Cu,u3070,ば,kana,extra32
FZHanBTJW_Cu+u3071.png,FZHanBTJW_Cu,u3071,ぱ,kana,extra32
FZHanBTJW_Cu+u3072.png,FZHanBTJW_Cu,u3072,ひ,kana,extra32
FZHanBTJW_Cu+u3073.png,FZHanBTJW_Cu,u3073,び,kana,extra32
FZHanBTJW_Cu+u3074.png,FZHanBTJW_Cu,u3074,ぴ,kana,extra32
FZHanBTJW_Cu+u3075.png,FZHanBTJW_Cu,u3075,ふ,kana,extra32
FZHanBTJW_Cu+u3076.png,FZHanBTJW_Cu,u3076,ぶ,kana,extra32
FZHanBTJW_Cu+u3077.png,FZHanBTJW_Cu,u3077,ぷ,kana,extra32
FZHanBTJW_Cu+u3078.png,FZHanBTJW_Cu,u3078,へ,kana,extra32
FZHanBTJW_Cu+u3079.png,FZHanBTJW_Cu,u3079,べ,kana,extra32
FZHanBTJW_Cu+u307A.png,FZHanBTJW_Cu,u307A,ぺ,kana,extra32
FZHanBTJW_Cu+u307B.png,FZHanBTJW_Cu,u307B,ほ,kana,extra32
FZHanBTJW_Cu+u307C.png,FZHanBTJW_Cu,u307C,ぼ,kana,extra32
FZHanBTJW_Cu+u307D.png,FZHanBTJW_Cu,u307D,ぽ,kana,extra32
FZHanBTJW_Cu+u307E.png,FZHanBTJW_Cu,u307E,ま,kana,extra32
FZHanBTJW_Cu+u307F.png,FZHanBTJW_Cu,u307F,み,kana,extra32
FZHanBTJW_Cu+u3080.png,FZHanBTJW_Cu,u3080,む,kana,extra32
FZHanBTJW_Cu+u3081.png,FZHanBTJW_Cu,u3081,め,kana,extra32
FZHanBTJW_Cu+u3082.png,FZHanBTJW_Cu,u3082,も,kana,extra32
FZHanBTJW_Cu+u3083.png,FZHanBTJW_Cu,u3083,ゃ,kana,extra32
FZHanBTJW_Cu+u3084.png,FZHanBTJW_Cu,u3084,や,kana,extra32
FZHanBTJW_Cu+u3085.png,FZHanBTJW_Cu,u3085,ゅ,kana,extra32
FZHanBTJW_Cu+u3086.png,FZHanBTJW_Cu,u3086,ゆ,kana,extra32
FZHanBTJW_Cu+u3087.png,FZHanBTJW_Cu,u3087,ょ,kana,extra32
FZHanBTJW_Cu+u3088.png,FZHanBTJW_Cu,u3088,よ,kana,extra32
FZHanBTJW_Cu+u3089.png,FZHanBTJW_Cu,u3089,ら,kana,extra32
FZHanBTJW_Cu+u308A.png,FZHanBTJW_Cu,u308A,り,kana,extra32
FZHanBTJW_Cu+u308B.png,FZHanBTJW_Cu,u308B,る,kana,extra32
FZHanBTJW_Cu+u308C.png,FZHanBTJW_Cu,u308C,れ,kana,extra32
FZHanBTJW_Cu+u308D.png,FZHanBTJW_Cu,u308D,ろ,kana,extra32
FZHanBTJW_Cu+u308E.png,FZHanBTJW_Cu,u308E,ゎ,kana,extra32
FZHanBTJW_Cu+u308F.png,FZHanBTJW_Cu,u308F,わ,kana,extra32
FZHanBTJW_Cu+u3090.png,FZHanBTJW_Cu,u3090,ゐ,kana,extra32
FZHanBTJW_Cu+u3091.png,FZHanBTJW_Cu,u3091,ゑ,kana,extra32
FZHanBTJW_Cu+u3092.png,FZHanBTJW_Cu,u3092,を,kana,extra32
FZHanBTJW_Cu+u3093.png,FZHanBTJW_Cu,u3093,ん,kana,extra32
FZHanBTJW_Cu+u30A1.png,FZHanBTJW_Cu,u30A1,ァ,kana,extra32
FZHanBTJW_Cu+u30A2.png,FZHanBTJW_Cu,u30A2,ア,kana,extra32
FZHanBTJW_Cu+u30A3.png,FZHanBTJW_Cu,u30A3,ィ,kana,extra32
FZHanBTJW_Cu+u30A4.png,FZHanBTJW_Cu,u30A4,イ,kana,extra32
FZHanBTJW_Cu+u30A5.png,FZHanBTJW_Cu,u30A5,ゥ,kana,extra32
FZHanBTJW_Cu+u30A6.png,FZHanBTJW_Cu,u30A6,ウ,kana,extra32
FZHanBTJW_Cu+u30A7.png,FZHanBTJW_Cu,u30A7,ェ,kana,extra32
FZHanBTJW_Cu+u30A8.png,FZHanBTJW_Cu,u30A8,エ,kana,extra32
FZHanBTJW_Cu+u30A9.png,FZHanBTJW_Cu,u30A9,ォ,kana,extra32
FZHanBTJW_Cu+u30AA.png,FZHanBTJW_Cu,u30AA,オ,kana,extra32
FZHanBTJW_Cu+u30AB.png,FZHanBTJW_Cu,u30AB,カ,kana,extra32
FZHanBTJW_Cu+u30AC.png,FZHanBTJW_Cu,u30AC,ガ,kana,extra32
FZHanBTJW_Cu+u30AD.png,FZHanBTJW_Cu,u30AD,キ,kana,extra32
FZHanBTJW_Cu+u30AE.png,FZHanBTJW_Cu,u30AE,ギ,kana,extra32
FZHanBTJW_Cu+u30AF.png,FZHanBTJW_Cu,u30AF,ク,kana,extra32
FZHanBTJW_Cu+u30B0.png,FZHanBTJW_Cu,u30B0,グ,kana,extra32
FZHanBTJW_Cu+u30B1.png,FZHanBTJW_Cu,u30B1,ケ,kana,extra32
FZHanBTJW_Cu+u30B2.png,FZHanBTJW_Cu,u30B2,ゲ,kana,extra32
FZHanBTJW_Cu+u30B3.png,FZHanBTJW_Cu,u30B3,コ,kana,extra32
FZHanBTJW_Cu+u30B4.png,FZHanBTJW_Cu,u30B4,ゴ,kana,extra32
FZHanBTJW_Cu+u30B5.png,FZHanBTJW_Cu,u30B5,サ,kana,extra32
FZHanBTJW_Cu+u30B6.png,FZHanBTJW_Cu,u30B6,ザ,kana,extra32
FZHanBTJW_Cu+u30B7.png,FZHanBTJW_Cu,u30B7,シ,kana,extra32
FZHanBTJW_Cu+u30B8.png,FZHanBTJW_Cu,u30B8,ジ,kana,extra32
FZHanBTJW_Cu+u30B9.png,FZHanBTJW_Cu,u30B9,ス,kana,extra32
FZHanBTJW_Cu+u30BA.png,FZHanBTJW_Cu,u30BA,ズ,kana,extra32
FZHanBTJW_Cu+u30BB.png,FZHanBTJW_Cu,u30BB,セ,kana,extra32
FZHanBTJW_Cu+u30BC.png,FZHanBTJW_Cu,u30BC,ゼ,kana,extra32
FZHanBTJW_Cu+u30BD.png,FZHanBTJW_Cu,u30BD,ソ,kana,extra32
FZHanBTJW_Cu+u30BE.png,FZHanBTJW_Cu,u30BE,ゾ,kana,extra32
FZHanBTJW_Cu+u30BF.png,FZHanBTJW_Cu,u30BF,タ,kana,extra32
FZHanBTJW_Cu+u30C0.png,FZHanBTJW_Cu,u30C0,ダ,kana,extra32
FZHanBTJW_Cu+u30C1.png,FZHanBTJW_Cu,u30C1,チ,kana,extra32
FZHanBTJW_Cu+u30C2.png,FZHanBTJW_Cu,u30C2,ヂ,kana,extra32
FZHanBTJW_Cu+u30C3.png,FZHanBTJW_Cu,u30C3,ッ,kana,extra32
FZHanBTJW_Cu+u30C4.png,FZHanBTJW_Cu,u30C4,ツ,kana,extra32
FZHanBTJW_Cu+u30C5.png,FZHanBTJW_Cu,u30C5,ヅ,kana,extra32
FZHanBTJW_Cu+u30C6.png,FZHanBTJW_Cu,u30C6,テ,kana,extra32
FZHanBTJW_Cu+u30C7.png,FZHanBTJW_Cu,u30C7,デ,kana,extra32
FZHanBTJW_Cu+u30C8.png,FZHanBTJW_Cu,u30C8,ト,kana,extra32
FZHanBTJW_Cu+u30C9.png,FZHanBTJW_Cu,u30C9,ド,kana,extra32
FZHanBTJW_Cu+u30CA.png,FZHanBTJW_Cu,u30CA,ナ,kana,extra32
FZHanBTJW_Cu+u30CB.png,FZHanBTJW_Cu,u30CB,ニ,kana,extra32
FZHanBTJW_Cu+u30CC.png,FZHanBTJW_Cu,u30CC,ヌ,kana,extra32
FZHanBTJW_Cu+u30CD.png,FZHanBTJW_Cu,u30CD,ネ,kana,extra32
FZHanBTJW_Cu+u30CE.png,FZHanBTJW_Cu,u30CE,ノ,kana,extra32
FZHanBTJW_Cu+u30CF.png,FZHanBTJW_Cu,u30CF,ハ,kana,extra32
FZHanBTJW_Cu+u30D0.png,FZHanBTJW_Cu,u30D0,バ,kana,extra32
FZHanBTJW_Cu+u30D1.png,FZHanBTJW_Cu,u30D1,パ,kana,extra32
FZHanBTJW_Cu+u30D2.png,FZHanBTJW_Cu,u30D2,ヒ,kana,extra32
FZHanBTJW_Cu+u30D3.png,FZHanBTJW_Cu,u30D3,ビ,kana,extra32
FZHanBTJW_Cu+u30D4.png,FZHanBTJW_Cu,u30D4,ピ,kana,extra32
FZHanBTJW_Cu+u30D5.png,FZHanBTJW_Cu,u30D5,フ,kana,extra32
FZHanBTJW_Cu+u30D6.png,FZHanBTJW_Cu,u30D6,ブ,kana,extra32
FZHanBTJW_Cu+u30D7.png,FZHanBTJW_Cu,u30D7,プ,kana,extra32
FZHanBTJW_Cu+u30D8.png,FZHanBTJW_Cu,u30D8,ヘ,kana,extra32
FZHanBTJW_Cu+u30D9.png,FZHanBTJW_Cu,u30D9,ベ,kana,extra32
FZHanBTJW_Cu+u30DA.png,FZHanBTJW_Cu,u30DA,ペ,kana,extra32
FZHanBTJW_Cu+u30DB.png,FZHanBTJW_Cu,u30DB,ホ,kana,extra32
FZHanBTJW_Cu+u30DC.png,FZHanBTJW_Cu,u30DC,ボ,kana,extra32
FZHanBTJW_Cu+u30DD.png,FZHanBTJW_Cu,u30DD,ポ,kana,extra32
FZHanBTJW_Cu+u30DE.png,FZHanBTJW_Cu,u30DE,マ,kana,extra32
FZHanBTJW_Cu+u30DF.png,FZHanBTJW_Cu,u30DF,ミ,kana,extra32
FZHanBTJW_Cu+u30E0.png,FZHanBTJW_Cu,u30E0,ム,kana,extra32
FZHanBTJW_Cu+u30E1.png,FZHanBTJW_Cu,u30E1,メ,kana,extra32
FZHanBTJW_Cu+u30E2.png,FZHanBTJW_Cu,u30E2,モ,kana,extra32
FZHanBTJW_Cu+u30E3.png,FZHanBTJW_Cu,u30E3,ャ,kana,extra32
FZHanBTJW_Cu+u30E4.png,FZHanBTJW_Cu,u30E4,ヤ,kana,extra32
FZHanBTJW_Cu+u30E5.png,FZHanBTJW_Cu,u30E5,ュ,kana,extra32
FZHanBTJW_Cu+u30E6.png,FZHanBTJW_Cu,u30E6,ユ,kana,extra32
FZHanBTJW_Cu+u30E7.png,FZHanBTJW_Cu,u30E7,ョ,kana,extra32
FZHanBTJW_Cu+u30E8.png,FZHanBTJW_Cu,u30E8,ヨ,kana,extra32
FZHanBTJW_Cu+u30E9.png,FZHanBTJW_Cu,u30E9,ラ,kana,extra32
FZHanBTJW_Cu+u30EA.png,FZHanBTJW_Cu,u30EA,リ,kana,extra32
FZHanBTJW_Cu+u30EB.png,FZHanBTJW_Cu,u30EB,ル,kana,extra32
FZHanBTJW_Cu+u30EC.png,FZHanBTJW_Cu,u30EC,レ,kana,extra32
FZHanBTJW_Cu+u30ED.png,FZHanBTJW_Cu,u30ED,ロ,kana,extra32
FZHanBTJW_Cu+u30EE.png,FZHanBTJW_Cu,u30EE,ヮ,kana,extra32
FZHanBTJW_Cu+u30EF.png,FZHanBTJW_Cu,u30EF,ワ,kana,extra32
FZHanBTJW_Cu+u30F0.png,FZHanBTJW_Cu,u30F0,ヰ,kana,extra32
FZHanBTJW_Cu+u30F1.png,FZHanBTJW_Cu,u30F1,ヱ,kana,extra32
FZHanBTJW_Cu+u30F2.png,FZHanBTJW_Cu,u30F2,ヲ,kana,extra32
FZHanBTJW_Cu+u30F3.png,FZHanBTJW_Cu,u30F3,ン,kana,extra32
FZHanBTJW_Cu+u30F4.png,FZHanBTJW_Cu,u30F4,ヴ,kana,extra32
FZHanBTJW_Cu+u30F5.png,FZHanBTJW_Cu,u30F5,ヵ,kana,extra32
FZHanBTJW_Cu+u30F6.png,FZHanBTJW_Cu,u30F6,ヶ,kana,extra32
FZHuoYYJW-R+u0030.png,FZHuoYYJW-R,u0030,0,latin,extra32
FZHuoYYJW-R+u0032.png,FZHuoYYJW-R,u0032,2,latin,extra32
FZHuoYYJW-R+u0033.png,FZHuoYYJW-R,u0033,3,latin,extra32
FZHuoYYJW-R+u0034.png,FZHuoYYJW-R,u0034,4,latin,extra32
FZHuoYYJW-R+u0035.png,FZHuoYYJW-R,u0035,5,latin,extra32
FZHuoYYJW-R+u0036.png,FZHuoYYJW-R,u0036,6,latin,extra32
FZHuoYYJW-R+u0037.png,FZHuoYYJW-R,u0037,7,latin,extra32
FZHuoYYJW-R+u0038.png,FZHuoYYJW-R,u0038,8,latin,extra32
FZHuoYYJW-R+u0039.png,FZHuoYYJW-R,u0039,9,latin,extra32
FZHuoYYJW-R+u0041.png,FZHuoYYJW-R,u0041,A,latin,extra32
FZHuoYYJW-R+u0042.png,FZHuoYYJW-R,u0042,B,latin,extra32
FZHuoYYJW-R+u0043.png,FZHuoYYJW-R,u0043,C,latin,extra32
FZHuoYYJW-R+u0044.png,FZHuoYYJW-R,u0044,D,latin,extra32
FZHuoYYJW-R+u0045.png,FZHuoYYJW-R,u0045,E,latin,extra32
FZHuoYYJW-R+u0046.png,FZHuoYYJW-R,u0046,F,latin,extra32
FZHuoYYJW-R+u0047.png,FZHuoYYJW-R,u0047,G,latin,extra32
FZHuoYYJW-R+u0048.png,FZHuoYYJW-R,u0048,H,latin,extra32
FZHuoYYJW-R+u0049.png,FZHuoYYJW-R,u0049,I,latin,extra32
FZHuoYYJW-R+u004A.png,FZHuoYYJW-R,u004A,J,latin,extra32
FZHuoYYJW-R+u004B.png,FZHuoYYJW-R,u004B,K,latin,extra32
FZHuoYYJW-R+u004C.png,FZHuoYYJW-R,u004C,L,latin,extra32
FZHuoYYJW-R+u004D.png,FZHuoYYJW-R,u004D,M,latin,extra32
FZHuoYYJW-R+u004E.png,FZHuoYYJW-R,u004E,N,latin,extra32
FZHuoYYJW-R+u004F.png,FZHuoYYJW-R,u004F,O,latin,extra32
FZHuoYYJW-R+u0050.png,FZHuoYYJW-R,u0050,P,latin,extra32
FZHuoYYJW-R+u0051.png,FZHuoYYJW-R,u0051,Q,latin,extra32
FZHuoYYJW-R+u0052.png,FZHuoYYJW-R,u0052,R,latin,extra32
FZHuoYYJW-R+u0053.png,FZHuoYYJW-R,u0053,S,latin,extra32
FZHuoYYJW-R+u0055.png,FZHuoYYJW-R,u0055,U,latin,extra32
FZHuoYYJW-R+u0056.png,FZHuoYYJW-R,u0056,V,latin,extra32
FZHuoYYJW-R+u0057.png,FZHuoYYJW-R,u0057,W,latin,extra32
FZHuoYYJW-R+u0059.png,FZHuoYYJW-R,u0059,Y,latin,extra32
FZHuoYYJW-R+u005A.png,FZHuoYYJW-R,u005A,Z,latin,extra32
FZHuoYYJW-R+u0062.png,FZHuoYYJW-R,u0062,b,latin,extra32
FZHuoYYJW-R+u0063.png,FZHuoYYJW-R,u0063,c,latin,extra32
FZHuoYYJW-R+u0065.png,FZHuoYYJW-R,u0065,e,latin,extra32
FZHuoYYJW-R+u0066.png,FZHuoYYJW-R,u0066,f,latin,extra32
FZHuoYYJW-R+u0067.png,FZHuoYYJW-R,u0067,g,latin,extra32
FZHuoYYJW-R+u0068.png,FZHuoYYJW-R,u0068,h,latin,extra32
FZHuoYYJW-R+u0069.png,FZHuoYYJW-R,u0069,i,latin,extra32
FZHuoYYJW-R+u006A.png,FZHuoYYJW-R,u006A,j,latin,extra32
FZHuoYYJW-R+u006C.png,FZHuoYYJW-R,u006C,l,latin,extra32
FZHuoYYJW-R+u006D.png,FZHuoYYJW-R,u006D,m,latin,extra32
FZHuoYYJW-R+u006E.png,FZHuoYYJW-R,u006E,n,latin,extra32
FZHuoYYJW-R+u006F.png,FZHuoYYJW-R,u006F,o,latin,extra32
FZHuoYYJW-R+u0070.png,FZHuoYYJW-R,u0070,p,latin,extra32
FZHuoYYJW-R+u0071.png,FZHuoYYJW-R,u0071,q,latin,extra32
FZHuoYYJW-R+u0072.png,FZHuoYYJW-R,u0072,r,latin,extra32
FZHuoYYJW-R+u0073.png,FZHuoYYJW-R,u0073,s,latin,extra32
FZHuoYYJW-R+u0074.png,FZHuoYYJW-R,u0074,t,latin,extra32
FZHuoYYJW-R+u0076.png,FZHuoYYJW-R,u0076,v,latin,extra32
FZHuoYYJW-R+u0077.png,FZHuoYYJW-R,u0077,w,latin,extra32
FZHuoYYJW-R+u0078.png,FZHuoYYJW-R,u0078,x,latin,extra32
FZHuoYYJW-R+u007A.png,FZHuoYYJW-R,u007A,z,latin,extra32
FZHuoYYJW-R+u00E1.png,FZHuoYYJW-R,u00E1,á,latin,extra32
FZHuoYYJW-R+u00E8.png,FZHuoYYJW-R,u00E8,è,latin,extra32
FZHuoYYJW-R+u00E9.png,FZHuoYYJW-R,u00E9,é,latin,extra32
FZHuoYYJW-R+u00EA.png,FZHuoYYJW-R,u00EA,ê,latin,extra32
FZHuoYYJW-R+u00ED.png,FZHuoYYJW-R,u00ED,í,latin,extra32
FZHuoYYJW-R+u00F2.png,FZHuoYYJW-R,u00F2,ò,latin,extra32
FZHuoYYJW-R+u00F3.png,FZHuoYYJW-R,u00F3,ó,latin,extra32
FZHuoYYJW-R+u00F9.png,FZHuoYYJW-R,u00F9,ù,latin,extra32
FZHuoYYJW-R+u00FA.png,FZHuoYYJW-R,u00FA,ú,latin,extra32
FZHuoYYJW-R+u00FC.png,FZHuoYYJW-R,u00FC,ü,latin,extra32
FZHuoYYJW-R+u0101.png,FZHuoYYJW-R,u0101,ā,latin,extra32
FZHuoYYJW-R+u0113.png,FZHuoYYJW-R,u0113,ē,latin,extra32
FZHuoYYJW-R+u011B.png,FZHuoYYJW-R,u011B,ě,latin,extra32
FZHuoYYJW-R+u012B.png,FZHuoYYJW-R,u012B,ī,latin,extra32
FZHuoYYJW-R+u0144.png,FZHuoYYJW-R,u0144,ń,latin,extra32
FZHuoYYJW-R+u0148.png,FZHuoYYJW-R,u0148,ň,latin,extra32
FZHuoYYJW-R+u014D.png,FZHuoYYJW-R,u014D,ō,latin,extra32
FZHuoYYJW-R+u016B.png,FZHuoYYJW-R,u016B,ū,latin,extra32
FZHuoYYJW-R+u01CE.png,FZHuoYYJW-R,u01CE,ǎ,latin,extra32
FZHuoYYJW-R+u01D0.png,FZHuoYYJW-R,u01D0,ǐ,latin,extra32
FZHuoYYJW-R+u01D2.png,FZHuoYYJW-R,u01D2,ǒ,latin,extra32
FZHuoYYJW-R+u01D6.png,FZHuoYYJW-R,u01D6,ǖ,latin,extra32
FZHuoYYJW-R+u01D8.png,FZHuoYYJW-R,u01D8,ǘ,latin,extra32
FZHuoYYJW-R+u01DA.png,FZHuoYYJW-R,u01DA,ǚ,latin,extra32
FZJCXS+u0030.png,FZJCXS,u0030,0,latin,plus17
FZJCXS+u0032.png,FZJCXS,u0032,2,latin,plus17
FZJCXS+u0033.png,FZJCXS,u0033,3,latin,plus17
FZJCXS+u0034.png,FZJCXS,u0034,4,latin,plus17
FZJCXS+u0035.png,FZJCXS,u0035,5,latin,plus17
FZJCXS+u0036.png,FZJCXS,u0036,6,latin,plus17
FZJCXS+u0037.png,FZJCXS,u0037,7,latin,plus17
FZJCXS+u0038.png,FZJCXS,u0038,8,latin,plus17
FZJCXS+u0039.png,FZJCXS,u0039,9,latin,plus17
FZJCXS+u0041.png,FZJCXS,u0041,A,latin,plus17
FZJCXS+u0042.png,FZJCXS,u0042,B,latin,plus17
FZJCXS+u0043.png,FZJCXS,u0043,C,latin,plus17
FZJCXS+u0044.png,FZJCXS,u0044,D,latin,plus17
FZJCXS+u0045.png,FZJCXS,u0045,E,latin,plus17
FZJCXS+u0046.png,FZJCXS,u0046,F,latin,plus17
FZJCXS+u0047.png,FZJCXS,u0047,G,latin,plus17
FZJCXS+u0048.png,FZJCXS,u0048,H,latin,plus17
FZJCXS+u0049.png,FZJCXS,u0049,I,latin,plus17
FZJCXS+u004A.png,FZJCXS,u004A,J,latin,plus17
FZJCXS+u004B.png,FZJCXS,u004B,K,latin,plus17
FZJCXS+u004C.png,FZJCXS,u004C,L,latin,plus17
FZJCXS+u004D.png,FZJCXS,u004D,M,latin,plus17
FZJCXS+u004E.png,FZJCXS,u004E,N,latin,plus17
FZJCXS+u004F.png,FZJCXS,u004F,O,latin,plus17
FZJCXS+u0050.png,FZJCXS,u0050,P,latin,plus17
FZJCXS+u0051.png,FZJCXS,u0051,Q,latin,plus17
FZJCXS+u0052.png,FZJCXS,u0052,R,latin,plus17
FZJCXS+u0053.png,FZJCXS,u0053,S,latin,plus17
FZJCXS+u0055.png,FZJCXS,u0055,U,latin,plus17
FZJCXS+u0056.png,FZJCXS,u0056,V,latin,plus17
FZJCXS+u0057.png,FZJCXS,u0057,W,latin,plus17
FZJCXS+u0059.png,FZJCXS,u0059,Y,latin,plus17
FZJCXS+u005A.png,FZJCXS,u005A,Z,latin,plus17
FZJCXS+u0062.png,FZJCXS,u0062,b,latin,plus17
FZJCXS+u0063.png,FZJCXS,u0063,c,latin,plus17
FZJCXS+u0065.png,FZJCXS,u0065,e,latin,plus17
FZJCXS+u0066.png,FZJCXS,u0066,f,latin,plus17
FZJCXS+u0067.png,FZJCXS,u0067,g,latin,plus17
FZJCXS+u0068.png,FZJCXS,u0068,h,latin,plus17
FZJCXS+u0069.png,FZJCXS,u0069,i,latin,plus17
FZJCXS+u006A.png,FZJCXS,u006A,j,latin,plus17
FZJCXS+u006C.png,FZJCXS,u006C,l,latin,plus17
FZJCXS+u006D.png,FZJCXS,u006D,m,latin,plus17
FZJCXS+u006E.png,FZJCXS,u006E,n,latin,plus17
FZJCXS+u006F.png,FZJCXS,u006F,o,latin,plus17
FZJCXS+u0070.png,FZJCXS,u0070,p,latin,plus17
FZJCXS+u0071.png,FZJCXS,u0071,q,latin,plus17
FZJCXS+u0072.png,FZJCXS,u0072,r,latin,plus17
FZJCXS+u0073.png,FZJCXS,u0073,s,latin,plus17
FZJCXS+u0074.png,FZJCXS,u0074,t,latin,plus17
FZJCXS+u0076.png,FZJCXS,u0076,v,latin,plus17
FZJCXS+u0077.png,FZJCXS,u0077,w,latin,plus17
FZJCXS+u0078.png,FZJCXS,u0078,x,latin,plus17
FZJCXS+u007A.png,FZJCXS,u007A,z,latin,plus17
FZJCXS+u00E1.png,FZJCXS,u00E1,á,latin,plus17
FZJCXS+u00E8.png,FZJCXS,u00E8,è,latin,plus17
FZJCXS+u00E9.png,FZJCXS,u00E9,é,latin,plus17
FZJCXS+u00EA.png,FZJCXS,u00EA,ê,latin,plus17
FZJCXS+u00ED.png,FZJCXS,u00ED,í,latin,plus17
FZJCXS+u00F2.png,FZJCXS,u00F2,ò,latin,plus17
FZJCXS+u00F3.png,FZJCXS,u00F3,ó,latin,plus17
FZJCXS+u00F9.png,FZJCXS,u00F9,ù,latin,plus17
FZJCXS+u00FA.png,FZJCXS,u00FA,ú,latin,plus17
FZJCXS+u00FC.png,FZJCXS,u00FC,ü,latin,plus17
FZJCXS+u0101.png,FZJCXS,u0101,ā,latin,plus17
FZJCXS+u0113.png,FZJCXS,u0113,ē,latin,plus17
FZJCXS+u011B.png,FZJCXS,u011B,ě,latin,plus17
FZJCXS+u012B.png,FZJCXS,u012B,ī,latin,plus17
FZJCXS+u0144.png,FZJCXS,u0144,ń,latin,plus17
FZJCXS+u0148.png,FZJCXS,u0148,ň,latin,plus17
FZJCXS+u014D.png,FZJCXS,u014D,ō,latin,plus17
FZJCXS+u016B.png,FZJCXS,u016B,ū,latin,plus17
FZJCXS+u01CE.png,FZJCXS,u01CE,ǎ,latin,plus17
FZJCXS+u01D0.png,FZJCXS,u01D0,ǐ,latin,plus17
FZJCXS+u01D2.png,FZJCXS,u01D2,ǒ,latin,plus17
FZJCXS+u01D6.png,FZJCXS,u01D6,ǖ,latin,plus17
FZJCXS+u01D8.png,FZJCXS,u01D8,ǘ,latin,plus17
FZJCXS+u01DA.png,FZJCXS,u01DA,ǚ,latin,plus17
FZJiHJW+u0030.png,FZJiHJW,u0030,0,latin,extra32
FZJiHJW+u0032.png,FZJiHJW,u0032,2,latin,extra32
FZJiHJW+u0033.png,FZJiHJW,u0033,3,latin,extra32
FZJiHJW+u0034.png,FZJiHJW,u0034,4,latin,extra32
FZJiHJW+u0035.png,FZJiHJW,u0035,5,latin,extra32
FZJiHJW+u0036.png,FZJiHJW,u0036,6,latin,extra32
FZJiHJW+u0037.png,FZJiHJW,u0037,7,latin,extra32
FZJiHJW+u0038.png,FZJiHJW,u0038,8,latin,extra32
FZJiHJW+u0039.png,FZJiHJW,u0039,9,latin,extra32
FZJiHJW+u0041.png,FZJiHJW,u0041,A,latin,extra32
FZJiHJW+u0042.png,FZJiHJW,u0042,B,latin,extra32
FZJiHJW+u0043.png,FZJiHJW,u0043,C,latin,extra32
FZJiHJW+u0044.png,FZJiHJW,u0044,D,latin,extra32
FZJiHJW+u0045.png,FZJiHJW,u0045,E,latin,extra32
FZJiHJW+u0046.png,FZJiHJW,u0046,F,latin,extra32
FZJiHJW+u0047.png,FZJiHJW,u0047,G,latin,extra32
FZJiHJW+u0048.png,FZJiHJW,u0048,H,latin,extra32
FZJiHJW+u0049.png,FZJiHJW,u0049,I,latin,extra32
FZJiHJW+u004A.png,FZJiHJW,u004A,J,latin,extra32
FZJiHJW+u004B.png,FZJiHJW,u004B,K,latin,extra32
FZJiHJW+u004C.png,FZJiHJW,u004C,L,latin,extra32
FZJiHJW+u004D.png,FZJiHJW,u004D,M,latin,extra32
FZJiHJW+u004E.png,FZJiHJW,u004E,N,latin,extra32
FZJiHJW+u004F.png,FZJiHJW,u004F,O,latin,extra32
FZJiHJW+u0050.png,FZJiHJW,u0050,P,latin,extra32
FZJiHJW+u0051.png,FZJiHJW,u0051,Q,latin,extra32
FZJiHJW+u0052.png,FZJiHJW,u0052,R,latin,extra32
FZJiHJW+u0053.png,FZJiHJW,u0053,S,latin,extra32
FZJiHJW+u0055.png,FZJiHJW,u0055,U,latin,extra32
FZJiHJW+u0056.png,FZJiHJW,u0056,V,latin,extra32
FZJiHJW+u0057.png,FZJiHJW,u0057,W,latin,extra32
FZJiHJW+u0059.png,FZJiHJW,u0059,Y,latin,extra32
FZJiHJW+u005A.png,FZJiHJW,u005A,Z,latin,extra32
FZJiHJW+u0062.png,FZJiHJW,u0062,b,latin,extra32
FZJiHJW+u0063.png,FZJiHJW,u0063,c,latin,extra32
FZJiHJW+u0065.png,FZJiHJW,u0065,e,latin,extra32
FZJiHJW+u0066.png,FZJiHJW,u0066,f,latin,extra32
FZJiHJW+u0067.png,FZJiHJW,u0067,g,latin,extra32
FZJiHJW+u0068.png,FZJiHJW,u0068,h,latin,extra32
FZJiHJW+u0069.png,FZJiHJW,u0069,i,latin,extra32
FZJiHJW+u006A.png,FZJiHJW,u006A,j,latin,extra32
FZJiHJW+u006C.png,FZJiHJW,u006C,l,latin,extra32
FZJiHJW+u006D.png,FZJiHJW,u006D,m,latin,extra32
FZJiHJW+u006E.png,FZJiHJW,u006E,n,latin,extra32
FZJiHJW+u006F.png,FZJiHJW,u006F,o,latin,extra32
FZJiHJW+u0070.png,FZJiHJW,u0070,p,latin,extra32
FZJiHJW+u0071.png,FZJiHJW,u0071,q,latin,extra32
FZJiHJW+u0072.png,FZJiHJW,u0072,r,latin,extra32
FZJiHJW+u0073.png,FZJiHJW,u0073,s,latin,extra32
FZJiHJW+u0074.png,FZJiHJW,u0074,t,latin,extra32
FZJiHJW+u0076.png,FZJiHJW,u0076,v,latin,extra32
FZJiHJW+u0077.png,FZJiHJW,u0077,w,latin,extra32
FZJiHJW+u0078.png,FZJiHJW,u0078,x,latin,extra32
FZJiHJW+u007A.png,FZJiHJW,u007A,z,latin,extra32
FZJiHJW+u00E1.png,FZJiHJW,u00E1,á,latin,extra32
FZJiHJW+u00E8.png,FZJiHJW,u00E8,è,latin,extra32
FZJiHJW+u00E9.png,FZJiHJW,u00E9,é,latin,extra32
FZJiHJW+u00EA.png,FZJiHJW,u00EA,ê,latin,extra32
FZJiHJW+u00ED.png,FZJiHJW,u00ED,í,latin,extra32
FZJiHJW+u00F2.png,FZJiHJW,u00F2,ò,latin,extra32
FZJiHJW+u00F3.png,FZJiHJW,u00F3,ó,latin,extra32
FZJiHJW+u00F9.png,FZJiHJW,u00F9,ù,latin,extra32
FZJiHJW+u00FA.png,FZJiHJW,u00FA,ú,latin,extra32
FZJiHJW+u00FC.png,FZJiHJW,u00FC,ü,latin,extra32
FZJiHJW+u0101.png,FZJiHJW,u0101,ā,latin,extra32
FZJiHJW+u0113.png,FZJiHJW,u0113,ē,latin,extra32
FZJiHJW+u011B.png,FZJiHJW,u011B,ě,latin,extra32
FZJiHJW+u012B.png,FZJiHJW,u012B,ī,latin,extra32
FZJiHJW+u0144.png,FZJiHJW,u0144,ń,latin,extra32
FZJiHJW+u0148.png,FZJiHJW,u0148,ň,latin,extra32
FZJiHJW+u014D.png,FZJiHJW,u014D,ō,latin,extra32
FZJiHJW+u016B.png,FZJiHJW,u016B,ū,latin,extra32
FZJiHJW+u01CE.png,FZJiHJW,u01CE,ǎ,latin,extra32
FZJiHJW+u01D0.png,FZJiHJW,u01D0,ǐ,latin,extra32
FZJiHJW+u01D2.png,FZJiHJW,u01D2,ǒ,latin,extra32
FZJiHJW+u01D6.png,FZJiHJW,u01D6,ǖ,latin,extra32
FZJiHJW+u01D8.png,FZJiHJW,u01D8,ǘ,latin,extra32
FZJiHJW+u01DA.png,FZJiHJW,u01DA,ǚ,latin,extra32
FZJiHJW+u3041.png,FZJiHJW,u3041,ぁ,kana,extra32
FZJiHJW+u3042.png,FZJiHJW,u3042,あ,kana,extra32
FZJiHJW+u3043.png,FZJiHJW,u3043,ぃ,kana,extra32
FZJiHJW+u3044.png,FZJiHJW,u3044,い,kana,extra32
FZJiHJW+u3045.png,FZJiHJW,u3045,ぅ,kana,extra32
FZJiHJW+u3046.png,FZJiHJW,u3046,う,kana,extra32
FZJiHJW+u3047.png,FZJiHJW,u3047,ぇ,kana,extra32
FZJiHJW+u3048.png,FZJiHJW,u3048,え,kana,extra32
FZJiHJW+u3049.png,FZJiHJW,u3049,ぉ,kana,extra32
FZJiHJW+u304A.png,FZJiHJW,u304A,お,kana,extra32
FZJiHJW+u304B.png,FZJiHJW,u304B,か,kana,extra32
FZJiHJW+u304C.png,FZJiHJW,u304C,が,kana,extra32
FZJiHJW+u304D.png,FZJiHJW,u304D,き,kana,extra32
FZJiHJW+u304E.png,FZJiHJW,u304E,ぎ,kana,extra32
FZJiHJW+u304F.png,FZJiHJW,u304F,く,kana,extra32
FZJiHJW+u3050.png,FZJiHJW,u3050,ぐ,kana,extra32
FZJiHJW+u3051.png,FZJiHJW,u3051,け,kana,extra32
FZJiHJW+u3052.png,FZJiHJW,u3052,げ,kana,extra32
FZJiHJW+u3053.png,FZJiHJW,u3053,こ,kana,extra32
FZJiHJW+u3054.png,FZJiHJW,u3054,ご,kana,extra32
FZJiHJW+u3055.png,FZJiHJW,u3055,さ,kana,extra32
FZJiHJW+u3056.png,FZJiHJW,u3056,ざ,kana,extra32
FZJiHJW+u3057.png,FZJiHJW,u3057,し,kana,extra32
FZJiHJW+u3058.png,FZJiHJW,u3058,じ,kana,extra32
FZJiHJW+u3059.png,FZJiHJW,u3059,す,kana,extra32
FZJiHJW+u305A.png,FZJiHJW,u305A,ず,kana,extra32
FZJiHJW+u305B.png,FZJiHJW,u305B,せ,kana,extra32
FZJiHJW+u305C.png,FZJiHJW,u305C,ぜ,kana,extra32
FZJiHJW+u305D.png,FZJiHJW,u305D,そ,kana,extra32
FZJiHJW+u305E.png,FZJiHJW,u305E,ぞ,kana,extra32
FZJiHJW+u305F.png,FZJiHJW,u305F,た,kana,extra32
FZJiHJW+u3060.png,FZJiHJW,u3060,だ,kana,extra32
FZJiHJW+u3061.png,FZJiHJW,u3061,ち,kana,extra32
FZJiHJW+u3062.png,FZJiHJW,u3062,ぢ,kana,extra32
FZJiHJW+u3063.png,FZJiHJW,u3063,っ,kana,extra32
FZJiHJW+u3064.png,FZJiHJW,u3064,つ,kana,extra32
FZJiHJW+u3065.png,FZJiHJW,u3065,づ,kana,extra32
FZJiHJW+u3066.png,FZJiHJW,u3066,て,kana,extra32
FZJiHJW+u3067.png,FZJiHJW,u3067,で,kana,extra32
FZJiHJW+u3068.png,FZJiHJW,u3068,と,kana,extra32
FZJiHJW+u3069.png,FZJiHJW,u3069,ど,kana,extra32
FZJiHJW+u306A.png,FZJiHJW,u306A,な,kana,extra32
FZJiHJW+u306B.png,FZJiHJW,u306B,に,kana,extra32
FZJiHJW+u306C.png,FZJiHJW,u306C,ぬ,kana,extra32
FZJiHJW+u306D.png,FZJiHJW,u306D,ね,kana,extra32
FZJiHJW+u306E.png,FZJiHJW,u306E,の,kana,extra32
FZJiHJW+u306F.png,FZJiHJW,u306F,は,kana,extra32
FZJiHJW+u3070.png,FZJiHJW,u3070,ば,kana,extra32
FZJiHJW+u3071.png,FZJiHJW,u3071,ぱ,kana,extra32
FZJiHJW+u3072.png,FZJiHJW,u3072,ひ,kana,extra32
FZJiHJW+u3073.png,FZJiHJW,u3073,び,kana,extra32
FZJiHJW+u3074.png,FZJiHJW,u3074,ぴ,kana,extra32
FZJiHJW+u3075.png,FZJiHJW,u3075,ふ,kana,extra32
FZJiHJW+u3076.png,FZJiHJW,u3076,ぶ,kana,extra32
FZJiHJW+u3077.png,FZJiHJW,u3077,ぷ,kana,extra32
FZJiHJW+u3078.png,FZJiHJW,u3078,へ,kana,extra32
FZJiHJW+u3079.png,FZJiHJW,u3079,べ,kana,extra32
FZJiHJW+u307A.png,FZJiHJW,u307A,ぺ,kana,extra32
FZJiHJW+u307B.png,FZJiHJW,u307B,ほ,kana,extra32
FZJiHJW+u307C.png,FZJiHJW,u307C,ぼ,kana,extra32
FZJiHJW+u307D.png,FZJiHJW,u307D,ぽ,kana,extra32
FZJiHJW+u307E.png,FZJiHJW,u307E,ま,kana,extra32
FZJiHJW+u307F.png,FZJiHJW,u307F,み,kana,extra32
FZJiHJW+u3080.png,FZJiHJW,u3080,む,kana,extra32
FZJiHJW+u3081.png,FZJiHJW,u3081,め,kana,extra32
FZJiHJW+u3082.png,FZJiHJW,u3082,も,kana,extra32
FZJiHJW+u3083.png,FZJiHJW,u3083,ゃ,kana,extra32
FZJiHJW+u3084.png,FZJiHJW,u3084,や,kana,extra32
FZJiHJW+u3085.png,FZJiHJW,u3085,ゅ,kana,extra32
FZJiHJW+u3086.png,FZJiHJW,u3086,ゆ,kana,extra32
FZJiHJW+u3087.png,FZJiHJW,u3087,ょ,kana,extra32
FZJiHJW+u3088.png,FZJiHJW,u3088,よ,kana,extra32
FZJiHJW+u3089.png,FZJiHJW,u3089,ら,kana,extra32
FZJiHJW+u308A.png,FZJiHJW,u308A,り,kana,extra32
FZJiHJW+u308B.png,FZJiHJW,u308B,る,kana,extra32
FZJiHJW+u308C.png,FZJiHJW,u308C,れ,kana,extra32
FZJiHJW+u308D.png,FZJiHJW,u308D,ろ,kana,extra32
FZJiHJW+u308E.png,FZJiHJW,u308E,ゎ,kana,extra32
FZJiHJW+u308F.png,FZJiHJW,u308F,わ,kana,extra32
FZJiHJW+u3090.png,FZJiHJW,u3090,ゐ,kana,extra32
FZJiHJW+u3091.png,FZJiHJW,u3091,ゑ,kana,extra32
FZJiHJW+u3092.png,FZJiHJW,u3092,を,kana,extra32
FZJiHJW+u3093.png,FZJiHJW,u3093,ん,kana,extra32
FZJiHJW+u30A1.png,FZJiHJW,u30A1,ァ,kana,extra32
FZJiHJW+u30A2.png,FZJiHJW,u30A2,ア,kana,extra32
FZJiHJW+u30A3.png,FZJiHJW,u30A3,ィ,kana,extra32
FZJiHJW+u30A4.png,FZJiHJW,u30A4,イ,kana,extra32
FZJiHJW+u30A5.png,FZJiHJW,u30A5,ゥ,kana,extra32
FZJiHJW+u30A6.png,FZJiHJW,u30A6,ウ,kana,extra32
FZJiHJW+u30A7.png,FZJiHJW,u30A7,ェ,kana,extra32
FZJiHJW+u30A8.png,FZJiHJW,u30A8,エ,kana,extra32
FZJiHJW+u30A9.png,FZJiHJW,u30A9,ォ,kana,extra32
FZJiHJW+u30AA.png,FZJiHJW,u30AA,オ,kana,extra32
FZJiHJW+u30AB.png,FZJiHJW,u30AB,カ,kana,extra32
FZJiHJW+u30AC.png,FZJiHJW,u30AC,ガ,kana,extra32
FZJiHJW+u30AD.png,FZJiHJW,u30AD,キ,kana,extra32
FZJiHJW+u30AE.png,FZJiHJW,u30AE,ギ,kana,extra32
FZJiHJW+u30AF.png,FZJiHJW,u30AF,ク,kana,extra32
FZJiHJW+u30B0.png,FZJiHJW,u30B0,グ,kana,extra32
FZJiHJW+u30B1.png,FZJiHJW,u30B1,ケ,kana,extra32
FZJiHJW+u30B2.png,FZJiHJW,u30B2,ゲ,kana,extra32
FZJiHJW+u30B3.png,FZJiHJW,u30B3,コ,kana,extra32
FZJiHJW+u30B4.png,FZJiHJW,u30B4,ゴ,kana,extra32
FZJiHJW+u30B5.png,FZJiHJW,u30B5,サ,kana,extra32
FZJiHJW+u30B6.png,FZJiHJW,u30B6,ザ,kana,extra32
FZJiHJW+u30B7.png,FZJiHJW,u30B7,シ,kana,extra32
FZJiHJW+u30B8.png,FZJiHJW,u30B8,ジ,kana,extra32
FZJiHJW+u30B9.png,FZJiHJW,u30B9,ス,kana,extra32
FZJiHJW+u30BA.png,FZJiHJW,u30BA,ズ,kana,extra32
FZJiHJW+u30BB.png,FZJiHJW,u30BB,セ,kana,extra32
FZJiHJW+u30BC.png,FZJiHJW,u30BC,ゼ,kana,extra32
FZJiHJW+u30BD.png,FZJiHJW,u30BD,ソ,kana,extra32
FZJiHJW+u30BE.png,FZJiHJW,u30BE,ゾ,kana,extra32
FZJiHJW+u30BF.png,FZJiHJW,u30BF,タ,kana,extra32
FZJiHJW+u30C0.png,FZJiHJW,u30C0,ダ,kana,extra32
FZJiHJW+u30C1.png,FZJiHJW,u30C1,チ,kana,extra32
FZJiHJW+u30C2.png,FZJiHJW,u30C2,ヂ,kana,extra32
FZJiHJW+u30C3.png,FZJiHJW,u30C3,ッ,kana,extra32
FZJiHJW+u30C4.png,FZJiHJW,u30C4,ツ,kana,extra32
FZJiHJW+u30C5.png,FZJiHJW,u30C5,ヅ,kana,extra32
FZJiHJW+u30C6.png,FZJiHJW,u30C6,テ,kana,extra32
FZJiHJW+u30C7.png,FZJiHJW,u30C7,デ,kana,extra32
FZJiHJW+u30C8.png,FZJiHJW,u30C8,ト,kana,extra32
FZJiHJW+u30C9.png,FZJiHJW,u30C9,ド,kana,extra32
FZJiHJW+u30CA.png,FZJiHJW,u30CA,ナ,kana,extra32
FZJiHJW+u30CB.png,FZJiHJW,u30CB,ニ,kana,extra32
FZJiHJW+u30CC.png,FZJiHJW,u30CC,ヌ,kana,extra32
FZJiHJW+u30CD.png,FZJiHJW,u30CD,ネ,kana,extra32
FZJiHJW+u30CE.png,FZJiHJW,u30CE,ノ,kana,extra32
FZJiHJW+u30CF.png,FZJiHJW,u30CF,ハ,kana,extra32
FZJiHJW+u30D0.png,FZJiHJW,u30D0,バ,kana,extra32
FZJiHJW+u30D1.png,FZJiHJW,u30D1,パ,kana,extra32
FZJiHJW+u30D2.png,FZJiHJW,u30D2,ヒ,kana,extra32
FZJiHJW+u30D3.png,FZJiHJW,u30D3,ビ,kana,extra32
FZJiHJW+u30D4.png,FZJiHJW,u30D4,ピ,kana,extra32
FZJiHJW+u30D5.png,FZJiHJW,u30D5,フ,kana,extra32
FZJiHJW+u30D6.png,FZJiHJW,u30D6,ブ,kana,extra32
FZJiHJW+u30D7.png,FZJiHJW,u30D7,プ,kana,extra32
FZJiHJW+u30D8.png,FZJiHJW,u30D8,ヘ,kana,extra32
FZJiHJW+u30D9.png,FZJiHJW,u30D9,ベ,kana,extra32
FZJiHJW+u30DA.png,FZJiHJW,u30DA,ペ,kana,extra32
FZJiHJW+u30DB.png,FZJiHJW,u30DB,ホ,kana,extra32
FZJiHJW+u30DC.png,FZJiHJW,u30DC,ボ,kana,extra32
FZJiHJW+u30DD.png,FZJiHJW,u30DD,ポ,kana,extra32
FZJiHJW+u30DE.png,FZJiHJW,u30DE,マ,kana,extra32
FZJiHJW+u30DF.png,FZJiHJW,u30DF,ミ,kana,extra32
FZJiHJW+u30E0.png,FZJiHJW,u30E0,ム,kana,extra32
FZJiHJW+u30E1.png,FZJiHJW,u30E1,メ,kana,extra32
FZJiHJW+u30E2.png,FZJiHJW,u30E2,モ,kana,extra32
FZJiHJW+u30E3.png,FZJiHJW,u30E3,ャ,kana,extra32
FZJiHJW+u30E4.png,FZJiHJW,u30E4,ヤ,kana,extra32
FZJiHJW+u30E5.png,FZJiHJW,u30E5,ュ,kana,extra32
FZJiHJW+u30E6.png,FZJiHJW,u30E6,ユ,kana,extra32
FZJiHJW+u30E7.png,FZJiHJW,u30E7,ョ,kana,extra32
FZJiHJW+u30E8.png,FZJiHJW,u30E8,ヨ,kana,extra32
FZJiHJW+u30E9.png,FZJiHJW,u30E9,ラ,kana,extra32
FZJiHJW+u30EA.png,FZJiHJW,u30EA,リ,kana,extra32
FZJiHJW+u30EB.png,FZJiHJW,u30EB,ル,kana,extra32
FZJiHJW+u30EC.png,FZJiHJW,u30EC,レ,kana,extra32
FZJiHJW+u30ED.png,FZJiHJW,u30ED,ロ,kana,extra32
FZJiHJW+u30EE.png,FZJiHJW,u30EE,ヮ,kana,extra32
FZJiHJW+u30EF.png,FZJiHJW,u30EF,ワ,kana,extra32
FZJiHJW+u30F0.png,FZJiHJW,u30F0,ヰ,kana,extra32
FZJiHJW+u30F1.png,FZJiHJW,u30F1,ヱ,kana,extra32
FZJiHJW+u30F2.png,FZJiHJW,u30F2,ヲ,kana,extra32
FZJiHJW+u30F3.png,FZJiHJW,u30F3,ン,kana,extra32
FZJiHJW+u30F4.png,FZJiHJW,u30F4,ヴ,kana,extra32
FZJiHJW+u30F5.png,FZJiHJW,u30F5,ヵ,kana,extra32
FZJiHJW+u30F6.png,FZJiHJW,u30F6,ヶ,kana,extra32
FZJiHJW+u3105.png,FZJiHJW,u3105,ㄅ,bopomofo,extra32
FZJiHJW+u3106.png,FZJiHJW,u3106,ㄆ,bopomofo,extra32
FZJiHJW+u3107.png,FZJiHJW,u3107,ㄇ,bopomofo,extra32
FZJiHJW+u3108.png,FZJiHJW,u3108,ㄈ,bopomofo,extra32
FZJiHJW+u3109.png,FZJiHJW,u3109,ㄉ,bopomofo,extra32
FZJiHJW+u310A.png,FZJiHJW,u310A,ㄊ,bopomofo,extra32
FZJiHJW+u310B.png,FZJiHJW,u310B,ㄋ,bopomofo,extra32
FZJiHJW+u310C.png,FZJiHJW,u310C,ㄌ,bopomofo,extra32
FZJiHJW+u310D.png,FZJiHJW,u310D,ㄍ,bopomofo,extra32
FZJiHJW+u310E.png,FZJiHJW,u310E,ㄎ,bopomofo,extra32
FZJiHJW+u310F.png,FZJiHJW,u310F,ㄏ,bopomofo,extra32
FZJiHJW+u3110.png,FZJiHJW,u3110,ㄐ,bopomofo,extra32
FZJiHJW+u3111.png,FZJiHJW,u3111,ㄑ,bopomofo,extra32
FZJiHJW+u3112.png,FZJiHJW,u3112,ㄒ,bopomofo,extra32
FZJiHJW+u3113.png,FZJiHJW,u3113,ㄓ,bopomofo,extra32
FZJiHJW+u3114.png,FZJiHJW,u3114,ㄔ,bopomofo,extra32
FZJiHJW+u3115.png,FZJiHJW,u3115,ㄕ,bopomofo,extra32
FZJiHJW+u3116.png,FZJiHJW,u3116,ㄖ,bopomofo,extra32
FZJiHJW+u3117.png,FZJiHJW,u3117,ㄗ,bopomofo,extra32
FZJiHJW+u3118.png,FZJiHJW,u3118,ㄘ,bopomofo,extra32
FZJiHJW+u3119.png,FZJiHJW,u3119,ㄙ,bopomofo,extra32
FZJiHJW+u311A.png,FZJiHJW,u311A,ㄚ,bopomofo,extra32
FZJiHJW+u311B.png,FZJiHJW,u311B,ㄛ,bopomofo,extra32
FZJiHJW+u311C.png,FZJiHJW,u311C,ㄜ,bopomofo,extra32
FZJiHJW+u311D.png,FZJiHJW,u311D,ㄝ,bopomofo,extra32
FZJiHJW+u311E.png,FZJiHJW,u311E,ㄞ,bopomofo,extra32
FZJiHJW+u311F.png,FZJiHJW,u311F,ㄟ,bopomofo,extra32
FZJiHJW+u3120.png,FZJiHJW,u3120,ㄠ,bopomofo,extra32
FZJiHJW+u3121.png,FZJiHJW,u3121,ㄡ,bopomofo,extra32
FZJiHJW+u3122.png,FZJiHJW,u3122,ㄢ,bopomofo,extra32
FZJiHJW+u3123.png,FZJiHJW,u3123,ㄣ,bopomofo,extra32
FZJiHJW+u3124.png,FZJiHJW,u3124,ㄤ,bopomofo,extra32
FZJiHJW+u3125.png,FZJiHJW,u3125,ㄥ,bopomofo,extra32
FZJiHJW+u3126.png,FZJiHJW,u3126,ㄦ,bopomofo,extra32
FZJiHJW+u3127.png,FZJiHJW,u3127,ㄧ,bopomofo,extra32
FZJiHJW+u3128.png,FZJiHJW,u3128,ㄨ,bopomofo,extra32
FZJiHJW+u3129.png,FZJiHJW,u3129,ㄩ,bopomofo,extra32
FZJiHXTJW_Xi+u0030.png,FZJiHXTJW_Xi,u0030,0,latin,extra32
FZJiHXTJW_Xi+u0032.png,FZJiHXTJW_Xi,u0032,2,latin,extra32
FZJiHXTJW_Xi+u0033.png,FZJiHXTJW_Xi,u0033,3,latin,extra32
FZJiHXTJW_Xi+u0034.png,FZJiHXTJW_Xi,u0034,4,latin,extra32
FZJiHXTJW_Xi+u0035.png,FZJiHXTJW_Xi,u0035,5,latin,extra32
FZJiHXTJW_Xi+u0036.png,FZJiHXTJW_Xi,u0036,6,latin,extra32
FZJiHXTJW_Xi+u0037.png,FZJiHXTJW_Xi,u0037,7,latin,extra32
FZJiHXTJW_Xi+u0038.png,FZJiHXTJW_Xi,u0038,8,latin,extra32
FZJiHXTJW_Xi+u0039.png,FZJiHXTJW_Xi,u0039,9,latin,extra32
FZJiHXTJW_Xi+u0041.png,FZJiHXTJW_Xi,u0041,A,latin,extra32
FZJiHXTJW_Xi+u0042.png,FZJiHXTJW_Xi,u0042,B,latin,extra32
FZJiHXTJW_Xi+u0043.png,FZJiHXTJW_Xi,u0043,C,latin,extra32
FZJiHXTJW_Xi+u0044.png,FZJiHXTJW_Xi,u0044,D,latin,extra32
FZJiHXTJW_Xi+u0045.png,FZJiHXTJW_Xi,u0045,E,latin,extra32
FZJiHXTJW_Xi+u0046.png,FZJiHXTJW_Xi,u0046,F,latin,extra32
FZJiHXTJW_Xi+u0047.png,FZJiHXTJW_Xi,u0047,G,latin,extra32
FZJiHXTJW_Xi+u0048.png,FZJiHXTJW_Xi,u0048,H,latin,extra32
FZJiHXTJW_Xi+u0049.png,FZJiHXTJW_Xi,u0049,I,latin,extra32
FZJiHXTJW_Xi+u004A.png,FZJiHXTJW_Xi,u004A,J,latin,extra32
FZJiHXTJW_Xi+u004B.png,FZJiHXTJW_Xi,u004B,K,latin,extra32
FZJiHXTJW_Xi+u004C.png,FZJiHXTJW_Xi,u004C,L,latin,extra32
FZJiHXTJW_Xi+u004D.png,FZJiHXTJW_Xi,u004D,M,latin,extra32
FZJiHXTJW_Xi+u004E.png,FZJiHXTJW_Xi,u004E,N,latin,extra32
FZJiHXTJW_Xi+u004F.png,FZJiHXTJW_Xi,u004F,O,latin,extra32
FZJiHXTJW_Xi+u0050.png,FZJiHXTJW_Xi,u0050,P,latin,extra32
FZJiHXTJW_Xi+u0051.png,FZJiHXTJW_Xi,u0051,Q,latin,extra32
FZJiHXTJW_Xi+u0052.png,FZJiHXTJW_Xi,u0052,R,latin,extra32
FZJiHXTJW_Xi+u0053.png,FZJiHXTJW_Xi,u0053,S,latin,extra32
FZJiHXTJW_Xi+u0055.png,FZJiHXTJW_Xi,u0055,U,latin,extra32
FZJiHXTJW_Xi+u0056.png,FZJiHXTJW_Xi,u0056,V,latin,extra32
FZJiHXTJW_Xi+u0057.png,FZJiHXTJW_Xi,u0057,W,latin,extra32
FZJiHXTJW_Xi+u0059.png,FZJiHXTJW_Xi,u0059,Y,latin,extra32
FZJiHXTJW_Xi+u005A.png,FZJiHXTJW_Xi,u005A,Z,latin,extra32
FZJiHXTJW_Xi+u0062.png,FZJiHXTJW_Xi,u0062,b,latin,extra32
FZJiHXTJW_Xi+u0063.png,FZJiHXTJW_Xi,u0063,c,latin,extra32
FZJiHXTJW_Xi+u0065.png,FZJiHXTJW_Xi,u0065,e,latin,extra32
FZJiHXTJW_Xi+u0066.png,FZJiHXTJW_Xi,u0066,f,latin,extra32
FZJiHXTJW_Xi+u0067.png,FZJiHXTJW_Xi,u0067,g,latin,extra32
FZJiHXTJW_Xi+u0068.png,FZJiHXTJW_Xi,u0068,h,latin,extra32
FZJiHXTJW_Xi+u0069.png,FZJiHXTJW_Xi,u0069,i,latin,extra32
FZJiHXTJW_Xi+u006A.png,FZJiHXTJW_Xi,u006A,j,latin,extra32
FZJiHXTJW_Xi+u006C.png,FZJiHXTJW_Xi,u006C,l,latin,extra32
FZJiHXTJW_Xi+u006D.png,FZJiHXTJW_Xi,u006D,m,latin,extra32
FZJiHXTJW_Xi+u006E.png,FZJiHXTJW_Xi,u006E,n,latin,extra32
FZJiHXTJW_Xi+u006F.png,FZJiHXTJW_Xi,u006F,o,latin,extra32
FZJiHXTJW_Xi+u0070.png,FZJiHXTJW_Xi,u0070,p,latin,extra32
FZJiHXTJW_Xi+u0071.png,FZJiHXTJW_Xi,u0071,q,latin,extra32
FZJiHXTJW_Xi+u0072.png,FZJiHXTJW_Xi,u0072,r,latin,extra32
FZJiHXTJW_Xi+u0073.png,FZJiHXTJW_Xi,u0073,s,latin,extra32
FZJiHXTJW_Xi+u0074.png,FZJiHXTJW_Xi,u0074,t,latin,extra32
FZJiHXTJW_Xi+u0076.png,FZJiHXTJW_Xi,u0076,v,latin,extra32
FZJiHXTJW_Xi+u0077.png,FZJiHXTJW_Xi,u0077,w,latin,extra32
FZJiHXTJW_Xi+u0078.png,FZJiHXTJW_Xi,u0078,x,latin,extra32
FZJiHXTJW_Xi+u007A.png,FZJiHXTJW_Xi,u007A,z,latin,extra32
FZJiHXTJW_Xi+u00E1.png,FZJiHXTJW_Xi,u00E1,á,latin,extra32
FZJiHXTJW_Xi+u00E8.png,FZJiHXTJW_Xi,u00E8,è,latin,extra32
FZJiHXTJW_Xi+u00E9.png,FZJiHXTJW_Xi,u00E9,é,latin,extra32
FZJiHXTJW_Xi+u00EA.png,FZJiHXTJW_Xi,u00EA,ê,latin,extra32
FZJiHXTJW_Xi+u00ED.png,FZJiHXTJW_Xi,u00ED,í,latin,extra32
FZJiHXTJW_Xi+u00F2.png,FZJiHXTJW_Xi,u00F2,ò,latin,extra32
FZJiHXTJW_Xi+u00F3.png,FZJiHXTJW_Xi,u00F3,ó,latin,extra32
FZJiHXTJW_Xi+u00F9.png,FZJiHXTJW_Xi,u00F9,ù,latin,extra32
FZJiHXTJW_Xi+u00FA.png,FZJiHXTJW_Xi,u00FA,ú,latin,extra32
FZJiHXTJW_Xi+u00FC.png,FZJiHXTJW_Xi,u00FC,ü,latin,extra32
FZJiHXTJW_Xi+u0101.png,FZJiHXTJW_Xi,u0101,ā,latin,extra32
FZJiHXTJW_Xi+u0113.png,FZJiHXTJW_Xi,u0113,ē,latin,extra32
FZJiHXTJW_Xi+u011B.png,FZJiHXTJW_Xi,u011B,ě,latin,extra32
FZJiHXTJW_Xi+u012B.png,FZJiHXTJW_Xi,u012B,ī,latin,extra32
FZJiHXTJW_Xi+u0144.png,FZJiHXTJW_Xi,u0144,ń,latin,extra32
FZJiHXTJW_Xi+u0148.png,FZJiHXTJW_Xi,u0148,ň,latin,extra32
FZJiHXTJW_Xi+u014D.png,FZJiHXTJW_Xi,u014D,ō,latin,extra32
FZJiHXTJW_Xi+u016B.png,FZJiHXTJW_Xi,u016B,ū,latin,extra32
FZJiHXTJW_Xi+u01CE.png,FZJiHXTJW_Xi,u01CE,ǎ,latin,extra32
FZJiHXTJW_Xi+u01D0.png,FZJiHXTJW_Xi,u01D0,ǐ,latin,extra32
FZJiHXTJW_Xi+u01D2.png,FZJiHXTJW_Xi,u01D2,ǒ,latin,extra32
FZJiHXTJW_Xi+u01D6.png,FZJiHXTJW_Xi,u01D6,ǖ,latin,extra32
FZJiHXTJW_Xi+u01D8.png,FZJiHXTJW_Xi,u01D8,ǘ,latin,extra32
FZJiHXTJW_Xi+u01DA.png,FZJiHXTJW_Xi,u01DA,ǚ,latin,extra32
FZJiHXTJW_Xi+u3041.png,FZJiHXTJW_Xi,u3041,ぁ,kana,extra32
FZJiHXTJW_Xi+u3042.png,FZJiHXTJW_Xi,u3042,あ,kana,extra32
FZJiHXTJW_Xi+u3043.png,FZJiHXTJW_Xi,u3043,ぃ,kana,extra32
FZJiHXTJW_Xi+u3044.png,FZJiHXTJW_Xi,u3044,い,kana,extra32
FZJiHXTJW_Xi+u3045.png,FZJiHXTJW_Xi,u3045,ぅ,kana,extra32
FZJiHXTJW_Xi+u3046.png,FZJiHXTJW_Xi,u3046,う,kana,extra32
FZJiHXTJW_Xi+u3047.png,FZJiHXTJW_Xi,u3047,ぇ,kana,extra32
FZJiHXTJW_Xi+u3048.png,FZJiHXTJW_Xi,u3048,え,kana,extra32
FZJiHXTJW_Xi+u3049.png,FZJiHXTJW_Xi,u3049,ぉ,kana,extra32
FZJiHXTJW_Xi+u304A.png,FZJiHXTJW_Xi,u304A,お,kana,extra32
FZJiHXTJW_Xi+u304B.png,FZJiHXTJW_Xi,u304B,か,kana,extra32
FZJiHXTJW_Xi+u304C.png,FZJiHXTJW_Xi,u304C,が,kana,extra32
FZJiHXTJW_Xi+u304D.png,FZJiHXTJW_Xi,u304D,き,kana,extra32
FZJiHXTJW_Xi+u304E.png,FZJiHXTJW_Xi,u304E,ぎ,kana,extra32
FZJiHXTJW_Xi+u304F.png,FZJiHXTJW_Xi,u304F,く,kana,extra32
FZJiHXTJW_Xi+u3050.png,FZJiHXTJW_Xi,u3050,ぐ,kana,extra32
FZJiHXTJW_Xi+u3051.png,FZJiHXTJW_Xi,u3051,け,kana,extra32
FZJiHXTJW_Xi+u3052.png,FZJiHXTJW_Xi,u3052,げ,kana,extra32
FZJiHXTJW_Xi+u3053.png,FZJiHXTJW_Xi,u3053,こ,kana,extra32
FZJiHXTJW_Xi+u3054.png,FZJiHXTJW_Xi,u3054,ご,kana,extra32
FZJiHXTJW_Xi+u3055.png,FZJiHXTJW_Xi,u3055,さ,kana,extra32
FZJiHXTJW_Xi+u3056.png,FZJiHXTJW_Xi,u3056,ざ,kana,extra32
FZJiHXTJW_Xi+u3057.png,FZJiHXTJW_Xi,u3057,し,kana,extra32
FZJiHXTJW_Xi+u3058.png,FZJiHXTJW_Xi,u3058,じ,kana,extra32
FZJiHXTJW_Xi+u3059.png,FZJiHXTJW_Xi,u3059,す,kana,extra32
FZJiHXTJW_Xi+u305A.png,FZJiHXTJW_Xi,u305A,ず,kana,extra32
FZJiHXTJW_Xi+u305B.png,FZJiHXTJW_Xi,u305B,せ,kana,extra32
FZJiHXTJW_Xi+u305C.png,FZJiHXTJW_Xi,u305C,ぜ,kana,extra32
FZJiHXTJW_Xi+u305D.png,FZJiHXTJW_Xi,u305D,そ,kana,extra32
FZJiHXTJW_Xi+u305E.png,FZJiHXTJW_Xi,u305E,ぞ,kana,extra32
FZJiHXTJW_Xi+u305F.png,FZJiHXTJW_Xi,u305F,た,kana,extra32
FZJiHXTJW_Xi+u3060.png,FZJiHXTJW_Xi,u3060,だ,kana,extra32
FZJiHXTJW_Xi+u3061.png,FZJiHXTJW_Xi,u3061,ち,kana,extra32
FZJiHXTJW_Xi+u3062.png,FZJiHXTJW_Xi,u3062,ぢ,kana,extra32
FZJiHXTJW_Xi+u3063.png,FZJiHXTJW_Xi,u3063,っ,kana,extra32
FZJiHXTJW_Xi+u3064.png,FZJiHXTJW_Xi,u3064,つ,kana,extra32
FZJiHXTJW_Xi+u3065.png,FZJiHXTJW_Xi,u3065,づ,kana,extra32
FZJiHXTJW_Xi+u3066.png,FZJiHXTJW_Xi,u3066,て,kana,extra32
FZJiHXTJW_Xi+u3067.png,FZJiHXTJW_Xi,u3067,で,kana,extra32
FZJiHXTJW_Xi+u3068.png,FZJiHXTJW_Xi,u3068,と,kana,extra32
FZJiHXTJW_Xi+u3069.png,FZJiHXTJW_Xi,u3069,ど,kana,extra32
FZJiHXTJW_Xi+u306A.png,FZJiHXTJW_Xi,u306A,な,kana,extra32
FZJiHXTJW_Xi+u306B.png,FZJiHXTJW_Xi,u306B,に,kana,extra32
FZJiHXTJW_Xi+u306C.png,FZJiHXTJW_Xi,u306C,ぬ,kana,extra32
FZJiHXTJW_Xi+u306D.png,FZJiHXTJW_Xi,u306D,ね,kana,extra32
FZJiHXTJW_Xi+u306E.png,FZJiHXTJW_Xi,u306E,の,kana,extra32
FZJiHXTJW_Xi+u306F.png,FZJiHXTJW_Xi,u306F,は,kana,extra32
FZJiHXTJW_Xi+u3070.png,FZJiHXTJW_Xi,u3070,ば,kana,extra32
FZJiHXTJW_Xi+u3071.png,FZJiHXTJW_Xi,u3071,ぱ,kana,extra32
FZJiHXTJW_Xi+u3072.png,FZJiHXTJW_Xi,u3072,ひ,kana,extra32
FZJiHXTJW_Xi+u3073.png,FZJiHXTJW_Xi,u3073,び,kana,extra32
FZJiHXTJW_Xi+u3074.png,FZJiHXTJW_Xi,u3074,ぴ,kana,extra32
FZJiHXTJW_Xi+u3075.png,FZJiHXTJW_Xi,u3075,ふ,kana,extra32
FZJiHXTJW_Xi+u3076.png,FZJiHXTJW_Xi,u3076,ぶ,kana,extra32
FZJiHXTJW_Xi+u3077.png,FZJiHXTJW_Xi,u3077,ぷ,kana,extra32
FZJiHXTJW_Xi+u3078.png,FZJiHXTJW_Xi,u3078,へ,kana,extra32
FZJiHXTJW_Xi+u3079.png,FZJiHXTJW_Xi,u3079,べ,kana,extra32
FZJiHXTJW_Xi+u307A.png,FZJiHXTJW_Xi,u307A,ぺ,kana,extra32
FZJiHXTJW_Xi+u307B.png,FZJiHXTJW_Xi,u307B,ほ,kana,extra32
FZJiHXTJW_Xi+u307C.png,FZJiHXTJW_Xi,u307C,ぼ,kana,extra32
FZJiHXTJW_Xi+u307D.png,FZJiHXTJW_Xi,u307D,ぽ,kana,extra32
FZJiHXTJW_Xi+u307E.png,FZJiHXTJW_Xi,u307E,ま,kana,extra32
FZJiHXTJW_Xi+u307F.png,FZJiHXTJW_Xi,u307F,み,kana,extra32
FZJiHXTJW_Xi+u3080.png,FZJiHXTJW_Xi,u3080,む,kana,extra32
FZJiHXTJW_Xi+u3081.png,FZJiHXTJW_Xi,u3081,め,kana,extra32
FZJiHXTJW_Xi+u3082.png,FZJiHXTJW_Xi,u3082,も,kana,extra32
FZJiHXTJW_Xi+u3083.png,FZJiHXTJW_Xi,u3083,ゃ,kana,extra32
FZJiHXTJW_Xi+u3084.png,FZJiHXTJW_Xi,u3084,や,kana,extra32
FZJiHXTJW_Xi+u3085.png,FZJiHXTJW_Xi,u3085,ゅ,kana,extra32
FZJiHXTJW_Xi+u3086.png,FZJiHXTJW_Xi,u3086,ゆ,kana,extra32
FZJiHXTJW_Xi+u3087.png,FZJiHXTJW_Xi,u3087,ょ,kana,extra32
FZJiHXTJW_Xi+u3088.png,FZJiHXTJW_Xi,u3088,よ,kana,extra32
FZJiHXTJW_Xi+u3089.png,FZJiHXTJW_Xi,u3089,ら,kana,extra32
FZJiHXTJW_Xi+u308A.png,FZJiHXTJW_Xi,u308A,り,kana,extra32
FZJiHXTJW_Xi+u308B.png,FZJiHXTJW_Xi,u308B,る,kana,extra32
FZJiHXTJW_Xi+u308C.png,FZJiHXTJW_Xi,u308C,れ,kana,extra32
FZJiHXTJW_Xi+u308D.png,FZJiHXTJW_Xi,u308D,ろ,kana,extra32
FZJiHXTJW_Xi+u308E.png,FZJiHXTJW_Xi,u308E,ゎ,kana,extra32
FZJiHXTJW_Xi+u308F.png,FZJiHXTJW_Xi,u308F,わ,kana,extra32
FZJiHXTJW_Xi+u3090.png,FZJiHXTJW_Xi,u3090,ゐ,kana,extra32
FZJiHXTJW_Xi+u3091.png,FZJiHXTJW_Xi,u3091,ゑ,kana,extra32
FZJiHXTJW_Xi+u3092.png,FZJiHXTJW_Xi,u3092,を,kana,extra32
FZJiHXTJW_Xi+u3093.png,FZJiHXTJW_Xi,u3093,ん,kana,extra32
FZJiHXTJW_Xi+u30A1.png,FZJiHXTJW_Xi,u30A1,ァ,kana,extra32
FZJiHXTJW_Xi+u30A2.png,FZJiHXTJW_Xi,u30A2,ア,kana,extra32
FZJiHXTJW_Xi+u30A3.png,FZJiHXTJW_Xi,u30A3,ィ,kana,extra32
FZJiHXTJW_Xi+u30A4.png,FZJiHXTJW_Xi,u30A4,イ,kana,extra32
FZJiHXTJW_Xi+u30A5.png,FZJiHXTJW_Xi,u30A5,ゥ,kana,extra32
FZJiHXTJW_Xi+u30A6.png,FZJiHXTJW_Xi,u30A6,ウ,kana,extra32
FZJiHXTJW_Xi+u30A7.png,FZJiHXTJW_Xi,u30A7,ェ,kana,extra32
FZJiHXTJW_Xi+u30A8.png,FZJiHXTJW_Xi,u30A8,エ,kana,extra32
FZJiHXTJW_Xi+u30A9.png,FZJiHXTJW_Xi,u30A9,ォ,kana,extra32
FZJiHXTJW_Xi+u30AA.png,FZJiHXTJW_Xi,u30AA,オ,kana,extra32
FZJiHXTJW_Xi+u30AB.png,FZJiHXTJW_Xi,u30AB,カ,kana,extra32
FZJiHXTJW_Xi+u30AC.png,FZJiHXTJW_Xi,u30AC,ガ,kana,extra32
FZJiHXTJW_Xi+u30AD.png,FZJiHXTJW_Xi,u30AD,キ,kana,extra32
FZJiHXTJW_Xi+u30AE.png,FZJiHXTJW_Xi,u30AE,ギ,kana,extra32
FZJiHXTJW_Xi+u30AF.png,FZJiHXTJW_Xi,u30AF,ク,kana,extra32
FZJiHXTJW_Xi+u30B0.png,FZJiHXTJW_Xi,u30B0,グ,kana,extra32
FZJiHXTJW_Xi+u30B1.png,FZJiHXTJW_Xi,u30B1,ケ,kana,extra32
FZJiHXTJW_Xi+u30B2.png,FZJiHXTJW_Xi,u30B2,ゲ,kana,extra32
FZJiHXTJW_Xi+u30B3.png,FZJiHXTJW_Xi,u30B3,コ,kana,extra32
FZJiHXTJW_Xi+u30B4.png,FZJiHXTJW_Xi,u30B4,ゴ,kana,extra32
FZJiHXTJW_Xi+u30B5.png,FZJiHXTJW_Xi,u30B5,サ,kana,extra32
FZJiHXTJW_Xi+u30B6.png,FZJiHXTJW_Xi,u30B6,ザ,kana,extra32
FZJiHXTJW_Xi+u30B7.png,FZJiHXTJW_Xi,u30B7,シ,kana,extra32
FZJiHXTJW_Xi+u30B8.png,FZJiHXTJW_Xi,u30B8,ジ,kana,extra32
FZJiHXTJW_Xi+u30B9.png,FZJiHXTJW_Xi,u30B9,ス,kana,extra32
FZJiHXTJW_Xi+u30BA.png,FZJiHXTJW_Xi,u30BA,ズ,kana,extra32
FZJiHXTJW_Xi+u30BB.png,FZJiHXTJW_Xi,u30BB,セ,kana,extra32
FZJiHXTJW_Xi+u30BC.png,FZJiHXTJW_Xi,u30BC,ゼ,kana,extra32
FZJiHXTJW_Xi+u30BD.png,FZJiHXTJW_Xi,u30BD,ソ,kana,extra32
FZJiHXTJW_Xi+u30BE.png,FZJiHXTJW_Xi,u30BE,ゾ,kana,extra32
FZJiHXTJW_Xi+u30BF.png,FZJiHXTJW_Xi,u30BF,タ,kana,extra32
FZJiHXTJW_Xi+u30C0.png,FZJiHXTJW_Xi,u30C0,ダ,kana,extra32
FZJiHXTJW_Xi+u30C1.png,FZJiHXTJW_Xi,u30C1,チ,kana,extra32
FZJiHXTJW_Xi+u30C2.png,FZJiHXTJW_Xi,u30C2,ヂ,kana,extra32
FZJiHXTJW_Xi+u30C3.png,FZJiHXTJW_Xi,u30C3,ッ,kana,extra32
FZJiHXTJW_Xi+u30C4.png,FZJiHXTJW_Xi,u30C4,ツ,kana,extra32
FZJiHXTJW_Xi+u30C5.png,FZJiHXTJW_Xi,u30C5,ヅ,kana,extra32
FZJiHXTJW_Xi+u30C6.png,FZJiHXTJW_Xi,u30C6,テ,kana,extra32
FZJiHXTJW_Xi+u30C7.png,FZJiHXTJW_Xi,u30C7,デ,kana,extra32
FZJiHXTJW_Xi+u30C8.png,FZJiHXTJW_Xi,u30C8,ト,kana,extra32
FZJiHXTJW_Xi+u30C9.png,FZJiHXTJW_Xi,u30C9,ド,kana,extra32
FZJiHXTJW_Xi+u30CA.png,FZJiHXTJW_Xi,u30CA,ナ,kana,extra32
FZJiHXTJW_Xi+u30CB.png,FZJiHXTJW_Xi,u30CB,ニ,kana,extra32
FZJiHXTJW_Xi+u30CC.png,FZJiHXTJW_Xi,u30CC,ヌ,kana,extra32
FZJiHXTJW_Xi+u30CD.png,FZJiHXTJW_Xi,u30CD,ネ,kana,extra32
FZJiHXTJW_Xi+u30CE.png,FZJiHXTJW_Xi,u30CE,ノ,kana,extra32
FZJiHXTJW_Xi+u30CF.png,FZJiHXTJW_Xi,u30CF,ハ,kana,extra32
FZJiHXTJW_Xi+u30D0.png,FZJiHXTJW_Xi,u30D0,バ,kana,extra32
FZJiHXTJW_Xi+u30D1.png,FZJiHXTJW_Xi,u30D1,パ,kana,extra32
FZJiHXTJW_Xi+u30D2.png,FZJiHXTJW_Xi,u30D2,ヒ,kana,extra32
FZJiHXTJW_Xi+u30D3.png,FZJiHXTJW_Xi,u30D3,ビ,kana,extra32
FZJiHXTJW_Xi+u30D4.png,FZJiHXTJW_Xi,u30D4,ピ,kana,extra32
FZJiHXTJW_Xi+u30D5.png,FZJiHXTJW_Xi,u30D5,フ,kana,extra32
FZJiHXTJW_Xi+u30D6.png,FZJiHXTJW_Xi,u30D6,ブ,kana,extra32
FZJiHXTJW_Xi+u30D7.png,FZJiHXTJW_Xi,u30D7,プ,kana,extra32
FZJiHXTJW_Xi+u30D8.png,FZJiHXTJW_Xi,u30D8,ヘ,kana,extra32
FZJiHXTJW_Xi+u30D9.png,FZJiHXTJW_Xi,u30D9,ベ,kana,extra32
FZJiHXTJW_Xi+u30DA.png,FZJiHXTJW_Xi,u30DA,ペ,kana,extra32
FZJiHXTJW_Xi+u30DB.png,FZJiHXTJW_Xi,u30DB,ホ,kana,extra32
FZJiHXTJW_Xi+u30DC.png,FZJiHXTJW_Xi,u30DC,ボ,kana,extra32
FZJiHXTJW_Xi+u30DD.png,FZJiHXTJW_Xi,u30DD,ポ,kana,extra32
FZJiHXTJW_Xi+u30DE.png,FZJiHXTJW_Xi,u30DE,マ,kana,extra32
FZJiHXTJW_Xi+u30DF.png,FZJiHXTJW_Xi,u30DF,ミ,kana,extra32
FZJiHXTJW_Xi+u30E0.png,FZJiHXTJW_Xi,u30E0,ム,kana,extra32
FZJiHXTJW_Xi+u30E1.png,FZJiHXTJW_Xi,u30E1,メ,kana,extra32
FZJiHXTJW_Xi+u30E2.png,FZJiHXTJW_Xi,u30E2,モ,kana,extra32
FZJiHXTJW_Xi+u30E3.png,FZJiHXTJW_Xi,u30E3,ャ,kana,extra32
FZJiHXTJW_Xi+u30E4.png,FZJiHXTJW_Xi,u30E4,ヤ,kana,extra32
FZJiHXTJW_Xi+u30E5.png,FZJiHXTJW_Xi,u30E5,ュ,kana,extra32
FZJiHXTJW_Xi+u30E6.png,FZJiHXTJW_Xi,u30E6,ユ,kana,extra32
FZJiHXTJW_Xi+u30E7.png,FZJiHXTJW_Xi,u30E7,ョ,kana,extra32
FZJiHXTJW_Xi+u30E8.png,FZJiHXTJW_Xi,u30E8,ヨ,kana,extra32
FZJiHXTJW_Xi+u30E9.png,FZJiHXTJW_Xi,u30E9,ラ,kana,extra32
FZJiHXTJW_Xi+u30EA.png,FZJiHXTJW_Xi,u30EA,リ,kana,extra32
FZJiHXTJW_Xi+u30EB.png,FZJiHXTJW_Xi,u30EB,ル,kana,extra32
FZJiHXTJW_Xi+u30EC.png,FZJiHXTJW_Xi,u30EC,レ,kana,extra32
FZJiHXTJW_Xi+u30ED.png,FZJiHXTJW_Xi,u30ED,ロ,kana,extra32
FZJiHXTJW_Xi+u30EE.png,FZJiHXTJW_Xi,u30EE,ヮ,kana,extra32
FZJiHXTJW_Xi+u30EF.png,FZJiHXTJW_Xi,u30EF,ワ,kana,extra32
FZJiHXTJW_Xi+u30F0.png,FZJiHXTJW_Xi,u30F0,ヰ,kana,extra32
FZJiHXTJW_Xi+u30F1.png,FZJiHXTJW_Xi,u30F1,ヱ,kana,extra32
FZJiHXTJW_Xi+u30F2.png,FZJiHXTJW_Xi,u30F2,ヲ,kana,extra32
FZJiHXTJW_Xi+u30F3.png,FZJiHXTJW_Xi,u30F3,ン,kana,extra32
FZJiHXTJW_Xi+u30F4.png,FZJiHXTJW_Xi,u30F4,ヴ,kana,extra32
FZJiHXTJW_Xi+u30F5.png,FZJiHXTJW_Xi,u30F5,ヵ,kana,extra32
FZJiHXTJW_Xi+u30F6.png,FZJiHXTJW_Xi,u30F6,ヶ,kana,extra32
FZJingWTJW_Xi+u0030.png,FZJingWTJW_Xi,u0030,0,latin,extra32
FZJingWTJW_Xi+u0032.png,FZJingWTJW_Xi,u0032,2,latin,extra32
FZJingWTJW_Xi+u0033.png,FZJingWTJW_Xi,u0033,3,latin,extra32
FZJingWTJW_Xi+u0034.png,FZJingWTJW_Xi,u0034,4,latin,extra32
FZJingWTJW_Xi+u0035.png,FZJingWTJW_Xi,u0035,5,latin,extra32
FZJingWTJW_Xi+u0036.png,FZJingWTJW_Xi,u0036,6,latin,extra32
FZJingWTJW_Xi+u0037.png,FZJingWTJW_Xi,u0037,7,latin,extra32
FZJingWTJW_Xi+u0038.png,FZJingWTJW_Xi,u0038,8,latin,extra32
FZJingWTJW_Xi+u0039.png,FZJingWTJW_Xi,u0039,9,latin,extra32
FZJingWTJW_Xi+u0041.png,FZJingWTJW_Xi,u0041,A,latin,extra32
FZJingWTJW_Xi+u0042.png,FZJingWTJW_Xi,u0042,B,latin,extra32
FZJingWTJW_Xi+u0043.png,FZJingWTJW_Xi,u0043,C,latin,extra32
FZJingWTJW_Xi+u0044.png,FZJingWTJW_Xi,u0044,D,latin,extra32
FZJingWTJW_Xi+u0045.png,FZJingWTJW_Xi,u0045,E,latin,extra32
FZJingWTJW_Xi+u0046.png,FZJingWTJW_Xi,u0046,F,latin,extra32
FZJingWTJW_Xi+u0047.png,FZJingWTJW_Xi,u0047,G,latin,extra32
FZJingWTJW_Xi+u0048.png,FZJingWTJW_Xi,u0048,H,latin,extra32
FZJingWTJW_Xi+u0049.png,FZJingWTJW_Xi,u0049,I,latin,extra32
FZJingWTJW_Xi+u004A.png,FZJingWTJW_Xi,u004A,J,latin,extra32
FZJingWTJW_Xi+u004B.png,FZJingWTJW_Xi,u004B,K,latin,extra32
FZJingWTJW_Xi+u004C.png,FZJingWTJW_Xi,u004C,L,latin,extra32
FZJingWTJW_Xi+u004D.png,FZJingWTJW_Xi,u004D,M,latin,extra32
FZJingWTJW_Xi+u004E.png,FZJingWTJW_Xi,u004E,N,latin,extra32
FZJingWTJW_Xi+u004F.png,FZJingWTJW_Xi,u004F,O,latin,extra32
FZJingWTJW_Xi+u0050.png,FZJingWTJW_Xi,u0050,P,latin,extra32
FZJingWTJW_Xi+u0051.png,FZJingWTJW_Xi,u0051,Q,latin,extra32
FZJingWTJW_Xi+u0052.png,FZJingWTJW_Xi,u0052,R,latin,extra32
FZJingWTJW_Xi+u0053.png,FZJingWTJW_Xi,u0053,S,latin,extra32
FZJingWTJW_Xi+u0055.png,FZJingWTJW_Xi,u0055,U,latin,extra32
FZJingWTJW_Xi+u0056.png,FZJingWTJW_Xi,u0056,V,latin,extra32
FZJingWTJW_Xi+u0057.png,FZJingWTJW_Xi,u0057,W,latin,extra32
FZJingWTJW_Xi+u0059.png,FZJingWTJW_Xi,u0059,Y,latin,extra32
FZJingWTJW_Xi+u005A.png,FZJingWTJW_Xi,u005A,Z,latin,extra32
FZJingWTJW_Xi+u0062.png,FZJingWTJW_Xi,u0062,b,latin,extra32
FZJingWTJW_Xi+u0063.png,FZJingWTJW_Xi,u0063,c,latin,extra32
FZJingWTJW_Xi+u0065.png,FZJingWTJW_Xi,u0065,e,latin,extra32
FZJingWTJW_Xi+u0066.png,FZJingWTJW_Xi,u0066,f,latin,extra32
FZJingWTJW_Xi+u0067.png,FZJingWTJW_Xi,u0067,g,latin,extra32
FZJingWTJW_Xi+u0068.png,FZJingWTJW_Xi,u0068,h,latin,extra32
FZJingWTJW_Xi+u0069.png,FZJingWTJW_Xi,u0069,i,latin,extra32
FZJingWTJW_Xi+u006A.png,FZJingWTJW_Xi,u006A,j,latin,extra32
FZJingWTJW_Xi+u006C.png,FZJingWTJW_Xi,u006C,l,latin,extra32
FZJingWTJW_Xi+u006D.png,FZJingWTJW_Xi,u006D,m,latin,extra32
FZJingWTJW_Xi+u006E.png,FZJingWTJW_Xi,u006E,n,latin,extra32
FZJingWTJW_Xi+u006F.png,FZJingWTJW_Xi,u006F,o,latin,extra32
FZJingWTJW_Xi+u0070.png,FZJingWTJW_Xi,u0070,p,latin,extra32
FZJingWTJW_Xi+u0071.png,FZJingWTJW_Xi,u0071,q,latin,extra32
FZJingWTJW_Xi+u0072.png,FZJingWTJW_Xi,u0072,r,latin,extra32
FZJingWTJW_Xi+u0073.png,FZJingWTJW_Xi,u0073,s,latin,extra32
FZJingWTJW_Xi+u0074.png,FZJingWTJW_Xi,u0074,t,latin,extra32
FZJingWTJW_Xi+u0076.png,FZJingWTJW_Xi,u0076,v,latin,extra32
FZJingWTJW_Xi+u0077.png,FZJingWTJW_Xi,u0077,w,latin,extra32
FZJingWTJW_Xi+u0078.png,FZJingWTJW_Xi,u0078,x,latin,extra32
FZJingWTJW_Xi+u007A.png,FZJingWTJW_Xi,u007A,z,latin,extra32
FZJingWTJW_Xi+u00E1.png,FZJingWTJW_Xi,u00E1,á,latin,extra32
FZJingWTJW_Xi+u00E8.png,FZJingWTJW_Xi,u00E8,è,latin,extra32
FZJingWTJW_Xi+u00E9.png,FZJingWTJW_Xi,u00E9,é,latin,extra32
FZJingWTJW_Xi+u00EA.png,FZJingWTJW_Xi,u00EA,ê,latin,extra32
FZJingWTJW_Xi+u00ED.png,FZJingWTJW_Xi,u00ED,í,latin,extra32
FZJingWTJW_Xi+u00F2.png,FZJingWTJW_Xi,u00F2,ò,latin,extra32
FZJingWTJW_Xi+u00F3.png,FZJingWTJW_Xi,u00F3,ó,latin,extra32
FZJingWTJW_Xi+u00F9.png,FZJingWTJW_Xi,u00F9,ù,latin,extra32
FZJingWTJW_Xi+u00FA.png,FZJingWTJW_Xi,u00FA,ú,latin,extra32
FZJingWTJW_Xi+u00FC.png,FZJingWTJW_Xi,u00FC,ü,latin,extra32
FZJingWTJW_Xi+u0101.png,FZJingWTJW_Xi,u0101,ā,latin,extra32
FZJingWTJW_Xi+u0113.png,FZJingWTJW_Xi,u0113,ē,latin,extra32
FZJingWTJW_Xi+u011B.png,FZJingWTJW_Xi,u011B,ě,latin,extra32
FZJingWTJW_Xi+u012B.png,FZJingWTJW_Xi,u012B,ī,latin,extra32
FZJingWTJW_Xi+u0144.png,FZJingWTJW_Xi,u0144,ń,latin,extra32
FZJingWTJW_Xi+u0148.png,FZJingWTJW_Xi,u0148,ň,latin,extra32
FZJingWTJW_Xi+u014D.png,FZJingWTJW_Xi,u014D,ō,latin,extra32
FZJingWTJW_Xi+u016B.png,FZJingWTJW_Xi,u016B,ū,latin,extra32
FZJingWTJW_Xi+u01CE.png,FZJingWTJW_Xi,u01CE,ǎ,latin,extra32
FZJingWTJW_Xi+u01D0.png,FZJingWTJW_Xi,u01D0,ǐ,latin,extra32
FZJingWTJW_Xi+u01D2.png,FZJingWTJW_Xi,u01D2,ǒ,latin,extra32
FZJingWTJW_Xi+u01D6.png,FZJingWTJW_Xi,u01D6,ǖ,latin,extra32
FZJingWTJW_Xi+u01D8.png,FZJingWTJW_Xi,u01D8,ǘ,latin,extra32
FZJingWTJW_Xi+u01DA.png,FZJingWTJW_Xi,u01DA,ǚ,latin,extra32
FZJingWTJW_Xi+u3041.png,FZJingWTJW_Xi,u3041,ぁ,kana,extra32
FZJingWTJW_Xi+u3042.png,FZJingWTJW_Xi,u3042,あ,kana,extra32
FZJingWTJW_Xi+u3043.png,FZJingWTJW_Xi,u3043,ぃ,kana,extra32
FZJingWTJW_Xi+u3044.png,FZJingWTJW_Xi,u3044,い,kana,extra32
FZJingWTJW_Xi+u3045.png,FZJingWTJW_Xi,u3045,ぅ,kana,extra32
FZJingWTJW_Xi+u3046.png,FZJingWTJW_Xi,u3046,う,kana,extra32
FZJingWTJW_Xi+u3047.png,FZJingWTJW_Xi,u3047,ぇ,kana,extra32
FZJingWTJW_Xi+u3048.png,FZJingWTJW_Xi,u3048,え,kana,extra32
FZJingWTJW_Xi+u3049.png,FZJingWTJW_Xi,u3049,ぉ,kana,extra32
FZJingWTJW_Xi+u304A.png,FZJingWTJW_Xi,u304A,お,kana,extra32
FZJingWTJW_Xi+u304B.png,FZJingWTJW_Xi,u304B,か,kana,extra32
FZJingWTJW_Xi+u304C.png,FZJingWTJW_Xi,u304C,が,kana,extra32
FZJingWTJW_Xi+u304D.png,FZJingWTJW_Xi,u304D,き,kana,extra32
FZJingWTJW_Xi+u304E.png,FZJingWTJW_Xi,u304E,ぎ,kana,extra32
FZJingWTJW_Xi+u304F.png,FZJingWTJW_Xi,u304F,く,kana,extra32
FZJingWTJW_Xi+u3050.png,FZJingWTJW_Xi,u3050,ぐ,kana,extra32
FZJingWTJW_Xi+u3051.png,FZJingWTJW_Xi,u3051,け,kana,extra32
FZJingWTJW_Xi+u3052.png,FZJingWTJW_Xi,u3052,げ,kana,extra32
FZJingWTJW_Xi+u3053.png,FZJingWTJW_Xi,u3053,こ,kana,extra32
FZJingWTJW_Xi+u3054.png,FZJingWTJW_Xi,u3054,ご,kana,extra32
FZJingWTJW_Xi+u3055.png,FZJingWTJW_Xi,u3055,さ,kana,extra32
FZJingWTJW_Xi+u3056.png,FZJingWTJW_Xi,u3056,ざ,kana,extra32
FZJingWTJW_Xi+u3057.png,FZJingWTJW_Xi,u3057,し,kana,extra32
FZJingWTJW_Xi+u3058.png,FZJingWTJW_Xi,u3058,じ,kana,extra32
FZJingWTJW_Xi+u3059.png,FZJingWTJW_Xi,u3059,す,kana,extra32
FZJingWTJW_Xi+u305A.png,FZJingWTJW_Xi,u305A,ず,kana,extra32
FZJingWTJW_Xi+u305B.png,FZJingWTJW_Xi,u305B,せ,kana,extra32
FZJingWTJW_Xi+u305C.png,FZJingWTJW_Xi,u305C,ぜ,kana,extra32
FZJingWTJW_Xi+u305D.png,FZJingWTJW_Xi,u305D,そ,kana,extra32
FZJingWTJW_Xi+u305E.png,FZJingWTJW_Xi,u305E,ぞ,kana,extra32
FZJingWTJW_Xi+u305F.png,FZJingWTJW_Xi,u305F,た,kana,extra32
FZJingWTJW_Xi+u3060.png,FZJingWTJW_Xi,u3060,だ,kana,extra32
FZJingWTJW_Xi+u3061.png,FZJingWTJW_Xi,u3061,ち,kana,extra32
FZJingWTJW_Xi+u3062.png,FZJingWTJW_Xi,u3062,ぢ,kana,extra32
FZJingWTJW_Xi+u3063.png,FZJingWTJW_Xi,u3063,っ,kana,extra32
FZJingWTJW_Xi+u3064.png,FZJingWTJW_Xi,u3064,つ,kana,extra32
FZJingWTJW_Xi+u3065.png,FZJingWTJW_Xi,u3065,づ,kana,extra32
FZJingWTJW_Xi+u3066.png,FZJingWTJW_Xi,u3066,て,kana,extra32
FZJingWTJW_Xi+u3067.png,FZJingWTJW_Xi,u3067,で,kana,extra32
FZJingWTJW_Xi+u3068.png,FZJingWTJW_Xi,u3068,と,kana,extra32
FZJingWTJW_Xi+u3069.png,FZJingWTJW_Xi,u3069,ど,kana,extra32
FZJingWTJW_Xi+u306A.png,FZJingWTJW_Xi,u306A,な,kana,extra32
FZJingWTJW_Xi+u306B.png,FZJingWTJW_Xi,u306B,に,kana,extra32
FZJingWTJW_Xi+u306C.png,FZJingWTJW_Xi,u306C,ぬ,kana,extra32
FZJingWTJW_Xi+u306D.png,FZJingWTJW_Xi,u306D,ね,kana,extra32
FZJingWTJW_Xi+u306E.png,FZJingWTJW_Xi,u306E,の,kana,extra32
FZJingWTJW_Xi+u306F.png,FZJingWTJW_Xi,u306F,は,kana,extra32
FZJingWTJW_Xi+u3070.png,FZJingWTJW_Xi,u3070,ば,kana,extra32
FZJingWTJW_Xi+u3071.png,FZJingWTJW_Xi,u3071,ぱ,kana,extra32
FZJingWTJW_Xi+u3072.png,FZJingWTJW_Xi,u3072,ひ,kana,extra32
FZJingWTJW_Xi+u3073.png,FZJingWTJW_Xi,u3073,び,kana,extra32
FZJingWTJW_Xi+u3074.png,FZJingWTJW_Xi,u3074,ぴ,kana,extra32
FZJingWTJW_Xi+u3075.png,FZJingWTJW_Xi,u3075,ふ,kana,extra32
FZJingWTJW_Xi+u3076.png,FZJingWTJW_Xi,u3076,ぶ,kana,extra32
FZJingWTJW_Xi+u3077.png,FZJingWTJW_Xi,u3077,ぷ,kana,extra32
FZJingWTJW_Xi+u3078.png,FZJingWTJW_Xi,u3078,へ,kana,extra32
FZJingWTJW_Xi+u3079.png,FZJingWTJW_Xi,u3079,べ,kana,extra32
FZJingWTJW_Xi+u307A.png,FZJingWTJW_Xi,u307A,ぺ,kana,extra32
FZJingWTJW_Xi+u307B.png,FZJingWTJW_Xi,u307B,ほ,kana,extra32
FZJingWTJW_Xi+u307C.png,FZJingWTJW_Xi,u307C,ぼ,kana,extra32
FZJingWTJW_Xi+u307D.png,FZJingWTJW_Xi,u307D,ぽ,kana,extra32
FZJingWTJW_Xi+u307E.png,FZJingWTJW_Xi,u307E,ま,kana,extra32
FZJingWTJW_Xi+u307F.png,FZJingWTJW_Xi,u307F,み,kana,extra32
FZJingWTJW_Xi+u3080.png,FZJingWTJW_Xi,u3080,む,kana,extra32
FZJingWTJW_Xi+u3081.png,FZJingWTJW_Xi,u3081,め,kana,extra32
FZJingWTJW_Xi+u3082.png,FZJingWTJW_Xi,u3082,も,kana,extra32
FZJingWTJW_Xi+u3083.png,FZJingWTJW_Xi,u3083,ゃ,kana,extra32
FZJingWTJW_Xi+u3084.png,FZJingWTJW_Xi,u3084,や,kana,extra32
FZJingWTJW_Xi+u3085.png,FZJingWTJW_Xi,u3085,ゅ,kana,extra32
FZJingWTJW_Xi+u3086.png,FZJingWTJW_Xi,u3086,ゆ,kana,extra32
FZJingWTJW_Xi+u3087.png,FZJingWTJW_Xi,u3087,ょ,kana,extra32
FZJingWTJW_Xi+u3088.png,FZJingWTJW_Xi,u3088,よ,kana,extra32
FZJingWTJW_Xi+u3089.png,FZJingWTJW_Xi,u3089,ら,kana,extra32
FZJingWTJW_Xi+u308A.png,FZJingWTJW_Xi,u308A,り,kana,extra32
FZJingWTJW_Xi+u308B.png,FZJingWTJW_Xi,u308B,る,kana,extra32
FZJingWTJW_Xi+u308C.png,FZJingWTJW_Xi,u308C,れ,kana,extra32
FZJingWTJW_Xi+u308D.png,FZJingWTJW_Xi,u308D,ろ,kana,extra32
FZJingWTJW_Xi+u308E.png,FZJingWTJW_Xi,u308E,ゎ,kana,extra32
FZJingWTJW_Xi+u308F.png,FZJingWTJW_Xi,u308F,わ,kana,extra32
FZJingWTJW_Xi+u3090.png,FZJingWTJW_Xi,u3090,ゐ,kana,extra32
FZJingWTJW_Xi+u3091.png,FZJingWTJW_Xi,u3091,ゑ,kana,extra32
FZJingWTJW_Xi+u3092.png,FZJingWTJW_Xi,u3092,を,kana,extra32
FZJingWTJW_Xi+u3093.png,FZJingWTJW_Xi,u3093,ん,kana,extra32
FZJingWTJW_Xi+u30A1.png,FZJingWTJW_Xi,u30A1,ァ,kana,extra32
FZJingWTJW_Xi+u30A2.png,FZJingWTJW_Xi,u30A2,ア,kana,extra32
FZJingWTJW_Xi+u30A3.png,FZJingWTJW_Xi,u30A3,ィ,kana,extra32
FZJingWTJW_Xi+u30A4.png,FZJingWTJW_Xi,u30A4,イ,kana,extra32
FZJingWTJW_Xi+u30A5.png,FZJingWTJW_Xi,u30A5,ゥ,kana,extra32
FZJingWTJW_Xi+u30A6.png,FZJingWTJW_Xi,u30A6,ウ,kana,extra32
FZJingWTJW_Xi+u30A7.png,FZJingWTJW_Xi,u30A7,ェ,kana,extra32
FZJingWTJW_Xi+u30A8.png,FZJingWTJW_Xi,u30A8,エ,kana,extra32
FZJingWTJW_Xi+u30A9.png,FZJingWTJW_Xi,u30A9,ォ,kana,extra32
FZJingWTJW_Xi+u30AA.png,FZJingWTJW_Xi,u30AA,オ,kana,extra32
FZJingWTJW_Xi+u30AB.png,FZJingWTJW_Xi,u30AB,カ,kana,extra32
FZJingWTJW_Xi+u30AC.png,FZJingWTJW_Xi,u30AC,ガ,kana,extra32
FZJingWTJW_Xi+u30AD.png,FZJingWTJW_Xi,u30AD,キ,kana,extra32
FZJingWTJW_Xi+u30AE.png,FZJingWTJW_Xi,u30AE,ギ,kana,extra32
FZJingWTJW_Xi+u30AF.png,FZJingWTJW_Xi,u30AF,ク,kana,extra32
FZJingWTJW_Xi+u30B0.png,FZJingWTJW_Xi,u30B0,グ,kana,extra32
FZJingWTJW_Xi+u30B1.png,FZJingWTJW_Xi,u30B1,ケ,kana,extra32
FZJingWTJW_Xi+u30B2.png,FZJingWTJW_Xi,u30B2,ゲ,kana,extra32
FZJingWTJW_Xi+u30B3.png,FZJingWTJW_Xi,u30B3,コ,kana,extra32
FZJingWTJW_Xi+u30B4.png,FZJingWTJW_Xi,u30B4,ゴ,kana,extra32
FZJingWTJW_Xi+u30B5.png,FZJingWTJW_Xi,u30B5,サ,kana,extra32
FZJingWTJW_Xi+u30B6.png,FZJingWTJW_Xi,u30B6,ザ,kana,extra32
FZJingWTJW_Xi+u30B7.png,FZJingWTJW_Xi,u30B7,シ,kana,extra32
FZJingWTJW_Xi+u30B8.png,FZJingWTJW_Xi,u30B8,ジ,kana,extra32
FZJingWTJW_Xi+u30B9.png,FZJingWTJW_Xi,u30B9,ス,kana,extra32
FZJingWTJW_Xi+u30BA.png,FZJingWTJW_Xi,u30BA,ズ,kana,extra32
FZJingWTJW_Xi+u30BB.png,FZJingWTJW_Xi,u30BB,セ,kana,extra32
FZJingWTJW_Xi+u30BC.png,FZJingWTJW_Xi,u30BC,ゼ,kana,extra32
FZJingWTJW_Xi+u30BD.png,FZJingWTJW_Xi,u30BD,ソ,kana,extra32
FZJingWTJW_Xi+u30BE.png,FZJingWTJW_Xi,u30BE,ゾ,kana,extra32
FZJingWTJW_Xi+u30BF.png,FZJingWTJW_Xi,u30BF,タ,kana,extra32
FZJingWTJW_Xi+u30C0.png,FZJingWTJW_Xi,u30C0,ダ,kana,extra32
FZJingWTJW_Xi+u30C1.png,FZJingWTJW_Xi,u30C1,チ,kana,extra32
FZJingWTJW_Xi+u30C2.png,FZJingWTJW_Xi,u30C2,ヂ,kana,extra32
FZJingWTJW_Xi+u30C3.png,FZJingWTJW_Xi,u30C3,ッ,kana,extra32
FZJingWTJW_Xi+u30C4.png,FZJingWTJW_Xi,u30C4,ツ,kana,extra32
FZJingWTJW_Xi+u30C5.png,FZJingWTJW_Xi,u30C5,ヅ,kana,extra32
FZJingWTJW_Xi+u30C6.png,FZJingWTJW_Xi,u30C6,テ,kana,extra32
FZJingWTJW_Xi+u30C7.png,FZJingWTJW_Xi,u30C7,デ,kana,extra32
FZJingWTJW_Xi+u30C8.png,FZJingWTJW_Xi,u30C8,ト,kana,extra32
FZJingWTJW_Xi+u30C9.png,FZJingWTJW_Xi,u30C9,ド,kana,extra32
FZJingWTJW_Xi+u30CA.png,FZJingWTJW_Xi,u30CA,ナ,kana,extra32
FZJingWTJW_Xi+u30CB.png,FZJingWTJW_Xi,u30CB,ニ,kana,extra32
FZJingWTJW_Xi+u30CC.png,FZJingWTJW_Xi,u30CC,ヌ,kana,extra32
FZJingWTJW_Xi+u30CD.png,FZJingWTJW_Xi,u30CD,ネ,kana,extra32
FZJingWTJW_Xi+u30CE.png,FZJingWTJW_Xi,u30CE,ノ,kana,extra32
FZJingWTJW_Xi+u30CF.png,FZJingWTJW_Xi,u30CF,ハ,kana,extra32
FZJingWTJW_Xi+u30D0.png,FZJingWTJW_Xi,u30D0,バ,kana,extra32
FZJingWTJW_Xi+u30D1.png,FZJingWTJW_Xi,u30D1,パ,kana,extra32
FZJingWTJW_Xi+u30D2.png,FZJingWTJW_Xi,u30D2,ヒ,kana,extra32
FZJingWTJW_Xi+u30D3.png,FZJingWTJW_Xi,u30D3,ビ,kana,extra32
FZJingWTJW_Xi+u30D4.png,FZJingWTJW_Xi,u30D4,ピ,kana,extra32
FZJingWTJW_Xi+u30D5.png,FZJingWTJW_Xi,u30D5,フ,kana,extra32
FZJingWTJW_Xi+u30D6.png,FZJingWTJW_Xi,u30D6,ブ,kana,extra32
FZJingWTJW_Xi+u30D7.png,FZJingWTJW_Xi,u30D7,プ,kana,extra32
FZJingWTJW_Xi+u30D8.png,FZJingWTJW_Xi,u30D8,ヘ,kana,extra32
FZJingWTJW_Xi+u30D9.png,FZJingWTJW_Xi,u30D9,ベ,kana,extra32
FZJingWTJW_Xi+u30DA.png,FZJingWTJW_Xi,u30DA,ペ,kana,extra32
FZJingWTJW_Xi+u30DB.png,FZJingWTJW_Xi,u30DB,ホ,kana,extra32
FZJingWTJW_Xi+u30DC.png,FZJingWTJW_Xi,u30DC,ボ,kana,extra32
FZJingWTJW_Xi+u30DD.png,FZJingWTJW_Xi,u30DD,ポ,kana,extra32
FZJingWTJW_Xi+u30DE.png,FZJingWTJW_Xi,u30DE,マ,kana,extra32
FZJingWTJW_Xi+u30DF.png,FZJingWTJW_Xi,u30DF,ミ,kana,extra32
FZJingWTJW_Xi+u30E0.png,FZJingWTJW_Xi,u30E0,ム,kana,extra32
FZJingWTJW_Xi+u30E1.png,FZJingWTJW_Xi,u30E1,メ,kana,extra32
FZJingWTJW_Xi+u30E2.png,FZJingWTJW_Xi,u30E2,モ,kana,extra32
FZJingWTJW_Xi+u30E3.png,FZJingWTJW_Xi,u30E3,ャ,kana,extra32
FZJingWTJW_Xi+u30E4.png,FZJingWTJW_Xi,u30E4,ヤ,kana,extra32
FZJingWTJW_Xi+u30E5.png,FZJingWTJW_Xi,u30E5,ュ,kana,extra32
FZJingWTJW_Xi+u30E6.png,FZJingWTJW_Xi,u30E6,ユ,kana,extra32
FZJingWTJW_Xi+u30E7.png,FZJingWTJW_Xi,u30E7,ョ,kana,extra32
FZJingWTJW_Xi+u30E8.png,FZJingWTJW_Xi,u30E8,ヨ,kana,extra32
FZJingWTJW_Xi+u30E9.png,FZJingWTJW_Xi,u30E9,ラ,kana,extra32
FZJingWTJW_Xi+u30EA.png,FZJingWTJW_Xi,u30EA,リ,kana,extra32
FZJingWTJW_Xi+u30EB.png,FZJingWTJW_Xi,u30EB,ル,kana,extra32
FZJingWTJW_Xi+u30EC.png,FZJingWTJW_Xi,u30EC,レ,kana,extra32
FZJingWTJW_Xi+u30ED.png,FZJingWTJW_Xi,u30ED,ロ,kana,extra32
FZJingWTJW_Xi+u30EE.png,FZJingWTJW_Xi,u30EE,ヮ,kana,extra32
FZJingWTJW_Xi+u30EF.png,FZJingWTJW_Xi,u30EF,ワ,kana,extra32
FZJingWTJW_Xi+u30F0.png,FZJingWTJW_Xi,u30F0,ヰ,kana,extra32
FZJingWTJW_Xi+u30F1.png,FZJingWTJW_Xi,u30F1,ヱ,kana,extra32
FZJingWTJW_Xi+u30F2.png,FZJingWTJW_Xi,u30F2,ヲ,kana,extra32
FZJingWTJW_Xi+u30F3.png,FZJingWTJW_Xi,u30F3,ン,kana,extra32
FZJingWTJW_Xi+u30F4.png,FZJingWTJW_Xi,u30F4,ヴ,kana,extra32
FZJingWTJW_Xi+u30F5.png,FZJingWTJW_Xi,u30F5,ヵ,kana,extra32
FZJingWTJW_Xi+u30F6.png,FZJingWTJW_Xi,u30F6,ヶ,kana,extra32
FZKuaiSTJF_Te+u0030.png,FZKuaiSTJF_Te,u0030,0,latin,plus17
FZKuaiSTJF_Te+u0032.png,FZKuaiSTJF_Te,u0032,2,latin,plus17
FZKuaiSTJF_Te+u0033.png,FZKuaiSTJF_Te,u0033,3,latin,plus17
FZKuaiSTJF_Te+u0034.png,FZKuaiSTJF_Te,u0034,4,latin,plus17
FZKuaiSTJF_Te+u0035.png,FZKuaiSTJF_Te,u0035,5,latin,plus17
FZKuaiSTJF_Te+u0036.png,FZKuaiSTJF_Te,u0036,6,latin,plus17
FZKuaiSTJF_Te+u0037.png,FZKuaiSTJF_Te,u0037,7,latin,plus17
FZKuaiSTJF_Te+u0038.png,FZKuaiSTJF_Te,u0038,8,latin,plus17
FZKuaiSTJF_Te+u0039.png,FZKuaiSTJF_Te,u0039,9,latin,plus17
FZKuaiSTJF_Te+u0041.png,FZKuaiSTJF_Te,u0041,A,latin,plus17
FZKuaiSTJF_Te+u0042.png,FZKuaiSTJF_Te,u0042,B,latin,plus17
FZKuaiSTJF_Te+u0043.png,FZKuaiSTJF_Te,u0043,C,latin,plus17
FZKuaiSTJF_Te+u0044.png,FZKuaiSTJF_Te,u0044,D,latin,plus17
FZKuaiSTJF_Te+u0045.png,FZKuaiSTJF_Te,u0045,E,latin,plus17
FZKuaiSTJF_Te+u0046.png,FZKuaiSTJF_Te,u0046,F,latin,plus17
FZKuaiSTJF_Te+u0047.png,FZKuaiSTJF_Te,u0047,G,latin,plus17
FZKuaiSTJF_Te+u0048.png,FZKuaiSTJF_Te,u0048,H,latin,plus17
FZKuaiSTJF_Te+u0049.png,FZKuaiSTJF_Te,u0049,I,latin,plus17
FZKuaiSTJF_Te+u004A.png,FZKuaiSTJF_Te,u004A,J,latin,plus17
FZKuaiSTJF_Te+u004B.png,FZKuaiSTJF_Te,u004B,K,latin,plus17
FZKuaiSTJF_Te+u004C.png,FZKuaiSTJF_Te,u004C,L,latin,plus17
FZKuaiSTJF_Te+u004D.png,FZKuaiSTJF_Te,u004D,M,latin,plus17
FZKuaiSTJF_Te+u004E.png,FZKuaiSTJF_Te,u004E,N,latin,plus17
FZKuaiSTJF_Te+u004F.png,FZKuaiSTJF_Te,u004F,O,latin,plus17
FZKuaiSTJF_Te+u0050.png,FZKuaiSTJF_Te,u0050,P,latin,plus17
FZKuaiSTJF_Te+u0051.png,FZKuaiSTJF_Te,u0051,Q,latin,plus17
FZKuaiSTJF_Te+u0052.png,FZKuaiSTJF_Te,u0052,R,latin,plus17
FZKuaiSTJF_Te+u0053.png,FZKuaiSTJF_Te,u0053,S,latin,plus17
FZKuaiSTJF_Te+u0055.png,FZKuaiSTJF_Te,u0055,U,latin,plus17
FZKuaiSTJF_Te+u0056.png,FZKuaiSTJF_Te,u0056,V,latin,plus17
FZKuaiSTJF_Te+u0057.png,FZKuaiSTJF_Te,u0057,W,latin,plus17
FZKuaiSTJF_Te+u0059.png,FZKuaiSTJF_Te,u0059,Y,latin,plus17
FZKuaiSTJF_Te+u005A.png,FZKuaiSTJF_Te,u005A,Z,latin,plus17
FZKuaiSTJF_Te+u0062.png,FZKuaiSTJF_Te,u0062,b,latin,plus17
FZKuaiSTJF_Te+u0063.png,FZKuaiSTJF_Te,u0063,c,latin,plus17
FZKuaiSTJF_Te+u0065.png,FZKuaiSTJF_Te,u0065,e,latin,plus17
FZKuaiSTJF_Te+u0066.png,FZKuaiSTJF_Te,u0066,f,latin,plus17
FZKuaiSTJF_Te+u0067.png,FZKuaiSTJF_Te,u0067,g,latin,plus17
FZKuaiSTJF_Te+u0068.png,FZKuaiSTJF_Te,u0068,h,latin,plus17
FZKuaiSTJF_Te+u0069.png,FZKuaiSTJF_Te,u0069,i,latin,plus17
FZKuaiSTJF_Te+u006A.png,FZKuaiSTJF_Te,u006A,j,latin,plus17
FZKuaiSTJF_Te+u006C.png,FZKuaiSTJF_Te,u006C,l,latin,plus17
FZKuaiSTJF_Te+u006D.png,FZKuaiSTJF_Te,u006D,m,latin,plus17
FZKuaiSTJF_Te+u006E.png,FZKuaiSTJF_Te,u006E,n,latin,plus17
FZKuaiSTJF_Te+u006F.png,FZKuaiSTJF_Te,u006F,o,latin,plus17
FZKuaiSTJF_Te+u0070.png,FZKuaiSTJF_Te,u0070,p,latin,plus17
FZKuaiSTJF_Te+u0071.png,FZKuaiSTJF_Te,u0071,q,latin,plus17
FZKuaiSTJF_Te+u0072.png,FZKuaiSTJF_Te,u0072,r,latin,plus17
FZKuaiSTJF_Te+u0073.png,FZKuaiSTJF_Te,u0073,s,latin,plus17
FZKuaiSTJF_Te+u0074.png,FZKuaiSTJF_Te,u0074,t,latin,plus17
FZKuaiSTJF_Te+u0076.png,FZKuaiSTJF_Te,u0076,v,latin,plus17
FZKuaiSTJF_Te+u0077.png,FZKuaiSTJF_Te,u0077,w,latin,plus17
FZKuaiSTJF_Te+u0078.png,FZKuaiSTJF_Te,u0078,x,latin,plus17
FZKuaiSTJF_Te+u007A.png,FZKuaiSTJF_Te,u007A,z,latin,plus17
FZKuaiSTJF_Te+u00E1.png,FZKuaiSTJF_Te,u00E1,á,latin,plus17
FZKuaiSTJF_Te+u00E8.png,FZKuaiSTJF_Te,u00E8,è,latin,plus17
FZKuaiSTJF_Te+u00E9.png,FZKuaiSTJF_Te,u00E9,é,latin,plus17
FZKuaiSTJF_Te+u00EA.png,FZKuaiSTJF_Te,u00EA,ê,latin,plus17
FZKuaiSTJF_Te+u00ED.png,FZKuaiSTJF_Te,u00ED,í,latin,plus17
FZKuaiSTJF_Te+u00F2.png,FZKuaiSTJF_Te,u00F2,ò,latin,plus17
FZKuaiSTJF_Te+u00F3.png,FZKuaiSTJF_Te,u00F3,ó,latin,plus17
FZKuaiSTJF_Te+u00F9.png,FZKuaiSTJF_Te,u00F9,ù,latin,plus17
FZKuaiSTJF_Te+u00FA.png,FZKuaiSTJF_Te,u00FA,ú,latin,plus17
FZKuaiSTJF_Te+u00FC.png,FZKuaiSTJF_Te,u00FC,ü,latin,plus17
FZKuaiSTJF_Te+u0101.png,FZKuaiSTJF_Te,u0101,ā,latin,plus17
FZKuaiSTJF_Te+u0113.png,FZKuaiSTJF_Te,u0113,ē,latin,plus17
FZKuaiSTJF_Te+u011B.png,FZKuaiSTJF_Te,u011B,ě,latin,plus17
FZKuaiSTJF_Te+u012B.png,FZKuaiSTJF_Te,u012B,ī,latin,plus17
FZKuaiSTJF_Te+u0144.png,FZKuaiSTJF_Te,u0144,ń,latin,plus17
FZKuaiSTJF_Te+u0148.png,FZKuaiSTJF_Te,u0148,ň,latin,plus17
FZKuaiSTJF_Te+u014D.png,FZKuaiSTJF_Te,u014D,ō,latin,plus17
FZKuaiSTJF_Te+u016B.png,FZKuaiSTJF_Te,u016B,ū,latin,plus17
FZKuaiSTJF_Te+u01CE.png,FZKuaiSTJF_Te,u01CE,ǎ,latin,plus17
FZKuaiSTJF_Te+u01D0.png,FZKuaiSTJF_Te,u01D0,ǐ,latin,plus17
FZKuaiSTJF_Te+u01D2.png,FZKuaiSTJF_Te,u01D2,ǒ,latin,plus17
FZKuaiSTJF_Te+u01D6.png,FZKuaiSTJF_Te,u01D6,ǖ,latin,plus17
FZKuaiSTJF_Te+u01D8.png,FZKuaiSTJF_Te,u01D8,ǘ,latin,plus17
FZKuaiSTJF_Te+u01DA.png,FZKuaiSTJF_Te,u01DA,ǚ,latin,plus17
FZKuaiSTJF_Te+u3041.png,FZKuaiSTJF_Te,u3041,ぁ,kana,plus17
FZKuaiSTJF_Te+u3042.png,FZKuaiSTJF_Te,u3042,あ,kana,plus17
FZKuaiSTJF_Te+u3043.png,FZKuaiSTJF_Te,u3043,ぃ,kana,plus17
FZKuaiSTJF_Te+u3044.png,FZKuaiSTJF_Te,u3044,い,kana,plus17
FZKuaiSTJF_Te+u3045.png,FZKuaiSTJF_Te,u3045,ぅ,kana,plus17
FZKuaiSTJF_Te+u3046.png,FZKuaiSTJF_Te,u3046,う,kana,plus17
FZKuaiSTJF_Te+u3047.png,FZKuaiSTJF_Te,u3047,ぇ,kana,plus17
FZKuaiSTJF_Te+u3048.png,FZKuaiSTJF_Te,u3048,え,kana,plus17
FZKuaiSTJF_Te+u3049.png,FZKuaiSTJF_Te,u3049,ぉ,kana,plus17
FZKuaiSTJF_Te+u304A.png,FZKuaiSTJF_Te,u304A,お,kana,plus17
FZKuaiSTJF_Te+u304B.png,FZKuaiSTJF_Te,u304B,か,kana,plus17
FZKuaiSTJF_Te+u304C.png,FZKuaiSTJF_Te,u304C,が,kana,plus17
FZKuaiSTJF_Te+u304D.png,FZKuaiSTJF_Te,u304D,き,kana,plus17
FZKuaiSTJF_Te+u304E.png,FZKuaiSTJF_Te,u304E,ぎ,kana,plus17
FZKuaiSTJF_Te+u304F.png,FZKuaiSTJF_Te,u304F,く,kana,plus17
FZKuaiSTJF_Te+u3050.png,FZKuaiSTJF_Te,u3050,ぐ,kana,plus17
FZKuaiSTJF_Te+u3051.png,FZKuaiSTJF_Te,u3051,け,kana,plus17
FZKuaiSTJF_Te+u3052.png,FZKuaiSTJF_Te,u3052,げ,kana,plus17
FZKuaiSTJF_Te+u3053.png,FZKuaiSTJF_Te,u3053,こ,kana,plus17
FZKuaiSTJF_Te+u3054.png,FZKuaiSTJF_Te,u3054,ご,kana,plus17
FZKuaiSTJF_Te+u3055.png,FZKuaiSTJF_Te,u3055,さ,kana,plus17
FZKuaiSTJF_Te+u3056.png,FZKuaiSTJF_Te,u3056,ざ,kana,plus17
FZKuaiSTJF_Te+u3057.png,FZKuaiSTJF_Te,u3057,し,kana,plus17
FZKuaiSTJF_Te+u3058.png,FZKuaiSTJF_Te,u3058,じ,kana,plus17
FZKuaiSTJF_Te+u3059.png,FZKuaiSTJF_Te,u3059,す,kana,plus17
FZKuaiSTJF_Te+u305A.png,FZKuaiSTJF_Te,u305A,ず,kana,plus17
FZKuaiSTJF_Te+u305B.png,FZKuaiSTJF_Te,u305B,せ,kana,plus17
FZKuaiSTJF_Te+u305C.png,FZKuaiSTJF_Te,u305C,ぜ,kana,plus17
FZKuaiSTJF_Te+u305D.png,FZKuaiSTJF_Te,u305D,そ,kana,plus17
FZKuaiSTJF_Te+u305E.png,FZKuaiSTJF_Te,u305E,ぞ,kana,plus17
FZKuaiSTJF_Te+u305F.png,FZKuaiSTJF_Te,u305F,た,kana,plus17
FZKuaiSTJF_Te+u3060.png,FZKuaiSTJF_Te,u3060,だ,kana,plus17
FZKuaiSTJF_Te+u3061.png,FZKuaiSTJF_Te,u3061,ち,kana,plus17
FZKuaiSTJF_Te+u3062.png,FZKuaiSTJF_Te,u3062,ぢ,kana,plus17
FZKuaiSTJF_Te+u3063.png,FZKuaiSTJF_Te,u3063,っ,kana,plus17
FZKuaiSTJF_Te+u3064.png,FZKuaiSTJF_Te,u3064,つ,kana,plus17
FZKuaiSTJF_Te+u3065.png,FZKuaiSTJF_Te,u3065,づ,kana,plus17
FZKuaiSTJF_Te+u3066.png,FZKuaiSTJF_Te,u3066,て,kana,plus17
FZKuaiSTJF_Te+u3067.png,FZKuaiSTJF_Te,u3067,で,kana,plus17
FZKuaiSTJF_Te+u3068.png,FZKuaiSTJF_Te,u3068,と,kana,plus17
FZKuaiSTJF_Te+u3069.png,FZKuaiSTJF_Te,u3069,ど,kana,plus17
FZKuaiSTJF_Te+u306A.png,FZKuaiSTJF_Te,u306A,な,kana,plus17
FZKuaiSTJF_Te+u306B.png,FZKuaiSTJF_Te,u306B,に,kana,plus17
FZKuaiSTJF_Te+u306C.png,FZKuaiSTJF_Te,u306C,ぬ,kana,plus17
FZKuaiSTJF_Te+u306D.png,FZKuaiSTJF_Te,u306D,ね,kana,plus17
FZKuaiSTJF_Te+u306E.png,FZKuaiSTJF_Te,u306E,の,kana,plus17
FZKuaiSTJF_Te+u306F.png,FZKuaiSTJF_Te,u306F,は,kana,plus17
FZKuaiSTJF_Te+u3070.png,FZKuaiSTJF_Te,u3070,ば,kana,plus17
FZKuaiSTJF_Te+u3071.png,FZKuaiSTJF_Te,u3071,ぱ,kana,plus17
FZKuaiSTJF_Te+u3072.png,FZKuaiSTJF_Te,u3072,ひ,kana,plus17
FZKuaiSTJF_Te+u3073.png,FZKuaiSTJF_Te,u3073,び,kana,plus17
FZKuaiSTJF_Te+u3074.png,FZKuaiSTJF_Te,u3074,ぴ,kana,plus17
FZKuaiSTJF_Te+u3075.png,FZKuaiSTJF_Te,u3075,ふ,kana,plus17
FZKuaiSTJF_Te+u3076.png,FZKuaiSTJF_Te,u3076,ぶ,kana,plus17
FZKuaiSTJF_Te+u3077.png,FZKuaiSTJF_Te,u3077,ぷ,kana,plus17
FZKuaiSTJF_Te+u3078.png,FZKuaiSTJF_Te,u3078,へ,kana,plus17
FZKuaiSTJF_Te+u3079.png,FZKuaiSTJF_Te,u3079,べ,kana,plus17
FZKuaiSTJF_Te+u307A.png,FZKuaiSTJF_Te,u307A,ぺ,kana,plus17
FZKuaiSTJF_Te+u307B.png,FZKuaiSTJF_Te,u307B,ほ,kana,plus17
FZKuaiSTJF_Te+u307C.png,FZKuaiSTJF_Te,u307C,ぼ,kana,plus17
FZKuaiSTJF_Te+u307D.png,FZKuaiSTJF_Te,u307D,ぽ,kana,plus17
FZKuaiSTJF_Te+u307E.png,FZKuaiSTJF_Te,u307E,ま,kana,plus17
FZKuaiSTJF_Te+u307F.png,FZKuaiSTJF_Te,u307F,み,kana,plus17
FZKuaiSTJF_Te+u3080.png,FZKuaiSTJF_Te,u3080,む,kana,plus17
FZKuaiSTJF_Te+u3081.png,FZKuaiSTJF_Te,u3081,め,kana,plus17
FZKuaiSTJF_Te+u3082.png,FZKuaiSTJF_Te,u3082,も,kana,plus17
FZKuaiSTJF_Te+u3083.png,FZKuaiSTJF_Te,u3083,ゃ,kana,plus17
FZKuaiSTJF_Te+u3084.png,FZKuaiSTJF_Te,u3084,や,kana,plus17
FZKuaiSTJF_Te+u3085.png,FZKuaiSTJF_Te,u3085,ゅ,kana,plus17
FZKuaiSTJF_Te+u3086.png,FZKuaiSTJF_Te,u3086,ゆ,kana,plus17
FZKuaiSTJF_Te+u3087.png,FZKuaiSTJF_Te,u3087,ょ,kana,plus17
FZKuaiSTJF_Te+u3088.png,FZKuaiSTJF_Te,u3088,よ,kana,plus17
FZKuaiSTJF_Te+u3089.png,FZKuaiSTJF_Te,u3089,ら,kana,plus17
FZKuaiSTJF_Te+u308A.png,FZKuaiSTJF_Te,u308A,り,kana,plus17
FZKuaiSTJF_Te+u308B.png,FZKuaiSTJF_Te,u308B,る,kana,plus17
FZKuaiSTJF_Te+u308C.png,FZKuaiSTJF_Te,u308C,れ,kana,plus17
FZKuaiSTJF_Te+u308D.png,FZKuaiSTJF_Te,u308D,ろ,kana,plus17
FZKuaiSTJF_Te+u308E.png,FZKuaiSTJF_Te,u308E,ゎ,kana,plus17
FZKuaiSTJF_Te+u308F.png,FZKuaiSTJF_Te,u308F,わ,kana,plus17
FZKuaiSTJF_Te+u3090.png,FZKuaiSTJF_Te,u3090,ゐ,kana,plus17
FZKuaiSTJF_Te+u3091.png,FZKuaiSTJF_Te,u3091,ゑ,kana,plus17
FZKuaiSTJF_Te+u3092.png,FZKuaiSTJF_Te,u3092,を,kana,plus17
FZKuaiSTJF_Te+u3093.png,FZKuaiSTJF_Te,u3093,ん,kana,plus17
FZKuaiSTJF_Te+u30A1.png,FZKuaiSTJF_Te,u30A1,ァ,kana,plus17
FZKuaiSTJF_Te+u30A2.png,FZKuaiSTJF_Te,u30A2,ア,kana,plus17
FZKuaiSTJF_Te+u30A3.png,FZKuaiSTJF_Te,u30A3,ィ,kana,plus17
FZKuaiSTJF_Te+u30A4.png,FZKuaiSTJF_Te,u30A4,イ,kana,plus17
FZKuaiSTJF_Te+u30A5.png,FZKuaiSTJF_Te,u30A5,ゥ,kana,plus17
FZKuaiSTJF_Te+u30A6.png,FZKuaiSTJF_Te,u30A6,ウ,kana,plus17
FZKuaiSTJF_Te+u30A7.png,FZKuaiSTJF_Te,u30A7,ェ,kana,plus17
FZKuaiSTJF_Te+u30A8.png,FZKuaiSTJF_Te,u30A8,エ,kana,plus17
FZKuaiSTJF_Te+u30A9.png,FZKuaiSTJF_Te,u30A9,ォ,kana,plus17
FZKuaiSTJF_Te+u30AA.png,FZKuaiSTJF_Te,u30AA,オ,kana,plus17
FZKuaiSTJF_Te+u30AB.png,FZKuaiSTJF_Te,u30AB,カ,kana,plus17
FZKuaiSTJF_Te+u30AC.png,FZKuaiSTJF_Te,u30AC,ガ,kana,plus17
FZKuaiSTJF_Te+u30AD.png,FZKuaiSTJF_Te,u30AD,キ,kana,plus17
FZKuaiSTJF_Te+u30AE.png,FZKuaiSTJF_Te,u30AE,ギ,kana,plus17
FZKuaiSTJF_Te+u30AF.png,FZKuaiSTJF_Te,u30AF,ク,kana,plus17
FZKuaiSTJF_Te+u30B0.png,FZKuaiSTJF_Te,u30B0,グ,kana,plus17
FZKuaiSTJF_Te+u30B1.png,FZKuaiSTJF_Te,u30B1,ケ,kana,plus17
FZKuaiSTJF_Te+u30B2.png,FZKuaiSTJF_Te,u30B2,ゲ,kana,plus17
FZKuaiSTJF_Te+u30B3.png,FZKuaiSTJF_Te,u30B3,コ,kana,plus17
FZKuaiSTJF_Te+u30B4.png,FZKuaiSTJF_Te,u30B4,ゴ,kana,plus17
FZKuaiSTJF_Te+u30B5.png,FZKuaiSTJF_Te,u30B5,サ,kana,plus17
FZKuaiSTJF_Te+u30B6.png,FZKuaiSTJF_Te,u30B6,ザ,kana,plus17
FZKuaiSTJF_Te+u30B7.png,FZKuaiSTJF_Te,u30B7,シ,kana,plus17
FZKuaiSTJF_Te+u30B8.png,FZKuaiSTJF_Te,u30B8,ジ,kana,plus17
FZKuaiSTJF_Te+u30B9.png,FZKuaiSTJF_Te,u30B9,ス,kana,plus17
FZKuaiSTJF_Te+u30BA.png,FZKuaiSTJF_Te,u30BA,ズ,kana,plus17
FZKuaiSTJF_Te+u30BB.png,FZKuaiSTJF_Te,u30BB,セ,kana,plus17
FZKuaiSTJF_Te+u30BC.png,FZKuaiSTJF_Te,u30BC,ゼ,kana,plus17
FZKuaiSTJF_Te+u30BD.png,FZKuaiSTJF_Te,u30BD,ソ,kana,plus17
FZKuaiSTJF_Te+u30BE.png,FZKuaiSTJF_Te,u30BE,ゾ,kana,plus17
FZKuaiSTJF_Te+u30BF.png,FZKuaiSTJF_Te,u30BF,タ,kana,plus17
FZKuaiSTJF_Te+u30C0.png,FZKuaiSTJF_Te,u30C0,ダ,kana,plus17
FZKuaiSTJF_Te+u30C1.png,FZKuaiSTJF_Te,u30C1,チ,kana,plus17
FZKuaiSTJF_Te+u30C2.png,FZKuaiSTJF_Te,u30C2,ヂ,kana,plus17
FZKuaiSTJF_Te+u30C3.png,FZKuaiSTJF_Te,u30C3,ッ,kana,plus17
FZKuaiSTJF_Te+u30C4.png,FZKuaiSTJF_Te,u30C4,ツ,kana,plus17
FZKuaiSTJF_Te+u30C5.png,FZKuaiSTJF_Te,u30C5,ヅ,kana,plus17
FZKuaiSTJF_Te+u30C6.png,FZKuaiSTJF_Te,u30C6,テ,kana,plus17
FZKuaiSTJF_Te+u30C7.png,FZKuaiSTJF_Te,u30C7,デ,kana,plus17
FZKuaiSTJF_Te+u30C8.png,FZKuaiSTJF_Te,u30C8,ト,kana,plus17
FZKuaiSTJF_Te+u30C9.png,FZKuaiSTJF_Te,u30C9,ド,kana,plus17
FZKuaiSTJF_Te+u30CA.png,FZKuaiSTJF_Te,u30CA,ナ,kana,plus17
FZKuaiSTJF_Te+u30CB.png,FZKuaiSTJF_Te,u30CB,ニ,kana,plus17
FZKuaiSTJF_Te+u30CC.png,FZKuaiSTJF_Te,u30CC,ヌ,kana,plus17
FZKuaiSTJF_Te+u30CD.png,FZKuaiSTJF_Te,u30CD,ネ,kana,plus17
FZKuaiSTJF_Te+u30CE.png,FZKuaiSTJF_Te,u30CE,ノ,kana,plus17
FZKuaiSTJF_Te+u30CF.png,FZKuaiSTJF_Te,u30CF,ハ,kana,plus17
FZKuaiSTJF_Te+u30D0.png,FZKuaiSTJF_Te,u30D0,バ,kana,plus17
FZKuaiSTJF_Te+u30D1.png,FZKuaiSTJF_Te,u30D1,パ,kana,plus17
FZKuaiSTJF_Te+u30D2.png,FZKuaiSTJF_Te,u30D2,ヒ,kana,plus17
FZKuaiSTJF_Te+u30D3.png,FZKuaiSTJF_Te,u30D3,ビ,kana,plus17
FZKuaiSTJF_Te+u30D4.png,FZKuaiSTJF_Te,u30D4,ピ,kana,plus17
FZKuaiSTJF_Te+u30D5.png,FZKuaiSTJF_Te,u30D5,フ,kana,plus17
FZKuaiSTJF_Te+u30D6.png,FZKuaiSTJF_Te,u30D6,ブ,kana,plus17
FZKuaiSTJF_Te+u30D7.png,FZKuaiSTJF_Te,u30D7,プ,kana,plus17
FZKuaiSTJF_Te+u30D8.png,FZKuaiSTJF_Te,u30D8,ヘ,kana,plus17
FZKuaiSTJF_Te+u30D9.png,FZKuaiSTJF_Te,u30D9,ベ,kana,plus17
FZKuaiSTJF_Te+u30DA.png,FZKuaiSTJF_Te,u30DA,ペ,kana,plus17
FZKuaiSTJF_Te+u30DB.png,FZKuaiSTJF_Te,u30DB,ホ,kana,plus17
FZKuaiSTJF_Te+u30DC.png,FZKuaiSTJF_Te,u30DC,ボ,kana,plus17
FZKuaiSTJF_Te+u30DD.png,FZKuaiSTJF_Te,u30DD,ポ,kana,plus17
FZKuaiSTJF_Te+u30DE.png,FZKuaiSTJF_Te,u30DE,マ,kana,plus17
FZKuaiSTJF_Te+u30DF.png,FZKuaiSTJF_Te,u30DF,ミ,kana,plus17
FZKuaiSTJF_Te+u30E0.png,FZKuaiSTJF_Te,u30E0,ム,kana,plus17
FZKuaiSTJF_Te+u30E1.png,FZKuaiSTJF_Te,u30E1,メ,kana,plus17
FZKuaiSTJF_Te+u30E2.png,FZKuaiSTJF_Te,u30E2,モ,kana,plus17
FZKuaiSTJF_Te+u30E3.png,FZKuaiSTJF_Te,u30E3,ャ,kana,plus17
FZKuaiSTJF_Te+u30E4.png,FZKuaiSTJF_Te,u30E4,ヤ,kana,plus17
FZKuaiSTJF_Te+u30E5.png,FZKuaiSTJF_Te,u30E5,ュ,kana,plus17
FZKuaiSTJF_Te+u30E6.png,FZKuaiSTJF_Te,u30E6,ユ,kana,plus17
FZKuaiSTJF_Te+u30E7.png,FZKuaiSTJF_Te,u30E7,ョ,kana,plus17
FZKuaiSTJF_Te+u30E8.png,FZKuaiSTJF_Te,u30E8,ヨ,kana,plus17
FZKuaiSTJF_Te+u30E9.png,FZKuaiSTJF_Te,u30E9,ラ,kana,plus17
FZKuaiSTJF_Te+u30EA.png,FZKuaiSTJF_Te,u30EA,リ,kana,plus17
FZKuaiSTJF_Te+u30EB.png,FZKuaiSTJF_Te,u30EB,ル,kana,plus17
FZKuaiSTJF_Te+u30EC.png,FZKuaiSTJF_Te,u30EC,レ,kana,plus17
FZKuaiSTJF_Te+u30ED.png,FZKuaiSTJF_Te,u30ED,ロ,kana,plus17
FZKuaiSTJF_Te+u30EE.png,FZKuaiSTJF_Te,u30EE,ヮ,kana,plus17
FZKuaiSTJF_Te+u30EF.png,FZKuaiSTJF_Te,u30EF,ワ,kana,plus17
FZKuaiSTJF_Te+u30F0.png,FZKuaiSTJF_Te,u30F0,ヰ,kana,plus17
FZKuaiSTJF_Te+u30F1.png,FZKuaiSTJF_Te,u30F1,ヱ,kana,plus17
FZKuaiSTJF_Te+u30F2.png,FZKuaiSTJF_Te,u30F2,ヲ,kana,plus17
FZKuaiSTJF_Te+u30F3.png,FZKuaiSTJF_Te,u30F3,ン,kana,plus17
FZKuaiSTJF_Te+u30F4.png,FZKuaiSTJF_Te,u30F4,ヴ,kana,plus17
FZKuaiSTJF_Te+u30F5.png,FZKuaiSTJF_Te,u30F5,ヵ,kana,plus17
FZKuaiSTJF_Te+u30F6.png,FZKuaiSTJF_Te,u30F6,ヶ,kana,plus17
FZLangYJW-M+u0030.png,FZLangYJW-M,u0030,0,latin,extra32
FZLangYJW-M+u0032.png,FZLangYJW-M,u0032,2,latin,extra32
FZLangYJW-M+u0033.png,FZLangYJW-M,u0033,3,latin,extra32
FZLangYJW-M+u0034.png,FZLangYJW-M,u0034,4,latin,extra32
FZLangYJW-M+u0035.png,FZLangYJW-M,u0035,5,latin,extra32
FZLangYJW-M+u0036.png,FZLangYJW-M,u0036,6,latin,extra32
FZLangYJW-M+u0037.png,FZLangYJW-M,u0037,7,latin,extra32
FZLangYJW-M+u0038.png,FZLangYJW-M,u0038,8,latin,extra32
FZLangYJW-M+u0039.png,FZLangYJW-M,u0039,9,latin,extra32
FZLangYJW-M+u0041.png,FZLangYJW-M,u0041,A,latin,extra32
FZLangYJW-M+u0042.png,FZLangYJW-M,u0042,B,latin,extra32
FZLangYJW-M+u0043.png,FZLangYJW-M,u0043,C,latin,extra32
FZLangYJW-M+u0044.png,FZLangYJW-M,u0044,D,latin,extra32
FZLangYJW-M+u0045.png,FZLangYJW-M,u0045,E,latin,extra32
FZLangYJW-M+u0046.png,FZLangYJW-M,u0046,F,latin,extra32
FZLangYJW-M+u0047.png,FZLangYJW-M,u0047,G,latin,extra32
FZLangYJW-M+u0048.png,FZLangYJW-M,u0048,H,latin,extra32
FZLangYJW-M+u0049.png,FZLangYJW-M,u0049,I,latin,extra32
FZLangYJW-M+u004A.png,FZLangYJW-M,u004A,J,latin,extra32
FZLangYJW-M+u004B.png,FZLangYJW-M,u004B,K,latin,extra32
FZLangYJW-M+u004C.png,FZLangYJW-M,u004C,L,latin,extra32
FZLangYJW-M+u004D.png,FZLangYJW-M,u004D,M,latin,extra32
FZLangYJW-M+u004E.png,FZLangYJW-M,u004E,N,latin,extra32
FZLangYJW-M+u004F.png,FZLangYJW-M,u004F,O,latin,extra32
FZLangYJW-M+u0050.png,FZLangYJW-M,u0050,P,latin,extra32
FZLangYJW-M+u0051.png,FZLangYJW-M,u0051,Q,latin,extra32
FZLangYJW-M+u0052.png,FZLangYJW-M,u0052,R,latin,extra32
FZLangYJW-M+u0053.png,FZLangYJW-M,u0053,S,latin,extra32
FZLangYJW-M+u0055.png,FZLangYJW-M,u0055,U,latin,extra32
FZLangYJW-M+u0056.png,FZLangYJW-M,u0056,V,latin,extra32
FZLangYJW-M+u0057.png,FZLangYJW-M,u0057,W,latin,extra32
FZLangYJW-M+u0059.png,FZLangYJW-M,u0059,Y,latin,extra32
FZLangYJW-M+u005A.png,FZLangYJW-M,u005A,Z,latin,extra32
FZLangYJW-M+u0062.png,FZLangYJW-M,u0062,b,latin,extra32
FZLangYJW-M+u0063.png,FZLangYJW-M,u0063,c,latin,extra32
FZLangYJW-M+u0065.png,FZLangYJW-M,u0065,e,latin,extra32
FZLangYJW-M+u0066.png,FZLangYJW-M,u0066,f,latin,extra32
FZLangYJW-M+u0067.png,FZLangYJW-M,u0067,g,latin,extra32
FZLangYJW-M+u0068.png,FZLangYJW-M,u0068,h,latin,extra32
FZLangYJW-M+u0069.png,FZLangYJW-M,u0069,i,latin,extra32
FZLangYJW-M+u006A.png,FZLangYJW-M,u006A,j,latin,extra32
FZLangYJW-M+u006C.png,FZLangYJW-M,u006C,l,latin,extra32
FZLangYJW-M+u006D.png,FZLangYJW-M,u006D,m,latin,extra32
FZLangYJW-M+u006E.png,FZLangYJW-M,u006E,n,latin,extra32
FZLangYJW-M+u006F.png,FZLangYJW-M,u006F,o,latin,extra32
FZLangYJW-M+u0070.png,FZLangYJW-M,u0070,p,latin,extra32
FZLangYJW-M+u0071.png,FZLangYJW-M,u0071,q,latin,extra32
FZLangYJW-M+u0072.png,FZLangYJW-M,u0072,r,latin,extra32
FZLangYJW-M+u0073.png,FZLangYJW-M,u0073,s,latin,extra32
FZLangYJW-M+u0074.png,FZLangYJW-M,u0074,t,latin,extra32
FZLangYJW-M+u0076.png,FZLangYJW-M,u0076,v,latin,extra32
FZLangYJW-M+u0077.png,FZLangYJW-M,u0077,w,latin,extra32
FZLangYJW-M+u0078.png,FZLangYJW-M,u0078,x,latin,extra32
FZLangYJW-M+u007A.png,FZLangYJW-M,u007A,z,latin,extra32
FZLangYJW-M+u00E1.png,FZLangYJW-M,u00E1,á,latin,extra32
FZLangYJW-M+u00E8.png,FZLangYJW-M,u00E8,è,latin,extra32
FZLangYJW-M+u00E9.png,FZLangYJW-M,u00E9,é,latin,extra32
FZLangYJW-M+u00EA.png,FZLangYJW-M,u00EA,ê,latin,extra32
FZLangYJW-M+u00ED.png,FZLangYJW-M,u00ED,í,latin,extra32
FZLangYJW-M+u00F2.png,FZLangYJW-M,u00F2,ò,latin,extra32
FZLangYJW-M+u00F3.png,FZLangYJW-M,u00F3,ó,latin,extra32
FZLangYJW-M+u00F9.png,FZLangYJW-M,u00F9,ù,latin,extra32
FZLangYJW-M+u00FA.png,FZLangYJW-M,u00FA,ú,latin,extra32
FZLangYJW-M+u00FC.png,FZLangYJW-M,u00FC,ü,latin,extra32
FZLangYJW-M+u0101.png,FZLangYJW-M,u0101,ā,latin,extra32
FZLangYJW-M+u0113.png,FZLangYJW-M,u0113,ē,latin,extra32
FZLangYJW-M+u011B.png,FZLangYJW-M,u011B,ě,latin,extra32
FZLangYJW-M+u012B.png,FZLangYJW-M,u012B,ī,latin,extra32
FZLangYJW-M+u0144.png,FZLangYJW-M,u0144,ń,latin,extra32
FZLangYJW-M+u0148.png,FZLangYJW-M,u0148,ň,latin,extra32
FZLangYJW-M+u014D.png,FZLangYJW-M,u014D,ō,latin,extra32
FZLangYJW-M+u016B.png,FZLangYJW-M,u016B,ū,latin,extra32
FZLangYJW-M+u01CE.png,FZLangYJW-M,u01CE,ǎ,latin,extra32
FZLangYJW-M+u01D0.png,FZLangYJW-M,u01D0,ǐ,latin,extra32
FZLangYJW-M+u01D2.png,FZLangYJW-M,u01D2,ǒ,latin,extra32
FZLangYJW-M+u01D6.png,FZLangYJW-M,u01D6,ǖ,latin,extra32
FZLangYJW-M+u01D8.png,FZLangYJW-M,u01D8,ǘ,latin,extra32
FZLangYJW-M+u01DA.png,FZLangYJW-M,u01DA,ǚ,latin,extra32
FZLiuCTJW_Xian+u0030.png,FZLiuCTJW_Xian,u0030,0,latin,extra32
FZLiuCTJW_Xian+u0032.png,FZLiuCTJW_Xian,u0032,2,latin,extra32
FZLiuCTJW_Xian+u0033.png,FZLiuCTJW_Xian,u0033,3,latin,extra32
FZLiuCTJW_Xian+u0034.png,FZLiuCTJW_Xian,u0034,4,latin,extra32
FZLiuCTJW_Xian+u0035.png,FZLiuCTJW_Xian,u0035,5,latin,extra32
FZLiuCTJW_Xian+u0036.png,FZLiuCTJW_Xian,u0036,6,latin,extra32
FZLiuCTJW_Xian+u0037.png,FZLiuCTJW_Xian,u0037,7,latin,extra32
FZLiuCTJW_Xian+u0038.png,FZLiuCTJW_Xian,u0038,8,latin,extra32
FZLiuCTJW_Xian+u0039.png,FZLiuCTJW_Xian,u0039,9,latin,extra32
FZLiuCTJW_Xian+u0041.png,FZLiuCTJW_Xian,u0041,A,latin,extra32
FZLiuCTJW_Xian+u0042.png,FZLiuCTJW_Xian,u0042,B,latin,extra32
FZLiuCTJW_Xian+u0043.png,FZLiuCTJW_Xian,u0043,C,latin,extra32
FZLiuCTJW_Xian+u0044.png,FZLiuCTJW_Xian,u0044,D,latin,extra32
FZLiuCTJW_Xian+u0045.png,FZLiuCTJW_Xian,u0045,E,latin,extra32
FZLiuCTJW_Xian+u0046.png,FZLiuCTJW_Xian,u0046,F,latin,extra32
FZLiuCTJW_Xian+u0047.png,FZLiuCTJW_Xian,u0047,G,latin,extra32
FZLiuCTJW_Xian+u0048.png,FZLiuCTJW_Xian,u0048,H,latin,extra32
FZLiuCTJW_Xian+u0049.png,FZLiuCTJW_Xian,u0049,I,latin,extra32
FZLiuCTJW_Xian+u004A.png,FZLiuCTJW_Xian,u004A,J,latin,extra32
FZLiuCTJW_Xian+u004B.png,FZLiuCTJW_Xian,u004B,K,latin,extra32
FZLiuCTJW_Xian+u004C.png,FZLiuCTJW_Xian,u004C,L,latin,extra32
FZLiuCTJW_Xian+u004D.png,FZLiuCTJW_Xian,u004D,M,latin,extra32
FZLiuCTJW_Xian+u004E.png,FZLiuCTJW_Xian,u004E,N,latin,extra32
FZLiuCTJW_Xian+u004F.png,FZLiuCTJW_Xian,u004F,O,latin,extra32
FZLiuCTJW_Xian+u0050.png,FZLiuCTJW_Xian,u0050,P,latin,extra32
FZLiuCTJW_Xian+u0051.png,FZLiuCTJW_Xian,u0051,Q,latin,extra32
FZLiuCTJW_Xian+u0052.png,FZLiuCTJW_Xian,u0052,R,latin,extra32
FZLiuCTJW_Xian+u0053.png,FZLiuCTJW_Xian,u0053,S,latin,extra32
FZLiuCTJW_Xian+u0055.png,FZLiuCTJW_Xian,u0055,U,latin,extra32
FZLiuCTJW_Xian+u0056.png,FZLiuCTJW_Xian,u0056,V,latin,extra32
FZLiuCTJW_Xian+u0057.png,FZLiuCTJW_Xian,u0057,W,latin,extra32
FZLiuCTJW_Xian+u0059.png,FZLiuCTJW_Xian,u0059,Y,latin,extra32
FZLiuCTJW_Xian+u005A.png,FZLiuCTJW_Xian,u005A,Z,latin,extra32
FZLiuCTJW_Xian+u0062.png,FZLiuCTJW_Xian,u0062,b,latin,extra32
FZLiuCTJW_Xian+u0063.png,FZLiuCTJW_Xian,u0063,c,latin,extra32
FZLiuCTJW_Xian+u0065.png,FZLiuCTJW_Xian,u0065,e,latin,extra32
FZLiuCTJW_Xian+u0066.png,FZLiuCTJW_Xian,u0066,f,latin,extra32
FZLiuCTJW_Xian+u0067.png,FZLiuCTJW_Xian,u0067,g,latin,extra32
FZLiuCTJW_Xian+u0068.png,FZLiuCTJW_Xian,u0068,h,latin,extra32
FZLiuCTJW_Xian+u0069.png,FZLiuCTJW_Xian,u0069,i,latin,extra32
FZLiuCTJW_Xian+u006A.png,FZLiuCTJW_Xian,u006A,j,latin,extra32
FZLiuCTJW_Xian+u006C.png,FZLiuCTJW_Xian,u006C,l,latin,extra32
FZLiuCTJW_Xian+u006D.png,FZLiuCTJW_Xian,u006D,m,latin,extra32
FZLiuCTJW_Xian+u006E.png,FZLiuCTJW_Xian,u006E,n,latin,extra32
FZLiuCTJW_Xian+u006F.png,FZLiuCTJW_Xian,u006F,o,latin,extra32
FZLiuCTJW_Xian+u0070.png,FZLiuCTJW_Xian,u0070,p,latin,extra32
FZLiuCTJW_Xian+u0071.png,FZLiuCTJW_Xian,u0071,q,latin,extra32
FZLiuCTJW_Xian+u0072.png,FZLiuCTJW_Xian,u0072,r,latin,extra32
FZLiuCTJW_Xian+u0073.png,FZLiuCTJW_Xian,u0073,s,latin,extra32
FZLiuCTJW_Xian+u0074.png,FZLiuCTJW_Xian,u0074,t,latin,extra32
FZLiuCTJW_Xian+u0076.png,FZLiuCTJW_Xian,u0076,v,latin,extra32
FZLiuCTJW_Xian+u0077.png,FZLiuCTJW_Xian,u0077,w,latin,extra32
FZLiuCTJW_Xian+u0078.png,FZLiuCTJW_Xian,u0078,x,latin,extra32
FZLiuCTJW_Xian+u007A.png,FZLiuCTJW_Xian,u007A,z,latin,extra32
FZLiuCTJW_Xian+u00E1.png,FZLiuCTJW_Xian,u00E1,á,latin,extra32
FZLiuCTJW_Xian+u00E8.png,FZLiuCTJW_Xian,u00E8,è,latin,extra32
FZLiuCTJW_Xian+u00E9.png,FZLiuCTJW_Xian,u00E9,é,latin,extra32
FZLiuCTJW_Xian+u00EA.png,FZLiuCTJW_Xian,u00EA,ê,latin,extra32
FZLiuCTJW_Xian+u00ED.png,FZLiuCTJW_Xian,u00ED,í,latin,extra32
FZLiuCTJW_Xian+u00F2.png,FZLiuCTJW_Xian,u00F2,ò,latin,extra32
FZLiuCTJW_Xian+u00F3.png,FZLiuCTJW_Xian,u00F3,ó,latin,extra32
FZLiuCTJW_Xian+u00F9.png,FZLiuCTJW_Xian,u00F9,ù,latin,extra32
FZLiuCTJW_Xian+u00FA.png,FZLiuCTJW_Xian,u00FA,ú,latin,extra32
FZLiuCTJW_Xian+u00FC.png,FZLiuCTJW_Xian,u00FC,ü,latin,extra32
FZLiuCTJW_Xian+u0101.png,FZLiuCTJW_Xian,u0101,ā,latin,extra32
FZLiuCTJW_Xian+u0113.png,FZLiuCTJW_Xian,u0113,ē,latin,extra32
FZLiuCTJW_Xian+u011B.png,FZLiuCTJW_Xian,u011B,ě,latin,extra32
FZLiuCTJW_Xian+u012B.png,FZLiuCTJW_Xian,u012B,ī,latin,extra32
FZLiuCTJW_Xian+u0144.png,FZLiuCTJW_Xian,u0144,ń,latin,extra32
FZLiuCTJW_Xian+u0148.png,FZLiuCTJW_Xian,u0148,ň,latin,extra32
FZLiuCTJW_Xian+u014D.png,FZLiuCTJW_Xian,u014D,ō,latin,extra32
FZLiuCTJW_Xian+u016B.png,FZLiuCTJW_Xian,u016B,ū,latin,extra32
FZLiuCTJW_Xian+u01CE.png,FZLiuCTJW_Xian,u01CE,ǎ,latin,extra32
FZLiuCTJW_Xian+u01D0.png,FZLiuCTJW_Xian,u01D0,ǐ,latin,extra32
FZLiuCTJW_Xian+u01D2.png,FZLiuCTJW_Xian,u01D2,ǒ,latin,extra32
FZLiuCTJW_Xian+u01D6.png,FZLiuCTJW_Xian,u01D6,ǖ,latin,extra32
FZLiuCTJW_Xian+u01D8.png,FZLiuCTJW_Xian,u01D8,ǘ,latin,extra32
FZLiuCTJW_Xian+u01DA.png,FZLiuCTJW_Xian,u01DA,ǚ,latin,extra32
FZLiuCTJW_Xian+u3041.png,FZLiuCTJW_Xian,u3041,ぁ,kana,extra32
FZLiuCTJW_Xian+u3042.png,FZLiuCTJW_Xian,u3042,あ,kana,extra32
FZLiuCTJW_Xian+u3043.png,FZLiuCTJW_Xian,u3043,ぃ,kana,extra32
FZLiuCTJW_Xian+u3044.png,FZLiuCTJW_Xian,u3044,い,kana,extra32
FZLiuCTJW_Xian+u3045.png,FZLiuCTJW_Xian,u3045,ぅ,kana,extra32
FZLiuCTJW_Xian+u3046.png,FZLiuCTJW_Xian,u3046,う,kana,extra32
FZLiuCTJW_Xian+u3047.png,FZLiuCTJW_Xian,u3047,ぇ,kana,extra32
FZLiuCTJW_Xian+u3048.png,FZLiuCTJW_Xian,u3048,え,kana,extra32
FZLiuCTJW_Xian+u3049.png,FZLiuCTJW_Xian,u3049,ぉ,kana,extra32
FZLiuCTJW_Xian+u304A.png,FZLiuCTJW_Xian,u304A,お,kana,extra32
FZLiuCTJW_Xian+u304B.png,FZLiuCTJW_Xian,u304B,か,kana,extra32
FZLiuCTJW_Xian+u304C.png,FZLiuCTJW_Xian,u304C,が,kana,extra32
FZLiuCTJW_Xian+u304D.png,FZLiuCTJW_Xian,u304D,き,kana,extra32
FZLiuCTJW_Xian+u304E.png,FZLiuCTJW_Xian,u304E,ぎ,kana,extra32
FZLiuCTJW_Xian+u304F.png,FZLiuCTJW_Xian,u304F,く,kana,extra32
FZLiuCTJW_Xian+u3050.png,FZLiuCTJW_Xian,u3050,ぐ,kana,extra32
FZLiuCTJW_Xian+u3051.png,FZLiuCTJW_Xian,u3051,け,kana,extra32
FZLiuCTJW_Xian+u3052.png,FZLiuCTJW_Xian,u3052,げ,kana,extra32
FZLiuCTJW_Xian+u3053.png,FZLiuCTJW_Xian,u3053,こ,kana,extra32
FZLiuCTJW_Xian+u3054.png,FZLiuCTJW_Xian,u3054,ご,kana,extra32
FZLiuCTJW_Xian+u3055.png,FZLiuCTJW_Xian,u3055,さ,kana,extra32
FZLiuCTJW_Xian+u3056.png,FZLiuCTJW_Xian,u3056,ざ,kana,extra32
FZLiuCTJW_Xian+u3057.png,FZLiuCTJW_Xian,u3057,し,kana,extra32
FZLiuCTJW_Xian+u3058.png,FZLiuCTJW_Xian,u3058,じ,kana,extra32
FZLiuCTJW_Xian+u3059.png,FZLiuCTJW_Xian,u3059,す,kana,extra32
FZLiuCTJW_Xian+u305A.png,FZLiuCTJW_Xian,u305A,ず,kana,extra32
FZLiuCTJW_Xian+u305B.png,FZLiuCTJW_Xian,u305B,せ,kana,extra32
FZLiuCTJW_Xian+u305C.png,FZLiuCTJW_Xian,u305C,ぜ,kana,extra32
FZLiuCTJW_Xian+u305D.png,FZLiuCTJW_Xian,u305D,そ,kana,extra32
FZLiuCTJW_Xian+u305E.png,FZLiuCTJW_Xian,u305E,ぞ,kana,extra32
FZLiuCTJW_Xian+u305F.png,FZLiuCTJW_Xian,u305F,た,kana,extra32
FZLiuCTJW_Xian+u3060.png,FZLiuCTJW_Xian,u3060,だ,kana,extra32
FZLiuCTJW_Xian+u3061.png,FZLiuCTJW_Xian,u3061,ち,kana,extra32
FZLiuCTJW_Xian+u3062.png,FZLiuCTJW_Xian,u3062,ぢ,kana,extra32
FZLiuCTJW_Xian+u3063.png,FZLiuCTJW_Xian,u3063,っ,kana,extra32
FZLiuCTJW_Xian+u3064.png,FZLiuCTJW_Xian,u3064,つ,kana,extra32
FZLiuCTJW_Xian+u3065.png,FZLiuCTJW_Xian,u3065,づ,kana,extra32
FZLiuCTJW_Xian+u3066.png,FZLiuCTJW_Xian,u3066,て,kana,extra32
FZLiuCTJW_Xian+u3067.png,FZLiuCTJW_Xian,u3067,で,kana,extra32
FZLiuCTJW_Xian+u3068.png,FZLiuCTJW_Xian,u3068,と,kana,extra32
FZLiuCTJW_Xian+u3069.png,FZLiuCTJW_Xian,u3069,ど,kana,extra32
FZLiuCTJW_Xian+u306A.png,FZLiuCTJW_Xian,u306A,な,kana,extra32
FZLiuCTJW_Xian+u306B.png,FZLiuCTJW_Xian,u306B,に,kana,extra32
FZLiuCTJW_Xian+u306C.png,FZLiuCTJW_Xian,u306C,ぬ,kana,extra32
FZLiuCTJW_Xian+u306D.png,FZLiuCTJW_Xian,u306D,ね,kana,extra32
FZLiuCTJW_Xian+u306E.png,FZLiuCTJW_Xian,u306E,の,kana,extra32
FZLiuCTJW_Xian+u306F.png,FZLiuCTJW_Xian,u306F,は,kana,extra32
FZLiuCTJW_Xian+u3070.png,FZLiuCTJW_Xian,u3070,ば,kana,extra32
FZLiuCTJW_Xian+u3071.png,FZLiuCTJW_Xian,u3071,ぱ,kana,extra32
FZLiuCTJW_Xian+u3072.png,FZLiuCTJW_Xian,u3072,ひ,kana,extra32
FZLiuCTJW_Xian+u3073.png,FZLiuCTJW_Xian,u3073,び,kana,extra32
FZLiuCTJW_Xian+u3074.png,FZLiuCTJW_Xian,u3074,ぴ,kana,extra32
FZLiuCTJW_Xian+u3075.png,FZLiuCTJW_Xian,u3075,ふ,kana,extra32
FZLiuCTJW_Xian+u3076.png,FZLiuCTJW_Xian,u3076,ぶ,kana,extra32
FZLiuCTJW_Xian+u3077.png,FZLiuCTJW_Xian,u3077,ぷ,kana,extra32
FZLiuCTJW_Xian+u3078.png,FZLiuCTJW_Xian,u3078,へ,kana,extra32
FZLiuCTJW_Xian+u3079.png,FZLiuCTJW_Xian,u3079,べ,kana,extra32
FZLiuCTJW_Xian+u307A.png,FZLiuCTJW_Xian,u307A,ぺ,kana,extra32
FZLiuCTJW_Xian+u307B.png,FZLiuCTJW_Xian,u307B,ほ,kana,extra32
FZLiuCTJW_Xian+u307C.png,FZLiuCTJW_Xian,u307C,ぼ,kana,extra32
FZLiuCTJW_Xian+u307D.png,FZLiuCTJW_Xian,u307D,ぽ,kana,extra32
FZLiuCTJW_Xian+u307E.png,FZLiuCTJW_Xian,u307E,ま,kana,extra32
FZLiuCTJW_Xian+u307F.png,FZLiuCTJW_Xian,u307F,み,kana,extra32
FZLiuCTJW_Xian+u3080.png,FZLiuCTJW_Xian,u3080,む,kana,extra32
FZLiuCTJW_Xian+u3081.png,FZLiuCTJW_Xian,u3081,め,kana,extra32
FZLiuCTJW_Xian+u3082.png,FZLiuCTJW_Xian,u3082,も,kana,extra32
FZLiuCTJW_Xian+u3083.png,FZLiuCTJW_Xian,u3083,ゃ,kana,extra32
FZLiuCTJW_Xian+u3084.png,FZLiuCTJW_Xian,u3084,や,kana,extra32
FZLiuCTJW_Xian+u3085.png,FZLiuCTJW_Xian,u3085,ゅ,kana,extra32
FZLiuCTJW_Xian+u3086.png,FZLiuCTJW_Xian,u3086,ゆ,kana,extra32
FZLiuCTJW_Xian+u3087.png,FZLiuCTJW_Xian,u3087,ょ,kana,extra32
FZLiuCTJW_Xian+u3088.png,FZLiuCTJW_Xian,u3088,よ,kana,extra32
FZLiuCTJW_Xian+u3089.png,FZLiuCTJW_Xian,u3089,ら,kana,extra32
FZLiuCTJW_Xian+u308A.png,FZLiuCTJW_Xian,u308A,り,kana,extra32
FZLiuCTJW_Xian+u308B.png,FZLiuCTJW_Xian,u308B,る,kana,extra32
FZLiuCTJW_Xian+u308C.png,FZLiuCTJW_Xian,u308C,れ,kana,extra32
FZLiuCTJW_Xian+u308D.png,FZLiuCTJW_Xian,u308D,ろ,kana,extra32
FZLiuCTJW_Xian+u308E.png,FZLiuCTJW_Xian,u308E,ゎ,kana,extra32
FZLiuCTJW_Xian+u308F.png,FZLiuCTJW_Xian,u308F,わ,kana,extra32
FZLiuCTJW_Xian+u3090.png,FZLiuCTJW_Xian,u3090,ゐ,kana,extra32
FZLiuCTJW_Xian+u3091.png,FZLiuCTJW_Xian,u3091,ゑ,kana,extra32
FZLiuCTJW_Xian+u3092.png,FZLiuCTJW_Xian,u3092,を,kana,extra32
FZLiuCTJW_Xian+u3093.png,FZLiuCTJW_Xian,u3093,ん,kana,extra32
FZLiuCTJW_Xian+u30A1.png,FZLiuCTJW_Xian,u30A1,ァ,kana,extra32
FZLiuCTJW_Xian+u30A2.png,FZLiuCTJW_Xian,u30A2,ア,kana,extra32
FZLiuCTJW_Xian+u30A3.png,FZLiuCTJW_Xian,u30A3,ィ,kana,extra32
FZLiuCTJW_Xian+u30A4.png,FZLiuCTJW_Xian,u30A4,イ,kana,extra32
FZLiuCTJW_Xian+u30A5.png,FZLiuCTJW_Xian,u30A5,ゥ,kana,extra32
FZLiuCTJW_Xian+u30A6.png,FZLiuCTJW_Xian,u30A6,ウ,kana,extra32
FZLiuCTJW_Xian+u30A7.png,FZLiuCTJW_Xian,u30A7,ェ,kana,extra32
FZLiuCTJW_Xian+u30A8.png,FZLiuCTJW_Xian,u30A8,エ,kana,extra32
FZLiuCTJW_Xian+u30A9.png,FZLiuCTJW_Xian,u30A9,ォ,kana,extra32
FZLiuCTJW_Xian+u30AA.png,FZLiuCTJW_Xian,u30AA,オ,kana,extra32
FZLiuCTJW_Xian+u30AB.png,FZLiuCTJW_Xian,u30AB,カ,kana,extra32
FZLiuCTJW_Xian+u30AC.png,FZLiuCTJW_Xian,u30AC,ガ,kana,extra32
FZLiuCTJW_Xian+u30AD.png,FZLiuCTJW_Xian,u30AD,キ,kana,extra32
FZLiuCTJW_Xian+u30AE.png,FZLiuCTJW_Xian,u30AE,ギ,kana,extra32
FZLiuCTJW_Xian+u30AF.png,FZLiuCTJW_Xian,u30AF,ク,kana,extra32
FZLiuCTJW_Xian+u30B0.png,FZLiuCTJW_Xian,u30B0,グ,kana,extra32
FZLiuCTJW_Xian+u30B1.png,FZLiuCTJW_Xian,u30B1,ケ,kana,extra32
FZLiuCTJW_Xian+u30B2.png,FZLiuCTJW_Xian,u30B2,ゲ,kana,extra32
FZLiuCTJW_Xian+u30B3.png,FZLiuCTJW_Xian,u30B3,コ,kana,extra32
FZLiuCTJW_Xian+u30B4.png,FZLiuCTJW_Xian,u30B4,ゴ,kana,extra32
FZLiuCTJW_Xian+u30B5.png,FZLiuCTJW_Xian,u30B5,サ,kana,extra32
FZLiuCTJW_Xian+u30B6.png,FZLiuCTJW_Xian,u30B6,ザ,kana,extra32
FZLiuCTJW_Xian+u30B7.png,FZLiuCTJW_Xian,u30B7,シ,kana,extra32
FZLiuCTJW_Xian+u30B8.png,FZLiuCTJW_Xian,u30B8,ジ,kana,extra32
FZLiuCTJW_Xian+u30B9.png,FZLiuCTJW_Xian,u30B9,ス,kana,extra32
FZLiuCTJW_Xian+u30BA.png,FZLiuCTJW_Xian,u30BA,ズ,kana,extra32
FZLiuCTJW_Xian+u30BB.png,FZLiuCTJW_Xian,u30BB,セ,kana,extra32
FZLiuCTJW_Xian+u30BC.png,FZLiuCTJW_Xian,u30BC,ゼ,kana,extra32
FZLiuCTJW_Xian+u30BD.png,FZLiuCTJW_Xian,u30BD,ソ,kana,extra32
FZLiuCTJW_Xian+u30BE.png,FZLiuCTJW_Xian,u30BE,ゾ,kana,extra32
FZLiuCTJW_Xian+u30BF.png,FZLiuCTJW_Xian,u30BF,タ,kana,extra32
FZLiuCTJW_Xian+u30C0.png,FZLiuCTJW_Xian,u30C0,ダ,kana,extra32
FZLiuCTJW_Xian+u30C1.png,FZLiuCTJW_Xian,u30C1,チ,kana,extra32
FZLiuCTJW_Xian+u30C2.png,FZLiuCTJW_Xian,u30C2,ヂ,kana,extra32
FZLiuCTJW_Xian+u30C3.png,FZLiuCTJW_Xian,u30C3,ッ,kana,extra32
FZLiuCTJW_Xian+u30C4.png,FZLiuCTJW_Xian,u30C4,ツ,kana,extra32
FZLiuCTJW_Xian+u30C5.png,FZLiuCTJW_Xian,u30C5,ヅ,kana,extra32
FZLiuCTJW_Xian+u30C6.png,FZLiuCTJW_Xian,u30C6,テ,kana,extra32
FZLiuCTJW_Xian+u30C7.png,FZLiuCTJW_Xian,u30C7,デ,kana,extra32
FZLiuCTJW_Xian+u30C8.png,FZLiuCTJW_Xian,u30C8,ト,kana,extra32
FZLiuCTJW_Xian+u30C9.png,FZLiuCTJW_Xian,u30C9,ド,kana,extra32
FZLiuCTJW_Xian+u30CA.png,FZLiuCTJW_Xian,u30CA,ナ,kana,extra32
FZLiuCTJW_Xian+u30CB.png,FZLiuCTJW_Xian,u30CB,ニ,kana,extra32
FZLiuCTJW_Xian+u30CC.png,FZLiuCTJW_Xian,u30CC,ヌ,kana,extra32
FZLiuCTJW_Xian+u30CD.png,FZLiuCTJW_Xian,u30CD,ネ,kana,extra32
FZLiuCTJW_Xian+u30CE.png,FZLiuCTJW_Xian,u30CE,ノ,kana,extra32
FZLiuCTJW_Xian+u30CF.png,FZLiuCTJW_Xian,u30CF,ハ,kana,extra32
FZLiuCTJW_Xian+u30D0.png,FZLiuCTJW_Xian,u30D0,バ,kana,extra32
FZLiuCTJW_Xian+u30D1.png,FZLiuCTJW_Xian,u30D1,パ,kana,extra32
FZLiuCTJW_Xian+u30D2.png,FZLiuCTJW_Xian,u30D2,ヒ,kana,extra32
FZLiuCTJW_Xian+u30D3.png,FZLiuCTJW_Xian,u30D3,ビ,kana,extra32
FZLiuCTJW_Xian+u30D4.png,FZLiuCTJW_Xian,u30D4,ピ,kana,extra32
FZLiuCTJW_Xian+u30D5.png,FZLiuCTJW_Xian,u30D5,フ,kana,extra32
FZLiuCTJW_Xian+u30D6.png,FZLiuCTJW_Xian,u30D6,ブ,kana,extra32
FZLiuCTJW_Xian+u30D7.png,FZLiuCTJW_Xian,u30D7,プ,kana,extra32
FZLiuCTJW_Xian+u30D8.png,FZLiuCTJW_Xian,u30D8,ヘ,kana,extra32
FZLiuCTJW_Xian+u30D9.png,FZLiuCTJW_Xian,u30D9,ベ,kana,extra32
FZLiuCTJW_Xian+u30DA.png,FZLiuCTJW_Xian,u30DA,ペ,kana,extra32
FZLiuCTJW_Xian+u30DB.png,FZLiuCTJW_Xian,u30DB,ホ,kana,extra32
FZLiuCTJW_Xian+u30DC.png,FZLiuCTJW_Xian,u30DC,ボ,kana,extra32
FZLiuCTJW_Xian+u30DD.png,FZLiuCTJW_Xian,u30DD,ポ,kana,extra32
FZLiuCTJW_Xian+u30DE.png,FZLiuCTJW_Xian,u30DE,マ,kana,extra32
FZLiuCTJW_Xian+u30DF.png,FZLiuCTJW_Xian,u30DF,ミ,kana,extra32
FZLiuCTJW_Xian+u30E0.png,FZLiuCTJW_Xian,u30E0,ム,kana,extra32
FZLiuCTJW_Xian+u30E1.png,FZLiuCTJW_Xian,u30E1,メ,kana,extra32
FZLiuCTJW_Xian+u30E2.png,FZLiuCTJW_Xian,u30E2,モ,kana,extra32
FZLiuCTJW_Xian+u30E3.png,FZLiuCTJW_Xian,u30E3,ャ,kana,extra32
FZLiuCTJW_Xian+u30E4.png,FZLiuCTJW_Xian,u30E4,ヤ,kana,extra32
FZLiuCTJW_Xian+u30E5.png,FZLiuCTJW_Xian,u30E5,ュ,kana,extra32
FZLiuCTJW_Xian+u30E6.png,FZLiuCTJW_Xian,u30E6,ユ,kana,extra32
FZLiuCTJW_Xian+u30E7.png,FZLiuCTJW_Xian,u30E7,ョ,kana,extra32
FZLiuCTJW_Xian+u30E8.png,FZLiuCTJW_Xian,u30E8,ヨ,kana,extra32
FZLiuCTJW_Xian+u30E9.png,FZLiuCTJW_Xian,u30E9,ラ,kana,extra32
FZLiuCTJW_Xian+u30EA.png,FZLiuCTJW_Xian,u30EA,リ,kana,extra32
FZLiuCTJW_Xian+u30EB.png,FZLiuCTJW_Xian,u30EB,ル,kana,extra32
FZLiuCTJW_Xian+u30EC.png,FZLiuCTJW_Xian,u30EC,レ,kana,extra32
FZLiuCTJW_Xian+u30ED.png,FZLiuCTJW_Xian,u30ED,ロ,kana,extra32
FZLiuCTJW_Xian+u30EE.png,FZLiuCTJW_Xian,u30EE,ヮ,kana,extra32
FZLiuCTJW_Xian+u30EF.png,FZLiuCTJW_Xian,u30EF,ワ,kana,extra32
FZLiuCTJW_Xian+u30F0.png,FZLiuCTJW_Xian,u30F0,ヰ,kana,extra32
FZLiuCTJW_Xian+u30F1.png,FZLiuCTJW_Xian,u30F1,ヱ,kana,extra32
FZLiuCTJW_Xian+u30F2.png,FZLiuCTJW_Xian,u30F2,ヲ,kana,extra32
FZLiuCTJW_Xian+u30F3.png,FZLiuCTJW_Xian,u30F3,ン,kana,extra32
FZLiuCTJW_Xian+u30F4.png,FZLiuCTJW_Xian,u30F4,ヴ,kana,extra32
FZLiuCTJW_Xian+u30F5.png,FZLiuCTJW_Xian,u30F5,ヵ,kana,extra32
FZLiuCTJW_Xian+u30F6.png,FZLiuCTJW_Xian,u30F6,ヶ,kana,extra32
FZManYTJW-B+u0030.png,FZManYTJW-B,u0030,0,latin,extra32
FZManYTJW-B+u0032.png,FZManYTJW-B,u0032,2,latin,extra32
FZManYTJW-B+u0033.png,FZManYTJW-B,u0033,3,latin,extra32
FZManYTJW-B+u0034.png,FZManYTJW-B,u0034,4,latin,extra32
FZManYTJW-B+u0035.png,FZManYTJW-B,u0035,5,latin,extra32
FZManYTJW-B+u0036.png,FZManYTJW-B,u0036,6,latin,extra32
FZManYTJW-B+u0037.png,FZManYTJW-B,u0037,7,latin,extra32
FZManYTJW-B+u0038.png,FZManYTJW-B,u0038,8,latin,extra32
FZManYTJW-B+u0039.png,FZManYTJW-B,u0039,9,latin,extra32
FZManYTJW-B+u0041.png,FZManYTJW-B,u0041,A,latin,extra32
FZManYTJW-B+u0042.png,FZManYTJW-B,u0042,B,latin,extra32
FZManYTJW-B+u0043.png,FZManYTJW-B,u0043,C,latin,extra32
FZManYTJW-B+u0044.png,FZManYTJW-B,u0044,D,latin,extra32
FZManYTJW-B+u0045.png,FZManYTJW-B,u0045,E,latin,extra32
FZManYTJW-B+u0046.png,FZManYTJW-B,u0046,F,latin,extra32
FZManYTJW-B+u0047.png,FZManYTJW-B,u0047,G,latin,extra32
FZManYTJW-B+u0048.png,FZManYTJW-B,u0048,H,latin,extra32
FZManYTJW-B+u0049.png,FZManYTJW-B,u0049,I,latin,extra32
FZManYTJW-B+u004A.png,FZManYTJW-B,u004A,J,latin,extra32
FZManYTJW-B+u004B.png,FZManYTJW-B,u004B,K,latin,extra32
FZManYTJW-B+u004C.png,FZManYTJW-B,u004C,L,latin,extra32
FZManYTJW-B+u004D.png,FZManYTJW-B,u004D,M,latin,extra32
FZManYTJW-B+u004E.png,FZManYTJW-B,u004E,N,latin,extra32
FZManYTJW-B+u004F.png,FZManYTJW-B,u004F,O,latin,extra32
FZManYTJW-B+u0050.png,FZManYTJW-B,u0050,P,latin,extra32
FZManYTJW-B+u0051.png,FZManYTJW-B,u0051,Q,latin,extra32
FZManYTJW-B+u0052.png,FZManYTJW-B,u0052,R,latin,extra32
FZManYTJW-B+u0053.png,FZManYTJW-B,u0053,S,latin,extra32
FZManYTJW-B+u0055.png,FZManYTJW-B,u0055,U,latin,extra32
FZManYTJW-B+u0056.png,FZManYTJW-B,u0056,V,latin,extra32
FZManYTJW-B+u0057.png,FZManYTJW-B,u0057,W,latin,extra32
FZManYTJW-B+u0059.png,FZManYTJW-B,u0059,Y,latin,extra32
FZManYTJW-B+u005A.png,FZManYTJW-B,u005A,Z,latin,extra32
FZManYTJW-B+u0062.png,FZManYTJW-B,u0062,b,latin,extra32
FZManYTJW-B+u0063.png,FZManYTJW-B,u0063,c,latin,extra32
FZManYTJW-B+u0065.png,FZManYTJW-B,u0065,e,latin,extra32
FZManYTJW-B+u0066.png,FZManYTJW-B,u0066,f,latin,extra32
FZManYTJW-B+u0067.png,FZManYTJW-B,u0067,g,latin,extra32
FZManYTJW-B+u0068.png,FZManYTJW-B,u0068,h,latin,extra32
FZManYTJW-B+u0069.png,FZManYTJW-B,u0069,i,latin,extra32
FZManYTJW-B+u006A.png,FZManYTJW-B,u006A,j,latin,extra32
FZManYTJW-B+u006C.png,FZManYTJW-B,u006C,l,latin,extra32
FZManYTJW-B+u006D.png,FZManYTJW-B,u006D,m,latin,extra32
FZManYTJW-B+u006E.png,FZManYTJW-B,u006E,n,latin,extra32
FZManYTJW-B+u006F.png,FZManYTJW-B,u006F,o,latin,extra32
FZManYTJW-B+u0070.png,FZManYTJW-B,u0070,p,latin,extra32
FZManYTJW-B+u0071.png,FZManYTJW-B,u0071,q,latin,extra32
FZManYTJW-B+u0072.png,FZManYTJW-B,u0072,r,latin,extra32
FZManYTJW-B+u0073.png,FZManYTJW-B,u0073,s,latin,extra32
FZManYTJW-B+u0074.png,FZManYTJW-B,u0074,t,latin,extra32
FZManYTJW-B+u0076.png,FZManYTJW-B,u0076,v,latin,extra32
FZManYTJW-B+u0077.png,FZManYTJW-B,u0077,w,latin,extra32
FZManYTJW-B+u0078.png,FZManYTJW-B,u0078,x,latin,extra32
FZManYTJW-B+u007A.png,FZManYTJW-B,u007A,z,latin,extra32
FZManYTJW-B+u00E1.png,FZManYTJW-B,u00E1,á,latin,extra32
FZManYTJW-B+u00E8.png,FZManYTJW-B,u00E8,è,latin,extra32
FZManYTJW-B+u00E9.png,FZManYTJW-B,u00E9,é,latin,extra32
FZManYTJW-B+u00EA.png,FZManYTJW-B,u00EA,ê,latin,extra32
FZManYTJW-B+u00ED.png,FZManYTJW-B,u00ED,í,latin,extra32
FZManYTJW-B+u00F2.png,FZManYTJW-B,u00F2,ò,latin,extra32
FZManYTJW-B+u00F3.png,FZManYTJW-B,u00F3,ó,latin,extra32
FZManYTJW-B+u00F9.png,FZManYTJW-B,u00F9,ù,latin,extra32
FZManYTJW-B+u00FA.png,FZManYTJW-B,u00FA,ú,latin,extra32
FZManYTJW-B+u00FC.png,FZManYTJW-B,u00FC,ü,latin,extra32
FZManYTJW-B+u0101.png,FZManYTJW-B,u0101,ā,latin,extra32
FZManYTJW-B+u0113.png,FZManYTJW-B,u0113,ē,latin,extra32
FZManYTJW-B+u011B.png,FZManYTJW-B,u011B,ě,latin,extra32
FZManYTJW-B+u012B.png,FZManYTJW-B,u012B,ī,latin,extra32
FZManYTJW-B+u0144.png,FZManYTJW-B,u0144,ń,latin,extra32
FZManYTJW-B+u0148.png,FZManYTJW-B,u0148,ň,latin,extra32
FZManYTJW-B+u014D.png,FZManYTJW-B,u014D,ō,latin,extra32
FZManYTJW-B+u016B.png,FZManYTJW-B,u016B,ū,latin,extra32
FZManYTJW-B+u01CE.png,FZManYTJW-B,u01CE,ǎ,latin,extra32
FZManYTJW-B+u01D0.png,FZManYTJW-B,u01D0,ǐ,latin,extra32
FZManYTJW-B+u01D2.png,FZManYTJW-B,u01D2,ǒ,latin,extra32
FZManYTJW-B+u01D6.png,FZManYTJW-B,u01D6,ǖ,latin,extra32
FZManYTJW-B+u01D8.png,FZManYTJW-B,u01D8,ǘ,latin,extra32
FZManYTJW-B+u01DA.png,FZManYTJW-B,u01DA,ǚ,latin,extra32
FZManYTJW-B+u3041.png,FZManYTJW-B,u3041,ぁ,kana,extra32
FZManYTJW-B+u3042.png,FZManYTJW-B,u3042,あ,kana,extra32
FZManYTJW-B+u3043.png,FZManYTJW-B,u3043,ぃ,kana,extra32
FZManYTJW-B+u3044.png,FZManYTJW-B,u3044,い,kana,extra32
FZManYTJW-B+u3045.png,FZManYTJW-B,u3045,ぅ,kana,extra32
FZManYTJW-B+u3046.png,FZManYTJW-B,u3046,う,kana,extra32
FZManYTJW-B+u3047.png,FZManYTJW-B,u3047,ぇ,kana,extra32
FZManYTJW-B+u3048.png,FZManYTJW-B,u3048,え,kana,extra32
FZManYTJW-B+u3049.png,FZManYTJW-B,u3049,ぉ,kana,extra32
FZManYTJW-B+u304A.png,FZManYTJW-B,u304A,お,kana,extra32
FZManYTJW-B+u304B.png,FZManYTJW-B,u304B,か,kana,extra32
FZManYTJW-B+u304C.png,FZManYTJW-B,u304C,が,kana,extra32
FZManYTJW-B+u304D.png,FZManYTJW-B,u304D,き,kana,extra32
FZManYTJW-B+u304E.png,FZManYTJW-B,u304E,ぎ,kana,extra32
FZManYTJW-B+u304F.png,FZManYTJW-B,u304F,く,kana,extra32
FZManYTJW-B+u3050.png,FZManYTJW-B,u3050,ぐ,kana,extra32
FZManYTJW-B+u3051.png,FZManYTJW-B,u3051,け,kana,extra32
FZManYTJW-B+u3052.png,FZManYTJW-B,u3052,げ,kana,extra32
FZManYTJW-B+u3053.png,FZManYTJW-B,u3053,こ,kana,extra32
FZManYTJW-B+u3054.png,FZManYTJW-B,u3054,ご,kana,extra32
FZManYTJW-B+u3055.png,FZManYTJW-B,u3055,さ,kana,extra32
FZManYTJW-B+u3056.png,FZManYTJW-B,u3056,ざ,kana,extra32
FZManYTJW-B+u3057.png,FZManYTJW-B,u3057,し,kana,extra32
FZManYTJW-B+u3058.png,FZManYTJW-B,u3058,じ,kana,extra32
FZManYTJW-B+u3059.png,FZManYTJW-B,u3059,す,kana,extra32
FZManYTJW-B+u305A.png,FZManYTJW-B,u305A,ず,kana,extra32
FZManYTJW-B+u305B.png,FZManYTJW-B,u305B,せ,kana,extra32
FZManYTJW-B+u305C.png,FZManYTJW-B,u305C,ぜ,kana,extra32
FZManYTJW-B+u305D.png,FZManYTJW-B,u305D,そ,kana,extra32
FZManYTJW-B+u305E.png,FZManYTJW-B,u305E,ぞ,kana,extra32
FZManYTJW-B+u305F.png,FZManYTJW-B,u305F,た,kana,extra32
FZManYTJW-B+u3060.png,FZManYTJW-B,u3060,だ,kana,extra32
FZManYTJW-B+u3061.png,FZManYTJW-B,u3061,ち,kana,extra32
FZManYTJW-B+u3062.png,FZManYTJW-B,u3062,ぢ,kana,extra32
FZManYTJW-B+u3063.png,FZManYTJW-B,u3063,っ,kana,extra32
FZManYTJW-B+u3064.png,FZManYTJW-B,u3064,つ,kana,extra32
FZManYTJW-B+u3065.png,FZManYTJW-B,u3065,づ,kana,extra32
FZManYTJW-B+u3066.png,FZManYTJW-B,u3066,て,kana,extra32
FZManYTJW-B+u3067.png,FZManYTJW-B,u3067,で,kana,extra32
FZManYTJW-B+u3068.png,FZManYTJW-B,u3068,と,kana,extra32
FZManYTJW-B+u3069.png,FZManYTJW-B,u3069,ど,kana,extra32
FZManYTJW-B+u306A.png,FZManYTJW-B,u306A,な,kana,extra32
FZManYTJW-B+u306B.png,FZManYTJW-B,u306B,に,kana,extra32
FZManYTJW-B+u306C.png,FZManYTJW-B,u306C,ぬ,kana,extra32
FZManYTJW-B+u306D.png,FZManYTJW-B,u306D,ね,kana,extra32
FZManYTJW-B+u306E.png,FZManYTJW-B,u306E,の,kana,extra32
FZManYTJW-B+u306F.png,FZManYTJW-B,u306F,は,kana,extra32
FZManYTJW-B+u3070.png,FZManYTJW-B,u3070,ば,kana,extra32
FZManYTJW-B+u3071.png,FZManYTJW-B,u3071,ぱ,kana,extra32
FZManYTJW-B+u3072.png,FZManYTJW-B,u3072,ひ,kana,extra32
FZManYTJW-B+u3073.png,FZManYTJW-B,u3073,び,kana,extra32
FZManYTJW-B+u3074.png,FZManYTJW-B,u3074,ぴ,kana,extra32
FZManYTJW-B+u3075.png,FZManYTJW-B,u3075,ふ,kana,extra32
FZManYTJW-B+u3076.png,FZManYTJW-B,u3076,ぶ,kana,extra32
FZManYTJW-B+u3077.png,FZManYTJW-B,u3077,ぷ,kana,extra32
FZManYTJW-B+u3078.png,FZManYTJW-B,u3078,へ,kana,extra32
FZManYTJW-B+u3079.png,FZManYTJW-B,u3079,べ,kana,extra32
FZManYTJW-B+u307A.png,FZManYTJW-B,u307A,ぺ,kana,extra32
FZManYTJW-B+u307B.png,FZManYTJW-B,u307B,ほ,kana,extra32
FZManYTJW-B+u307C.png,FZManYTJW-B,u307C,ぼ,kana,extra32
FZManYTJW-B+u307D.png,FZManYTJW-B,u307D,ぽ,kana,extra32
FZManYTJW-B+u307E.png,FZManYTJW-B,u307E,ま,kana,extra32
FZManYTJW-B+u307F.png,FZManYTJW-B,u307F,み,kana,extra32
FZManYTJW-B+u3080.png,FZManYTJW-B,u3080,む,kana,extra32
FZManYTJW-B+u3081.png,FZManYTJW-B,u3081,め,kana,extra32
FZManYTJW-B+u3082.png,FZManYTJW-B,u3082,も,kana,extra32
FZManYTJW-B+u3083.png,FZManYTJW-B,u3083,ゃ,kana,extra32
FZManYTJW-B+u3084.png,FZManYTJW-B,u3084,や,kana,extra32
FZManYTJW-B+u3085.png,FZManYTJW-B,u3085,ゅ,kana,extra32
FZManYTJW-B+u3086.png,FZManYTJW-B,u3086,ゆ,kana,extra32
FZManYTJW-B+u3087.png,FZManYTJW-B,u3087,ょ,kana,extra32
FZManYTJW-B+u3088.png,FZManYTJW-B,u3088,よ,kana,extra32
FZManYTJW-B+u3089.png,FZManYTJW-B,u3089,ら,kana,extra32
FZManYTJW-B+u308A.png,FZManYTJW-B,u308A,り,kana,extra32
FZManYTJW-B+u308B.png,FZManYTJW-B,u308B,る,kana,extra32
FZManYTJW-B+u308C.png,FZManYTJW-B,u308C,れ,kana,extra32
FZManYTJW-B+u308D.png,FZManYTJW-B,u308D,ろ,kana,extra32
FZManYTJW-B+u308E.png,FZManYTJW-B,u308E,ゎ,kana,extra32
FZManYTJW-B+u308F.png,FZManYTJW-B,u308F,わ,kana,extra32
FZManYTJW-B+u3090.png,FZManYTJW-B,u3090,ゐ,kana,extra32
FZManYTJW-B+u3091.png,FZManYTJW-B,u3091,ゑ,kana,extra32
FZManYTJW-B+u3092.png,FZManYTJW-B,u3092,を,kana,extra32
FZManYTJW-B+u3093.png,FZManYTJW-B,u3093,ん,kana,extra32
FZManYTJW-B+u30A1.png,FZManYTJW-B,u30A1,ァ,kana,extra32
FZManYTJW-B+u30A2.png,FZManYTJW-B,u30A2,ア,kana,extra32
FZManYTJW-B+u30A3.png,FZManYTJW-B,u30A3,ィ,kana,extra32
FZManYTJW-B+u30A4.png,FZManYTJW-B,u30A4,イ,kana,extra32
FZManYTJW-B+u30A5.png,FZManYTJW-B,u30A5,ゥ,kana,extra32
FZManYTJW-B+u30A6.png,FZManYTJW-B,u30A6,ウ,kana,extra32
FZManYTJW-B+u30A7.png,FZManYTJW-B,u30A7,ェ,kana,extra32
FZManYTJW-B+u30A8.png,FZManYTJW-B,u30A8,エ,kana,extra32
FZManYTJW-B+u30A9.png,FZManYTJW-B,u30A9,ォ,kana,extra32
FZManYTJW-B+u30AA.png,FZManYTJW-B,u30AA,オ,kana,extra32
FZManYTJW-B+u30AB.png,FZManYTJW-B,u30AB,カ,kana,extra32
FZManYTJW-B+u30AC.png,FZManYTJW-B,u30AC,ガ,kana,extra32
FZManYTJW-B+u30AD.png,FZManYTJW-B,u30AD,キ,kana,extra32
FZManYTJW-B+u30AE.png,FZManYTJW-B,u30AE,ギ,kana,extra32
FZManYTJW-B+u30AF.png,FZManYTJW-B,u30AF,ク,kana,extra32
FZManYTJW-B+u30B0.png,FZManYTJW-B,u30B0,グ,kana,extra32
FZManYTJW-B+u30B1.png,FZManYTJW-B,u30B1,ケ,kana,extra32
FZManYTJW-B+u30B2.png,FZManYTJW-B,u30B2,ゲ,kana,extra32
FZManYTJW-B+u30B3.png,FZManYTJW-B,u30B3,コ,kana,extra32
FZManYTJW-B+u30B4.png,FZManYTJW-B,u30B4,ゴ,kana,extra32
FZManYTJW-B+u30B5.png,FZManYTJW-B,u30B5,サ,kana,extra32
FZManYTJW-B+u30B6.png,FZManYTJW-B,u30B6,ザ,kana,extra32
FZManYTJW-B+u30B7.png,FZManYTJW-B,u30B7,シ,kana,extra32
FZManYTJW-B+u30B8.png,FZManYTJW-B,u30B8,ジ,kana,extra32
FZManYTJW-B+u30B9.png,FZManYTJW-B,u30B9,ス,kana,extra32
FZManYTJW-B+u30BA.png,FZManYTJW-B,u30BA,ズ,kana,extra32
FZManYTJW-B+u30BB.png,FZManYTJW-B,u30BB,セ,kana,extra32
FZManYTJW-B+u30BC.png,FZManYTJW-B,u30BC,ゼ,kana,extra32
FZManYTJW-B+u30BD.png,FZManYTJW-B,u30BD,ソ,kana,extra32
FZManYTJW-B+u30BE.png,FZManYTJW-B,u30BE,ゾ,kana,extra32
FZManYTJW-B+u30BF.png,FZManYTJW-B,u30BF,タ,kana,extra32
FZManYTJW-B+u30C0.png,FZManYTJW-B,u30C0,ダ,kana,extra32
FZManYTJW-B+u30C1.png,FZManYTJW-B,u30C1,チ,kana,extra32
FZManYTJW-B+u30C2.png,FZManYTJW-B,u30C2,ヂ,kana,extra32
FZManYTJW-B+u30C3.png,FZManYTJW-B,u30C3,ッ,kana,extra32
FZManYTJW-B+u30C4.png,FZManYTJW-B,u30C4,ツ,kana,extra32
FZManYTJW-B+u30C5.png,FZManYTJW-B,u30C5,ヅ,kana,extra32
FZManYTJW-B+u30C6.png,FZManYTJW-B,u30C6,テ,kana,extra32
FZManYTJW-B+u30C7.png,FZManYTJW-B,u30C7,デ,kana,extra32
FZManYTJW-B+u30C8.png,FZManYTJW-B,u30C8,ト,kana,extra32
FZManYTJW-B+u30C9.png,FZManYTJW-B,u30C9,ド,kana,extra32
FZManYTJW-B+u30CA.png,FZManYTJW-B,u30CA,ナ,kana,extra32
FZManYTJW-B+u30CB.png,FZManYTJW-B,u30CB,ニ,kana,extra32
FZManYTJW-B+u30CC.png,FZManYTJW-B,u30CC,ヌ,kana,extra32
FZManYTJW-B+u30CD.png,FZManYTJW-B,u30CD,ネ,kana,extra32
FZManYTJW-B+u30CE.png,FZManYTJW-B,u30CE,ノ,kana,extra32
FZManYTJW-B+u30CF.png,FZManYTJW-B,u30CF,ハ,kana,extra32
FZManYTJW-B+u30D0.png,FZManYTJW-B,u30D0,バ,kana,extra32
FZManYTJW-B+u30D1.png,FZManYTJW-B,u30D1,パ,kana,extra32
FZManYTJW-B+u30D2.png,FZManYTJW-B,u30D2,ヒ,kana,extra32
FZManYTJW-B+u30D3.png,FZManYTJW-B,u30D3,ビ,kana,extra32
FZManYTJW-B+u30D4.png,FZManYTJW-B,u30D4,ピ,kana,extra32
FZManYTJW-B+u30D5.png,FZManYTJW-B,u30D5,フ,kana,extra32
FZManYTJW-B+u30D6.png,FZManYTJW-B,u30D6,ブ,kana,extra32
FZManYTJW-B+u30D7.png,FZManYTJW-B,u30D7,プ,kana,extra32
FZManYTJW-B+u30D8.png,FZManYTJW-B,u30D8,ヘ,kana,extra32
FZManYTJW-B+u30D9.png,FZManYTJW-B,u30D9,ベ,kana,extra32
FZManYTJW-B+u30DA.png,FZManYTJW-B,u30DA,ペ,kana,extra32
FZManYTJW-B+u30DB.png,FZManYTJW-B,u30DB,ホ,kana,extra32
FZManYTJW-B+u30DC.png,FZManYTJW-B,u30DC,ボ,kana,extra32
FZManYTJW-B+u30DD.png,FZManYTJW-B,u30DD,ポ,kana,extra32
FZManYTJW-B+u30DE.png,FZManYTJW-B,u30DE,マ,kana,extra32
FZManYTJW-B+u30DF.png,FZManYTJW-B,u30DF,ミ,kana,extra32
FZManYTJW-B+u30E0.png,FZManYTJW-B,u30E0,ム,kana,extra32
FZManYTJW-B+u30E1.png,FZManYTJW-B,u30E1,メ,kana,extra32
FZManYTJW-B+u30E2.png,FZManYTJW-B,u30E2,モ,kana,extra32
FZManYTJW-B+u30E3.png,FZManYTJW-B,u30E3,ャ,kana,extra32
FZManYTJW-B+u30E4.png,FZManYTJW-B,u30E4,ヤ,kana,extra32
FZManYTJW-B+u30E5.png,FZManYTJW-B,u30E5,ュ,kana,extra32
FZManYTJW-B+u30E6.png,FZManYTJW-B,u30E6,ユ,kana,extra32
FZManYTJW-B+u30E7.png,FZManYTJW-B,u30E7,ョ,kana,extra32
FZManYTJW-B+u30E8.png,FZManYTJW-B,u30E8,ヨ,kana,extra32
FZManYTJW-B+u30E9.png,FZManYTJW-B,u30E9,ラ,kana,extra32
FZManYTJW-B+u30EA.png,FZManYTJW-B,u30EA,リ,kana,extra32
FZManYTJW-B+u30EB.png,FZManYTJW-B,u30EB,ル,kana,extra32
FZManYTJW-B+u30EC.png,FZManYTJW-B,u30EC,レ,kana,extra32
FZManYTJW-B+u30ED.png,FZManYTJW-B,u30ED,ロ,kana,extra32
FZManYTJW-B+u30EE.png,FZManYTJW-B,u30EE,ヮ,kana,extra32
FZManYTJW-B+u30EF.png,FZManYTJW-B,u30EF,ワ,kana,extra32
FZManYTJW-B+u30F0.png,FZManYTJW-B,u30F0,ヰ,kana,extra32
FZManYTJW-B+u30F1.png,FZManYTJW-B,u30F1,ヱ,kana,extra32
FZManYTJW-B+u30F2.png,FZManYTJW-B,u30F2,ヲ,kana,extra32
FZManYTJW-B+u30F3.png,FZManYTJW-B,u30F3,ン,kana,extra32
FZManYTJW-B+u30F4.png,FZManYTJW-B,u30F4,ヴ,kana,extra32
FZManYTJW-B+u30F5.png,FZManYTJW-B,u30F5,ヵ,kana,extra32
FZManYTJW-B+u30F6.png,FZManYTJW-B,u30F6,ヶ,kana,extra32
FZManYTJW-B+u3105.png,FZManYTJW-B,u3105,ㄅ,bopomofo,extra32
FZManYTJW-B+u3106.png,FZManYTJW-B,u3106,ㄆ,bopomofo,extra32
FZManYTJW-B+u3107.png,FZManYTJW-B,u3107,ㄇ,bopomofo,extra32
FZManYTJW-B+u3108.png,FZManYTJW-B,u3108,ㄈ,bopomofo,extra32
FZManYTJW-B+u3109.png,FZManYTJW-B,u3109,ㄉ,bopomofo,extra32
FZManYTJW-B+u310A.png,FZManYTJW-B,u310A,ㄊ,bopomofo,extra32
FZManYTJW-B+u310B.png,FZManYTJW-B,u310B,ㄋ,bopomofo,extra32
FZManYTJW-B+u310C.png,FZManYTJW-B,u310C,ㄌ,bopomofo,extra32
FZManYTJW-B+u310D.png,FZManYTJW-B,u310D,ㄍ,bopomofo,extra32
FZManYTJW-B+u310E.png,FZManYTJW-B,u310E,ㄎ,bopomofo,extra32
FZManYTJW-B+u310F.png,FZManYTJW-B,u310F,ㄏ,bopomofo,extra32
FZManYTJW-B+u3110.png,FZManYTJW-B,u3110,ㄐ,bopomofo,extra32
FZManYTJW-B+u3111.png,FZManYTJW-B,u3111,ㄑ,bopomofo,extra32
FZManYTJW-B+u3112.png,FZManYTJW-B,u3112,ㄒ,bopomofo,extra32
FZManYTJW-B+u3113.png,FZManYTJW-B,u3113,ㄓ,bopomofo,extra32
FZManYTJW-B+u3114.png,FZManYTJW-B,u3114,ㄔ,bopomofo,extra32
FZManYTJW-B+u3115.png,FZManYTJW-B,u3115,ㄕ,bopomofo,extra32
FZManYTJW-B+u3116.png,FZManYTJW-B,u3116,ㄖ,bopomofo,extra32
FZManYTJW-B+u3117.png,FZManYTJW-B,u3117,ㄗ,bopomofo,extra32
FZManYTJW-B+u3118.png,FZManYTJW-B,u3118,ㄘ,bopomofo,extra32
FZManYTJW-B+u3119.png,FZManYTJW-B,u3119,ㄙ,bopomofo,extra32
FZManYTJW-B+u311A.png,FZManYTJW-B,u311A,ㄚ,bopomofo,extra32
FZManYTJW-B+u311B.png,FZManYTJW-B,u311B,ㄛ,bopomofo,extra32
FZManYTJW-B+u311C.png,FZManYTJW-B,u311C,ㄜ,bopomofo,extra32
FZManYTJW-B+u311D.png,FZManYTJW-B,u311D,ㄝ,bopomofo,extra32
FZManYTJW-B+u311E.png,FZManYTJW-B,u311E,ㄞ,bopomofo,extra32
FZManYTJW-B+u311F.png,FZManYTJW-B,u311F,ㄟ,bopomofo,extra32
FZManYTJW-B+u3120.png,FZManYTJW-B,u3120,ㄠ,bopomofo,extra32
FZManYTJW-B+u3121.png,FZManYTJW-B,u3121,ㄡ,bopomofo,extra32
FZManYTJW-B+u3122.png,FZManYTJW-B,u3122,ㄢ,bopomofo,extra32
FZManYTJW-B+u3123.png,FZManYTJW-B,u3123,ㄣ,bopomofo,extra32
FZManYTJW-B+u3124.png,FZManYTJW-B,u3124,ㄤ,bopomofo,extra32
FZManYTJW-B+u3125.png,FZManYTJW-B,u3125,ㄥ,bopomofo,extra32
FZManYTJW-B+u3126.png,FZManYTJW-B,u3126,ㄦ,bopomofo,extra32
FZManYTJW-B+u3127.png,FZManYTJW-B,u3127,ㄧ,bopomofo,extra32
FZManYTJW-B+u3128.png,FZManYTJW-B,u3128,ㄨ,bopomofo,extra32
FZManYTJW-B+u3129.png,FZManYTJW-B,u3129,ㄩ,bopomofo,extra32
FZMingZTJW-DB+u0030.png,FZMingZTJW-DB,u0030,0,latin,extra32
FZMingZTJW-DB+u0032.png,FZMingZTJW-DB,u0032,2,latin,extra32
FZMingZTJW-DB+u0033.png,FZMingZTJW-DB,u0033,3,latin,extra32
FZMingZTJW-DB+u0034.png,FZMingZTJW-DB,u0034,4,latin,extra32
FZMingZTJW-DB+u0035.png,FZMingZTJW-DB,u0035,5,latin,extra32
FZMingZTJW-DB+u0036.png,FZMingZTJW-DB,u0036,6,latin,extra32
FZMingZTJW-DB+u0037.png,FZMingZTJW-DB,u0037,7,latin,extra32
FZMingZTJW-DB+u0038.png,FZMingZTJW-DB,u0038,8,latin,extra32
FZMingZTJW-DB+u0039.png,FZMingZTJW-DB,u0039,9,latin,extra32
FZMingZTJW-DB+u0041.png,FZMingZTJW-DB,u0041,A,latin,extra32
FZMingZTJW-DB+u0042.png,FZMingZTJW-DB,u0042,B,latin,extra32
FZMingZTJW-DB+u0043.png,FZMingZTJW-DB,u0043,C,latin,extra32
FZMingZTJW-DB+u0044.png,FZMingZTJW-DB,u0044,D,latin,extra32
FZMingZTJW-DB+u0045.png,FZMingZTJW-DB,u0045,E,latin,extra32
FZMingZTJW-DB+u0046.png,FZMingZTJW-DB,u0046,F,latin,extra32
FZMingZTJW-DB+u0047.png,FZMingZTJW-DB,u0047,G,latin,extra32
FZMingZTJW-DB+u0048.png,FZMingZTJW-DB,u0048,H,latin,extra32
FZMingZTJW-DB+u0049.png,FZMingZTJW-DB,u0049,I,latin,extra32
FZMingZTJW-DB+u004A.png,FZMingZTJW-DB,u004A,J,latin,extra32
FZMingZTJW-DB+u004B.png,FZMingZTJW-DB,u004B,K,latin,extra32
FZMingZTJW-DB+u004C.png,FZMingZTJW-DB,u004C,L,latin,extra32
FZMingZTJW-DB+u004D.png,FZMingZTJW-DB,u004D,M,latin,extra32
FZMingZTJW-DB+u004E.png,FZMingZTJW-DB,u004E,N,latin,extra32
FZMingZTJW-DB+u004F.png,FZMingZTJW-DB,u004F,O,latin,extra32
FZMingZTJW-DB+u0050.png,FZMingZTJW-DB,u0050,P,latin,extra32
FZMingZTJW-DB+u0051.png,FZMingZTJW-DB,u0051,Q,latin,extra32
FZMingZTJW-DB+u0052.png,FZMingZTJW-DB,u0052,R,latin,extra32
FZMingZTJW-DB+u0053.png,FZMingZTJW-DB,u0053,S,latin,extra32
FZMingZTJW-DB+u0055.png,FZMingZTJW-DB,u0055,U,latin,extra32
FZMingZTJW-DB+u0056.png,FZMingZTJW-DB,u0056,V,latin,extra32
FZMingZTJW-DB+u0057.png,FZMingZTJW-DB,u0057,W,latin,extra32
FZMingZTJW-DB+u0059.png,FZMingZTJW-DB,u0059,Y,latin,extra32
FZMingZTJW-DB+u005A.png,FZMingZTJW-DB,u005A,Z,latin,extra32
FZMingZTJW-DB+u0062.png,FZMingZTJW-DB,u0062,b,latin,extra32
FZMingZTJW-DB+u0063.png,FZMingZTJW-DB,u0063,c,latin,extra32
FZMingZTJW-DB+u0065.png,FZMingZTJW-DB,u0065,e,latin,extra32
FZMingZTJW-DB+u0066.png,FZMingZTJW-DB,u0066,f,latin,extra32
FZMingZTJW-DB+u0067.png,FZMingZTJW-DB,u0067,g,latin,extra32
FZMingZTJW-DB+u0068.png,FZMingZTJW-DB,u0068,h,latin,extra32
FZMingZTJW-DB+u0069.png,FZMingZTJW-DB,u0069,i,latin,extra32
FZMingZTJW-DB+u006A.png,FZMingZTJW-DB,u006A,j,latin,extra32
FZMingZTJW-DB+u006C.png,FZMingZTJW-DB,u006C,l,latin,extra32
FZMingZTJW-DB+u006D.png,FZMingZTJW-DB,u006D,m,latin,extra32
FZMingZTJW-DB+u006E.png,FZMingZTJW-DB,u006E,n,latin,extra32
FZMingZTJW-DB+u006F.png,FZMingZTJW-DB,u006F,o,latin,extra32
FZMingZTJW-DB+u0070.png,FZMingZTJW-DB,u0070,p,latin,extra32
FZMingZTJW-DB+u0071.png,FZMingZTJW-DB,u0071,q,latin,extra32
FZMingZTJW-DB+u0072.png,FZMingZTJW-DB,u0072,r,latin,extra32
FZMingZTJW-DB+u0073.png,FZMingZTJW-DB,u0073,s,latin,extra32
FZMingZTJW-DB+u0074.png,FZMingZTJW-DB,u0074,t,latin,extra32
FZMingZTJW-DB+u0076.png,FZMingZTJW-DB,u0076,v,latin,extra32
FZMingZTJW-DB+u0077.png,FZMingZTJW-DB,u0077,w,latin,extra32
FZMingZTJW-DB+u0078.png,FZMingZTJW-DB,u0078,x,latin,extra32
FZMingZTJW-DB+u007A.png,FZMingZTJW-DB,u007A,z,latin,extra32
FZMingZTJW-DB+u00E1.png,FZMingZTJW-DB,u00E1,á,latin,extra32
FZMingZTJW-DB+u00E8.png,FZMingZTJW-DB,u00E8,è,latin,extra32
FZMingZTJW-DB+u00E9.png,FZMingZTJW-DB,u00E9,é,latin,extra32
FZMingZTJW-DB+u00EA.png,FZMingZTJW-DB,u00EA,ê,latin,extra32
FZMingZTJW-DB+u00ED.png,FZMingZTJW-DB,u00ED,í,latin,extra32
FZMingZTJW-DB+u00F2.png,FZMingZTJW-DB,u00F2,ò,latin,extra32
FZMingZTJW-DB+u00F3.png,FZMingZTJW-DB,u00F3,ó,latin,extra32
FZMingZTJW-DB+u00F9.png,FZMingZTJW-DB,u00F9,ù,latin,extra32
FZMingZTJW-DB+u00FA.png,FZMingZTJW-DB,u00FA,ú,latin,extra32
FZMingZTJW-DB+u00FC.png,FZMingZTJW-DB,u00FC,ü,latin,extra32
FZMingZTJW-DB+u0101.png,FZMingZTJW-DB,u0101,ā,latin,extra32
FZMingZTJW-DB+u0113.png,FZMingZTJW-DB,u0113,ē,latin,extra32
FZMingZTJW-DB+u011B.png,FZMingZTJW-DB,u011B,ě,latin,extra32
FZMingZTJW-DB+u012B.png,FZMingZTJW-DB,u012B,ī,latin,extra32
FZMingZTJW-DB+u0144.png,FZMingZTJW-DB,u0144,ń,latin,extra32
FZMingZTJW-DB+u0148.png,FZMingZTJW-DB,u0148,ň,latin,extra32
FZMingZTJW-DB+u014D.png,FZMingZTJW-DB,u014D,ō,latin,extra32
FZMingZTJW-DB+u016B.png,FZMingZTJW-DB,u016B,ū,latin,extra32
FZMingZTJW-DB+u01CE.png,FZMingZTJW-DB,u01CE,ǎ,latin,extra32
FZMingZTJW-DB+u01D0.png,FZMingZTJW-DB,u01D0,ǐ,latin,extra32
FZMingZTJW-DB+u01D2.png,FZMingZTJW-DB,u01D2,ǒ,latin,extra32
FZMingZTJW-DB+u01D6.png,FZMingZTJW-DB,u01D6,ǖ,latin,extra32
FZMingZTJW-DB+u01D8.png,FZMingZTJW-DB,u01D8,ǘ,latin,extra32
FZMingZTJW-DB+u01DA.png,FZMingZTJW-DB,u01DA,ǚ,latin,extra32
FZMingZTJW-DB+u3041.png,FZMingZTJW-DB,u3041,ぁ,kana,extra32
FZMingZTJW-DB+u3042.png,FZMingZTJW-DB,u3042,あ,kana,extra32
FZMingZTJW-DB+u3043.png,FZMingZTJW-DB,u3043,ぃ,kana,extra32
FZMingZTJW-DB+u3044.png,FZMingZTJW-DB,u3044,い,kana,extra32
FZMingZTJW-DB+u3045.png,FZMingZTJW-DB,u3045,ぅ,kana,extra32
FZMingZTJW-DB+u3046.png,FZMingZTJW-DB,u3046,う,kana,extra32
FZMingZTJW-DB+u3047.png,FZMingZTJW-DB,u3047,ぇ,kana,extra32
FZMingZTJW-DB+u3048.png,FZMingZTJW-DB,u3048,え,kana,extra32
FZMingZTJW-DB+u3049.png,FZMingZTJW-DB,u3049,ぉ,kana,extra32
FZMingZTJW-DB+u304A.png,FZMingZTJW-DB,u304A,お,kana,extra32
FZMingZTJW-DB+u304B.png,FZMingZTJW-DB,u304B,か,kana,extra32
FZMingZTJW-DB+u304C.png,FZMingZTJW-DB,u304C,が,kana,extra32
FZMingZTJW-DB+u304D.png,FZMingZTJW-DB,u304D,き,kana,extra32
FZMingZTJW-DB+u304E.png,FZMingZTJW-DB,u304E,ぎ,kana,extra32
FZMingZTJW-DB+u304F.png,FZMingZTJW-DB,u304F,く,kana,extra32
FZMingZTJW-DB+u3050.png,FZMingZTJW-DB,u3050,ぐ,kana,extra32
FZMingZTJW-DB+u3051.png,FZMingZTJW-DB,u3051,け,kana,extra32
FZMingZTJW-DB+u3052.png,FZMingZTJW-DB,u3052,げ,kana,extra32
FZMingZTJW-DB+u3053.png,FZMingZTJW-DB,u3053,こ,kana,extra32
FZMingZTJW-DB+u3054.png,FZMingZTJW-DB,u3054,ご,kana,extra32
FZMingZTJW-DB+u3055.png,FZMingZTJW-DB,u3055,さ,kana,extra32
FZMingZTJW-DB+u3056.png,FZMingZTJW-DB,u3056,ざ,kana,extra32
FZMingZTJW-DB+u3057.png,FZMingZTJW-DB,u3057,し,kana,extra32
FZMingZTJW-DB+u3058.png,FZMingZTJW-DB,u3058,じ,kana,extra32
FZMingZTJW-DB+u3059.png,FZMingZTJW-DB,u3059,す,kana,extra32
FZMingZTJW-DB+u305A.png,FZMingZTJW-DB,u305A,ず,kana,extra32
FZMingZTJW-DB+u305B.png,FZMingZTJW-DB,u305B,せ,kana,extra32
FZMingZTJW-DB+u305C.png,FZMingZTJW-DB,u305C,ぜ,kana,extra32
FZMingZTJW-DB+u305D.png,FZMingZTJW-DB,u305D,そ,kana,extra32
FZMingZTJW-DB+u305E.png,FZMingZTJW-DB,u305E,ぞ,kana,extra32
FZMingZTJW-DB+u305F.png,FZMingZTJW-DB,u305F,た,kana,extra32
FZMingZTJW-DB+u3060.png,FZMingZTJW-DB,u3060,だ,kana,extra32
FZMingZTJW-DB+u3061.png,FZMingZTJW-DB,u3061,ち,kana,extra32
FZMingZTJW-DB+u3062.png,FZMingZTJW-DB,u3062,ぢ,kana,extra32
FZMingZTJW-DB+u3063.png,FZMingZTJW-DB,u3063,っ,kana,extra32
FZMingZTJW-DB+u3064.png,FZMingZTJW-DB,u3064,つ,kana,extra32
FZMingZTJW-DB+u3065.png,FZMingZTJW-DB,u3065,づ,kana,extra32
FZMingZTJW-DB+u3066.png,FZMingZTJW-DB,u3066,て,kana,extra32
FZMingZTJW-DB+u3067.png,FZMingZTJW-DB,u3067,で,kana,extra32
FZMingZTJW-DB+u3068.png,FZMingZTJW-DB,u3068,と,kana,extra32
FZMingZTJW-DB+u3069.png,FZMingZTJW-DB,u3069,ど,kana,extra32
FZMingZTJW-DB+u306A.png,FZMingZTJW-DB,u306A,な,kana,extra32
FZMingZTJW-DB+u306B.png,FZMingZTJW-DB,u306B,に,kana,extra32
FZMingZTJW-DB+u306C.png,FZMingZTJW-DB,u306C,ぬ,kana,extra32
FZMingZTJW-DB+u306D.png,FZMingZTJW-DB,u306D,ね,kana,extra32
FZMingZTJW-DB+u306E.png,FZMingZTJW-DB,u306E,の,kana,extra32
FZMingZTJW-DB+u306F.png,FZMingZTJW-DB,u306F,は,kana,extra32
FZMingZTJW-DB+u3070.png,FZMingZTJW-DB,u3070,ば,kana,extra32
FZMingZTJW-DB+u3071.png,FZMingZTJW-DB,u3071,ぱ,kana,extra32
FZMingZTJW-DB+u3072.png,FZMingZTJW-DB,u3072,ひ,kana,extra32
FZMingZTJW-DB+u3073.png,FZMingZTJW-DB,u3073,び,kana,extra32
FZMingZTJW-DB+u3074.png,FZMingZTJW-DB,u3074,ぴ,kana,extra32
FZMingZTJW-DB+u3075.png,FZMingZTJW-DB,u3075,ふ,kana,extra32
FZMingZTJW-DB+u3076.png,FZMingZTJW-DB,u3076,ぶ,kana,extra32
FZMingZTJW-DB+u3077.png,FZMingZTJW-DB,u3077,ぷ,kana,extra32
FZMingZTJW-DB+u3078.png,FZMingZTJW-DB,u3078,へ,kana,extra32
FZMingZTJW-DB+u3079.png,FZMingZTJW-DB,u3079,べ,kana,extra32
FZMingZTJW-DB+u307A.png,FZMingZTJW-DB,u307A,ぺ,kana,extra32
FZMingZTJW-DB+u307B.png,FZMingZTJW-DB,u307B,ほ,kana,extra32
FZMingZTJW-DB+u307C.png,FZMingZTJW-DB,u307C,ぼ,kana,extra32
FZMingZTJW-DB+u307D.png,FZMingZTJW-DB,u307D,ぽ,kana,extra32
FZMingZTJW-DB+u307E.png,FZMingZTJW-DB,u307E,ま,kana,extra32
FZMingZTJW-DB+u307F.png,FZMingZTJW-DB,u307F,み,kana,extra32
FZMingZTJW-DB+u3080.png,FZMingZTJW-DB,u3080,む,kana,extra32
FZMingZTJW-DB+u3081.png,FZMingZTJW-DB,u3081,め,kana,extra32
FZMingZTJW-DB+u3082.png,FZMingZTJW-DB,u3082,も,kana,extra32
FZMingZTJW-DB+u3083.png,FZMingZTJW-DB,u3083,ゃ,kana,extra32
FZMingZTJW-DB+u3084.png,FZMingZTJW-DB,u3084,や,kana,extra32
FZMingZTJW-DB+u3085.png,FZMingZTJW-DB,u3085,ゅ,kana,extra32
FZMingZTJW-DB+u3086.png,FZMingZTJW-DB,u3086,ゆ,kana,extra32
FZMingZTJW-DB+u3087.png,FZMingZTJW-DB,u3087,ょ,kana,extra32
FZMingZTJW-DB+u3088.png,FZMingZTJW-DB,u3088,よ,kana,extra32
FZMingZTJW-DB+u3089.png,FZMingZTJW-DB,u3089,ら,kana,extra32
FZMingZTJW-DB+u308A.png,FZMingZTJW-DB,u308A,り,kana,extra32
FZMingZTJW-DB+u308B.png,FZMingZTJW-DB,u308B,る,kana,extra32
FZMingZTJW-DB+u308C.png,FZMingZTJW-DB,u308C,れ,kana,extra32
FZMingZTJW-DB+u308D.png,FZMingZTJW-DB,u308D,ろ,kana,extra32
FZMingZTJW-DB+u308E.png,FZMingZTJW-DB,u308E,ゎ,kana,extra32
FZMingZTJW-DB+u308F.png,FZMingZTJW-DB,u308F,わ,kana,extra32
FZMingZTJW-DB+u3090.png,FZMingZTJW-DB,u3090,ゐ,kana,extra32
FZMingZTJW-DB+u3091.png,FZMingZTJW-DB,u3091,ゑ,kana,extra32
FZMingZTJW-DB+u3092.png,FZMingZTJW-DB,u3092,を,kana,extra32
FZMingZTJW-DB+u3093.png,FZMingZTJW-DB,u3093,ん,kana,extra32
FZMingZTJW-DB+u30A1.png,FZMingZTJW-DB,u30A1,ァ,kana,extra32
FZMingZTJW-DB+u30A2.png,FZMingZTJW-DB,u30A2,ア,kana,extra32
FZMingZTJW-DB+u30A3.png,FZMingZTJW-DB,u30A3,ィ,kana,extra32
FZMingZTJW-DB+u30A4.png,FZMingZTJW-DB,u30A4,イ,kana,extra32
FZMingZTJW-DB+u30A5.png,FZMingZTJW-DB,u30A5,ゥ,kana,extra32
FZMingZTJW-DB+u30A6.png,FZMingZTJW-DB,u30A6,ウ,kana,extra32
FZMingZTJW-DB+u30A7.png,FZMingZTJW-DB,u30A7,ェ,kana,extra32
FZMingZTJW-DB+u30A8.png,FZMingZTJW-DB,u30A8,エ,kana,extra32
FZMingZTJW-DB+u30A9.png,FZMingZTJW-DB,u30A9,ォ,kana,extra32
FZMingZTJW-DB+u30AA.png,FZMingZTJW-DB,u30AA,オ,kana,extra32
FZMingZTJW-DB+u30AB.png,FZMingZTJW-DB,u30AB,カ,kana,extra32
FZMingZTJW-DB+u30AC.png,FZMingZTJW-DB,u30AC,ガ,kana,extra32
FZMingZTJW-DB+u30AD.png,FZMingZTJW-DB,u30AD,キ,kana,extra32
FZMingZTJW-DB+u30AE.png,FZMingZTJW-DB,u30AE,ギ,kana,extra32
FZMingZTJW-DB+u30AF.png,FZMingZTJW-DB,u30AF,ク,kana,extra32
FZMingZTJW-DB+u30B0.png,FZMingZTJW-DB,u30B0,グ,kana,extra32
FZMingZTJW-DB+u30B1.png,FZMingZTJW-DB,u30B1,ケ,kana,extra32
FZMingZTJW-DB+u30B2.png,FZMingZTJW-DB,u30B2,ゲ,kana,extra32
FZMingZTJW-DB+u30B3.png,FZMingZTJW-DB,u30B3,コ,kana,extra32
FZMingZTJW-DB+u30B4.png,FZMingZTJW-DB,u30B4,ゴ,kana,extra32
FZMingZTJW-DB+u30B5.png,FZMingZTJW-DB,u30B5,サ,kana,extra32
FZMingZTJW-DB+u30B6.png,FZMingZTJW-DB,u30B6,ザ,kana,extra32
FZMingZTJW-DB+u30B7.png,FZMingZTJW-DB,u30B7,シ,kana,extra32
FZMingZTJW-DB+u30B8.png,FZMingZTJW-DB,u30B8,ジ,kana,extra32
FZMingZTJW-DB+u30B9.png,FZMingZTJW-DB,u30B9,ス,kana,extra32
FZMingZTJW-DB+u30BA.png,FZMingZTJW-DB,u30BA,ズ,kana,extra32
FZMingZTJW-DB+u30BB.png,FZMingZTJW-DB,u30BB,セ,kana,extra32
FZMingZTJW-DB+u30BC.png,FZMingZTJW-DB,u30BC,ゼ,kana,extra32
FZMingZTJW-DB+u30BD.png,FZMingZTJW-DB,u30BD,ソ,kana,extra32
FZMingZTJW-DB+u30BE.png,FZMingZTJW-DB,u30BE,ゾ,kana,extra32
FZMingZTJW-DB+u30BF.png,FZMingZTJW-DB,u30BF,タ,kana,extra32
FZMingZTJW-DB+u30C0.png,FZMingZTJW-DB,u30C0,ダ,kana,extra32
FZMingZTJW-DB+u30C1.png,FZMingZTJW-DB,u30C1,チ,kana,extra32
FZMingZTJW-DB+u30C2.png,FZMingZTJW-DB,u30C2,ヂ,kana,extra32
FZMingZTJW-DB+u30C3.png,FZMingZTJW-DB,u30C3,ッ,kana,extra32
FZMingZTJW-DB+u30C4.png,FZMingZTJW-DB,u30C4,ツ,kana,extra32
FZMingZTJW-DB+u30C5.png,FZMingZTJW-DB,u30C5,ヅ,kana,extra32
FZMingZTJW-DB+u30C6.png,FZMingZTJW-DB,u30C6,テ,kana,extra32
FZMingZTJW-DB+u30C7.png,FZMingZTJW-DB,u30C7,デ,kana,extra32
FZMingZTJW-DB+u30C8.png,FZMingZTJW-DB,u30C8,ト,kana,extra32
FZMingZTJW-DB+u30C9.png,FZMingZTJW-DB,u30C9,ド,kana,extra32
FZMingZTJW-DB+u30CA.png,FZMingZTJW-DB,u30CA,ナ,kana,extra32
FZMingZTJW-DB+u30CB.png,FZMingZTJW-DB,u30CB,ニ,kana,extra32
FZMingZTJW-DB+u30CC.png,FZMingZTJW-DB,u30CC,ヌ,kana,extra32
FZMingZTJW-DB+u30CD.png,FZMingZTJW-DB,u30CD,ネ,kana,extra32
FZMingZTJW-DB+u30CE.png,FZMingZTJW-DB,u30CE,ノ,kana,extra32
FZMingZTJW-DB+u30CF.png,FZMingZTJW-DB,u30CF,ハ,kana,extra32
FZMingZTJW-DB+u30D0.png,FZMingZTJW-DB,u30D0,バ,kana,extra32
FZMingZTJW-DB+u30D1.png,FZMingZTJW-DB,u30D1,パ,kana,extra32
FZMingZTJW-DB+u30D2.png,FZMingZTJW-DB,u30D2,ヒ,kana,extra32
FZMingZTJW-DB+u30D3.png,FZMingZTJW-DB,u30D3,ビ,kana,extra32
FZMingZTJW-DB+u30D4.png,FZMingZTJW-DB,u30D4,ピ,kana,extra32
FZMingZTJW-DB+u30D5.png,FZMingZTJW-DB,u30D5,フ,kana,extra32
FZMingZTJW-DB+u30D6.png,FZMingZTJW-DB,u30D6,ブ,kana,extra32
FZMingZTJW-DB+u30D7.png,FZMingZTJW-DB,u30D7,プ,kana,extra32
FZMingZTJW-DB+u30D8.png,FZMingZTJW-DB,u30D8,ヘ,kana,extra32
FZMingZTJW-DB+u30D9.png,FZMingZTJW-DB,u30D9,ベ,kana,extra32
FZMingZTJW-DB+u30DA.png,FZMingZTJW-DB,u30DA,ペ,kana,extra32
FZMingZTJW-DB+u30DB.png,FZMingZTJW-DB,u30DB,ホ,kana,extra32
FZMingZTJW-DB+u30DC.png,FZMingZTJW-DB,u30DC,ボ,kana,extra32
FZMingZTJW-DB+u30DD.png,FZMingZTJW-DB,u30DD,ポ,kana,extra32
FZMingZTJW-DB+u30DE.png,FZMingZTJW-DB,u30DE,マ,kana,extra32
FZMingZTJW-DB+u30DF.png,FZMingZTJW-DB,u30DF,ミ,kana,extra32
FZMingZTJW-DB+u30E0.png,FZMingZTJW-DB,u30E0,ム,kana,extra32
FZMingZTJW-DB+u30E1.png,FZMingZTJW-DB,u30E1,メ,kana,extra32
FZMingZTJW-DB+u30E2.png,FZMingZTJW-DB,u30E2,モ,kana,extra32
FZMingZTJW-DB+u30E3.png,FZMingZTJW-DB,u30E3,ャ,kana,extra32
FZMingZTJW-DB+u30E4.png,FZMingZTJW-DB,u30E4,ヤ,kana,extra32
FZMingZTJW-DB+u30E5.png,FZMingZTJW-DB,u30E5,ュ,kana,extra32
FZMingZTJW-DB+u30E6.png,FZMingZTJW-DB,u30E6,ユ,kana,extra32
FZMingZTJW-DB+u30E7.png,FZMingZTJW-DB,u30E7,ョ,kana,extra32
FZMingZTJW-DB+u30E8.png,FZMingZTJW-DB,u30E8,ヨ,kana,extra32
FZMingZTJW-DB+u30E9.png,FZMingZTJW-DB,u30E9,ラ,kana,extra32
FZMingZTJW-DB+u30EA.png,FZMingZTJW-DB,u30EA,リ,kana,extra32
FZMingZTJW-DB+u30EB.png,FZMingZTJW-DB,u30EB,ル,kana,extra32
FZMingZTJW-DB+u30EC.png,FZMingZTJW-DB,u30EC,レ,kana,extra32
FZMingZTJW-DB+u30ED.png,FZMingZTJW-DB,u30ED,ロ,kana,extra32
FZMingZTJW-DB+u30EE.png,FZMingZTJW-DB,u30EE,ヮ,kana,extra32
FZMingZTJW-DB+u30EF.png,FZMingZTJW-DB,u30EF,ワ,kana,extra32
FZMingZTJW-DB+u30F0.png,FZMingZTJW-DB,u30F0,ヰ,kana,extra32
FZMingZTJW-DB+u30F1.png,FZMingZTJW-DB,u30F1,ヱ,kana,extra32
FZMingZTJW-DB+u30F2.png,FZMingZTJW-DB,u30F2,ヲ,kana,extra32
FZMingZTJW-DB+u30F3.png,FZMingZTJW-DB,u30F3,ン,kana,extra32
FZMingZTJW-DB+u30F4.png,FZMingZTJW-DB,u30F4,ヴ,kana,extra32
FZMingZTJW-DB+u30F5.png,FZMingZTJW-DB,u30F5,ヵ,kana,extra32
FZMingZTJW-DB+u30F6.png,FZMingZTJW-DB,u30F6,ヶ,kana,extra32
FZMingZTJW-DB+u3105.png,FZMingZTJW-DB,u3105,ㄅ,bopomofo,extra32
FZMingZTJW-DB+u3106.png,FZMingZTJW-DB,u3106,ㄆ,bopomofo,extra32
FZMingZTJW-DB+u3107.png,FZMingZTJW-DB,u3107,ㄇ,bopomofo,extra32
FZMingZTJW-DB+u3108.png,FZMingZTJW-DB,u3108,ㄈ,bopomofo,extra32
FZMingZTJW-DB+u3109.png,FZMingZTJW-DB,u3109,ㄉ,bopomofo,extra32
FZMingZTJW-DB+u310A.png,FZMingZTJW-DB,u310A,ㄊ,bopomofo,extra32
FZMingZTJW-DB+u310B.png,FZMingZTJW-DB,u310B,ㄋ,bopomofo,extra32
FZMingZTJW-DB+u310C.png,FZMingZTJW-DB,u310C,ㄌ,bopomofo,extra32
FZMingZTJW-DB+u310D.png,FZMingZTJW-DB,u310D,ㄍ,bopomofo,extra32
FZMingZTJW-DB+u310E.png,FZMingZTJW-DB,u310E,ㄎ,bopomofo,extra32
FZMingZTJW-DB+u310F.png,FZMingZTJW-DB,u310F,ㄏ,bopomofo,extra32
FZMingZTJW-DB+u3110.png,FZMingZTJW-DB,u3110,ㄐ,bopomofo,extra32
FZMingZTJW-DB+u3111.png,FZMingZTJW-DB,u3111,ㄑ,bopomofo,extra32
FZMingZTJW-DB+u3112.png,FZMingZTJW-DB,u3112,ㄒ,bopomofo,extra32
FZMingZTJW-DB+u3113.png,FZMingZTJW-DB,u3113,ㄓ,bopomofo,extra32
FZMingZTJW-DB+u3114.png,FZMingZTJW-DB,u3114,ㄔ,bopomofo,extra32
FZMingZTJW-DB+u3115.png,FZMingZTJW-DB,u3115,ㄕ,bopomofo,extra32
FZMingZTJW-DB+u3116.png,FZMingZTJW-DB,u3116,ㄖ,bopomofo,extra32
FZMingZTJW-DB+u3117.png,FZMingZTJW-DB,u3117,ㄗ,bopomofo,extra32
FZMingZTJW-DB+u3118.png,FZMingZTJW-DB,u3118,ㄘ,bopomofo,extra32
FZMingZTJW-DB+u3119.png,FZMingZTJW-DB,u3119,ㄙ,bopomofo,extra32
FZMingZTJW-DB+u311A.png,FZMingZTJW-DB,u311A,ㄚ,bopomofo,extra32
FZMingZTJW-DB+u311B.png,FZMingZTJW-DB,u311B,ㄛ,bopomofo,extra32
FZMingZTJW-DB+u311C.png,FZMingZTJW-DB,u311C,ㄜ,bopomofo,extra32
FZMingZTJW-DB+u311D.png,FZMingZTJW-DB,u311D,ㄝ,bopomofo,extra32
FZMingZTJW-DB+u311E.png,FZMingZTJW-DB,u311E,ㄞ,bopomofo,extra32
FZMingZTJW-DB+u311F.png,FZMingZTJW-DB,u311F,ㄟ,bopomofo,extra32
FZMingZTJW-DB+u3120.png,FZMingZTJW-DB,u3120,ㄠ,bopomofo,extra32
FZMingZTJW-DB+u3121.png,FZMingZTJW-DB,u3121,ㄡ,bopomofo,extra32
FZMingZTJW-DB+u3122.png,FZMingZTJW-DB,u3122,ㄢ,bopomofo,extra32
FZMingZTJW-DB+u3123.png,FZMingZTJW-DB,u3123,ㄣ,bopomofo,extra32
FZMingZTJW-DB+u3124.png,FZMingZTJW-DB,u3124,ㄤ,bopomofo,extra32
FZMingZTJW-DB+u3125.png,FZMingZTJW-DB,u3125,ㄥ,bopomofo,extra32
FZMingZTJW-DB+u3126.png,FZMingZTJW-DB,u3126,ㄦ,bopomofo,extra32
FZMingZTJW-DB+u3127.png,FZMingZTJW-DB,u3127,ㄧ,bopomofo,extra32
FZMingZTJW-DB+u3128.png,FZMingZTJW-DB,u3128,ㄨ,bopomofo,extra32
FZMingZTJW-DB+u3129.png,FZMingZTJW-DB,u3129,ㄩ,bopomofo,extra32
FZNianLLHTJW+u0030.png,FZNianLLHTJW,u0030,0,latin,extra32
FZNianLLHTJW+u0032.png,FZNianLLHTJW,u0032,2,latin,extra32
FZNianLLHTJW+u0033.png,FZNianLLHTJW,u0033,3,latin,extra32
FZNianLLHTJW+u0034.png,FZNianLLHTJW,u0034,4,latin,extra32
FZNianLLHTJW+u0035.png,FZNianLLHTJW,u0035,5,latin,extra32
FZNianLLHTJW+u0036.png,FZNianLLHTJW,u0036,6,latin,extra32
FZNianLLHTJW+u0037.png,FZNianLLHTJW,u0037,7,latin,extra32
FZNianLLHTJW+u0038.png,FZNianLLHTJW,u0038,8,latin,extra32
FZNianLLHTJW+u0039.png,FZNianLLHTJW,u0039,9,latin,extra32
FZNianLLHTJW+u0041.png,FZNianLLHTJW,u0041,A,latin,extra32
FZNianLLHTJW+u0042.png,FZNianLLHTJW,u0042,B,latin,extra32
FZNianLLHTJW+u0043.png,FZNianLLHTJW,u0043,C,latin,extra32
FZNianLLHTJW+u0044.png,FZNianLLHTJW,u0044,D,latin,extra32
FZNianLLHTJW+u0045.png,FZNianLLHTJW,u0045,E,latin,extra32
FZNianLLHTJW+u0046.png,FZNianLLHTJW,u0046,F,latin,extra32
FZNianLLHTJW+u0047.png,FZNianLLHTJW,u0047,G,latin,extra32
FZNianLLHTJW+u0048.png,FZNianLLHTJW,u0048,H,latin,extra32
FZNianLLHTJW+u0049.png,FZNianLLHTJW,u0049,I,latin,extra32
FZNianLLHTJW+u004A.png,FZNianLLHTJW,u004A,J,latin,extra32
FZNianLLHTJW+u004B.png,FZNianLLHTJW,u004B,K,latin,extra32
FZNianLLHTJW+u004C.png,FZNianLLHTJW,u004C,L,latin,extra32
FZNianLLHTJW+u004D.png,FZNianLLHTJW,u004D,M,latin,extra32
FZNianLLHTJW+u004E.png,FZNianLLHTJW,u004E,N,latin,extra32
FZNianLLHTJW+u004F.png,FZNianLLHTJW,u004F,O,latin,extra32
FZNianLLHTJW+u0050.png,FZNianLLHTJW,u0050,P,latin,extra32
FZNianLLHTJW+u0051.png,FZNianLLHTJW,u0051,Q,latin,extra32
FZNianLLHTJW+u0052.png,FZNianLLHTJW,u0052,R,latin,extra32
FZNianLLHTJW+u0053.png,FZNianLLHTJW,u0053,S,latin,extra32
FZNianLLHTJW+u0055.png,FZNianLLHTJW,u0055,U,latin,extra32
FZNianLLHTJW+u0056.png,FZNianLLHTJW,u0056,V,latin,extra32
FZNianLLHTJW+u0057.png,FZNianLLHTJW,u0057,W,latin,extra32
FZNianLLHTJW+u0059.png,FZNianLLHTJW,u0059,Y,latin,extra32
FZNianLLHTJW+u005A.png,FZNianLLHTJW,u005A,Z,latin,extra32
FZNianLLHTJW+u0062.png,FZNianLLHTJW,u0062,b,latin,extra32
FZNianLLHTJW+u0063.png,FZNianLLHTJW,u0063,c,latin,extra32
FZNianLLHTJW+u0065.png,FZNianLLHTJW,u0065,e,latin,extra32
FZNianLLHTJW+u0066.png,FZNianLLHTJW,u0066,f,latin,extra32
FZNianLLHTJW+u0067.png,FZNianLLHTJW,u0067,g,latin,extra32
FZNianLLHTJW+u0068.png,FZNianLLHTJW,u0068,h,latin,extra32
FZNianLLHTJW+u0069.png,FZNianLLHTJW,u0069,i,latin,extra32
FZNianLLHTJW+u006A.png,FZNianLLHTJW,u006A,j,latin,extra32
FZNianLLHTJW+u006C.png,FZNianLLHTJW,u006C,l,latin,extra32
FZNianLLHTJW+u006D.png,FZNianLLHTJW,u006D,m,latin,extra32
FZNianLLHTJW+u006E.png,FZNianLLHTJW,u006E,n,latin,extra32
FZNianLLHTJW+u006F.png,FZNianLLHTJW,u006F,o,latin,extra32
FZNianLLHTJW+u0070.png,FZNianLLHTJW,u0070,p,latin,extra32
FZNianLLHTJW+u0071.png,FZNianLLHTJW,u0071,q,latin,extra32
FZNianLLHTJW+u0072.png,FZNianLLHTJW,u0072,r,latin,extra32
FZNianLLHTJW+u0073.png,FZNianLLHTJW,u0073,s,latin,extra32
FZNianLLHTJW+u0074.png,FZNianLLHTJW,u0074,t,latin,extra32
FZNianLLHTJW+u0076.png,FZNianLLHTJW,u0076,v,latin,extra32
FZNianLLHTJW+u0077.png,FZNianLLHTJW,u0077,w,latin,extra32
FZNianLLHTJW+u0078.png,FZNianLLHTJW,u0078,x,latin,extra32
FZNianLLHTJW+u007A.png,FZNianLLHTJW,u007A,z,latin,extra32
FZNianLLHTJW+u00E1.png,FZNianLLHTJW,u00E1,á,latin,extra32
FZNianLLHTJW+u00E8.png,FZNianLLHTJW,u00E8,è,latin,extra32
FZNianLLHTJW+u00E9.png,FZNianLLHTJW,u00E9,é,latin,extra32
FZNianLLHTJW+u00EA.png,FZNianLLHTJW,u00EA,ê,latin,extra32
FZNianLLHTJW+u00ED.png,FZNianLLHTJW,u00ED,í,latin,extra32
FZNianLLHTJW+u00F2.png,FZNianLLHTJW,u00F2,ò,latin,extra32
FZNianLLHTJW+u00F3.png,FZNianLLHTJW,u00F3,ó,latin,extra32
FZNianLLHTJW+u00F9.png,FZNianLLHTJW,u00F9,ù,latin,extra32
FZNianLLHTJW+u00FA.png,FZNianLLHTJW,u00FA,ú,latin,extra32
FZNianLLHTJW+u00FC.png,FZNianLLHTJW,u00FC,ü,latin,extra32
FZNianLLHTJW+u0101.png,FZNianLLHTJW,u0101,ā,latin,extra32
FZNianLLHTJW+u0113.png,FZNianLLHTJW,u0113,ē,latin,extra32
FZNianLLHTJW+u011B.png,FZNianLLHTJW,u011B,ě,latin,extra32
FZNianLLHTJW+u012B.png,FZNianLLHTJW,u012B,ī,latin,extra32
FZNianLLHTJW+u0144.png,FZNianLLHTJW,u0144,ń,latin,extra32
FZNianLLHTJW+u0148.png,FZNianLLHTJW,u0148,ň,latin,extra32
FZNianLLHTJW+u014D.png,FZNianLLHTJW,u014D,ō,latin,extra32
FZNianLLHTJW+u016B.png,FZNianLLHTJW,u016B,ū,latin,extra32
FZNianLLHTJW+u01CE.png,FZNianLLHTJW,u01CE,ǎ,latin,extra32
FZNianLLHTJW+u01D0.png,FZNianLLHTJW,u01D0,ǐ,latin,extra32
FZNianLLHTJW+u01D2.png,FZNianLLHTJW,u01D2,ǒ,latin,extra32
FZNianLLHTJW+u01D6.png,FZNianLLHTJW,u01D6,ǖ,latin,extra32
FZNianLLHTJW+u01D8.png,FZNianLLHTJW,u01D8,ǘ,latin,extra32
FZNianLLHTJW+u01DA.png,FZNianLLHTJW,u01DA,ǚ,latin,extra32
FZNianLLHTJW+u3041.png,FZNianLLHTJW,u3041,ぁ,kana,extra32
FZNianLLHTJW+u3042.png,FZNianLLHTJW,u3042,あ,kana,extra32
FZNianLLHTJW+u3043.png,FZNianLLHTJW,u3043,ぃ,kana,extra32
FZNianLLHTJW+u3044.png,FZNianLLHTJW,u3044,い,kana,extra32
FZNianLLHTJW+u3045.png,FZNianLLHTJW,u3045,ぅ,kana,extra32
FZNianLLHTJW+u3046.png,FZNianLLHTJW,u3046,う,kana,extra32
FZNianLLHTJW+u3047.png,FZNianLLHTJW,u3047,ぇ,kana,extra32
FZNianLLHTJW+u3048.png,FZNianLLHTJW,u3048,え,kana,extra32
FZNianLLHTJW+u3049.png,FZNianLLHTJW,u3049,ぉ,kana,extra32
FZNianLLHTJW+u304A.png,FZNianLLHTJW,u304A,お,kana,extra32
FZNianLLHTJW+u304B.png,FZNianLLHTJW,u304B,か,kana,extra32
FZNianLLHTJW+u304C.png,FZNianLLHTJW,u304C,が,kana,extra32
FZNianLLHTJW+u304D.png,FZNianLLHTJW,u304D,き,kana,extra32
FZNianLLHTJW+u304E.png,FZNianLLHTJW,u304E,ぎ,kana,extra32
FZNianLLHTJW+u304F.png,FZNianLLHTJW,u304F,く,kana,extra32
FZNianLLHTJW+u3050.png,FZNianLLHTJW,u3050,ぐ,kana,extra32
FZNianLLHTJW+u3051.png,FZNianLLHTJW,u3051,け,kana,extra32
FZNianLLHTJW+u3052.png,FZNianLLHTJW,u3052,げ,kana,extra32
FZNianLLHTJW+u3053.png,FZNianLLHTJW,u3053,こ,kana,extra32
FZNianLLHTJW+u3054.png,FZNianLLHTJW,u3054,ご,kana,extra32
FZNianLLHTJW+u3055.png,FZNianLLHTJW,u3055,さ,kana,extra32
FZNianLLHTJW+u3056.png,FZNianLLHTJW,u3056,ざ,kana,extra32
FZNianLLHTJW+u3057.png,FZNianLLHTJW,u3057,し,kana,extra32
FZNianLLHTJW+u3058.png,FZNianLLHTJW,u3058,じ,kana,extra32
FZNianLLHTJW+u3059.png,FZNianLLHTJW,u3059,す,kana,extra32
FZNianLLHTJW+u305A.png,FZNianLLHTJW,u305A,ず,kana,extra32
FZNianLLHTJW+u305B.png,FZNianLLHTJW,u305B,せ,kana,extra32
FZNianLLHTJW+u305C.png,FZNianLLHTJW,u305C,ぜ,kana,extra32
FZNianLLHTJW+u305D.png,FZNianLLHTJW,u305D,そ,kana,extra32
FZNianLLHTJW+u305E.png,FZNianLLHTJW,u305E,ぞ,kana,extra32
FZNianLLHTJW+u305F.png,FZNianLLHTJW,u305F,た,kana,extra32
FZNianLLHTJW+u3060.png,FZNianLLHTJW,u3060,だ,kana,extra32
FZNianLLHTJW+u3061.png,FZNianLLHTJW,u3061,ち,kana,extra32
FZNianLLHTJW+u3062.png,FZNianLLHTJW,u3062,ぢ,kana,extra32
FZNianLLHTJW+u3063.png,FZNianLLHTJW,u3063,っ,kana,extra32
FZNianLLHTJW+u3064.png,FZNianLLHTJW,u3064,つ,kana,extra32
FZNianLLHTJW+u3065.png,FZNianLLHTJW,u3065,づ,kana,extra32
FZNianLLHTJW+u3066.png,FZNianLLHTJW,u3066,て,kana,extra32
FZNianLLHTJW+u3067.png,FZNianLLHTJW,u3067,で,kana,extra32
FZNianLLHTJW+u3068.png,FZNianLLHTJW,u3068,と,kana,extra32
FZNianLLHTJW+u3069.png,FZNianLLHTJW,u3069,ど,kana,extra32
FZNianLLHTJW+u306A.png,FZNianLLHTJW,u306A,な,kana,extra32
FZNianLLHTJW+u306B.png,FZNianLLHTJW,u306B,に,kana,extra32
FZNianLLHTJW+u306C.png,FZNianLLHTJW,u306C,ぬ,kana,extra32
FZNianLLHTJW+u306D.png,FZNianLLHTJW,u306D,ね,kana,extra32
FZNianLLHTJW+u306E.png,FZNianLLHTJW,u306E,の,kana,extra32
FZNianLLHTJW+u306F.png,FZNianLLHTJW,u306F,は,kana,extra32
FZNianLLHTJW+u3070.png,FZNianLLHTJW,u3070,ば,kana,extra32
FZNianLLHTJW+u3071.png,FZNianLLHTJW,u3071,ぱ,kana,extra32
FZNianLLHTJW+u3072.png,FZNianLLHTJW,u3072,ひ,kana,extra32
FZNianLLHTJW+u3073.png,FZNianLLHTJW,u3073,び,kana,extra32
FZNianLLHTJW+u3074.png,FZNianLLHTJW,u3074,ぴ,kana,extra32
FZNianLLHTJW+u3075.png,FZNianLLHTJW,u3075,ふ,kana,extra32
FZNianLLHTJW+u3076.png,FZNianLLHTJW,u3076,ぶ,kana,extra32
FZNianLLHTJW+u3077.png,FZNianLLHTJW,u3077,ぷ,kana,extra32
FZNianLLHTJW+u3078.png,FZNianLLHTJW,u3078,へ,kana,extra32
FZNianLLHTJW+u3079.png,FZNianLLHTJW,u3079,べ,kana,extra32
FZNianLLHTJW+u307A.png,FZNianLLHTJW,u307A,ぺ,kana,extra32
FZNianLLHTJW+u307B.png,FZNianLLHTJW,u307B,ほ,kana,extra32
FZNianLLHTJW+u307C.png,FZNianLLHTJW,u307C,ぼ,kana,extra32
FZNianLLHTJW+u307D.png,FZNianLLHTJW,u307D,ぽ,kana,extra32
FZNianLLHTJW+u307E.png,FZNianLLHTJW,u307E,ま,kana,extra32
FZNianLLHTJW+u307F.png,FZNianLLHTJW,u307F,み,kana,extra32
FZNianLLHTJW+u3080.png,FZNianLLHTJW,u3080,む,kana,extra32
FZNianLLHTJW+u3081.png,FZNianLLHTJW,u3081,め,kana,extra32
FZNianLLHTJW+u3082.png,FZNianLLHTJW,u3082,も,kana,extra32
FZNianLLHTJW+u3083.png,FZNianLLHTJW,u3083,ゃ,kana,extra32
FZNianLLHTJW+u3084.png,FZNianLLHTJW,u3084,や,kana,extra32
FZNianLLHTJW+u3085.png,FZNianLLHTJW,u3085,ゅ,kana,extra32
FZNianLLHTJW+u3086.png,FZNianLLHTJW,u3086,ゆ,kana,extra32
FZNianLLHTJW+u3087.png,FZNianLLHTJW,u3087,ょ,kana,extra32
FZNianLLHTJW+u3088.png,FZNianLLHTJW,u3088,よ,kana,extra32
FZNianLLHTJW+u3089.png,FZNianLLHTJW,u3089,ら,kana,extra32
FZNianLLHTJW+u308A.png,FZNianLLHTJW,u308A,り,kana,extra32
FZNianLLHTJW+u308B.png,FZNianLLHTJW,u308B,る,kana,extra32
FZNianLLHTJW+u308C.png,FZNianLLHTJW,u308C,れ,kana,extra32
FZNianLLHTJW+u308D.png,FZNianLLHTJW,u308D,ろ,kana,extra32
FZNianLLHTJW+u308E.png,FZNianLLHTJW,u308E,ゎ,kana,extra32
FZNianLLHTJW+u308F.png,FZNianLLHTJW,u308F,わ,kana,extra32
FZNianLLHTJW+u3090.png,FZNianLLHTJW,u3090,ゐ,kana,extra32
FZNianLLHTJW+u3091.png,FZNianLLHTJW,u3091,ゑ,kana,extra32
FZNianLLHTJW+u3092.png,FZNianLLHTJW,u3092,を,kana,extra32
FZNianLLHTJW+u3093.png,FZNianLLHTJW,u3093,ん,kana,extra32
FZNianLLHTJW+u30A1.png,FZNianLLHTJW,u30A1,ァ,kana,extra32
FZNianLLHTJW+u30A2.png,FZNianLLHTJW,u30A2,ア,kana,extra32
FZNianLLHTJW+u30A3.png,FZNianLLHTJW,u30A3,ィ,kana,extra32
FZNianLLHTJW+u30A4.png,FZNianLLHTJW,u30A4,イ,kana,extra32
FZNianLLHTJW+u30A5.png,FZNianLLHTJW,u30A5,ゥ,kana,extra32
FZNianLLHTJW+u30A6.png,FZNianLLHTJW,u30A6,ウ,kana,extra32
FZNianLLHTJW+u30A7.png,FZNianLLHTJW,u30A7,ェ,kana,extra32
FZNianLLHTJW+u30A8.png,FZNianLLHTJW,u30A8,エ,kana,extra32
FZNianLLHTJW+u30A9.png,FZNianLLHTJW,u30A9,ォ,kana,extra32
FZNianLLHTJW+u30AA.png,FZNianLLHTJW,u30AA,オ,kana,extra32
FZNianLLHTJW+u30AB.png,FZNianLLHTJW,u30AB,カ,kana,extra32
FZNianLLHTJW+u30AC.png,FZNianLLHTJW,u30AC,ガ,kana,extra32
FZNianLLHTJW+u30AD.png,FZNianLLHTJW,u30AD,キ,kana,extra32
FZNianLLHTJW+u30AE.png,FZNianLLHTJW,u30AE,ギ,kana,extra32
FZNianLLHTJW+u30AF.png,FZNianLLHTJW,u30AF,ク,kana,extra32
FZNianLLHTJW+u30B0.png,FZNianLLHTJW,u30B0,グ,kana,extra32
FZNianLLHTJW+u30B1.png,FZNianLLHTJW,u30B1,ケ,kana,extra32
FZNianLLHTJW+u30B2.png,FZNianLLHTJW,u30B2,ゲ,kana,extra32
FZNianLLHTJW+u30B3.png,FZNianLLHTJW,u30B3,コ,kana,extra32
FZNianLLHTJW+u30B4.png,FZNianLLHTJW,u30B4,ゴ,kana,extra32
FZNianLLHTJW+u30B5.png,FZNianLLHTJW,u30B5,サ,kana,extra32
FZNianLLHTJW+u30B6.png,FZNianLLHTJW,u30B6,ザ,kana,extra32
FZNianLLHTJW+u30B7.png,FZNianLLHTJW,u30B7,シ,kana,extra32
FZNianLLHTJW+u30B8.png,FZNianLLHTJW,u30B8,ジ,kana,extra32
FZNianLLHTJW+u30B9.png,FZNianLLHTJW,u30B9,ス,kana,extra32
FZNianLLHTJW+u30BA.png,FZNianLLHTJW,u30BA,ズ,kana,extra32
FZNianLLHTJW+u30BB.png,FZNianLLHTJW,u30BB,セ,kana,extra32
FZNianLLHTJW+u30BC.png,FZNianLLHTJW,u30BC,ゼ,kana,extra32
FZNianLLHTJW+u30BD.png,FZNianLLHTJW,u30BD,ソ,kana,extra32
FZNianLLHTJW+u30BE.png,FZNianLLHTJW,u30BE,ゾ,kana,extra32
FZNianLLHTJW+u30BF.png,FZNianLLHTJW,u30BF,タ,kana,extra32
FZNianLLHTJW+u30C0.png,FZNianLLHTJW,u30C0,ダ,kana,extra32
FZNianLLHTJW+u30C1.png,FZNianLLHTJW,u30C1,チ,kana,extra32
FZNianLLHTJW+u30C2.png,FZNianLLHTJW,u30C2,ヂ,kana,extra32
FZNianLLHTJW+u30C3.png,FZNianLLHTJW,u30C3,ッ,kana,extra32
FZNianLLHTJW+u30C4.png,FZNianLLHTJW,u30C4,ツ,kana,extra32
FZNianLLHTJW+u30C5.png,FZNianLLHTJW,u30C5,ヅ,kana,extra32
FZNianLLHTJW+u30C6.png,FZNianLLHTJW,u30C6,テ,kana,extra32
FZNianLLHTJW+u30C7.png,FZNianLLHTJW,u30C7,デ,kana,extra32
FZNianLLHTJW+u30C8.png,FZNianLLHTJW,u30C8,ト,kana,extra32
FZNianLLHTJW+u30C9.png,FZNianLLHTJW,u30C9,ド,kana,extra32
FZNianLLHTJW+u30CA.png,FZNianLLHTJW,u30CA,ナ,kana,extra32
FZNianLLHTJW+u30CB.png,FZNianLLHTJW,u30CB,ニ,kana,extra32
FZNianLLHTJW+u30CC.png,FZNianLLHTJW,u30CC,ヌ,kana,extra32
FZNianLLHTJW+u30CD.png,FZNianLLHTJW,u30CD,ネ,kana,extra32
FZNianLLHTJW+u30CE.png,FZNianLLHTJW,u30CE,ノ,kana,extra32
FZNianLLHTJW+u30CF.png,FZNianLLHTJW,u30CF,ハ,kana,extra32
FZNianLLHTJW+u30D0.png,FZNianLLHTJW,u30D0,バ,kana,extra32
FZNianLLHTJW+u30D1.png,FZNianLLHTJW,u30D1,パ,kana,extra32
FZNianLLHTJW+u30D2.png,FZNianLLHTJW,u30D2,ヒ,kana,extra32
FZNianLLHTJW+u30D3.png,FZNianLLHTJW,u30D3,ビ,kana,extra32
FZNianLLHTJW+u30D4.png,FZNianLLHTJW,u30D4,ピ,kana,extra32
FZNianLLHTJW+u30D5.png,FZNianLLHTJW,u30D5,フ,kana,extra32
FZNianLLHTJW+u30D6.png,FZNianLLHTJW,u30D6,ブ,kana,extra32
FZNianLLHTJW+u30D7.png,FZNianLLHTJW,u30D7,プ,kana,extra32
FZNianLLHTJW+u30D8.png,FZNianLLHTJW,u30D8,ヘ,kana,extra32
FZNianLLHTJW+u30D9.png,FZNianLLHTJW,u30D9,ベ,kana,extra32
FZNianLLHTJW+u30DA.png,FZNianLLHTJW,u30DA,ペ,kana,extra32
FZNianLLHTJW+u30DB.png,FZNianLLHTJW,u30DB,ホ,kana,extra32
FZNianLLHTJW+u30DC.png,FZNianLLHTJW,u30DC,ボ,kana,extra32
FZNianLLHTJW+u30DD.png,FZNianLLHTJW,u30DD,ポ,kana,extra32
FZNianLLHTJW+u30DE.png,FZNianLLHTJW,u30DE,マ,kana,extra32
FZNianLLHTJW+u30DF.png,FZNianLLHTJW,u30DF,ミ,kana,extra32
FZNianLLHTJW+u30E0.png,FZNianLLHTJW,u30E0,ム,kana,extra32
FZNianLLHTJW+u30E1.png,FZNianLLHTJW,u30E1,メ,kana,extra32
FZNianLLHTJW+u30E2.png,FZNianLLHTJW,u30E2,モ,kana,extra32
FZNianLLHTJW+u30E3.png,FZNianLLHTJW,u30E3,ャ,kana,extra32
FZNianLLHTJW+u30E4.png,FZNianLLHTJW,u30E4,ヤ,kana,extra32
FZNianLLHTJW+u30E5.png,FZNianLLHTJW,u30E5,ュ,kana,extra32
FZNianLLHTJW+u30E6.png,FZNianLLHTJW,u30E6,ユ,kana,extra32
FZNianLLHTJW+u30E7.png,FZNianLLHTJW,u30E7,ョ,kana,extra32
FZNianLLHTJW+u30E8.png,FZNianLLHTJW,u30E8,ヨ,kana,extra32
FZNianLLHTJW+u30E9.png,FZNianLLHTJW,u30E9,ラ,kana,extra32
FZNianLLHTJW+u30EA.png,FZNianLLHTJW,u30EA,リ,kana,extra32
FZNianLLHTJW+u30EB.png,FZNianLLHTJW,u30EB,ル,kana,extra32
FZNianLLHTJW+u30EC.png,FZNianLLHTJW,u30EC,レ,kana,extra32
FZNianLLHTJW+u30ED.png,FZNianLLHTJW,u30ED,ロ,kana,extra32
FZNianLLHTJW+u30EE.png,FZNianLLHTJW,u30EE,ヮ,kana,extra32
FZNianLLHTJW+u30EF.png,FZNianLLHTJW,u30EF,ワ,kana,extra32
FZNianLLHTJW+u30F0.png,FZNianLLHTJW,u30F0,ヰ,kana,extra32
FZNianLLHTJW+u30F1.png,FZNianLLHTJW,u30F1,ヱ,kana,extra32
FZNianLLHTJW+u30F2.png,FZNianLLHTJW,u30F2,ヲ,kana,extra32
FZNianLLHTJW+u30F3.png,FZNianLLHTJW,u30F3,ン,kana,extra32
FZNianLLHTJW+u30F4.png,FZNianLLHTJW,u30F4,ヴ,kana,extra32
FZNianLLHTJW+u30F5.png,FZNianLLHTJW,u30F5,ヵ,kana,extra32
FZNianLLHTJW+u30F6.png,FZNianLLHTJW,u30F6,ヶ,kana,extra32
FZPTYK+u0030.png,FZPTYK,u0030,0,latin,plus17
FZPTYK+u0032.png,FZPTYK,u0032,2,latin,plus17
FZPTYK+u0033.png,FZPTYK,u0033,3,latin,plus17
FZPTYK+u0034.png,FZPTYK,u0034,4,latin,plus17
FZPTYK+u0035.png,FZPTYK,u0035,5,latin,plus17
FZPTYK+u0036.png,FZPTYK,u0036,6,latin,plus17
FZPTYK+u0037.png,FZPTYK,u0037,7,latin,plus17
FZPTYK+u0038.png,FZPTYK,u0038,8,latin,plus17
FZPTYK+u0039.png,FZPTYK,u0039,9,latin,plus17
FZPTYK+u0041.png,FZPTYK,u0041,A,latin,plus17
FZPTYK+u0042.png,FZPTYK,u0042,B,latin,plus17
FZPTYK+u0043.png,FZPTYK,u0043,C,latin,plus17
FZPTYK+u0044.png,FZPTYK,u0044,D,latin,plus17
FZPTYK+u0045.png,FZPTYK,u0045,E,latin,plus17
FZPTYK+u0046.png,FZPTYK,u0046,F,latin,plus17
FZPTYK+u0047.png,FZPTYK,u0047,G,latin,plus17
FZPTYK+u0048.png,FZPTYK,u0048,H,latin,plus17
FZPTYK+u0049.png,FZPTYK,u0049,I,latin,plus17
FZPTYK+u004A.png,FZPTYK,u004A,J,latin,plus17
FZPTYK+u004B.png,FZPTYK,u004B,K,latin,plus17
FZPTYK+u004C.png,FZPTYK,u004C,L,latin,plus17
FZPTYK+u004D.png,FZPTYK,u004D,M,latin,plus17
FZPTYK+u004E.png,FZPTYK,u004E,N,latin,plus17
FZPTYK+u004F.png,FZPTYK,u004F,O,latin,plus17
FZPTYK+u0050.png,FZPTYK,u0050,P,latin,plus17
FZPTYK+u0051.png,FZPTYK,u0051,Q,latin,plus17
FZPTYK+u0052.png,FZPTYK,u0052,R,latin,plus17
FZPTYK+u0053.png,FZPTYK,u0053,S,latin,plus17
FZPTYK+u0055.png,FZPTYK,u0055,U,latin,plus17
FZPTYK+u0056.png,FZPTYK,u0056,V,latin,plus17
FZPTYK+u0057.png,FZPTYK,u0057,W,latin,plus17
FZPTYK+u0059.png,FZPTYK,u0059,Y,latin,plus17
FZPTYK+u005A.png,FZPTYK,u005A,Z,latin,plus17
FZPTYK+u0062.png,FZPTYK,u0062,b,latin,plus17
FZPTYK+u0063.png,FZPTYK,u0063,c,latin,plus17
FZPTYK+u0065.png,FZPTYK,u0065,e,latin,plus17
FZPTYK+u0066.png,FZPTYK,u0066,f,latin,plus17
FZPTYK+u0067.png,FZPTYK,u0067,g,latin,plus17
FZPTYK+u0068.png,FZPTYK,u0068,h,latin,plus17
FZPTYK+u0069.png,FZPTYK,u0069,i,latin,plus17
FZPTYK+u006A.png,FZPTYK,u006A,j,latin,plus17
FZPTYK+u006C.png,FZPTYK,u006C,l,latin,plus17
FZPTYK+u006D.png,FZPTYK,u006D,m,latin,plus17
FZPTYK+u006E.png,FZPTYK,u006E,n,latin,plus17
FZPTYK+u006F.png,FZPTYK,u006F,o,latin,plus17
FZPTYK+u0070.png,FZPTYK,u0070,p,latin,plus17
FZPTYK+u0071.png,FZPTYK,u0071,q,latin,plus17
FZPTYK+u0072.png,FZPTYK,u0072,r,latin,plus17
FZPTYK+u0073.png,FZPTYK,u0073,s,latin,plus17
FZPTYK+u0074.png,FZPTYK,u0074,t,latin,plus17
FZPTYK+u0076.png,FZPTYK,u0076,v,latin,plus17
FZPTYK+u0077.png,FZPTYK,u0077,w,latin,plus17
FZPTYK+u0078.png,FZPTYK,u0078,x,latin,plus17
FZPTYK+u007A.png,FZPTYK,u007A,z,latin,plus17
FZPTYK+u00E1.png,FZPTYK,u00E1,á,latin,plus17
FZPTYK+u00E8.png,FZPTYK,u00E8,è,latin,plus17
FZPTYK+u00E9.png,FZPTYK,u00E9,é,latin,plus17
FZPTYK+u00EA.png,FZPTYK,u00EA,ê,latin,plus17
FZPTYK+u00ED.png,FZPTYK,u00ED,í,latin,plus17
FZPTYK+u00F2.png,FZPTYK,u00F2,ò,latin,plus17
FZPTYK+u00F3.png,FZPTYK,u00F3,ó,latin,plus17
FZPTYK+u00F9.png,FZPTYK,u00F9,ù,latin,plus17
FZPTYK+u00FA.png,FZPTYK,u00FA,ú,latin,plus17
FZPTYK+u00FC.png,FZPTYK,u00FC,ü,latin,plus17
FZPTYK+u0101.png,FZPTYK,u0101,ā,latin,plus17
FZPTYK+u0113.png,FZPTYK,u0113,ē,latin,plus17
FZPTYK+u011B.png,FZPTYK,u011B,ě,latin,plus17
FZPTYK+u012B.png,FZPTYK,u012B,ī,latin,plus17
FZPTYK+u0144.png,FZPTYK,u0144,ń,latin,plus17
FZPTYK+u0148.png,FZPTYK,u0148,ň,latin,plus17
FZPTYK+u014D.png,FZPTYK,u014D,ō,latin,plus17
FZPTYK+u016B.png,FZPTYK,u016B,ū,latin,plus17
FZPTYK+u01CE.png,FZPTYK,u01CE,ǎ,latin,plus17
FZPTYK+u01D0.png,FZPTYK,u01D0,ǐ,latin,plus17
FZPTYK+u01D2.png,FZPTYK,u01D2,ǒ,latin,plus17
FZPTYK+u01D6.png,FZPTYK,u01D6,ǖ,latin,plus17
FZPTYK+u01D8.png,FZPTYK,u01D8,ǘ,latin,plus17
FZPTYK+u01DA.png,FZPTYK,u01DA,ǚ,latin,plus17
FZQianWTJW_Xi+u0030.png,FZQianWTJW_Xi,u0030,0,latin,extra32
FZQianWTJW_Xi+u0032.png,FZQianWTJW_Xi,u0032,2,latin,extra32
FZQianWTJW_Xi+u0033.png,FZQianWTJW_Xi,u0033,3,latin,extra32
FZQianWTJW_Xi+u0034.png,FZQianWTJW_Xi,u0034,4,latin,extra32
FZQianWTJW_Xi+u0035.png,FZQianWTJW_Xi,u0035,5,latin,extra32
FZQianWTJW_Xi+u0036.png,FZQianWTJW_Xi,u0036,6,latin,extra32
FZQianWTJW_Xi+u0037.png,FZQianWTJW_Xi,u0037,7,latin,extra32
FZQianWTJW_Xi+u0038.png,FZQianWTJW_Xi,u0038,8,latin,extra32
FZQianWTJW_Xi+u0039.png,FZQianWTJW_Xi,u0039,9,latin,extra32
FZQianWTJW_Xi+u0041.png,FZQianWTJW_Xi,u0041,A,latin,extra32
FZQianWTJW_Xi+u0042.png,FZQianWTJW_Xi,u0042,B,latin,extra32
FZQianWTJW_Xi+u0043.png,FZQianWTJW_Xi,u0043,C,latin,extra32
FZQianWTJW_Xi+u0044.png,FZQianWTJW_Xi,u0044,D,latin,extra32
FZQianWTJW_Xi+u0045.png,FZQianWTJW_Xi,u0045,E,latin,extra32
FZQianWTJW_Xi+u0046.png,FZQianWTJW_Xi,u0046,F,latin,extra32
FZQianWTJW_Xi+u0047.png,FZQianWTJW_Xi,u0047,G,latin,extra32
FZQianWTJW_Xi+u0048.png,FZQianWTJW_Xi,u0048,H,latin,extra32
FZQianWTJW_Xi+u0049.png,FZQianWTJW_Xi,u0049,I,latin,extra32
FZQianWTJW_Xi+u004A.png,FZQianWTJW_Xi,u004A,J,latin,extra32
FZQianWTJW_Xi+u004B.png,FZQianWTJW_Xi,u004B,K,latin,extra32
FZQianWTJW_Xi+u004C.png,FZQianWTJW_Xi,u004C,L,latin,extra32
FZQianWTJW_Xi+u004D.png,FZQianWTJW_Xi,u004D,M,latin,extra32
FZQianWTJW_Xi+u004E.png,FZQianWTJW_Xi,u004E,N,latin,extra32
FZQianWTJW_Xi+u004F.png,FZQianWTJW_Xi,u004F,O,latin,extra32
FZQianWTJW_Xi+u0050.png,FZQianWTJW_Xi,u0050,P,latin,extra32
FZQianWTJW_Xi+u0051.png,FZQianWTJW_Xi,u0051,Q,latin,extra32
FZQianWTJW_Xi+u0052.png,FZQianWTJW_Xi,u0052,R,latin,extra32
FZQianWTJW_Xi+u0053.png,FZQianWTJW_Xi,u0053,S,latin,extra32
FZQianWTJW_Xi+u0055.png,FZQianWTJW_Xi,u0055,U,latin,extra32
FZQianWTJW_Xi+u0056.png,FZQianWTJW_Xi,u0056,V,latin,extra32
FZQianWTJW_Xi+u0057.png,FZQianWTJW_Xi,u0057,W,latin,extra32
FZQianWTJW_Xi+u0059.png,FZQianWTJW_Xi,u0059,Y,latin,extra32
FZQianWTJW_Xi+u005A.png,FZQianWTJW_Xi,u005A,Z,latin,extra32
FZQianWTJW_Xi+u0062.png,FZQianWTJW_Xi,u0062,b,latin,extra32
FZQianWTJW_Xi+u0063.png,FZQianWTJW_Xi,u0063,c,latin,extra32
FZQianWTJW_Xi+u0065.png,FZQianWTJW_Xi,u0065,e,latin,extra32
FZQianWTJW_Xi+u0066.png,FZQianWTJW_Xi,u0066,f,latin,extra32
FZQianWTJW_Xi+u0067.png,FZQianWTJW_Xi,u0067,g,latin,extra32
FZQianWTJW_Xi+u0068.png,FZQianWTJW_Xi,u0068,h,latin,extra32
FZQianWTJW_Xi+u0069.png,FZQianWTJW_Xi,u0069,i,latin,extra32
FZQianWTJW_Xi+u006A.png,FZQianWTJW_Xi,u006A,j,latin,extra32
FZQianWTJW_Xi+u006C.png,FZQianWTJW_Xi,u006C,l,latin,extra32
FZQianWTJW_Xi+u006D.png,FZQianWTJW_Xi,u006D,m,latin,extra32
FZQianWTJW_Xi+u006E.png,FZQianWTJW_Xi,u006E,n,latin,extra32
FZQianWTJW_Xi+u006F.png,FZQianWTJW_Xi,u006F,o,latin,extra32
FZQianWTJW_Xi+u0070.png,FZQianWTJW_Xi,u0070,p,latin,extra32
FZQianWTJW_Xi+u0071.png,FZQianWTJW_Xi,u0071,q,latin,extra32
FZQianWTJW_Xi+u0072.png,FZQianWTJW_Xi,u0072,r,latin,extra32
FZQianWTJW_Xi+u0073.png,FZQianWTJW_Xi,u0073,s,latin,extra32
FZQianWTJW_Xi+u0074.png,FZQianWTJW_Xi,u0074,t,latin,extra32
FZQianWTJW_Xi+u0076.png,FZQianWTJW_Xi,u0076,v,latin,extra32
FZQianWTJW_Xi+u0077.png,FZQianWTJW_Xi,u0077,w,latin,extra32
FZQianWTJW_Xi+u0078.png,FZQianWTJW_Xi,u0078,x,latin,extra32
FZQianWTJW_Xi+u007A.png,FZQianWTJW_Xi,u007A,z,latin,extra32
FZQianWTJW_Xi+u00E1.png,FZQianWTJW_Xi,u00E1,á,latin,extra32
FZQianWTJW_Xi+u00E8.png,FZQianWTJW_Xi,u00E8,è,latin,extra32
FZQianWTJW_Xi+u00E9.png,FZQianWTJW_Xi,u00E9,é,latin,extra32
FZQianWTJW_Xi+u00EA.png,FZQianWTJW_Xi,u00EA,ê,latin,extra32
FZQianWTJW_Xi+u00ED.png,FZQianWTJW_Xi,u00ED,í,latin,extra32
FZQianWTJW_Xi+u00F2.png,FZQianWTJW_Xi,u00F2,ò,latin,extra32
FZQianWTJW_Xi+u00F3.png,FZQianWTJW_Xi,u00F3,ó,latin,extra32
FZQianWTJW_Xi+u00F9.png,FZQianWTJW_Xi,u00F9,ù,latin,extra32
FZQianWTJW_Xi+u00FA.png,FZQianWTJW_Xi,u00FA,ú,latin,extra32
FZQianWTJW_Xi+u00FC.png,FZQianWTJW_Xi,u00FC,ü,latin,extra32
FZQianWTJW_Xi+u0101.png,FZQianWTJW_Xi,u0101,ā,latin,extra32
FZQianWTJW_Xi+u0113.png,FZQianWTJW_Xi,u0113,ē,latin,extra32
FZQianWTJW_Xi+u011B.png,FZQianWTJW_Xi,u011B,ě,latin,extra32
FZQianWTJW_Xi+u012B.png,FZQianWTJW_Xi,u012B,ī,latin,extra32
FZQianWTJW_Xi+u0144.png,FZQianWTJW_Xi,u0144,ń,latin,extra32
FZQianWTJW_Xi+u0148.png,FZQianWTJW_Xi,u0148,ň,latin,extra32
FZQianWTJW_Xi+u014D.png,FZQianWTJW_Xi,u014D,ō,latin,extra32
FZQianWTJW_Xi+u016B.png,FZQianWTJW_Xi,u016B,ū,latin,extra32
FZQianWTJW_Xi+u01CE.png,FZQianWTJW_Xi,u01CE,ǎ,latin,extra32
FZQianWTJW_Xi+u01D0.png,FZQianWTJW_Xi,u01D0,ǐ,latin,extra32
FZQianWTJW_Xi+u01D2.png,FZQianWTJW_Xi,u01D2,ǒ,latin,extra32
FZQianWTJW_Xi+u01D6.png,FZQianWTJW_Xi,u01D6,ǖ,latin,extra32
FZQianWTJW_Xi+u01D8.png,FZQianWTJW_Xi,u01D8,ǘ,latin,extra32
FZQianWTJW_Xi+u01DA.png,FZQianWTJW_Xi,u01DA,ǚ,latin,extra32
FZQianWTJW_Xi+u3041.png,FZQianWTJW_Xi,u3041,ぁ,kana,extra32
FZQianWTJW_Xi+u3042.png,FZQianWTJW_Xi,u3042,あ,kana,extra32
FZQianWTJW_Xi+u3043.png,FZQianWTJW_Xi,u3043,ぃ,kana,extra32
FZQianWTJW_Xi+u3044.png,FZQianWTJW_Xi,u3044,い,kana,extra32
FZQianWTJW_Xi+u3045.png,FZQianWTJW_Xi,u3045,ぅ,kana,extra32
FZQianWTJW_Xi+u3046.png,FZQianWTJW_Xi,u3046,う,kana,extra32
FZQianWTJW_Xi+u3047.png,FZQianWTJW_Xi,u3047,ぇ,kana,extra32
FZQianWTJW_Xi+u3048.png,FZQianWTJW_Xi,u3048,え,kana,extra32
FZQianWTJW_Xi+u3049.png,FZQianWTJW_Xi,u3049,ぉ,kana,extra32
FZQianWTJW_Xi+u304A.png,FZQianWTJW_Xi,u304A,お,kana,extra32
FZQianWTJW_Xi+u304B.png,FZQianWTJW_Xi,u304B,か,kana,extra32
FZQianWTJW_Xi+u304C.png,FZQianWTJW_Xi,u304C,が,kana,extra32
FZQianWTJW_Xi+u304D.png,FZQianWTJW_Xi,u304D,き,kana,extra32
FZQianWTJW_Xi+u304E.png,FZQianWTJW_Xi,u304E,ぎ,kana,extra32
FZQianWTJW_Xi+u304F.png,FZQianWTJW_Xi,u304F,く,kana,extra32
FZQianWTJW_Xi+u3050.png,FZQianWTJW_Xi,u3050,ぐ,kana,extra32
FZQianWTJW_Xi+u3051.png,FZQianWTJW_Xi,u3051,け,kana,extra32
FZQianWTJW_Xi+u3052.png,FZQianWTJW_Xi,u3052,げ,kana,extra32
FZQianWTJW_Xi+u3053.png,FZQianWTJW_Xi,u3053,こ,kana,extra32
FZQianWTJW_Xi+u3054.png,FZQianWTJW_Xi,u3054,ご,kana,extra32
FZQianWTJW_Xi+u3055.png,FZQianWTJW_Xi,u3055,さ,kana,extra32
FZQianWTJW_Xi+u3056.png,FZQianWTJW_Xi,u3056,ざ,kana,extra32
FZQianWTJW_Xi+u3057.png,FZQianWTJW_Xi,u3057,し,kana,extra32
FZQianWTJW_Xi+u3058.png,FZQianWTJW_Xi,u3058,じ,kana,extra32
FZQianWTJW_Xi+u3059.png,FZQianWTJW_Xi,u3059,す,kana,extra32
FZQianWTJW_Xi+u305A.png,FZQianWTJW_Xi,u305A,ず,kana,extra32
FZQianWTJW_Xi+u305B.png,FZQianWTJW_Xi,u305B,せ,kana,extra32
FZQianWTJW_Xi+u305C.png,FZQianWTJW_Xi,u305C,ぜ,kana,extra32
FZQianWTJW_Xi+u305D.png,FZQianWTJW_Xi,u305D,そ,kana,extra32
FZQianWTJW_Xi+u305E.png,FZQianWTJW_Xi,u305E,ぞ,kana,extra32
FZQianWTJW_Xi+u305F.png,FZQianWTJW_Xi,u305F,た,kana,extra32
FZQianWTJW_Xi+u3060.png,FZQianWTJW_Xi,u3060,だ,kana,extra32
FZQianWTJW_Xi+u3061.png,FZQianWTJW_Xi,u3061,ち,kana,extra32
FZQianWTJW_Xi+u3062.png,FZQianWTJW_Xi,u3062,ぢ,kana,extra32
FZQianWTJW_Xi+u3063.png,FZQianWTJW_Xi,u3063,っ,kana,extra32
FZQianWTJW_Xi+u3064.png,FZQianWTJW_Xi,u3064,つ,kana,extra32
FZQianWTJW_Xi+u3065.png,FZQianWTJW_Xi,u3065,づ,kana,extra32
FZQianWTJW_Xi+u3066.png,FZQianWTJW_Xi,u3066,て,kana,extra32
FZQianWTJW_Xi+u3067.png,FZQianWTJW_Xi,u3067,で,kana,extra32
FZQianWTJW_Xi+u3068.png,FZQianWTJW_Xi,u3068,と,kana,extra32
FZQianWTJW_Xi+u3069.png,FZQianWTJW_Xi,u3069,ど,kana,extra32
FZQianWTJW_Xi+u306A.png,FZQianWTJW_Xi,u306A,な,kana,extra32
FZQianWTJW_Xi+u306B.png,FZQianWTJW_Xi,u306B,に,kana,extra32
FZQianWTJW_Xi+u306C.png,FZQianWTJW_Xi,u306C,ぬ,kana,extra32
FZQianWTJW_Xi+u306D.png,FZQianWTJW_Xi,u306D,ね,kana,extra32
FZQianWTJW_Xi+u306E.png,FZQianWTJW_Xi,u306E,の,kana,extra32
FZQianWTJW_Xi+u306F.png,FZQianWTJW_Xi,u306F,は,kana,extra32
FZQianWTJW_Xi+u3070.png,FZQianWTJW_Xi,u3070,ば,kana,extra32
FZQianWTJW_Xi+u3071.png,FZQianWTJW_Xi,u3071,ぱ,kana,extra32
FZQianWTJW_Xi+u3072.png,FZQianWTJW_Xi,u3072,ひ,kana,extra32
FZQianWTJW_Xi+u3073.png,FZQianWTJW_Xi,u3073,び,kana,extra32
FZQianWTJW_Xi+u3074.png,FZQianWTJW_Xi,u3074,ぴ,kana,extra32
FZQianWTJW_Xi+u3075.png,FZQianWTJW_Xi,u3075,ふ,kana,extra32
FZQianWTJW_Xi+u3076.png,FZQianWTJW_Xi,u3076,ぶ,kana,extra32
FZQianWTJW_Xi+u3077.png,FZQianWTJW_Xi,u3077,ぷ,kana,extra32
FZQianWTJW_Xi+u3078.png,FZQianWTJW_Xi,u3078,へ,kana,extra32
FZQianWTJW_Xi+u3079.png,FZQianWTJW_Xi,u3079,べ,kana,extra32
FZQianWTJW_Xi+u307A.png,FZQianWTJW_Xi,u307A,ぺ,kana,extra32
FZQianWTJW_Xi+u307B.png,FZQianWTJW_Xi,u307B,ほ,kana,extra32
FZQianWTJW_Xi+u307C.png,FZQianWTJW_Xi,u307C,ぼ,kana,extra32
FZQianWTJW_Xi+u307D.png,FZQianWTJW_Xi,u307D,ぽ,kana,extra32
FZQianWTJW_Xi+u307E.png,FZQianWTJW_Xi,u307E,ま,kana,extra32
FZQianWTJW_Xi+u307F.png,FZQianWTJW_Xi,u307F,み,kana,extra32
FZQianWTJW_Xi+u3080.png,FZQianWTJW_Xi,u3080,む,kana,extra32
FZQianWTJW_Xi+u3081.png,FZQianWTJW_Xi,u3081,め,kana,extra32
FZQianWTJW_Xi+u3082.png,FZQianWTJW_Xi,u3082,も,kana,extra32
FZQianWTJW_Xi+u3083.png,FZQianWTJW_Xi,u3083,ゃ,kana,extra32
FZQianWTJW_Xi+u3084.png,FZQianWTJW_Xi,u3084,や,kana,extra32
FZQianWTJW_Xi+u3085.png,FZQianWTJW_Xi,u3085,ゅ,kana,extra32
FZQianWTJW_Xi+u3086.png,FZQianWTJW_Xi,u3086,ゆ,kana,extra32
FZQianWTJW_Xi+u3087.png,FZQianWTJW_Xi,u3087,ょ,kana,extra32
FZQianWTJW_Xi+u3088.png,FZQianWTJW_Xi,u3088,よ,kana,extra32
FZQianWTJW_Xi+u3089.png,FZQianWTJW_Xi,u3089,ら,kana,extra32
FZQianWTJW_Xi+u308A.png,FZQianWTJW_Xi,u308A,り,kana,extra32
FZQianWTJW_Xi+u308B.png,FZQianWTJW_Xi,u308B,る,kana,extra32
FZQianWTJW_Xi+u308C.png,FZQianWTJW_Xi,u308C,れ,kana,extra32
FZQianWTJW_Xi+u308D.png,FZQianWTJW_Xi,u308D,ろ,kana,extra32
FZQianWTJW_Xi+u308E.png,FZQianWTJW_Xi,u308E,ゎ,kana,extra32
FZQianWTJW_Xi+u308F.png,FZQianWTJW_Xi,u308F,わ,kana,extra32
FZQianWTJW_Xi+u3090.png,FZQianWTJW_Xi,u3090,ゐ,kana,extra32
FZQianWTJW_Xi+u3091.png,FZQianWTJW_Xi,u3091,ゑ,kana,extra32
FZQianWTJW_Xi+u3092.png,FZQianWTJW_Xi,u3092,を,kana,extra32
FZQianWTJW_Xi+u3093.png,FZQianWTJW_Xi,u3093,ん,kana,extra32
FZQianWTJW_Xi+u30A1.png,FZQianWTJW_Xi,u30A1,ァ,kana,extra32
FZQianWTJW_Xi+u30A2.png,FZQianWTJW_Xi,u30A2,ア,kana,extra32
FZQianWTJW_Xi+u30A3.png,FZQianWTJW_Xi,u30A3,ィ,kana,extra32
FZQianWTJW_Xi+u30A4.png,FZQianWTJW_Xi,u30A4,イ,kana,extra32
FZQianWTJW_Xi+u30A5.png,FZQianWTJW_Xi,u30A5,ゥ,kana,extra32
FZQianWTJW_Xi+u30A6.png,FZQianWTJW_Xi,u30A6,ウ,kana,extra32
FZQianWTJW_Xi+u30A7.png,FZQianWTJW_Xi,u30A7,ェ,kana,extra32
FZQianWTJW_Xi+u30A8.png,FZQianWTJW_Xi,u30A8,エ,kana,extra32
FZQianWTJW_Xi+u30A9.png,FZQianWTJW_Xi,u30A9,ォ,kana,extra32
FZQianWTJW_Xi+u30AA.png,FZQianWTJW_Xi,u30AA,オ,kana,extra32
FZQianWTJW_Xi+u30AB.png,FZQianWTJW_Xi,u30AB,カ,kana,extra32
FZQianWTJW_Xi+u30AC.png,FZQianWTJW_Xi,u30AC,ガ,kana,extra32
FZQianWTJW_Xi+u30AD.png,FZQianWTJW_Xi,u30AD,キ,kana,extra32
FZQianWTJW_Xi+u30AE.png,FZQianWTJW_Xi,u30AE,ギ,kana,extra32
FZQianWTJW_Xi+u30AF.png,FZQianWTJW_Xi,u30AF,ク,kana,extra32
FZQianWTJW_Xi+u30B0.png,FZQianWTJW_Xi,u30B0,グ,kana,extra32
FZQianWTJW_Xi+u30B1.png,FZQianWTJW_Xi,u30B1,ケ,kana,extra32
FZQianWTJW_Xi+u30B2.png,FZQianWTJW_Xi,u30B2,ゲ,kana,extra32
FZQianWTJW_Xi+u30B3.png,FZQianWTJW_Xi,u30B3,コ,kana,extra32
FZQianWTJW_Xi+u30B4.png,FZQianWTJW_Xi,u30B4,ゴ,kana,extra32
FZQianWTJW_Xi+u30B5.png,FZQianWTJW_Xi,u30B5,サ,kana,extra32
FZQianWTJW_Xi+u30B6.png,FZQianWTJW_Xi,u30B6,ザ,kana,extra32
FZQianWTJW_Xi+u30B7.png,FZQianWTJW_Xi,u30B7,シ,kana,extra32
FZQianWTJW_Xi+u30B8.png,FZQianWTJW_Xi,u30B8,ジ,kana,extra32
FZQianWTJW_Xi+u30B9.png,FZQianWTJW_Xi,u30B9,ス,kana,extra32
FZQianWTJW_Xi+u30BA.png,FZQianWTJW_Xi,u30BA,ズ,kana,extra32
FZQianWTJW_Xi+u30BB.png,FZQianWTJW_Xi,u30BB,セ,kana,extra32
FZQianWTJW_Xi+u30BC.png,FZQianWTJW_Xi,u30BC,ゼ,kana,extra32
FZQianWTJW_Xi+u30BD.png,FZQianWTJW_Xi,u30BD,ソ,kana,extra32
FZQianWTJW_Xi+u30BE.png,FZQianWTJW_Xi,u30BE,ゾ,kana,extra32
FZQianWTJW_Xi+u30BF.png,FZQianWTJW_Xi,u30BF,タ,kana,extra32
FZQianWTJW_Xi+u30C0.png,FZQianWTJW_Xi,u30C0,ダ,kana,extra32
FZQianWTJW_Xi+u30C1.png,FZQianWTJW_Xi,u30C1,チ,kana,extra32
FZQianWTJW_Xi+u30C2.png,FZQianWTJW_Xi,u30C2,ヂ,kana,extra32
FZQianWTJW_Xi+u30C3.png,FZQianWTJW_Xi,u30C3,ッ,kana,extra32
FZQianWTJW_Xi+u30C4.png,FZQianWTJW_Xi,u30C4,ツ,kana,extra32
FZQianWTJW_Xi+u30C5.png,FZQianWTJW_Xi,u30C5,ヅ,kana,extra32
FZQianWTJW_Xi+u30C6.png,FZQianWTJW_Xi,u30C6,テ,kana,extra32
FZQianWTJW_Xi+u30C7.png,FZQianWTJW_Xi,u30C7,デ,kana,extra32
FZQianWTJW_Xi+u30C8.png,FZQianWTJW_Xi,u30C8,ト,kana,extra32
FZQianWTJW_Xi+u30C9.png,FZQianWTJW_Xi,u30C9,ド,kana,extra32
FZQianWTJW_Xi+u30CA.png,FZQianWTJW_Xi,u30CA,ナ,kana,extra32
FZQianWTJW_Xi+u30CB.png,FZQianWTJW_Xi,u30CB,ニ,kana,extra32
FZQianWTJW_Xi+u30CC.png,FZQianWTJW_Xi,u30CC,ヌ,kana,extra32
FZQianWTJW_Xi+u30CD.png,FZQianWTJW_Xi,u30CD,ネ,kana,extra32
FZQianWTJW_Xi+u30CE.png,FZQianWTJW_Xi,u30CE,ノ,kana,extra32
FZQianWTJW_Xi+u30CF.png,FZQianWTJW_Xi,u30CF,ハ,kana,extra32
FZQianWTJW_Xi+u30D0.png,FZQianWTJW_Xi,u30D0,バ,kana,extra32
FZQianWTJW_Xi+u30D1.png,FZQianWTJW_Xi,u30D1,パ,kana,extra32
FZQianWTJW_Xi+u30D2.png,FZQianWTJW_Xi,u30D2,ヒ,kana,extra32
FZQianWTJW_Xi+u30D3.png,FZQianWTJW_Xi,u30D3,ビ,kana,extra32
FZQianWTJW_Xi+u30D4.png,FZQianWTJW_Xi,u30D4,ピ,kana,extra32
FZQianWTJW_Xi+u30D5.png,FZQianWTJW_Xi,u30D5,フ,kana,extra32
FZQianWTJW_Xi+u30D6.png,FZQianWTJW_Xi,u30D6,ブ,kana,extra32
FZQianWTJW_Xi+u30D7.png,FZQianWTJW_Xi,u30D7,プ,kana,extra32
FZQianWTJW_Xi+u30D8.png,FZQianWTJW_Xi,u30D8,ヘ,kana,extra32
FZQianWTJW_Xi+u30D9.png,FZQianWTJW_Xi,u30D9,ベ,kana,extra32
FZQianWTJW_Xi+u30DA.png,FZQianWTJW_Xi,u30DA,ペ,kana,extra32
FZQianWTJW_Xi+u30DB.png,FZQianWTJW_Xi,u30DB,ホ,kana,extra32
FZQianWTJW_Xi+u30DC.png,FZQianWTJW_Xi,u30DC,ボ,kana,extra32
FZQianWTJW_Xi+u30DD.png,FZQianWTJW_Xi,u30DD,ポ,kana,extra32
FZQianWTJW_Xi+u30DE.png,FZQianWTJW_Xi,u30DE,マ,kana,extra32
FZQianWTJW_Xi+u30DF.png,FZQianWTJW_Xi,u30DF,ミ,kana,extra32
FZQianWTJW_Xi+u30E0.png,FZQianWTJW_Xi,u30E0,ム,kana,extra32
FZQianWTJW_Xi+u30E1.png,FZQianWTJW_Xi,u30E1,メ,kana,extra32
FZQianWTJW_Xi+u30E2.png,FZQianWTJW_Xi,u30E2,モ,kana,extra32
FZQianWTJW_Xi+u30E3.png,FZQianWTJW_Xi,u30E3,ャ,kana,extra32
FZQianWTJW_Xi+u30E4.png,FZQianWTJW_Xi,u30E4,ヤ,kana,extra32
FZQianWTJW_Xi+u30E5.png,FZQianWTJW_Xi,u30E5,ュ,kana,extra32
FZQianWTJW_Xi+u30E6.png,FZQianWTJW_Xi,u30E6,ユ,kana,extra32
FZQianWTJW_Xi+u30E7.png,FZQianWTJW_Xi,u30E7,ョ,kana,extra32
FZQianWTJW_Xi+u30E8.png,FZQianWTJW_Xi,u30E8,ヨ,kana,extra32
FZQianWTJW_Xi+u30E9.png,FZQianWTJW_Xi,u30E9,ラ,kana,extra32
FZQianWTJW_Xi+u30EA.png,FZQianWTJW_Xi,u30EA,リ,kana,extra32
FZQianWTJW_Xi+u30EB.png,FZQianWTJW_Xi,u30EB,ル,kana,extra32
FZQianWTJW_Xi+u30EC.png,FZQianWTJW_Xi,u30EC,レ,kana,extra32
FZQianWTJW_Xi+u30ED.png,FZQianWTJW_Xi,u30ED,ロ,kana,extra32
FZQianWTJW_Xi+u30EE.png,FZQianWTJW_Xi,u30EE,ヮ,kana,extra32
FZQianWTJW_Xi+u30EF.png,FZQianWTJW_Xi,u30EF,ワ,kana,extra32
FZQianWTJW_Xi+u30F0.png,FZQianWTJW_Xi,u30F0,ヰ,kana,extra32
FZQianWTJW_Xi+u30F1.png,FZQianWTJW_Xi,u30F1,ヱ,kana,extra32
FZQianWTJW_Xi+u30F2.png,FZQianWTJW_Xi,u30F2,ヲ,kana,extra32
FZQianWTJW_Xi+u30F3.png,FZQianWTJW_Xi,u30F3,ン,kana,extra32
FZQianWTJW_Xi+u30F4.png,FZQianWTJW_Xi,u30F4,ヴ,kana,extra32
FZQianWTJW_Xi+u30F5.png,FZQianWTJW_Xi,u30F5,ヵ,kana,extra32
FZQianWTJW_Xi+u30F6.png,FZQianWTJW_Xi,u30F6,ヶ,kana,extra32
FZRouSJW-EB+u0030.png,FZRouSJW-EB,u0030,0,latin,extra32
FZRouSJW-EB+u0032.png,FZRouSJW-EB,u0032,2,latin,extra32
FZRouSJW-EB+u0033.png,FZRouSJW-EB,u0033,3,latin,extra32
FZRouSJW-EB+u0034.png,FZRouSJW-EB,u0034,4,latin,extra32
FZRouSJW-EB+u0035.png,FZRouSJW-EB,u0035,5,latin,extra32
FZRouSJW-EB+u0036.png,FZRouSJW-EB,u0036,6,latin,extra32
FZRouSJW-EB+u0037.png,FZRouSJW-EB,u0037,7,latin,extra32
FZRouSJW-EB+u0038.png,FZRouSJW-EB,u0038,8,latin,extra32
FZRouSJW-EB+u0039.png,FZRouSJW-EB,u0039,9,latin,extra32
FZRouSJW-EB+u0041.png,FZRouSJW-EB,u0041,A,latin,extra32
FZRouSJW-EB+u0042.png,FZRouSJW-EB,u0042,B,latin,extra32
FZRouSJW-EB+u0043.png,FZRouSJW-EB,u0043,C,latin,extra32
FZRouSJW-EB+u0044.png,FZRouSJW-EB,u0044,D,latin,extra32
FZRouSJW-EB+u0045.png,FZRouSJW-EB,u0045,E,latin,extra32
FZRouSJW-EB+u0046.png,FZRouSJW-EB,u0046,F,latin,extra32
FZRouSJW-EB+u0047.png,FZRouSJW-EB,u0047,G,latin,extra32
FZRouSJW-EB+u0048.png,FZRouSJW-EB,u0048,H,latin,extra32
FZRouSJW-EB+u0049.png,FZRouSJW-EB,u0049,I,latin,extra32
FZRouSJW-EB+u004A.png,FZRouSJW-EB,u004A,J,latin,extra32
FZRouSJW-EB+u004B.png,FZRouSJW-EB,u004B,K,latin,extra32
FZRouSJW-EB+u004C.png,FZRouSJW-EB,u004C,L,latin,extra32
FZRouSJW-EB+u004D.png,FZRouSJW-EB,u004D,M,latin,extra32
FZRouSJW-EB+u004E.png,FZRouSJW-EB,u004E,N,latin,extra32
FZRouSJW-EB+u004F.png,FZRouSJW-EB,u004F,O,latin,extra32
FZRouSJW-EB+u0050.png,FZRouSJW-EB,u0050,P,latin,extra32
FZRouSJW-EB+u0051.png,FZRouSJW-EB,u0051,Q,latin,extra32
FZRouSJW-EB+u0052.png,FZRouSJW-EB,u0052,R,latin,extra32
FZRouSJW-EB+u0053.png,FZRouSJW-EB,u0053,S,latin,extra32
FZRouSJW-EB+u0055.png,FZRouSJW-EB,u0055,U,latin,extra32
FZRouSJW-EB+u0056.png,FZRouSJW-EB,u0056,V,latin,extra32
FZRouSJW-EB+u0057.png,FZRouSJW-EB,u0057,W,latin,extra32
FZRouSJW-EB+u0059.png,FZRouSJW-EB,u0059,Y,latin,extra32
FZRouSJW-EB+u005A.png,FZRouSJW-EB,u005A,Z,latin,extra32
FZRouSJW-EB+u0062.png,FZRouSJW-EB,u0062,b,latin,extra32
FZRouSJW-EB+u0063.png,FZRouSJW-EB,u0063,c,latin,extra32
FZRouSJW-EB+u0065.png,FZRouSJW-EB,u0065,e,latin,extra32
FZRouSJW-EB+u0066.png,FZRouSJW-EB,u0066,f,latin,extra32
FZRouSJW-EB+u0067.png,FZRouSJW-EB,u0067,g,latin,extra32
FZRouSJW-EB+u0068.png,FZRouSJW-EB,u0068,h,latin,extra32
FZRouSJW-EB+u0069.png,FZRouSJW-EB,u0069,i,latin,extra32
FZRouSJW-EB+u006A.png,FZRouSJW-EB,u006A,j,latin,extra32
FZRouSJW-EB+u006C.png,FZRouSJW-EB,u006C,l,latin,extra32
FZRouSJW-EB+u006D.png,FZRouSJW-EB,u006D,m,latin,extra32
FZRouSJW-EB+u006E.png,FZRouSJW-EB,u006E,n,latin,extra32
FZRouSJW-EB+u006F.png,FZRouSJW-EB,u006F,o,latin,extra32
FZRouSJW-EB+u0070.png,FZRouSJW-EB,u0070,p,latin,extra32
FZRouSJW-EB+u0071.png,FZRouSJW-EB,u0071,q,latin,extra32
FZRouSJW-EB+u0072.png,FZRouSJW-EB,u0072,r,latin,extra32
FZRouSJW-EB+u0073.png,FZRouSJW-EB,u0073,s,latin,extra32
FZRouSJW-EB+u0074.png,FZRouSJW-EB,u0074,t,latin,extra32
FZRouSJW-EB+u0076.png,FZRouSJW-EB,u0076,v,latin,extra32
FZRouSJW-EB+u0077.png,FZRouSJW-EB,u0077,w,latin,extra32
FZRouSJW-EB+u0078.png,FZRouSJW-EB,u0078,x,latin,extra32
FZRouSJW-EB+u007A.png,FZRouSJW-EB,u007A,z,latin,extra32
FZRouSJW-EB+u00E1.png,FZRouSJW-EB,u00E1,á,latin,extra32
FZRouSJW-EB+u00E8.png,FZRouSJW-EB,u00E8,è,latin,extra32
FZRouSJW-EB+u00E9.png,FZRouSJW-EB,u00E9,é,latin,extra32
FZRouSJW-EB+u00EA.png,FZRouSJW-EB,u00EA,ê,latin,extra32
FZRouSJW-EB+u00ED.png,FZRouSJW-EB,u00ED,í,latin,extra32
FZRouSJW-EB+u00F2.png,FZRouSJW-EB,u00F2,ò,latin,extra32
FZRouSJW-EB+u00F3.png,FZRouSJW-EB,u00F3,ó,latin,extra32
FZRouSJW-EB+u00F9.png,FZRouSJW-EB,u00F9,ù,latin,extra32
FZRouSJW-EB+u00FA.png,FZRouSJW-EB,u00FA,ú,latin,extra32
FZRouSJW-EB+u00FC.png,FZRouSJW-EB,u00FC,ü,latin,extra32
FZRouSJW-EB+u0101.png,FZRouSJW-EB,u0101,ā,latin,extra32
FZRouSJW-EB+u0113.png,FZRouSJW-EB,u0113,ē,latin,extra32
FZRouSJW-EB+u011B.png,FZRouSJW-EB,u011B,ě,latin,extra32
FZRouSJW-EB+u012B.png,FZRouSJW-EB,u012B,ī,latin,extra32
FZRouSJW-EB+u0144.png,FZRouSJW-EB,u0144,ń,latin,extra32
FZRouSJW-EB+u0148.png,FZRouSJW-EB,u0148,ň,latin,extra32
FZRouSJW-EB+u014D.png,FZRouSJW-EB,u014D,ō,latin,extra32
FZRouSJW-EB+u016B.png,FZRouSJW-EB,u016B,ū,latin,extra32
FZRouSJW-EB+u01CE.png,FZRouSJW-EB,u01CE,ǎ,latin,extra32
FZRouSJW-EB+u01D0.png,FZRouSJW-EB,u01D0,ǐ,latin,extra32
FZRouSJW-EB+u01D2.png,FZRouSJW-EB,u01D2,ǒ,latin,extra32
FZRouSJW-EB+u01D6.png,FZRouSJW-EB,u01D6,ǖ,latin,extra32
FZRouSJW-EB+u01D8.png,FZRouSJW-EB,u01D8,ǘ,latin,extra32
FZRouSJW-EB+u01DA.png,FZRouSJW-EB,u01DA,ǚ,latin,extra32
FZRouSJW-EB+u3041.png,FZRouSJW-EB,u3041,ぁ,kana,extra32
FZRouSJW-EB+u3042.png,FZRouSJW-EB,u3042,あ,kana,extra32
FZRouSJW-EB+u3043.png,FZRouSJW-EB,u3043,ぃ,kana,extra32
FZRouSJW-EB+u3044.png,FZRouSJW-EB,u3044,い,kana,extra32
FZRouSJW-EB+u3045.png,FZRouSJW-EB,u3045,ぅ,kana,extra32
FZRouSJW-EB+u3046.png,FZRouSJW-EB,u3046,う,kana,extra32
FZRouSJW-EB+u3047.png,FZRouSJW-EB,u3047,ぇ,kana,extra32
FZRouSJW-EB+u3048.png,FZRouSJW-EB,u3048,え,kana,extra32
FZRouSJW-EB+u3049.png,FZRouSJW-EB,u3049,ぉ,kana,extra32
FZRouSJW-EB+u304A.png,FZRouSJW-EB,u304A,お,kana,extra32
FZRouSJW-EB+u304B.png,FZRouSJW-EB,u304B,か,kana,extra32
FZRouSJW-EB+u304C.png,FZRouSJW-EB,u304C,が,kana,extra32
FZRouSJW-EB+u304D.png,FZRouSJW-EB,u304D,き,kana,extra32
FZRouSJW-EB+u304E.png,FZRouSJW-EB,u304E,ぎ,kana,extra32
FZRouSJW-EB+u304F.png,FZRouSJW-EB,u304F,く,kana,extra32
FZRouSJW-EB+u3050.png,FZRouSJW-EB,u3050,ぐ,kana,extra32
FZRouSJW-EB+u3051.png,FZRouSJW-EB,u3051,け,kana,extra32
FZRouSJW-EB+u3052.png,FZRouSJW-EB,u3052,げ,kana,extra32
FZRouSJW-EB+u3053.png,FZRouSJW-EB,u3053,こ,kana,extra32
FZRouSJW-EB+u3054.png,FZRouSJW-EB,u3054,ご,kana,extra32
FZRouSJW-EB+u3055.png,FZRouSJW-EB,u3055,さ,kana,extra32
FZRouSJW-EB+u3056.png,FZRouSJW-EB,u3056,ざ,kana,extra32
FZRouSJW-EB+u3057.png,FZRouSJW-EB,u3057,し,kana,extra32
FZRouSJW-EB+u3058.png,FZRouSJW-EB,u3058,じ,kana,extra32
FZRouSJW-EB+u3059.png,FZRouSJW-EB,u3059,す,kana,extra32
FZRouSJW-EB+u305A.png,FZRouSJW-EB,u305A,ず,kana,extra32
FZRouSJW-EB+u305B.png,FZRouSJW-EB,u305B,せ,kana,extra32
FZRouSJW-EB+u305C.png,FZRouSJW-EB,u305C,ぜ,kana,extra32
FZRouSJW-EB+u305D.png,FZRouSJW-EB,u305D,そ,kana,extra32
FZRouSJW-EB+u305E.png,FZRouSJW-EB,u305E,ぞ,kana,extra32
FZRouSJW-EB+u305F.png,FZRouSJW-EB,u305F,た,kana,extra32
FZRouSJW-EB+u3060.png,FZRouSJW-EB,u3060,だ,kana,extra32
FZRouSJW-EB+u3061.png,FZRouSJW-EB,u3061,ち,kana,extra32
FZRouSJW-EB+u3062.png,FZRouSJW-EB,u3062,ぢ,kana,extra32
FZRouSJW-EB+u3063.png,FZRouSJW-EB,u3063,っ,kana,extra32
FZRouSJW-EB+u3064.png,FZRouSJW-EB,u3064,つ,kana,extra32
FZRouSJW-EB+u3065.png,FZRouSJW-EB,u3065,づ,kana,extra32
FZRouSJW-EB+u3066.png,FZRouSJW-EB,u3066,て,kana,extra32
FZRouSJW-EB+u3067.png,FZRouSJW-EB,u3067,で,kana,extra32
FZRouSJW-EB+u3068.png,FZRouSJW-EB,u3068,と,kana,extra32
FZRouSJW-EB+u3069.png,FZRouSJW-EB,u3069,ど,kana,extra32
FZRouSJW-EB+u306A.png,FZRouSJW-EB,u306A,な,kana,extra32
FZRouSJW-EB+u306B.png,FZRouSJW-EB,u306B,に,kana,extra32
FZRouSJW-EB+u306C.png,FZRouSJW-EB,u306C,ぬ,kana,extra32
FZRouSJW-EB+u306D.png,FZRouSJW-EB,u306D,ね,kana,extra32
FZRouSJW-EB+u306E.png,FZRouSJW-EB,u306E,の,kana,extra32
FZRouSJW-EB+u306F.png,FZRouSJW-EB,u306F,は,kana,extra32
FZRouSJW-EB+u3070.png,FZRouSJW-EB,u3070,ば,kana,extra32
FZRouSJW-EB+u3071.png,FZRouSJW-EB,u3071,ぱ,kana,extra32
FZRouSJW-EB+u3072.png,FZRouSJW-EB,u3072,ひ,kana,extra32
FZRouSJW-EB+u3073.png,FZRouSJW-EB,u3073,び,kana,extra32
FZRouSJW-EB+u3074.png,FZRouSJW-EB,u3074,ぴ,kana,extra32
FZRouSJW-EB+u3075.png,FZRouSJW-EB,u3075,ふ,kana,extra32
FZRouSJW-EB+u3076.png,FZRouSJW-EB,u3076,ぶ,kana,extra32
FZRouSJW-EB+u3077.png,FZRouSJW-EB,u3077,ぷ,kana,extra32
FZRouSJW-EB+u3078.png,FZRouSJW-EB,u3078,へ,kana,extra32
FZRouSJW-EB+u3079.png,FZRouSJW-EB,u3079,べ,kana,extra32
FZRouSJW-EB+u307A.png,FZRouSJW-EB,u307A,ぺ,kana,extra32
FZRouSJW-EB+u307B.png,FZRouSJW-EB,u307B,ほ,kana,extra32
FZRouSJW-EB+u307C.png,FZRouSJW-EB,u307C,ぼ,kana,extra32
FZRouSJW-EB+u307D.png,FZRouSJW-EB,u307D,ぽ,kana,extra32
FZRouSJW-EB+u307E.png,FZRouSJW-EB,u307E,ま,kana,extra32
FZRouSJW-EB+u307F.png,FZRouSJW-EB,u307F,み,kana,extra32
FZRouSJW-EB+u3080.png,FZRouSJW-EB,u3080,む,kana,extra32
FZRouSJW-EB+u3081.png,FZRouSJW-EB,u3081,め,kana,extra32
FZRouSJW-EB+u3082.png,FZRouSJW-EB,u3082,も,kana,extra32
FZRouSJW-EB+u3083.png,FZRouSJW-EB,u3083,ゃ,kana,extra32
FZRouSJW-EB+u3084.png,FZRouSJW-EB,u3084,や,kana,extra32
FZRouSJW-EB+u3085.png,FZRouSJW-EB,u3085,ゅ,kana,extra32
FZRouSJW-EB+u3086.png,FZRouSJW-EB,u3086,ゆ,kana,extra32
FZRouSJW-EB+u3087.png,FZRouSJW-EB,u3087,ょ,kana,extra32
FZRouSJW-EB+u3088.png,FZRouSJW-EB,u3088,よ,kana,extra32
FZRouSJW-EB+u3089.png,FZRouSJW-EB,u3089,ら,kana,extra32
FZRouSJW-EB+u308A.png,FZRouSJW-EB,u308A,り,kana,extra32
FZRouSJW-EB+u308B.png,FZRouSJW-EB,u308B,る,kana,extra32
FZRouSJW-EB+u308C.png,FZRouSJW-EB,u308C,れ,kana,extra32
FZRouSJW-EB+u308D.png,FZRouSJW-EB,u308D,ろ,kana,extra32
FZRouSJW-EB+u308E.png,FZRouSJW-EB,u308E,ゎ,kana,extra32
FZRouSJW-EB+u308F.png,FZRouSJW-EB,u308F,わ,kana,extra32
FZRouSJW-EB+u3090.png,FZRouSJW-EB,u3090,ゐ,kana,extra32
FZRouSJW-EB+u3091.png,FZRouSJW-EB,u3091,ゑ,kana,extra32
FZRouSJW-EB+u3092.png,FZRouSJW-EB,u3092,を,kana,extra32
FZRouSJW-EB+u3093.png,FZRouSJW-EB,u3093,ん,kana,extra32
FZSJ-NANMT+u0030.png,FZSJ-NANMT,u0030,0,latin,plus17
FZSJ-NANMT+u0032.png,FZSJ-NANMT,u0032,2,latin,plus17
FZSJ-NANMT+u0033.png,FZSJ-NANMT,u0033,3,latin,plus17
FZSJ-NANMT+u0034.png,FZSJ-NANMT,u0034,4,latin,plus17
FZSJ-NANMT+u0035.png,FZSJ-NANMT,u0035,5,latin,plus17
FZSJ-NANMT+u0036.png,FZSJ-NANMT,u0036,6,latin,plus17
FZSJ-NANMT+u0037.png,FZSJ-NANMT,u0037,7,latin,plus17
FZSJ-NANMT+u0038.png,FZSJ-NANMT,u0038,8,latin,plus17
FZSJ-NANMT+u0039.png,FZSJ-NANMT,u0039,9,latin,plus17
FZSJ-NANMT+u0041.png,FZSJ-NANMT,u0041,A,latin,plus17
FZSJ-NANMT+u0042.png,FZSJ-NANMT,u0042,B,latin,plus17
FZSJ-NANMT+u0043.png,FZSJ-NANMT,u0043,C,latin,plus17
FZSJ-NANMT+u0044.png,FZSJ-NANMT,u0044,D,latin,plus17
FZSJ-NANMT+u0045.png,FZSJ-NANMT,u0045,E,latin,plus17
FZSJ-NANMT+u0046.png,FZSJ-NANMT,u0046,F,latin,plus17
FZSJ-NANMT+u0047.png,FZSJ-NANMT,u0047,G,latin,plus17
FZSJ-NANMT+u0048.png,FZSJ-NANMT,u0048,H,latin,plus17
FZSJ-NANMT+u0049.png,FZSJ-NANMT,u0049,I,latin,plus17
FZSJ-NANMT+u004A.png,FZSJ-NANMT,u004A,J,latin,plus17
FZSJ-NANMT+u004B.png,FZSJ-NANMT,u004B,K,latin,plus17
FZSJ-NANMT+u004C.png,FZSJ-NANMT,u004C,L,latin,plus17
FZSJ-NANMT+u004D.png,FZSJ-NANMT,u004D,M,latin,plus17
FZSJ-NANMT+u004E.png,FZSJ-NANMT,u004E,N,latin,plus17
FZSJ-NANMT+u004F.png,FZSJ-NANMT,u004F,O,latin,plus17
FZSJ-NANMT+u0050.png,FZSJ-NANMT,u0050,P,latin,plus17
FZSJ-NANMT+u0051.png,FZSJ-NANMT,u0051,Q,latin,plus17
FZSJ-NANMT+u0052.png,FZSJ-NANMT,u0052,R,latin,plus17
FZSJ-NANMT+u0053.png,FZSJ-NANMT,u0053,S,latin,plus17
FZSJ-NANMT+u0055.png,FZSJ-NANMT,u0055,U,latin,plus17
FZSJ-NANMT+u0056.png,FZSJ-NANMT,u0056,V,latin,plus17
FZSJ-NANMT+u0057.png,FZSJ-NANMT,u0057,W,latin,plus17
FZSJ-NANMT+u0059.png,FZSJ-NANMT,u0059,Y,latin,plus17
FZSJ-NANMT+u005A.png,FZSJ-NANMT,u005A,Z,latin,plus17
FZSJ-NANMT+u0062.png,FZSJ-NANMT,u0062,b,latin,plus17
FZSJ-NANMT+u0063.png,FZSJ-NANMT,u0063,c,latin,plus17
FZSJ-NANMT+u0065.png,FZSJ-NANMT,u0065,e,latin,plus17
FZSJ-NANMT+u0066.png,FZSJ-NANMT,u0066,f,latin,plus17
FZSJ-NANMT+u0067.png,FZSJ-NANMT,u0067,g,latin,plus17
FZSJ-NANMT+u0068.png,FZSJ-NANMT,u0068,h,latin,plus17
FZSJ-NANMT+u0069.png,FZSJ-NANMT,u0069,i,latin,plus17
FZSJ-NANMT+u006A.png,FZSJ-NANMT,u006A,j,latin,plus17
FZSJ-NANMT+u006C.png,FZSJ-NANMT,u006C,l,latin,plus17
FZSJ-NANMT+u006D.png,FZSJ-NANMT,u006D,m,latin,plus17
FZSJ-NANMT+u006E.png,FZSJ-NANMT,u006E,n,latin,plus17
FZSJ-NANMT+u006F.png,FZSJ-NANMT,u006F,o,latin,plus17
FZSJ-NANMT+u0070.png,FZSJ-NANMT,u0070,p,latin,plus17
FZSJ-NANMT+u0071.png,FZSJ-NANMT,u0071,q,latin,plus17
FZSJ-NANMT+u0072.png,FZSJ-NANMT,u0072,r,latin,plus17
FZSJ-NANMT+u0073.png,FZSJ-NANMT,u0073,s,latin,plus17
FZSJ-NANMT+u0074.png,FZSJ-NANMT,u0074,t,latin,plus17
FZSJ-NANMT+u0076.png,FZSJ-NANMT,u0076,v,latin,plus17
FZSJ-NANMT+u0077.png,FZSJ-NANMT,u0077,w,latin,plus17
FZSJ-NANMT+u0078.png,FZSJ-NANMT,u0078,x,latin,plus17
FZSJ-NANMT+u007A.png,FZSJ-NANMT,u007A,z,latin,plus17
FZShaoLGFTJF+u0030.png,FZShaoLGFTJF,u0030,0,latin,plus17
FZShaoLGFTJF+u0032.png,FZShaoLGFTJF,u0032,2,latin,plus17
FZShaoLGFTJF+u0033.png,FZShaoLGFTJF,u0033,3,latin,plus17
FZShaoLGFTJF+u0034.png,FZShaoLGFTJF,u0034,4,latin,plus17
FZShaoLGFTJF+u0035.png,FZShaoLGFTJF,u0035,5,latin,plus17
FZShaoLGFTJF+u0036.png,FZShaoLGFTJF,u0036,6,latin,plus17
FZShaoLGFTJF+u0037.png,FZShaoLGFTJF,u0037,7,latin,plus17
FZShaoLGFTJF+u0038.png,FZShaoLGFTJF,u0038,8,latin,plus17
FZShaoLGFTJF+u0039.png,FZShaoLGFTJF,u0039,9,latin,plus17
FZShaoLGFTJF+u0041.png,FZShaoLGFTJF,u0041,A,latin,plus17
FZShaoLGFTJF+u0042.png,FZShaoLGFTJF,u0042,B,latin,plus17
FZShaoLGFTJF+u0043.png,FZShaoLGFTJF,u0043,C,latin,plus17
FZShaoLGFTJF+u0044.png,FZShaoLGFTJF,u0044,D,latin,plus17
FZShaoLGFTJF+u0045.png,FZShaoLGFTJF,u0045,E,latin,plus17
FZShaoLGFTJF+u0046.png,FZShaoLGFTJF,u0046,F,latin,plus17
FZShaoLGFTJF+u0047.png,FZShaoLGFTJF,u0047,G,latin,plus17
FZShaoLGFTJF+u0048.png,FZShaoLGFTJF,u0048,H,latin,plus17
FZShaoLGFTJF+u0049.png,FZShaoLGFTJF,u0049,I,latin,plus17
FZShaoLGFTJF+u004A.png,FZShaoLGFTJF,u004A,J,latin,plus17
FZShaoLGFTJF+u004B.png,FZShaoLGFTJF,u004B,K,latin,plus17
FZShaoLGFTJF+u004C.png,FZShaoLGFTJF,u004C,L,latin,plus17
FZShaoLGFTJF+u004D.png,FZShaoLGFTJF,u004D,M,latin,plus17
FZShaoLGFTJF+u004E.png,FZShaoLGFTJF,u004E,N,latin,plus17
FZShaoLGFTJF+u004F.png,FZShaoLGFTJF,u004F,O,latin,plus17
FZShaoLGFTJF+u0050.png,FZShaoLGFTJF,u0050,P,latin,plus17
FZShaoLGFTJF+u0051.png,FZShaoLGFTJF,u0051,Q,latin,plus17
FZShaoLGFTJF+u0052.png,FZShaoLGFTJF,u0052,R,latin,plus17
FZShaoLGFTJF+u0053.png,FZShaoLGFTJF,u0053,S,latin,plus17
FZShaoLGFTJF+u0055.png,FZShaoLGFTJF,u0055,U,latin,plus17
FZShaoLGFTJF+u0056.png,FZShaoLGFTJF,u0056,V,latin,plus17
FZShaoLGFTJF+u0057.png,FZShaoLGFTJF,u0057,W,latin,plus17
FZShaoLGFTJF+u0059.png,FZShaoLGFTJF,u0059,Y,latin,plus17
FZShaoLGFTJF+u005A.png,FZShaoLGFTJF,u005A,Z,latin,plus17
FZShaoLGFTJF+u0062.png,FZShaoLGFTJF,u0062,b,latin,plus17
FZShaoLGFTJF+u0063.png,FZShaoLGFTJF,u0063,c,latin,plus17
FZShaoLGFTJF+u0065.png,FZShaoLGFTJF,u0065,e,latin,plus17
FZShaoLGFTJF+u0066.png,FZShaoLGFTJF,u0066,f,latin,plus17
FZShaoLGFTJF+u0067.png,FZShaoLGFTJF,u0067,g,latin,plus17
FZShaoLGFTJF+u0068.png,FZShaoLGFTJF,u0068,h,latin,plus17
FZShaoLGFTJF+u0069.png,FZShaoLGFTJF,u0069,i,latin,plus17
FZShaoLGFTJF+u006A.png,FZShaoLGFTJF,u006A,j,latin,plus17
FZShaoLGFTJF+u006C.png,FZShaoLGFTJF,u006C,l,latin,plus17
FZShaoLGFTJF+u006D.png,FZShaoLGFTJF,u006D,m,latin,plus17
FZShaoLGFTJF+u006E.png,FZShaoLGFTJF,u006E,n,latin,plus17
FZShaoLGFTJF+u006F.png,FZShaoLGFTJF,u006F,o,latin,plus17
FZShaoLGFTJF+u0070.png,FZShaoLGFTJF,u0070,p,latin,plus17
FZShaoLGFTJF+u0071.png,FZShaoLGFTJF,u0071,q,latin,plus17
FZShaoLGFTJF+u0072.png,FZShaoLGFTJF,u0072,r,latin,plus17
FZShaoLGFTJF+u0073.png,FZShaoLGFTJF,u0073,s,latin,plus17
FZShaoLGFTJF+u0074.png,FZShaoLGFTJF,u0074,t,latin,plus17
FZShaoLGFTJF+u0076.png,FZShaoLGFTJF,u0076,v,latin,plus17
FZShaoLGFTJF+u0077.png,FZShaoLGFTJF,u0077,w,latin,plus17
FZShaoLGFTJF+u0078.png,FZShaoLGFTJF,u0078,x,latin,plus17
FZShaoLGFTJF+u007A.png,FZShaoLGFTJF,u007A,z,latin,plus17
FZShaoLGFTJF+u00E1.png,FZShaoLGFTJF,u00E1,á,latin,plus17
FZShaoLGFTJF+u00E8.png,FZShaoLGFTJF,u00E8,è,latin,plus17
FZShaoLGFTJF+u00E9.png,FZShaoLGFTJF,u00E9,é,latin,plus17
FZShaoLGFTJF+u00EA.png,FZShaoLGFTJF,u00EA,ê,latin,plus17
FZShaoLGFTJF+u00ED.png,FZShaoLGFTJF,u00ED,í,latin,plus17
FZShaoLGFTJF+u00F2.png,FZShaoLGFTJF,u00F2,ò,latin,plus17
FZShaoLGFTJF+u00F3.png,FZShaoLGFTJF,u00F3,ó,latin,plus17
FZShaoLGFTJF+u00F9.png,FZShaoLGFTJF,u00F9,ù,latin,plus17
FZShaoLGFTJF+u00FA.png,FZShaoLGFTJF,u00FA,ú,latin,plus17
FZShaoLGFTJF+u00FC.png,FZShaoLGFTJF,u00FC,ü,latin,plus17
FZShaoLGFTJF+u0101.png,FZShaoLGFTJF,u0101,ā,latin,plus17
FZShaoLGFTJF+u0113.png,FZShaoLGFTJF,u0113,ē,latin,plus17
FZShaoLGFTJF+u011B.png,FZShaoLGFTJF,u011B,ě,latin,plus17
FZShaoLGFTJF+u012B.png,FZShaoLGFTJF,u012B,ī,latin,plus17
FZShaoLGFTJF+u0144.png,FZShaoLGFTJF,u0144,ń,latin,plus17
FZShaoLGFTJF+u0148.png,FZShaoLGFTJF,u0148,ň,latin,plus17
FZShaoLGFTJF+u014D.png,FZShaoLGFTJF,u014D,ō,latin,plus17
FZShaoLGFTJF+u016B.png,FZShaoLGFTJF,u016B,ū,latin,plus17
FZShaoLGFTJF+u01CE.png,FZShaoLGFTJF,u01CE,ǎ,latin,plus17
FZShaoLGFTJF+u01D0.png,FZShaoLGFTJF,u01D0,ǐ,latin,plus17
FZShaoLGFTJF+u01D2.png,FZShaoLGFTJF,u01D2,ǒ,latin,plus17
FZShaoLGFTJF+u01D6.png,FZShaoLGFTJF,u01D6,ǖ,latin,plus17
FZShaoLGFTJF+u01D8.png,FZShaoLGFTJF,u01D8,ǘ,latin,plus17
FZShaoLGFTJF+u01DA.png,FZShaoLGFTJF,u01DA,ǚ,latin,plus17
FZShaoLGFTJF+u3041.png,FZShaoLGFTJF,u3041,ぁ,kana,plus17
FZShaoLGFTJF+u3042.png,FZShaoLGFTJF,u3042,あ,kana,plus17
FZShaoLGFTJF+u3043.png,FZShaoLGFTJF,u3043,ぃ,kana,plus17
FZShaoLGFTJF+u3044.png,FZShaoLGFTJF,u3044,い,kana,plus17
FZShaoLGFTJF+u3045.png,FZShaoLGFTJF,u3045,ぅ,kana,plus17
FZShaoLGFTJF+u3046.png,FZShaoLGFTJF,u3046,う,kana,plus17
FZShaoLGFTJF+u3047.png,FZShaoLGFTJF,u3047,ぇ,kana,plus17
FZShaoLGFTJF+u3048.png,FZShaoLGFTJF,u3048,え,kana,plus17
FZShaoLGFTJF+u3049.png,FZShaoLGFTJF,u3049,ぉ,kana,plus17
FZShaoLGFTJF+u304A.png,FZShaoLGFTJF,u304A,お,kana,plus17
FZShaoLGFTJF+u304B.png,FZShaoLGFTJF,u304B,か,kana,plus17
FZShaoLGFTJF+u304C.png,FZShaoLGFTJF,u304C,が,kana,plus17
FZShaoLGFTJF+u304D.png,FZShaoLGFTJF,u304D,き,kana,plus17
FZShaoLGFTJF+u304E.png,FZShaoLGFTJF,u304E,ぎ,kana,plus17
FZShaoLGFTJF+u304F.png,FZShaoLGFTJF,u304F,く,kana,plus17
FZShaoLGFTJF+u3050.png,FZShaoLGFTJF,u3050,ぐ,kana,plus17
FZShaoLGFTJF+u3051.png,FZShaoLGFTJF,u3051,け,kana,plus17
FZShaoLGFTJF+u3052.png,FZShaoLGFTJF,u3052,げ,kana,plus17
FZShaoLGFTJF+u3053.png,FZShaoLGFTJF,u3053,こ,kana,plus17
FZShaoLGFTJF+u3054.png,FZShaoLGFTJF,u3054,ご,kana,plus17
FZShaoLGFTJF+u3055.png,FZShaoLGFTJF,u3055,さ,kana,plus17
FZShaoLGFTJF+u3056.png,FZShaoLGFTJF,u3056,ざ,kana,plus17
FZShaoLGFTJF+u3057.png,FZShaoLGFTJF,u3057,し,kana,plus17
FZShaoLGFTJF+u3058.png,FZShaoLGFTJF,u3058,じ,kana,plus17
FZShaoLGFTJF+u3059.png,FZShaoLGFTJF,u3059,す,kana,plus17
FZShaoLGFTJF+u305A.png,FZShaoLGFTJF,u305A,ず,kana,plus17
FZShaoLGFTJF+u305B.png,FZShaoLGFTJF,u305B,せ,kana,plus17
FZShaoLGFTJF+u305C.png,FZShaoLGFTJF,u305C,ぜ,kana,plus17
FZShaoLGFTJF+u305D.png,FZShaoLGFTJF,u305D,そ,kana,plus17
FZShaoLGFTJF+u305E.png,FZShaoLGFTJF,u305E,ぞ,kana,plus17
FZShaoLGFTJF+u305F.png,FZShaoLGFTJF,u305F,た,kana,plus17
FZShaoLGFTJF+u3060.png,FZShaoLGFTJF,u3060,だ,kana,plus17
FZShaoLGFTJF+u3061.png,FZShaoLGFTJF,u3061,ち,kana,plus17
FZShaoLGFTJF+u3062.png,FZShaoLGFTJF,u3062,ぢ,kana,plus17
FZShaoLGFTJF+u3063.png,FZShaoLGFTJF,u3063,っ,kana,plus17
FZShaoLGFTJF+u3064.png,FZShaoLGFTJF,u3064,つ,kana,plus17
FZShaoLGFTJF+u3065.png,FZShaoLGFTJF,u3065,づ,kana,plus17
FZShaoLGFTJF+u3066.png,FZShaoLGFTJF,u3066,て,kana,plus17
FZShaoLGFTJF+u3067.png,FZShaoLGFTJF,u3067,で,kana,plus17
FZShaoLGFTJF+u3068.png,FZShaoLGFTJF,u3068,と,kana,plus17
FZShaoLGFTJF+u3069.png,FZShaoLGFTJF,u3069,ど,kana,plus17
FZShaoLGFTJF+u306A.png,FZShaoLGFTJF,u306A,な,kana,plus17
FZShaoLGFTJF+u306B.png,FZShaoLGFTJF,u306B,に,kana,plus17
FZShaoLGFTJF+u306C.png,FZShaoLGFTJF,u306C,ぬ,kana,plus17
FZShaoLGFTJF+u306D.png,FZShaoLGFTJF,u306D,ね,kana,plus17
FZShaoLGFTJF+u306E.png,FZShaoLGFTJF,u306E,の,kana,plus17
FZShaoLGFTJF+u306F.png,FZShaoLGFTJF,u306F,は,kana,plus17
FZShaoLGFTJF+u3070.png,FZShaoLGFTJF,u3070,ば,kana,plus17
FZShaoLGFTJF+u3071.png,FZShaoLGFTJF,u3071,ぱ,kana,plus17
FZShaoLGFTJF+u3072.png,FZShaoLGFTJF,u3072,ひ,kana,plus17
FZShaoLGFTJF+u3073.png,FZShaoLGFTJF,u3073,び,kana,plus17
FZShaoLGFTJF+u3074.png,FZShaoLGFTJF,u3074,ぴ,kana,plus17
FZShaoLGFTJF+u3075.png,FZShaoLGFTJF,u3075,ふ,kana,plus17
FZShaoLGFTJF+u3076.png,FZShaoLGFTJF,u3076,ぶ,kana,plus17
FZShaoLGFTJF+u3077.png,FZShaoLGFTJF,u3077,ぷ,kana,plus17
FZShaoLGFTJF+u3078.png,FZShaoLGFTJF,u3078,へ,kana,plus17
FZShaoLGFTJF+u3079.png,FZShaoLGFTJF,u3079,べ,kana,plus17
FZShaoLGFTJF+u307A.png,FZShaoLGFTJF,u307A,ぺ,kana,plus17
FZShaoLGFTJF+u307B.png,FZShaoLGFTJF,u307B,ほ,kana,plus17
FZShaoLGFTJF+u307C.png,FZShaoLGFTJF,u307C,ぼ,kana,plus17
FZShaoLGFTJF+u307D.png,FZShaoLGFTJF,u307D,ぽ,kana,plus17
FZShaoLGFTJF+u307E.png,FZShaoLGFTJF,u307E,ま,kana,plus17
FZShaoLGFTJF+u307F.png,FZShaoLGFTJF,u307F,み,kana,plus17
FZShaoLGFTJF+u3080.png,FZShaoLGFTJF,u3080,む,kana,plus17
FZShaoLGFTJF+u3081.png,FZShaoLGFTJF,u3081,め,kana,plus17
FZShaoLGFTJF+u3082.png,FZShaoLGFTJF,u3082,も,kana,plus17
FZShaoLGFTJF+u3083.png,FZShaoLGFTJF,u3083,ゃ,kana,plus17
FZShaoLGFTJF+u3084.png,FZShaoLGFTJF,u3084,や,kana,plus17
FZShaoLGFTJF+u3085.png,FZShaoLGFTJF,u3085,ゅ,kana,plus17
FZShaoLGFTJF+u3086.png,FZShaoLGFTJF,u3086,ゆ,kana,plus17
FZShaoLGFTJF+u3087.png,FZShaoLGFTJF,u3087,ょ,kana,plus17
FZShaoLGFTJF+u3088.png,FZShaoLGFTJF,u3088,よ,kana,plus17
FZShaoLGFTJF+u3089.png,FZShaoLGFTJF,u3089,ら,kana,plus17
FZShaoLGFTJF+u308A.png,FZShaoLGFTJF,u308A,り,kana,plus17
FZShaoLGFTJF+u308B.png,FZShaoLGFTJF,u308B,る,kana,plus17
FZShaoLGFTJF+u308C.png,FZShaoLGFTJF,u308C,れ,kana,plus17
FZShaoLGFTJF+u308D.png,FZShaoLGFTJF,u308D,ろ,kana,plus17
FZShaoLGFTJF+u308E.png,FZShaoLGFTJF,u308E,ゎ,kana,plus17
FZShaoLGFTJF+u308F.png,FZShaoLGFTJF,u308F,わ,kana,plus17
FZShaoLGFTJF+u3090.png,FZShaoLGFTJF,u3090,ゐ,kana,plus17
FZShaoLGFTJF+u3091.png,FZShaoLGFTJF,u3091,ゑ,kana,plus17
FZShaoLGFTJF+u3092.png,FZShaoLGFTJF,u3092,を,kana,plus17
FZShaoLGFTJF+u3093.png,FZShaoLGFTJF,u3093,ん,kana,plus17
FZShaoLGFTJF+u30A1.png,FZShaoLGFTJF,u30A1,ァ,kana,plus17
FZShaoLGFTJF+u30A2.png,FZShaoLGFTJF,u30A2,ア,kana,plus17
FZShaoLGFTJF+u30A3.png,FZShaoLGFTJF,u30A3,ィ,kana,plus17
FZShaoLGFTJF+u30A4.png,FZShaoLGFTJF,u30A4,イ,kana,plus17
FZShaoLGFTJF+u30A5.png,FZShaoLGFTJF,u30A5,ゥ,kana,plus17
FZShaoLGFTJF+u30A6.png,FZShaoLGFTJF,u30A6,ウ,kana,plus17
FZShaoLGFTJF+u30A7.png,FZShaoLGFTJF,u30A7,ェ,kana,plus17
FZShaoLGFTJF+u30A8.png,FZShaoLGFTJF,u30A8,エ,kana,plus17
FZShaoLGFTJF+u30A9.png,FZShaoLGFTJF,u30A9,ォ,kana,plus17
FZShaoLGFTJF+u30AA.png,FZShaoLGFTJF,u30AA,オ,kana,plus17
FZShaoLGFTJF+u30AB.png,FZShaoLGFTJF,u30AB,カ,kana,plus17
FZShaoLGFTJF+u30AC.png,FZShaoLGFTJF,u30AC,ガ,kana,plus17
FZShaoLGFTJF+u30AD.png,FZShaoLGFTJF,u30AD,キ,kana,plus17
FZShaoLGFTJF+u30AE.png,FZShaoLGFTJF,u30AE,ギ,kana,plus17
FZShaoLGFTJF+u30AF.png,FZShaoLGFTJF,u30AF,ク,kana,plus17
FZShaoLGFTJF+u30B0.png,FZShaoLGFTJF,u30B0,グ,kana,plus17
FZShaoLGFTJF+u30B1.png,FZShaoLGFTJF,u30B1,ケ,kana,plus17
FZShaoLGFTJF+u30B2.png,FZShaoLGFTJF,u30B2,ゲ,kana,plus17
FZShaoLGFTJF+u30B3.png,FZShaoLGFTJF,u30B3,コ,kana,plus17
FZShaoLGFTJF+u30B4.png,FZShaoLGFTJF,u30B4,ゴ,kana,plus17
FZShaoLGFTJF+u30B5.png,FZShaoLGFTJF,u30B5,サ,kana,plus17
FZShaoLGFTJF+u30B6.png,FZShaoLGFTJF,u30B6,ザ,kana,plus17
FZShaoLGFTJF+u30B7.png,FZShaoLGFTJF,u30B7,シ,kana,plus17
FZShaoLGFTJF+u30B8.png,FZShaoLGFTJF,u30B8,ジ,kana,plus17
FZShaoLGFTJF+u30B9.png,FZShaoLGFTJF,u30B9,ス,kana,plus17
FZShaoLGFTJF+u30BA.png,FZShaoLGFTJF,u30BA,ズ,kana,plus17
FZShaoLGFTJF+u30BB.png,FZShaoLGFTJF,u30BB,セ,kana,plus17
FZShaoLGFTJF+u30BC.png,FZShaoLGFTJF,u30BC,ゼ,kana,plus17
FZShaoLGFTJF+u30BD.png,FZShaoLGFTJF,u30BD,ソ,kana,plus17
FZShaoLGFTJF+u30BE.png,FZShaoLGFTJF,u30BE,ゾ,kana,plus17
FZShaoLGFTJF+u30BF.png,FZShaoLGFTJF,u30BF,タ,kana,plus17
FZShaoLGFTJF+u30C0.png,FZShaoLGFTJF,u30C0,ダ,kana,plus17
FZShaoLGFTJF+u30C1.png,FZShaoLGFTJF,u30C1,チ,kana,plus17
FZShaoLGFTJF+u30C2.png,FZShaoLGFTJF,u30C2,ヂ,kana,plus17
FZShaoLGFTJF+u30C3.png,FZShaoLGFTJF,u30C3,ッ,kana,plus17
FZShaoLGFTJF+u30C4.png,FZShaoLGFTJF,u30C4,ツ,kana,plus17
FZShaoLGFTJF+u30C5.png,FZShaoLGFTJF,u30C5,ヅ,kana,plus17
FZShaoLGFTJF+u30C6.png,FZShaoLGFTJF,u30C6,テ,kana,plus17
FZShaoLGFTJF+u30C7.png,FZShaoLGFTJF,u30C7,デ,kana,plus17
FZShaoLGFTJF+u30C8.png,FZShaoLGFTJF,u30C8,ト,kana,plus17
FZShaoLGFTJF+u30C9.png,FZShaoLGFTJF,u30C9,ド,kana,plus17
FZShaoLGFTJF+u30CA.png,FZShaoLGFTJF,u30CA,ナ,kana,plus17
FZShaoLGFTJF+u30CB.png,FZShaoLGFTJF,u30CB,ニ,kana,plus17
FZShaoLGFTJF+u30CC.png,FZShaoLGFTJF,u30CC,ヌ,kana,plus17
FZShaoLGFTJF+u30CD.png,FZShaoLGFTJF,u30CD,ネ,kana,plus17
FZShaoLGFTJF+u30CE.png,FZShaoLGFTJF,u30CE,ノ,kana,plus17
FZShaoLGFTJF+u30CF.png,FZShaoLGFTJF,u30CF,ハ,kana,plus17
FZShaoLGFTJF+u30D0.png,FZShaoLGFTJF,u30D0,バ,kana,plus17
FZShaoLGFTJF+u30D1.png,FZShaoLGFTJF,u30D1,パ,kana,plus17
FZShaoLGFTJF+u30D2.png,FZShaoLGFTJF,u30D2,ヒ,kana,plus17
FZShaoLGFTJF+u30D3.png,FZShaoLGFTJF,u30D3,ビ,kana,plus17
FZShaoLGFTJF+u30D4.png,FZShaoLGFTJF,u30D4,ピ,kana,plus17
FZShaoLGFTJF+u30D5.png,FZShaoLGFTJF,u30D5,フ,kana,plus17
FZShaoLGFTJF+u30D6.png,FZShaoLGFTJF,u30D6,ブ,kana,plus17
FZShaoLGFTJF+u30D7.png,FZShaoLGFTJF,u30D7,プ,kana,plus17
FZShaoLGFTJF+u30D8.png,FZShaoLGFTJF,u30D8,ヘ,kana,plus17
FZShaoLGFTJF+u30D9.png,FZShaoLGFTJF,u30D9,ベ,kana,plus17
FZShaoLGFTJF+u30DA.png,FZShaoLGFTJF,u30DA,ペ,kana,plus17
FZShaoLGFTJF+u30DB.png,FZShaoLGFTJF,u30DB,ホ,kana,plus17
FZShaoLGFTJF+u30DC.png,FZShaoLGFTJF,u30DC,ボ,kana,plus17
FZShaoLGFTJF+u30DD.png,FZShaoLGFTJF,u30DD,ポ,kana,plus17
FZShaoLGFTJF+u30DE.png,FZShaoLGFTJF,u30DE,マ,kana,plus17
FZShaoLGFTJF+u30DF.png,FZShaoLGFTJF,u30DF,ミ,kana,plus17
FZShaoLGFTJF+u30E0.png,FZShaoLGFTJF,u30E0,ム,kana,plus17
FZShaoLGFTJF+u30E1.png,FZShaoLGFTJF,u30E1,メ,kana,plus17
FZShaoLGFTJF+u30E2.png,FZShaoLGFTJF,u30E2,モ,kana,plus17
FZShaoLGFTJF+u30E3.png,FZShaoLGFTJF,u30E3,ャ,kana,plus17
FZShaoLGFTJF+u30E4.png,FZShaoLGFTJF,u30E4,ヤ,kana,plus17
FZShaoLGFTJF+u30E5.png,FZShaoLGFTJF,u30E5,ュ,kana,plus17
FZShaoLGFTJF+u30E6.png,FZShaoLGFTJF,u30E6,ユ,kana,plus17
FZShaoLGFTJF+u30E7.png,FZShaoLGFTJF,u30E7,ョ,kana,plus17
FZShaoLGFTJF+u30E8.png,FZShaoLGFTJF,u30E8,ヨ,kana,plus17
FZShaoLGFTJF+u30E9.png,FZShaoLGFTJF,u30E9,ラ,kana,plus17
FZShaoLGFTJF+u30EA.png,FZShaoLGFTJF,u30EA,リ,kana,plus17
FZShaoLGFTJF+u30EB.png,FZShaoLGFTJF,u30EB,ル,kana,plus17
FZShaoLGFTJF+u30EC.png,FZShaoLGFTJF,u30EC,レ,kana,plus17
FZShaoLGFTJF+u30ED.png,FZShaoLGFTJF,u30ED,ロ,kana,plus17
FZShaoLGFTJF+u30EE.png,FZShaoLGFTJF,u30EE,ヮ,kana,plus17
FZShaoLGFTJF+u30EF.png,FZShaoLGFTJF,u30EF,ワ,kana,plus17
FZShaoLGFTJF+u30F0.png,FZShaoLGFTJF,u30F0,ヰ,kana,plus17
FZShaoLGFTJF+u30F1.png,FZShaoLGFTJF,u30F1,ヱ,kana,plus17
FZShaoLGFTJF+u30F2.png,FZShaoLGFTJF,u30F2,ヲ,kana,plus17
FZShaoLGFTJF+u30F3.png,FZShaoLGFTJF,u30F3,ン,kana,plus17
FZShaoLGFTJF+u30F4.png,FZShaoLGFTJF,u30F4,ヴ,kana,plus17
FZShaoLGFTJF+u30F5.png,FZShaoLGFTJF,u30F5,ヵ,kana,plus17
FZShaoLGFTJF+u30F6.png,FZShaoLGFTJF,u30F6,ヶ,kana,plus17
FZShaoLGFTJF+u3105.png,FZShaoLGFTJF,u3105,ㄅ,bopomofo,plus17
FZShaoLGFTJF+u3106.png,FZShaoLGFTJF,u3106,ㄆ,bopomofo,plus17
FZShaoLGFTJF+u3107.png,FZShaoLGFTJF,u3107,ㄇ,bopomofo,plus17
FZShaoLGFTJF+u3108.png,FZShaoLGFTJF,u3108,ㄈ,bopomofo,plus17
FZShaoLGFTJF+u3109.png,FZShaoLGFTJF,u3109,ㄉ,bopomofo,plus17
FZShaoLGFTJF+u310A.png,FZShaoLGFTJF,u310A,ㄊ,bopomofo,plus17
FZShaoLGFTJF+u310B.png,FZShaoLGFTJF,u310B,ㄋ,bopomofo,plus17
FZShaoLGFTJF+u310C.png,FZShaoLGFTJF,u310C,ㄌ,bopomofo,plus17
FZShaoLGFTJF+u310D.png,FZShaoLGFTJF,u310D,ㄍ,bopomofo,plus17
FZShaoLGFTJF+u310E.png,FZShaoLGFTJF,u310E,ㄎ,bopomofo,plus17
FZShaoLGFTJF+u310F.png,FZShaoLGFTJF,u310F,ㄏ,bopomofo,plus17
FZShaoLGFTJF+u3110.png,FZShaoLGFTJF,u3110,ㄐ,bopomofo,plus17
FZShaoLGFTJF+u3111.png,FZShaoLGFTJF,u3111,ㄑ,bopomofo,plus17
FZShaoLGFTJF+u3112.png,FZShaoLGFTJF,u3112,ㄒ,bopomofo,plus17
FZShaoLGFTJF+u3113.png,FZShaoLGFTJF,u3113,ㄓ,bopomofo,plus17
FZShaoLGFTJF+u3114.png,FZShaoLGFTJF,u3114,ㄔ,bopomofo,plus17
FZShaoLGFTJF+u3115.png,FZShaoLGFTJF,u3115,ㄕ,bopomofo,plus17
FZShaoLGFTJF+u3116.png,FZShaoLGFTJF,u3116,ㄖ,bopomofo,plus17
FZShaoLGFTJF+u3117.png,FZShaoLGFTJF,u3117,ㄗ,bopomofo,plus17
FZShaoLGFTJF+u3118.png,FZShaoLGFTJF,u3118,ㄘ,bopomofo,plus17
FZShaoLGFTJF+u3119.png,FZShaoLGFTJF,u3119,ㄙ,bopomofo,plus17
FZShaoLGFTJF+u311A.png,FZShaoLGFTJF,u311A,ㄚ,bopomofo,plus17
FZShaoLGFTJF+u311B.png,FZShaoLGFTJF,u311B,ㄛ,bopomofo,plus17
FZShaoLGFTJF+u311C.png,FZShaoLGFTJF,u311C,ㄜ,bopomofo,plus17
FZShaoLGFTJF+u311D.png,FZShaoLGFTJF,u311D,ㄝ,bopomofo,plus17
FZShaoLGFTJF+u311E.png,FZShaoLGFTJF,u311E,ㄞ,bopomofo,plus17
FZShaoLGFTJF+u311F.png,FZShaoLGFTJF,u311F,ㄟ,bopomofo,plus17
FZShaoLGFTJF+u3120.png,FZShaoLGFTJF,u3120,ㄠ,bopomofo,plus17
FZShaoLGFTJF+u3121.png,FZShaoLGFTJF,u3121,ㄡ,bopomofo,plus17
FZShaoLGFTJF+u3122.png,FZShaoLGFTJF,u3122,ㄢ,bopomofo,plus17
FZShaoLGFTJF+u3123.png,FZShaoLGFTJF,u3123,ㄣ,bopomofo,plus17
FZShaoLGFTJF+u3124.png,FZShaoLGFTJF,u3124,ㄤ,bopomofo,plus17
FZShaoLGFTJF+u3125.png,FZShaoLGFTJF,u3125,ㄥ,bopomofo,plus17
FZShaoLGFTJF+u3126.png,FZShaoLGFTJF,u3126,ㄦ,bopomofo,plus17
FZShaoLGFTJF+u3127.png,FZShaoLGFTJF,u3127,ㄧ,bopomofo,plus17
FZShaoLGFTJF+u3128.png,FZShaoLGFTJF,u3128,ㄨ,bopomofo,plus17
FZShaoLGFTJF+u3129.png,FZShaoLGFTJF,u3129,ㄩ,bopomofo,plus17
FZShouHJW_Zhun+u0030.png,FZShouHJW_Zhun,u0030,0,latin,extra32
FZShouHJW_Zhun+u0032.png,FZShouHJW_Zhun,u0032,2,latin,extra32
FZShouHJW_Zhun+u0033.png,FZShouHJW_Zhun,u0033,3,latin,extra32
FZShouHJW_Zhun+u0034.png,FZShouHJW_Zhun,u0034,4,latin,extra32
FZShouHJW_Zhun+u0035.png,FZShouHJW_Zhun,u0035,5,latin,extra32
FZShouHJW_Zhun+u0036.png,FZShouHJW_Zhun,u0036,6,latin,extra32
FZShouHJW_Zhun+u0037.png,FZShouHJW_Zhun,u0037,7,latin,extra32
FZShouHJW_Zhun+u0038.png,FZShouHJW_Zhun,u0038,8,latin,extra32
FZShouHJW_Zhun+u0039.png,FZShouHJW_Zhun,u0039,9,latin,extra32
FZShouHJW_Zhun+u0041.png,FZShouHJW_Zhun,u0041,A,latin,extra32
FZShouHJW_Zhun+u0042.png,FZShouHJW_Zhun,u0042,B,latin,extra32
FZShouHJW_Zhun+u0043.png,FZShouHJW_Zhun,u0043,C,latin,extra32
FZShouHJW_Zhun+u0044.png,FZShouHJW_Zhun,u0044,D,latin,extra32
FZShouHJW_Zhun+u0045.png,FZShouHJW_Zhun,u0045,E,latin,extra32
FZShouHJW_Zhun+u0046.png,FZShouHJW_Zhun,u0046,F,latin,extra32
FZShouHJW_Zhun+u0047.png,FZShouHJW_Zhun,u0047,G,latin,extra32
FZShouHJW_Zhun+u0048.png,FZShouHJW_Zhun,u0048,H,latin,extra32
FZShouHJW_Zhun+u0049.png,FZShouHJW_Zhun,u0049,I,latin,extra32
FZShouHJW_Zhun+u004A.png,FZShouHJW_Zhun,u004A,J,latin,extra32
FZShouHJW_Zhun+u004B.png,FZShouHJW_Zhun,u004B,K,latin,extra32
FZShouHJW_Zhun+u004C.png,FZShouHJW_Zhun,u004C,L,latin,extra32
FZShouHJW_Zhun+u004D.png,FZShouHJW_Zhun,u004D,M,latin,extra32
FZShouHJW_Zhun+u004E.png,FZShouHJW_Zhun,u004E,N,latin,extra32
FZShouHJW_Zhun+u004F.png,FZShouHJW_Zhun,u004F,O,latin,extra32
FZShouHJW_Zhun+u0050.png,FZShouHJW_Zhun,u0050,P,latin,extra32
FZShouHJW_Zhun+u0051.png,FZShouHJW_Zhun,u0051,Q,latin,extra32
FZShouHJW_Zhun+u0052.png,FZShouHJW_Zhun,u0052,R,latin,extra32
FZShouHJW_Zhun+u0053.png,FZShouHJW_Zhun,u0053,S,latin,extra32
FZShouHJW_Zhun+u0055.png,FZShouHJW_Zhun,u0055,U,latin,extra32
FZShouHJW_Zhun+u0056.png,FZShouHJW_Zhun,u0056,V,latin,extra32
FZShouHJW_Zhun+u0057.png,FZShouHJW_Zhun,u0057,W,latin,extra32
FZShouHJW_Zhun+u0059.png,FZShouHJW_Zhun,u0059,Y,latin,extra32
FZShouHJW_Zhun+u005A.png,FZShouHJW_Zhun,u005A,Z,latin,extra32
FZShouHJW_Zhun+u0062.png,FZShouHJW_Zhun,u0062,b,latin,extra32
FZShouHJW_Zhun+u0063.png,FZShouHJW_Zhun,u0063,c,latin,extra32
FZShouHJW_Zhun+u0065.png,FZShouHJW_Zhun,u0065,e,latin,extra32
FZShouHJW_Zhun+u0066.png,FZShouHJW_Zhun,u0066,f,latin,extra32
FZShouHJW_Zhun+u0067.png,FZShouHJW_Zhun,u0067,g,latin,extra32
FZShouHJW_Zhun+u0068.png,FZShouHJW_Zhun,u0068,h,latin,extra32
FZShouHJW_Zhun+u0069.png,FZShouHJW_Zhun,u0069,i,latin,extra32
FZShouHJW_Zhun+u006A.png,FZShouHJW_Zhun,u006A,j,latin,extra32
FZShouHJW_Zhun+u006C.png,FZShouHJW_Zhun,u006C,l,latin,extra32
FZShouHJW_Zhun+u006D.png,FZShouHJW_Zhun,u006D,m,latin,extra32
FZShouHJW_Zhun+u006E.png,FZShouHJW_Zhun,u006E,n,latin,extra32
FZShouHJW_Zhun+u006F.png,FZShouHJW_Zhun,u006F,o,latin,extra32
FZShouHJW_Zhun+u0070.png,FZShouHJW_Zhun,u0070,p,latin,extra32
FZShouHJW_Zhun+u0071.png,FZShouHJW_Zhun,u0071,q,latin,extra32
FZShouHJW_Zhun+u0072.png,FZShouHJW_Zhun,u0072,r,latin,extra32
FZShouHJW_Zhun+u0073.png,FZShouHJW_Zhun,u0073,s,latin,extra32
FZShouHJW_Zhun+u0074.png,FZShouHJW_Zhun,u0074,t,latin,extra32
FZShouHJW_Zhun+u0076.png,FZShouHJW_Zhun,u0076,v,latin,extra32
FZShouHJW_Zhun+u0077.png,FZShouHJW_Zhun,u0077,w,latin,extra32
FZShouHJW_Zhun+u0078.png,FZShouHJW_Zhun,u0078,x,latin,extra32
FZShouHJW_Zhun+u007A.png,FZShouHJW_Zhun,u007A,z,latin,extra32
FZShouHJW_Zhun+u00E1.png,FZShouHJW_Zhun,u00E1,á,latin,extra32
FZShouHJW_Zhun+u00E8.png,FZShouHJW_Zhun,u00E8,è,latin,extra32
FZShouHJW_Zhun+u00E9.png,FZShouHJW_Zhun,u00E9,é,latin,extra32
FZShouHJW_Zhun+u00EA.png,FZShouHJW_Zhun,u00EA,ê,latin,extra32
FZShouHJW_Zhun+u00ED.png,FZShouHJW_Zhun,u00ED,í,latin,extra32
FZShouHJW_Zhun+u00F2.png,FZShouHJW_Zhun,u00F2,ò,latin,extra32
FZShouHJW_Zhun+u00F3.png,FZShouHJW_Zhun,u00F3,ó,latin,extra32
FZShouHJW_Zhun+u00F9.png,FZShouHJW_Zhun,u00F9,ù,latin,extra32
FZShouHJW_Zhun+u00FA.png,FZShouHJW_Zhun,u00FA,ú,latin,extra32
FZShouHJW_Zhun+u00FC.png,FZShouHJW_Zhun,u00FC,ü,latin,extra32
FZShouHJW_Zhun+u0101.png,FZShouHJW_Zhun,u0101,ā,latin,extra32
FZShouHJW_Zhun+u0113.png,FZShouHJW_Zhun,u0113,ē,latin,extra32
FZShouHJW_Zhun+u011B.png,FZShouHJW_Zhun,u011B,ě,latin,extra32
FZShouHJW_Zhun+u012B.png,FZShouHJW_Zhun,u012B,ī,latin,extra32
FZShouHJW_Zhun+u0144.png,FZShouHJW_Zhun,u0144,ń,latin,extra32
FZShouHJW_Zhun+u0148.png,FZShouHJW_Zhun,u0148,ň,latin,extra32
FZShouHJW_Zhun+u014D.png,FZShouHJW_Zhun,u014D,ō,latin,extra32
FZShouHJW_Zhun+u016B.png,FZShouHJW_Zhun,u016B,ū,latin,extra32
FZShouHJW_Zhun+u01CE.png,FZShouHJW_Zhun,u01CE,ǎ,latin,extra32
FZShouHJW_Zhun+u01D0.png,FZShouHJW_Zhun,u01D0,ǐ,latin,extra32
FZShouHJW_Zhun+u01D2.png,FZShouHJW_Zhun,u01D2,ǒ,latin,extra32
FZShouHJW_Zhun+u01D6.png,FZShouHJW_Zhun,u01D6,ǖ,latin,extra32
FZShouHJW_Zhun+u01D8.png,FZShouHJW_Zhun,u01D8,ǘ,latin,extra32
FZShouHJW_Zhun+u01DA.png,FZShouHJW_Zhun,u01DA,ǚ,latin,extra32
FZVDLJingQSJ-R+u0030.png,FZVDLJingQSJ-R,u0030,0,latin,extra32
FZVDLJingQSJ-R+u0032.png,FZVDLJingQSJ-R,u0032,2,latin,extra32
FZVDLJingQSJ-R+u0033.png,FZVDLJingQSJ-R,u0033,3,latin,extra32
FZVDLJingQSJ-R+u0034.png,FZVDLJingQSJ-R,u0034,4,latin,extra32
FZVDLJingQSJ-R+u0035.png,FZVDLJingQSJ-R,u0035,5,latin,extra32
FZVDLJingQSJ-R+u0036.png,FZVDLJingQSJ-R,u0036,6,latin,extra32
FZVDLJingQSJ-R+u0037.png,FZVDLJingQSJ-R,u0037,7,latin,extra32
FZVDLJingQSJ-R+u0038.png,FZVDLJingQSJ-R,u0038,8,latin,extra32
FZVDLJingQSJ-R+u0039.png,FZVDLJingQSJ-R,u0039,9,latin,extra32
FZVDLJingQSJ-R+u0041.png,FZVDLJingQSJ-R,u0041,A,latin,extra32
FZVDLJingQSJ-R+u0042.png,FZVDLJingQSJ-R,u0042,B,latin,extra32
FZVDLJingQSJ-R+u0043.png,FZVDLJingQSJ-R,u0043,C,latin,extra32
FZVDLJingQSJ-R+u0044.png,FZVDLJingQSJ-R,u0044,D,latin,extra32
FZVDLJingQSJ-R+u0045.png,FZVDLJingQSJ-R,u0045,E,latin,extra32
FZVDLJingQSJ-R+u0046.png,FZVDLJingQSJ-R,u0046,F,latin,extra32
FZVDLJingQSJ-R+u0047.png,FZVDLJingQSJ-R,u0047,G,latin,extra32
FZVDLJingQSJ-R+u0048.png,FZVDLJingQSJ-R,u0048,H,latin,extra32
FZVDLJingQSJ-R+u0049.png,FZVDLJingQSJ-R,u0049,I,latin,extra32
FZVDLJingQSJ-R+u004A.png,FZVDLJingQSJ-R,u004A,J,latin,extra32
FZVDLJingQSJ-R+u004B.png,FZVDLJingQSJ-R,u004B,K,latin,extra32
FZVDLJingQSJ-R+u004C.png,FZVDLJingQSJ-R,u004C,L,latin,extra32
FZVDLJingQSJ-R+u004D.png,FZVDLJingQSJ-R,u004D,M,latin,extra32
FZVDLJingQSJ-R+u004E.png,FZVDLJingQSJ-R,u004E,N,latin,extra32
FZVDLJingQSJ-R+u004F.png,FZVDLJingQSJ-R,u004F,O,latin,extra32
FZVDLJingQSJ-R+u0050.png,FZVDLJingQSJ-R,u0050,P,latin,extra32
FZVDLJingQSJ-R+u0051.png,FZVDLJingQSJ-R,u0051,Q,latin,extra32
FZVDLJingQSJ-R+u0052.png,FZVDLJingQSJ-R,u0052,R,latin,extra32
FZVDLJingQSJ-R+u0053.png,FZVDLJingQSJ-R,u0053,S,latin,extra32
FZVDLJingQSJ-R+u0055.png,FZVDLJingQSJ-R,u0055,U,latin,extra32
FZVDLJingQSJ-R+u0056.png,FZVDLJingQSJ-R,u0056,V,latin,extra32
FZVDLJingQSJ-R+u0057.png,FZVDLJingQSJ-R,u0057,W,latin,extra32
FZVDLJingQSJ-R+u0059.png,FZVDLJingQSJ-R,u0059,Y,latin,extra32
FZVDLJingQSJ-R+u005A.png,FZVDLJingQSJ-R,u005A,Z,latin,extra32
FZVDLJingQSJ-R+u0062.png,FZVDLJingQSJ-R,u0062,b,latin,extra32
FZVDLJingQSJ-R+u0063.png,FZVDLJingQSJ-R,u0063,c,latin,extra32
FZVDLJingQSJ-R+u0065.png,FZVDLJingQSJ-R,u0065,e,latin,extra32
FZVDLJingQSJ-R+u0066.png,FZVDLJingQSJ-R,u0066,f,latin,extra32
FZVDLJingQSJ-R+u0067.png,FZVDLJingQSJ-R,u0067,g,latin,extra32
FZVDLJingQSJ-R+u0068.png,FZVDLJingQSJ-R,u0068,h,latin,extra32
FZVDLJingQSJ-R+u0069.png,FZVDLJingQSJ-R,u0069,i,latin,extra32
FZVDLJingQSJ-R+u006A.png,FZVDLJingQSJ-R,u006A,j,latin,extra32
FZVDLJingQSJ-R+u006C.png,FZVDLJingQSJ-R,u006C,l,latin,extra32
FZVDLJingQSJ-R+u006D.png,FZVDLJingQSJ-R,u006D,m,latin,extra32
FZVDLJingQSJ-R+u006E.png,FZVDLJingQSJ-R,u006E,n,latin,extra32
FZVDLJingQSJ-R+u006F.png,FZVDLJingQSJ-R,u006F,o,latin,extra32
FZVDLJingQSJ-R+u0070.png,FZVDLJingQSJ-R,u0070,p,latin,extra32
FZVDLJingQSJ-R+u0071.png,FZVDLJingQSJ-R,u0071,q,latin,extra32
FZVDLJingQSJ-R+u0072.png,FZVDLJingQSJ-R,u0072,r,latin,extra32
FZVDLJingQSJ-R+u0073.png,FZVDLJingQSJ-R,u0073,s,latin,extra32
FZVDLJingQSJ-R+u0074.png,FZVDLJingQSJ-R,u0074,t,latin,extra32
FZVDLJingQSJ-R+u0076.png,FZVDLJingQSJ-R,u0076,v,latin,extra32
FZVDLJingQSJ-R+u0077.png,FZVDLJingQSJ-R,u0077,w,latin,extra32
FZVDLJingQSJ-R+u0078.png,FZVDLJingQSJ-R,u0078,x,latin,extra32
FZVDLJingQSJ-R+u007A.png,FZVDLJingQSJ-R,u007A,z,latin,extra32
FZVDLJingQSJ-R+u00E1.png,FZVDLJingQSJ-R,u00E1,á,latin,extra32
FZVDLJingQSJ-R+u00E8.png,FZVDLJingQSJ-R,u00E8,è,latin,extra32
FZVDLJingQSJ-R+u00E9.png,FZVDLJingQSJ-R,u00E9,é,latin,extra32
FZVDLJingQSJ-R+u00EA.png,FZVDLJingQSJ-R,u00EA,ê,latin,extra32
FZVDLJingQSJ-R+u00ED.png,FZVDLJingQSJ-R,u00ED,í,latin,extra32
FZVDLJingQSJ-R+u00F2.png,FZVDLJingQSJ-R,u00F2,ò,latin,extra32
FZVDLJingQSJ-R+u00F3.png,FZVDLJingQSJ-R,u00F3,ó,latin,extra32
FZVDLJingQSJ-R+u00F9.png,FZVDLJingQSJ-R,u00F9,ù,latin,extra32
FZVDLJingQSJ-R+u00FA.png,FZVDLJingQSJ-R,u00FA,ú,latin,extra32
FZVDLJingQSJ-R+u00FC.png,FZVDLJingQSJ-R,u00FC,ü,latin,extra32
FZVDLJingQSJ-R+u0101.png,FZVDLJingQSJ-R,u0101,ā,latin,extra32
FZVDLJingQSJ-R+u0113.png,FZVDLJingQSJ-R,u0113,ē,latin,extra32
FZVDLJingQSJ-R+u011B.png,FZVDLJingQSJ-R,u011B,ě,latin,extra32
FZVDLJingQSJ-R+u012B.png,FZVDLJingQSJ-R,u012B,ī,latin,extra32
FZVDLJingQSJ-R+u0144.png,FZVDLJingQSJ-R,u0144,ń,latin,extra32
FZVDLJingQSJ-R+u0148.png,FZVDLJingQSJ-R,u0148,ň,latin,extra32
FZVDLJingQSJ-R+u014D.png,FZVDLJingQSJ-R,u014D,ō,latin,extra32
FZVDLJingQSJ-R+u016B.png,FZVDLJingQSJ-R,u016B,ū,latin,extra32
FZVDLJingQSJ-R+u01CE.png,FZVDLJingQSJ-R,u01CE,ǎ,latin,extra32
FZVDLJingQSJ-R+u01D0.png,FZVDLJingQSJ-R,u01D0,ǐ,latin,extra32
FZVDLJingQSJ-R+u01D2.png,FZVDLJingQSJ-R,u01D2,ǒ,latin,extra32
FZVDLJingQSJ-R+u01D6.png,FZVDLJingQSJ-R,u01D6,ǖ,latin,extra32
FZVDLJingQSJ-R+u01D8.png,FZVDLJingQSJ-R,u01D8,ǘ,latin,extra32
FZVDLJingQSJ-R+u01DA.png,FZVDLJingQSJ-R,u01DA,ǚ,latin,extra32
FZVDLJingQSJ-R+u3041.png,FZVDLJingQSJ-R,u3041,ぁ,kana,extra32
FZVDLJingQSJ-R+u3042.png,FZVDLJingQSJ-R,u3042,あ,kana,extra32
FZVDLJingQSJ-R+u3043.png,FZVDLJingQSJ-R,u3043,ぃ,kana,extra32
FZVDLJingQSJ-R+u3044.png,FZVDLJingQSJ-R,u3044,い,kana,extra32
FZVDLJingQSJ-R+u3045.png,FZVDLJingQSJ-R,u3045,ぅ,kana,extra32
FZVDLJingQSJ-R+u3046.png,FZVDLJingQSJ-R,u3046,う,kana,extra32
FZVDLJingQSJ-R+u3047.png,FZVDLJingQSJ-R,u3047,ぇ,kana,extra32
FZVDLJingQSJ-R+u3048.png,FZVDLJingQSJ-R,u3048,え,kana,extra32
FZVDLJingQSJ-R+u3049.png,FZVDLJingQSJ-R,u3049,ぉ,kana,extra32
FZVDLJingQSJ-R+u304A.png,FZVDLJingQSJ-R,u304A,お,kana,extra32
FZVDLJingQSJ-R+u304B.png,FZVDLJingQSJ-R,u304B,か,kana,extra32
FZVDLJingQSJ-R+u304C.png,FZVDLJingQSJ-R,u304C,が,kana,extra32
FZVDLJingQSJ-R+u304D.png,FZVDLJingQSJ-R,u304D,き,kana,extra32
FZVDLJingQSJ-R+u304E.png,FZVDLJingQSJ-R,u304E,ぎ,kana,extra32
FZVDLJingQSJ-R+u304F.png,FZVDLJingQSJ-R,u304F,く,kana,extra32
FZVDLJingQSJ-R+u3050.png,FZVDLJingQSJ-R,u3050,ぐ,kana,extra32
FZVDLJingQSJ-R+u3051.png,FZVDLJingQSJ-R,u3051,け,kana,extra32
FZVDLJingQSJ-R+u3052.png,FZVDLJingQSJ-R,u3052,げ,kana,extra32
FZVDLJingQSJ-R+u3053.png,FZVDLJingQSJ-R,u3053,こ,kana,extra32
FZVDLJingQSJ-R+u3054.png,FZVDLJingQSJ-R,u3054,ご,kana,extra32
FZVDLJingQSJ-R+u3055.png,FZVDLJingQSJ-R,u3055,さ,kana,extra32
FZVDLJingQSJ-R+u3056.png,FZVDLJingQSJ-R,u3056,ざ,kana,extra32
FZVDLJingQSJ-R+u3057.png,FZVDLJingQSJ-R,u3057,し,kana,extra32
FZVDLJingQSJ-R+u3058.png,FZVDLJingQSJ-R,u3058,じ,kana,extra32
FZVDLJingQSJ-R+u3059.png,FZVDLJingQSJ-R,u3059,す,kana,extra32
FZVDLJingQSJ-R+u305A.png,FZVDLJingQSJ-R,u305A,ず,kana,extra32
FZVDLJingQSJ-R+u305B.png,FZVDLJingQSJ-R,u305B,せ,kana,extra32
FZVDLJingQSJ-R+u305C.png,FZVDLJingQSJ-R,u305C,ぜ,kana,extra32
FZVDLJingQSJ-R+u305D.png,FZVDLJingQSJ-R,u305D,そ,kana,extra32
FZVDLJingQSJ-R+u305E.png,FZVDLJingQSJ-R,u305E,ぞ,kana,extra32
FZVDLJingQSJ-R+u305F.png,FZVDLJingQSJ-R,u305F,た,kana,extra32
FZVDLJingQSJ-R+u3060.png,FZVDLJingQSJ-R,u3060,だ,kana,extra32
FZVDLJingQSJ-R+u3061.png,FZVDLJingQSJ-R,u3061,ち,kana,extra32
FZVDLJingQSJ-R+u3062.png,FZVDLJingQSJ-R,u3062,ぢ,kana,extra32
FZVDLJingQSJ-R+u3063.png,FZVDLJingQSJ-R,u3063,っ,kana,extra32
FZVDLJingQSJ-R+u3064.png,FZVDLJingQSJ-R,u3064,つ,kana,extra32
FZVDLJingQSJ-R+u3065.png,FZVDLJingQSJ-R,u3065,づ,kana,extra32
FZVDLJingQSJ-R+u3066.png,FZVDLJingQSJ-R,u3066,て,kana,extra32
FZVDLJingQSJ-R+u3067.png,FZVDLJingQSJ-R,u3067,で,kana,extra32
FZVDLJingQSJ-R+u3068.png,FZVDLJingQSJ-R,u3068,と,kana,extra32
FZVDLJingQSJ-R+u3069.png,FZVDLJingQSJ-R,u3069,ど,kana,extra32
FZVDLJingQSJ-R+u306A.png,FZVDLJingQSJ-R,u306A,な,kana,extra32
FZVDLJingQSJ-R+u306B.png,FZVDLJingQSJ-R,u306B,に,kana,extra32
FZVDLJingQSJ-R+u306C.png,FZVDLJingQSJ-R,u306C,ぬ,kana,extra32
FZVDLJingQSJ-R+u306D.png,FZVDLJingQSJ-R,u306D,ね,kana,extra32
FZVDLJingQSJ-R+u306E.png,FZVDLJingQSJ-R,u306E,の,kana,extra32
FZVDLJingQSJ-R+u306F.png,FZVDLJingQSJ-R,u306F,は,kana,extra32
FZVDLJingQSJ-R+u3070.png,FZVDLJingQSJ-R,u3070,ば,kana,extra32
FZVDLJingQSJ-R+u3071.png,FZVDLJingQSJ-R,u3071,ぱ,kana,extra32
FZVDLJingQSJ-R+u3072.png,FZVDLJingQSJ-R,u3072,ひ,kana,extra32
FZVDLJingQSJ-R+u3073.png,FZVDLJingQSJ-R,u3073,び,kana,extra32
FZVDLJingQSJ-R+u3074.png,FZVDLJingQSJ-R,u3074,ぴ,kana,extra32
FZVDLJingQSJ-R+u3075.png,FZVDLJingQSJ-R,u3075,ふ,kana,extra32
FZVDLJingQSJ-R+u3076.png,FZVDLJingQSJ-R,u3076,ぶ,kana,extra32
FZVDLJingQSJ-R+u3077.png,FZVDLJingQSJ-R,u3077,ぷ,kana,extra32
FZVDLJingQSJ-R+u3078.png,FZVDLJingQSJ-R,u3078,へ,kana,extra32
FZVDLJingQSJ-R+u3079.png,FZVDLJingQSJ-R,u3079,べ,kana,extra32
FZVDLJingQSJ-R+u307A.png,FZVDLJingQSJ-R,u307A,ぺ,kana,extra32
FZVDLJingQSJ-R+u307B.png,FZVDLJingQSJ-R,u307B,ほ,kana,extra32
FZVDLJingQSJ-R+u307C.png,FZVDLJingQSJ-R,u307C,ぼ,kana,extra32
FZVDLJingQSJ-R+u307D.png,FZVDLJingQSJ-R,u307D,ぽ,kana,extra32
FZVDLJingQSJ-R+u307E.png,FZVDLJingQSJ-R,u307E,ま,kana,extra32
FZVDLJingQSJ-R+u307F.png,FZVDLJingQSJ-R,u307F,み,kana,extra32
FZVDLJingQSJ-R+u3080.png,FZVDLJingQSJ-R,u3080,む,kana,extra32
FZVDLJingQSJ-R+u3081.png,FZVDLJingQSJ-R,u3081,め,kana,extra32
FZVDLJingQSJ-R+u3082.png,FZVDLJingQSJ-R,u3082,も,kana,extra32
FZVDLJingQSJ-R+u3083.png,FZVDLJingQSJ-R,u3083,ゃ,kana,extra32
FZVDLJingQSJ-R+u3084.png,FZVDLJingQSJ-R,u3084,や,kana,extra32
FZVDLJingQSJ-R+u3085.png,FZVDLJingQSJ-R,u3085,ゅ,kana,extra32
FZVDLJingQSJ-R+u3086.png,FZVDLJingQSJ-R,u3086,ゆ,kana,extra32
FZVDLJingQSJ-R+u3087.png,FZVDLJingQSJ-R,u3087,ょ,kana,extra32
FZVDLJingQSJ-R+u3088.png,FZVDLJingQSJ-R,u3088,よ,kana,extra32
FZVDLJingQSJ-R+u3089.png,FZVDLJingQSJ-R,u3089,ら,kana,extra32
FZVDLJingQSJ-R+u308A.png,FZVDLJingQSJ-R,u308A,り,kana,extra32
FZVDLJingQSJ-R+u308B.png,FZVDLJingQSJ-R,u308B,る,kana,extra32
FZVDLJingQSJ-R+u308C.png,FZVDLJingQSJ-R,u308C,れ,kana,extra32
FZVDLJingQSJ-R+u308D.png,FZVDLJingQSJ-R,u308D,ろ,kana,extra32
FZVDLJingQSJ-R+u308E.png,FZVDLJingQSJ-R,u308E,ゎ,kana,extra32
FZVDLJingQSJ-R+u308F.png,FZVDLJingQSJ-R,u308F,わ,kana,extra32
FZVDLJingQSJ-R+u3090.png,FZVDLJingQSJ-R,u3090,ゐ,kana,extra32
FZVDLJingQSJ-R+u3091.png,FZVDLJingQSJ-R,u3091,ゑ,kana,extra32
FZVDLJingQSJ-R+u3092.png,FZVDLJingQSJ-R,u3092,を,kana,extra32
FZVDLJingQSJ-R+u3093.png,FZVDLJingQSJ-R,u3093,ん,kana,extra32
FZVDLJingQSJ-R+u30A1.png,FZVDLJingQSJ-R,u30A1,ァ,kana,extra32
FZVDLJingQSJ-R+u30A2.png,FZVDLJingQSJ-R,u30A2,ア,kana,extra32
FZVDLJingQSJ-R+u30A3.png,FZVDLJingQSJ-R,u30A3,ィ,kana,extra32
FZVDLJingQSJ-R+u30A4.png,FZVDLJingQSJ-R,u30A4,イ,kana,extra32
FZVDLJingQSJ-R+u30A5.png,FZVDLJingQSJ-R,u30A5,ゥ,kana,extra32
FZVDLJingQSJ-R+u30A6.png,FZVDLJingQSJ-R,u30A6,ウ,kana,extra32
FZVDLJingQSJ-R+u30A7.png,FZVDLJingQSJ-R,u30A7,ェ,kana,extra32
FZVDLJingQSJ-R+u30A8.png,FZVDLJingQSJ-R,u30A8,エ,kana,extra32
FZVDLJingQSJ-R+u30A9.png,FZVDLJingQSJ-R,u30A9,ォ,kana,extra32
FZVDLJingQSJ-R+u30AA.png,FZVDLJingQSJ-R,u30AA,オ,kana,extra32
FZVDLJingQSJ-R+u30AB.png,FZVDLJingQSJ-R,u30AB,カ,kana,extra32
FZVDLJingQSJ-R+u30AC.png,FZVDLJingQSJ-R,u30AC,ガ,kana,extra32
FZVDLJingQSJ-R+u30AD.png,FZVDLJingQSJ-R,u30AD,キ,kana,extra32
FZVDLJingQSJ-R+u30AE.png,FZVDLJingQSJ-R,u30AE,ギ,kana,extra32
FZVDLJingQSJ-R+u30AF.png,FZVDLJingQSJ-R,u30AF,ク,kana,extra32
FZVDLJingQSJ-R+u30B0.png,FZVDLJingQSJ-R,u30B0,グ,kana,extra32
FZVDLJingQSJ-R+u30B1.png,FZVDLJingQSJ-R,u30B1,ケ,kana,extra32
FZVDLJingQSJ-R+u30B2.png,FZVDLJingQSJ-R,u30B2,ゲ,kana,extra32
FZVDLJingQSJ-R+u30B3.png,FZVDLJingQSJ-R,u30B3,コ,kana,extra32
FZVDLJingQSJ-R+u30B4.png,FZVDLJingQSJ-R,u30B4,ゴ,kana,extra32
FZVDLJingQSJ-R+u30B5.png,FZVDLJingQSJ-R,u30B5,サ,kana,extra32
FZVDLJingQSJ-R+u30B6.png,FZVDLJingQSJ-R,u30B6,ザ,kana,extra32
FZVDLJingQSJ-R+u30B7.png,FZVDLJingQSJ-R,u30B7,シ,kana,extra32
FZVDLJingQSJ-R+u30B8.png,FZVDLJingQSJ-R,u30B8,ジ,kana,extra32
FZVDLJingQSJ-R+u30B9.png,FZVDLJingQSJ-R,u30B9,ス,kana,extra32
FZVDLJingQSJ-R+u30BA.png,FZVDLJingQSJ-R,u30BA,ズ,kana,extra32
FZVDLJingQSJ-R+u30BB.png,FZVDLJingQSJ-R,u30BB,セ,kana,extra32
FZVDLJingQSJ-R+u30BC.png,FZVDLJingQSJ-R,u30BC,ゼ,kana,extra32
FZVDLJingQSJ-R+u30BD.png,FZVDLJingQSJ-R,u30BD,ソ,kana,extra32
FZVDLJingQSJ-R+u30BE.png,FZVDLJingQSJ-R,u30BE,ゾ,kana,extra32
FZVDLJingQSJ-R+u30BF.png,FZVDLJingQSJ-R,u30BF,タ,kana,extra32
FZVDLJingQSJ-R+u30C0.png,FZVDLJingQSJ-R,u30C0,ダ,kana,extra32
FZVDLJingQSJ-R+u30C1.png,FZVDLJingQSJ-R,u30C1,チ,kana,extra32
FZVDLJingQSJ-R+u30C2.png,FZVDLJingQSJ-R,u30C2,ヂ,kana,extra32
FZVDLJingQSJ-R+u30C3.png,FZVDLJingQSJ-R,u30C3,ッ,kana,extra32
FZVDLJingQSJ-R+u30C4.png,FZVDLJingQSJ-R,u30C4,ツ,kana,extra32
FZVDLJingQSJ-R+u30C5.png,FZVDLJingQSJ-R,u30C5,ヅ,kana,extra32
FZVDLJingQSJ-R+u30C6.png,FZVDLJingQSJ-R,u30C6,テ,kana,extra32
FZVDLJingQSJ-R+u30C7.png,FZVDLJingQSJ-R,u30C7,デ,kana,extra32
FZVDLJingQSJ-R+u30C8.png,FZVDLJingQSJ-R,u30C8,ト,kana,extra32
FZVDLJingQSJ-R+u30C9.png,FZVDLJingQSJ-R,u30C9,ド,kana,extra32
FZVDLJingQSJ-R+u30CA.png,FZVDLJingQSJ-R,u30CA,ナ,kana,extra32
FZVDLJingQSJ-R+u30CB.png,FZVDLJingQSJ-R,u30CB,ニ,kana,extra32
FZVDLJingQSJ-R+u30CC.png,FZVDLJingQSJ-R,u30CC,ヌ,kana,extra32
FZVDLJingQSJ-R+u30CD.png,FZVDLJingQSJ-R,u30CD,ネ,kana,extra32
FZVDLJingQSJ-R+u30CE.png,FZVDLJingQSJ-R,u30CE,ノ,kana,extra32
FZVDLJingQSJ-R+u30CF.png,FZVDLJingQSJ-R,u30CF,ハ,kana,extra32
FZVDLJingQSJ-R+u30D0.png,FZVDLJingQSJ-R,u30D0,バ,kana,extra32
FZVDLJingQSJ-R+u30D1.png,FZVDLJingQSJ-R,u30D1,パ,kana,extra32
FZVDLJingQSJ-R+u30D2.png,FZVDLJingQSJ-R,u30D2,ヒ,kana,extra32
FZVDLJingQSJ-R+u30D3.png,FZVDLJingQSJ-R,u30D3,ビ,kana,extra32
FZVDLJingQSJ-R+u30D4.png,FZVDLJingQSJ-R,u30D4,ピ,kana,extra32
FZVDLJingQSJ-R+u30D5.png,FZVDLJingQSJ-R,u30D5,フ,kana,extra32
FZVDLJingQSJ-R+u30D6.png,FZVDLJingQSJ-R,u30D6,ブ,kana,extra32
FZVDLJingQSJ-R+u30D7.png,FZVDLJingQSJ-R,u30D7,プ,kana,extra32
FZVDLJingQSJ-R+u30D8.png,FZVDLJingQSJ-R,u30D8,ヘ,kana,extra32
FZVDLJingQSJ-R+u30D9.png,FZVDLJingQSJ-R,u30D9,ベ,kana,extra32
FZVDLJingQSJ-R+u30DA.png,FZVDLJingQSJ-R,u30DA,ペ,kana,extra32
FZVDLJingQSJ-R+u30DB.png,FZVDLJingQSJ-R,u30DB,ホ,kana,extra32
FZVDLJingQSJ-R+u30DC.png,FZVDLJingQSJ-R,u30DC,ボ,kana,extra32
FZVDLJingQSJ-R+u30DD.png,FZVDLJingQSJ-R,u30DD,ポ,kana,extra32
FZVDLJingQSJ-R+u30DE.png,FZVDLJingQSJ-R,u30DE,マ,kana,extra32
FZVDLJingQSJ-R+u30DF.png,FZVDLJingQSJ-R,u30DF,ミ,kana,extra32
FZVDLJingQSJ-R+u30E0.png,FZVDLJingQSJ-R,u30E0,ム,kana,extra32
FZVDLJingQSJ-R+u30E1.png,FZVDLJingQSJ-R,u30E1,メ,kana,extra32
FZVDLJingQSJ-R+u30E2.png,FZVDLJingQSJ-R,u30E2,モ,kana,extra32
FZVDLJingQSJ-R+u30E3.png,FZVDLJingQSJ-R,u30E3,ャ,kana,extra32
FZVDLJingQSJ-R+u30E4.png,FZVDLJingQSJ-R,u30E4,ヤ,kana,extra32
FZVDLJingQSJ-R+u30E5.png,FZVDLJingQSJ-R,u30E5,ュ,kana,extra32
FZVDLJingQSJ-R+u30E6.png,FZVDLJingQSJ-R,u30E6,ユ,kana,extra32
FZVDLJingQSJ-R+u30E7.png,FZVDLJingQSJ-R,u30E7,ョ,kana,extra32
FZVDLJingQSJ-R+u30E8.png,FZVDLJingQSJ-R,u30E8,ヨ,kana,extra32
FZVDLJingQSJ-R+u30E9.png,FZVDLJingQSJ-R,u30E9,ラ,kana,extra32
FZVDLJingQSJ-R+u30EA.png,FZVDLJingQSJ-R,u30EA,リ,kana,extra32
FZVDLJingQSJ-R+u30EB.png,FZVDLJingQSJ-R,u30EB,ル,kana,extra32
FZVDLJingQSJ-R+u30EC.png,FZVDLJingQSJ-R,u30EC,レ,kana,extra32
FZVDLJingQSJ-R+u30ED.png,FZVDLJingQSJ-R,u30ED,ロ,kana,extra32
FZVDLJingQSJ-R+u30EE.png,FZVDLJingQSJ-R,u30EE,ヮ,kana,extra32
FZVDLJingQSJ-R+u30EF.png,FZVDLJingQSJ-R,u30EF,ワ,kana,extra32
FZVDLJingQSJ-R+u30F0.png,FZVDLJingQSJ-R,u30F0,ヰ,kana,extra32
FZVDLJingQSJ-R+u30F1.png,FZVDLJingQSJ-R,u30F1,ヱ,kana,extra32
FZVDLJingQSJ-R+u30F2.png,FZVDLJingQSJ-R,u30F2,ヲ,kana,extra32
FZVDLJingQSJ-R+u30F3.png,FZVDLJingQSJ-R,u30F3,ン,kana,extra32
FZVDLJingQSJ-R+u30F4.png,FZVDLJingQSJ-R,u30F4,ヴ,kana,extra32
FZVDLJingQSJ-R+u30F5.png,FZVDLJingQSJ-R,u30F5,ヵ,kana,extra32
FZVDLJingQSJ-R+u30F6.png,FZVDLJingQSJ-R,u30F6,ヶ,kana,extra32
FZVDLJingQSJ-R+u3105.png,FZVDLJingQSJ-R,u3105,ㄅ,bopomofo,extra32
FZVDLJingQSJ-R+u3106.png,FZVDLJingQSJ-R,u3106,ㄆ,bopomofo,extra32
FZVDLJingQSJ-R+u3107.png,FZVDLJingQSJ-R,u3107,ㄇ,bopomofo,extra32
FZVDLJingQSJ-R+u3108.png,FZVDLJingQSJ-R,u3108,ㄈ,bopomofo,extra32
FZVDLJingQSJ-R+u3109.png,FZVDLJingQSJ-R,u3109,ㄉ,bopomofo,extra32
FZVDLJingQSJ-R+u310A.png,FZVDLJingQSJ-R,u310A,ㄊ,bopomofo,extra32
FZVDLJingQSJ-R+u310B.png,FZVDLJingQSJ-R,u310B,ㄋ,bopomofo,extra32
FZVDLJingQSJ-R+u310C.png,FZVDLJingQSJ-R,u310C,ㄌ,bopomofo,extra32
FZVDLJingQSJ-R+u310D.png,FZVDLJingQSJ-R,u310D,ㄍ,bopomofo,extra32
FZVDLJingQSJ-R+u310E.png,FZVDLJingQSJ-R,u310E,ㄎ,bopomofo,extra32
FZVDLJingQSJ-R+u310F.png,FZVDLJingQSJ-R,u310F,ㄏ,bopomofo,extra32
FZVDLJingQSJ-R+u3110.png,FZVDLJingQSJ-R,u3110,ㄐ,bopomofo,extra32
FZVDLJingQSJ-R+u3111.png,FZVDLJingQSJ-R,u3111,ㄑ,bopomofo,extra32
FZVDLJingQSJ-R+u3112.png,FZVDLJingQSJ-R,u3112,ㄒ,bopomofo,extra32
FZVDLJingQSJ-R+u3113.png,FZVDLJingQSJ-R,u3113,ㄓ,bopomofo,extra32
FZVDLJingQSJ-R+u3114.png,FZVDLJingQSJ-R,u3114,ㄔ,bopomofo,extra32
FZVDLJingQSJ-R+u3115.png,FZVDLJingQSJ-R,u3115,ㄕ,bopomofo,extra32
FZVDLJingQSJ-R+u3116.png,FZVDLJingQSJ-R,u3116,ㄖ,bopomofo,extra32
FZVDLJingQSJ-R+u3117.png,FZVDLJingQSJ-R,u3117,ㄗ,bopomofo,extra32
FZVDLJingQSJ-R+u3118.png,FZVDLJingQSJ-R,u3118,ㄘ,bopomofo,extra32
FZVDLJingQSJ-R+u3119.png,FZVDLJingQSJ-R,u3119,ㄙ,bopomofo,extra32
FZVDLJingQSJ-R+u311A.png,FZVDLJingQSJ-R,u311A,ㄚ,bopomofo,extra32
FZVDLJingQSJ-R+u311B.png,FZVDLJingQSJ-R,u311B,ㄛ,bopomofo,extra32
FZVDLJingQSJ-R+u311C.png,FZVDLJingQSJ-R,u311C,ㄜ,bopomofo,extra32
FZVDLJingQSJ-R+u311D.png,FZVDLJingQSJ-R,u311D,ㄝ,bopomofo,extra32
FZVDLJingQSJ-R+u311E.png,FZVDLJingQSJ-R,u311E,ㄞ,bopomofo,extra32
FZVDLJingQSJ-R+u311F.png,FZVDLJingQSJ-R,u311F,ㄟ,bopomofo,extra32
FZVDLJingQSJ-R+u3120.png,FZVDLJingQSJ-R,u3120,ㄠ,bopomofo,extra32
FZVDLJingQSJ-R+u3121.png,FZVDLJingQSJ-R,u3121,ㄡ,bopomofo,extra32
FZVDLJingQSJ-R+u3122.png,FZVDLJingQSJ-R,u3122,ㄢ,bopomofo,extra32
FZVDLJingQSJ-R+u3123.png,FZVDLJingQSJ-R,u3123,ㄣ,bopomofo,extra32
FZVDLJingQSJ-R+u3124.png,FZVDLJingQSJ-R,u3124,ㄤ,bopomofo,extra32
FZVDLJingQSJ-R+u3125.png,FZVDLJingQSJ-R,u3125,ㄥ,bopomofo,extra32
FZVDLJingQSJ-R+u3126.png,FZVDLJingQSJ-R,u3126,ㄦ,bopomofo,extra32
FZVDLJingQSJ-R+u3127.png,FZVDLJingQSJ-R,u3127,ㄧ,bopomofo,extra32
FZVDLJingQSJ-R+u3128.png,FZVDLJingQSJ-R,u3128,ㄨ,bopomofo,extra32
FZVDLJingQSJ-R+u3129.png,FZVDLJingQSJ-R,u3129,ㄩ,bopomofo,extra32
FZXIANGSU14+u0030.png,FZXIANGSU14,u0030,0,latin,plus17
FZXIANGSU14+u0032.png,FZXIANGSU14,u0032,2,latin,plus17
FZXIANGSU14+u0033.png,FZXIANGSU14,u0033,3,latin,plus17
FZXIANGSU14+u0034.png,FZXIANGSU14,u0034,4,latin,plus17
FZXIANGSU14+u0035.png,FZXIANGSU14,u0035,5,latin,plus17
FZXIANGSU14+u0036.png,FZXIANGSU14,u0036,6,latin,plus17
FZXIANGSU14+u0037.png,FZXIANGSU14,u0037,7,latin,plus17
FZXIANGSU14+u0038.png,FZXIANGSU14,u0038,8,latin,plus17
FZXIANGSU14+u0039.png,FZXIANGSU14,u0039,9,latin,plus17
FZXIANGSU14+u0041.png,FZXIANGSU14,u0041,A,latin,plus17
FZXIANGSU14+u0042.png,FZXIANGSU14,u0042,B,latin,plus17
FZXIANGSU14+u0043.png,FZXIANGSU14,u0043,C,latin,plus17
FZXIANGSU14+u0044.png,FZXIANGSU14,u0044,D,latin,plus17
FZXIANGSU14+u0045.png,FZXIANGSU14,u0045,E,latin,plus17
FZXIANGSU14+u0046.png,FZXIANGSU14,u0046,F,latin,plus17
FZXIANGSU14+u0047.png,FZXIANGSU14,u0047,G,latin,plus17
FZXIANGSU14+u0048.png,FZXIANGSU14,u0048,H,latin,plus17
FZXIANGSU14+u0049.png,FZXIANGSU14,u0049,I,latin,plus17
FZXIANGSU14+u004A.png,FZXIANGSU14,u004A,J,latin,plus17
FZXIANGSU14+u004B.png,FZXIANGSU14,u004B,K,latin,plus17
FZXIANGSU14+u004C.png,FZXIANGSU14,u004C,L,latin,plus17
FZXIANGSU14+u004D.png,FZXIANGSU14,u004D,M,latin,plus17
FZXIANGSU14+u004E.png,FZXIANGSU14,u004E,N,latin,plus17
FZXIANGSU14+u004F.png,FZXIANGSU14,u004F,O,latin,plus17
FZXIANGSU14+u0050.png,FZXIANGSU14,u0050,P,latin,plus17
FZXIANGSU14+u0051.png,FZXIANGSU14,u0051,Q,latin,plus17
FZXIANGSU14+u0052.png,FZXIANGSU14,u0052,R,latin,plus17
FZXIANGSU14+u0053.png,FZXIANGSU14,u0053,S,latin,plus17
FZXIANGSU14+u0055.png,FZXIANGSU14,u0055,U,latin,plus17
FZXIANGSU14+u0056.png,FZXIANGSU14,u0056,V,latin,plus17
FZXIANGSU14+u0057.png,FZXIANGSU14,u0057,W,latin,plus17
FZXIANGSU14+u0059.png,FZXIANGSU14,u0059,Y,latin,plus17
FZXIANGSU14+u005A.png,FZXIANGSU14,u005A,Z,latin,plus17
FZXIANGSU14+u0062.png,FZXIANGSU14,u0062,b,latin,plus17
FZXIANGSU14+u0063.png,FZXIANGSU14,u0063,c,latin,plus17
FZXIANGSU14+u0065.png,FZXIANGSU14,u0065,e,latin,plus17
FZXIANGSU14+u0066.png,FZXIANGSU14,u0066,f,latin,plus17
FZXIANGSU14+u0067.png,FZXIANGSU14,u0067,g,latin,plus17
FZXIANGSU14+u0068.png,FZXIANGSU14,u0068,h,latin,plus17
FZXIANGSU14+u0069.png,FZXIANGSU14,u0069,i,latin,plus17
FZXIANGSU14+u006A.png,FZXIANGSU14,u006A,j,latin,plus17
FZXIANGSU14+u006C.png,FZXIANGSU14,u006C,l,latin,plus17
FZXIANGSU14+u006D.png,FZXIANGSU14,u006D,m,latin,plus17
FZXIANGSU14+u006E.png,FZXIANGSU14,u006E,n,latin,plus17
FZXIANGSU14+u006F.png,FZXIANGSU14,u006F,o,latin,plus17
FZXIANGSU14+u0070.png,FZXIANGSU14,u0070,p,latin,plus17
FZXIANGSU14+u0071.png,FZXIANGSU14,u0071,q,latin,plus17
FZXIANGSU14+u0072.png,FZXIANGSU14,u0072,r,latin,plus17
FZXIANGSU14+u0073.png,FZXIANGSU14,u0073,s,latin,plus17
FZXIANGSU14+u0074.png,FZXIANGSU14,u0074,t,latin,plus17
FZXIANGSU14+u0076.png,FZXIANGSU14,u0076,v,latin,plus17
FZXIANGSU14+u0077.png,FZXIANGSU14,u0077,w,latin,plus17
FZXIANGSU14+u0078.png,FZXIANGSU14,u0078,x,latin,plus17
FZXIANGSU14+u007A.png,FZXIANGSU14,u007A,z,latin,plus17
FZXIANGSU14+u00E1.png,FZXIANGSU14,u00E1,á,latin,plus17
FZXIANGSU14+u00E8.png,FZXIANGSU14,u00E8,è,latin,plus17
FZXIANGSU14+u00E9.png,FZXIANGSU14,u00E9,é,latin,plus17
FZXIANGSU14+u00EA.png,FZXIANGSU14,u00EA,ê,latin,plus17
FZXIANGSU14+u00ED.png,FZXIANGSU14,u00ED,í,latin,plus17
FZXIANGSU14+u00F2.png,FZXIANGSU14,u00F2,ò,latin,plus17
FZXIANGSU14+u00F3.png,FZXIANGSU14,u00F3,ó,latin,plus17
FZXIANGSU14+u00F9.png,FZXIANGSU14,u00F9,ù,latin,plus17
FZXIANGSU14+u00FA.png,FZXIANGSU14,u00FA,ú,latin,plus17
FZXIANGSU14+u00FC.png,FZXIANGSU14,u00FC,ü,latin,plus17
FZXIANGSU14+u0101.png,FZXIANGSU14,u0101,ā,latin,plus17
FZXIANGSU14+u0113.png,FZXIANGSU14,u0113,ē,latin,plus17
FZXIANGSU14+u011B.png,FZXIANGSU14,u011B,ě,latin,plus17
FZXIANGSU14+u012B.png,FZXIANGSU14,u012B,ī,latin,plus17
FZXIANGSU14+u014D.png,FZXIANGSU14,u014D,ō,latin,plus17
FZXIANGSU14+u016B.png,FZXIANGSU14,u016B,ū,latin,plus17
FZXIANGSU14+u01CE.png,FZXIANGSU14,u01CE,ǎ,latin,plus17
FZXIANGSU14+u01D0.png,FZXIANGSU14,u01D0,ǐ,latin,plus17
FZXIANGSU14+u01D2.png,FZXIANGSU14,u01D2,ǒ,latin,plus17
FZXIANGSU14+u01D6.png,FZXIANGSU14,u01D6,ǖ,latin,plus17
FZXIANGSU14+u01D8.png,FZXIANGSU14,u01D8,ǘ,latin,plus17
FZXIANGSU14+u01DA.png,FZXIANGSU14,u01DA,ǚ,latin,plus17
FZXIANGSU14+u3041.png,FZXIANGSU14,u3041,ぁ,kana,plus17
FZXIANGSU14+u3042.png,FZXIANGSU14,u3042,あ,kana,plus17
FZXIANGSU14+u3043.png,FZXIANGSU14,u3043,ぃ,kana,plus17
FZXIANGSU14+u3044.png,FZXIANGSU14,u3044,い,kana,plus17
FZXIANGSU14+u3045.png,FZXIANGSU14,u3045,ぅ,kana,plus17
FZXIANGSU14+u3046.png,FZXIANGSU14,u3046,う,kana,plus17
FZXIANGSU14+u3047.png,FZXIANGSU14,u3047,ぇ,kana,plus17
FZXIANGSU14+u3048.png,FZXIANGSU14,u3048,え,kana,plus17
FZXIANGSU14+u3049.png,FZXIANGSU14,u3049,ぉ,kana,plus17
FZXIANGSU14+u304A.png,FZXIANGSU14,u304A,お,kana,plus17
FZXIANGSU14+u304B.png,FZXIANGSU14,u304B,か,kana,plus17
FZXIANGSU14+u304C.png,FZXIANGSU14,u304C,が,kana,plus17
FZXIANGSU14+u304D.png,FZXIANGSU14,u304D,き,kana,plus17
FZXIANGSU14+u304E.png,FZXIANGSU14,u304E,ぎ,kana,plus17
FZXIANGSU14+u304F.png,FZXIANGSU14,u304F,く,kana,plus17
FZXIANGSU14+u3050.png,FZXIANGSU14,u3050,ぐ,kana,plus17
FZXIANGSU14+u3051.png,FZXIANGSU14,u3051,け,kana,plus17
FZXIANGSU14+u3052.png,FZXIANGSU14,u3052,げ,kana,plus17
FZXIANGSU14+u3053.png,FZXIANGSU14,u3053,こ,kana,plus17
FZXIANGSU14+u3054.png,FZXIANGSU14,u3054,ご,kana,plus17
FZXIANGSU14+u3055.png,FZXIANGSU14,u3055,さ,kana,plus17
FZXIANGSU14+u3056.png,FZXIANGSU14,u3056,ざ,kana,plus17
FZXIANGSU14+u3057.png,FZXIANGSU14,u3057,し,kana,plus17
FZXIANGSU14+u3058.png,FZXIANGSU14,u3058,じ,kana,plus17
FZXIANGSU14+u3059.png,FZXIANGSU14,u3059,す,kana,plus17
FZXIANGSU14+u305A.png,FZXIANGSU14,u305A,ず,kana,plus17
FZXIANGSU14+u305B.png,FZXIANGSU14,u305B,せ,kana,plus17
FZXIANGSU14+u305C.png,FZXIANGSU14,u305C,ぜ,kana,plus17
FZXIANGSU14+u305D.png,FZXIANGSU14,u305D,そ,kana,plus17
FZXIANGSU14+u305E.png,FZXIANGSU14,u305E,ぞ,kana,plus17
FZXIANGSU14+u305F.png,FZXIANGSU14,u305F,た,kana,plus17
FZXIANGSU14+u3060.png,FZXIANGSU14,u3060,だ,kana,plus17
FZXIANGSU14+u3061.png,FZXIANGSU14,u3061,ち,kana,plus17
FZXIANGSU14+u3062.png,FZXIANGSU14,u3062,ぢ,kana,plus17
FZXIANGSU14+u3063.png,FZXIANGSU14,u3063,っ,kana,plus17
FZXIANGSU14+u3064.png,FZXIANGSU14,u3064,つ,kana,plus17
FZXIANGSU14+u3065.png,FZXIANGSU14,u3065,づ,kana,plus17
FZXIANGSU14+u3066.png,FZXIANGSU14,u3066,て,kana,plus17
FZXIANGSU14+u3067.png,FZXIANGSU14,u3067,で,kana,plus17
FZXIANGSU14+u3068.png,FZXIANGSU14,u3068,と,kana,plus17
FZXIANGSU14+u3069.png,FZXIANGSU14,u3069,ど,kana,plus17
FZXIANGSU14+u306A.png,FZXIANGSU14,u306A,な,kana,plus17
FZXIANGSU14+u306B.png,FZXIANGSU14,u306B,に,kana,plus17
FZXIANGSU14+u306C.png,FZXIANGSU14,u306C,ぬ,kana,plus17
FZXIANGSU14+u306D.png,FZXIANGSU14,u306D,ね,kana,plus17
FZXIANGSU14+u306E.png,FZXIANGSU14,u306E,の,kana,plus17
FZXIANGSU14+u306F.png,FZXIANGSU14,u306F,は,kana,plus17
FZXIANGSU14+u3070.png,FZXIANGSU14,u3070,ば,kana,plus17
FZXIANGSU14+u3071.png,FZXIANGSU14,u3071,ぱ,kana,plus17
FZXIANGSU14+u3072.png,FZXIANGSU14,u3072,ひ,kana,plus17
FZXIANGSU14+u3073.png,FZXIANGSU14,u3073,び,kana,plus17
FZXIANGSU14+u3074.png,FZXIANGSU14,u3074,ぴ,kana,plus17
FZXIANGSU14+u3075.png,FZXIANGSU14,u3075,ふ,kana,plus17
FZXIANGSU14+u3076.png,FZXIANGSU14,u3076,ぶ,kana,plus17
FZXIANGSU14+u3077.png,FZXIANGSU14,u3077,ぷ,kana,plus17
FZXIANGSU14+u3078.png,FZXIANGSU14,u3078,へ,kana,plus17
FZXIANGSU14+u3079.png,FZXIANGSU14,u3079,べ,kana,plus17
FZXIANGSU14+u307A.png,FZXIANGSU14,u307A,ぺ,kana,plus17
FZXIANGSU14+u307B.png,FZXIANGSU14,u307B,ほ,kana,plus17
FZXIANGSU14+u307C.png,FZXIANGSU14,u307C,ぼ,kana,plus17
FZXIANGSU14+u307D.png,FZXIANGSU14,u307D,ぽ,kana,plus17
FZXIANGSU14+u307E.png,FZXIANGSU14,u307E,ま,kana,plus17
FZXIANGSU14+u307F.png,FZXIANGSU14,u307F,み,kana,plus17
FZXIANGSU14+u3080.png,FZXIANGSU14,u3080,む,kana,plus17
FZXIANGSU14+u3081.png,FZXIANGSU14,u3081,め,kana,plus17
FZXIANGSU14+u3082.png,FZXIANGSU14,u3082,も,kana,plus17
FZXIANGSU14+u3083.png,FZXIANGSU14,u3083,ゃ,kana,plus17
FZXIANGSU14+u3084.png,FZXIANGSU14,u3084,や,kana,plus17
FZXIANGSU14+u3085.png,FZXIANGSU14,u3085,ゅ,kana,plus17
FZXIANGSU14+u3086.png,FZXIANGSU14,u3086,ゆ,kana,plus17
FZXIANGSU14+u3087.png,FZXIANGSU14,u3087,ょ,kana,plus17
FZXIANGSU14+u3088.png,FZXIANGSU14,u3088,よ,kana,plus17
FZXIANGSU14+u3089.png,FZXIANGSU14,u3089,ら,kana,plus17
FZXIANGSU14+u308A.png,FZXIANGSU14,u308A,り,kana,plus17
FZXIANGSU14+u308B.png,FZXIANGSU14,u308B,る,kana,plus17
FZXIANGSU14+u308C.png,FZXIANGSU14,u308C,れ,kana,plus17
FZXIANGSU14+u308D.png,FZXIANGSU14,u308D,ろ,kana,plus17
FZXIANGSU14+u308E.png,FZXIANGSU14,u308E,ゎ,kana,plus17
FZXIANGSU14+u308F.png,FZXIANGSU14,u308F,わ,kana,plus17
FZXIANGSU14+u3090.png,FZXIANGSU14,u3090,ゐ,kana,plus17
FZXIANGSU14+u3091.png,FZXIANGSU14,u3091,ゑ,kana,plus17
FZXIANGSU14+u3092.png,FZXIANGSU14,u3092,を,kana,plus17
FZXIANGSU14+u3093.png,FZXIANGSU14,u3093,ん,kana,plus17
FZXIANGSU14+u30A1.png,FZXIANGSU14,u30A1,ァ,kana,plus17
FZXIANGSU14+u30A2.png,FZXIANGSU14,u30A2,ア,kana,plus17
FZXIANGSU14+u30A3.png,FZXIANGSU14,u30A3,ィ,kana,plus17
FZXIANGSU14+u30A4.png,FZXIANGSU14,u30A4,イ,kana,plus17
FZXIANGSU14+u30A5.png,FZXIANGSU14,u30A5,ゥ,kana,plus17
FZXIANGSU14+u30A6.png,FZXIANGSU14,u30A6,ウ,kana,plus17
FZXIANGSU14+u30A7.png,FZXIANGSU14,u30A7,ェ,kana,plus17
FZXIANGSU14+u30A8.png,FZXIANGSU14,u30A8,エ,kana,plus17
FZXIANGSU14+u30A9.png,FZXIANGSU14,u30A9,ォ,kana,plus17
FZXIANGSU14+u30AA.png,FZXIANGSU14,u30AA,オ,kana,plus17
FZXIANGSU14+u30AB.png,FZXIANGSU14,u30AB,カ,kana,plus17
FZXIANGSU14+u30AC.png,FZXIANGSU14,u30AC,ガ,kana,plus17
FZXIANGSU14+u30AD.png,FZXIANGSU14,u30AD,キ,kana,plus17
FZXIANGSU14+u30AE.png,FZXIANGSU14,u30AE,ギ,kana,plus17
FZXIANGSU14+u30AF.png,FZXIANGSU14,u30AF,ク,kana,plus17
FZXIANGSU14+u30B0.png,FZXIANGSU14,u30B0,グ,kana,plus17
FZXIANGSU14+u30B1.png,FZXIANGSU14,u30B1,ケ,kana,plus17
FZXIANGSU14+u30B2.png,FZXIANGSU14,u30B2,ゲ,kana,plus17
FZXIANGSU14+u30B3.png,FZXIANGSU14,u30B3,コ,kana,plus17
FZXIANGSU14+u30B4.png,FZXIANGSU14,u30B4,ゴ,kana,plus17
FZXIANGSU14+u30B5.png,FZXIANGSU14,u30B5,サ,kana,plus17
FZXIANGSU14+u30B6.png,FZXIANGSU14,u30B6,ザ,kana,plus17
FZXIANGSU14+u30B7.png,FZXIANGSU14,u30B7,シ,kana,plus17
FZXIANGSU14+u30B8.png,FZXIANGSU14,u30B8,ジ,kana,plus17
FZXIANGSU14+u30B9.png,FZXIANGSU14,u30B9,ス,kana,plus17
FZXIANGSU14+u30BA.png,FZXIANGSU14,u30BA,ズ,kana,plus17
FZXIANGSU14+u30BB.png,FZXIANGSU14,u30BB,セ,kana,plus17
FZXIANGSU14+u30BC.png,FZXIANGSU14,u30BC,ゼ,kana,plus17
FZXIANGSU14+u30BD.png,FZXIANGSU14,u30BD,ソ,kana,plus17
FZXIANGSU14+u30BE.png,FZXIANGSU14,u30BE,ゾ,kana,plus17
FZXIANGSU14+u30BF.png,FZXIANGSU14,u30BF,タ,kana,plus17
FZXIANGSU14+u30C0.png,FZXIANGSU14,u30C0,ダ,kana,plus17
FZXIANGSU14+u30C1.png,FZXIANGSU14,u30C1,チ,kana,plus17
FZXIANGSU14+u30C2.png,FZXIANGSU14,u30C2,ヂ,kana,plus17
FZXIANGSU14+u30C3.png,FZXIANGSU14,u30C3,ッ,kana,plus17
FZXIANGSU14+u30C4.png,FZXIANGSU14,u30C4,ツ,kana,plus17
FZXIANGSU14+u30C5.png,FZXIANGSU14,u30C5,ヅ,kana,plus17
FZXIANGSU14+u30C6.png,FZXIANGSU14,u30C6,テ,kana,plus17
FZXIANGSU14+u30C7.png,FZXIANGSU14,u30C7,デ,kana,plus17
FZXIANGSU14+u30C8.png,FZXIANGSU14,u30C8,ト,kana,plus17
FZXIANGSU14+u30C9.png,FZXIANGSU14,u30C9,ド,kana,plus17
FZXIANGSU14+u30CA.png,FZXIANGSU14,u30CA,ナ,kana,plus17
FZXIANGSU14+u30CB.png,FZXIANGSU14,u30CB,ニ,kana,plus17
FZXIANGSU14+u30CC.png,FZXIANGSU14,u30CC,ヌ,kana,plus17
FZXIANGSU14+u30CD.png,FZXIANGSU14,u30CD,ネ,kana,plus17
FZXIANGSU14+u30CE.png,FZXIANGSU14,u30CE,ノ,kana,plus17
FZXIANGSU14+u30CF.png,FZXIANGSU14,u30CF,ハ,kana,plus17
FZXIANGSU14+u30D0.png,FZXIANGSU14,u30D0,バ,kana,plus17
FZXIANGSU14+u30D1.png,FZXIANGSU14,u30D1,パ,kana,plus17
FZXIANGSU14+u30D2.png,FZXIANGSU14,u30D2,ヒ,kana,plus17
FZXIANGSU14+u30D3.png,FZXIANGSU14,u30D3,ビ,kana,plus17
FZXIANGSU14+u30D4.png,FZXIANGSU14,u30D4,ピ,kana,plus17
FZXIANGSU14+u30D5.png,FZXIANGSU14,u30D5,フ,kana,plus17
FZXIANGSU14+u30D6.png,FZXIANGSU14,u30D6,ブ,kana,plus17
FZXIANGSU14+u30D7.png,FZXIANGSU14,u30D7,プ,kana,plus17
FZXIANGSU14+u30D8.png,FZXIANGSU14,u30D8,ヘ,kana,plus17
FZXIANGSU14+u30D9.png,FZXIANGSU14,u30D9,ベ,kana,plus17
FZXIANGSU14+u30DA.png,FZXIANGSU14,u30DA,ペ,kana,plus17
FZXIANGSU14+u30DB.png,FZXIANGSU14,u30DB,ホ,kana,plus17
FZXIANGSU14+u30DC.png,FZXIANGSU14,u30DC,ボ,kana,plus17
FZXIANGSU14+u30DD.png,FZXIANGSU14,u30DD,ポ,kana,plus17
FZXIANGSU14+u30DE.png,FZXIANGSU14,u30DE,マ,kana,plus17
FZXIANGSU14+u30DF.png,FZXIANGSU14,u30DF,ミ,kana,plus17
FZXIANGSU14+u30E0.png,FZXIANGSU14,u30E0,ム,kana,plus17
FZXIANGSU14+u30E1.png,FZXIANGSU14,u30E1,メ,kana,plus17
FZXIANGSU14+u30E2.png,FZXIANGSU14,u30E2,モ,kana,plus17
FZXIANGSU14+u30E3.png,FZXIANGSU14,u30E3,ャ,kana,plus17
FZXIANGSU14+u30E4.png,FZXIANGSU14,u30E4,ヤ,kana,plus17
FZXIANGSU14+u30E5.png,FZXIANGSU14,u30E5,ュ,kana,plus17
FZXIANGSU14+u30E6.png,FZXIANGSU14,u30E6,ユ,kana,plus17
FZXIANGSU14+u30E7.png,FZXIANGSU14,u30E7,ョ,kana,plus17
FZXIANGSU14+u30E8.png,FZXIANGSU14,u30E8,ヨ,kana,plus17
FZXIANGSU14+u30E9.png,FZXIANGSU14,u30E9,ラ,kana,plus17
FZXIANGSU14+u30EA.png,FZXIANGSU14,u30EA,リ,kana,plus17
FZXIANGSU14+u30EB.png,FZXIANGSU14,u30EB,ル,kana,plus17
FZXIANGSU14+u30EC.png,FZXIANGSU14,u30EC,レ,kana,plus17
FZXIANGSU14+u30ED.png,FZXIANGSU14,u30ED,ロ,kana,plus17
FZXIANGSU14+u30EE.png,FZXIANGSU14,u30EE,ヮ,kana,plus17
FZXIANGSU14+u30EF.png,FZXIANGSU14,u30EF,ワ,kana,plus17
FZXIANGSU14+u30F0.png,FZXIANGSU14,u30F0,ヰ,kana,plus17
FZXIANGSU14+u30F1.png,FZXIANGSU14,u30F1,ヱ,kana,plus17
FZXIANGSU14+u30F2.png,FZXIANGSU14,u30F2,ヲ,kana,plus17
FZXIANGSU14+u30F3.png,FZXIANGSU14,u30F3,ン,kana,plus17
FZXIANGSU14+u30F4.png,FZXIANGSU14,u30F4,ヴ,kana,plus17
FZXIANGSU14+u30F5.png,FZXIANGSU14,u30F5,ヵ,kana,plus17
FZXIANGSU14+u30F6.png,FZXIANGSU14,u30F6,ヶ,kana,plus17
FZXIANGSU14+u3105.png,FZXIANGSU14,u3105,ㄅ,bopomofo,plus17
FZXIANGSU14+u3106.png,FZXIANGSU14,u3106,ㄆ,bopomofo,plus17
FZXIANGSU14+u3107.png,FZXIANGSU14,u3107,ㄇ,bopomofo,plus17
FZXIANGSU14+u3108.png,FZXIANGSU14,u3108,ㄈ,bopomofo,plus17
FZXIANGSU14+u3109.png,FZXIANGSU14,u3109,ㄉ,bopomofo,plus17
FZXIANGSU14+u310A.png,FZXIANGSU14,u310A,ㄊ,bopomofo,plus17
FZXIANGSU14+u310B.png,FZXIANGSU14,u310B,ㄋ,bopomofo,plus17
FZXIANGSU14+u310C.png,FZXIANGSU14,u310C,ㄌ,bopomofo,plus17
FZXIANGSU14+u310D.png,FZXIANGSU14,u310D,ㄍ,bopomofo,plus17
FZXIANGSU14+u310E.png,FZXIANGSU14,u310E,ㄎ,bopomofo,plus17
FZXIANGSU14+u310F.png,FZXIANGSU14,u310F,ㄏ,bopomofo,plus17
FZXIANGSU14+u3110.png,FZXIANGSU14,u3110,ㄐ,bopomofo,plus17
FZXIANGSU14+u3111.png,FZXIANGSU14,u3111,ㄑ,bopomofo,plus17
FZXIANGSU14+u3112.png,FZXIANGSU14,u3112,ㄒ,bopomofo,plus17
FZXIANGSU14+u3113.png,FZXIANGSU14,u3113,ㄓ,bopomofo,plus17
FZXIANGSU14+u3114.png,FZXIANGSU14,u3114,ㄔ,bopomofo,plus17
FZXIANGSU14+u3115.png,FZXIANGSU14,u3115,ㄕ,bopomofo,plus17
FZXIANGSU14+u3116.png,FZXIANGSU14,u3116,ㄖ,bopomofo,plus17
FZXIANGSU14+u3117.png,FZXIANGSU14,u3117,ㄗ,bopomofo,plus17
FZXIANGSU14+u3118.png,FZXIANGSU14,u3118,ㄘ,bopomofo,plus17
FZXIANGSU14+u3119.png,FZXIANGSU14,u3119,ㄙ,bopomofo,plus17
FZXIANGSU14+u311A.png,FZXIANGSU14,u311A,ㄚ,bopomofo,plus17
FZXIANGSU14+u311B.png,FZXIANGSU14,u311B,ㄛ,bopomofo,plus17
FZXIANGSU14+u311C.png,FZXIANGSU14,u311C,ㄜ,bopomofo,plus17
FZXIANGSU14+u311D.png,FZXIANGSU14,u311D,ㄝ,bopomofo,plus17
FZXIANGSU14+u311E.png,FZXIANGSU14,u311E,ㄞ,bopomofo,plus17
FZXIANGSU14+u311F.png,FZXIANGSU14,u311F,ㄟ,bopomofo,plus17
FZXIANGSU14+u3120.png,FZXIANGSU14,u3120,ㄠ,bopomofo,plus17
FZXIANGSU14+u3121.png,FZXIANGSU14,u3121,ㄡ,bopomofo,plus17
FZXIANGSU14+u3122.png,FZXIANGSU14,u3122,ㄢ,bopomofo,plus17
FZXIANGSU14+u3123.png,FZXIANGSU14,u3123,ㄣ,bopomofo,plus17
FZXIANGSU14+u3124.png,FZXIANGSU14,u3124,ㄤ,bopomofo,plus17
FZXIANGSU14+u3125.png,FZXIANGSU14,u3125,ㄥ,bopomofo,plus17
FZXIANGSU14+u3126.png,FZXIANGSU14,u3126,ㄦ,bopomofo,plus17
FZXIANGSU14+u3127.png,FZXIANGSU14,u3127,ㄧ,bopomofo,plus17
FZXIANGSU14+u3128.png,FZXIANGSU14,u3128,ㄨ,bopomofo,plus17
FZXIANGSU14+u3129.png,FZXIANGSU14,u3129,ㄩ,bopomofo,plus17
FZXIANGSU16+u0030.png,FZXIANGSU16,u0030,0,latin,plus17
FZXIANGSU16+u0032.png,FZXIANGSU16,u0032,2,latin,plus17
FZXIANGSU16+u0033.png,FZXIANGSU16,u0033,3,latin,plus17
FZXIANGSU16+u0034.png,FZXIANGSU16,u0034,4,latin,plus17
FZXIANGSU16+u0035.png,FZXIANGSU16,u0035,5,latin,plus17
FZXIANGSU16+u0036.png,FZXIANGSU16,u0036,6,latin,plus17
FZXIANGSU16+u0037.png,FZXIANGSU16,u0037,7,latin,plus17
FZXIANGSU16+u0038.png,FZXIANGSU16,u0038,8,latin,plus17
FZXIANGSU16+u0039.png,FZXIANGSU16,u0039,9,latin,plus17
FZXIANGSU16+u0041.png,FZXIANGSU16,u0041,A,latin,plus17
FZXIANGSU16+u0042.png,FZXIANGSU16,u0042,B,latin,plus17
FZXIANGSU16+u0043.png,FZXIANGSU16,u0043,C,latin,plus17
FZXIANGSU16+u0044.png,FZXIANGSU16,u0044,D,latin,plus17
FZXIANGSU16+u0045.png,FZXIANGSU16,u0045,E,latin,plus17
FZXIANGSU16+u0046.png,FZXIANGSU16,u0046,F,latin,plus17
FZXIANGSU16+u0047.png,FZXIANGSU16,u0047,G,latin,plus17
FZXIANGSU16+u0048.png,FZXIANGSU16,u0048,H,latin,plus17
FZXIANGSU16+u0049.png,FZXIANGSU16,u0049,I,latin,plus17
FZXIANGSU16+u004A.png,FZXIANGSU16,u004A,J,latin,plus17
FZXIANGSU16+u004B.png,FZXIANGSU16,u004B,K,latin,plus17
FZXIANGSU16+u004C.png,FZXIANGSU16,u004C,L,latin,plus17
FZXIANGSU16+u004D.png,FZXIANGSU16,u004D,M,latin,plus17
FZXIANGSU16+u004E.png,FZXIANGSU16,u004E,N,latin,plus17
FZXIANGSU16+u004F.png,FZXIANGSU16,u004F,O,latin,plus17
FZXIANGSU16+u0050.png,FZXIANGSU16,u0050,P,latin,plus17
FZXIANGSU16+u0051.png,FZXIANGSU16,u0051,Q,latin,plus17
FZXIANGSU16+u0052.png,FZXIANGSU16,u0052,R,latin,plus17
FZXIANGSU16+u0053.png,FZXIANGSU16,u0053,S,latin,plus17
FZXIANGSU16+u0055.png,FZXIANGSU16,u0055,U,latin,plus17
FZXIANGSU16+u0056.png,FZXIANGSU16,u0056,V,latin,plus17
FZXIANGSU16+u0057.png,FZXIANGSU16,u0057,W,latin,plus17
FZXIANGSU16+u0059.png,FZXIANGSU16,u0059,Y,latin,plus17
FZXIANGSU16+u005A.png,FZXIANGSU16,u005A,Z,latin,plus17
FZXIANGSU16+u0062.png,FZXIANGSU16,u0062,b,latin,plus17
FZXIANGSU16+u0063.png,FZXIANGSU16,u0063,c,latin,plus17
FZXIANGSU16+u0065.png,FZXIANGSU16,u0065,e,latin,plus17
FZXIANGSU16+u0066.png,FZXIANGSU16,u0066,f,latin,plus17
FZXIANGSU16+u0067.png,FZXIANGSU16,u0067,g,latin,plus17
FZXIANGSU16+u0068.png,FZXIANGSU16,u0068,h,latin,plus17
FZXIANGSU16+u0069.png,FZXIANGSU16,u0069,i,latin,plus17
FZXIANGSU16+u006A.png,FZXIANGSU16,u006A,j,latin,plus17
FZXIANGSU16+u006C.png,FZXIANGSU16,u006C,l,latin,plus17
FZXIANGSU16+u006D.png,FZXIANGSU16,u006D,m,latin,plus17
FZXIANGSU16+u006E.png,FZXIANGSU16,u006E,n,latin,plus17
FZXIANGSU16+u006F.png,FZXIANGSU16,u006F,o,latin,plus17
FZXIANGSU16+u0070.png,FZXIANGSU16,u0070,p,latin,plus17
FZXIANGSU16+u0071.png,FZXIANGSU16,u0071,q,latin,plus17
FZXIANGSU16+u0072.png,FZXIANGSU16,u0072,r,latin,plus17
FZXIANGSU16+u0073.png,FZXIANGSU16,u0073,s,latin,plus17
FZXIANGSU16+u0074.png,FZXIANGSU16,u0074,t,latin,plus17
FZXIANGSU16+u0076.png,FZXIANGSU16,u0076,v,latin,plus17
FZXIANGSU16+u0077.png,FZXIANGSU16,u0077,w,latin,plus17
FZXIANGSU16+u0078.png,FZXIANGSU16,u0078,x,latin,plus17
FZXIANGSU16+u007A.png,FZXIANGSU16,u007A,z,latin,plus17
FZXIANGSU24+u0030.png,FZXIANGSU24,u0030,0,latin,plus17
FZXIANGSU24+u0032.png,FZXIANGSU24,u0032,2,latin,plus17
FZXIANGSU24+u0033.png,FZXIANGSU24,u0033,3,latin,plus17
FZXIANGSU24+u0034.png,FZXIANGSU24,u0034,4,latin,plus17
FZXIANGSU24+u0035.png,FZXIANGSU24,u0035,5,latin,plus17
FZXIANGSU24+u0036.png,FZXIANGSU24,u0036,6,latin,plus17
FZXIANGSU24+u0037.png,FZXIANGSU24,u0037,7,latin,plus17
FZXIANGSU24+u0038.png,FZXIANGSU24,u0038,8,latin,plus17
FZXIANGSU24+u0039.png,FZXIANGSU24,u0039,9,latin,plus17
FZXIANGSU24+u0041.png,FZXIANGSU24,u0041,A,latin,plus17
FZXIANGSU24+u0042.png,FZXIANGSU24,u0042,B,latin,plus17
FZXIANGSU24+u0043.png,FZXIANGSU24,u0043,C,latin,plus17
FZXIANGSU24+u0044.png,FZXIANGSU24,u0044,D,latin,plus17
FZXIANGSU24+u0045.png,FZXIANGSU24,u0045,E,latin,plus17
FZXIANGSU24+u0046.png,FZXIANGSU24,u0046,F,latin,plus17
FZXIANGSU24+u0047.png,FZXIANGSU24,u0047,G,latin,plus17
FZXIANGSU24+u0048.png,FZXIANGSU24,u0048,H,latin,plus17
FZXIANGSU24+u0049.png,FZXIANGSU24,u0049,I,latin,plus17
FZXIANGSU24+u004A.png,FZXIANGSU24,u004A,J,latin,plus17
FZXIANGSU24+u004B.png,FZXIANGSU24,u004B,K,latin,plus17
FZXIANGSU24+u004C.png,FZXIANGSU24,u004C,L,latin,plus17
FZXIANGSU24+u004D.png,FZXIANGSU24,u004D,M,latin,plus17
FZXIANGSU24+u004E.png,FZXIANGSU24,u004E,N,latin,plus17
FZXIANGSU24+u004F.png,FZXIANGSU24,u004F,O,latin,plus17
FZXIANGSU24+u0050.png,FZXIANGSU24,u0050,P,latin,plus17
FZXIANGSU24+u0051.png,FZXIANGSU24,u0051,Q,latin,plus17
FZXIANGSU24+u0052.png,FZXIANGSU24,u0052,R,latin,plus17
FZXIANGSU24+u0053.png,FZXIANGSU24,u0053,S,latin,plus17
FZXIANGSU24+u0055.png,FZXIANGSU24,u0055,U,latin,plus17
FZXIANGSU24+u0056.png,FZXIANGSU24,u0056,V,latin,plus17
FZXIANGSU24+u0057.png,FZXIANGSU24,u0057,W,latin,plus17
FZXIANGSU24+u0059.png,FZXIANGSU24,u0059,Y,latin,plus17
FZXIANGSU24+u005A.png,FZXIANGSU24,u005A,Z,latin,plus17
FZXIANGSU24+u0062.png,FZXIANGSU24,u0062,b,latin,plus17
FZXIANGSU24+u0063.png,FZXIANGSU24,u0063,c,latin,plus17
FZXIANGSU24+u0065.png,FZXIANGSU24,u0065,e,latin,plus17
FZXIANGSU24+u0066.png,FZXIANGSU24,u0066,f,latin,plus17
FZXIANGSU24+u0067.png,FZXIANGSU24,u0067,g,latin,plus17
FZXIANGSU24+u0068.png,FZXIANGSU24,u0068,h,latin,plus17
FZXIANGSU24+u0069.png,FZXIANGSU24,u0069,i,latin,plus17
FZXIANGSU24+u006A.png,FZXIANGSU24,u006A,j,latin,plus17
FZXIANGSU24+u006C.png,FZXIANGSU24,u006C,l,latin,plus17
FZXIANGSU24+u006D.png,FZXIANGSU24,u006D,m,latin,plus17
FZXIANGSU24+u006E.png,FZXIANGSU24,u006E,n,latin,plus17
FZXIANGSU24+u006F.png,FZXIANGSU24,u006F,o,latin,plus17
FZXIANGSU24+u0070.png,FZXIANGSU24,u0070,p,latin,plus17
FZXIANGSU24+u0071.png,FZXIANGSU24,u0071,q,latin,plus17
FZXIANGSU24+u0072.png,FZXIANGSU24,u0072,r,latin,plus17
FZXIANGSU24+u0073.png,FZXIANGSU24,u0073,s,latin,plus17
FZXIANGSU24+u0074.png,FZXIANGSU24,u0074,t,latin,plus17
FZXIANGSU24+u0076.png,FZXIANGSU24,u0076,v,latin,plus17
FZXIANGSU24+u0077.png,FZXIANGSU24,u0077,w,latin,plus17
FZXIANGSU24+u0078.png,FZXIANGSU24,u0078,x,latin,plus17
FZXIANGSU24+u007A.png,FZXIANGSU24,u007A,z,latin,plus17
FZXIANGSU24+u00E1.png,FZXIANGSU24,u00E1,á,latin,plus17
FZXIANGSU24+u00E8.png,FZXIANGSU24,u00E8,è,latin,plus17
FZXIANGSU24+u00E9.png,FZXIANGSU24,u00E9,é,latin,plus17
FZXIANGSU24+u00EA.png,FZXIANGSU24,u00EA,ê,latin,plus17
FZXIANGSU24+u00ED.png,FZXIANGSU24,u00ED,í,latin,plus17
FZXIANGSU24+u00F2.png,FZXIANGSU24,u00F2,ò,latin,plus17
FZXIANGSU24+u00F3.png,FZXIANGSU24,u00F3,ó,latin,plus17
FZXIANGSU24+u00F9.png,FZXIANGSU24,u00F9,ù,latin,plus17
FZXIANGSU24+u00FA.png,FZXIANGSU24,u00FA,ú,latin,plus17
FZXIANGSU24+u00FC.png,FZXIANGSU24,u00FC,ü,latin,plus17
FZXIANGSU24+u0101.png,FZXIANGSU24,u0101,ā,latin,plus17
FZXIANGSU24+u0113.png,FZXIANGSU24,u0113,ē,latin,plus17
FZXIANGSU24+u011B.png,FZXIANGSU24,u011B,ě,latin,plus17
FZXIANGSU24+u012B.png,FZXIANGSU24,u012B,ī,latin,plus17
FZXIANGSU24+u014D.png,FZXIANGSU24,u014D,ō,latin,plus17
FZXIANGSU24+u016B.png,FZXIANGSU24,u016B,ū,latin,plus17
FZXIANGSU24+u01CE.png,FZXIANGSU24,u01CE,ǎ,latin,plus17
FZXIANGSU24+u01D0.png,FZXIANGSU24,u01D0,ǐ,latin,plus17
FZXIANGSU24+u01D2.png,FZXIANGSU24,u01D2,ǒ,latin,plus17
FZXIANGSU24+u01D6.png,FZXIANGSU24,u01D6,ǖ,latin,plus17
FZXIANGSU24+u01D8.png,FZXIANGSU24,u01D8,ǘ,latin,plus17
FZXIANGSU24+u01DA.png,FZXIANGSU24,u01DA,ǚ,latin,plus17
FZXIANGSU24+u3041.png,FZXIANGSU24,u3041,ぁ,kana,plus17
FZXIANGSU24+u3042.png,FZXIANGSU24,u3042,あ,kana,plus17
FZXIANGSU24+u3043.png,FZXIANGSU24,u3043,ぃ,kana,plus17
FZXIANGSU24+u3044.png,FZXIANGSU24,u3044,い,kana,plus17
FZXIANGSU24+u3045.png,FZXIANGSU24,u3045,ぅ,kana,plus17
FZXIANGSU24+u3046.png,FZXIANGSU24,u3046,う,kana,plus17
FZXIANGSU24+u3047.png,FZXIANGSU24,u3047,ぇ,kana,plus17
FZXIANGSU24+u3048.png,FZXIANGSU24,u3048,え,kana,plus17
FZXIANGSU24+u3049.png,FZXIANGSU24,u3049,ぉ,kana,plus17
FZXIANGSU24+u304A.png,FZXIANGSU24,u304A,お,kana,plus17
FZXIANGSU24+u304B.png,FZXIANGSU24,u304B,か,kana,plus17
FZXIANGSU24+u304C.png,FZXIANGSU24,u304C,が,kana,plus17
FZXIANGSU24+u304D.png,FZXIANGSU24,u304D,き,kana,plus17
FZXIANGSU24+u304E.png,FZXIANGSU24,u304E,ぎ,kana,plus17
FZXIANGSU24+u304F.png,FZXIANGSU24,u304F,く,kana,plus17
FZXIANGSU24+u3050.png,FZXIANGSU24,u3050,ぐ,kana,plus17
FZXIANGSU24+u3051.png,FZXIANGSU24,u3051,け,kana,plus17
FZXIANGSU24+u3052.png,FZXIANGSU24,u3052,げ,kana,plus17
FZXIANGSU24+u3053.png,FZXIANGSU24,u3053,こ,kana,plus17
FZXIANGSU24+u3054.png,FZXIANGSU24,u3054,ご,kana,plus17
FZXIANGSU24+u3055.png,FZXIANGSU24,u3055,さ,kana,plus17
FZXIANGSU24+u3056.png,FZXIANGSU24,u3056,ざ,kana,plus17
FZXIANGSU24+u3057.png,FZXIANGSU24,u3057,し,kana,plus17
FZXIANGSU24+u3058.png,FZXIANGSU24,u3058,じ,kana,plus17
FZXIANGSU24+u3059.png,FZXIANGSU24,u3059,す,kana,plus17
FZXIANGSU24+u305A.png,FZXIANGSU24,u305A,ず,kana,plus17
FZXIANGSU24+u305B.png,FZXIANGSU24,u305B,せ,kana,plus17
FZXIANGSU24+u305C.png,FZXIANGSU24,u305C,ぜ,kana,plus17
FZXIANGSU24+u305D.png,FZXIANGSU24,u305D,そ,kana,plus17
FZXIANGSU24+u305E.png,FZXIANGSU24,u305E,ぞ,kana,plus17
FZXIANGSU24+u305F.png,FZXIANGSU24,u305F,た,kana,plus17
FZXIANGSU24+u3060.png,FZXIANGSU24,u3060,だ,kana,plus17
FZXIANGSU24+u3061.png,FZXIANGSU24,u3061,ち,kana,plus17
FZXIANGSU24+u3062.png,FZXIANGSU24,u3062,ぢ,kana,plus17
FZXIANGSU24+u3063.png,FZXIANGSU24,u3063,っ,kana,plus17
FZXIANGSU24+u3064.png,FZXIANGSU24,u3064,つ,kana,plus17
FZXIANGSU24+u3065.png,FZXIANGSU24,u3065,づ,kana,plus17
FZXIANGSU24+u3066.png,FZXIANGSU24,u3066,て,kana,plus17
FZXIANGSU24+u3067.png,FZXIANGSU24,u3067,で,kana,plus17
FZXIANGSU24+u3068.png,FZXIANGSU24,u3068,と,kana,plus17
FZXIANGSU24+u3069.png,FZXIANGSU24,u3069,ど,kana,plus17
FZXIANGSU24+u306A.png,FZXIANGSU24,u306A,な,kana,plus17
FZXIANGSU24+u306B.png,FZXIANGSU24,u306B,に,kana,plus17
FZXIANGSU24+u306C.png,FZXIANGSU24,u306C,ぬ,kana,plus17
FZXIANGSU24+u306D.png,FZXIANGSU24,u306D,ね,kana,plus17
FZXIANGSU24+u306E.png,FZXIANGSU24,u306E,の,kana,plus17
FZXIANGSU24+u306F.png,FZXIANGSU24,u306F,は,kana,plus17
FZXIANGSU24+u3070.png,FZXIANGSU24,u3070,ば,kana,plus17
FZXIANGSU24+u3071.png,FZXIANGSU24,u3071,ぱ,kana,plus17
FZXIANGSU24+u3072.png,FZXIANGSU24,u3072,ひ,kana,plus17
FZXIANGSU24+u3073.png,FZXIANGSU24,u3073,び,kana,plus17
FZXIANGSU24+u3074.png,FZXIANGSU24,u3074,ぴ,kana,plus17
FZXIANGSU24+u3075.png,FZXIANGSU24,u3075,ふ,kana,plus17
FZXIANGSU24+u3076.png,FZXIANGSU24,u3076,ぶ,kana,plus17
FZXIANGSU24+u3077.png,FZXIANGSU24,u3077,ぷ,kana,plus17
FZXIANGSU24+u3078.png,FZXIANGSU24,u3078,へ,kana,plus17
FZXIANGSU24+u3079.png,FZXIANGSU24,u3079,べ,kana,plus17
FZXIANGSU24+u307A.png,FZXIANGSU24,u307A,ぺ,kana,plus17
FZXIANGSU24+u307B.png,FZXIANGSU24,u307B,ほ,kana,plus17
FZXIANGSU24+u307C.png,FZXIANGSU24,u307C,ぼ,kana,plus17
FZXIANGSU24+u307D.png,FZXIANGSU24,u307D,ぽ,kana,plus17
FZXIANGSU24+u307E.png,FZXIANGSU24,u307E,ま,kana,plus17
FZXIANGSU24+u307F.png,FZXIANGSU24,u307F,み,kana,plus17
FZXIANGSU24+u3080.png,FZXIANGSU24,u3080,む,kana,plus17
FZXIANGSU24+u3081.png,FZXIANGSU24,u3081,め,kana,plus17
FZXIANGSU24+u3082.png,FZXIANGSU24,u3082,も,kana,plus17
FZXIANGSU24+u3083.png,FZXIANGSU24,u3083,ゃ,kana,plus17
FZXIANGSU24+u3084.png,FZXIANGSU24,u3084,や,kana,plus17
FZXIANGSU24+u3085.png,FZXIANGSU24,u3085,ゅ,kana,plus17
FZXIANGSU24+u3086.png,FZXIANGSU24,u3086,ゆ,kana,plus17
FZXIANGSU24+u3087.png,FZXIANGSU24,u3087,ょ,kana,plus17
FZXIANGSU24+u3088.png,FZXIANGSU24,u3088,よ,kana,plus17
FZXIANGSU24+u3089.png,FZXIANGSU24,u3089,ら,kana,plus17
FZXIANGSU24+u308A.png,FZXIANGSU24,u308A,り,kana,plus17
FZXIANGSU24+u308B.png,FZXIANGSU24,u308B,る,kana,plus17
FZXIANGSU24+u308C.png,FZXIANGSU24,u308C,れ,kana,plus17
FZXIANGSU24+u308D.png,FZXIANGSU24,u308D,ろ,kana,plus17
FZXIANGSU24+u308E.png,FZXIANGSU24,u308E,ゎ,kana,plus17
FZXIANGSU24+u308F.png,FZXIANGSU24,u308F,わ,kana,plus17
FZXIANGSU24+u3090.png,FZXIANGSU24,u3090,ゐ,kana,plus17
FZXIANGSU24+u3091.png,FZXIANGSU24,u3091,ゑ,kana,plus17
FZXIANGSU24+u3092.png,FZXIANGSU24,u3092,を,kana,plus17
FZXIANGSU24+u3093.png,FZXIANGSU24,u3093,ん,kana,plus17
FZXIANGSU24+u30A1.png,FZXIANGSU24,u30A1,ァ,kana,plus17
FZXIANGSU24+u30A2.png,FZXIANGSU24,u30A2,ア,kana,plus17
FZXIANGSU24+u30A3.png,FZXIANGSU24,u30A3,ィ,kana,plus17
FZXIANGSU24+u30A4.png,FZXIANGSU24,u30A4,イ,kana,plus17
FZXIANGSU24+u30A5.png,FZXIANGSU24,u30A5,ゥ,kana,plus17
FZXIANGSU24+u30A6.png,FZXIANGSU24,u30A6,ウ,kana,plus17
FZXIANGSU24+u30A7.png,FZXIANGSU24,u30A7,ェ,kana,plus17
FZXIANGSU24+u30A8.png,FZXIANGSU24,u30A8,エ,kana,plus17
FZXIANGSU24+u30A9.png,FZXIANGSU24,u30A9,ォ,kana,plus17
FZXIANGSU24+u30AA.png,FZXIANGSU24,u30AA,オ,kana,plus17
FZXIANGSU24+u30AB.png,FZXIANGSU24,u30AB,カ,kana,plus17
FZXIANGSU24+u30AC.png,FZXIANGSU24,u30AC,ガ,kana,plus17
FZXIANGSU24+u30AD.png,FZXIANGSU24,u30AD,キ,kana,plus17
FZXIANGSU24+u30AE.png,FZXIANGSU24,u30AE,ギ,kana,plus17
FZXIANGSU24+u30AF.png,FZXIANGSU24,u30AF,ク,kana,plus17
FZXIANGSU24+u30B0.png,FZXIANGSU24,u30B0,グ,kana,plus17
FZXIANGSU24+u30B1.png,FZXIANGSU24,u30B1,ケ,kana,plus17
FZXIANGSU24+u30B2.png,FZXIANGSU24,u30B2,ゲ,kana,plus17
FZXIANGSU24+u30B3.png,FZXIANGSU24,u30B3,コ,kana,plus17
FZXIANGSU24+u30B4.png,FZXIANGSU24,u30B4,ゴ,kana,plus17
FZXIANGSU24+u30B5.png,FZXIANGSU24,u30B5,サ,kana,plus17
FZXIANGSU24+u30B6.png,FZXIANGSU24,u30B6,ザ,kana,plus17
FZXIANGSU24+u30B7.png,FZXIANGSU24,u30B7,シ,kana,plus17
FZXIANGSU24+u30B8.png,FZXIANGSU24,u30B8,ジ,kana,plus17
FZXIANGSU24+u30B9.png,FZXIANGSU24,u30B9,ス,kana,plus17
FZXIANGSU24+u30BA.png,FZXIANGSU24,u30BA,ズ,kana,plus17
FZXIANGSU24+u30BB.png,FZXIANGSU24,u30BB,セ,kana,plus17
FZXIANGSU24+u30BC.png,FZXIANGSU24,u30BC,ゼ,kana,plus17
FZXIANGSU24+u30BD.png,FZXIANGSU24,u30BD,ソ,kana,plus17
FZXIANGSU24+u30BE.png,FZXIANGSU24,u30BE,ゾ,kana,plus17
FZXIANGSU24+u30BF.png,FZXIANGSU24,u30BF,タ,kana,plus17
FZXIANGSU24+u30C0.png,FZXIANGSU24,u30C0,ダ,kana,plus17
FZXIANGSU24+u30C1.png,FZXIANGSU24,u30C1,チ,kana,plus17
FZXIANGSU24+u30C2.png,FZXIANGSU24,u30C2,ヂ,kana,plus17
FZXIANGSU24+u30C3.png,FZXIANGSU24,u30C3,ッ,kana,plus17
FZXIANGSU24+u30C4.png,FZXIANGSU24,u30C4,ツ,kana,plus17
FZXIANGSU24+u30C5.png,FZXIANGSU24,u30C5,ヅ,kana,plus17
FZXIANGSU24+u30C6.png,FZXIANGSU24,u30C6,テ,kana,plus17
FZXIANGSU24+u30C7.png,FZXIANGSU24,u30C7,デ,kana,plus17
FZXIANGSU24+u30C8.png,FZXIANGSU24,u30C8,ト,kana,plus17
FZXIANGSU24+u30C9.png,FZXIANGSU24,u30C9,ド,kana,plus17
FZXIANGSU24+u30CA.png,FZXIANGSU24,u30CA,ナ,kana,plus17
FZXIANGSU24+u30CB.png,FZXIANGSU24,u30CB,ニ,kana,plus17
FZXIANGSU24+u30CC.png,FZXIANGSU24,u30CC,ヌ,kana,plus17
FZXIANGSU24+u30CD.png,FZXIANGSU24,u30CD,ネ,kana,plus17
FZXIANGSU24+u30CE.png,FZXIANGSU24,u30CE,ノ,kana,plus17
FZXIANGSU24+u30CF.png,FZXIANGSU24,u30CF,ハ,kana,plus17
FZXIANGSU24+u30D0.png,FZXIANGSU24,u30D0,バ,kana,plus17
FZXIANGSU24+u30D1.png,FZXIANGSU24,u30D1,パ,kana,plus17
FZXIANGSU24+u30D2.png,FZXIANGSU24,u30D2,ヒ,kana,plus17
FZXIANGSU24+u30D3.png,FZXIANGSU24,u30D3,ビ,kana,plus17
FZXIANGSU24+u30D4.png,FZXIANGSU24,u30D4,ピ,kana,plus17
FZXIANGSU24+u30D5.png,FZXIANGSU24,u30D5,フ,kana,plus17
FZXIANGSU24+u30D6.png,FZXIANGSU24,u30D6,ブ,kana,plus17
FZXIANGSU24+u30D7.png,FZXIANGSU24,u30D7,プ,kana,plus17
FZXIANGSU24+u30D8.png,FZXIANGSU24,u30D8,ヘ,kana,plus17
FZXIANGSU24+u30D9.png,FZXIANGSU24,u30D9,ベ,kana,plus17
FZXIANGSU24+u30DA.png,FZXIANGSU24,u30DA,ペ,kana,plus17
FZXIANGSU24+u30DB.png,FZXIANGSU24,u30DB,ホ,kana,plus17
FZXIANGSU24+u30DC.png,FZXIANGSU24,u30DC,ボ,kana,plus17
FZXIANGSU24+u30DD.png,FZXIANGSU24,u30DD,ポ,kana,plus17
FZXIANGSU24+u30DE.png,FZXIANGSU24,u30DE,マ,kana,plus17
FZXIANGSU24+u30DF.png,FZXIANGSU24,u30DF,ミ,kana,plus17
FZXIANGSU24+u30E0.png,FZXIANGSU24,u30E0,ム,kana,plus17
FZXIANGSU24+u30E1.png,FZXIANGSU24,u30E1,メ,kana,plus17
FZXIANGSU24+u30E2.png,FZXIANGSU24,u30E2,モ,kana,plus17
FZXIANGSU24+u30E3.png,FZXIANGSU24,u30E3,ャ,kana,plus17
FZXIANGSU24+u30E4.png,FZXIANGSU24,u30E4,ヤ,kana,plus17
FZXIANGSU24+u30E5.png,FZXIANGSU24,u30E5,ュ,kana,plus17
FZXIANGSU24+u30E6.png,FZXIANGSU24,u30E6,ユ,kana,plus17
FZXIANGSU24+u30E7.png,FZXIANGSU24,u30E7,ョ,kana,plus17
FZXIANGSU24+u30E8.png,FZXIANGSU24,u30E8,ヨ,kana,plus17
FZXIANGSU24+u30E9.png,FZXIANGSU24,u30E9,ラ,kana,plus17
FZXIANGSU24+u30EA.png,FZXIANGSU24,u30EA,リ,kana,plus17
FZXIANGSU24+u30EB.png,FZXIANGSU24,u30EB,ル,kana,plus17
FZXIANGSU24+u30EC.png,FZXIANGSU24,u30EC,レ,kana,plus17
FZXIANGSU24+u30ED.png,FZXIANGSU24,u30ED,ロ,kana,plus17
FZXIANGSU24+u30EE.png,FZXIANGSU24,u30EE,ヮ,kana,plus17
FZXIANGSU24+u30EF.png,FZXIANGSU24,u30EF,ワ,kana,plus17
FZXIANGSU24+u30F0.png,FZXIANGSU24,u30F0,ヰ,kana,plus17
FZXIANGSU24+u30F1.png,FZXIANGSU24,u30F1,ヱ,kana,plus17
FZXIANGSU24+u30F2.png,FZXIANGSU24,u30F2,ヲ,kana,plus17
FZXIANGSU24+u30F3.png,FZXIANGSU24,u30F3,ン,kana,plus17
FZXIANGSU24+u30F4.png,FZXIANGSU24,u30F4,ヴ,kana,plus17
FZXIANGSU24+u30F5.png,FZXIANGSU24,u30F5,ヵ,kana,plus17
FZXIANGSU24+u30F6.png,FZXIANGSU24,u30F6,ヶ,kana,plus17
FZXIANGSU24+u3105.png,FZXIANGSU24,u3105,ㄅ,bopomofo,plus17
FZXIANGSU24+u3106.png,FZXIANGSU24,u3106,ㄆ,bopomofo,plus17
FZXIANGSU24+u3107.png,FZXIANGSU24,u3107,ㄇ,bopomofo,plus17
FZXIANGSU24+u3108.png,FZXIANGSU24,u3108,ㄈ,bopomofo,plus17
FZXIANGSU24+u3109.png,FZXIANGSU24,u3109,ㄉ,bopomofo,plus17
FZXIANGSU24+u310A.png,FZXIANGSU24,u310A,ㄊ,bopomofo,plus17
FZXIANGSU24+u310B.png,FZXIANGSU24,u310B,ㄋ,bopomofo,plus17
FZXIANGSU24+u310C.png,FZXIANGSU24,u310C,ㄌ,bopomofo,plus17
FZXIANGSU24+u310D.png,FZXIANGSU24,u310D,ㄍ,bopomofo,plus17
FZXIANGSU24+u310E.png,FZXIANGSU24,u310E,ㄎ,bopomofo,plus17
FZXIANGSU24+u310F.png,FZXIANGSU24,u310F,ㄏ,bopomofo,plus17
FZXIANGSU24+u3110.png,FZXIANGSU24,u3110,ㄐ,bopomofo,plus17
FZXIANGSU24+u3111.png,FZXIANGSU24,u3111,ㄑ,bopomofo,plus17
FZXIANGSU24+u3112.png,FZXIANGSU24,u3112,ㄒ,bopomofo,plus17
FZXIANGSU24+u3113.png,FZXIANGSU24,u3113,ㄓ,bopomofo,plus17
FZXIANGSU24+u3114.png,FZXIANGSU24,u3114,ㄔ,bopomofo,plus17
FZXIANGSU24+u3115.png,FZXIANGSU24,u3115,ㄕ,bopomofo,plus17
FZXIANGSU24+u3116.png,FZXIANGSU24,u3116,ㄖ,bopomofo,plus17
FZXIANGSU24+u3117.png,FZXIANGSU24,u3117,ㄗ,bopomofo,plus17
FZXIANGSU24+u3118.png,FZXIANGSU24,u3118,ㄘ,bopomofo,plus17
FZXIANGSU24+u3119.png,FZXIANGSU24,u3119,ㄙ,bopomofo,plus17
FZXIANGSU24+u311A.png,FZXIANGSU24,u311A,ㄚ,bopomofo,plus17
FZXIANGSU24+u311B.png,FZXIANGSU24,u311B,ㄛ,bopomofo,plus17
FZXIANGSU24+u311C.png,FZXIANGSU24,u311C,ㄜ,bopomofo,plus17
FZXIANGSU24+u311D.png,FZXIANGSU24,u311D,ㄝ,bopomofo,plus17
FZXIANGSU24+u311E.png,FZXIANGSU24,u311E,ㄞ,bopomofo,plus17
FZXIANGSU24+u311F.png,FZXIANGSU24,u311F,ㄟ,bopomofo,plus17
FZXIANGSU24+u3120.png,FZXIANGSU24,u3120,ㄠ,bopomofo,plus17
FZXIANGSU24+u3121.png,FZXIANGSU24,u3121,ㄡ,bopomofo,plus17
FZXIANGSU24+u3122.png,FZXIANGSU24,u3122,ㄢ,bopomofo,plus17
FZXIANGSU24+u3123.png,FZXIANGSU24,u3123,ㄣ,bopomofo,plus17
FZXIANGSU24+u3124.png,FZXIANGSU24,u3124,ㄤ,bopomofo,plus17
FZXIANGSU24+u3125.png,FZXIANGSU24,u3125,ㄥ,bopomofo,plus17
FZXIANGSU24+u3126.png,FZXIANGSU24,u3126,ㄦ,bopomofo,plus17
FZXIANGSU24+u3127.png,FZXIANGSU24,u3127,ㄧ,bopomofo,plus17
FZXIANGSU24+u3128.png,FZXIANGSU24,u3128,ㄨ,bopomofo,plus17
FZXIANGSU24+u3129.png,FZXIANGSU24,u3129,ㄩ,bopomofo,plus17
FZXSHJF+u0030.png,FZXSHJF,u0030,0,latin,plus17
FZXSHJF+u0032.png,FZXSHJF,u0032,2,latin,plus17
FZXSHJF+u0033.png,FZXSHJF,u0033,3,latin,plus17
FZXSHJF+u0034.png,FZXSHJF,u0034,4,latin,plus17
FZXSHJF+u0035.png,FZXSHJF,u0035,5,latin,plus17
FZXSHJF+u0036.png,FZXSHJF,u0036,6,latin,plus17
FZXSHJF+u0037.png,FZXSHJF,u0037,7,latin,plus17
FZXSHJF+u0038.png,FZXSHJF,u0038,8,latin,plus17
FZXSHJF+u0039.png,FZXSHJF,u0039,9,latin,plus17
FZXSHJF+u0041.png,FZXSHJF,u0041,A,latin,plus17
FZXSHJF+u0042.png,FZXSHJF,u0042,B,latin,plus17
FZXSHJF+u0043.png,FZXSHJF,u0043,C,latin,plus17
FZXSHJF+u0044.png,FZXSHJF,u0044,D,latin,plus17
FZXSHJF+u0045.png,FZXSHJF,u0045,E,latin,plus17
FZXSHJF+u0046.png,FZXSHJF,u0046,F,latin,plus17
FZXSHJF+u0047.png,FZXSHJF,u0047,G,latin,plus17
FZXSHJF+u0048.png,FZXSHJF,u0048,H,latin,plus17
FZXSHJF+u0049.png,FZXSHJF,u0049,I,latin,plus17
FZXSHJF+u004A.png,FZXSHJF,u004A,J,latin,plus17
FZXSHJF+u004B.png,FZXSHJF,u004B,K,latin,plus17
FZXSHJF+u004C.png,FZXSHJF,u004C,L,latin,plus17
FZXSHJF+u004D.png,FZXSHJF,u004D,M,latin,plus17
FZXSHJF+u004E.png,FZXSHJF,u004E,N,latin,plus17
FZXSHJF+u004F.png,FZXSHJF,u004F,O,latin,plus17
FZXSHJF+u0050.png,FZXSHJF,u0050,P,latin,plus17
FZXSHJF+u0051.png,FZXSHJF,u0051,Q,latin,plus17
FZXSHJF+u0052.png,FZXSHJF,u0052,R,latin,plus17
FZXSHJF+u0053.png,FZXSHJF,u0053,S,latin,plus17
FZXSHJF+u0055.png,FZXSHJF,u0055,U,latin,plus17
FZXSHJF+u0056.png,FZXSHJF,u0056,V,latin,plus17
FZXSHJF+u0057.png,FZXSHJF,u0057,W,latin,plus17
FZXSHJF+u0059.png,FZXSHJF,u0059,Y,latin,plus17
FZXSHJF+u005A.png,FZXSHJF,u005A,Z,latin,plus17
FZXSHJF+u0062.png,FZXSHJF,u0062,b,latin,plus17
FZXSHJF+u0063.png,FZXSHJF,u0063,c,latin,plus17
FZXSHJF+u0065.png,FZXSHJF,u0065,e,latin,plus17
FZXSHJF+u0066.png,FZXSHJF,u0066,f,latin,plus17
FZXSHJF+u0067.png,FZXSHJF,u0067,g,latin,plus17
FZXSHJF+u0068.png,FZXSHJF,u0068,h,latin,plus17
FZXSHJF+u0069.png,FZXSHJF,u0069,i,latin,plus17
FZXSHJF+u006A.png,FZXSHJF,u006A,j,latin,plus17
FZXSHJF+u006C.png,FZXSHJF,u006C,l,latin,plus17
FZXSHJF+u006D.png,FZXSHJF,u006D,m,latin,plus17
FZXSHJF+u006E.png,FZXSHJF,u006E,n,latin,plus17
FZXSHJF+u006F.png,FZXSHJF,u006F,o,latin,plus17
FZXSHJF+u0070.png,FZXSHJF,u0070,p,latin,plus17
FZXSHJF+u0071.png,FZXSHJF,u0071,q,latin,plus17
FZXSHJF+u0072.png,FZXSHJF,u0072,r,latin,plus17
FZXSHJF+u0073.png,FZXSHJF,u0073,s,latin,plus17
FZXSHJF+u0074.png,FZXSHJF,u0074,t,latin,plus17
FZXSHJF+u0076.png,FZXSHJF,u0076,v,latin,plus17
FZXSHJF+u0077.png,FZXSHJF,u0077,w,latin,plus17
FZXSHJF+u0078.png,FZXSHJF,u0078,x,latin,plus17
FZXSHJF+u007A.png,FZXSHJF,u007A,z,latin,plus17
FZXSHJF+u00E1.png,FZXSHJF,u00E1,á,latin,plus17
FZXSHJF+u00E8.png,FZXSHJF,u00E8,è,latin,plus17
FZXSHJF+u00E9.png,FZXSHJF,u00E9,é,latin,plus17
FZXSHJF+u00EA.png,FZXSHJF,u00EA,ê,latin,plus17
FZXSHJF+u00ED.png,FZXSHJF,u00ED,í,latin,plus17
FZXSHJF+u00F2.png,FZXSHJF,u00F2,ò,latin,plus17
FZXSHJF+u00F3.png,FZXSHJF,u00F3,ó,latin,plus17
FZXSHJF+u00F9.png,FZXSHJF,u00F9,ù,latin,plus17
FZXSHJF+u00FA.png,FZXSHJF,u00FA,ú,latin,plus17
FZXSHJF+u00FC.png,FZXSHJF,u00FC,ü,latin,plus17
FZXSHJF+u0101.png,FZXSHJF,u0101,ā,latin,plus17
FZXSHJF+u0113.png,FZXSHJF,u0113,ē,latin,plus17
FZXSHJF+u011B.png,FZXSHJF,u011B,ě,latin,plus17
FZXSHJF+u012B.png,FZXSHJF,u012B,ī,latin,plus17
FZXSHJF+u0144.png,FZXSHJF,u0144,ń,latin,plus17
FZXSHJF+u0148.png,FZXSHJF,u0148,ň,latin,plus17
FZXSHJF+u014D.png,FZXSHJF,u014D,ō,latin,plus17
FZXSHJF+u016B.png,FZXSHJF,u016B,ū,latin,plus17
FZXSHJF+u01CE.png,FZXSHJF,u01CE,ǎ,latin,plus17
FZXSHJF+u01D0.png,FZXSHJF,u01D0,ǐ,latin,plus17
FZXSHJF+u01D2.png,FZXSHJF,u01D2,ǒ,latin,plus17
FZXSHJF+u01D6.png,FZXSHJF,u01D6,ǖ,latin,plus17
FZXSHJF+u01D8.png,FZXSHJF,u01D8,ǘ,latin,plus17
FZXSHJF+u01DA.png,FZXSHJF,u01DA,ǚ,latin,plus17
FZXZZBJW+u0030.png,FZXZZBJW,u0030,0,latin,extra32
FZXZZBJW+u0032.png,FZXZZBJW,u0032,2,latin,extra32
FZXZZBJW+u0033.png,FZXZZBJW,u0033,3,latin,extra32
FZXZZBJW+u0034.png,FZXZZBJW,u0034,4,latin,extra32
FZXZZBJW+u0035.png,FZXZZBJW,u0035,5,latin,extra32
FZXZZBJW+u0036.png,FZXZZBJW,u0036,6,latin,extra32
FZXZZBJW+u0037.png,FZXZZBJW,u0037,7,latin,extra32
FZXZZBJW+u0038.png,FZXZZBJW,u0038,8,latin,extra32
FZXZZBJW+u0039.png,FZXZZBJW,u0039,9,latin,extra32
FZXZZBJW+u0041.png,FZXZZBJW,u0041,A,latin,extra32
FZXZZBJW+u0042.png,FZXZZBJW,u0042,B,latin,extra32
FZXZZBJW+u0043.png,FZXZZBJW,u0043,C,latin,extra32
FZXZZBJW+u0044.png,FZXZZBJW,u0044,D,latin,extra32
FZXZZBJW+u0045.png,FZXZZBJW,u0045,E,latin,extra32
FZXZZBJW+u0046.png,FZXZZBJW,u0046,F,latin,extra32
FZXZZBJW+u0047.png,FZXZZBJW,u0047,G,latin,extra32
FZXZZBJW+u0048.png,FZXZZBJW,u0048,H,latin,extra32
FZXZZBJW+u0049.png,FZXZZBJW,u0049,I,latin,extra32
FZXZZBJW+u004A.png,FZXZZBJW,u004A,J,latin,extra32
FZXZZBJW+u004B.png,FZXZZBJW,u004B,K,latin,extra32
FZXZZBJW+u004C.png,FZXZZBJW,u004C,L,latin,extra32
FZXZZBJW+u004D.png,FZXZZBJW,u004D,M,latin,extra32
FZXZZBJW+u004E.png,FZXZZBJW,u004E,N,latin,extra32
FZXZZBJW+u004F.png,FZXZZBJW,u004F,O,latin,extra32
FZXZZBJW+u0050.png,FZXZZBJW,u0050,P,latin,extra32
FZXZZBJW+u0051.png,FZXZZBJW,u0051,Q,latin,extra32
FZXZZBJW+u0052.png,FZXZZBJW,u0052,R,latin,extra32
FZXZZBJW+u0053.png,FZXZZBJW,u0053,S,latin,extra32
FZXZZBJW+u0055.png,FZXZZBJW,u0055,U,latin,extra32
FZXZZBJW+u0056.png,FZXZZBJW,u0056,V,latin,extra32
FZXZZBJW+u0057.png,FZXZZBJW,u0057,W,latin,extra32
FZXZZBJW+u0059.png,FZXZZBJW,u0059,Y,latin,extra32
FZXZZBJW+u005A.png,FZXZZBJW,u005A,Z,latin,extra32
FZXZZBJW+u0062.png,FZXZZBJW,u0062,b,latin,extra32
FZXZZBJW+u0063.png,FZXZZBJW,u0063,c,latin,extra32
FZXZZBJW+u0065.png,FZXZZBJW,u0065,e,latin,extra32
FZXZZBJW+u0066.png,FZXZZBJW,u0066,f,latin,extra32
FZXZZBJW+u0067.png,FZXZZBJW,u0067,g,latin,extra32
FZXZZBJW+u0068.png,FZXZZBJW,u0068,h,latin,extra32
FZXZZBJW+u0069.png,FZXZZBJW,u0069,i,latin,extra32
FZXZZBJW+u006A.png,FZXZZBJW,u006A,j,latin,extra32
FZXZZBJW+u006C.png,FZXZZBJW,u006C,l,latin,extra32
FZXZZBJW+u006D.png,FZXZZBJW,u006D,m,latin,extra32
FZXZZBJW+u006E.png,FZXZZBJW,u006E,n,latin,extra32
FZXZZBJW+u006F.png,FZXZZBJW,u006F,o,latin,extra32
FZXZZBJW+u0070.png,FZXZZBJW,u0070,p,latin,extra32
FZXZZBJW+u0071.png,FZXZZBJW,u0071,q,latin,extra32
FZXZZBJW+u0072.png,FZXZZBJW,u0072,r,latin,extra32
FZXZZBJW+u0073.png,FZXZZBJW,u0073,s,latin,extra32
FZXZZBJW+u0074.png,FZXZZBJW,u0074,t,latin,extra32
FZXZZBJW+u0076.png,FZXZZBJW,u0076,v,latin,extra32
FZXZZBJW+u0077.png,FZXZZBJW,u0077,w,latin,extra32
FZXZZBJW+u0078.png,FZXZZBJW,u0078,x,latin,extra32
FZXZZBJW+u007A.png,FZXZZBJW,u007A,z,latin,extra32
FZXZZBJW+u00E1.png,FZXZZBJW,u00E1,á,latin,extra32
FZXZZBJW+u00E8.png,FZXZZBJW,u00E8,è,latin,extra32
FZXZZBJW+u00E9.png,FZXZZBJW,u00E9,é,latin,extra32
FZXZZBJW+u00EA.png,FZXZZBJW,u00EA,ê,latin,extra32
FZXZZBJW+u00ED.png,FZXZZBJW,u00ED,í,latin,extra32
FZXZZBJW+u00F2.png,FZXZZBJW,u00F2,ò,latin,extra32
FZXZZBJW+u00F3.png,FZXZZBJW,u00F3,ó,latin,extra32
FZXZZBJW+u00F9.png,FZXZZBJW,u00F9,ù,latin,extra32
FZXZZBJW+u00FA.png,FZXZZBJW,u00FA,ú,latin,extra32
FZXZZBJW+u00FC.png,FZXZZBJW,u00FC,ü,latin,extra32
FZXZZBJW+u0101.png,FZXZZBJW,u0101,ā,latin,extra32
FZXZZBJW+u0113.png,FZXZZBJW,u0113,ē,latin,extra32
FZXZZBJW+u011B.png,FZXZZBJW,u011B,ě,latin,extra32
FZXZZBJW+u012B.png,FZXZZBJW,u012B,ī,latin,extra32
FZXZZBJW+u0144.png,FZXZZBJW,u0144,ń,latin,extra32
FZXZZBJW+u0148.png,FZXZZBJW,u0148,ň,latin,extra32
FZXZZBJW+u014D.png,FZXZZBJW,u014D,ō,latin,extra32
FZXZZBJW+u016B.png,FZXZZBJW,u016B,ū,latin,extra32
FZXZZBJW+u01CE.png,FZXZZBJW,u01CE,ǎ,latin,extra32
FZXZZBJW+u01D0.png,FZXZZBJW,u01D0,ǐ,latin,extra32
FZXZZBJW+u01D2.png,FZXZZBJW,u01D2,ǒ,latin,extra32
FZXZZBJW+u01D6.png,FZXZZBJW,u01D6,ǖ,latin,extra32
FZXZZBJW+u01D8.png,FZXZZBJW,u01D8,ǘ,latin,extra32
FZXZZBJW+u01DA.png,FZXZZBJW,u01DA,ǚ,latin,extra32
FZXiangPZTJW_Zhun+u0030.png,FZXiangPZTJW_Zhun,u0030,0,latin,extra32
FZXiangPZTJW_Zhun+u0032.png,FZXiangPZTJW_Zhun,u0032,2,latin,extra32
FZXiangPZTJW_Zhun+u0033.png,FZXiangPZTJW_Zhun,u0033,3,latin,extra32
FZXiangPZTJW_Zhun+u0034.png,FZXiangPZTJW_Zhun,u0034,4,latin,extra32
FZXiangPZTJW_Zhun+u0035.png,FZXiangPZTJW_Zhun,u0035,5,latin,extra32
FZXiangPZTJW_Zhun+u0036.png,FZXiangPZTJW_Zhun,u0036,6,latin,extra32
FZXiangPZTJW_Zhun+u0037.png,FZXiangPZTJW_Zhun,u0037,7,latin,extra32
FZXiangPZTJW_Zhun+u0038.png,FZXiangPZTJW_Zhun,u0038,8,latin,extra32
FZXiangPZTJW_Zhun+u0039.png,FZXiangPZTJW_Zhun,u0039,9,latin,extra32
FZXiangPZTJW_Zhun+u0041.png,FZXiangPZTJW_Zhun,u0041,A,latin,extra32
FZXiangPZTJW_Zhun+u0042.png,FZXiangPZTJW_Zhun,u0042,B,latin,extra32
FZXiangPZTJW_Zhun+u0043.png,FZXiangPZTJW_Zhun,u0043,C,latin,extra32
FZXiangPZTJW_Zhun+u0044.png,FZXiangPZTJW_Zhun,u0044,D,latin,extra32
FZXiangPZTJW_Zhun+u0045.png,FZXiangPZTJW_Zhun,u0045,E,latin,extra32
FZXiangPZTJW_Zhun+u0046.png,FZXiangPZTJW_Zhun,u0046,F,latin,extra32
FZXiangPZTJW_Zhun+u0047.png,FZXiangPZTJW_Zhun,u0047,G,latin,extra32
FZXiangPZTJW_Zhun+u0048.png,FZXiangPZTJW_Zhun,u0048,H,latin,extra32
FZXiangPZTJW_Zhun+u0049.png,FZXiangPZTJW_Zhun,u0049,I,latin,extra32
FZXiangPZTJW_Zhun+u004A.png,FZXiangPZTJW_Zhun,u004A,J,latin,extra32
FZXiangPZTJW_Zhun+u004B.png,FZXiangPZTJW_Zhun,u004B,K,latin,extra32
FZXiangPZTJW_Zhun+u004C.png,FZXiangPZTJW_Zhun,u004C,L,latin,extra32
FZXiangPZTJW_Zhun+u004D.png,FZXiangPZTJW_Zhun,u004D,M,latin,extra32
FZXiangPZTJW_Zhun+u004E.png,FZXiangPZTJW_Zhun,u004E,N,latin,extra32
FZXiangPZTJW_Zhun+u004F.png,FZXiangPZTJW_Zhun,u004F,O,latin,extra32
FZXiangPZTJW_Zhun+u0050.png,FZXiangPZTJW_Zhun,u0050,P,latin,extra32
FZXiangPZTJW_Zhun+u0051.png,FZXiangPZTJW_Zhun,u0051,Q,latin,extra32
FZXiangPZTJW_Zhun+u0052.png,FZXiangPZTJW_Zhun,u0052,R,latin,extra32
FZXiangPZTJW_Zhun+u0053.png,FZXiangPZTJW_Zhun,u0053,S,latin,extra32
FZXiangPZTJW_Zhun+u0055.png,FZXiangPZTJW_Zhun,u0055,U,latin,extra32
FZXiangPZTJW_Zhun+u0056.png,FZXiangPZTJW_Zhun,u0056,V,latin,extra32
FZXiangPZTJW_Zhun+u0057.png,FZXiangPZTJW_Zhun,u0057,W,latin,extra32
FZXiangPZTJW_Zhun+u0059.png,FZXiangPZTJW_Zhun,u0059,Y,latin,extra32
FZXiangPZTJW_Zhun+u005A.png,FZXiangPZTJW_Zhun,u005A,Z,latin,extra32
FZXiangPZTJW_Zhun+u0062.png,FZXiangPZTJW_Zhun,u0062,b,latin,extra32
FZXiangPZTJW_Zhun+u0063.png,FZXiangPZTJW_Zhun,u0063,c,latin,extra32
FZXiangPZTJW_Zhun+u0065.png,FZXiangPZTJW_Zhun,u0065,e,latin,extra32
FZXiangPZTJW_Zhun+u0066.png,FZXiangPZTJW_Zhun,u0066,f,latin,extra32
FZXiangPZTJW_Zhun+u0067.png,FZXiangPZTJW_Zhun,u0067,g,latin,extra32
FZXiangPZTJW_Zhun+u0068.png,FZXiangPZTJW_Zhun,u0068,h,latin,extra32
FZXiangPZTJW_Zhun+u0069.png,FZXiangPZTJW_Zhun,u0069,i,latin,extra32
FZXiangPZTJW_Zhun+u006A.png,FZXiangPZTJW_Zhun,u006A,j,latin,extra32
FZXiangPZTJW_Zhun+u006C.png,FZXiangPZTJW_Zhun,u006C,l,latin,extra32
FZXiangPZTJW_Zhun+u006D.png,FZXiangPZTJW_Zhun,u006D,m,latin,extra32
FZXiangPZTJW_Zhun+u006E.png,FZXiangPZTJW_Zhun,u006E,n,latin,extra32
FZXiangPZTJW_Zhun+u006F.png,FZXiangPZTJW_Zhun,u006F,o,latin,extra32
FZXiangPZTJW_Zhun+u0070.png,FZXiangPZTJW_Zhun,u0070,p,latin,extra32
FZXiangPZTJW_Zhun+u0071.png,FZXiangPZTJW_Zhun,u0071,q,latin,extra32
FZXiangPZTJW_Zhun+u0072.png,FZXiangPZTJW_Zhun,u0072,r,latin,extra32
FZXiangPZTJW_Zhun+u0073.png,FZXiangPZTJW_Zhun,u0073,s,latin,extra32
FZXiangPZTJW_Zhun+u0074.png,FZXiangPZTJW_Zhun,u0074,t,latin,extra32
FZXiangPZTJW_Zhun+u0076.png,FZXiangPZTJW_Zhun,u0076,v,latin,extra32
FZXiangPZTJW_Zhun+u0077.png,FZXiangPZTJW_Zhun,u0077,w,latin,extra32
FZXiangPZTJW_Zhun+u0078.png,FZXiangPZTJW_Zhun,u0078,x,latin,extra32
FZXiangPZTJW_Zhun+u007A.png,FZXiangPZTJW_Zhun,u007A,z,latin,extra32
FZXiangPZTJW_Zhun+u00E1.png,FZXiangPZTJW_Zhun,u00E1,á,latin,extra32
FZXiangPZTJW_Zhun+u00E8.png,FZXiangPZTJW_Zhun,u00E8,è,latin,extra32
FZXiangPZTJW_Zhun+u00E9.png,FZXiangPZTJW_Zhun,u00E9,é,latin,extra32
FZXiangPZTJW_Zhun+u00EA.png,FZXiangPZTJW_Zhun,u00EA,ê,latin,extra32
FZXiangPZTJW_Zhun+u00ED.png,FZXiangPZTJW_Zhun,u00ED,í,latin,extra32
FZXiangPZTJW_Zhun+u00F2.png,FZXiangPZTJW_Zhun,u00F2,ò,latin,extra32
FZXiangPZTJW_Zhun+u00F3.png,FZXiangPZTJW_Zhun,u00F3,ó,latin,extra32
FZXiangPZTJW_Zhun+u00F9.png,FZXiangPZTJW_Zhun,u00F9,ù,latin,extra32
FZXiangPZTJW_Zhun+u00FA.png,FZXiangPZTJW_Zhun,u00FA,ú,latin,extra32
FZXiangPZTJW_Zhun+u00FC.png,FZXiangPZTJW_Zhun,u00FC,ü,latin,extra32
FZXiangPZTJW_Zhun+u0101.png,FZXiangPZTJW_Zhun,u0101,ā,latin,extra32
FZXiangPZTJW_Zhun+u0113.png,FZXiangPZTJW_Zhun,u0113,ē,latin,extra32
FZXiangPZTJW_Zhun+u011B.png,FZXiangPZTJW_Zhun,u011B,ě,latin,extra32
FZXiangPZTJW_Zhun+u012B.png,FZXiangPZTJW_Zhun,u012B,ī,latin,extra32
FZXiangPZTJW_Zhun+u0144.png,FZXiangPZTJW_Zhun,u0144,ń,latin,extra32
FZXiangPZTJW_Zhun+u0148.png,FZXiangPZTJW_Zhun,u0148,ň,latin,extra32
FZXiangPZTJW_Zhun+u014D.png,FZXiangPZTJW_Zhun,u014D,ō,latin,extra32
FZXiangPZTJW_Zhun+u016B.png,FZXiangPZTJW_Zhun,u016B,ū,latin,extra32
FZXiangPZTJW_Zhun+u01CE.png,FZXiangPZTJW_Zhun,u01CE,ǎ,latin,extra32
FZXiangPZTJW_Zhun+u01D0.png,FZXiangPZTJW_Zhun,u01D0,ǐ,latin,extra32
FZXiangPZTJW_Zhun+u01D2.png,FZXiangPZTJW_Zhun,u01D2,ǒ,latin,extra32
FZXiangPZTJW_Zhun+u01D6.png,FZXiangPZTJW_Zhun,u01D6,ǖ,latin,extra32
FZXiangPZTJW_Zhun+u01D8.png,FZXiangPZTJW_Zhun,u01D8,ǘ,latin,extra32
FZXiangPZTJW_Zhun+u01DA.png,FZXiangPZTJW_Zhun,u01DA,ǚ,latin,extra32
FZXiangPZTJW_Zhun+u3041.png,FZXiangPZTJW_Zhun,u3041,ぁ,kana,extra32
FZXiangPZTJW_Zhun+u3042.png,FZXiangPZTJW_Zhun,u3042,あ,kana,extra32
FZXiangPZTJW_Zhun+u3043.png,FZXiangPZTJW_Zhun,u3043,ぃ,kana,extra32
FZXiangPZTJW_Zhun+u3044.png,FZXiangPZTJW_Zhun,u3044,い,kana,extra32
FZXiangPZTJW_Zhun+u3045.png,FZXiangPZTJW_Zhun,u3045,ぅ,kana,extra32
FZXiangPZTJW_Zhun+u3046.png,FZXiangPZTJW_Zhun,u3046,う,kana,extra32
FZXiangPZTJW_Zhun+u3047.png,FZXiangPZTJW_Zhun,u3047,ぇ,kana,extra32
FZXiangPZTJW_Zhun+u3048.png,FZXiangPZTJW_Zhun,u3048,え,kana,extra32
FZXiangPZTJW_Zhun+u3049.png,FZXiangPZTJW_Zhun,u3049,ぉ,kana,extra32
FZXiangPZTJW_Zhun+u304A.png,FZXiangPZTJW_Zhun,u304A,お,kana,extra32
FZXiangPZTJW_Zhun+u304B.png,FZXiangPZTJW_Zhun,u304B,か,kana,extra32
FZXiangPZTJW_Zhun+u304C.png,FZXiangPZTJW_Zhun,u304C,が,kana,extra32
FZXiangPZTJW_Zhun+u304D.png,FZXiangPZTJW_Zhun,u304D,き,kana,extra32
FZXiangPZTJW_Zhun+u304E.png,FZXiangPZTJW_Zhun,u304E,ぎ,kana,extra32
FZXiangPZTJW_Zhun+u304F.png,FZXiangPZTJW_Zhun,u304F,く,kana,extra32
FZXiangPZTJW_Zhun+u3050.png,FZXiangPZTJW_Zhun,u3050,ぐ,kana,extra32
FZXiangPZTJW_Zhun+u3051.png,FZXiangPZTJW_Zhun,u3051,け,kana,extra32
FZXiangPZTJW_Zhun+u3052.png,FZXiangPZTJW_Zhun,u3052,げ,kana,extra32
FZXiangPZTJW_Zhun+u3053.png,FZXiangPZTJW_Zhun,u3053,こ,kana,extra32
FZXiangPZTJW_Zhun+u3054.png,FZXiangPZTJW_Zhun,u3054,ご,kana,extra32
FZXiangPZTJW_Zhun+u3055.png,FZXiangPZTJW_Zhun,u3055,さ,kana,extra32
FZXiangPZTJW_Zhun+u3056.png,FZXiangPZTJW_Zhun,u3056,ざ,kana,extra32
FZXiangPZTJW_Zhun+u3057.png,FZXiangPZTJW_Zhun,u3057,し,kana,extra32
FZXiangPZTJW_Zhun+u3058.png,FZXiangPZTJW_Zhun,u3058,じ,kana,extra32
FZXiangPZTJW_Zhun+u3059.png,FZXiangPZTJW_Zhun,u3059,す,kana,extra32
FZXiangPZTJW_Zhun+u305A.png,FZXiangPZTJW_Zhun,u305A,ず,kana,extra32
FZXiangPZTJW_Zhun+u305B.png,FZXiangPZTJW_Zhun,u305B,せ,kana,extra32
FZXiangPZTJW_Zhun+u305C.png,FZXiangPZTJW_Zhun,u305C,ぜ,kana,extra32
FZXiangPZTJW_Zhun+u305D.png,FZXiangPZTJW_Zhun,u305D,そ,kana,extra32
FZXiangPZTJW_Zhun+u305E.png,FZXiangPZTJW_Zhun,u305E,ぞ,kana,extra32
FZXiangPZTJW_Zhun+u305F.png,FZXiangPZTJW_Zhun,u305F,た,kana,extra32
FZXiangPZTJW_Zhun+u3060.png,FZXiangPZTJW_Zhun,u3060,だ,kana,extra32
FZXiangPZTJW_Zhun+u3061.png,FZXiangPZTJW_Zhun,u3061,ち,kana,extra32
FZXiangPZTJW_Zhun+u3062.png,FZXiangPZTJW_Zhun,u3062,ぢ,kana,extra32
FZXiangPZTJW_Zhun+u3063.png,FZXiangPZTJW_Zhun,u3063,っ,kana,extra32
FZXiangPZTJW_Zhun+u3064.png,FZXiangPZTJW_Zhun,u3064,つ,kana,extra32
FZXiangPZTJW_Zhun+u3065.png,FZXiangPZTJW_Zhun,u3065,づ,kana,extra32
FZXiangPZTJW_Zhun+u3066.png,FZXiangPZTJW_Zhun,u3066,て,kana,extra32
FZXiangPZTJW_Zhun+u3067.png,FZXiangPZTJW_Zhun,u3067,で,kana,extra32
FZXiangPZTJW_Zhun+u3068.png,FZXiangPZTJW_Zhun,u3068,と,kana,extra32
FZXiangPZTJW_Zhun+u3069.png,FZXiangPZTJW_Zhun,u3069,ど,kana,extra32
FZXiangPZTJW_Zhun+u306A.png,FZXiangPZTJW_Zhun,u306A,な,kana,extra32
FZXiangPZTJW_Zhun+u306B.png,FZXiangPZTJW_Zhun,u306B,に,kana,extra32
FZXiangPZTJW_Zhun+u306C.png,FZXiangPZTJW_Zhun,u306C,ぬ,kana,extra32
FZXiangPZTJW_Zhun+u306D.png,FZXiangPZTJW_Zhun,u306D,ね,kana,extra32
FZXiangPZTJW_Zhun+u306E.png,FZXiangPZTJW_Zhun,u306E,の,kana,extra32
FZXiangPZTJW_Zhun+u306F.png,FZXiangPZTJW_Zhun,u306F,は,kana,extra32
FZXiangPZTJW_Zhun+u3070.png,FZXiangPZTJW_Zhun,u3070,ば,kana,extra32
FZXiangPZTJW_Zhun+u3071.png,FZXiangPZTJW_Zhun,u3071,ぱ,kana,extra32
FZXiangPZTJW_Zhun+u3072.png,FZXiangPZTJW_Zhun,u3072,ひ,kana,extra32
FZXiangPZTJW_Zhun+u3073.png,FZXiangPZTJW_Zhun,u3073,び,kana,extra32
FZXiangPZTJW_Zhun+u3074.png,FZXiangPZTJW_Zhun,u3074,ぴ,kana,extra32
FZXiangPZTJW_Zhun+u3075.png,FZXiangPZTJW_Zhun,u3075,ふ,kana,extra32
FZXiangPZTJW_Zhun+u3076.png,FZXiangPZTJW_Zhun,u3076,ぶ,kana,extra32
FZXiangPZTJW_Zhun+u3077.png,FZXiangPZTJW_Zhun,u3077,ぷ,kana,extra32
FZXiangPZTJW_Zhun+u3078.png,FZXiangPZTJW_Zhun,u3078,へ,kana,extra32
FZXiangPZTJW_Zhun+u3079.png,FZXiangPZTJW_Zhun,u3079,べ,kana,extra32
FZXiangPZTJW_Zhun+u307A.png,FZXiangPZTJW_Zhun,u307A,ぺ,kana,extra32
FZXiangPZTJW_Zhun+u307B.png,FZXiangPZTJW_Zhun,u307B,ほ,kana,extra32
FZXiangPZTJW_Zhun+u307C.png,FZXiangPZTJW_Zhun,u307C,ぼ,kana,extra32
FZXiangPZTJW_Zhun+u307D.png,FZXiangPZTJW_Zhun,u307D,ぽ,kana,extra32
FZXiangPZTJW_Zhun+u307E.png,FZXiangPZTJW_Zhun,u307E,ま,kana,extra32
FZXiangPZTJW_Zhun+u307F.png,FZXiangPZTJW_Zhun,u307F,み,kana,extra32
FZXiangPZTJW_Zhun+u3080.png,FZXiangPZTJW_Zhun,u3080,む,kana,extra32
FZXiangPZTJW_Zhun+u3081.png,FZXiangPZTJW_Zhun,u3081,め,kana,extra32
FZXiangPZTJW_Zhun+u3082.png,FZXiangPZTJW_Zhun,u3082,も,kana,extra32
FZXiangPZTJW_Zhun+u3083.png,FZXiangPZTJW_Zhun,u3083,ゃ,kana,extra32
FZXiangPZTJW_Zhun+u3084.png,FZXiangPZTJW_Zhun,u3084,や,kana,extra32
FZXiangPZTJW_Zhun+u3085.png,FZXiangPZTJW_Zhun,u3085,ゅ,kana,extra32
FZXiangPZTJW_Zhun+u3086.png,FZXiangPZTJW_Zhun,u3086,ゆ,kana,extra32
FZXiangPZTJW_Zhun+u3087.png,FZXiangPZTJW_Zhun,u3087,ょ,kana,extra32
FZXiangPZTJW_Zhun+u3088.png,FZXiangPZTJW_Zhun,u3088,よ,kana,extra32
FZXiangPZTJW_Zhun+u3089.png,FZXiangPZTJW_Zhun,u3089,ら,kana,extra32
FZXiangPZTJW_Zhun+u308A.png,FZXiangPZTJW_Zhun,u308A,り,kana,extra32
FZXiangPZTJW_Zhun+u308B.png,FZXiangPZTJW_Zhun,u308B,る,kana,extra32
FZXiangPZTJW_Zhun+u308C.png,FZXiangPZTJW_Zhun,u308C,れ,kana,extra32
FZXiangPZTJW_Zhun+u308D.png,FZXiangPZTJW_Zhun,u308D,ろ,kana,extra32
FZXiangPZTJW_Zhun+u308E.png,FZXiangPZTJW_Zhun,u308E,ゎ,kana,extra32
FZXiangPZTJW_Zhun+u308F.png,FZXiangPZTJW_Zhun,u308F,わ,kana,extra32
FZXiangPZTJW_Zhun+u3090.png,FZXiangPZTJW_Zhun,u3090,ゐ,kana,extra32
FZXiangPZTJW_Zhun+u3091.png,FZXiangPZTJW_Zhun,u3091,ゑ,kana,extra32
FZXiangPZTJW_Zhun+u3092.png,FZXiangPZTJW_Zhun,u3092,を,kana,extra32
FZXiangPZTJW_Zhun+u3093.png,FZXiangPZTJW_Zhun,u3093,ん,kana,extra32
FZXiangPZTJW_Zhun+u30A1.png,FZXiangPZTJW_Zhun,u30A1,ァ,kana,extra32
FZXiangPZTJW_Zhun+u30A2.png,FZXiangPZTJW_Zhun,u30A2,ア,kana,extra32
FZXiangPZTJW_Zhun+u30A3.png,FZXiangPZTJW_Zhun,u30A3,ィ,kana,extra32
FZXiangPZTJW_Zhun+u30A4.png,FZXiangPZTJW_Zhun,u30A4,イ,kana,extra32
FZXiangPZTJW_Zhun+u30A5.png,FZXiangPZTJW_Zhun,u30A5,ゥ,kana,extra32
FZXiangPZTJW_Zhun+u30A6.png,FZXiangPZTJW_Zhun,u30A6,ウ,kana,extra32
FZXiangPZTJW_Zhun+u30A7.png,FZXiangPZTJW_Zhun,u30A7,ェ,kana,extra32
FZXiangPZTJW_Zhun+u30A8.png,FZXiangPZTJW_Zhun,u30A8,エ,kana,extra32
FZXiangPZTJW_Zhun+u30A9.png,FZXiangPZTJW_Zhun,u30A9,ォ,kana,extra32
FZXiangPZTJW_Zhun+u30AA.png,FZXiangPZTJW_Zhun,u30AA,オ,kana,extra32
FZXiangPZTJW_Zhun+u30AB.png,FZXiangPZTJW_Zhun,u30AB,カ,kana,extra32
FZXiangPZTJW_Zhun+u30AC.png,FZXiangPZTJW_Zhun,u30AC,ガ,kana,extra32
FZXiangPZTJW_Zhun+u30AD.png,FZXiangPZTJW_Zhun,u30AD,キ,kana,extra32
FZXiangPZTJW_Zhun+u30AE.png,FZXiangPZTJW_Zhun,u30AE,ギ,kana,extra32
FZXiangPZTJW_Zhun+u30AF.png,FZXiangPZTJW_Zhun,u30AF,ク,kana,extra32
FZXiangPZTJW_Zhun+u30B0.png,FZXiangPZTJW_Zhun,u30B0,グ,kana,extra32
FZXiangPZTJW_Zhun+u30B1.png,FZXiangPZTJW_Zhun,u30B1,ケ,kana,extra32
FZXiangPZTJW_Zhun+u30B2.png,FZXiangPZTJW_Zhun,u30B2,ゲ,kana,extra32
FZXiangPZTJW_Zhun+u30B3.png,FZXiangPZTJW_Zhun,u30B3,コ,kana,extra32
FZXiangPZTJW_Zhun+u30B4.png,FZXiangPZTJW_Zhun,u30B4,ゴ,kana,extra32
FZXiangPZTJW_Zhun+u30B5.png,FZXiangPZTJW_Zhun,u30B5,サ,kana,extra32
FZXiangPZTJW_Zhun+u30B6.png,FZXiangPZTJW_Zhun,u30B6,ザ,kana,extra32
FZXiangPZTJW_Zhun+u30B7.png,FZXiangPZTJW_Zhun,u30B7,シ,kana,extra32
FZXiangPZTJW_Zhun+u30B8.png,FZXiangPZTJW_Zhun,u30B8,ジ,kana,extra32
FZXiangPZTJW_Zhun+u30B9.png,FZXiangPZTJW_Zhun,u30B9,ス,kana,extra32
FZXiangPZTJW_Zhun+u30BA.png,FZXiangPZTJW_Zhun,u30BA,ズ,kana,extra32
FZXiangPZTJW_Zhun+u30BB.png,FZXiangPZTJW_Zhun,u30BB,セ,kana,extra32
FZXiangPZTJW_Zhun+u30BC.png,FZXiangPZTJW_Zhun,u30BC,ゼ,kana,extra32
FZXiangPZTJW_Zhun+u30BD.png,FZXiangPZTJW_Zhun,u30BD,ソ,kana,extra32
FZXiangPZTJW_Zhun+u30BE.png,FZXiangPZTJW_Zhun,u30BE,ゾ,kana,extra32
FZXiangPZTJW_Zhun+u30BF.png,FZXiangPZTJW_Zhun,u30BF,タ,kana,extra32
FZXiangPZTJW_Zhun+u30C0.png,FZXiangPZTJW_Zhun,u30C0,ダ,kana,extra32
FZXiangPZTJW_Zhun+u30C1.png,FZXiangPZTJW_Zhun,u30C1,チ,kana,extra32
FZXiangPZTJW_Zhun+u30C2.png,FZXiangPZTJW_Zhun,u30C2,ヂ,kana,extra32
FZXiangPZTJW_Zhun+u30C3.png,FZXiangPZTJW_Zhun,u30C3,ッ,kana,extra32
FZXiangPZTJW_Zhun+u30C4.png,FZXiangPZTJW_Zhun,u30C4,ツ,kana,extra32
FZXiangPZTJW_Zhun+u30C5.png,FZXiangPZTJW_Zhun,u30C5,ヅ,kana,extra32
FZXiangPZTJW_Zhun+u30C6.png,FZXiangPZTJW_Zhun,u30C6,テ,kana,extra32
FZXiangPZTJW_Zhun+u30C7.png,FZXiangPZTJW_Zhun,u30C7,デ,kana,extra32
FZXiangPZTJW_Zhun+u30C8.png,FZXiangPZTJW_Zhun,u30C8,ト,kana,extra32
FZXiangPZTJW_Zhun+u30C9.png,FZXiangPZTJW_Zhun,u30C9,ド,kana,extra32
FZXiangPZTJW_Zhun+u30CA.png,FZXiangPZTJW_Zhun,u30CA,ナ,kana,extra32
FZXiangPZTJW_Zhun+u30CB.png,FZXiangPZTJW_Zhun,u30CB,ニ,kana,extra32
FZXiangPZTJW_Zhun+u30CC.png,FZXiangPZTJW_Zhun,u30CC,ヌ,kana,extra32
FZXiangPZTJW_Zhun+u30CD.png,FZXiangPZTJW_Zhun,u30CD,ネ,kana,extra32
FZXiangPZTJW_Zhun+u30CE.png,FZXiangPZTJW_Zhun,u30CE,ノ,kana,extra32
FZXiangPZTJW_Zhun+u30CF.png,FZXiangPZTJW_Zhun,u30CF,ハ,kana,extra32
FZXiangPZTJW_Zhun+u30D0.png,FZXiangPZTJW_Zhun,u30D0,バ,kana,extra32
FZXiangPZTJW_Zhun+u30D1.png,FZXiangPZTJW_Zhun,u30D1,パ,kana,extra32
FZXiangPZTJW_Zhun+u30D2.png,FZXiangPZTJW_Zhun,u30D2,ヒ,kana,extra32
FZXiangPZTJW_Zhun+u30D3.png,FZXiangPZTJW_Zhun,u30D3,ビ,kana,extra32
FZXiangPZTJW_Zhun+u30D4.png,FZXiangPZTJW_Zhun,u30D4,ピ,kana,extra32
FZXiangPZTJW_Zhun+u30D5.png,FZXiangPZTJW_Zhun,u30D5,フ,kana,extra32
FZXiangPZTJW_Zhun+u30D6.png,FZXiangPZTJW_Zhun,u30D6,ブ,kana,extra32
FZXiangPZTJW_Zhun+u30D7.png,FZXiangPZTJW_Zhun,u30D7,プ,kana,extra32
FZXiangPZTJW_Zhun+u30D8.png,FZXiangPZTJW_Zhun,u30D8,ヘ,kana,extra32
FZXiangPZTJW_Zhun+u30D9.png,FZXiangPZTJW_Zhun,u30D9,ベ,kana,extra32
FZXiangPZTJW_Zhun+u30DA.png,FZXiangPZTJW_Zhun,u30DA,ペ,kana,extra32
FZXiangPZTJW_Zhun+u30DB.png,FZXiangPZTJW_Zhun,u30DB,ホ,kana,extra32
FZXiangPZTJW_Zhun+u30DC.png,FZXiangPZTJW_Zhun,u30DC,ボ,kana,extra32
FZXiangPZTJW_Zhun+u30DD.png,FZXiangPZTJW_Zhun,u30DD,ポ,kana,extra32
FZXiangPZTJW_Zhun+u30DE.png,FZXiangPZTJW_Zhun,u30DE,マ,kana,extra32
FZXiangPZTJW_Zhun+u30DF.png,FZXiangPZTJW_Zhun,u30DF,ミ,kana,extra32
FZXiangPZTJW_Zhun+u30E0.png,FZXiangPZTJW_Zhun,u30E0,ム,kana,extra32
FZXiangPZTJW_Zhun+u30E1.png,FZXiangPZTJW_Zhun,u30E1,メ,kana,extra32
FZXiangPZTJW_Zhun+u30E2.png,FZXiangPZTJW_Zhun,u30E2,モ,kana,extra32
FZXiangPZTJW_Zhun+u30E3.png,FZXiangPZTJW_Zhun,u30E3,ャ,kana,extra32
FZXiangPZTJW_Zhun+u30E4.png,FZXiangPZTJW_Zhun,u30E4,ヤ,kana,extra32
FZXiangPZTJW_Zhun+u30E5.png,FZXiangPZTJW_Zhun,u30E5,ュ,kana,extra32
FZXiangPZTJW_Zhun+u30E6.png,FZXiangPZTJW_Zhun,u30E6,ユ,kana,extra32
FZXiangPZTJW_Zhun+u30E7.png,FZXiangPZTJW_Zhun,u30E7,ョ,kana,extra32
FZXiangPZTJW_Zhun+u30E8.png,FZXiangPZTJW_Zhun,u30E8,ヨ,kana,extra32
FZXiangPZTJW_Zhun+u30E9.png,FZXiangPZTJW_Zhun,u30E9,ラ,kana,extra32
FZXiangPZTJW_Zhun+u30EA.png,FZXiangPZTJW_Zhun,u30EA,リ,kana,extra32
FZXiangPZTJW_Zhun+u30EB.png,FZXiangPZTJW_Zhun,u30EB,ル,kana,extra32
FZXiangPZTJW_Zhun+u30EC.png,FZXiangPZTJW_Zhun,u30EC,レ,kana,extra32
FZXiangPZTJW_Zhun+u30ED.png,FZXiangPZTJW_Zhun,u30ED,ロ,kana,extra32
FZXiangPZTJW_Zhun+u30EE.png,FZXiangPZTJW_Zhun,u30EE,ヮ,kana,extra32
FZXiangPZTJW_Zhun+u30EF.png,FZXiangPZTJW_Zhun,u30EF,ワ,kana,extra32
FZXiangPZTJW_Zhun+u30F0.png,FZXiangPZTJW_Zhun,u30F0,ヰ,kana,extra32
FZXiangPZTJW_Zhun+u30F1.png,FZXiangPZTJW_Zhun,u30F1,ヱ,kana,extra32
FZXiangPZTJW_Zhun+u30F2.png,FZXiangPZTJW_Zhun,u30F2,ヲ,kana,extra32
FZXiangPZTJW_Zhun+u30F3.png,FZXiangPZTJW_Zhun,u30F3,ン,kana,extra32
FZXiangPZTJW_Zhun+u30F4.png,FZXiangPZTJW_Zhun,u30F4,ヴ,kana,extra32
FZXiangPZTJW_Zhun+u30F5.png,FZXiangPZTJW_Zhun,u30F5,ヵ,kana,extra32
FZXiangPZTJW_Zhun+u30F6.png,FZXiangPZTJW_Zhun,u30F6,ヶ,kana,extra32
FZYaZTJ_Xi+u0030.png,FZYaZTJ_Xi,u0030,0,latin,extra32
FZYaZTJ_Xi+u0032.png,FZYaZTJ_Xi,u0032,2,latin,extra32
FZYaZTJ_Xi+u0033.png,FZYaZTJ_Xi,u0033,3,latin,extra32
FZYaZTJ_Xi+u0034.png,FZYaZTJ_Xi,u0034,4,latin,extra32
FZYaZTJ_Xi+u0035.png,FZYaZTJ_Xi,u0035,5,latin,extra32
FZYaZTJ_Xi+u0036.png,FZYaZTJ_Xi,u0036,6,latin,extra32
FZYaZTJ_Xi+u0037.png,FZYaZTJ_Xi,u0037,7,latin,extra32
FZYaZTJ_Xi+u0038.png,FZYaZTJ_Xi,u0038,8,latin,extra32
FZYaZTJ_Xi+u0039.png,FZYaZTJ_Xi,u0039,9,latin,extra32
FZYaZTJ_Xi+u0041.png,FZYaZTJ_Xi,u0041,A,latin,extra32
FZYaZTJ_Xi+u0042.png,FZYaZTJ_Xi,u0042,B,latin,extra32
FZYaZTJ_Xi+u0043.png,FZYaZTJ_Xi,u0043,C,latin,extra32
FZYaZTJ_Xi+u0044.png,FZYaZTJ_Xi,u0044,D,latin,extra32
FZYaZTJ_Xi+u0045.png,FZYaZTJ_Xi,u0045,E,latin,extra32
FZYaZTJ_Xi+u0046.png,FZYaZTJ_Xi,u0046,F,latin,extra32
FZYaZTJ_Xi+u0047.png,FZYaZTJ_Xi,u0047,G,latin,extra32
FZYaZTJ_Xi+u0048.png,FZYaZTJ_Xi,u0048,H,latin,extra32
FZYaZTJ_Xi+u0049.png,FZYaZTJ_Xi,u0049,I,latin,extra32
FZYaZTJ_Xi+u004A.png,FZYaZTJ_Xi,u004A,J,latin,extra32
FZYaZTJ_Xi+u004B.png,FZYaZTJ_Xi,u004B,K,latin,extra32
FZYaZTJ_Xi+u004C.png,FZYaZTJ_Xi,u004C,L,latin,extra32
FZYaZTJ_Xi+u004D.png,FZYaZTJ_Xi,u004D,M,latin,extra32
FZYaZTJ_Xi+u004E.png,FZYaZTJ_Xi,u004E,N,latin,extra32
FZYaZTJ_Xi+u004F.png,FZYaZTJ_Xi,u004F,O,latin,extra32
FZYaZTJ_Xi+u0050.png,FZYaZTJ_Xi,u0050,P,latin,extra32
FZYaZTJ_Xi+u0051.png,FZYaZTJ_Xi,u0051,Q,latin,extra32
FZYaZTJ_Xi+u0052.png,FZYaZTJ_Xi,u0052,R,latin,extra32
FZYaZTJ_Xi+u0053.png,FZYaZTJ_Xi,u0053,S,latin,extra32
FZYaZTJ_Xi+u0055.png,FZYaZTJ_Xi,u0055,U,latin,extra32
FZYaZTJ_Xi+u0056.png,FZYaZTJ_Xi,u0056,V,latin,extra32
FZYaZTJ_Xi+u0057.png,FZYaZTJ_Xi,u0057,W,latin,extra32
FZYaZTJ_Xi+u0059.png,FZYaZTJ_Xi,u0059,Y,latin,extra32
FZYaZTJ_Xi+u005A.png,FZYaZTJ_Xi,u005A,Z,latin,extra32
FZYaZTJ_Xi+u0062.png,FZYaZTJ_Xi,u0062,b,latin,extra32
FZYaZTJ_Xi+u0063.png,FZYaZTJ_Xi,u0063,c,latin,extra32
FZYaZTJ_Xi+u0065.png,FZYaZTJ_Xi,u0065,e,latin,extra32
FZYaZTJ_Xi+u0066.png,FZYaZTJ_Xi,u0066,f,latin,extra32
FZYaZTJ_Xi+u0067.png,FZYaZTJ_Xi,u0067,g,latin,extra32
FZYaZTJ_Xi+u0068.png,FZYaZTJ_Xi,u0068,h,latin,extra32
FZYaZTJ_Xi+u0069.png,FZYaZTJ_Xi,u0069,i,latin,extra32
FZYaZTJ_Xi+u006A.png,FZYaZTJ_Xi,u006A,j,latin,extra32
FZYaZTJ_Xi+u006C.png,FZYaZTJ_Xi,u006C,l,latin,extra32
FZYaZTJ_Xi+u006D.png,FZYaZTJ_Xi,u006D,m,latin,extra32
FZYaZTJ_Xi+u006E.png,FZYaZTJ_Xi,u006E,n,latin,extra32
FZYaZTJ_Xi+u006F.png,FZYaZTJ_Xi,u006F,o,latin,extra32
FZYaZTJ_Xi+u0070.png,FZYaZTJ_Xi,u0070,p,latin,extra32
FZYaZTJ_Xi+u0071.png,FZYaZTJ_Xi,u0071,q,latin,extra32
FZYaZTJ_Xi+u0072.png,FZYaZTJ_Xi,u0072,r,latin,extra32
FZYaZTJ_Xi+u0073.png,FZYaZTJ_Xi,u0073,s,latin,extra32
FZYaZTJ_Xi+u0074.png,FZYaZTJ_Xi,u0074,t,latin,extra32
FZYaZTJ_Xi+u0076.png,FZYaZTJ_Xi,u0076,v,latin,extra32
FZYaZTJ_Xi+u0077.png,FZYaZTJ_Xi,u0077,w,latin,extra32
FZYaZTJ_Xi+u0078.png,FZYaZTJ_Xi,u0078,x,latin,extra32
FZYaZTJ_Xi+u007A.png,FZYaZTJ_Xi,u007A,z,latin,extra32
FZYaZTJ_Xi+u00E1.png,FZYaZTJ_Xi,u00E1,á,latin,extra32
FZYaZTJ_Xi+u00E8.png,FZYaZTJ_Xi,u00E8,è,latin,extra32
FZYaZTJ_Xi+u00E9.png,FZYaZTJ_Xi,u00E9,é,latin,extra32
FZYaZTJ_Xi+u00EA.png,FZYaZTJ_Xi,u00EA,ê,latin,extra32
FZYaZTJ_Xi+u00ED.png,FZYaZTJ_Xi,u00ED,í,latin,extra32
FZYaZTJ_Xi+u00F2.png,FZYaZTJ_Xi,u00F2,ò,latin,extra32
FZYaZTJ_Xi+u00F3.png,FZYaZTJ_Xi,u00F3,ó,latin,extra32
FZYaZTJ_Xi+u00F9.png,FZYaZTJ_Xi,u00F9,ù,latin,extra32
FZYaZTJ_Xi+u00FA.png,FZYaZTJ_Xi,u00FA,ú,latin,extra32
FZYaZTJ_Xi+u00FC.png,FZYaZTJ_Xi,u00FC,ü,latin,extra32
FZYaZTJ_Xi+u0101.png,FZYaZTJ_Xi,u0101,ā,latin,extra32
FZYaZTJ_Xi+u0113.png,FZYaZTJ_Xi,u0113,ē,latin,extra32
FZYaZTJ_Xi+u011B.png,FZYaZTJ_Xi,u011B,ě,latin,extra32
FZYaZTJ_Xi+u012B.png,FZYaZTJ_Xi,u012B,ī,latin,extra32
FZYaZTJ_Xi+u0144.png,FZYaZTJ_Xi,u0144,ń,latin,extra32
FZYaZTJ_Xi+u0148.png,FZYaZTJ_Xi,u0148,ň,latin,extra32
FZYaZTJ_Xi+u014D.png,FZYaZTJ_Xi,u014D,ō,latin,extra32
FZYaZTJ_Xi+u016B.png,FZYaZTJ_Xi,u016B,ū,latin,extra32
FZYaZTJ_Xi+u01CE.png,FZYaZTJ_Xi,u01CE,ǎ,latin,extra32
FZYaZTJ_Xi+u01D0.png,FZYaZTJ_Xi,u01D0,ǐ,latin,extra32
FZYaZTJ_Xi+u01D2.png,FZYaZTJ_Xi,u01D2,ǒ,latin,extra32
FZYaZTJ_Xi+u01D6.png,FZYaZTJ_Xi,u01D6,ǖ,latin,extra32
FZYaZTJ_Xi+u01D8.png,FZYaZTJ_Xi,u01D8,ǘ,latin,extra32
FZYaZTJ_Xi+u01DA.png,FZYaZTJ_Xi,u01DA,ǚ,latin,extra32
FZYaZTJ_Xi+u3041.png,FZYaZTJ_Xi,u3041,ぁ,kana,extra32
FZYaZTJ_Xi+u3042.png,FZYaZTJ_Xi,u3042,あ,kana,extra32
FZYaZTJ_Xi+u3043.png,FZYaZTJ_Xi,u3043,ぃ,kana,extra32
FZYaZTJ_Xi+u3044.png,FZYaZTJ_Xi,u3044,い,kana,extra32
FZYaZTJ_Xi+u3045.png,FZYaZTJ_Xi,u3045,ぅ,kana,extra32
FZYaZTJ_Xi+u3046.png,FZYaZTJ_Xi,u3046,う,kana,extra32
FZYaZTJ_Xi+u3047.png,FZYaZTJ_Xi,u3047,ぇ,kana,extra32
FZYaZTJ_Xi+u3048.png,FZYaZTJ_Xi,u3048,え,kana,extra32
FZYaZTJ_Xi+u3049.png,FZYaZTJ_Xi,u3049,ぉ,kana,extra32
FZYaZTJ_Xi+u304A.png,FZYaZTJ_Xi,u304A,お,kana,extra32
FZYaZTJ_Xi+u304B.png,FZYaZTJ_Xi,u304B,か,kana,extra32
FZYaZTJ_Xi+u304C.png,FZYaZTJ_Xi,u304C,が,kana,extra32
FZYaZTJ_Xi+u304D.png,FZYaZTJ_Xi,u304D,き,kana,extra32
FZYaZTJ_Xi+u304E.png,FZYaZTJ_Xi,u304E,ぎ,kana,extra32
FZYaZTJ_Xi+u304F.png,FZYaZTJ_Xi,u304F,く,kana,extra32
FZYaZTJ_Xi+u3050.png,FZYaZTJ_Xi,u3050,ぐ,kana,extra32
FZYaZTJ_Xi+u3051.png,FZYaZTJ_Xi,u3051,け,kana,extra32
FZYaZTJ_Xi+u3052.png,FZYaZTJ_Xi,u3052,げ,kana,extra32
FZYaZTJ_Xi+u3053.png,FZYaZTJ_Xi,u3053,こ,kana,extra32
FZYaZTJ_Xi+u3054.png,FZYaZTJ_Xi,u3054,ご,kana,extra32
FZYaZTJ_Xi+u3055.png,FZYaZTJ_Xi,u3055,さ,kana,extra32
FZYaZTJ_Xi+u3056.png,FZYaZTJ_Xi,u3056,ざ,kana,extra32
FZYaZTJ_Xi+u3057.png,FZYaZTJ_Xi,u3057,し,kana,extra32
FZYaZTJ_Xi+u3058.png,FZYaZTJ_Xi,u3058,じ,kana,extra32
FZYaZTJ_Xi+u3059.png,FZYaZTJ_Xi,u3059,す,kana,extra32
FZYaZTJ_Xi+u305A.png,FZYaZTJ_Xi,u305A,ず,kana,extra32
FZYaZTJ_Xi+u305B.png,FZYaZTJ_Xi,u305B,せ,kana,extra32
FZYaZTJ_Xi+u305C.png,FZYaZTJ_Xi,u305C,ぜ,kana,extra32
FZYaZTJ_Xi+u305D.png,FZYaZTJ_Xi,u305D,そ,kana,extra32
FZYaZTJ_Xi+u305E.png,FZYaZTJ_Xi,u305E,ぞ,kana,extra32
FZYaZTJ_Xi+u305F.png,FZYaZTJ_Xi,u305F,た,kana,extra32
FZYaZTJ_Xi+u3060.png,FZYaZTJ_Xi,u3060,だ,kana,extra32
FZYaZTJ_Xi+u3061.png,FZYaZTJ_Xi,u3061,ち,kana,extra32
FZYaZTJ_Xi+u3062.png,FZYaZTJ_Xi,u3062,ぢ,kana,extra32
FZYaZTJ_Xi+u3063.png,FZYaZTJ_Xi,u3063,っ,kana,extra32
FZYaZTJ_Xi+u3064.png,FZYaZTJ_Xi,u3064,つ,kana,extra32
FZYaZTJ_Xi+u3065.png,FZYaZTJ_Xi,u3065,づ,kana,extra32
FZYaZTJ_Xi+u3066.png,FZYaZTJ_Xi,u3066,て,kana,extra32
FZYaZTJ_Xi+u3067.png,FZYaZTJ_Xi,u3067,で,kana,extra32
FZYaZTJ_Xi+u3068.png,FZYaZTJ_Xi,u3068,と,kana,extra32
FZYaZTJ_Xi+u3069.png,FZYaZTJ_Xi,u3069,ど,kana,extra32
FZYaZTJ_Xi+u306A.png,FZYaZTJ_Xi,u306A,な,kana,extra32
FZYaZTJ_Xi+u306B.png,FZYaZTJ_Xi,u306B,に,kana,extra32
FZYaZTJ_Xi+u306C.png,FZYaZTJ_Xi,u306C,ぬ,kana,extra32
FZYaZTJ_Xi+u306D.png,FZYaZTJ_Xi,u306D,ね,kana,extra32
FZYaZTJ_Xi+u306E.png,FZYaZTJ_Xi,u306E,の,kana,extra32
FZYaZTJ_Xi+u306F.png,FZYaZTJ_Xi,u306F,は,kana,extra32
FZYaZTJ_Xi+u3070.png,FZYaZTJ_Xi,u3070,ば,kana,extra32
FZYaZTJ_Xi+u3071.png,FZYaZTJ_Xi,u3071,ぱ,kana,extra32
FZYaZTJ_Xi+u3072.png,FZYaZTJ_Xi,u3072,ひ,kana,extra32
FZYaZTJ_Xi+u3073.png,FZYaZTJ_Xi,u3073,び,kana,extra32
FZYaZTJ_Xi+u3074.png,FZYaZTJ_Xi,u3074,ぴ,kana,extra32
FZYaZTJ_Xi+u3075.png,FZYaZTJ_Xi,u3075,ふ,kana,extra32
FZYaZTJ_Xi+u3076.png,FZYaZTJ_Xi,u3076,ぶ,kana,extra32
FZYaZTJ_Xi+u3077.png,FZYaZTJ_Xi,u3077,ぷ,kana,extra32
FZYaZTJ_Xi+u3078.png,FZYaZTJ_Xi,u3078,へ,kana,extra32
FZYaZTJ_Xi+u3079.png,FZYaZTJ_Xi,u3079,べ,kana,extra32
FZYaZTJ_Xi+u307A.png,FZYaZTJ_Xi,u307A,ぺ,kana,extra32
FZYaZTJ_Xi+u307B.png,FZYaZTJ_Xi,u307B,ほ,kana,extra32
FZYaZTJ_Xi+u307C.png,FZYaZTJ_Xi,u307C,ぼ,kana,extra32
FZYaZTJ_Xi+u307D.png,FZYaZTJ_Xi,u307D,ぽ,kana,extra32
FZYaZTJ_Xi+u307E.png,FZYaZTJ_Xi,u307E,ま,kana,extra32
FZYaZTJ_Xi+u307F.png,FZYaZTJ_Xi,u307F,み,kana,extra32
FZYaZTJ_Xi+u3080.png,FZYaZTJ_Xi,u3080,む,kana,extra32
FZYaZTJ_Xi+u3081.png,FZYaZTJ_Xi,u3081,め,kana,extra32
FZYaZTJ_Xi+u3082.png,FZYaZTJ_Xi,u3082,も,kana,extra32
FZYaZTJ_Xi+u3083.png,FZYaZTJ_Xi,u3083,ゃ,kana,extra32
FZYaZTJ_Xi+u3084.png,FZYaZTJ_Xi,u3084,や,kana,extra32
FZYaZTJ_Xi+u3085.png,FZYaZTJ_Xi,u3085,ゅ,kana,extra32
FZYaZTJ_Xi+u3086.png,FZYaZTJ_Xi,u3086,ゆ,kana,extra32
FZYaZTJ_Xi+u3087.png,FZYaZTJ_Xi,u3087,ょ,kana,extra32
FZYaZTJ_Xi+u3088.png,FZYaZTJ_Xi,u3088,よ,kana,extra32
FZYaZTJ_Xi+u3089.png,FZYaZTJ_Xi,u3089,ら,kana,extra32
FZYaZTJ_Xi+u308A.png,FZYaZTJ_Xi,u308A,り,kana,extra32
FZYaZTJ_Xi+u308B.png,FZYaZTJ_Xi,u308B,る,kana,extra32
FZYaZTJ_Xi+u308C.png,FZYaZTJ_Xi,u308C,れ,kana,extra32
FZYaZTJ_Xi+u308D.png,FZYaZTJ_Xi,u308D,ろ,kana,extra32
FZYaZTJ_Xi+u308E.png,FZYaZTJ_Xi,u308E,ゎ,kana,extra32
FZYaZTJ_Xi+u308F.png,FZYaZTJ_Xi,u308F,わ,kana,extra32
FZYaZTJ_Xi+u3090.png,FZYaZTJ_Xi,u3090,ゐ,kana,extra32
FZYaZTJ_Xi+u3091.png,FZYaZTJ_Xi,u3091,ゑ,kana,extra32
FZYaZTJ_Xi+u3092.png,FZYaZTJ_Xi,u3092,を,kana,extra32
FZYaZTJ_Xi+u3093.png,FZYaZTJ_Xi,u3093,ん,kana,extra32
FZYaZTJ_Xi+u30A1.png,FZYaZTJ_Xi,u30A1,ァ,kana,extra32
FZYaZTJ_Xi+u30A2.png,FZYaZTJ_Xi,u30A2,ア,kana,extra32
FZYaZTJ_Xi+u30A3.png,FZYaZTJ_Xi,u30A3,ィ,kana,extra32
FZYaZTJ_Xi+u30A4.png,FZYaZTJ_Xi,u30A4,イ,kana,extra32
FZYaZTJ_Xi+u30A5.png,FZYaZTJ_Xi,u30A5,ゥ,kana,extra32
FZYaZTJ_Xi+u30A6.png,FZYaZTJ_Xi,u30A6,ウ,kana,extra32
FZYaZTJ_Xi+u30A7.png,FZYaZTJ_Xi,u30A7,ェ,kana,extra32
FZYaZTJ_Xi+u30A8.png,FZYaZTJ_Xi,u30A8,エ,kana,extra32
FZYaZTJ_Xi+u30A9.png,FZYaZTJ_Xi,u30A9,ォ,kana,extra32
FZYaZTJ_Xi+u30AA.png,FZYaZTJ_Xi,u30AA,オ,kana,extra32
FZYaZTJ_Xi+u30AB.png,FZYaZTJ_Xi,u30AB,カ,kana,extra32
FZYaZTJ_Xi+u30AC.png,FZYaZTJ_Xi,u30AC,ガ,kana,extra32
FZYaZTJ_Xi+u30AD.png,FZYaZTJ_Xi,u30AD,キ,kana,extra32
FZYaZTJ_Xi+u30AE.png,FZYaZTJ_Xi,u30AE,ギ,kana,extra32
FZYaZTJ_Xi+u30AF.png,FZYaZTJ_Xi,u30AF,ク,kana,extra32
FZYaZTJ_Xi+u30B0.png,FZYaZTJ_Xi,u30B0,グ,kana,extra32
FZYaZTJ_Xi+u30B1.png,FZYaZTJ_Xi,u30B1,ケ,kana,extra32
FZYaZTJ_Xi+u30B2.png,FZYaZTJ_Xi,u30B2,ゲ,kana,extra32
FZYaZTJ_Xi+u30B3.png,FZYaZTJ_Xi,u30B3,コ,kana,extra32
FZYaZTJ_Xi+u30B4.png,FZYaZTJ_Xi,u30B4,ゴ,kana,extra32
FZYaZTJ_Xi+u30B5.png,FZYaZTJ_Xi,u30B5,サ,kana,extra32
FZYaZTJ_Xi+u30B6.png,FZYaZTJ_Xi,u30B6,ザ,kana,extra32
FZYaZTJ_Xi+u30B7.png,FZYaZTJ_Xi,u30B7,シ,kana,extra32
FZYaZTJ_Xi+u30B8.png,FZYaZTJ_Xi,u30B8,ジ,kana,extra32
FZYaZTJ_Xi+u30B9.png,FZYaZTJ_Xi,u30B9,ス,kana,extra32
FZYaZTJ_Xi+u30BA.png,FZYaZTJ_Xi,u30BA,ズ,kana,extra32
FZYaZTJ_Xi+u30BB.png,FZYaZTJ_Xi,u30BB,セ,kana,extra32
FZYaZTJ_Xi+u30BC.png,FZYaZTJ_Xi,u30BC,ゼ,kana,extra32
FZYaZTJ_Xi+u30BD.png,FZYaZTJ_Xi,u30BD,ソ,kana,extra32
FZYaZTJ_Xi+u30BE.png,FZYaZTJ_Xi,u30BE,ゾ,kana,extra32
FZYaZTJ_Xi+u30BF.png,FZYaZTJ_Xi,u30BF,タ,kana,extra32
FZYaZTJ_Xi+u30C0.png,FZYaZTJ_Xi,u30C0,ダ,kana,extra32
FZYaZTJ_Xi+u30C1.png,FZYaZTJ_Xi,u30C1,チ,kana,extra32
FZYaZTJ_Xi+u30C2.png,FZYaZTJ_Xi,u30C2,ヂ,kana,extra32
FZYaZTJ_Xi+u30C3.png,FZYaZTJ_Xi,u30C3,ッ,kana,extra32
FZYaZTJ_Xi+u30C4.png,FZYaZTJ_Xi,u30C4,ツ,kana,extra32
FZYaZTJ_Xi+u30C5.png,FZYaZTJ_Xi,u30C5,ヅ,kana,extra32
FZYaZTJ_Xi+u30C6.png,FZYaZTJ_Xi,u30C6,テ,kana,extra32
FZYaZTJ_Xi+u30C7.png,FZYaZTJ_Xi,u30C7,デ,kana,extra32
FZYaZTJ_Xi+u30C8.png,FZYaZTJ_Xi,u30C8,ト,kana,extra32
FZYaZTJ_Xi+u30C9.png,FZYaZTJ_Xi,u30C9,ド,kana,extra32
FZYaZTJ_Xi+u30CA.png,FZYaZTJ_Xi,u30CA,ナ,kana,extra32
FZYaZTJ_Xi+u30CB.png,FZYaZTJ_Xi,u30CB,ニ,kana,extra32
FZYaZTJ_Xi+u30CC.png,FZYaZTJ_Xi,u30CC,ヌ,kana,extra32
FZYaZTJ_Xi+u30CD.png,FZYaZTJ_Xi,u30CD,ネ,kana,extra32
FZYaZTJ_Xi+u30CE.png,FZYaZTJ_Xi,u30CE,ノ,kana,extra32
FZYaZTJ_Xi+u30CF.png,FZYaZTJ_Xi,u30CF,ハ,kana,extra32
FZYaZTJ_Xi+u30D0.png,FZYaZTJ_Xi,u30D0,バ,kana,extra32
FZYaZTJ_Xi+u30D1.png,FZYaZTJ_Xi,u30D1,パ,kana,extra32
FZYaZTJ_Xi+u30D2.png,FZYaZTJ_Xi,u30D2,ヒ,kana,extra32
FZYaZTJ_Xi+u30D3.png,FZYaZTJ_Xi,u30D3,ビ,kana,extra32
FZYaZTJ_Xi+u30D4.png,FZYaZTJ_Xi,u30D4,ピ,kana,extra32
FZYaZTJ_Xi+u30D5.png,FZYaZTJ_Xi,u30D5,フ,kana,extra32
FZYaZTJ_Xi+u30D6.png,FZYaZTJ_Xi,u30D6,ブ,kana,extra32
FZYaZTJ_Xi+u30D7.png,FZYaZTJ_Xi,u30D7,プ,kana,extra32
FZYaZTJ_Xi+u30D8.png,FZYaZTJ_Xi,u30D8,ヘ,kana,extra32
FZYaZTJ_Xi+u30D9.png,FZYaZTJ_Xi,u30D9,ベ,kana,extra32
FZYaZTJ_Xi+u30DA.png,FZYaZTJ_Xi,u30DA,ペ,kana,extra32
FZYaZTJ_Xi+u30DB.png,FZYaZTJ_Xi,u30DB,ホ,kana,extra32
FZYaZTJ_Xi+u30DC.png,FZYaZTJ_Xi,u30DC,ボ,kana,extra32
FZYaZTJ_Xi+u30DD.png,FZYaZTJ_Xi,u30DD,ポ,kana,extra32
FZYaZTJ_Xi+u30DE.png,FZYaZTJ_Xi,u30DE,マ,kana,extra32
FZYaZTJ_Xi+u30DF.png,FZYaZTJ_Xi,u30DF,ミ,kana,extra32
FZYaZTJ_Xi+u30E0.png,FZYaZTJ_Xi,u30E0,ム,kana,extra32
FZYaZTJ_Xi+u30E1.png,FZYaZTJ_Xi,u30E1,メ,kana,extra32
FZYaZTJ_Xi+u30E2.png,FZYaZTJ_Xi,u30E2,モ,kana,extra32
FZYaZTJ_Xi+u30E3.png,FZYaZTJ_Xi,u30E3,ャ,kana,extra32
FZYaZTJ_Xi+u30E4.png,FZYaZTJ_Xi,u30E4,ヤ,kana,extra32
FZYaZTJ_Xi+u30E5.png,FZYaZTJ_Xi,u30E5,ュ,kana,extra32
FZYaZTJ_Xi+u30E6.png,FZYaZTJ_Xi,u30E6,ユ,kana,extra32
FZYaZTJ_Xi+u30E7.png,FZYaZTJ_Xi,u30E7,ョ,kana,extra32
FZYaZTJ_Xi+u30E8.png,FZYaZTJ_Xi,u30E8,ヨ,kana,extra32
FZYaZTJ_Xi+u30E9.png,FZYaZTJ_Xi,u30E9,ラ,kana,extra32
FZYaZTJ_Xi+u30EA.png,FZYaZTJ_Xi,u30EA,リ,kana,extra32
FZYaZTJ_Xi+u30EB.png,FZYaZTJ_Xi,u30EB,ル,kana,extra32
FZYaZTJ_Xi+u30EC.png,FZYaZTJ_Xi,u30EC,レ,kana,extra32
FZYaZTJ_Xi+u30ED.png,FZYaZTJ_Xi,u30ED,ロ,kana,extra32
FZYaZTJ_Xi+u30EE.png,FZYaZTJ_Xi,u30EE,ヮ,kana,extra32
FZYaZTJ_Xi+u30EF.png,FZYaZTJ_Xi,u30EF,ワ,kana,extra32
FZYaZTJ_Xi+u30F0.png,FZYaZTJ_Xi,u30F0,ヰ,kana,extra32
FZYaZTJ_Xi+u30F1.png,FZYaZTJ_Xi,u30F1,ヱ,kana,extra32
FZYaZTJ_Xi+u30F2.png,FZYaZTJ_Xi,u30F2,ヲ,kana,extra32
FZYaZTJ_Xi+u30F3.png,FZYaZTJ_Xi,u30F3,ン,kana,extra32
FZYaZTJ_Xi+u30F4.png,FZYaZTJ_Xi,u30F4,ヴ,kana,extra32
FZYaZTJ_Xi+u30F5.png,FZYaZTJ_Xi,u30F5,ヵ,kana,extra32
FZYaZTJ_Xi+u30F6.png,FZYaZTJ_Xi,u30F6,ヶ,kana,extra32
FZZH-DFHBJW (1)+u0030.png,FZZH-DFHBJW (1),u0030,0,latin,plus17
FZZH-DFHBJW (1)+u0032.png,FZZH-DFHBJW (1),u0032,2,latin,plus17
FZZH-DFHBJW (1)+u0033.png,FZZH-DFHBJW (1),u0033,3,latin,plus17
FZZH-DFHBJW (1)+u0034.png,FZZH-DFHBJW (1),u0034,4,latin,plus17
FZZH-DFHBJW (1)+u0035.png,FZZH-DFHBJW (1),u0035,5,latin,plus17
FZZH-DFHBJW (1)+u0036.png,FZZH-DFHBJW (1),u0036,6,latin,plus17
FZZH-DFHBJW (1)+u0037.png,FZZH-DFHBJW (1),u0037,7,latin,plus17
FZZH-DFHBJW (1)+u0038.png,FZZH-DFHBJW (1),u0038,8,latin,plus17
FZZH-DFHBJW (1)+u0039.png,FZZH-DFHBJW (1),u0039,9,latin,plus17
FZZH-DFHBJW (1)+u0041.png,FZZH-DFHBJW (1),u0041,A,latin,plus17
FZZH-DFHBJW (1)+u0042.png,FZZH-DFHBJW (1),u0042,B,latin,plus17
FZZH-DFHBJW (1)+u0043.png,FZZH-DFHBJW (1),u0043,C,latin,plus17
FZZH-DFHBJW (1)+u0044.png,FZZH-DFHBJW (1),u0044,D,latin,plus17
FZZH-DFHBJW (1)+u0045.png,FZZH-DFHBJW (1),u0045,E,latin,plus17
FZZH-DFHBJW (1)+u0046.png,FZZH-DFHBJW (1),u0046,F,latin,plus17
FZZH-DFHBJW (1)+u0047.png,FZZH-DFHBJW (1),u0047,G,latin,plus17
FZZH-DFHBJW (1)+u0048.png,FZZH-DFHBJW (1),u0048,H,latin,plus17
FZZH-DFHBJW (1)+u0049.png,FZZH-DFHBJW (1),u0049,I,latin,plus17
FZZH-DFHBJW (1)+u004A.png,FZZH-DFHBJW (1),u004A,J,latin,plus17
FZZH-DFHBJW (1)+u004B.png,FZZH-DFHBJW (1),u004B,K,latin,plus17
FZZH-DFHBJW (1)+u004C.png,FZZH-DFHBJW (1),u004C,L,latin,plus17
FZZH-DFHBJW (1)+u004D.png,FZZH-DFHBJW (1),u004D,M,latin,plus17
FZZH-DFHBJW (1)+u004E.png,FZZH-DFHBJW (1),u004E,N,latin,plus17
FZZH-DFHBJW (1)+u004F.png,FZZH-DFHBJW (1),u004F,O,latin,plus17
FZZH-DFHBJW (1)+u0050.png,FZZH-DFHBJW (1),u0050,P,latin,plus17
FZZH-DFHBJW (1)+u0051.png,FZZH-DFHBJW (1),u0051,Q,latin,plus17
FZZH-DFHBJW (1)+u0052.png,FZZH-DFHBJW (1),u0052,R,latin,plus17
FZZH-DFHBJW (1)+u0053.png,FZZH-DFHBJW (1),u0053,S,latin,plus17
FZZH-DFHBJW (1)+u0055.png,FZZH-DFHBJW (1),u0055,U,latin,plus17
FZZH-DFHBJW (1)+u0056.png,FZZH-DFHBJW (1),u0056,V,latin,plus17
FZZH-DFHBJW (1)+u0057.png,FZZH-DFHBJW (1),u0057,W,latin,plus17
FZZH-DFHBJW (1)+u0059.png,FZZH-DFHBJW (1),u0059,Y,latin,plus17
FZZH-DFHBJW (1)+u005A.png,FZZH-DFHBJW (1),u005A,Z,latin,plus17
FZZH-DFHBJW (1)+u0062.png,FZZH-DFHBJW (1),u0062,b,latin,plus17
FZZH-DFHBJW (1)+u0063.png,FZZH-DFHBJW (1),u0063,c,latin,plus17
FZZH-DFHBJW (1)+u0065.png,FZZH-DFHBJW (1),u0065,e,latin,plus17
FZZH-DFHBJW (1)+u0066.png,FZZH-DFHBJW (1),u0066,f,latin,plus17
FZZH-DFHBJW (1)+u0067.png,FZZH-DFHBJW (1),u0067,g,latin,plus17
FZZH-DFHBJW (1)+u0068.png,FZZH-DFHBJW (1),u0068,h,latin,plus17
FZZH-DFHBJW (1)+u0069.png,FZZH-DFHBJW (1),u0069,i,latin,plus17
FZZH-DFHBJW (1)+u006A.png,FZZH-DFHBJW (1),u006A,j,latin,plus17
FZZH-DFHBJW (1)+u006C.png,FZZH-DFHBJW (1),u006C,l,latin,plus17
FZZH-DFHBJW (1)+u006D.png,FZZH-DFHBJW (1),u006D,m,latin,plus17
FZZH-DFHBJW (1)+u006E.png,FZZH-DFHBJW (1),u006E,n,latin,plus17
FZZH-DFHBJW (1)+u006F.png,FZZH-DFHBJW (1),u006F,o,latin,plus17
FZZH-DFHBJW (1)+u0070.png,FZZH-DFHBJW (1),u0070,p,latin,plus17
FZZH-DFHBJW (1)+u0071.png,FZZH-DFHBJW (1),u0071,q,latin,plus17
FZZH-DFHBJW (1)+u0072.png,FZZH-DFHBJW (1),u0072,r,latin,plus17
FZZH-DFHBJW (1)+u0073.png,FZZH-DFHBJW (1),u0073,s,latin,plus17
FZZH-DFHBJW (1)+u0074.png,FZZH-DFHBJW (1),u0074,t,latin,plus17
FZZH-DFHBJW (1)+u0076.png,FZZH-DFHBJW (1),u0076,v,latin,plus17
FZZH-DFHBJW (1)+u0077.png,FZZH-DFHBJW (1),u0077,w,latin,plus17
FZZH-DFHBJW (1)+u0078.png,FZZH-DFHBJW (1),u0078,x,latin,plus17
FZZH-DFHBJW (1)+u007A.png,FZZH-DFHBJW (1),u007A,z,latin,plus17
FZZH-DFHBJW (1)+u00E1.png,FZZH-DFHBJW (1),u00E1,á,latin,plus17
FZZH-DFHBJW (1)+u00E8.png,FZZH-DFHBJW (1),u00E8,è,latin,plus17
FZZH-DFHBJW (1)+u00E9.png,FZZH-DFHBJW (1),u00E9,é,latin,plus17
FZZH-DFHBJW (1)+u00EA.png,FZZH-DFHBJW (1),u00EA,ê,latin,plus17
FZZH-DFHBJW (1)+u00ED.png,FZZH-DFHBJW (1),u00ED,í,latin,plus17
FZZH-DFHBJW (1)+u00F2.png,FZZH-DFHBJW (1),u00F2,ò,latin,plus17
FZZH-DFHBJW (1)+u00F3.png,FZZH-DFHBJW (1),u00F3,ó,latin,plus17
FZZH-DFHBJW (1)+u00F9.png,FZZH-DFHBJW (1),u00F9,ù,latin,plus17
FZZH-DFHBJW (1)+u00FA.png,FZZH-DFHBJW (1),u00FA,ú,latin,plus17
FZZH-DFHBJW (1)+u00FC.png,FZZH-DFHBJW (1),u00FC,ü,latin,plus17
FZZH-DFHBJW (1)+u0101.png,FZZH-DFHBJW (1),u0101,ā,latin,plus17
FZZH-DFHBJW (1)+u0113.png,FZZH-DFHBJW (1),u0113,ē,latin,plus17
FZZH-DFHBJW (1)+u011B.png,FZZH-DFHBJW (1),u011B,ě,latin,plus17
FZZH-DFHBJW (1)+u012B.png,FZZH-DFHBJW (1),u012B,ī,latin,plus17
FZZH-DFHBJW (1)+u0144.png,FZZH-DFHBJW (1),u0144,ń,latin,plus17
FZZH-DFHBJW (1)+u0148.png,FZZH-DFHBJW (1),u0148,ň,latin,plus17
FZZH-DFHBJW (1)+u014D.png,FZZH-DFHBJW (1),u014D,ō,latin,plus17
FZZH-DFHBJW (1)+u016B.png,FZZH-DFHBJW (1),u016B,ū,latin,plus17
FZZH-DFHBJW (1)+u01CE.png,FZZH-DFHBJW (1),u01CE,ǎ,latin,plus17
FZZH-DFHBJW (1)+u01D0.png,FZZH-DFHBJW (1),u01D0,ǐ,latin,plus17
FZZH-DFHBJW (1)+u01D2.png,FZZH-DFHBJW (1),u01D2,ǒ,latin,plus17
FZZH-DFHBJW (1)+u01D6.png,FZZH-DFHBJW (1),u01D6,ǖ,latin,plus17
FZZH-DFHBJW (1)+u01D8.png,FZZH-DFHBJW (1),u01D8,ǘ,latin,plus17
FZZH-DFHBJW (1)+u01DA.png,FZZH-DFHBJW (1),u01DA,ǚ,latin,plus17
FZZH-ZYXSJW+u0030.png,FZZH-ZYXSJW,u0030,0,latin,extra32
FZZH-ZYXSJW+u0032.png,FZZH-ZYXSJW,u0032,2,latin,extra32
FZZH-ZYXSJW+u0033.png,FZZH-ZYXSJW,u0033,3,latin,extra32
FZZH-ZYXSJW+u0034.png,FZZH-ZYXSJW,u0034,4,latin,extra32
FZZH-ZYXSJW+u0035.png,FZZH-ZYXSJW,u0035,5,latin,extra32
FZZH-ZYXSJW+u0036.png,FZZH-ZYXSJW,u0036,6,latin,extra32
FZZH-ZYXSJW+u0037.png,FZZH-ZYXSJW,u0037,7,latin,extra32
FZZH-ZYXSJW+u0038.png,FZZH-ZYXSJW,u0038,8,latin,extra32
FZZH-ZYXSJW+u0039.png,FZZH-ZYXSJW,u0039,9,latin,extra32
FZZH-ZYXSJW+u0041.png,FZZH-ZYXSJW,u0041,A,latin,extra32
FZZH-ZYXSJW+u0042.png,FZZH-ZYXSJW,u0042,B,latin,extra32
FZZH-ZYXSJW+u0043.png,FZZH-ZYXSJW,u0043,C,latin,extra32
FZZH-ZYXSJW+u0044.png,FZZH-ZYXSJW,u0044,D,latin,extra32
FZZH-ZYXSJW+u0045.png,FZZH-ZYXSJW,u0045,E,latin,extra32
FZZH-ZYXSJW+u0046.png,FZZH-ZYXSJW,u0046,F,latin,extra32
FZZH-ZYXSJW+u0047.png,FZZH-ZYXSJW,u0047,G,latin,extra32
FZZH-ZYXSJW+u0048.png,FZZH-ZYXSJW,u0048,H,latin,extra32
FZZH-ZYXSJW+u0049.png,FZZH-ZYXSJW,u0049,I,latin,extra32
FZZH-ZYXSJW+u004A.png,FZZH-ZYXSJW,u004A,J,latin,extra32
FZZH-ZYXSJW+u004B.png,FZZH-ZYXSJW,u004B,K,latin,extra32
FZZH-ZYXSJW+u004C.png,FZZH-ZYXSJW,u004C,L,latin,extra32
FZZH-ZYXSJW+u004D.png,FZZH-ZYXSJW,u004D,M,latin,extra32
FZZH-ZYXSJW+u004E.png,FZZH-ZYXSJW,u004E,N,latin,extra32
FZZH-ZYXSJW+u004F.png,FZZH-ZYXSJW,u004F,O,latin,extra32
FZZH-ZYXSJW+u0050.png,FZZH-ZYXSJW,u0050,P,latin,extra32
FZZH-ZYXSJW+u0051.png,FZZH-ZYXSJW,u0051,Q,latin,extra32
FZZH-ZYXSJW+u0052.png,FZZH-ZYXSJW,u0052,R,latin,extra32
FZZH-ZYXSJW+u0053.png,FZZH-ZYXSJW,u0053,S,latin,extra32
FZZH-ZYXSJW+u0055.png,FZZH-ZYXSJW,u0055,U,latin,extra32
FZZH-ZYXSJW+u0056.png,FZZH-ZYXSJW,u0056,V,latin,extra32
FZZH-ZYXSJW+u0057.png,FZZH-ZYXSJW,u0057,W,latin,extra32
FZZH-ZYXSJW+u0059.png,FZZH-ZYXSJW,u0059,Y,latin,extra32
FZZH-ZYXSJW+u005A.png,FZZH-ZYXSJW,u005A,Z,latin,extra32
FZZH-ZYXSJW+u0062.png,FZZH-ZYXSJW,u0062,b,latin,extra32
FZZH-ZYXSJW+u0063.png,FZZH-ZYXSJW,u0063,c,latin,extra32
FZZH-ZYXSJW+u0065.png,FZZH-ZYXSJW,u0065,e,latin,extra32
FZZH-ZYXSJW+u0066.png,FZZH-ZYXSJW,u0066,f,latin,extra32
FZZH-ZYXSJW+u0067.png,FZZH-ZYXSJW,u0067,g,latin,extra32
FZZH-ZYXSJW+u0068.png,FZZH-ZYXSJW,u0068,h,latin,extra32
FZZH-ZYXSJW+u0069.png,FZZH-ZYXSJW,u0069,i,latin,extra32
FZZH-ZYXSJW+u006A.png,FZZH-ZYXSJW,u006A,j,latin,extra32
FZZH-ZYXSJW+u006C.png,FZZH-ZYXSJW,u006C,l,latin,extra32
FZZH-ZYXSJW+u006D.png,FZZH-ZYXSJW,u006D,m,latin,extra32
FZZH-ZYXSJW+u006E.png,FZZH-ZYXSJW,u006E,n,latin,extra32
FZZH-ZYXSJW+u006F.png,FZZH-ZYXSJW,u006F,o,latin,extra32
FZZH-ZYXSJW+u0070.png,FZZH-ZYXSJW,u0070,p,latin,extra32
FZZH-ZYXSJW+u0071.png,FZZH-ZYXSJW,u0071,q,latin,extra32
FZZH-ZYXSJW+u0072.png,FZZH-ZYXSJW,u0072,r,latin,extra32
FZZH-ZYXSJW+u0073.png,FZZH-ZYXSJW,u0073,s,latin,extra32
FZZH-ZYXSJW+u0074.png,FZZH-ZYXSJW,u0074,t,latin,extra32
FZZH-ZYXSJW+u0076.png,FZZH-ZYXSJW,u0076,v,latin,extra32
FZZH-ZYXSJW+u0077.png,FZZH-ZYXSJW,u0077,w,latin,extra32
FZZH-ZYXSJW+u0078.png,FZZH-ZYXSJW,u0078,x,latin,extra32
FZZH-ZYXSJW+u007A.png,FZZH-ZYXSJW,u007A,z,latin,extra32
FZZH-ZYXSJW+u00E1.png,FZZH-ZYXSJW,u00E1,á,latin,extra32
FZZH-ZYXSJW+u00E8.png,FZZH-ZYXSJW,u00E8,è,latin,extra32
FZZH-ZYXSJW+u00E9.png,FZZH-ZYXSJW,u00E9,é,latin,extra32
FZZH-ZYXSJW+u00EA.png,FZZH-ZYXSJW,u00EA,ê,latin,extra32
FZZH-ZYXSJW+u00ED.png,FZZH-ZYXSJW,u00ED,í,latin,extra32
FZZH-ZYXSJW+u00F2.png,FZZH-ZYXSJW,u00F2,ò,latin,extra32
FZZH-ZYXSJW+u00F3.png,FZZH-ZYXSJW,u00F3,ó,latin,extra32
FZZH-ZYXSJW+u00F9.png,FZZH-ZYXSJW,u00F9,ù,latin,extra32
FZZH-ZYXSJW+u00FA.png,FZZH-ZYXSJW,u00FA,ú,latin,extra32
FZZH-ZYXSJW+u00FC.png,FZZH-ZYXSJW,u00FC,ü,latin,extra32
FZZH-ZYXSJW+u0101.png,FZZH-ZYXSJW,u0101,ā,latin,extra32
FZZH-ZYXSJW+u0113.png,FZZH-ZYXSJW,u0113,ē,latin,extra32
FZZH-ZYXSJW+u011B.png,FZZH-ZYXSJW,u011B,ě,latin,extra32
FZZH-ZYXSJW+u012B.png,FZZH-ZYXSJW,u012B,ī,latin,extra32
FZZH-ZYXSJW+u0144.png,FZZH-ZYXSJW,u0144,ń,latin,extra32
FZZH-ZYXSJW+u0148.png,FZZH-ZYXSJW,u0148,ň,latin,extra32
FZZH-ZYXSJW+u014D.png,FZZH-ZYXSJW,u014D,ō,latin,extra32
FZZH-ZYXSJW+u016B.png,FZZH-ZYXSJW,u016B,ū,latin,extra32
FZZH-ZYXSJW+u01CE.png,FZZH-ZYXSJW,u01CE,ǎ,latin,extra32
FZZH-ZYXSJW+u01D0.png,FZZH-ZYXSJW,u01D0,ǐ,latin,extra32
FZZH-ZYXSJW+u01D2.png,FZZH-ZYXSJW,u01D2,ǒ,latin,extra32
FZZH-ZYXSJW+u01D6.png,FZZH-ZYXSJW,u01D6,ǖ,latin,extra32
FZZH-ZYXSJW+u01D8.png,FZZH-ZYXSJW,u01D8,ǘ,latin,extra32
FZZH-ZYXSJW+u01DA.png,FZZH-ZYXSJW,u01DA,ǚ,latin,extra32
FZZH-ZYXSJW+u3041.png,FZZH-ZYXSJW,u3041,ぁ,kana,extra32
FZZH-ZYXSJW+u3042.png,FZZH-ZYXSJW,u3042,あ,kana,extra32
FZZH-ZYXSJW+u3043.png,FZZH-ZYXSJW,u3043,ぃ,kana,extra32
FZZH-ZYXSJW+u3044.png,FZZH-ZYXSJW,u3044,い,kana,extra32
FZZH-ZYXSJW+u3045.png,FZZH-ZYXSJW,u3045,ぅ,kana,extra32
FZZH-ZYXSJW+u3046.png,FZZH-ZYXSJW,u3046,う,kana,extra32
FZZH-ZYXSJW+u3047.png,FZZH-ZYXSJW,u3047,ぇ,kana,extra32
FZZH-ZYXSJW+u3048.png,FZZH-ZYXSJW,u3048,え,kana,extra32
FZZH-ZYXSJW+u3049.png,FZZH-ZYXSJW,u3049,ぉ,kana,extra32
FZZH-ZYXSJW+u304A.png,FZZH-ZYXSJW,u304A,お,kana,extra32
FZZH-ZYXSJW+u304B.png,FZZH-ZYXSJW,u304B,か,kana,extra32
FZZH-ZYXSJW+u304C.png,FZZH-ZYXSJW,u304C,が,kana,extra32
FZZH-ZYXSJW+u304D.png,FZZH-ZYXSJW,u304D,き,kana,extra32
FZZH-ZYXSJW+u304E.png,FZZH-ZYXSJW,u304E,ぎ,kana,extra32
FZZH-ZYXSJW+u304F.png,FZZH-ZYXSJW,u304F,く,kana,extra32
FZZH-ZYXSJW+u3050.png,FZZH-ZYXSJW,u3050,ぐ,kana,extra32
FZZH-ZYXSJW+u3051.png,FZZH-ZYXSJW,u3051,け,kana,extra32
FZZH-ZYXSJW+u3052.png,FZZH-ZYXSJW,u3052,げ,kana,extra32
FZZH-ZYXSJW+u3053.png,FZZH-ZYXSJW,u3053,こ,kana,extra32
FZZH-ZYXSJW+u3054.png,FZZH-ZYXSJW,u3054,ご,kana,extra32
FZZH-ZYXSJW+u3055.png,FZZH-ZYXSJW,u3055,さ,kana,extra32
FZZH-ZYXSJW+u3056.png,FZZH-ZYXSJW,u3056,ざ,kana,extra32
FZZH-ZYXSJW+u3057.png,FZZH-ZYXSJW,u3057,し,kana,extra32
FZZH-ZYXSJW+u3058.png,FZZH-ZYXSJW,u3058,じ,kana,extra32
FZZH-ZYXSJW+u3059.png,FZZH-ZYXSJW,u3059,す,kana,extra32
FZZH-ZYXSJW+u305A.png,FZZH-ZYXSJW,u305A,ず,kana,extra32
FZZH-ZYXSJW+u305B.png,FZZH-ZYXSJW,u305B,せ,kana,extra32
FZZH-ZYXSJW+u305C.png,FZZH-ZYXSJW,u305C,ぜ,kana,extra32
FZZH-ZYXSJW+u305D.png,FZZH-ZYXSJW,u305D,そ,kana,extra32
FZZH-ZYXSJW+u305E.png,FZZH-ZYXSJW,u305E,ぞ,kana,extra32
FZZH-ZYXSJW+u305F.png,FZZH-ZYXSJW,u305F,た,kana,extra32
FZZH-ZYXSJW+u3060.png,FZZH-ZYXSJW,u3060,だ,kana,extra32
FZZH-ZYXSJW+u3061.png,FZZH-ZYXSJW,u3061,ち,kana,extra32
FZZH-ZYXSJW+u3062.png,FZZH-ZYXSJW,u3062,ぢ,kana,extra32
FZZH-ZYXSJW+u3063.png,FZZH-ZYXSJW,u3063,っ,kana,extra32
FZZH-ZYXSJW+u3064.png,FZZH-ZYXSJW,u3064,つ,kana,extra32
FZZH-ZYXSJW+u3065.png,FZZH-ZYXSJW,u3065,づ,kana,extra32
FZZH-ZYXSJW+u3066.png,FZZH-ZYXSJW,u3066,て,kana,extra32
FZZH-ZYXSJW+u3067.png,FZZH-ZYXSJW,u3067,で,kana,extra32
FZZH-ZYXSJW+u3068.png,FZZH-ZYXSJW,u3068,と,kana,extra32
FZZH-ZYXSJW+u3069.png,FZZH-ZYXSJW,u3069,ど,kana,extra32
FZZH-ZYXSJW+u306A.png,FZZH-ZYXSJW,u306A,な,kana,extra32
FZZH-ZYXSJW+u306B.png,FZZH-ZYXSJW,u306B,に,kana,extra32
FZZH-ZYXSJW+u306C.png,FZZH-ZYXSJW,u306C,ぬ,kana,extra32
FZZH-ZYXSJW+u306D.png,FZZH-ZYXSJW,u306D,ね,kana,extra32
FZZH-ZYXSJW+u306E.png,FZZH-ZYXSJW,u306E,の,kana,extra32
FZZH-ZYXSJW+u306F.png,FZZH-ZYXSJW,u306F,は,kana,extra32
FZZH-ZYXSJW+u3070.png,FZZH-ZYXSJW,u3070,ば,kana,extra32
FZZH-ZYXSJW+u3071.png,FZZH-ZYXSJW,u3071,ぱ,kana,extra32
FZZH-ZYXSJW+u3072.png,FZZH-ZYXSJW,u3072,ひ,kana,extra32
FZZH-ZYXSJW+u3073.png,FZZH-ZYXSJW,u3073,び,kana,extra32
FZZH-ZYXSJW+u3074.png,FZZH-ZYXSJW,u3074,ぴ,kana,extra32
FZZH-ZYXSJW+u3075.png,FZZH-ZYXSJW,u3075,ふ,kana,extra32
FZZH-ZYXSJW+u3076.png,FZZH-ZYXSJW,u3076,ぶ,kana,extra32
FZZH-ZYXSJW+u3077.png,FZZH-ZYXSJW,u3077,ぷ,kana,extra32
FZZH-ZYXSJW+u3078.png,FZZH-ZYXSJW,u3078,へ,kana,extra32
FZZH-ZYXSJW+u3079.png,FZZH-ZYXSJW,u3079,べ,kana,extra32
FZZH-ZYXSJW+u307A.png,FZZH-ZYXSJW,u307A,ぺ,kana,extra32
FZZH-ZYXSJW+u307B.png,FZZH-ZYXSJW,u307B,ほ,kana,extra32
FZZH-ZYXSJW+u307C.png,FZZH-ZYXSJW,u307C,ぼ,kana,extra32
FZZH-ZYXSJW+u307D.png,FZZH-ZYXSJW,u307D,ぽ,kana,extra32
FZZH-ZYXSJW+u307E.png,FZZH-ZYXSJW,u307E,ま,kana,extra32
FZZH-ZYXSJW+u307F.png,FZZH-ZYXSJW,u307F,み,kana,extra32
FZZH-ZYXSJW+u3080.png,FZZH-ZYXSJW,u3080,む,kana,extra32
FZZH-ZYXSJW+u3081.png,FZZH-ZYXSJW,u3081,め,kana,extra32
FZZH-ZYXSJW+u3082.png,FZZH-ZYXSJW,u3082,も,kana,extra32
FZZH-ZYXSJW+u3083.png,FZZH-ZYXSJW,u3083,ゃ,kana,extra32
FZZH-ZYXSJW+u3084.png,FZZH-ZYXSJW,u3084,や,kana,extra32
FZZH-ZYXSJW+u3085.png,FZZH-ZYXSJW,u3085,ゅ,kana,extra32
FZZH-ZYXSJW+u3086.png,FZZH-ZYXSJW,u3086,ゆ,kana,extra32
FZZH-ZYXSJW+u3087.png,FZZH-ZYXSJW,u3087,ょ,kana,extra32
FZZH-ZYXSJW+u3088.png,FZZH-ZYXSJW,u3088,よ,kana,extra32
FZZH-ZYXSJW+u3089.png,FZZH-ZYXSJW,u3089,ら,kana,extra32
FZZH-ZYXSJW+u308A.png,FZZH-ZYXSJW,u308A,り,kana,extra32
FZZH-ZYXSJW+u308B.png,FZZH-ZYXSJW,u308B,る,kana,extra32
FZZH-ZYXSJW+u308C.png,FZZH-ZYXSJW,u308C,れ,kana,extra32
FZZH-ZYXSJW+u308D.png,FZZH-ZYXSJW,u308D,ろ,kana,extra32
FZZH-ZYXSJW+u308E.png,FZZH-ZYXSJW,u308E,ゎ,kana,extra32
FZZH-ZYXSJW+u308F.png,FZZH-ZYXSJW,u308F,わ,kana,extra32
FZZH-ZYXSJW+u3090.png,FZZH-ZYXSJW,u3090,ゐ,kana,extra32
FZZH-ZYXSJW+u3091.png,FZZH-ZYXSJW,u3091,ゑ,kana,extra32
FZZH-ZYXSJW+u3092.png,FZZH-ZYXSJW,u3092,を,kana,extra32
FZZH-ZYXSJW+u3093.png,FZZH-ZYXSJW,u3093,ん,kana,extra32
FZZH-ZYXSJW+u30A1.png,FZZH-ZYXSJW,u30A1,ァ,kana,extra32
FZZH-ZYXSJW+u30A2.png,FZZH-ZYXSJW,u30A2,ア,kana,extra32
FZZH-ZYXSJW+u30A3.png,FZZH-ZYXSJW,u30A3,ィ,kana,extra32
FZZH-ZYXSJW+u30A4.png,FZZH-ZYXSJW,u30A4,イ,kana,extra32
FZZH-ZYXSJW+u30A5.png,FZZH-ZYXSJW,u30A5,ゥ,kana,extra32
FZZH-ZYXSJW+u30A6.png,FZZH-ZYXSJW,u30A6,ウ,kana,extra32
FZZH-ZYXSJW+u30A7.png,FZZH-ZYXSJW,u30A7,ェ,kana,extra32
FZZH-ZYXSJW+u30A8.png,FZZH-ZYXSJW,u30A8,エ,kana,extra32
FZZH-ZYXSJW+u30A9.png,FZZH-ZYXSJW,u30A9,ォ,kana,extra32
FZZH-ZYXSJW+u30AA.png,FZZH-ZYXSJW,u30AA,オ,kana,extra32
FZZH-ZYXSJW+u30AB.png,FZZH-ZYXSJW,u30AB,カ,kana,extra32
FZZH-ZYXSJW+u30AC.png,FZZH-ZYXSJW,u30AC,ガ,kana,extra32
FZZH-ZYXSJW+u30AD.png,FZZH-ZYXSJW,u30AD,キ,kana,extra32
FZZH-ZYXSJW+u30AE.png,FZZH-ZYXSJW,u30AE,ギ,kana,extra32
FZZH-ZYXSJW+u30AF.png,FZZH-ZYXSJW,u30AF,ク,kana,extra32
FZZH-ZYXSJW+u30B0.png,FZZH-ZYXSJW,u30B0,グ,kana,extra32
FZZH-ZYXSJW+u30B1.png,FZZH-ZYXSJW,u30B1,ケ,kana,extra32
FZZH-ZYXSJW+u30B2.png,FZZH-ZYXSJW,u30B2,ゲ,kana,extra32
FZZH-ZYXSJW+u30B3.png,FZZH-ZYXSJW,u30B3,コ,kana,extra32
FZZH-ZYXSJW+u30B4.png,FZZH-ZYXSJW,u30B4,ゴ,kana,extra32
FZZH-ZYXSJW+u30B5.png,FZZH-ZYXSJW,u30B5,サ,kana,extra32
FZZH-ZYXSJW+u30B6.png,FZZH-ZYXSJW,u30B6,ザ,kana,extra32
FZZH-ZYXSJW+u30B7.png,FZZH-ZYXSJW,u30B7,シ,kana,extra32
FZZH-ZYXSJW+u30B8.png,FZZH-ZYXSJW,u30B8,ジ,kana,extra32
FZZH-ZYXSJW+u30B9.png,FZZH-ZYXSJW,u30B9,ス,kana,extra32
FZZH-ZYXSJW+u30BA.png,FZZH-ZYXSJW,u30BA,ズ,kana,extra32
FZZH-ZYXSJW+u30BB.png,FZZH-ZYXSJW,u30BB,セ,kana,extra32
FZZH-ZYXSJW+u30BC.png,FZZH-ZYXSJW,u30BC,ゼ,kana,extra32
FZZH-ZYXSJW+u30BD.png,FZZH-ZYXSJW,u30BD,ソ,kana,extra32
FZZH-ZYXSJW+u30BE.png,FZZH-ZYXSJW,u30BE,ゾ,kana,extra32
FZZH-ZYXSJW+u30BF.png,FZZH-ZYXSJW,u30BF,タ,kana,extra32
FZZH-ZYXSJW+u30C0.png,FZZH-ZYXSJW,u30C0,ダ,kana,extra32
FZZH-ZYXSJW+u30C1.png,FZZH-ZYXSJW,u30C1,チ,kana,extra32
FZZH-ZYXSJW+u30C2.png,FZZH-ZYXSJW,u30C2,ヂ,kana,extra32
FZZH-ZYXSJW+u30C3.png,FZZH-ZYXSJW,u30C3,ッ,kana,extra32
FZZH-ZYXSJW+u30C4.png,FZZH-ZYXSJW,u30C4,ツ,kana,extra32
FZZH-ZYXSJW+u30C5.png,FZZH-ZYXSJW,u30C5,ヅ,kana,extra32
FZZH-ZYXSJW+u30C6.png,FZZH-ZYXSJW,u30C6,テ,kana,extra32
FZZH-ZYXSJW+u30C7.png,FZZH-ZYXSJW,u30C7,デ,kana,extra32
FZZH-ZYXSJW+u30C8.png,FZZH-ZYXSJW,u30C8,ト,kana,extra32
FZZH-ZYXSJW+u30C9.png,FZZH-ZYXSJW,u30C9,ド,kana,extra32
FZZH-ZYXSJW+u30CA.png,FZZH-ZYXSJW,u30CA,ナ,kana,extra32
FZZH-ZYXSJW+u30CB.png,FZZH-ZYXSJW,u30CB,ニ,kana,extra32
FZZH-ZYXSJW+u30CC.png,FZZH-ZYXSJW,u30CC,ヌ,kana,extra32
FZZH-ZYXSJW+u30CD.png,FZZH-ZYXSJW,u30CD,ネ,kana,extra32
FZZH-ZYXSJW+u30CE.png,FZZH-ZYXSJW,u30CE,ノ,kana,extra32
FZZH-ZYXSJW+u30CF.png,FZZH-ZYXSJW,u30CF,ハ,kana,extra32
FZZH-ZYXSJW+u30D0.png,FZZH-ZYXSJW,u30D0,バ,kana,extra32
FZZH-ZYXSJW+u30D1.png,FZZH-ZYXSJW,u30D1,パ,kana,extra32
FZZH-ZYXSJW+u30D2.png,FZZH-ZYXSJW,u30D2,ヒ,kana,extra32
FZZH-ZYXSJW+u30D3.png,FZZH-ZYXSJW,u30D3,ビ,kana,extra32
FZZH-ZYXSJW+u30D4.png,FZZH-ZYXSJW,u30D4,ピ,kana,extra32
FZZH-ZYXSJW+u30D5.png,FZZH-ZYXSJW,u30D5,フ,kana,extra32
FZZH-ZYXSJW+u30D6.png,FZZH-ZYXSJW,u30D6,ブ,kana,extra32
FZZH-ZYXSJW+u30D7.png,FZZH-ZYXSJW,u30D7,プ,kana,extra32
FZZH-ZYXSJW+u30D8.png,FZZH-ZYXSJW,u30D8,ヘ,kana,extra32
FZZH-ZYXSJW+u30D9.png,FZZH-ZYXSJW,u30D9,ベ,kana,extra32
FZZH-ZYXSJW+u30DA.png,FZZH-ZYXSJW,u30DA,ペ,kana,extra32
FZZH-ZYXSJW+u30DB.png,FZZH-ZYXSJW,u30DB,ホ,kana,extra32
FZZH-ZYXSJW+u30DC.png,FZZH-ZYXSJW,u30DC,ボ,kana,extra32
FZZH-ZYXSJW+u30DD.png,FZZH-ZYXSJW,u30DD,ポ,kana,extra32
FZZH-ZYXSJW+u30DE.png,FZZH-ZYXSJW,u30DE,マ,kana,extra32
FZZH-ZYXSJW+u30DF.png,FZZH-ZYXSJW,u30DF,ミ,kana,extra32
FZZH-ZYXSJW+u30E0.png,FZZH-ZYXSJW,u30E0,ム,kana,extra32
FZZH-ZYXSJW+u30E1.png,FZZH-ZYXSJW,u30E1,メ,kana,extra32
FZZH-ZYXSJW+u30E2.png,FZZH-ZYXSJW,u30E2,モ,kana,extra32
FZZH-ZYXSJW+u30E3.png,FZZH-ZYXSJW,u30E3,ャ,kana,extra32
FZZH-ZYXSJW+u30E4.png,FZZH-ZYXSJW,u30E4,ヤ,kana,extra32
FZZH-ZYXSJW+u30E5.png,FZZH-ZYXSJW,u30E5,ュ,kana,extra32
FZZH-ZYXSJW+u30E6.png,FZZH-ZYXSJW,u30E6,ユ,kana,extra32
FZZH-ZYXSJW+u30E7.png,FZZH-ZYXSJW,u30E7,ョ,kana,extra32
FZZH-ZYXSJW+u30E8.png,FZZH-ZYXSJW,u30E8,ヨ,kana,extra32
FZZH-ZYXSJW+u30E9.png,FZZH-ZYXSJW,u30E9,ラ,kana,extra32
FZZH-ZYXSJW+u30EA.png,FZZH-ZYXSJW,u30EA,リ,kana,extra32
FZZH-ZYXSJW+u30EB.png,FZZH-ZYXSJW,u30EB,ル,kana,extra32
FZZH-ZYXSJW+u30EC.png,FZZH-ZYXSJW,u30EC,レ,kana,extra32
FZZH-ZYXSJW+u30ED.png,FZZH-ZYXSJW,u30ED,ロ,kana,extra32
FZZH-ZYXSJW+u30EE.png,FZZH-ZYXSJW,u30EE,ヮ,kana,extra32
FZZH-ZYXSJW+u30EF.png,FZZH-ZYXSJW,u30EF,ワ,kana,extra32
FZZH-ZYXSJW+u30F0.png,FZZH-ZYXSJW,u30F0,ヰ,kana,extra32
FZZH-ZYXSJW+u30F1.png,FZZH-ZYXSJW,u30F1,ヱ,kana,extra32
FZZH-ZYXSJW+u30F2.png,FZZH-ZYXSJW,u30F2,ヲ,kana,extra32
FZZH-ZYXSJW+u30F3.png,FZZH-ZYXSJW,u30F3,ン,kana,extra32
FZZH-ZYXSJW+u30F4.png,FZZH-ZYXSJW,u30F4,ヴ,kana,extra32
FZZH-ZYXSJW+u30F5.png,FZZH-ZYXSJW,u30F5,ヵ,kana,extra32
FZZH-ZYXSJW+u30F6.png,FZZH-ZYXSJW,u30F6,ヶ,kana,extra32
FZZJ-BGSHJW+u0030.png,FZZJ-BGSHJW,u0030,0,latin,extra32
FZZJ-BGSHJW+u0032.png,FZZJ-BGSHJW,u0032,2,latin,extra32
FZZJ-BGSHJW+u0033.png,FZZJ-BGSHJW,u0033,3,latin,extra32
FZZJ-BGSHJW+u0034.png,FZZJ-BGSHJW,u0034,4,latin,extra32
FZZJ-BGSHJW+u0035.png,FZZJ-BGSHJW,u0035,5,latin,extra32
FZZJ-BGSHJW+u0036.png,FZZJ-BGSHJW,u0036,6,latin,extra32
FZZJ-BGSHJW+u0037.png,FZZJ-BGSHJW,u0037,7,latin,extra32
FZZJ-BGSHJW+u0038.png,FZZJ-BGSHJW,u0038,8,latin,extra32
FZZJ-BGSHJW+u0039.png,FZZJ-BGSHJW,u0039,9,latin,extra32
FZZJ-BGSHJW+u0041.png,FZZJ-BGSHJW,u0041,A,latin,extra32
FZZJ-BGSHJW+u0042.png,FZZJ-BGSHJW,u0042,B,latin,extra32
FZZJ-BGSHJW+u0043.png,FZZJ-BGSHJW,u0043,C,latin,extra32
FZZJ-BGSHJW+u0044.png,FZZJ-BGSHJW,u0044,D,latin,extra32
FZZJ-BGSHJW+u0045.png,FZZJ-BGSHJW,u0045,E,latin,extra32
FZZJ-BGSHJW+u0046.png,FZZJ-BGSHJW,u0046,F,latin,extra32
FZZJ-BGSHJW+u0047.png,FZZJ-BGSHJW,u0047,G,latin,extra32
FZZJ-BGSHJW+u0048.png,FZZJ-BGSHJW,u0048,H,latin,extra32
FZZJ-BGSHJW+u0049.png,FZZJ-BGSHJW,u0049,I,latin,extra32
FZZJ-BGSHJW+u004A.png,FZZJ-BGSHJW,u004A,J,latin,extra32
FZZJ-BGSHJW+u004B.png,FZZJ-BGSHJW,u004B,K,latin,extra32
FZZJ-BGSHJW+u004C.png,FZZJ-BGSHJW,u004C,L,latin,extra32
FZZJ-BGSHJW+u004D.png,FZZJ-BGSHJW,u004D,M,latin,extra32
FZZJ-BGSHJW+u004E.png,FZZJ-BGSHJW,u004E,N,latin,extra32
FZZJ-BGSHJW+u004F.png,FZZJ-BGSHJW,u004F,O,latin,extra32
FZZJ-BGSHJW+u0050.png,FZZJ-BGSHJW,u0050,P,latin,extra32
FZZJ-BGSHJW+u0051.png,FZZJ-BGSHJW,u0051,Q,latin,extra32
FZZJ-BGSHJW+u0052.png,FZZJ-BGSHJW,u0052,R,latin,extra32
FZZJ-BGSHJW+u0053.png,FZZJ-BGSHJW,u0053,S,latin,extra32
FZZJ-BGSHJW+u0055.png,FZZJ-BGSHJW,u0055,U,latin,extra32
FZZJ-BGSHJW+u0056.png,FZZJ-BGSHJW,u0056,V,latin,extra32
FZZJ-BGSHJW+u0057.png,FZZJ-BGSHJW,u0057,W,latin,extra32
FZZJ-BGSHJW+u0059.png,FZZJ-BGSHJW,u0059,Y,latin,extra32
FZZJ-BGSHJW+u005A.png,FZZJ-BGSHJW,u005A,Z,latin,extra32
FZZJ-BGSHJW+u0062.png,FZZJ-BGSHJW,u0062,b,latin,extra32
FZZJ-BGSHJW+u0063.png,FZZJ-BGSHJW,u0063,c,latin,extra32
FZZJ-BGSHJW+u0065.png,FZZJ-BGSHJW,u0065,e,latin,extra32
FZZJ-BGSHJW+u0066.png,FZZJ-BGSHJW,u0066,f,latin,extra32
FZZJ-BGSHJW+u0067.png,FZZJ-BGSHJW,u0067,g,latin,extra32
FZZJ-BGSHJW+u0068.png,FZZJ-BGSHJW,u0068,h,latin,extra32
FZZJ-BGSHJW+u0069.png,FZZJ-BGSHJW,u0069,i,latin,extra32
FZZJ-BGSHJW+u006A.png,FZZJ-BGSHJW,u006A,j,latin,extra32
FZZJ-BGSHJW+u006C.png,FZZJ-BGSHJW,u006C,l,latin,extra32
FZZJ-BGSHJW+u006D.png,FZZJ-BGSHJW,u006D,m,latin,extra32
FZZJ-BGSHJW+u006E.png,FZZJ-BGSHJW,u006E,n,latin,extra32
FZZJ-BGSHJW+u006F.png,FZZJ-BGSHJW,u006F,o,latin,extra32
FZZJ-BGSHJW+u0070.png,FZZJ-BGSHJW,u0070,p,latin,extra32
FZZJ-BGSHJW+u0071.png,FZZJ-BGSHJW,u0071,q,latin,extra32
FZZJ-BGSHJW+u0072.png,FZZJ-BGSHJW,u0072,r,latin,extra32
FZZJ-BGSHJW+u0073.png,FZZJ-BGSHJW,u0073,s,latin,extra32
FZZJ-BGSHJW+u0074.png,FZZJ-BGSHJW,u0074,t,latin,extra32
FZZJ-BGSHJW+u0076.png,FZZJ-BGSHJW,u0076,v,latin,extra32
FZZJ-BGSHJW+u0077.png,FZZJ-BGSHJW,u0077,w,latin,extra32
FZZJ-BGSHJW+u0078.png,FZZJ-BGSHJW,u0078,x,latin,extra32
FZZJ-BGSHJW+u007A.png,FZZJ-BGSHJW,u007A,z,latin,extra32
FZZJ-BGSHJW+u00E1.png,FZZJ-BGSHJW,u00E1,á,latin,extra32
FZZJ-BGSHJW+u00E8.png,FZZJ-BGSHJW,u00E8,è,latin,extra32
FZZJ-BGSHJW+u00E9.png,FZZJ-BGSHJW,u00E9,é,latin,extra32
FZZJ-BGSHJW+u00EA.png,FZZJ-BGSHJW,u00EA,ê,latin,extra32
FZZJ-BGSHJW+u00ED.png,FZZJ-BGSHJW,u00ED,í,latin,extra32
FZZJ-BGSHJW+u00F2.png,FZZJ-BGSHJW,u00F2,ò,latin,extra32
FZZJ-BGSHJW+u00F3.png,FZZJ-BGSHJW,u00F3,ó,latin,extra32
FZZJ-BGSHJW+u00F9.png,FZZJ-BGSHJW,u00F9,ù,latin,extra32
FZZJ-BGSHJW+u00FA.png,FZZJ-BGSHJW,u00FA,ú,latin,extra32
FZZJ-BGSHJW+u00FC.png,FZZJ-BGSHJW,u00FC,ü,latin,extra32
FZZJ-BGSHJW+u0101.png,FZZJ-BGSHJW,u0101,ā,latin,extra32
FZZJ-BGSHJW+u0113.png,FZZJ-BGSHJW,u0113,ē,latin,extra32
FZZJ-BGSHJW+u011B.png,FZZJ-BGSHJW,u011B,ě,latin,extra32
FZZJ-BGSHJW+u012B.png,FZZJ-BGSHJW,u012B,ī,latin,extra32
FZZJ-BGSHJW+u0144.png,FZZJ-BGSHJW,u0144,ń,latin,extra32
FZZJ-BGSHJW+u0148.png,FZZJ-BGSHJW,u0148,ň,latin,extra32
FZZJ-BGSHJW+u014D.png,FZZJ-BGSHJW,u014D,ō,latin,extra32
FZZJ-BGSHJW+u016B.png,FZZJ-BGSHJW,u016B,ū,latin,extra32
FZZJ-BGSHJW+u01CE.png,FZZJ-BGSHJW,u01CE,ǎ,latin,extra32
FZZJ-BGSHJW+u01D0.png,FZZJ-BGSHJW,u01D0,ǐ,latin,extra32
FZZJ-BGSHJW+u01D2.png,FZZJ-BGSHJW,u01D2,ǒ,latin,extra32
FZZJ-BGSHJW+u01D6.png,FZZJ-BGSHJW,u01D6,ǖ,latin,extra32
FZZJ-BGSHJW+u01D8.png,FZZJ-BGSHJW,u01D8,ǘ,latin,extra32
FZZJ-BGSHJW+u01DA.png,FZZJ-BGSHJW,u01DA,ǚ,latin,extra32
FZZJ-DZDTJW+u0030.png,FZZJ-DZDTJW,u0030,0,latin,extra32
FZZJ-DZDTJW+u0032.png,FZZJ-DZDTJW,u0032,2,latin,extra32
FZZJ-DZDTJW+u0033.png,FZZJ-DZDTJW,u0033,3,latin,extra32
FZZJ-DZDTJW+u0034.png,FZZJ-DZDTJW,u0034,4,latin,extra32
FZZJ-DZDTJW+u0035.png,FZZJ-DZDTJW,u0035,5,latin,extra32
FZZJ-DZDTJW+u0036.png,FZZJ-DZDTJW,u0036,6,latin,extra32
FZZJ-DZDTJW+u0037.png,FZZJ-DZDTJW,u0037,7,latin,extra32
FZZJ-DZDTJW+u0038.png,FZZJ-DZDTJW,u0038,8,latin,extra32
FZZJ-DZDTJW+u0039.png,FZZJ-DZDTJW,u0039,9,latin,extra32
FZZJ-DZDTJW+u0041.png,FZZJ-DZDTJW,u0041,A,latin,extra32
FZZJ-DZDTJW+u0042.png,FZZJ-DZDTJW,u0042,B,latin,extra32
FZZJ-DZDTJW+u0043.png,FZZJ-DZDTJW,u0043,C,latin,extra32
FZZJ-DZDTJW+u0044.png,FZZJ-DZDTJW,u0044,D,latin,extra32
FZZJ-DZDTJW+u0045.png,FZZJ-DZDTJW,u0045,E,latin,extra32
FZZJ-DZDTJW+u0046.png,FZZJ-DZDTJW,u0046,F,latin,extra32
FZZJ-DZDTJW+u0047.png,FZZJ-DZDTJW,u0047,G,latin,extra32
FZZJ-DZDTJW+u0048.png,FZZJ-DZDTJW,u0048,H,latin,extra32
FZZJ-DZDTJW+u0049.png,FZZJ-DZDTJW,u0049,I,latin,extra32
FZZJ-DZDTJW+u004A.png,FZZJ-DZDTJW,u004A,J,latin,extra32
FZZJ-DZDTJW+u004B.png,FZZJ-DZDTJW,u004B,K,latin,extra32
FZZJ-DZDTJW+u004C.png,FZZJ-DZDTJW,u004C,L,latin,extra32
FZZJ-DZDTJW+u004D.png,FZZJ-DZDTJW,u004D,M,latin,extra32
FZZJ-DZDTJW+u004E.png,FZZJ-DZDTJW,u004E,N,latin,extra32
FZZJ-DZDTJW+u004F.png,FZZJ-DZDTJW,u004F,O,latin,extra32
FZZJ-DZDTJW+u0050.png,FZZJ-DZDTJW,u0050,P,latin,extra32
FZZJ-DZDTJW+u0051.png,FZZJ-DZDTJW,u0051,Q,latin,extra32
FZZJ-DZDTJW+u0052.png,FZZJ-DZDTJW,u0052,R,latin,extra32
FZZJ-DZDTJW+u0053.png,FZZJ-DZDTJW,u0053,S,latin,extra32
FZZJ-DZDTJW+u0055.png,FZZJ-DZDTJW,u0055,U,latin,extra32
FZZJ-DZDTJW+u0056.png,FZZJ-DZDTJW,u0056,V,latin,extra32
FZZJ-DZDTJW+u0057.png,FZZJ-DZDTJW,u0057,W,latin,extra32
FZZJ-DZDTJW+u0059.png,FZZJ-DZDTJW,u0059,Y,latin,extra32
FZZJ-DZDTJW+u005A.png,FZZJ-DZDTJW,u005A,Z,latin,extra32
FZZJ-DZDTJW+u0062.png,FZZJ-DZDTJW,u0062,b,latin,extra32
FZZJ-DZDTJW+u0063.png,FZZJ-DZDTJW,u0063,c,latin,extra32
FZZJ-DZDTJW+u0065.png,FZZJ-DZDTJW,u0065,e,latin,extra32
FZZJ-DZDTJW+u0066.png,FZZJ-DZDTJW,u0066,f,latin,extra32
FZZJ-DZDTJW+u0067.png,FZZJ-DZDTJW,u0067,g,latin,extra32
FZZJ-DZDTJW+u0068.png,FZZJ-DZDTJW,u0068,h,latin,extra32
FZZJ-DZDTJW+u0069.png,FZZJ-DZDTJW,u0069,i,latin,extra32
FZZJ-DZDTJW+u006A.png,FZZJ-DZDTJW,u006A,j,latin,extra32
FZZJ-DZDTJW+u006C.png,FZZJ-DZDTJW,u006C,l,latin,extra32
FZZJ-DZDTJW+u006D.png,FZZJ-DZDTJW,u006D,m,latin,extra32
FZZJ-DZDTJW+u006E.png,FZZJ-DZDTJW,u006E,n,latin,extra32
FZZJ-DZDTJW+u006F.png,FZZJ-DZDTJW,u006F,o,latin,extra32
FZZJ-DZDTJW+u0070.png,FZZJ-DZDTJW,u0070,p,latin,extra32
FZZJ-DZDTJW+u0071.png,FZZJ-DZDTJW,u0071,q,latin,extra32
FZZJ-DZDTJW+u0072.png,FZZJ-DZDTJW,u0072,r,latin,extra32
FZZJ-DZDTJW+u0073.png,FZZJ-DZDTJW,u0073,s,latin,extra32
FZZJ-DZDTJW+u0074.png,FZZJ-DZDTJW,u0074,t,latin,extra32
FZZJ-DZDTJW+u0076.png,FZZJ-DZDTJW,u0076,v,latin,extra32
FZZJ-DZDTJW+u0077.png,FZZJ-DZDTJW,u0077,w,latin,extra32
FZZJ-DZDTJW+u0078.png,FZZJ-DZDTJW,u0078,x,latin,extra32
FZZJ-DZDTJW+u007A.png,FZZJ-DZDTJW,u007A,z,latin,extra32
FZZJ-GJXKJW+u0030.png,FZZJ-GJXKJW,u0030,0,latin,extra32
FZZJ-GJXKJW+u0032.png,FZZJ-GJXKJW,u0032,2,latin,extra32
FZZJ-GJXKJW+u0033.png,FZZJ-GJXKJW,u0033,3,latin,extra32
FZZJ-GJXKJW+u0034.png,FZZJ-GJXKJW,u0034,4,latin,extra32
FZZJ-GJXKJW+u0035.png,FZZJ-GJXKJW,u0035,5,latin,extra32
FZZJ-GJXKJW+u0036.png,FZZJ-GJXKJW,u0036,6,latin,extra32
FZZJ-GJXKJW+u0037.png,FZZJ-GJXKJW,u0037,7,latin,extra32
FZZJ-GJXKJW+u0038.png,FZZJ-GJXKJW,u0038,8,latin,extra32
FZZJ-GJXKJW+u0039.png,FZZJ-GJXKJW,u0039,9,latin,extra32
FZZJ-GJXKJW+u0041.png,FZZJ-GJXKJW,u0041,A,latin,extra32
FZZJ-GJXKJW+u0042.png,FZZJ-GJXKJW,u0042,B,latin,extra32
FZZJ-GJXKJW+u0043.png,FZZJ-GJXKJW,u0043,C,latin,extra32
FZZJ-GJXKJW+u0044.png,FZZJ-GJXKJW,u0044,D,latin,extra32
FZZJ-GJXKJW+u0045.png,FZZJ-GJXKJW,u0045,E,latin,extra32
FZZJ-GJXKJW+u0046.png,FZZJ-GJXKJW,u0046,F,latin,extra32
FZZJ-GJXKJW+u0047.png,FZZJ-GJXKJW,u0047,G,latin,extra32
FZZJ-GJXKJW+u0048.png,FZZJ-GJXKJW,u0048,H,latin,extra32
FZZJ-GJXKJW+u0049.png,FZZJ-GJXKJW,u0049,I,latin,extra32
FZZJ-GJXKJW+u004A.png,FZZJ-GJXKJW,u004A,J,latin,extra32
FZZJ-GJXKJW+u004B.png,FZZJ-GJXKJW,u004B,K,latin,extra32
FZZJ-GJXKJW+u004C.png,FZZJ-GJXKJW,u004C,L,latin,extra32
FZZJ-GJXKJW+u004D.png,FZZJ-GJXKJW,u004D,M,latin,extra32
FZZJ-GJXKJW+u004E.png,FZZJ-GJXKJW,u004E,N,latin,extra32
FZZJ-GJXKJW+u004F.png,FZZJ-GJXKJW,u004F,O,latin,extra32
FZZJ-GJXKJW+u0050.png,FZZJ-GJXKJW,u0050,P,latin,extra32
FZZJ-GJXKJW+u0051.png,FZZJ-GJXKJW,u0051,Q,latin,extra32
FZZJ-GJXKJW+u0052.png,FZZJ-GJXKJW,u0052,R,latin,extra32
FZZJ-GJXKJW+u0053.png,FZZJ-GJXKJW,u0053,S,latin,extra32
FZZJ-GJXKJW+u0055.png,FZZJ-GJXKJW,u0055,U,latin,extra32
FZZJ-GJXKJW+u0056.png,FZZJ-GJXKJW,u0056,V,latin,extra32
FZZJ-GJXKJW+u0057.png,FZZJ-GJXKJW,u0057,W,latin,extra32
FZZJ-GJXKJW+u0059.png,FZZJ-GJXKJW,u0059,Y,latin,extra32
FZZJ-GJXKJW+u005A.png,FZZJ-GJXKJW,u005A,Z,latin,extra32
FZZJ-GJXKJW+u0062.png,FZZJ-GJXKJW,u0062,b,latin,extra32
FZZJ-GJXKJW+u0063.png,FZZJ-GJXKJW,u0063,c,latin,extra32
FZZJ-GJXKJW+u0065.png,FZZJ-GJXKJW,u0065,e,latin,extra32
FZZJ-GJXKJW+u0066.png,FZZJ-GJXKJW,u0066,f,latin,extra32
FZZJ-GJXKJW+u0067.png,FZZJ-GJXKJW,u0067,g,latin,extra32
FZZJ-GJXKJW+u0068.png,FZZJ-GJXKJW,u0068,h,latin,extra32
FZZJ-GJXKJW+u0069.png,FZZJ-GJXKJW,u0069,i,latin,extra32
FZZJ-GJXKJW+u006A.png,FZZJ-GJXKJW,u006A,j,latin,extra32
FZZJ-GJXKJW+u006C.png,FZZJ-GJXKJW,u006C,l,latin,extra32
FZZJ-GJXKJW+u006D.png,FZZJ-GJXKJW,u006D,m,latin,extra32
FZZJ-GJXKJW+u006E.png,FZZJ-GJXKJW,u006E,n,latin,extra32
FZZJ-GJXKJW+u006F.png,FZZJ-GJXKJW,u006F,o,latin,extra32
FZZJ-GJXKJW+u0070.png,FZZJ-GJXKJW,u0070,p,latin,extra32
FZZJ-GJXKJW+u0071.png,FZZJ-GJXKJW,u0071,q,latin,extra32
FZZJ-GJXKJW+u0072.png,FZZJ-GJXKJW,u0072,r,latin,extra32
FZZJ-GJXKJW+u0073.png,FZZJ-GJXKJW,u0073,s,latin,extra32
FZZJ-GJXKJW+u0074.png,FZZJ-GJXKJW,u0074,t,latin,extra32
FZZJ-GJXKJW+u0076.png,FZZJ-GJXKJW,u0076,v,latin,extra32
FZZJ-GJXKJW+u0077.png,FZZJ-GJXKJW,u0077,w,latin,extra32
FZZJ-GJXKJW+u0078.png,FZZJ-GJXKJW,u0078,x,latin,extra32
FZZJ-GJXKJW+u007A.png,FZZJ-GJXKJW,u007A,z,latin,extra32
FZZJ-GJXKJW+u00E1.png,FZZJ-GJXKJW,u00E1,á,latin,extra32
FZZJ-GJXKJW+u00E8.png,FZZJ-GJXKJW,u00E8,è,latin,extra32
FZZJ-GJXKJW+u00E9.png,FZZJ-GJXKJW,u00E9,é,latin,extra32
FZZJ-GJXKJW+u00EA.png,FZZJ-GJXKJW,u00EA,ê,latin,extra32
FZZJ-GJXKJW+u00ED.png,FZZJ-GJXKJW,u00ED,í,latin,extra32
FZZJ-GJXKJW+u00F2.png,FZZJ-GJXKJW,u00F2,ò,latin,extra32
FZZJ-GJXKJW+u00F3.png,FZZJ-GJXKJW,u00F3,ó,latin,extra32
FZZJ-GJXKJW+u00F9.png,FZZJ-GJXKJW,u00F9,ù,latin,extra32
FZZJ-GJXKJW+u00FA.png,FZZJ-GJXKJW,u00FA,ú,latin,extra32
FZZJ-GJXKJW+u00FC.png,FZZJ-GJXKJW,u00FC,ü,latin,extra32
FZZJ-GJXKJW+u0101.png,FZZJ-GJXKJW,u0101,ā,latin,extra32
FZZJ-GJXKJW+u0113.png,FZZJ-GJXKJW,u0113,ē,latin,extra32
FZZJ-GJXKJW+u011B.png,FZZJ-GJXKJW,u011B,ě,latin,extra32
FZZJ-GJXKJW+u012B.png,FZZJ-GJXKJW,u012B,ī,latin,extra32
FZZJ-GJXKJW+u0144.png,FZZJ-GJXKJW,u0144,ń,latin,extra32
FZZJ-GJXKJW+u0148.png,FZZJ-GJXKJW,u0148,ň,latin,extra32
FZZJ-GJXKJW+u014D.png,FZZJ-GJXKJW,u014D,ō,latin,extra32
FZZJ-GJXKJW+u016B.png,FZZJ-GJXKJW,u016B,ū,latin,extra32
FZZJ-GJXKJW+u01CE.png,FZZJ-GJXKJW,u01CE,ǎ,latin,extra32
FZZJ-GJXKJW+u01D0.png,FZZJ-GJXKJW,u01D0,ǐ,latin,extra32
FZZJ-GJXKJW+u01D2.png,FZZJ-GJXKJW,u01D2,ǒ,latin,extra32
FZZJ-GJXKJW+u01D6.png,FZZJ-GJXKJW,u01D6,ǖ,latin,extra32
FZZJ-GJXKJW+u01D8.png,FZZJ-GJXKJW,u01D8,ǘ,latin,extra32
FZZJ-GJXKJW+u01DA.png,FZZJ-GJXKJW,u01DA,ǚ,latin,extra32
FZZJ-GJXKJW+u3041.png,FZZJ-GJXKJW,u3041,ぁ,kana,extra32
FZZJ-GJXKJW+u3042.png,FZZJ-GJXKJW,u3042,あ,kana,extra32
FZZJ-GJXKJW+u3043.png,FZZJ-GJXKJW,u3043,ぃ,kana,extra32
FZZJ-GJXKJW+u3044.png,FZZJ-GJXKJW,u3044,い,kana,extra32
FZZJ-GJXKJW+u3045.png,FZZJ-GJXKJW,u3045,ぅ,kana,extra32
FZZJ-GJXKJW+u3046.png,FZZJ-GJXKJW,u3046,う,kana,extra32
FZZJ-GJXKJW+u3047.png,FZZJ-GJXKJW,u3047,ぇ,kana,extra32
FZZJ-GJXKJW+u3048.png,FZZJ-GJXKJW,u3048,え,kana,extra32
FZZJ-GJXKJW+u3049.png,FZZJ-GJXKJW,u3049,ぉ,kana,extra32
FZZJ-GJXKJW+u304A.png,FZZJ-GJXKJW,u304A,お,kana,extra32
FZZJ-GJXKJW+u304B.png,FZZJ-GJXKJW,u304B,か,kana,extra32
FZZJ-GJXKJW+u304C.png,FZZJ-GJXKJW,u304C,が,kana,extra32
FZZJ-GJXKJW+u304D.png,FZZJ-GJXKJW,u304D,き,kana,extra32
FZZJ-GJXKJW+u304E.png,FZZJ-GJXKJW,u304E,ぎ,kana,extra32
FZZJ-GJXKJW+u304F.png,FZZJ-GJXKJW,u304F,く,kana,extra32
FZZJ-GJXKJW+u3050.png,FZZJ-GJXKJW,u3050,ぐ,kana,extra32
FZZJ-GJXKJW+u3051.png,FZZJ-GJXKJW,u3051,け,kana,extra32
FZZJ-GJXKJW+u3052.png,FZZJ-GJXKJW,u3052,げ,kana,extra32
FZZJ-GJXKJW+u3053.png,FZZJ-GJXKJW,u3053,こ,kana,extra32
FZZJ-GJXKJW+u3054.png,FZZJ-GJXKJW,u3054,ご,kana,extra32
FZZJ-GJXKJW+u3055.png,FZZJ-GJXKJW,u3055,さ,kana,extra32
FZZJ-GJXKJW+u3056.png,FZZJ-GJXKJW,u3056,ざ,kana,extra32
FZZJ-GJXKJW+u3057.png,FZZJ-GJXKJW,u3057,し,kana,extra32
FZZJ-GJXKJW+u3058.png,FZZJ-GJXKJW,u3058,じ,kana,extra32
FZZJ-GJXKJW+u3059.png,FZZJ-GJXKJW,u3059,す,kana,extra32
FZZJ-GJXKJW+u305A.png,FZZJ-GJXKJW,u305A,ず,kana,extra32
FZZJ-GJXKJW+u305B.png,FZZJ-GJXKJW,u305B,せ,kana,extra32
FZZJ-GJXKJW+u305C.png,FZZJ-GJXKJW,u305C,ぜ,kana,extra32
FZZJ-GJXKJW+u305D.png,FZZJ-GJXKJW,u305D,そ,kana,extra32
FZZJ-GJXKJW+u305E.png,FZZJ-GJXKJW,u305E,ぞ,kana,extra32
FZZJ-GJXKJW+u305F.png,FZZJ-GJXKJW,u305F,た,kana,extra32
FZZJ-GJXKJW+u3060.png,FZZJ-GJXKJW,u3060,だ,kana,extra32
FZZJ-GJXKJW+u3061.png,FZZJ-GJXKJW,u3061,ち,kana,extra32
FZZJ-GJXKJW+u3062.png,FZZJ-GJXKJW,u3062,ぢ,kana,extra32
FZZJ-GJXKJW+u3063.png,FZZJ-GJXKJW,u3063,っ,kana,extra32
FZZJ-GJXKJW+u3064.png,FZZJ-GJXKJW,u3064,つ,kana,extra32
FZZJ-GJXKJW+u3065.png,FZZJ-GJXKJW,u3065,づ,kana,extra32
FZZJ-GJXKJW+u3066.png,FZZJ-GJXKJW,u3066,て,kana,extra32
FZZJ-GJXKJW+u3067.png,FZZJ-GJXKJW,u3067,で,kana,extra32
FZZJ-GJXKJW+u3068.png,FZZJ-GJXKJW,u3068,と,kana,extra32
FZZJ-GJXKJW+u3069.png,FZZJ-GJXKJW,u3069,ど,kana,extra32
FZZJ-GJXKJW+u306A.png,FZZJ-GJXKJW,u306A,な,kana,extra32
FZZJ-GJXKJW+u306B.png,FZZJ-GJXKJW,u306B,に,kana,extra32
FZZJ-GJXKJW+u306C.png,FZZJ-GJXKJW,u306C,ぬ,kana,extra32
FZZJ-GJXKJW+u306D.png,FZZJ-GJXKJW,u306D,ね,kana,extra32
FZZJ-GJXKJW+u306E.png,FZZJ-GJXKJW,u306E,の,kana,extra32
FZZJ-GJXKJW+u306F.png,FZZJ-GJXKJW,u306F,は,kana,extra32
FZZJ-GJXKJW+u3070.png,FZZJ-GJXKJW,u3070,ば,kana,extra32
FZZJ-GJXKJW+u3071.png,FZZJ-GJXKJW,u3071,ぱ,kana,extra32
FZZJ-GJXKJW+u3072.png,FZZJ-GJXKJW,u3072,ひ,kana,extra32
FZZJ-GJXKJW+u3073.png,FZZJ-GJXKJW,u3073,び,kana,extra32
FZZJ-GJXKJW+u3074.png,FZZJ-GJXKJW,u3074,ぴ,kana,extra32
FZZJ-GJXKJW+u3075.png,FZZJ-GJXKJW,u3075,ふ,kana,extra32
FZZJ-GJXKJW+u3076.png,FZZJ-GJXKJW,u3076,ぶ,kana,extra32
FZZJ-GJXKJW+u3077.png,FZZJ-GJXKJW,u3077,ぷ,kana,extra32
FZZJ-GJXKJW+u3078.png,FZZJ-GJXKJW,u3078,へ,kana,extra32
FZZJ-GJXKJW+u3079.png,FZZJ-GJXKJW,u3079,べ,kana,extra32
FZZJ-GJXKJW+u307A.png,FZZJ-GJXKJW,u307A,ぺ,kana,extra32
FZZJ-GJXKJW+u307B.png,FZZJ-GJXKJW,u307B,ほ,kana,extra32
FZZJ-GJXKJW+u307C.png,FZZJ-GJXKJW,u307C,ぼ,kana,extra32
FZZJ-GJXKJW+u307D.png,FZZJ-GJXKJW,u307D,ぽ,kana,extra32
FZZJ-GJXKJW+u307E.png,FZZJ-GJXKJW,u307E,ま,kana,extra32
FZZJ-GJXKJW+u307F.png,FZZJ-GJXKJW,u307F,み,kana,extra32
FZZJ-GJXKJW+u3080.png,FZZJ-GJXKJW,u3080,む,kana,extra32
FZZJ-GJXKJW+u3081.png,FZZJ-GJXKJW,u3081,め,kana,extra32
FZZJ-GJXKJW+u3082.png,FZZJ-GJXKJW,u3082,も,kana,extra32
FZZJ-GJXKJW+u3083.png,FZZJ-GJXKJW,u3083,ゃ,kana,extra32
FZZJ-GJXKJW+u3084.png,FZZJ-GJXKJW,u3084,や,kana,extra32
FZZJ-GJXKJW+u3085.png,FZZJ-GJXKJW,u3085,ゅ,kana,extra32
FZZJ-GJXKJW+u3086.png,FZZJ-GJXKJW,u3086,ゆ,kana,extra32
FZZJ-GJXKJW+u3087.png,FZZJ-GJXKJW,u3087,ょ,kana,extra32
FZZJ-GJXKJW+u3088.png,FZZJ-GJXKJW,u3088,よ,kana,extra32
FZZJ-GJXKJW+u3089.png,FZZJ-GJXKJW,u3089,ら,kana,extra32
FZZJ-GJXKJW+u308A.png,FZZJ-GJXKJW,u308A,り,kana,extra32
FZZJ-GJXKJW+u308B.png,FZZJ-GJXKJW,u308B,る,kana,extra32
FZZJ-GJXKJW+u308C.png,FZZJ-GJXKJW,u308C,れ,kana,extra32
FZZJ-GJXKJW+u308D.png,FZZJ-GJXKJW,u308D,ろ,kana,extra32
FZZJ-GJXKJW+u308E.png,FZZJ-GJXKJW,u308E,ゎ,kana,extra32
FZZJ-GJXKJW+u308F.png,FZZJ-GJXKJW,u308F,わ,kana,extra32
FZZJ-GJXKJW+u3090.png,FZZJ-GJXKJW,u3090,ゐ,kana,extra32
FZZJ-GJXKJW+u3091.png,FZZJ-GJXKJW,u3091,ゑ,kana,extra32
FZZJ-GJXKJW+u3092.png,FZZJ-GJXKJW,u3092,を,kana,extra32
FZZJ-GJXKJW+u3093.png,FZZJ-GJXKJW,u3093,ん,kana,extra32
FZZJ-JIHJH+u0030.png,FZZJ-JIHJH,u0030,0,latin,plus17
FZZJ-JIHJH+u0032.png,FZZJ-JIHJH,u0032,2,latin,plus17
FZZJ-JIHJH+u0033.png,FZZJ-JIHJH,u0033,3,latin,plus17
FZZJ-JIHJH+u0034.png,FZZJ-JIHJH,u0034,4,latin,plus17
FZZJ-JIHJH+u0035.png,FZZJ-JIHJH,u0035,5,latin,plus17
FZZJ-JIHJH+u0036.png,FZZJ-JIHJH,u0036,6,latin,plus17
FZZJ-JIHJH+u0037.png,FZZJ-JIHJH,u0037,7,latin,plus17
FZZJ-JIHJH+u0038.png,FZZJ-JIHJH,u0038,8,latin,plus17
FZZJ-JIHJH+u0039.png,FZZJ-JIHJH,u0039,9,latin,plus17
FZZJ-JIHJH+u0041.png,FZZJ-JIHJH,u0041,A,latin,plus17
FZZJ-JIHJH+u0042.png,FZZJ-JIHJH,u0042,B,latin,plus17
FZZJ-JIHJH+u0043.png,FZZJ-JIHJH,u0043,C,latin,plus17
FZZJ-JIHJH+u0044.png,FZZJ-JIHJH,u0044,D,latin,plus17
FZZJ-JIHJH+u0045.png,FZZJ-JIHJH,u0045,E,latin,plus17
FZZJ-JIHJH+u0046.png,FZZJ-JIHJH,u0046,F,latin,plus17
FZZJ-JIHJH+u0047.png,FZZJ-JIHJH,u0047,G,latin,plus17
FZZJ-JIHJH+u0048.png,FZZJ-JIHJH,u0048,H,latin,plus17
FZZJ-JIHJH+u0049.png,FZZJ-JIHJH,u0049,I,latin,plus17
FZZJ-JIHJH+u004A.png,FZZJ-JIHJH,u004A,J,latin,plus17
FZZJ-JIHJH+u004B.png,FZZJ-JIHJH,u004B,K,latin,plus17
FZZJ-JIHJH+u004C.png,FZZJ-JIHJH,u004C,L,latin,plus17
FZZJ-JIHJH+u004D.png,FZZJ-JIHJH,u004D,M,latin,plus17
FZZJ-JIHJH+u004E.png,FZZJ-JIHJH,u004E,N,latin,plus17
FZZJ-JIHJH+u004F.png,FZZJ-JIHJH,u004F,O,latin,plus17
FZZJ-JIHJH+u0050.png,FZZJ-JIHJH,u0050,P,latin,plus17
FZZJ-JIHJH+u0051.png,FZZJ-JIHJH,u0051,Q,latin,plus17
FZZJ-JIHJH+u0052.png,FZZJ-JIHJH,u0052,R,latin,plus17
FZZJ-JIHJH+u0053.png,FZZJ-JIHJH,u0053,S,latin,plus17
FZZJ-JIHJH+u0055.png,FZZJ-JIHJH,u0055,U,latin,plus17
FZZJ-JIHJH+u0056.png,FZZJ-JIHJH,u0056,V,latin,plus17
FZZJ-JIHJH+u0057.png,FZZJ-JIHJH,u0057,W,latin,plus17
FZZJ-JIHJH+u0059.png,FZZJ-JIHJH,u0059,Y,latin,plus17
FZZJ-JIHJH+u005A.png,FZZJ-JIHJH,u005A,Z,latin,plus17
FZZJ-JIHJH+u0062.png,FZZJ-JIHJH,u0062,b,latin,plus17
FZZJ-JIHJH+u0063.png,FZZJ-JIHJH,u0063,c,latin,plus17
FZZJ-JIHJH+u0065.png,FZZJ-JIHJH,u0065,e,latin,plus17
FZZJ-JIHJH+u0066.png,FZZJ-JIHJH,u0066,f,latin,plus17
FZZJ-JIHJH+u0067.png,FZZJ-JIHJH,u0067,g,latin,plus17
FZZJ-JIHJH+u0068.png,FZZJ-JIHJH,u0068,h,latin,plus17
FZZJ-JIHJH+u0069.png,FZZJ-JIHJH,u0069,i,latin,plus17
FZZJ-JIHJH+u006A.png,FZZJ-JIHJH,u006A,j,latin,plus17
FZZJ-JIHJH+u006C.png,FZZJ-JIHJH,u006C,l,latin,plus17
FZZJ-JIHJH+u006D.png,FZZJ-JIHJH,u006D,m,latin,plus17
FZZJ-JIHJH+u006E.png,FZZJ-JIHJH,u006E,n,latin,plus17
FZZJ-JIHJH+u006F.png,FZZJ-JIHJH,u006F,o,latin,plus17
FZZJ-JIHJH+u0070.png,FZZJ-JIHJH,u0070,p,latin,plus17
FZZJ-JIHJH+u0071.png,FZZJ-JIHJH,u0071,q,latin,plus17
FZZJ-JIHJH+u0072.png,FZZJ-JIHJH,u0072,r,latin,plus17
FZZJ-JIHJH+u0073.png,FZZJ-JIHJH,u0073,s,latin,plus17
FZZJ-JIHJH+u0074.png,FZZJ-JIHJH,u0074,t,latin,plus17
FZZJ-JIHJH+u0076.png,FZZJ-JIHJH,u0076,v,latin,plus17
FZZJ-JIHJH+u0077.png,FZZJ-JIHJH,u0077,w,latin,plus17
FZZJ-JIHJH+u0078.png,FZZJ-JIHJH,u0078,x,latin,plus17
FZZJ-JIHJH+u007A.png,FZZJ-JIHJH,u007A,z,latin,plus17
FZZJ-JLSSJW+u0030.png,FZZJ-JLSSJW,u0030,0,latin,extra32
FZZJ-JLSSJW+u0032.png,FZZJ-JLSSJW,u0032,2,latin,extra32
FZZJ-JLSSJW+u0033.png,FZZJ-JLSSJW,u0033,3,latin,extra32
FZZJ-JLSSJW+u0034.png,FZZJ-JLSSJW,u0034,4,latin,extra32
FZZJ-JLSSJW+u0035.png,FZZJ-JLSSJW,u0035,5,latin,extra32
FZZJ-JLSSJW+u0036.png,FZZJ-JLSSJW,u0036,6,latin,extra32
FZZJ-JLSSJW+u0037.png,FZZJ-JLSSJW,u0037,7,latin,extra32
FZZJ-JLSSJW+u0038.png,FZZJ-JLSSJW,u0038,8,latin,extra32
FZZJ-JLSSJW+u0039.png,FZZJ-JLSSJW,u0039,9,latin,extra32
FZZJ-JLSSJW+u0041.png,FZZJ-JLSSJW,u0041,A,latin,extra32
FZZJ-JLSSJW+u0042.png,FZZJ-JLSSJW,u0042,B,latin,extra32
FZZJ-JLSSJW+u0043.png,FZZJ-JLSSJW,u0043,C,latin,extra32
FZZJ-JLSSJW+u0044.png,FZZJ-JLSSJW,u0044,D,latin,extra32
FZZJ-JLSSJW+u0045.png,FZZJ-JLSSJW,u0045,E,latin,extra32
FZZJ-JLSSJW+u0046.png,FZZJ-JLSSJW,u0046,F,latin,extra32
FZZJ-JLSSJW+u0047.png,FZZJ-JLSSJW,u0047,G,latin,extra32
FZZJ-JLSSJW+u0048.png,FZZJ-JLSSJW,u0048,H,latin,extra32
FZZJ-JLSSJW+u0049.png,FZZJ-JLSSJW,u0049,I,latin,extra32
FZZJ-JLSSJW+u004A.png,FZZJ-JLSSJW,u004A,J,latin,extra32
FZZJ-JLSSJW+u004B.png,FZZJ-JLSSJW,u004B,K,latin,extra32
FZZJ-JLSSJW+u004C.png,FZZJ-JLSSJW,u004C,L,latin,extra32
FZZJ-JLSSJW+u004D.png,FZZJ-JLSSJW,u004D,M,latin,extra32
FZZJ-JLSSJW+u004E.png,FZZJ-JLSSJW,u004E,N,latin,extra32
FZZJ-JLSSJW+u004F.png,FZZJ-JLSSJW,u004F,O,latin,extra32
FZZJ-JLSSJW+u0050.png,FZZJ-JLSSJW,u0050,P,latin,extra32
FZZJ-JLSSJW+u0051.png,FZZJ-JLSSJW,u0051,Q,latin,extra32
FZZJ-JLSSJW+u0052.png,FZZJ-JLSSJW,u0052,R,latin,extra32
FZZJ-JLSSJW+u0053.png,FZZJ-JLSSJW,u0053,S,latin,extra32
FZZJ-JLSSJW+u0055.png,FZZJ-JLSSJW,u0055,U,latin,extra32
FZZJ-JLSSJW+u0056.png,FZZJ-JLSSJW,u0056,V,latin,extra32
FZZJ-JLSSJW+u0057.png,FZZJ-JLSSJW,u0057,W,latin,extra32
FZZJ-JLSSJW+u0059.png,FZZJ-JLSSJW,u0059,Y,latin,extra32
FZZJ-JLSSJW+u005A.png,FZZJ-JLSSJW,u005A,Z,latin,extra32
FZZJ-JLSSJW+u0062.png,FZZJ-JLSSJW,u0062,b,latin,extra32
FZZJ-JLSSJW+u0063.png,FZZJ-JLSSJW,u0063,c,latin,extra32
FZZJ-JLSSJW+u0065.png,FZZJ-JLSSJW,u0065,e,latin,extra32
FZZJ-JLSSJW+u0066.png,FZZJ-JLSSJW,u0066,f,latin,extra32
FZZJ-JLSSJW+u0067.png,FZZJ-JLSSJW,u0067,g,latin,extra32
FZZJ-JLSSJW+u0068.png,FZZJ-JLSSJW,u0068,h,latin,extra32
FZZJ-JLSSJW+u0069.png,FZZJ-JLSSJW,u0069,i,latin,extra32
FZZJ-JLSSJW+u006A.png,FZZJ-JLSSJW,u006A,j,latin,extra32
FZZJ-JLSSJW+u006C.png,FZZJ-JLSSJW,u006C,l,latin,extra32
FZZJ-JLSSJW+u006D.png,FZZJ-JLSSJW,u006D,m,latin,extra32
FZZJ-JLSSJW+u006E.png,FZZJ-JLSSJW,u006E,n,latin,extra32
FZZJ-JLSSJW+u006F.png,FZZJ-JLSSJW,u006F,o,latin,extra32
FZZJ-JLSSJW+u0070.png,FZZJ-JLSSJW,u0070,p,latin,extra32
FZZJ-JLSSJW+u0071.png,FZZJ-JLSSJW,u0071,q,latin,extra32
FZZJ-JLSSJW+u0072.png,FZZJ-JLSSJW,u0072,r,latin,extra32
FZZJ-JLSSJW+u0073.png,FZZJ-JLSSJW,u0073,s,latin,extra32
FZZJ-JLSSJW+u0074.png,FZZJ-JLSSJW,u0074,t,latin,extra32
FZZJ-JLSSJW+u0076.png,FZZJ-JLSSJW,u0076,v,latin,extra32
FZZJ-JLSSJW+u0077.png,FZZJ-JLSSJW,u0077,w,latin,extra32
FZZJ-JLSSJW+u0078.png,FZZJ-JLSSJW,u0078,x,latin,extra32
FZZJ-JLSSJW+u007A.png,FZZJ-JLSSJW,u007A,z,latin,extra32
FZZJ-JLSSJW+u00E1.png,FZZJ-JLSSJW,u00E1,á,latin,extra32
FZZJ-JLSSJW+u00E8.png,FZZJ-JLSSJW,u00E8,è,latin,extra32
FZZJ-JLSSJW+u00E9.png,FZZJ-JLSSJW,u00E9,é,latin,extra32
FZZJ-JLSSJW+u00EA.png,FZZJ-JLSSJW,u00EA,ê,latin,extra32
FZZJ-JLSSJW+u00ED.png,FZZJ-JLSSJW,u00ED,í,latin,extra32
FZZJ-JLSSJW+u00F2.png,FZZJ-JLSSJW,u00F2,ò,latin,extra32
FZZJ-JLSSJW+u00F3.png,FZZJ-JLSSJW,u00F3,ó,latin,extra32
FZZJ-JLSSJW+u00F9.png,FZZJ-JLSSJW,u00F9,ù,latin,extra32
FZZJ-JLSSJW+u00FA.png,FZZJ-JLSSJW,u00FA,ú,latin,extra32
FZZJ-JLSSJW+u00FC.png,FZZJ-JLSSJW,u00FC,ü,latin,extra32
FZZJ-JLSSJW+u0101.png,FZZJ-JLSSJW,u0101,ā,latin,extra32
FZZJ-JLSSJW+u0113.png,FZZJ-JLSSJW,u0113,ē,latin,extra32
FZZJ-JLSSJW+u011B.png,FZZJ-JLSSJW,u011B,ě,latin,extra32
FZZJ-JLSSJW+u012B.png,FZZJ-JLSSJW,u012B,ī,latin,extra32
FZZJ-JLSSJW+u0144.png,FZZJ-JLSSJW,u0144,ń,latin,extra32
FZZJ-JLSSJW+u0148.png,FZZJ-JLSSJW,u0148,ň,latin,extra32
FZZJ-JLSSJW+u014D.png,FZZJ-JLSSJW,u014D,ō,latin,extra32
FZZJ-JLSSJW+u016B.png,FZZJ-JLSSJW,u016B,ū,latin,extra32
FZZJ-JLSSJW+u01CE.png,FZZJ-JLSSJW,u01CE,ǎ,latin,extra32
FZZJ-JLSSJW+u01D0.png,FZZJ-JLSSJW,u01D0,ǐ,latin,extra32
FZZJ-JLSSJW+u01D2.png,FZZJ-JLSSJW,u01D2,ǒ,latin,extra32
FZZJ-JLSSJW+u01D6.png,FZZJ-JLSSJW,u01D6,ǖ,latin,extra32
FZZJ-JLSSJW+u01D8.png,FZZJ-JLSSJW,u01D8,ǘ,latin,extra32
FZZJ-JLSSJW+u01DA.png,FZZJ-JLSSJW,u01DA,ǚ,latin,extra32
FZZJ-XFSXTJ+u0030.png,FZZJ-XFSXTJ,u0030,0,latin,plus17
FZZJ-XFSXTJ+u0032.png,FZZJ-XFSXTJ,u0032,2,latin,plus17
FZZJ-XFSXTJ+u0033.png,FZZJ-XFSXTJ,u0033,3,latin,plus17
FZZJ-XFSXTJ+u0034.png,FZZJ-XFSXTJ,u0034,4,latin,plus17
FZZJ-XFSXTJ+u0035.png,FZZJ-XFSXTJ,u0035,5,latin,plus17
FZZJ-XFSXTJ+u0036.png,FZZJ-XFSXTJ,u0036,6,latin,plus17
FZZJ-XFSXTJ+u0037.png,FZZJ-XFSXTJ,u0037,7,latin,plus17
FZZJ-XFSXTJ+u0038.png,FZZJ-XFSXTJ,u0038,8,latin,plus17
FZZJ-XFSXTJ+u0039.png,FZZJ-XFSXTJ,u0039,9,latin,plus17
FZZJ-XFSXTJ+u0041.png,FZZJ-XFSXTJ,u0041,A,latin,plus17
FZZJ-XFSXTJ+u0042.png,FZZJ-XFSXTJ,u0042,B,latin,plus17
FZZJ-XFSXTJ+u0043.png,FZZJ-XFSXTJ,u0043,C,latin,plus17
FZZJ-XFSXTJ+u0044.png,FZZJ-XFSXTJ,u0044,D,latin,plus17
FZZJ-XFSXTJ+u0045.png,FZZJ-XFSXTJ,u0045,E,latin,plus17
FZZJ-XFSXTJ+u0046.png,FZZJ-XFSXTJ,u0046,F,latin,plus17
FZZJ-XFSXTJ+u0047.png,FZZJ-XFSXTJ,u0047,G,latin,plus17
FZZJ-XFSXTJ+u0048.png,FZZJ-XFSXTJ,u0048,H,latin,plus17
FZZJ-XFSXTJ+u0049.png,FZZJ-XFSXTJ,u0049,I,latin,plus17
FZZJ-XFSXTJ+u004A.png,FZZJ-XFSXTJ,u004A,J,latin,plus17
FZZJ-XFSXTJ+u004B.png,FZZJ-XFSXTJ,u004B,K,latin,plus17
FZZJ-XFSXTJ+u004C.png,FZZJ-XFSXTJ,u004C,L,latin,plus17
FZZJ-XFSXTJ+u004D.png,FZZJ-XFSXTJ,u004D,M,latin,plus17
FZZJ-XFSXTJ+u004E.png,FZZJ-XFSXTJ,u004E,N,latin,plus17
FZZJ-XFSXTJ+u004F.png,FZZJ-XFSXTJ,u004F,O,latin,plus17
FZZJ-XFSXTJ+u0050.png,FZZJ-XFSXTJ,u0050,P,latin,plus17
FZZJ-XFSXTJ+u0051.png,FZZJ-XFSXTJ,u0051,Q,latin,plus17
FZZJ-XFSXTJ+u0052.png,FZZJ-XFSXTJ,u0052,R,latin,plus17
FZZJ-XFSXTJ+u0053.png,FZZJ-XFSXTJ,u0053,S,latin,plus17
FZZJ-XFSXTJ+u0055.png,FZZJ-XFSXTJ,u0055,U,latin,plus17
FZZJ-XFSXTJ+u0056.png,FZZJ-XFSXTJ,u0056,V,latin,plus17
FZZJ-XFSXTJ+u0057.png,FZZJ-XFSXTJ,u0057,W,latin,plus17
FZZJ-XFSXTJ+u0059.png,FZZJ-XFSXTJ,u0059,Y,latin,plus17
FZZJ-XFSXTJ+u005A.png,FZZJ-XFSXTJ,u005A,Z,latin,plus17
FZZJ-XFSXTJ+u0062.png,FZZJ-XFSXTJ,u0062,b,latin,plus17
FZZJ-XFSXTJ+u0063.png,FZZJ-XFSXTJ,u0063,c,latin,plus17
FZZJ-XFSXTJ+u0065.png,FZZJ-XFSXTJ,u0065,e,latin,plus17
FZZJ-XFSXTJ+u0066.png,FZZJ-XFSXTJ,u0066,f,latin,plus17
FZZJ-XFSXTJ+u0067.png,FZZJ-XFSXTJ,u0067,g,latin,plus17
FZZJ-XFSXTJ+u0068.png,FZZJ-XFSXTJ,u0068,h,latin,plus17
FZZJ-XFSXTJ+u0069.png,FZZJ-XFSXTJ,u0069,i,latin,plus17
FZZJ-XFSXTJ+u006A.png,FZZJ-XFSXTJ,u006A,j,latin,plus17
FZZJ-XFSXTJ+u006C.png,FZZJ-XFSXTJ,u006C,l,latin,plus17
FZZJ-XFSXTJ+u006D.png,FZZJ-XFSXTJ,u006D,m,latin,plus17
FZZJ-XFSXTJ+u006E.png,FZZJ-XFSXTJ,u006E,n,latin,plus17
FZZJ-XFSXTJ+u006F.png,FZZJ-XFSXTJ,u006F,o,latin,plus17
FZZJ-XFSXTJ+u0070.png,FZZJ-XFSXTJ,u0070,p,latin,plus17
FZZJ-XFSXTJ+u0071.png,FZZJ-XFSXTJ,u0071,q,latin,plus17
FZZJ-XFSXTJ+u0072.png,FZZJ-XFSXTJ,u0072,r,latin,plus17
FZZJ-XFSXTJ+u0073.png,FZZJ-XFSXTJ,u0073,s,latin,plus17
FZZJ-XFSXTJ+u0074.png,FZZJ-XFSXTJ,u0074,t,latin,plus17
FZZJ-XFSXTJ+u0076.png,FZZJ-XFSXTJ,u0076,v,latin,plus17
FZZJ-XFSXTJ+u0077.png,FZZJ-XFSXTJ,u0077,w,latin,plus17
FZZJ-XFSXTJ+u0078.png,FZZJ-XFSXTJ,u0078,x,latin,plus17
FZZJ-XFSXTJ+u007A.png,FZZJ-XFSXTJ,u007A,z,latin,plus17
FZZJ-XFSXTJ+u00E1.png,FZZJ-XFSXTJ,u00E1,á,latin,plus17
FZZJ-XFSXTJ+u00E8.png,FZZJ-XFSXTJ,u00E8,è,latin,plus17
FZZJ-XFSXTJ+u00E9.png,FZZJ-XFSXTJ,u00E9,é,latin,plus17
FZZJ-XFSXTJ+u00EA.png,FZZJ-XFSXTJ,u00EA,ê,latin,plus17
FZZJ-XFSXTJ+u00ED.png,FZZJ-XFSXTJ,u00ED,í,latin,plus17
FZZJ-XFSXTJ+u00F2.png,FZZJ-XFSXTJ,u00F2,ò,latin,plus17
FZZJ-XFSXTJ+u00F3.png,FZZJ-XFSXTJ,u00F3,ó,latin,plus17
FZZJ-XFSXTJ+u00F9.png,FZZJ-XFSXTJ,u00F9,ù,latin,plus17
FZZJ-XFSXTJ+u00FA.png,FZZJ-XFSXTJ,u00FA,ú,latin,plus17
FZZJ-XFSXTJ+u00FC.png,FZZJ-XFSXTJ,u00FC,ü,latin,plus17
FZZJ-XFSXTJ+u0101.png,FZZJ-XFSXTJ,u0101,ā,latin,plus17
FZZJ-XFSXTJ+u0113.png,FZZJ-XFSXTJ,u0113,ē,latin,plus17
FZZJ-XFSXTJ+u011B.png,FZZJ-XFSXTJ,u011B,ě,latin,plus17
FZZJ-XFSXTJ+u012B.png,FZZJ-XFSXTJ,u012B,ī,latin,plus17
FZZJ-XFSXTJ+u0144.png,FZZJ-XFSXTJ,u0144,ń,latin,plus17
FZZJ-XFSXTJ+u0148.png,FZZJ-XFSXTJ,u0148,ň,latin,plus17
FZZJ-XFSXTJ+u014D.png,FZZJ-XFSXTJ,u014D,ō,latin,plus17
FZZJ-XFSXTJ+u016B.png,FZZJ-XFSXTJ,u016B,ū,latin,plus17
FZZJ-XFSXTJ+u01CE.png,FZZJ-XFSXTJ,u01CE,ǎ,latin,plus17
FZZJ-XFSXTJ+u01D0.png,FZZJ-XFSXTJ,u01D0,ǐ,latin,plus17
FZZJ-XFSXTJ+u01D2.png,FZZJ-XFSXTJ,u01D2,ǒ,latin,plus17
FZZJ-XFSXTJ+u01D6.png,FZZJ-XFSXTJ,u01D6,ǖ,latin,plus17
FZZJ-XFSXTJ+u01D8.png,FZZJ-XFSXTJ,u01D8,ǘ,latin,plus17
FZZJ-XFSXTJ+u01DA.png,FZZJ-XFSXTJ,u01DA,ǚ,latin,plus17
FZZJ-XFSXTJ+u3041.png,FZZJ-XFSXTJ,u3041,ぁ,kana,plus17
FZZJ-XFSXTJ+u3042.png,FZZJ-XFSXTJ,u3042,あ,kana,plus17
FZZJ-XFSXTJ+u3043.png,FZZJ-XFSXTJ,u3043,ぃ,kana,plus17
FZZJ-XFSXTJ+u3044.png,FZZJ-XFSXTJ,u3044,い,kana,plus17
FZZJ-XFSXTJ+u3045.png,FZZJ-XFSXTJ,u3045,ぅ,kana,plus17
FZZJ-XFSXTJ+u3046.png,FZZJ-XFSXTJ,u3046,う,kana,plus17
FZZJ-XFSXTJ+u3047.png,FZZJ-XFSXTJ,u3047,ぇ,kana,plus17
FZZJ-XFSXTJ+u3048.png,FZZJ-XFSXTJ,u3048,え,kana,plus17
FZZJ-XFSXTJ+u3049.png,FZZJ-XFSXTJ,u3049,ぉ,kana,plus17
FZZJ-XFSXTJ+u304A.png,FZZJ-XFSXTJ,u304A,お,kana,plus17
FZZJ-XFSXTJ+u304B.png,FZZJ-XFSXTJ,u304B,か,kana,plus17
FZZJ-XFSXTJ+u304C.png,FZZJ-XFSXTJ,u304C,が,kana,plus17
FZZJ-XFSXTJ+u304D.png,FZZJ-XFSXTJ,u304D,き,kana,plus17
FZZJ-XFSXTJ+u304E.png,FZZJ-XFSXTJ,u304E,ぎ,kana,plus17
FZZJ-XFSXTJ+u304F.png,FZZJ-XFSXTJ,u304F,く,kana,plus17
FZZJ-XFSXTJ+u3050.png,FZZJ-XFSXTJ,u3050,ぐ,kana,plus17
FZZJ-XFSXTJ+u3051.png,FZZJ-XFSXTJ,u3051,け,kana,plus17
FZZJ-XFSXTJ+u3052.png,FZZJ-XFSXTJ,u3052,げ,kana,plus17
FZZJ-XFSXTJ+u3053.png,FZZJ-XFSXTJ,u3053,こ,kana,plus17
FZZJ-XFSXTJ+u3054.png,FZZJ-XFSXTJ,u3054,ご,kana,plus17
FZZJ-XFSXTJ+u3055.png,FZZJ-XFSXTJ,u3055,さ,kana,plus17
FZZJ-XFSXTJ+u3056.png,FZZJ-XFSXTJ,u3056,ざ,kana,plus17
FZZJ-XFSXTJ+u3057.png,FZZJ-XFSXTJ,u3057,し,kana,plus17
FZZJ-XFSXTJ+u3058.png,FZZJ-XFSXTJ,u3058,じ,kana,plus17
FZZJ-XFSXTJ+u3059.png,FZZJ-XFSXTJ,u3059,す,kana,plus17
FZZJ-XFSXTJ+u305A.png,FZZJ-XFSXTJ,u305A,ず,kana,plus17
FZZJ-XFSXTJ+u305B.png,FZZJ-XFSXTJ,u305B,せ,kana,plus17
FZZJ-XFSXTJ+u305C.png,FZZJ-XFSXTJ,u305C,ぜ,kana,plus17
FZZJ-XFSXTJ+u305D.png,FZZJ-XFSXTJ,u305D,そ,kana,plus17
FZZJ-XFSXTJ+u305E.png,FZZJ-XFSXTJ,u305E,ぞ,kana,plus17
FZZJ-XFSXTJ+u305F.png,FZZJ-XFSXTJ,u305F,た,kana,plus17
FZZJ-XFSXTJ+u3060.png,FZZJ-XFSXTJ,u3060,だ,kana,plus17
FZZJ-XFSXTJ+u3061.png,FZZJ-XFSXTJ,u3061,ち,kana,plus17
FZZJ-XFSXTJ+u3062.png,FZZJ-XFSXTJ,u3062,ぢ,kana,plus17
FZZJ-XFSXTJ+u3063.png,FZZJ-XFSXTJ,u3063,っ,kana,plus17
FZZJ-XFSXTJ+u3064.png,FZZJ-XFSXTJ,u3064,つ,kana,plus17
FZZJ-XFSXTJ+u3065.png,FZZJ-XFSXTJ,u3065,づ,kana,plus17
FZZJ-XFSXTJ+u3066.png,FZZJ-XFSXTJ,u3066,て,kana,plus17
FZZJ-XFSXTJ+u3067.png,FZZJ-XFSXTJ,u3067,で,kana,plus17
FZZJ-XFSXTJ+u3068.png,FZZJ-XFSXTJ,u3068,と,kana,plus17
FZZJ-XFSXTJ+u3069.png,FZZJ-XFSXTJ,u3069,ど,kana,plus17
FZZJ-XFSXTJ+u306A.png,FZZJ-XFSXTJ,u306A,な,kana,plus17
FZZJ-XFSXTJ+u306B.png,FZZJ-XFSXTJ,u306B,に,kana,plus17
FZZJ-XFSXTJ+u306C.png,FZZJ-XFSXTJ,u306C,ぬ,kana,plus17
FZZJ-XFSXTJ+u306D.png,FZZJ-XFSXTJ,u306D,ね,kana,plus17
FZZJ-XFSXTJ+u306E.png,FZZJ-XFSXTJ,u306E,の,kana,plus17
FZZJ-XFSXTJ+u306F.png,FZZJ-XFSXTJ,u306F,は,kana,plus17
FZZJ-XFSXTJ+u3070.png,FZZJ-XFSXTJ,u3070,ば,kana,plus17
FZZJ-XFSXTJ+u3071.png,FZZJ-XFSXTJ,u3071,ぱ,kana,plus17
FZZJ-XFSXTJ+u3072.png,FZZJ-XFSXTJ,u3072,ひ,kana,plus17
FZZJ-XFSXTJ+u3073.png,FZZJ-XFSXTJ,u3073,び,kana,plus17
FZZJ-XFSXTJ+u3074.png,FZZJ-XFSXTJ,u3074,ぴ,kana,plus17
FZZJ-XFSXTJ+u3075.png,FZZJ-XFSXTJ,u3075,ふ,kana,plus17
FZZJ-XFSXTJ+u3076.png,FZZJ-XFSXTJ,u3076,ぶ,kana,plus17
FZZJ-XFSXTJ+u3077.png,FZZJ-XFSXTJ,u3077,ぷ,kana,plus17
FZZJ-XFSXTJ+u3078.png,FZZJ-XFSXTJ,u3078,へ,kana,plus17
FZZJ-XFSXTJ+u3079.png,FZZJ-XFSXTJ,u3079,べ,kana,plus17
FZZJ-XFSXTJ+u307A.png,FZZJ-XFSXTJ,u307A,ぺ,kana,plus17
FZZJ-XFSXTJ+u307B.png,FZZJ-XFSXTJ,u307B,ほ,kana,plus17
FZZJ-XFSXTJ+u307C.png,FZZJ-XFSXTJ,u307C,ぼ,kana,plus17
FZZJ-XFSXTJ+u307D.png,FZZJ-XFSXTJ,u307D,ぽ,kana,plus17
FZZJ-XFSXTJ+u307E.png,FZZJ-XFSXTJ,u307E,ま,kana,plus17
FZZJ-XFSXTJ+u307F.png,FZZJ-XFSXTJ,u307F,み,kana,plus17
FZZJ-XFSXTJ+u3080.png,FZZJ-XFSXTJ,u3080,む,kana,plus17
FZZJ-XFSXTJ+u3081.png,FZZJ-XFSXTJ,u3081,め,kana,plus17
FZZJ-XFSXTJ+u3082.png,FZZJ-XFSXTJ,u3082,も,kana,plus17
FZZJ-XFSXTJ+u3083.png,FZZJ-XFSXTJ,u3083,ゃ,kana,plus17
FZZJ-XFSXTJ+u3084.png,FZZJ-XFSXTJ,u3084,や,kana,plus17
FZZJ-XFSXTJ+u3085.png,FZZJ-XFSXTJ,u3085,ゅ,kana,plus17
FZZJ-XFSXTJ+u3086.png,FZZJ-XFSXTJ,u3086,ゆ,kana,plus17
FZZJ-XFSXTJ+u3087.png,FZZJ-XFSXTJ,u3087,ょ,kana,plus17
FZZJ-XFSXTJ+u3088.png,FZZJ-XFSXTJ,u3088,よ,kana,plus17
FZZJ-XFSXTJ+u3089.png,FZZJ-XFSXTJ,u3089,ら,kana,plus17
FZZJ-XFSXTJ+u308A.png,FZZJ-XFSXTJ,u308A,り,kana,plus17
FZZJ-XFSXTJ+u308B.png,FZZJ-XFSXTJ,u308B,る,kana,plus17
FZZJ-XFSXTJ+u308C.png,FZZJ-XFSXTJ,u308C,れ,kana,plus17
FZZJ-XFSXTJ+u308D.png,FZZJ-XFSXTJ,u308D,ろ,kana,plus17
FZZJ-XFSXTJ+u308E.png,FZZJ-XFSXTJ,u308E,ゎ,kana,plus17
FZZJ-XFSXTJ+u308F.png,FZZJ-XFSXTJ,u308F,わ,kana,plus17
FZZJ-XFSXTJ+u3090.png,FZZJ-XFSXTJ,u3090,ゐ,kana,plus17
FZZJ-XFSXTJ+u3091.png,FZZJ-XFSXTJ,u3091,ゑ,kana,plus17
FZZJ-XFSXTJ+u3092.png,FZZJ-XFSXTJ,u3092,を,kana,plus17
FZZJ-XFSXTJ+u3093.png,FZZJ-XFSXTJ,u3093,ん,kana,plus17
FZZJ-XFSXTJ+u30A1.png,FZZJ-XFSXTJ,u30A1,ァ,kana,plus17
FZZJ-XFSXTJ+u30A2.png,FZZJ-XFSXTJ,u30A2,ア,kana,plus17
FZZJ-XFSXTJ+u30A3.png,FZZJ-XFSXTJ,u30A3,ィ,kana,plus17
FZZJ-XFSXTJ+u30A4.png,FZZJ-XFSXTJ,u30A4,イ,kana,plus17
FZZJ-XFSXTJ+u30A5.png,FZZJ-XFSXTJ,u30A5,ゥ,kana,plus17
FZZJ-XFSXTJ+u30A6.png,FZZJ-XFSXTJ,u30A6,ウ,kana,plus17
FZZJ-XFSXTJ+u30A7.png,FZZJ-XFSXTJ,u30A7,ェ,kana,plus17
FZZJ-XFSXTJ+u30A8.png,FZZJ-XFSXTJ,u30A8,エ,kana,plus17
FZZJ-XFSXTJ+u30A9.png,FZZJ-XFSXTJ,u30A9,ォ,kana,plus17
FZZJ-XFSXTJ+u30AA.png,FZZJ-XFSXTJ,u30AA,オ,kana,plus17
FZZJ-XFSXTJ+u30AB.png,FZZJ-XFSXTJ,u30AB,カ,kana,plus17
FZZJ-XFSXTJ+u30AC.png,FZZJ-XFSXTJ,u30AC,ガ,kana,plus17
FZZJ-XFSXTJ+u30AD.png,FZZJ-XFSXTJ,u30AD,キ,kana,plus17
FZZJ-XFSXTJ+u30AE.png,FZZJ-XFSXTJ,u30AE,ギ,kana,plus17
FZZJ-XFSXTJ+u30AF.png,FZZJ-XFSXTJ,u30AF,ク,kana,plus17
FZZJ-XFSXTJ+u30B0.png,FZZJ-XFSXTJ,u30B0,グ,kana,plus17
FZZJ-XFSXTJ+u30B1.png,FZZJ-XFSXTJ,u30B1,ケ,kana,plus17
FZZJ-XFSXTJ+u30B2.png,FZZJ-XFSXTJ,u30B2,ゲ,kana,plus17
FZZJ-XFSXTJ+u30B3.png,FZZJ-XFSXTJ,u30B3,コ,kana,plus17
FZZJ-XFSXTJ+u30B4.png,FZZJ-XFSXTJ,u30B4,ゴ,kana,plus17
FZZJ-XFSXTJ+u30B5.png,FZZJ-XFSXTJ,u30B5,サ,kana,plus17
FZZJ-XFSXTJ+u30B6.png,FZZJ-XFSXTJ,u30B6,ザ,kana,plus17
FZZJ-XFSXTJ+u30B7.png,FZZJ-XFSXTJ,u30B7,シ,kana,plus17
FZZJ-XFSXTJ+u30B8.png,FZZJ-XFSXTJ,u30B8,ジ,kana,plus17
FZZJ-XFSXTJ+u30B9.png,FZZJ-XFSXTJ,u30B9,ス,kana,plus17
FZZJ-XFSXTJ+u30BA.png,FZZJ-XFSXTJ,u30BA,ズ,kana,plus17
FZZJ-XFSXTJ+u30BB.png,FZZJ-XFSXTJ,u30BB,セ,kana,plus17
FZZJ-XFSXTJ+u30BC.png,FZZJ-XFSXTJ,u30BC,ゼ,kana,plus17
FZZJ-XFSXTJ+u30BD.png,FZZJ-XFSXTJ,u30BD,ソ,kana,plus17
FZZJ-XFSXTJ+u30BE.png,FZZJ-XFSXTJ,u30BE,ゾ,kana,plus17
FZZJ-XFSXTJ+u30BF.png,FZZJ-XFSXTJ,u30BF,タ,kana,plus17
FZZJ-XFSXTJ+u30C0.png,FZZJ-XFSXTJ,u30C0,ダ,kana,plus17
FZZJ-XFSXTJ+u30C1.png,FZZJ-XFSXTJ,u30C1,チ,kana,plus17
FZZJ-XFSXTJ+u30C2.png,FZZJ-XFSXTJ,u30C2,ヂ,kana,plus17
FZZJ-XFSXTJ+u30C3.png,FZZJ-XFSXTJ,u30C3,ッ,kana,plus17
FZZJ-XFSXTJ+u30C4.png,FZZJ-XFSXTJ,u30C4,ツ,kana,plus17
FZZJ-XFSXTJ+u30C5.png,FZZJ-XFSXTJ,u30C5,ヅ,kana,plus17
FZZJ-XFSXTJ+u30C6.png,FZZJ-XFSXTJ,u30C6,テ,kana,plus17
FZZJ-XFSXTJ+u30C7.png,FZZJ-XFSXTJ,u30C7,デ,kana,plus17
FZZJ-XFSXTJ+u30C8.png,FZZJ-XFSXTJ,u30C8,ト,kana,plus17
FZZJ-XFSXTJ+u30C9.png,FZZJ-XFSXTJ,u30C9,ド,kana,plus17
FZZJ-XFSXTJ+u30CA.png,FZZJ-XFSXTJ,u30CA,ナ,kana,plus17
FZZJ-XFSXTJ+u30CB.png,FZZJ-XFSXTJ,u30CB,ニ,kana,plus17
FZZJ-XFSXTJ+u30CC.png,FZZJ-XFSXTJ,u30CC,ヌ,kana,plus17
FZZJ-XFSXTJ+u30CD.png,FZZJ-XFSXTJ,u30CD,ネ,kana,plus17
FZZJ-XFSXTJ+u30CE.png,FZZJ-XFSXTJ,u30CE,ノ,kana,plus17
FZZJ-XFSXTJ+u30CF.png,FZZJ-XFSXTJ,u30CF,ハ,kana,plus17
FZZJ-XFSXTJ+u30D0.png,FZZJ-XFSXTJ,u30D0,バ,kana,plus17
FZZJ-XFSXTJ+u30D1.png,FZZJ-XFSXTJ,u30D1,パ,kana,plus17
FZZJ-XFSXTJ+u30D2.png,FZZJ-XFSXTJ,u30D2,ヒ,kana,plus17
FZZJ-XFSXTJ+u30D3.png,FZZJ-XFSXTJ,u30D3,ビ,kana,plus17
FZZJ-XFSXTJ+u30D4.png,FZZJ-XFSXTJ,u30D4,ピ,kana,plus17
FZZJ-XFSXTJ+u30D5.png,FZZJ-XFSXTJ,u30D5,フ,kana,plus17
FZZJ-XFSXTJ+u30D6.png,FZZJ-XFSXTJ,u30D6,ブ,kana,plus17
FZZJ-XFSXTJ+u30D7.png,FZZJ-XFSXTJ,u30D7,プ,kana,plus17
FZZJ-XFSXTJ+u30D8.png,FZZJ-XFSXTJ,u30D8,ヘ,kana,plus17
FZZJ-XFSXTJ+u30D9.png,FZZJ-XFSXTJ,u30D9,ベ,kana,plus17
FZZJ-XFSXTJ+u30DA.png,FZZJ-XFSXTJ,u30DA,ペ,kana,plus17
FZZJ-XFSXTJ+u30DB.png,FZZJ-XFSXTJ,u30DB,ホ,kana,plus17
FZZJ-XFSXTJ+u30DC.png,FZZJ-XFSXTJ,u30DC,ボ,kana,plus17
FZZJ-XFSXTJ+u30DD.png,FZZJ-XFSXTJ,u30DD,ポ,kana,plus17
FZZJ-XFSXTJ+u30DE.png,FZZJ-XFSXTJ,u30DE,マ,kana,plus17
FZZJ-XFSXTJ+u30DF.png,FZZJ-XFSXTJ,u30DF,ミ,kana,plus17
FZZJ-XFSXTJ+u30E0.png,FZZJ-XFSXTJ,u30E0,ム,kana,plus17
FZZJ-XFSXTJ+u30E1.png,FZZJ-XFSXTJ,u30E1,メ,kana,plus17
FZZJ-XFSXTJ+u30E2.png,FZZJ-XFSXTJ,u30E2,モ,kana,plus17
FZZJ-XFSXTJ+u30E3.png,FZZJ-XFSXTJ,u30E3,ャ,kana,plus17
FZZJ-XFSXTJ+u30E4.png,FZZJ-XFSXTJ,u30E4,ヤ,kana,plus17
FZZJ-XFSXTJ+u30E5.png,FZZJ-XFSXTJ,u30E5,ュ,kana,plus17
FZZJ-XFSXTJ+u30E6.png,FZZJ-XFSXTJ,u30E6,ユ,kana,plus17
FZZJ-XFSXTJ+u30E7.png,FZZJ-XFSXTJ,u30E7,ョ,kana,plus17
FZZJ-XFSXTJ+u30E8.png,FZZJ-XFSXTJ,u30E8,ヨ,kana,plus17
FZZJ-XFSXTJ+u30E9.png,FZZJ-XFSXTJ,u30E9,ラ,kana,plus17
FZZJ-XFSXTJ+u30EA.png,FZZJ-XFSXTJ,u30EA,リ,kana,plus17
FZZJ-XFSXTJ+u30EB.png,FZZJ-XFSXTJ,u30EB,ル,kana,plus17
FZZJ-XFSXTJ+u30EC.png,FZZJ-XFSXTJ,u30EC,レ,kana,plus17
FZZJ-XFSXTJ+u30ED.png,FZZJ-XFSXTJ,u30ED,ロ,kana,plus17
FZZJ-XFSXTJ+u30EE.png,FZZJ-XFSXTJ,u30EE,ヮ,kana,plus17
FZZJ-XFSXTJ+u30EF.png,FZZJ-XFSXTJ,u30EF,ワ,kana,plus17
FZZJ-XFSXTJ+u30F0.png,FZZJ-XFSXTJ,u30F0,ヰ,kana,plus17
FZZJ-XFSXTJ+u30F1.png,FZZJ-XFSXTJ,u30F1,ヱ,kana,plus17
FZZJ-XFSXTJ+u30F2.png,FZZJ-XFSXTJ,u30F2,ヲ,kana,plus17
FZZJ-XFSXTJ+u30F3.png,FZZJ-XFSXTJ,u30F3,ン,kana,plus17
FZZJ-XFSXTJ+u30F4.png,FZZJ-XFSXTJ,u30F4,ヴ,kana,plus17
FZZJ-XFSXTJ+u30F5.png,FZZJ-XFSXTJ,u30F5,ヵ,kana,plus17
FZZJ-XFSXTJ+u30F6.png,FZZJ-XFSXTJ,u30F6,ヶ,kana,plus17
FZZJ-XTJF+u0030.png,FZZJ-XTJF,u0030,0,latin,plus17
FZZJ-XTJF+u0032.png,FZZJ-XTJF,u0032,2,latin,plus17
FZZJ-XTJF+u0033.png,FZZJ-XTJF,u0033,3,latin,plus17
FZZJ-XTJF+u0034.png,FZZJ-XTJF,u0034,4,latin,plus17
FZZJ-XTJF+u0035.png,FZZJ-XTJF,u0035,5,latin,plus17
FZZJ-XTJF+u0036.png,FZZJ-XTJF,u0036,6,latin,plus17
FZZJ-XTJF+u0037.png,FZZJ-XTJF,u0037,7,latin,plus17
FZZJ-XTJF+u0038.png,FZZJ-XTJF,u0038,8,latin,plus17
FZZJ-XTJF+u0039.png,FZZJ-XTJF,u0039,9,latin,plus17
FZZJ-XTJF+u0041.png,FZZJ-XTJF,u0041,A,latin,plus17
FZZJ-XTJF+u0042.png,FZZJ-XTJF,u0042,B,latin,plus17
FZZJ-XTJF+u0043.png,FZZJ-XTJF,u0043,C,latin,plus17
FZZJ-XTJF+u0044.png,FZZJ-XTJF,u0044,D,latin,plus17
FZZJ-XTJF+u0045.png,FZZJ-XTJF,u0045,E,latin,plus17
FZZJ-XTJF+u0046.png,FZZJ-XTJF,u0046,F,latin,plus17
FZZJ-XTJF+u0047.png,FZZJ-XTJF,u0047,G,latin,plus17
FZZJ-XTJF+u0048.png,FZZJ-XTJF,u0048,H,latin,plus17
FZZJ-XTJF+u0049.png,FZZJ-XTJF,u0049,I,latin,plus17
FZZJ-XTJF+u004A.png,FZZJ-XTJF,u004A,J,latin,plus17
FZZJ-XTJF+u004B.png,FZZJ-XTJF,u004B,K,latin,plus17
FZZJ-XTJF+u004C.png,FZZJ-XTJF,u004C,L,latin,plus17
FZZJ-XTJF+u004D.png,FZZJ-XTJF,u004D,M,latin,plus17
FZZJ-XTJF+u004E.png,FZZJ-XTJF,u004E,N,latin,plus17
FZZJ-XTJF+u004F.png,FZZJ-XTJF,u004F,O,latin,plus17
FZZJ-XTJF+u0050.png,FZZJ-XTJF,u0050,P,latin,plus17
FZZJ-XTJF+u0051.png,FZZJ-XTJF,u0051,Q,latin,plus17
FZZJ-XTJF+u0052.png,FZZJ-XTJF,u0052,R,latin,plus17
FZZJ-XTJF+u0053.png,FZZJ-XTJF,u0053,S,latin,plus17
FZZJ-XTJF+u0055.png,FZZJ-XTJF,u0055,U,latin,plus17
FZZJ-XTJF+u0056.png,FZZJ-XTJF,u0056,V,latin,plus17
FZZJ-XTJF+u0057.png,FZZJ-XTJF,u0057,W,latin,plus17
FZZJ-XTJF+u0059.png,FZZJ-XTJF,u0059,Y,latin,plus17
FZZJ-XTJF+u005A.png,FZZJ-XTJF,u005A,Z,latin,plus17
FZZJ-XTJF+u0062.png,FZZJ-XTJF,u0062,b,latin,plus17
FZZJ-XTJF+u0063.png,FZZJ-XTJF,u0063,c,latin,plus17
FZZJ-XTJF+u0065.png,FZZJ-XTJF,u0065,e,latin,plus17
FZZJ-XTJF+u0066.png,FZZJ-XTJF,u0066,f,latin,plus17
FZZJ-XTJF+u0067.png,FZZJ-XTJF,u0067,g,latin,plus17
FZZJ-XTJF+u0068.png,FZZJ-XTJF,u0068,h,latin,plus17
FZZJ-XTJF+u0069.png,FZZJ-XTJF,u0069,i,latin,plus17
FZZJ-XTJF+u006A.png,FZZJ-XTJF,u006A,j,latin,plus17
FZZJ-XTJF+u006C.png,FZZJ-XTJF,u006C,l,latin,plus17
FZZJ-XTJF+u006D.png,FZZJ-XTJF,u006D,m,latin,plus17
FZZJ-XTJF+u006E.png,FZZJ-XTJF,u006E,n,latin,plus17
FZZJ-XTJF+u006F.png,FZZJ-XTJF,u006F,o,latin,plus17
FZZJ-XTJF+u0070.png,FZZJ-XTJF,u0070,p,latin,plus17
FZZJ-XTJF+u0071.png,FZZJ-XTJF,u0071,q,latin,plus17
FZZJ-XTJF+u0072.png,FZZJ-XTJF,u0072,r,latin,plus17
FZZJ-XTJF+u0073.png,FZZJ-XTJF,u0073,s,latin,plus17
FZZJ-XTJF+u0074.png,FZZJ-XTJF,u0074,t,latin,plus17
FZZJ-XTJF+u0076.png,FZZJ-XTJF,u0076,v,latin,plus17
FZZJ-XTJF+u0077.png,FZZJ-XTJF,u0077,w,latin,plus17
FZZJ-XTJF+u0078.png,FZZJ-XTJF,u0078,x,latin,plus17
FZZJ-XTJF+u007A.png,FZZJ-XTJF,u007A,z,latin,plus17
FZZJ-XTJF+u00E1.png,FZZJ-XTJF,u00E1,á,latin,plus17
FZZJ-XTJF+u00E8.png,FZZJ-XTJF,u00E8,è,latin,plus17
FZZJ-XTJF+u00E9.png,FZZJ-XTJF,u00E9,é,latin,plus17
FZZJ-XTJF+u00EA.png,FZZJ-XTJF,u00EA,ê,latin,plus17
FZZJ-XTJF+u00ED.png,FZZJ-XTJF,u00ED,í,latin,plus17
FZZJ-XTJF+u00F2.png,FZZJ-XTJF,u00F2,ò,latin,plus17
FZZJ-XTJF+u00F3.png,FZZJ-XTJF,u00F3,ó,latin,plus17
FZZJ-XTJF+u00F9.png,FZZJ-XTJF,u00F9,ù,latin,plus17
FZZJ-XTJF+u00FA.png,FZZJ-XTJF,u00FA,ú,latin,plus17
FZZJ-XTJF+u00FC.png,FZZJ-XTJF,u00FC,ü,latin,plus17
FZZJ-XTJF+u0101.png,FZZJ-XTJF,u0101,ā,latin,plus17
FZZJ-XTJF+u0113.png,FZZJ-XTJF,u0113,ē,latin,plus17
FZZJ-XTJF+u011B.png,FZZJ-XTJF,u011B,ě,latin,plus17
FZZJ-XTJF+u012B.png,FZZJ-XTJF,u012B,ī,latin,plus17
FZZJ-XTJF+u0144.png,FZZJ-XTJF,u0144,ń,latin,plus17
FZZJ-XTJF+u0148.png,FZZJ-XTJF,u0148,ň,latin,plus17
FZZJ-XTJF+u014D.png,FZZJ-XTJF,u014D,ō,latin,plus17
FZZJ-XTJF+u016B.png,FZZJ-XTJF,u016B,ū,latin,plus17
FZZJ-XTJF+u01CE.png,FZZJ-XTJF,u01CE,ǎ,latin,plus17
FZZJ-XTJF+u01D0.png,FZZJ-XTJF,u01D0,ǐ,latin,plus17
FZZJ-XTJF+u01D2.png,FZZJ-XTJF,u01D2,ǒ,latin,plus17
FZZJ-XTJF+u01D6.png,FZZJ-XTJF,u01D6,ǖ,latin,plus17
FZZJ-XTJF+u01D8.png,FZZJ-XTJF,u01D8,ǘ,latin,plus17
FZZJ-XTJF+u01DA.png,FZZJ-XTJF,u01DA,ǚ,latin,plus17
FZZJ-XTJF+u3041.png,FZZJ-XTJF,u3041,ぁ,kana,plus17
FZZJ-XTJF+u3042.png,FZZJ-XTJF,u3042,あ,kana,plus17
FZZJ-XTJF+u3043.png,FZZJ-XTJF,u3043,ぃ,kana,plus17
FZZJ-XTJF+u3044.png,FZZJ-XTJF,u3044,い,kana,plus17
FZZJ-XTJF+u3045.png,FZZJ-XTJF,u3045,ぅ,kana,plus17
FZZJ-XTJF+u3046.png,FZZJ-XTJF,u3046,う,kana,plus17
FZZJ-XTJF+u3047.png,FZZJ-XTJF,u3047,ぇ,kana,plus17
FZZJ-XTJF+u3048.png,FZZJ-XTJF,u3048,え,kana,plus17
FZZJ-XTJF+u3049.png,FZZJ-XTJF,u3049,ぉ,kana,plus17
FZZJ-XTJF+u304A.png,FZZJ-XTJF,u304A,お,kana,plus17
FZZJ-XTJF+u304B.png,FZZJ-XTJF,u304B,か,kana,plus17
FZZJ-XTJF+u304C.png,FZZJ-XTJF,u304C,が,kana,plus17
FZZJ-XTJF+u304D.png,FZZJ-XTJF,u304D,き,kana,plus17
FZZJ-XTJF+u304E.png,FZZJ-XTJF,u304E,ぎ,kana,plus17
FZZJ-XTJF+u304F.png,FZZJ-XTJF,u304F,く,kana,plus17
FZZJ-XTJF+u3050.png,FZZJ-XTJF,u3050,ぐ,kana,plus17
FZZJ-XTJF+u3051.png,FZZJ-XTJF,u3051,け,kana,plus17
FZZJ-XTJF+u3052.png,FZZJ-XTJF,u3052,げ,kana,plus17
FZZJ-XTJF+u3053.png,FZZJ-XTJF,u3053,こ,kana,plus17
FZZJ-XTJF+u3054.png,FZZJ-XTJF,u3054,ご,kana,plus17
FZZJ-XTJF+u3055.png,FZZJ-XTJF,u3055,さ,kana,plus17
FZZJ-XTJF+u3056.png,FZZJ-XTJF,u3056,ざ,kana,plus17
FZZJ-XTJF+u3057.png,FZZJ-XTJF,u3057,し,kana,plus17
FZZJ-XTJF+u3058.png,FZZJ-XTJF,u3058,じ,kana,plus17
FZZJ-XTJF+u3059.png,FZZJ-XTJF,u3059,す,kana,plus17
FZZJ-XTJF+u305A.png,FZZJ-XTJF,u305A,ず,kana,plus17
FZZJ-XTJF+u305B.png,FZZJ-XTJF,u305B,せ,kana,plus17
FZZJ-XTJF+u305C.png,FZZJ-XTJF,u305C,ぜ,kana,plus17
FZZJ-XTJF+u305D.png,FZZJ-XTJF,u305D,そ,kana,plus17
FZZJ-XTJF+u305E.png,FZZJ-XTJF,u305E,ぞ,kana,plus17
FZZJ-XTJF+u305F.png,FZZJ-XTJF,u305F,た,kana,plus17
FZZJ-XTJF+u3060.png,FZZJ-XTJF,u3060,だ,kana,plus17
FZZJ-XTJF+u3061.png,FZZJ-XTJF,u3061,ち,kana,plus17
FZZJ-XTJF+u3062.png,FZZJ-XTJF,u3062,ぢ,kana,plus17
FZZJ-XTJF+u3063.png,FZZJ-XTJF,u3063,っ,kana,plus17
FZZJ-XTJF+u3064.png,FZZJ-XTJF,u3064,つ,kana,plus17
FZZJ-XTJF+u3065.png,FZZJ-XTJF,u3065,づ,kana,plus17
FZZJ-XTJF+u3066.png,FZZJ-XTJF,u3066,て,kana,plus17
FZZJ-XTJF+u3067.png,FZZJ-XTJF,u3067,で,kana,plus17
FZZJ-XTJF+u3068.png,FZZJ-XTJF,u3068,と,kana,plus17
FZZJ-XTJF+u3069.png,FZZJ-XTJF,u3069,ど,kana,plus17
FZZJ-XTJF+u306A.png,FZZJ-XTJF,u306A,な,kana,plus17
FZZJ-XTJF+u306B.png,FZZJ-XTJF,u306B,に,kana,plus17
FZZJ-XTJF+u306C.png,FZZJ-XTJF,u306C,ぬ,kana,plus17
FZZJ-XTJF+u306D.png,FZZJ-XTJF,u306D,ね,kana,plus17
FZZJ-XTJF+u306E.png,FZZJ-XTJF,u306E,の,kana,plus17
FZZJ-XTJF+u306F.png,FZZJ-XTJF,u306F,は,kana,plus17
FZZJ-XTJF+u3070.png,FZZJ-XTJF,u3070,ば,kana,plus17
FZZJ-XTJF+u3071.png,FZZJ-XTJF,u3071,ぱ,kana,plus17
FZZJ-XTJF+u3072.png,FZZJ-XTJF,u3072,ひ,kana,plus17
FZZJ-XTJF+u3073.png,FZZJ-XTJF,u3073,び,kana,plus17
FZZJ-XTJF+u3074.png,FZZJ-XTJF,u3074,ぴ,kana,plus17
FZZJ-XTJF+u3075.png,FZZJ-XTJF,u3075,ふ,kana,plus17
FZZJ-XTJF+u3076.png,FZZJ-XTJF,u3076,ぶ,kana,plus17
FZZJ-XTJF+u3077.png,FZZJ-XTJF,u3077,ぷ,kana,plus17
FZZJ-XTJF+u3078.png,FZZJ-XTJF,u3078,へ,kana,plus17
FZZJ-XTJF+u3079.png,FZZJ-XTJF,u3079,べ,kana,plus17
FZZJ-XTJF+u307A.png,FZZJ-XTJF,u307A,ぺ,kana,plus17
FZZJ-XTJF+u307B.png,FZZJ-XTJF,u307B,ほ,kana,plus17
FZZJ-XTJF+u307C.png,FZZJ-XTJF,u307C,ぼ,kana,plus17
FZZJ-XTJF+u307D.png,FZZJ-XTJF,u307D,ぽ,kana,plus17
FZZJ-XTJF+u307E.png,FZZJ-XTJF,u307E,ま,kana,plus17
FZZJ-XTJF+u307F.png,FZZJ-XTJF,u307F,み,kana,plus17
FZZJ-XTJF+u3080.png,FZZJ-XTJF,u3080,む,kana,plus17
FZZJ-XTJF+u3081.png,FZZJ-XTJF,u3081,め,kana,plus17
FZZJ-XTJF+u3082.png,FZZJ-XTJF,u3082,も,kana,plus17
FZZJ-XTJF+u3083.png,FZZJ-XTJF,u3083,ゃ,kana,plus17
FZZJ-XTJF+u3084.png,FZZJ-XTJF,u3084,や,kana,plus17
FZZJ-XTJF+u3085.png,FZZJ-XTJF,u3085,ゅ,kana,plus17
FZZJ-XTJF+u3086.png,FZZJ-XTJF,u3086,ゆ,kana,plus17
FZZJ-XTJF+u3087.png,FZZJ-XTJF,u3087,ょ,kana,plus17
FZZJ-XTJF+u3088.png,FZZJ-XTJF,u3088,よ,kana,plus17
FZZJ-XTJF+u3089.png,FZZJ-XTJF,u3089,ら,kana,plus17
FZZJ-XTJF+u308A.png,FZZJ-XTJF,u308A,り,kana,plus17
FZZJ-XTJF+u308B.png,FZZJ-XTJF,u308B,る,kana,plus17
FZZJ-XTJF+u308C.png,FZZJ-XTJF,u308C,れ,kana,plus17
FZZJ-XTJF+u308D.png,FZZJ-XTJF,u308D,ろ,kana,plus17
FZZJ-XTJF+u308E.png,FZZJ-XTJF,u308E,ゎ,kana,plus17
FZZJ-XTJF+u308F.png,FZZJ-XTJF,u308F,わ,kana,plus17
FZZJ-XTJF+u3090.png,FZZJ-XTJF,u3090,ゐ,kana,plus17
FZZJ-XTJF+u3091.png,FZZJ-XTJF,u3091,ゑ,kana,plus17
FZZJ-XTJF+u3092.png,FZZJ-XTJF,u3092,を,kana,plus17
FZZJ-XTJF+u3093.png,FZZJ-XTJF,u3093,ん,kana,plus17
FZZJ-XTJF+u30A1.png,FZZJ-XTJF,u30A1,ァ,kana,plus17
FZZJ-XTJF+u30A2.png,FZZJ-XTJF,u30A2,ア,kana,plus17
FZZJ-XTJF+u30A3.png,FZZJ-XTJF,u30A3,ィ,kana,plus17
FZZJ-XTJF+u30A4.png,FZZJ-XTJF,u30A4,イ,kana,plus17
FZZJ-XTJF+u30A5.png,FZZJ-XTJF,u30A5,ゥ,kana,plus17
FZZJ-XTJF+u30A6.png,FZZJ-XTJF,u30A6,ウ,kana,plus17
FZZJ-XTJF+u30A7.png,FZZJ-XTJF,u30A7,ェ,kana,plus17
FZZJ-XTJF+u30A8.png,FZZJ-XTJF,u30A8,エ,kana,plus17
FZZJ-XTJF+u30A9.png,FZZJ-XTJF,u30A9,ォ,kana,plus17
FZZJ-XTJF+u30AA.png,FZZJ-XTJF,u30AA,オ,kana,plus17
FZZJ-XTJF+u30AB.png,FZZJ-XTJF,u30AB,カ,kana,plus17
FZZJ-XTJF+u30AC.png,FZZJ-XTJF,u30AC,ガ,kana,plus17
FZZJ-XTJF+u30AD.png,FZZJ-XTJF,u30AD,キ,kana,plus17
FZZJ-XTJF+u30AE.png,FZZJ-XTJF,u30AE,ギ,kana,plus17
FZZJ-XTJF+u30AF.png,FZZJ-XTJF,u30AF,ク,kana,plus17
FZZJ-XTJF+u30B0.png,FZZJ-XTJF,u30B0,グ,kana,plus17
FZZJ-XTJF+u30B1.png,FZZJ-XTJF,u30B1,ケ,kana,plus17
FZZJ-XTJF+u30B2.png,FZZJ-XTJF,u30B2,ゲ,kana,plus17
FZZJ-XTJF+u30B3.png,FZZJ-XTJF,u30B3,コ,kana,plus17
FZZJ-XTJF+u30B4.png,FZZJ-XTJF,u30B4,ゴ,kana,plus17
FZZJ-XTJF+u30B5.png,FZZJ-XTJF,u30B5,サ,kana,plus17
FZZJ-XTJF+u30B6.png,FZZJ-XTJF,u30B6,ザ,kana,plus17
FZZJ-XTJF+u30B7.png,FZZJ-XTJF,u30B7,シ,kana,plus17
FZZJ-XTJF+u30B8.png,FZZJ-XTJF,u30B8,ジ,kana,plus17
FZZJ-XTJF+u30B9.png,FZZJ-XTJF,u30B9,ス,kana,plus17
FZZJ-XTJF+u30BA.png,FZZJ-XTJF,u30BA,ズ,kana,plus17
FZZJ-XTJF+u30BB.png,FZZJ-XTJF,u30BB,セ,kana,plus17
FZZJ-XTJF+u30BC.png,FZZJ-XTJF,u30BC,ゼ,kana,plus17
FZZJ-XTJF+u30BD.png,FZZJ-XTJF,u30BD,ソ,kana,plus17
FZZJ-XTJF+u30BE.png,FZZJ-XTJF,u30BE,ゾ,kana,plus17
FZZJ-XTJF+u30BF.png,FZZJ-XTJF,u30BF,タ,kana,plus17
FZZJ-XTJF+u30C0.png,FZZJ-XTJF,u30C0,ダ,kana,plus17
FZZJ-XTJF+u30C1.png,FZZJ-XTJF,u30C1,チ,kana,plus17
FZZJ-XTJF+u30C2.png,FZZJ-XTJF,u30C2,ヂ,kana,plus17
FZZJ-XTJF+u30C3.png,FZZJ-XTJF,u30C3,ッ,kana,plus17
FZZJ-XTJF+u30C4.png,FZZJ-XTJF,u30C4,ツ,kana,plus17
FZZJ-XTJF+u30C5.png,FZZJ-XTJF,u30C5,ヅ,kana,plus17
FZZJ-XTJF+u30C6.png,FZZJ-XTJF,u30C6,テ,kana,plus17
FZZJ-XTJF+u30C7.png,FZZJ-XTJF,u30C7,デ,kana,plus17
FZZJ-XTJF+u30C8.png,FZZJ-XTJF,u30C8,ト,kana,plus17
FZZJ-XTJF+u30C9.png,FZZJ-XTJF,u30C9,ド,kana,plus17
FZZJ-XTJF+u30CA.png,FZZJ-XTJF,u30CA,ナ,kana,plus17
FZZJ-XTJF+u30CB.png,FZZJ-XTJF,u30CB,ニ,kana,plus17
FZZJ-XTJF+u30CC.png,FZZJ-XTJF,u30CC,ヌ,kana,plus17
FZZJ-XTJF+u30CD.png,FZZJ-XTJF,u30CD,ネ,kana,plus17
FZZJ-XTJF+u30CE.png,FZZJ-XTJF,u30CE,ノ,kana,plus17
FZZJ-XTJF+u30CF.png,FZZJ-XTJF,u30CF,ハ,kana,plus17
FZZJ-XTJF+u30D0.png,FZZJ-XTJF,u30D0,バ,kana,plus17
FZZJ-XTJF+u30D1.png,FZZJ-XTJF,u30D1,パ,kana,plus17
FZZJ-XTJF+u30D2.png,FZZJ-XTJF,u30D2,ヒ,kana,plus17
FZZJ-XTJF+u30D3.png,FZZJ-XTJF,u30D3,ビ,kana,plus17
FZZJ-XTJF+u30D4.png,FZZJ-XTJF,u30D4,ピ,kana,plus17
FZZJ-XTJF+u30D5.png,FZZJ-XTJF,u30D5,フ,kana,plus17
FZZJ-XTJF+u30D6.png,FZZJ-XTJF,u30D6,ブ,kana,plus17
FZZJ-XTJF+u30D7.png,FZZJ-XTJF,u30D7,プ,kana,plus17
FZZJ-XTJF+u30D8.png,FZZJ-XTJF,u30D8,ヘ,kana,plus17
FZZJ-XTJF+u30D9.png,FZZJ-XTJF,u30D9,ベ,kana,plus17
FZZJ-XTJF+u30DA.png,FZZJ-XTJF,u30DA,ペ,kana,plus17
FZZJ-XTJF+u30DB.png,FZZJ-XTJF,u30DB,ホ,kana,plus17
FZZJ-XTJF+u30DC.png,FZZJ-XTJF,u30DC,ボ,kana,plus17
FZZJ-XTJF+u30DD.png,FZZJ-XTJF,u30DD,ポ,kana,plus17
FZZJ-XTJF+u30DE.png,FZZJ-XTJF,u30DE,マ,kana,plus17
FZZJ-XTJF+u30DF.png,FZZJ-XTJF,u30DF,ミ,kana,plus17
FZZJ-XTJF+u30E0.png,FZZJ-XTJF,u30E0,ム,kana,plus17
FZZJ-XTJF+u30E1.png,FZZJ-XTJF,u30E1,メ,kana,plus17
FZZJ-XTJF+u30E2.png,FZZJ-XTJF,u30E2,モ,kana,plus17
FZZJ-XTJF+u30E3.png,FZZJ-XTJF,u30E3,ャ,kana,plus17
FZZJ-XTJF+u30E4.png,FZZJ-XTJF,u30E4,ヤ,kana,plus17
FZZJ-XTJF+u30E5.png,FZZJ-XTJF,u30E5,ュ,kana,plus17
FZZJ-XTJF+u30E6.png,FZZJ-XTJF,u30E6,ユ,kana,plus17
FZZJ-XTJF+u30E7.png,FZZJ-XTJF,u30E7,ョ,kana,plus17
FZZJ-XTJF+u30E8.png,FZZJ-XTJF,u30E8,ヨ,kana,plus17
FZZJ-XTJF+u30E9.png,FZZJ-XTJF,u30E9,ラ,kana,plus17
FZZJ-XTJF+u30EA.png,FZZJ-XTJF,u30EA,リ,kana,plus17
FZZJ-XTJF+u30EB.png,FZZJ-XTJF,u30EB,ル,kana,plus17
FZZJ-XTJF+u30EC.png,FZZJ-XTJF,u30EC,レ,kana,plus17
FZZJ-XTJF+u30ED.png,FZZJ-XTJF,u30ED,ロ,kana,plus17
FZZJ-XTJF+u30EE.png,FZZJ-XTJF,u30EE,ヮ,kana,plus17
FZZJ-XTJF+u30EF.png,FZZJ-XTJF,u30EF,ワ,kana,plus17
FZZJ-XTJF+u30F0.png,FZZJ-XTJF,u30F0,ヰ,kana,plus17
FZZJ-XTJF+u30F1.png,FZZJ-XTJF,u30F1,ヱ,kana,plus17
FZZJ-XTJF+u30F2.png,FZZJ-XTJF,u30F2,ヲ,kana,plus17
FZZJ-XTJF+u30F3.png,FZZJ-XTJF,u30F3,ン,kana,plus17
FZZJ-XTJF+u30F4.png,FZZJ-XTJF,u30F4,ヴ,kana,plus17
FZZJ-XTJF+u30F5.png,FZZJ-XTJF,u30F5,ヵ,kana,plus17
FZZJ-XTJF+u30F6.png,FZZJ-XTJF,u30F6,ヶ,kana,plus17
FZZJ-XTJF+u3105.png,FZZJ-XTJF,u3105,ㄅ,bopomofo,plus17
FZZJ-XTJF+u3106.png,FZZJ-XTJF,u3106,ㄆ,bopomofo,plus17
FZZJ-XTJF+u3107.png,FZZJ-XTJF,u3107,ㄇ,bopomofo,plus17
FZZJ-XTJF+u3108.png,FZZJ-XTJF,u3108,ㄈ,bopomofo,plus17
FZZJ-XTJF+u3109.png,FZZJ-XTJF,u3109,ㄉ,bopomofo,plus17
FZZJ-XTJF+u310A.png,FZZJ-XTJF,u310A,ㄊ,bopomofo,plus17
FZZJ-XTJF+u310B.png,FZZJ-XTJF,u310B,ㄋ,bopomofo,plus17
FZZJ-XTJF+u310C.png,FZZJ-XTJF,u310C,ㄌ,bopomofo,plus17
FZZJ-XTJF+u310D.png,FZZJ-XTJF,u310D,ㄍ,bopomofo,plus17
FZZJ-XTJF+u310E.png,FZZJ-XTJF,u310E,ㄎ,bopomofo,plus17
FZZJ-XTJF+u310F.png,FZZJ-XTJF,u310F,ㄏ,bopomofo,plus17
FZZJ-XTJF+u3110.png,FZZJ-XTJF,u3110,ㄐ,bopomofo,plus17
FZZJ-XTJF+u3111.png,FZZJ-XTJF,u3111,ㄑ,bopomofo,plus17
FZZJ-XTJF+u3112.png,FZZJ-XTJF,u3112,ㄒ,bopomofo,plus17
FZZJ-XTJF+u3113.png,FZZJ-XTJF,u3113,ㄓ,bopomofo,plus17
FZZJ-XTJF+u3114.png,FZZJ-XTJF,u3114,ㄔ,bopomofo,plus17
FZZJ-XTJF+u3115.png,FZZJ-XTJF,u3115,ㄕ,bopomofo,plus17
FZZJ-XTJF+u3116.png,FZZJ-XTJF,u3116,ㄖ,bopomofo,plus17
FZZJ-XTJF+u3117.png,FZZJ-XTJF,u3117,ㄗ,bopomofo,plus17
FZZJ-XTJF+u3118.png,FZZJ-XTJF,u3118,ㄘ,bopomofo,plus17
FZZJ-XTJF+u3119.png,FZZJ-XTJF,u3119,ㄙ,bopomofo,plus17
FZZJ-XTJF+u311A.png,FZZJ-XTJF,u311A,ㄚ,bopomofo,plus17
FZZJ-XTJF+u311B.png,FZZJ-XTJF,u311B,ㄛ,bopomofo,plus17
FZZJ-XTJF+u311C.png,FZZJ-XTJF,u311C,ㄜ,bopomofo,plus17
FZZJ-XTJF+u311D.png,FZZJ-XTJF,u311D,ㄝ,bopomofo,plus17
FZZJ-XTJF+u311E.png,FZZJ-XTJF,u311E,ㄞ,bopomofo,plus17
FZZJ-XTJF+u311F.png,FZZJ-XTJF,u311F,ㄟ,bopomofo,plus17
FZZJ-XTJF+u3120.png,FZZJ-XTJF,u3120,ㄠ,bopomofo,plus17
FZZJ-XTJF+u3121.png,FZZJ-XTJF,u3121,ㄡ,bopomofo,plus17
FZZJ-XTJF+u3122.png,FZZJ-XTJF,u3122,ㄢ,bopomofo,plus17
FZZJ-XTJF+u3123.png,FZZJ-XTJF,u3123,ㄣ,bopomofo,plus17
FZZJ-XTJF+u3124.png,FZZJ-XTJF,u3124,ㄤ,bopomofo,plus17
FZZJ-XTJF+u3125.png,FZZJ-XTJF,u3125,ㄥ,bopomofo,plus17
FZZJ-XTJF+u3126.png,FZZJ-XTJF,u3126,ㄦ,bopomofo,plus17
FZZJ-XTJF+u3127.png,FZZJ-XTJF,u3127,ㄧ,bopomofo,plus17
FZZJ-XTJF+u3128.png,FZZJ-XTJF,u3128,ㄨ,bopomofo,plus17
FZZJ-XTJF+u3129.png,FZZJ-XTJF,u3129,ㄩ,bopomofo,plus17
FZZJ-ZSCWBJW+u0030.png,FZZJ-ZSCWBJW,u0030,0,latin,extra32
FZZJ-ZSCWBJW+u0032.png,FZZJ-ZSCWBJW,u0032,2,latin,extra32
FZZJ-ZSCWBJW+u0033.png,FZZJ-ZSCWBJW,u0033,3,latin,extra32
FZZJ-ZSCWBJW+u0034.png,FZZJ-ZSCWBJW,u0034,4,latin,extra32
FZZJ-ZSCWBJW+u0035.png,FZZJ-ZSCWBJW,u0035,5,latin,extra32
FZZJ-ZSCWBJW+u0036.png,FZZJ-ZSCWBJW,u0036,6,latin,extra32
FZZJ-ZSCWBJW+u0037.png,FZZJ-ZSCWBJW,u0037,7,latin,extra32
FZZJ-ZSCWBJW+u0038.png,FZZJ-ZSCWBJW,u0038,8,latin,extra32
FZZJ-ZSCWBJW+u0039.png,FZZJ-ZSCWBJW,u0039,9,latin,extra32
FZZJ-ZSCWBJW+u0041.png,FZZJ-ZSCWBJW,u0041,A,latin,extra32
FZZJ-ZSCWBJW+u0042.png,FZZJ-ZSCWBJW,u0042,B,latin,extra32
FZZJ-ZSCWBJW+u0043.png,FZZJ-ZSCWBJW,u0043,C,latin,extra32
FZZJ-ZSCWBJW+u0044.png,FZZJ-ZSCWBJW,u0044,D,latin,extra32
FZZJ-ZSCWBJW+u0045.png,FZZJ-ZSCWBJW,u0045,E,latin,extra32
FZZJ-ZSCWBJW+u0046.png,FZZJ-ZSCWBJW,u0046,F,latin,extra32
FZZJ-ZSCWBJW+u0047.png,FZZJ-ZSCWBJW,u0047,G,latin,extra32
FZZJ-ZSCWBJW+u0048.png,FZZJ-ZSCWBJW,u0048,H,latin,extra32
FZZJ-ZSCWBJW+u0049.png,FZZJ-ZSCWBJW,u0049,I,latin,extra32
FZZJ-ZSCWBJW+u004A.png,FZZJ-ZSCWBJW,u004A,J,latin,extra32
FZZJ-ZSCWBJW+u004B.png,FZZJ-ZSCWBJW,u004B,K,latin,extra32
FZZJ-ZSCWBJW+u004C.png,FZZJ-ZSCWBJW,u004C,L,latin,extra32
FZZJ-ZSCWBJW+u004D.png,FZZJ-ZSCWBJW,u004D,M,latin,extra32
FZZJ-ZSCWBJW+u004E.png,FZZJ-ZSCWBJW,u004E,N,latin,extra32
FZZJ-ZSCWBJW+u004F.png,FZZJ-ZSCWBJW,u004F,O,latin,extra32
FZZJ-ZSCWBJW+u0050.png,FZZJ-ZSCWBJW,u0050,P,latin,extra32
FZZJ-ZSCWBJW+u0051.png,FZZJ-ZSCWBJW,u0051,Q,latin,extra32
FZZJ-ZSCWBJW+u0052.png,FZZJ-ZSCWBJW,u0052,R,latin,extra32
FZZJ-ZSCWBJW+u0053.png,FZZJ-ZSCWBJW,u0053,S,latin,extra32
FZZJ-ZSCWBJW+u0055.png,FZZJ-ZSCWBJW,u0055,U,latin,extra32
FZZJ-ZSCWBJW+u0056.png,FZZJ-ZSCWBJW,u0056,V,latin,extra32
FZZJ-ZSCWBJW+u0057.png,FZZJ-ZSCWBJW,u0057,W,latin,extra32
FZZJ-ZSCWBJW+u0059.png,FZZJ-ZSCWBJW,u0059,Y,latin,extra32
FZZJ-ZSCWBJW+u005A.png,FZZJ-ZSCWBJW,u005A,Z,latin,extra32
FZZJ-ZSCWBJW+u0062.png,FZZJ-ZSCWBJW,u0062,b,latin,extra32
FZZJ-ZSCWBJW+u0063.png,FZZJ-ZSCWBJW,u0063,c,latin,extra32
FZZJ-ZSCWBJW+u0065.png,FZZJ-ZSCWBJW,u0065,e,latin,extra32
FZZJ-ZSCWBJW+u0066.png,FZZJ-ZSCWBJW,u0066,f,latin,extra32
FZZJ-ZSCWBJW+u0067.png,FZZJ-ZSCWBJW,u0067,g,latin,extra32
FZZJ-ZSCWBJW+u0068.png,FZZJ-ZSCWBJW,u0068,h,latin,extra32
FZZJ-ZSCWBJW+u0069.png,FZZJ-ZSCWBJW,u0069,i,latin,extra32
FZZJ-ZSCWBJW+u006A.png,FZZJ-ZSCWBJW,u006A,j,latin,extra32
FZZJ-ZSCWBJW+u006C.png,FZZJ-ZSCWBJW,u006C,l,latin,extra32
FZZJ-ZSCWBJW+u006D.png,FZZJ-ZSCWBJW,u006D,m,latin,extra32
FZZJ-ZSCWBJW+u006E.png,FZZJ-ZSCWBJW,u006E,n,latin,extra32
FZZJ-ZSCWBJW+u006F.png,FZZJ-ZSCWBJW,u006F,o,latin,extra32
FZZJ-ZSCWBJW+u0070.png,FZZJ-ZSCWBJW,u0070,p,latin,extra32
FZZJ-ZSCWBJW+u0071.png,FZZJ-ZSCWBJW,u0071,q,latin,extra32
FZZJ-ZSCWBJW+u0072.png,FZZJ-ZSCWBJW,u0072,r,latin,extra32
FZZJ-ZSCWBJW+u0073.png,FZZJ-ZSCWBJW,u0073,s,latin,extra32
FZZJ-ZSCWBJW+u0074.png,FZZJ-ZSCWBJW,u0074,t,latin,extra32
FZZJ-ZSCWBJW+u0076.png,FZZJ-ZSCWBJW,u0076,v,latin,extra32
FZZJ-ZSCWBJW+u0077.png,FZZJ-ZSCWBJW,u0077,w,latin,extra32
FZZJ-ZSCWBJW+u0078.png,FZZJ-ZSCWBJW,u0078,x,latin,extra32
FZZJ-ZSCWBJW+u007A.png,FZZJ-ZSCWBJW,u007A,z,latin,extra32
FZZJ-ZSCWBJW+u00E1.png,FZZJ-ZSCWBJW,u00E1,á,latin,extra32
FZZJ-ZSCWBJW+u00E8.png,FZZJ-ZSCWBJW,u00E8,è,latin,extra32
FZZJ-ZSCWBJW+u00E9.png,FZZJ-ZSCWBJW,u00E9,é,latin,extra32
FZZJ-ZSCWBJW+u00EA.png,FZZJ-ZSCWBJW,u00EA,ê,latin,extra32
FZZJ-ZSCWBJW+u00ED.png,FZZJ-ZSCWBJW,u00ED,í,latin,extra32
FZZJ-ZSCWBJW+u00F2.png,FZZJ-ZSCWBJW,u00F2,ò,latin,extra32
FZZJ-ZSCWBJW+u00F3.png,FZZJ-ZSCWBJW,u00F3,ó,latin,extra32
FZZJ-ZSCWBJW+u00F9.png,FZZJ-ZSCWBJW,u00F9,ù,latin,extra32
FZZJ-ZSCWBJW+u00FA.png,FZZJ-ZSCWBJW,u00FA,ú,latin,extra32
FZZJ-ZSCWBJW+u00FC.png,FZZJ-ZSCWBJW,u00FC,ü,latin,extra32
FZZJ-ZSCWBJW+u0101.png,FZZJ-ZSCWBJW,u0101,ā,latin,extra32
FZZJ-ZSCWBJW+u0113.png,FZZJ-ZSCWBJW,u0113,ē,latin,extra32
FZZJ-ZSCWBJW+u011B.png,FZZJ-ZSCWBJW,u011B,ě,latin,extra32
FZZJ-ZSCWBJW+u012B.png,FZZJ-ZSCWBJW,u012B,ī,latin,extra32
FZZJ-ZSCWBJW+u0144.png,FZZJ-ZSCWBJW,u0144,ń,latin,extra32
FZZJ-ZSCWBJW+u0148.png,FZZJ-ZSCWBJW,u0148,ň,latin,extra32
FZZJ-ZSCWBJW+u014D.png,FZZJ-ZSCWBJW,u014D,ō,latin,extra32
FZZJ-ZSCWBJW+u016B.png,FZZJ-ZSCWBJW,u016B,ū,latin,extra32
FZZJ-ZSCWBJW+u01CE.png,FZZJ-ZSCWBJW,u01CE,ǎ,latin,extra32
FZZJ-ZSCWBJW+u01D0.png,FZZJ-ZSCWBJW,u01D0,ǐ,latin,extra32
FZZJ-ZSCWBJW+u01D2.png,FZZJ-ZSCWBJW,u01D2,ǒ,latin,extra32
FZZJ-ZSCWBJW+u01D6.png,FZZJ-ZSCWBJW,u01D6,ǖ,latin,extra32
FZZJ-ZSCWBJW+u01D8.png,FZZJ-ZSCWBJW,u01D8,ǘ,latin,extra32
FZZJ-ZSCWBJW+u01DA.png,FZZJ-ZSCWBJW,u01DA,ǚ,latin,extra32
FZZJ-ZSCWBJW+u3041.png,FZZJ-ZSCWBJW,u3041,ぁ,kana,extra32
FZZJ-ZSCWBJW+u3042.png,FZZJ-ZSCWBJW,u3042,あ,kana,extra32
FZZJ-ZSCWBJW+u3043.png,FZZJ-ZSCWBJW,u3043,ぃ,kana,extra32
FZZJ-ZSCWBJW+u3044.png,FZZJ-ZSCWBJW,u3044,い,kana,extra32
FZZJ-ZSCWBJW+u3045.png,FZZJ-ZSCWBJW,u3045,ぅ,kana,extra32
FZZJ-ZSCWBJW+u3046.png,FZZJ-ZSCWBJW,u3046,う,kana,extra32
FZZJ-ZSCWBJW+u3047.png,FZZJ-ZSCWBJW,u3047,ぇ,kana,extra32
FZZJ-ZSCWBJW+u3048.png,FZZJ-ZSCWBJW,u3048,え,kana,extra32
FZZJ-ZSCWBJW+u3049.png,FZZJ-ZSCWBJW,u3049,ぉ,kana,extra32
FZZJ-ZSCWBJW+u304A.png,FZZJ-ZSCWBJW,u304A,お,kana,extra32
FZZJ-ZSCWBJW+u304B.png,FZZJ-ZSCWBJW,u304B,か,kana,extra32
FZZJ-ZSCWBJW+u304C.png,FZZJ-ZSCWBJW,u304C,が,kana,extra32
FZZJ-ZSCWBJW+u304D.png,FZZJ-ZSCWBJW,u304D,き,kana,extra32
FZZJ-ZSCWBJW+u304E.png,FZZJ-ZSCWBJW,u304E,ぎ,kana,extra32
FZZJ-ZSCWBJW+u304F.png,FZZJ-ZSCWBJW,u304F,く,kana,extra32
FZZJ-ZSCWBJW+u3050.png,FZZJ-ZSCWBJW,u3050,ぐ,kana,extra32
FZZJ-ZSCWBJW+u3051.png,FZZJ-ZSCWBJW,u3051,け,kana,extra32
FZZJ-ZSCWBJW+u3052.png,FZZJ-ZSCWBJW,u3052,げ,kana,extra32
FZZJ-ZSCWBJW+u3053.png,FZZJ-ZSCWBJW,u3053,こ,kana,extra32
FZZJ-ZSCWBJW+u3054.png,FZZJ-ZSCWBJW,u3054,ご,kana,extra32
FZZJ-ZSCWBJW+u3055.png,FZZJ-ZSCWBJW,u3055,さ,kana,extra32
FZZJ-ZSCWBJW+u3056.png,FZZJ-ZSCWBJW,u3056,ざ,kana,extra32
FZZJ-ZSCWBJW+u3057.png,FZZJ-ZSCWBJW,u3057,し,kana,extra32
FZZJ-ZSCWBJW+u3058.png,FZZJ-ZSCWBJW,u3058,じ,kana,extra32
FZZJ-ZSCWBJW+u3059.png,FZZJ-ZSCWBJW,u3059,す,kana,extra32
FZZJ-ZSCWBJW+u305A.png,FZZJ-ZSCWBJW,u305A,ず,kana,extra32
FZZJ-ZSCWBJW+u305B.png,FZZJ-ZSCWBJW,u305B,せ,kana,extra32
FZZJ-ZSCWBJW+u305C.png,FZZJ-ZSCWBJW,u305C,ぜ,kana,extra32
FZZJ-ZSCWBJW+u305D.png,FZZJ-ZSCWBJW,u305D,そ,kana,extra32
FZZJ-ZSCWBJW+u305E.png,FZZJ-ZSCWBJW,u305E,ぞ,kana,extra32
FZZJ-ZSCWBJW+u305F.png,FZZJ-ZSCWBJW,u305F,た,kana,extra32
FZZJ-ZSCWBJW+u3060.png,FZZJ-ZSCWBJW,u3060,だ,kana,extra32
FZZJ-ZSCWBJW+u3061.png,FZZJ-ZSCWBJW,u3061,ち,kana,extra32
FZZJ-ZSCWBJW+u3062.png,FZZJ-ZSCWBJW,u3062,ぢ,kana,extra32
FZZJ-ZSCWBJW+u3063.png,FZZJ-ZSCWBJW,u3063,っ,kana,extra32
FZZJ-ZSCWBJW+u3064.png,FZZJ-ZSCWBJW,u3064,つ,kana,extra32
FZZJ-ZSCWBJW+u3065.png,FZZJ-ZSCWBJW,u3065,づ,kana,extra32
FZZJ-ZSCWBJW+u3066.png,FZZJ-ZSCWBJW,u3066,て,kana,extra32
FZZJ-ZSCWBJW+u3067.png,FZZJ-ZSCWBJW,u3067,で,kana,extra32
FZZJ-ZSCWBJW+u3068.png,FZZJ-ZSCWBJW,u3068,と,kana,extra32
FZZJ-ZSCWBJW+u3069.png,FZZJ-ZSCWBJW,u3069,ど,kana,extra32
FZZJ-ZSCWBJW+u306A.png,FZZJ-ZSCWBJW,u306A,な,kana,extra32
FZZJ-ZSCWBJW+u306B.png,FZZJ-ZSCWBJW,u306B,に,kana,extra32
FZZJ-ZSCWBJW+u306C.png,FZZJ-ZSCWBJW,u306C,ぬ,kana,extra32
FZZJ-ZSCWBJW+u306D.png,FZZJ-ZSCWBJW,u306D,ね,kana,extra32
FZZJ-ZSCWBJW+u306E.png,FZZJ-ZSCWBJW,u306E,の,kana,extra32
FZZJ-ZSCWBJW+u306F.png,FZZJ-ZSCWBJW,u306F,は,kana,extra32
FZZJ-ZSCWBJW+u3070.png,FZZJ-ZSCWBJW,u3070,ば,kana,extra32
FZZJ-ZSCWBJW+u3071.png,FZZJ-ZSCWBJW,u3071,ぱ,kana,extra32
FZZJ-ZSCWBJW+u3072.png,FZZJ-ZSCWBJW,u3072,ひ,kana,extra32
FZZJ-ZSCWBJW+u3073.png,FZZJ-ZSCWBJW,u3073,び,kana,extra32
FZZJ-ZSCWBJW+u3074.png,FZZJ-ZSCWBJW,u3074,ぴ,kana,extra32
FZZJ-ZSCWBJW+u3075.png,FZZJ-ZSCWBJW,u3075,ふ,kana,extra32
FZZJ-ZSCWBJW+u3076.png,FZZJ-ZSCWBJW,u3076,ぶ,kana,extra32
FZZJ-ZSCWBJW+u3077.png,FZZJ-ZSCWBJW,u3077,ぷ,kana,extra32
FZZJ-ZSCWBJW+u3078.png,FZZJ-ZSCWBJW,u3078,へ,kana,extra32
FZZJ-ZSCWBJW+u3079.png,FZZJ-ZSCWBJW,u3079,べ,kana,extra32
FZZJ-ZSCWBJW+u307A.png,FZZJ-ZSCWBJW,u307A,ぺ,kana,extra32
FZZJ-ZSCWBJW+u307B.png,FZZJ-ZSCWBJW,u307B,ほ,kana,extra32
FZZJ-ZSCWBJW+u307C.png,FZZJ-ZSCWBJW,u307C,ぼ,kana,extra32
FZZJ-ZSCWBJW+u307D.png,FZZJ-ZSCWBJW,u307D,ぽ,kana,extra32
FZZJ-ZSCWBJW+u307E.png,FZZJ-ZSCWBJW,u307E,ま,kana,extra32
FZZJ-ZSCWBJW+u307F.png,FZZJ-ZSCWBJW,u307F,み,kana,extra32
FZZJ-ZSCWBJW+u3080.png,FZZJ-ZSCWBJW,u3080,む,kana,extra32
FZZJ-ZSCWBJW+u3081.png,FZZJ-ZSCWBJW,u3081,め,kana,extra32
FZZJ-ZSCWBJW+u3082.png,FZZJ-ZSCWBJW,u3082,も,kana,extra32
FZZJ-ZSCWBJW+u3083.png,FZZJ-ZSCWBJW,u3083,ゃ,kana,extra32
FZZJ-ZSCWBJW+u3084.png,FZZJ-ZSCWBJW,u3084,や,kana,extra32
FZZJ-ZSCWBJW+u3085.png,FZZJ-ZSCWBJW,u3085,ゅ,kana,extra32
FZZJ-ZSCWBJW+u3086.png,FZZJ-ZSCWBJW,u3086,ゆ,kana,extra32
FZZJ-ZSCWBJW+u3087.png,FZZJ-ZSCWBJW,u3087,ょ,kana,extra32
FZZJ-ZSCWBJW+u3088.png,FZZJ-ZSCWBJW,u3088,よ,kana,extra32
FZZJ-ZSCWBJW+u3089.png,FZZJ-ZSCWBJW,u3089,ら,kana,extra32
FZZJ-ZSCWBJW+u308A.png,FZZJ-ZSCWBJW,u308A,り,kana,extra32
FZZJ-ZSCWBJW+u308B.png,FZZJ-ZSCWBJW,u308B,る,kana,extra32
FZZJ-ZSCWBJW+u308C.png,FZZJ-ZSCWBJW,u308C,れ,kana,extra32
FZZJ-ZSCWBJW+u308D.png,FZZJ-ZSCWBJW,u308D,ろ,kana,extra32
FZZJ-ZSCWBJW+u308E.png,FZZJ-ZSCWBJW,u308E,ゎ,kana,extra32
FZZJ-ZSCWBJW+u308F.png,FZZJ-ZSCWBJW,u308F,わ,kana,extra32
FZZJ-ZSCWBJW+u3090.png,FZZJ-ZSCWBJW,u3090,ゐ,kana,extra32
FZZJ-ZSCWBJW+u3091.png,FZZJ-ZSCWBJW,u3091,ゑ,kana,extra32
FZZJ-ZSCWBJW+u3092.png,FZZJ-ZSCWBJW,u3092,を,kana,extra32
FZZJ-ZSCWBJW+u3093.png,FZZJ-ZSCWBJW,u3093,ん,kana,extra32
FZZJ-ZSCWBJW+u30A1.png,FZZJ-ZSCWBJW,u30A1,ァ,kana,extra32
FZZJ-ZSCWBJW+u30A2.png,FZZJ-ZSCWBJW,u30A2,ア,kana,extra32
FZZJ-ZSCWBJW+u30A3.png,FZZJ-ZSCWBJW,u30A3,ィ,kana,extra32
FZZJ-ZSCWBJW+u30A4.png,FZZJ-ZSCWBJW,u30A4,イ,kana,extra32
FZZJ-ZSCWBJW+u30A5.png,FZZJ-ZSCWBJW,u30A5,ゥ,kana,extra32
FZZJ-ZSCWBJW+u30A6.png,FZZJ-ZSCWBJW,u30A6,ウ,kana,extra32
FZZJ-ZSCWBJW+u30A7.png,FZZJ-ZSCWBJW,u30A7,ェ,kana,extra32
FZZJ-ZSCWBJW+u30A8.png,FZZJ-ZSCWBJW,u30A8,エ,kana,extra32
FZZJ-ZSCWBJW+u30A9.png,FZZJ-ZSCWBJW,u30A9,ォ,kana,extra32
FZZJ-ZSCWBJW+u30AA.png,FZZJ-ZSCWBJW,u30AA,オ,kana,extra32
FZZJ-ZSCWBJW+u30AB.png,FZZJ-ZSCWBJW,u30AB,カ,kana,extra32
FZZJ-ZSCWBJW+u30AC.png,FZZJ-ZSCWBJW,u30AC,ガ,kana,extra32
FZZJ-ZSCWBJW+u30AD.png,FZZJ-ZSCWBJW,u30AD,キ,kana,extra32
FZZJ-ZSCWBJW+u30AE.png,FZZJ-ZSCWBJW,u30AE,ギ,kana,extra32
FZZJ-ZSCWBJW+u30AF.png,FZZJ-ZSCWBJW,u30AF,ク,kana,extra32
FZZJ-ZSCWBJW+u30B0.png,FZZJ-ZSCWBJW,u30B0,グ,kana,extra32
FZZJ-ZSCWBJW+u30B1.png,FZZJ-ZSCWBJW,u30B1,ケ,kana,extra32
FZZJ-ZSCWBJW+u30B2.png,FZZJ-ZSCWBJW,u30B2,ゲ,kana,extra32
FZZJ-ZSCWBJW+u30B3.png,FZZJ-ZSCWBJW,u30B3,コ,kana,extra32
FZZJ-ZSCWBJW+u30B4.png,FZZJ-ZSCWBJW,u30B4,ゴ,kana,extra32
FZZJ-ZSCWBJW+u30B5.png,FZZJ-ZSCWBJW,u30B5,サ,kana,extra32
FZZJ-ZSCWBJW+u30B6.png,FZZJ-ZSCWBJW,u30B6,ザ,kana,extra32
FZZJ-ZSCWBJW+u30B7.png,FZZJ-ZSCWBJW,u30B7,シ,kana,extra32
FZZJ-ZSCWBJW+u30B8.png,FZZJ-ZSCWBJW,u30B8,ジ,kana,extra32
FZZJ-ZSCWBJW+u30B9.png,FZZJ-ZSCWBJW,u30B9,ス,kana,extra32
FZZJ-ZSCWBJW+u30BA.png,FZZJ-ZSCWBJW,u30BA,ズ,kana,extra32
FZZJ-ZSCWBJW+u30BB.png,FZZJ-ZSCWBJW,u30BB,セ,kana,extra32
FZZJ-ZSCWBJW+u30BC.png,FZZJ-ZSCWBJW,u30BC,ゼ,kana,extra32
FZZJ-ZSCWBJW+u30BD.png,FZZJ-ZSCWBJW,u30BD,ソ,kana,extra32
FZZJ-ZSCWBJW+u30BE.png,FZZJ-ZSCWBJW,u30BE,ゾ,kana,extra32
FZZJ-ZSCWBJW+u30BF.png,FZZJ-ZSCWBJW,u30BF,タ,kana,extra32
FZZJ-ZSCWBJW+u30C0.png,FZZJ-ZSCWBJW,u30C0,ダ,kana,extra32
FZZJ-ZSCWBJW+u30C1.png,FZZJ-ZSCWBJW,u30C1,チ,kana,extra32
FZZJ-ZSCWBJW+u30C2.png,FZZJ-ZSCWBJW,u30C2,ヂ,kana,extra32
FZZJ-ZSCWBJW+u30C3.png,FZZJ-ZSCWBJW,u30C3,ッ,kana,extra32
FZZJ-ZSCWBJW+u30C4.png,FZZJ-ZSCWBJW,u30C4,ツ,kana,extra32
FZZJ-ZSCWBJW+u30C5.png,FZZJ-ZSCWBJW,u30C5,ヅ,kana,extra32
FZZJ-ZSCWBJW+u30C6.png,FZZJ-ZSCWBJW,u30C6,テ,kana,extra32
FZZJ-ZSCWBJW+u30C7.png,FZZJ-ZSCWBJW,u30C7,デ,kana,extra32
FZZJ-ZSCWBJW+u30C8.png,FZZJ-ZSCWBJW,u30C8,ト,kana,extra32
FZZJ-ZSCWBJW+u30C9.png,FZZJ-ZSCWBJW,u30C9,ド,kana,extra32
FZZJ-ZSCWBJW+u30CA.png,FZZJ-ZSCWBJW,u30CA,ナ,kana,extra32
FZZJ-ZSCWBJW+u30CB.png,FZZJ-ZSCWBJW,u30CB,ニ,kana,extra32
FZZJ-ZSCWBJW+u30CC.png,FZZJ-ZSCWBJW,u30CC,ヌ,kana,extra32
FZZJ-ZSCWBJW+u30CD.png,FZZJ-ZSCWBJW,u30CD,ネ,kana,extra32
FZZJ-ZSCWBJW+u30CE.png,FZZJ-ZSCWBJW,u30CE,ノ,kana,extra32
FZZJ-ZSCWBJW+u30CF.png,FZZJ-ZSCWBJW,u30CF,ハ,kana,extra32
FZZJ-ZSCWBJW+u30D0.png,FZZJ-ZSCWBJW,u30D0,バ,kana,extra32
FZZJ-ZSCWBJW+u30D1.png,FZZJ-ZSCWBJW,u30D1,パ,kana,extra32
FZZJ-ZSCWBJW+u30D2.png,FZZJ-ZSCWBJW,u30D2,ヒ,kana,extra32
FZZJ-ZSCWBJW+u30D3.png,FZZJ-ZSCWBJW,u30D3,ビ,kana,extra32
FZZJ-ZSCWBJW+u30D4.png,FZZJ-ZSCWBJW,u30D4,ピ,kana,extra32
FZZJ-ZSCWBJW+u30D5.png,FZZJ-ZSCWBJW,u30D5,フ,kana,extra32
FZZJ-ZSCWBJW+u30D6.png,FZZJ-ZSCWBJW,u30D6,ブ,kana,extra32
FZZJ-ZSCWBJW+u30D7.png,FZZJ-ZSCWBJW,u30D7,プ,kana,extra32
FZZJ-ZSCWBJW+u30D8.png,FZZJ-ZSCWBJW,u30D8,ヘ,kana,extra32
FZZJ-ZSCWBJW+u30D9.png,FZZJ-ZSCWBJW,u30D9,ベ,kana,extra32
FZZJ-ZSCWBJW+u30DA.png,FZZJ-ZSCWBJW,u30DA,ペ,kana,extra32
FZZJ-ZSCWBJW+u30DB.png,FZZJ-ZSCWBJW,u30DB,ホ,kana,extra32
FZZJ-ZSCWBJW+u30DC.png,FZZJ-ZSCWBJW,u30DC,ボ,kana,extra32
FZZJ-ZSCWBJW+u30DD.png,FZZJ-ZSCWBJW,u30DD,ポ,kana,extra32
FZZJ-ZSCWBJW+u30DE.png,FZZJ-ZSCWBJW,u30DE,マ,kana,extra32
FZZJ-ZSCWBJW+u30DF.png,FZZJ-ZSCWBJW,u30DF,ミ,kana,extra32
FZZJ-ZSCWBJW+u30E0.png,FZZJ-ZSCWBJW,u30E0,ム,kana,extra32
FZZJ-ZSCWBJW+u30E1.png,FZZJ-ZSCWBJW,u30E1,メ,kana,extra32
FZZJ-ZSCWBJW+u30E2.png,FZZJ-ZSCWBJW,u30E2,モ,kana,extra32
FZZJ-ZSCWBJW+u30E3.png,FZZJ-ZSCWBJW,u30E3,ャ,kana,extra32
FZZJ-ZSCWBJW+u30E4.png,FZZJ-ZSCWBJW,u30E4,ヤ,kana,extra32
FZZJ-ZSCWBJW+u30E5.png,FZZJ-ZSCWBJW,u30E5,ュ,kana,extra32
FZZJ-ZSCWBJW+u30E6.png,FZZJ-ZSCWBJW,u30E6,ユ,kana,extra32
FZZJ-ZSCWBJW+u30E7.png,FZZJ-ZSCWBJW,u30E7,ョ,kana,extra32
FZZJ-ZSCWBJW+u30E8.png,FZZJ-ZSCWBJW,u30E8,ヨ,kana,extra32
FZZJ-ZSCWBJW+u30E9.png,FZZJ-ZSCWBJW,u30E9,ラ,kana,extra32
FZZJ-ZSCWBJW+u30EA.png,FZZJ-ZSCWBJW,u30EA,リ,kana,extra32
FZZJ-ZSCWBJW+u30EB.png,FZZJ-ZSCWBJW,u30EB,ル,kana,extra32
FZZJ-ZSCWBJW+u30EC.png,FZZJ-ZSCWBJW,u30EC,レ,kana,extra32
FZZJ-ZSCWBJW+u30ED.png,FZZJ-ZSCWBJW,u30ED,ロ,kana,extra32
FZZJ-ZSCWBJW+u30EE.png,FZZJ-ZSCWBJW,u30EE,ヮ,kana,extra32
FZZJ-ZSCWBJW+u30EF.png,FZZJ-ZSCWBJW,u30EF,ワ,kana,extra32
FZZJ-ZSCWBJW+u30F0.png,FZZJ-ZSCWBJW,u30F0,ヰ,kana,extra32
FZZJ-ZSCWBJW+u30F1.png,FZZJ-ZSCWBJW,u30F1,ヱ,kana,extra32
FZZJ-ZSCWBJW+u30F2.png,FZZJ-ZSCWBJW,u30F2,ヲ,kana,extra32
FZZJ-ZSCWBJW+u30F3.png,FZZJ-ZSCWBJW,u30F3,ン,kana,extra32
FZZJ-ZSCWBJW+u30F4.png,FZZJ-ZSCWBJW,u30F4,ヴ,kana,extra32
FZZJ-ZSCWBJW+u30F5.png,FZZJ-ZSCWBJW,u30F5,ヵ,kana,extra32
FZZJ-ZSCWBJW+u30F6.png,FZZJ-ZSCWBJW,u30F6,ヶ,kana,extra32
FZZJ-ZSCWBJW+u3105.png,FZZJ-ZSCWBJW,u3105,ㄅ,bopomofo,extra32
FZZJ-ZSCWBJW+u3106.png,FZZJ-ZSCWBJW,u3106,ㄆ,bopomofo,extra32
FZZJ-ZSCWBJW+u3107.png,FZZJ-ZSCWBJW,u3107,ㄇ,bopomofo,extra32
FZZJ-ZSCWBJW+u3108.png,FZZJ-ZSCWBJW,u3108,ㄈ,bopomofo,extra32
FZZJ-ZSCWBJW+u3109.png,FZZJ-ZSCWBJW,u3109,ㄉ,bopomofo,extra32
FZZJ-ZSCWBJW+u310A.png,FZZJ-ZSCWBJW,u310A,ㄊ,bopomofo,extra32
FZZJ-ZSCWBJW+u310B.png,FZZJ-ZSCWBJW,u310B,ㄋ,bopomofo,extra32
FZZJ-ZSCWBJW+u310C.png,FZZJ-ZSCWBJW,u310C,ㄌ,bopomofo,extra32
FZZJ-ZSCWBJW+u310D.png,FZZJ-ZSCWBJW,u310D,ㄍ,bopomofo,extra32
FZZJ-ZSCWBJW+u310E.png,FZZJ-ZSCWBJW,u310E,ㄎ,bopomofo,extra32
FZZJ-ZSCWBJW+u310F.png,FZZJ-ZSCWBJW,u310F,ㄏ,bopomofo,extra32
FZZJ-ZSCWBJW+u3110.png,FZZJ-ZSCWBJW,u3110,ㄐ,bopomofo,extra32
FZZJ-ZSCWBJW+u3111.png,FZZJ-ZSCWBJW,u3111,ㄑ,bopomofo,extra32
FZZJ-ZSCWBJW+u3112.png,FZZJ-ZSCWBJW,u3112,ㄒ,bopomofo,extra32
FZZJ-ZSCWBJW+u3113.png,FZZJ-ZSCWBJW,u3113,ㄓ,bopomofo,extra32
FZZJ-ZSCWBJW+u3114.png,FZZJ-ZSCWBJW,u3114,ㄔ,bopomofo,extra32
FZZJ-ZSCWBJW+u3115.png,FZZJ-ZSCWBJW,u3115,ㄕ,bopomofo,extra32
FZZJ-ZSCWBJW+u3116.png,FZZJ-ZSCWBJW,u3116,ㄖ,bopomofo,extra32
FZZJ-ZSCWBJW+u3117.png,FZZJ-ZSCWBJW,u3117,ㄗ,bopomofo,extra32
FZZJ-ZSCWBJW+u3118.png,FZZJ-ZSCWBJW,u3118,ㄘ,bopomofo,extra32
FZZJ-ZSCWBJW+u3119.png,FZZJ-ZSCWBJW,u3119,ㄙ,bopomofo,extra32
FZZJ-ZSCWBJW+u311A.png,FZZJ-ZSCWBJW,u311A,ㄚ,bopomofo,extra32
FZZJ-ZSCWBJW+u311B.png,FZZJ-ZSCWBJW,u311B,ㄛ,bopomofo,extra32
FZZJ-ZSCWBJW+u311C.png,FZZJ-ZSCWBJW,u311C,ㄜ,bopomofo,extra32
FZZJ-ZSCWBJW+u311D.png,FZZJ-ZSCWBJW,u311D,ㄝ,bopomofo,extra32
FZZJ-ZSCWBJW+u311E.png,FZZJ-ZSCWBJW,u311E,ㄞ,bopomofo,extra32
FZZJ-ZSCWBJW+u311F.png,FZZJ-ZSCWBJW,u311F,ㄟ,bopomofo,extra32
FZZJ-ZSCWBJW+u3120.png,FZZJ-ZSCWBJW,u3120,ㄠ,bopomofo,extra32
FZZJ-ZSCWBJW+u3121.png,FZZJ-ZSCWBJW,u3121,ㄡ,bopomofo,extra32
FZZJ-ZSCWBJW+u3122.png,FZZJ-ZSCWBJW,u3122,ㄢ,bopomofo,extra32
FZZJ-ZSCWBJW+u3123.png,FZZJ-ZSCWBJW,u3123,ㄣ,bopomofo,extra32
FZZJ-ZSCWBJW+u3124.png,FZZJ-ZSCWBJW,u3124,ㄤ,bopomofo,extra32
FZZJ-ZSCWBJW+u3125.png,FZZJ-ZSCWBJW,u3125,ㄥ,bopomofo,extra32
FZZJ-ZSCWBJW+u3126.png,FZZJ-ZSCWBJW,u3126,ㄦ,bopomofo,extra32
FZZJ-ZSCWBJW+u3127.png,FZZJ-ZSCWBJW,u3127,ㄧ,bopomofo,extra32
FZZJ-ZSCWBJW+u3128.png,FZZJ-ZSCWBJW,u3128,ㄨ,bopomofo,extra32
FZZJ-ZSCWBJW+u3129.png,FZZJ-ZSCWBJW,u3129,ㄩ,bopomofo,extra32
FZZJ-ZWJBTJF+u0030.png,FZZJ-ZWJBTJF,u0030,0,latin,plus17
FZZJ-ZWJBTJF+u0032.png,FZZJ-ZWJBTJF,u0032,2,latin,plus17
FZZJ-ZWJBTJF+u0033.png,FZZJ-ZWJBTJF,u0033,3,latin,plus17
FZZJ-ZWJBTJF+u0034.png,FZZJ-ZWJBTJF,u0034,4,latin,plus17
FZZJ-ZWJBTJF+u0035.png,FZZJ-ZWJBTJF,u0035,5,latin,plus17
FZZJ-ZWJBTJF+u0036.png,FZZJ-ZWJBTJF,u0036,6,latin,plus17
FZZJ-ZWJBTJF+u0037.png,FZZJ-ZWJBTJF,u0037,7,latin,plus17
FZZJ-ZWJBTJF+u0038.png,FZZJ-ZWJBTJF,u0038,8,latin,plus17
FZZJ-ZWJBTJF+u0039.png,FZZJ-ZWJBTJF,u0039,9,latin,plus17
FZZJ-ZWJBTJF+u0041.png,FZZJ-ZWJBTJF,u0041,A,latin,plus17
FZZJ-ZWJBTJF+u0042.png,FZZJ-ZWJBTJF,u0042,B,latin,plus17
FZZJ-ZWJBTJF+u0043.png,FZZJ-ZWJBTJF,u0043,C,latin,plus17
FZZJ-ZWJBTJF+u0044.png,FZZJ-ZWJBTJF,u0044,D,latin,plus17
FZZJ-ZWJBTJF+u0045.png,FZZJ-ZWJBTJF,u0045,E,latin,plus17
FZZJ-ZWJBTJF+u0046.png,FZZJ-ZWJBTJF,u0046,F,latin,plus17
FZZJ-ZWJBTJF+u0047.png,FZZJ-ZWJBTJF,u0047,G,latin,plus17
FZZJ-ZWJBTJF+u0048.png,FZZJ-ZWJBTJF,u0048,H,latin,plus17
FZZJ-ZWJBTJF+u0049.png,FZZJ-ZWJBTJF,u0049,I,latin,plus17
FZZJ-ZWJBTJF+u004A.png,FZZJ-ZWJBTJF,u004A,J,latin,plus17
FZZJ-ZWJBTJF+u004B.png,FZZJ-ZWJBTJF,u004B,K,latin,plus17
FZZJ-ZWJBTJF+u004C.png,FZZJ-ZWJBTJF,u004C,L,latin,plus17
FZZJ-ZWJBTJF+u004D.png,FZZJ-ZWJBTJF,u004D,M,latin,plus17
FZZJ-ZWJBTJF+u004E.png,FZZJ-ZWJBTJF,u004E,N,latin,plus17
FZZJ-ZWJBTJF+u004F.png,FZZJ-ZWJBTJF,u004F,O,latin,plus17
FZZJ-ZWJBTJF+u0050.png,FZZJ-ZWJBTJF,u0050,P,latin,plus17
FZZJ-ZWJBTJF+u0051.png,FZZJ-ZWJBTJF,u0051,Q,latin,plus17
FZZJ-ZWJBTJF+u0052.png,FZZJ-ZWJBTJF,u0052,R,latin,plus17
FZZJ-ZWJBTJF+u0053.png,FZZJ-ZWJBTJF,u0053,S,latin,plus17
FZZJ-ZWJBTJF+u0055.png,FZZJ-ZWJBTJF,u0055,U,latin,plus17
FZZJ-ZWJBTJF+u0056.png,FZZJ-ZWJBTJF,u0056,V,latin,plus17
FZZJ-ZWJBTJF+u0057.png,FZZJ-ZWJBTJF,u0057,W,latin,plus17
FZZJ-ZWJBTJF+u0059.png,FZZJ-ZWJBTJF,u0059,Y,latin,plus17
FZZJ-ZWJBTJF+u005A.png,FZZJ-ZWJBTJF,u005A,Z,latin,plus17
FZZJ-ZWJBTJF+u0062.png,FZZJ-ZWJBTJF,u0062,b,latin,plus17
FZZJ-ZWJBTJF+u0063.png,FZZJ-ZWJBTJF,u0063,c,latin,plus17
FZZJ-ZWJBTJF+u0065.png,FZZJ-ZWJBTJF,u0065,e,latin,plus17
FZZJ-ZWJBTJF+u0066.png,FZZJ-ZWJBTJF,u0066,f,latin,plus17
FZZJ-ZWJBTJF+u0067.png,FZZJ-ZWJBTJF,u0067,g,latin,plus17
FZZJ-ZWJBTJF+u0068.png,FZZJ-ZWJBTJF,u0068,h,latin,plus17
FZZJ-ZWJBTJF+u0069.png,FZZJ-ZWJBTJF,u0069,i,latin,plus17
FZZJ-ZWJBTJF+u006A.png,FZZJ-ZWJBTJF,u006A,j,latin,plus17
FZZJ-ZWJBTJF+u006C.png,FZZJ-ZWJBTJF,u006C,l,latin,plus17
FZZJ-ZWJBTJF+u006D.png,FZZJ-ZWJBTJF,u006D,m,latin,plus17
FZZJ-ZWJBTJF+u006E.png,FZZJ-ZWJBTJF,u006E,n,latin,plus17
FZZJ-ZWJBTJF+u006F.png,FZZJ-ZWJBTJF,u006F,o,latin,plus17
FZZJ-ZWJBTJF+u0070.png,FZZJ-ZWJBTJF,u0070,p,latin,plus17
FZZJ-ZWJBTJF+u0071.png,FZZJ-ZWJBTJF,u0071,q,latin,plus17
FZZJ-ZWJBTJF+u0072.png,FZZJ-ZWJBTJF,u0072,r,latin,plus17
FZZJ-ZWJBTJF+u0073.png,FZZJ-ZWJBTJF,u0073,s,latin,plus17
FZZJ-ZWJBTJF+u0074.png,FZZJ-ZWJBTJF,u0074,t,latin,plus17
FZZJ-ZWJBTJF+u0076.png,FZZJ-ZWJBTJF,u0076,v,latin,plus17
FZZJ-ZWJBTJF+u0077.png,FZZJ-ZWJBTJF,u0077,w,latin,plus17
FZZJ-ZWJBTJF+u0078.png,FZZJ-ZWJBTJF,u0078,x,latin,plus17
FZZJ-ZWJBTJF+u007A.png,FZZJ-ZWJBTJF,u007A,z,latin,plus17
FZZJ-ZWJBTJF+u00E1.png,FZZJ-ZWJBTJF,u00E1,á,latin,plus17
FZZJ-ZWJBTJF+u00E8.png,FZZJ-ZWJBTJF,u00E8,è,latin,plus17
FZZJ-ZWJBTJF+u00E9.png,FZZJ-ZWJBTJF,u00E9,é,latin,plus17
FZZJ-ZWJBTJF+u00EA.png,FZZJ-ZWJBTJF,u00EA,ê,latin,plus17
FZZJ-ZWJBTJF+u00ED.png,FZZJ-ZWJBTJF,u00ED,í,latin,plus17
FZZJ-ZWJBTJF+u00F2.png,FZZJ-ZWJBTJF,u00F2,ò,latin,plus17
FZZJ-ZWJBTJF+u00F3.png,FZZJ-ZWJBTJF,u00F3,ó,latin,plus17
FZZJ-ZWJBTJF+u00F9.png,FZZJ-ZWJBTJF,u00F9,ù,latin,plus17
FZZJ-ZWJBTJF+u00FA.png,FZZJ-ZWJBTJF,u00FA,ú,latin,plus17
FZZJ-ZWJBTJF+u00FC.png,FZZJ-ZWJBTJF,u00FC,ü,latin,plus17
FZZJ-ZWJBTJF+u0101.png,FZZJ-ZWJBTJF,u0101,ā,latin,plus17
FZZJ-ZWJBTJF+u0113.png,FZZJ-ZWJBTJF,u0113,ē,latin,plus17
FZZJ-ZWJBTJF+u011B.png,FZZJ-ZWJBTJF,u011B,ě,latin,plus17
FZZJ-ZWJBTJF+u012B.png,FZZJ-ZWJBTJF,u012B,ī,latin,plus17
FZZJ-ZWJBTJF+u0144.png,FZZJ-ZWJBTJF,u0144,ń,latin,plus17
FZZJ-ZWJBTJF+u0148.png,FZZJ-ZWJBTJF,u0148,ň,latin,plus17
FZZJ-ZWJBTJF+u014D.png,FZZJ-ZWJBTJF,u014D,ō,latin,plus17
FZZJ-ZWJBTJF+u016B.png,FZZJ-ZWJBTJF,u016B,ū,latin,plus17
FZZJ-ZWJBTJF+u01CE.png,FZZJ-ZWJBTJF,u01CE,ǎ,latin,plus17
FZZJ-ZWJBTJF+u01D0.png,FZZJ-ZWJBTJF,u01D0,ǐ,latin,plus17
FZZJ-ZWJBTJF+u01D2.png,FZZJ-ZWJBTJF,u01D2,ǒ,latin,plus17
FZZJ-ZWJBTJF+u01D6.png,FZZJ-ZWJBTJF,u01D6,ǖ,latin,plus17
FZZJ-ZWJBTJF+u01D8.png,FZZJ-ZWJBTJF,u01D8,ǘ,latin,plus17
FZZJ-ZWJBTJF+u01DA.png,FZZJ-ZWJBTJF,u01DA,ǚ,latin,plus17
FZZJ-ZWJBTJF+u3041.png,FZZJ-ZWJBTJF,u3041,ぁ,kana,plus17
FZZJ-ZWJBTJF+u3042.png,FZZJ-ZWJBTJF,u3042,あ,kana,plus17
FZZJ-ZWJBTJF+u3043.png,FZZJ-ZWJBTJF,u3043,ぃ,kana,plus17
FZZJ-ZWJBTJF+u3044.png,FZZJ-ZWJBTJF,u3044,い,kana,plus17
FZZJ-ZWJBTJF+u3045.png,FZZJ-ZWJBTJF,u3045,ぅ,kana,plus17
FZZJ-ZWJBTJF+u3046.png,FZZJ-ZWJBTJF,u3046,う,kana,plus17
FZZJ-ZWJBTJF+u3047.png,FZZJ-ZWJBTJF,u3047,ぇ,kana,plus17
FZZJ-ZWJBTJF+u3048.png,FZZJ-ZWJBTJF,u3048,え,kana,plus17
FZZJ-ZWJBTJF+u3049.png,FZZJ-ZWJBTJF,u3049,ぉ,kana,plus17
FZZJ-ZWJBTJF+u304A.png,FZZJ-ZWJBTJF,u304A,お,kana,plus17
FZZJ-ZWJBTJF+u304B.png,FZZJ-ZWJBTJF,u304B,か,kana,plus17
FZZJ-ZWJBTJF+u304C.png,FZZJ-ZWJBTJF,u304C,が,kana,plus17
FZZJ-ZWJBTJF+u304D.png,FZZJ-ZWJBTJF,u304D,き,kana,plus17
FZZJ-ZWJBTJF+u304E.png,FZZJ-ZWJBTJF,u304E,ぎ,kana,plus17
FZZJ-ZWJBTJF+u304F.png,FZZJ-ZWJBTJF,u304F,く,kana,plus17
FZZJ-ZWJBTJF+u3050.png,FZZJ-ZWJBTJF,u3050,ぐ,kana,plus17
FZZJ-ZWJBTJF+u3051.png,FZZJ-ZWJBTJF,u3051,け,kana,plus17
FZZJ-ZWJBTJF+u3052.png,FZZJ-ZWJBTJF,u3052,げ,kana,plus17
FZZJ-ZWJBTJF+u3053.png,FZZJ-ZWJBTJF,u3053,こ,kana,plus17
FZZJ-ZWJBTJF+u3054.png,FZZJ-ZWJBTJF,u3054,ご,kana,plus17
FZZJ-ZWJBTJF+u3055.png,FZZJ-ZWJBTJF,u3055,さ,kana,plus17
FZZJ-ZWJBTJF+u3056.png,FZZJ-ZWJBTJF,u3056,ざ,kana,plus17
FZZJ-ZWJBTJF+u3057.png,FZZJ-ZWJBTJF,u3057,し,kana,plus17
FZZJ-ZWJBTJF+u3058.png,FZZJ-ZWJBTJF,u3058,じ,kana,plus17
FZZJ-ZWJBTJF+u3059.png,FZZJ-ZWJBTJF,u3059,す,kana,plus17
FZZJ-ZWJBTJF+u305A.png,FZZJ-ZWJBTJF,u305A,ず,kana,plus17
FZZJ-ZWJBTJF+u305B.png,FZZJ-ZWJBTJF,u305B,せ,kana,plus17
FZZJ-ZWJBTJF+u305C.png,FZZJ-ZWJBTJF,u305C,ぜ,kana,plus17
FZZJ-ZWJBTJF+u305D.png,FZZJ-ZWJBTJF,u305D,そ,kana,plus17
FZZJ-ZWJBTJF+u305E.png,FZZJ-ZWJBTJF,u305E,ぞ,kana,plus17
FZZJ-ZWJBTJF+u305F.png,FZZJ-ZWJBTJF,u305F,た,kana,plus17
FZZJ-ZWJBTJF+u3060.png,FZZJ-ZWJBTJF,u3060,だ,kana,plus17
FZZJ-ZWJBTJF+u3061.png,FZZJ-ZWJBTJF,u3061,ち,kana,plus17
FZZJ-ZWJBTJF+u3062.png,FZZJ-ZWJBTJF,u3062,ぢ,kana,plus17
FZZJ-ZWJBTJF+u3063.png,FZZJ-ZWJBTJF,u3063,っ,kana,plus17
FZZJ-ZWJBTJF+u3064.png,FZZJ-ZWJBTJF,u3064,つ,kana,plus17
FZZJ-ZWJBTJF+u3065.png,FZZJ-ZWJBTJF,u3065,づ,kana,plus17
FZZJ-ZWJBTJF+u3066.png,FZZJ-ZWJBTJF,u3066,て,kana,plus17
FZZJ-ZWJBTJF+u3067.png,FZZJ-ZWJBTJF,u3067,で,kana,plus17
FZZJ-ZWJBTJF+u3068.png,FZZJ-ZWJBTJF,u3068,と,kana,plus17
FZZJ-ZWJBTJF+u3069.png,FZZJ-ZWJBTJF,u3069,ど,kana,plus17
FZZJ-ZWJBTJF+u306A.png,FZZJ-ZWJBTJF,u306A,な,kana,plus17
FZZJ-ZWJBTJF+u306B.png,FZZJ-ZWJBTJF,u306B,に,kana,plus17
FZZJ-ZWJBTJF+u306C.png,FZZJ-ZWJBTJF,u306C,ぬ,kana,plus17
FZZJ-ZWJBTJF+u306D.png,FZZJ-ZWJBTJF,u306D,ね,kana,plus17
FZZJ-ZWJBTJF+u306E.png,FZZJ-ZWJBTJF,u306E,の,kana,plus17
FZZJ-ZWJBTJF+u306F.png,FZZJ-ZWJBTJF,u306F,は,kana,plus17
FZZJ-ZWJBTJF+u3070.png,FZZJ-ZWJBTJF,u3070,ば,kana,plus17
FZZJ-ZWJBTJF+u3071.png,FZZJ-ZWJBTJF,u3071,ぱ,kana,plus17
FZZJ-ZWJBTJF+u3072.png,FZZJ-ZWJBTJF,u3072,ひ,kana,plus17
FZZJ-ZWJBTJF+u3073.png,FZZJ-ZWJBTJF,u3073,び,kana,plus17
FZZJ-ZWJBTJF+u3074.png,FZZJ-ZWJBTJF,u3074,ぴ,kana,plus17
FZZJ-ZWJBTJF+u3075.png,FZZJ-ZWJBTJF,u3075,ふ,kana,plus17
FZZJ-ZWJBTJF+u3076.png,FZZJ-ZWJBTJF,u3076,ぶ,kana,plus17
FZZJ-ZWJBTJF+u3077.png,FZZJ-ZWJBTJF,u3077,ぷ,kana,plus17
FZZJ-ZWJBTJF+u3078.png,FZZJ-ZWJBTJF,u3078,へ,kana,plus17
FZZJ-ZWJBTJF+u3079.png,FZZJ-ZWJBTJF,u3079,べ,kana,plus17
FZZJ-ZWJBTJF+u307A.png,FZZJ-ZWJBTJF,u307A,ぺ,kana,plus17
FZZJ-ZWJBTJF+u307B.png,FZZJ-ZWJBTJF,u307B,ほ,kana,plus17
FZZJ-ZWJBTJF+u307C.png,FZZJ-ZWJBTJF,u307C,ぼ,kana,plus17
FZZJ-ZWJBTJF+u307D.png,FZZJ-ZWJBTJF,u307D,ぽ,kana,plus17
FZZJ-ZWJBTJF+u307E.png,FZZJ-ZWJBTJF,u307E,ま,kana,plus17
FZZJ-ZWJBTJF+u307F.png,FZZJ-ZWJBTJF,u307F,み,kana,plus17
FZZJ-ZWJBTJF+u3080.png,FZZJ-ZWJBTJF,u3080,む,kana,plus17
FZZJ-ZWJBTJF+u3081.png,FZZJ-ZWJBTJF,u3081,め,kana,plus17
FZZJ-ZWJBTJF+u3082.png,FZZJ-ZWJBTJF,u3082,も,kana,plus17
FZZJ-ZWJBTJF+u3083.png,FZZJ-ZWJBTJF,u3083,ゃ,kana,plus17
FZZJ-ZWJBTJF+u3084.png,FZZJ-ZWJBTJF,u3084,や,kana,plus17
FZZJ-ZWJBTJF+u3085.png,FZZJ-ZWJBTJF,u3085,ゅ,kana,plus17
FZZJ-ZWJBTJF+u3086.png,FZZJ-ZWJBTJF,u3086,ゆ,kana,plus17
FZZJ-ZWJBTJF+u3087.png,FZZJ-ZWJBTJF,u3087,ょ,kana,plus17
FZZJ-ZWJBTJF+u3088.png,FZZJ-ZWJBTJF,u3088,よ,kana,plus17
FZZJ-ZWJBTJF+u3089.png,FZZJ-ZWJBTJF,u3089,ら,kana,plus17
FZZJ-ZWJBTJF+u308A.png,FZZJ-ZWJBTJF,u308A,り,kana,plus17
FZZJ-ZWJBTJF+u308B.png,FZZJ-ZWJBTJF,u308B,る,kana,plus17
FZZJ-ZWJBTJF+u308C.png,FZZJ-ZWJBTJF,u308C,れ,kana,plus17
FZZJ-ZWJBTJF+u308D.png,FZZJ-ZWJBTJF,u308D,ろ,kana,plus17
FZZJ-ZWJBTJF+u308E.png,FZZJ-ZWJBTJF,u308E,ゎ,kana,plus17
FZZJ-ZWJBTJF+u308F.png,FZZJ-ZWJBTJF,u308F,わ,kana,plus17
FZZJ-ZWJBTJF+u3090.png,FZZJ-ZWJBTJF,u3090,ゐ,kana,plus17
FZZJ-ZWJBTJF+u3091.png,FZZJ-ZWJBTJF,u3091,ゑ,kana,plus17
FZZJ-ZWJBTJF+u3092.png,FZZJ-ZWJBTJF,u3092,を,kana,plus17
FZZJ-ZWJBTJF+u3093.png,FZZJ-ZWJBTJF,u3093,ん,kana,plus17
fzsj_2813607+u0030.png,fzsj_2813607,u0030,0,latin,extra32
fzsj_2813607+u0032.png,fzsj_2813607,u0032,2,latin,extra32
fzsj_2813607+u0033.png,fzsj_2813607,u0033,3,latin,extra32
fzsj_2813607+u0034.png,fzsj_2813607,u0034,4,latin,extra32
fzsj_2813607+u0035.png,fzsj_2813607,u0035,5,latin,extra32
fzsj_2813607+u0036.png,fzsj_2813607,u0036,6,latin,extra32
fzsj_2813607+u0037.png,fzsj_2813607,u0037,7,latin,extra32
fzsj_2813607+u0038.png,fzsj_2813607,u0038,8,latin,extra32
fzsj_2813607+u0039.png,fzsj_2813607,u0039,9,latin,extra32
fzsj_2813607+u0041.png,fzsj_2813607,u0041,A,latin,extra32
fzsj_2813607+u0042.png,fzsj_2813607,u0042,B,latin,extra32
fzsj_2813607+u0043.png,fzsj_2813607,u0043,C,latin,extra32
fzsj_2813607+u0044.png,fzsj_2813607,u0044,D,latin,extra32
fzsj_2813607+u0045.png,fzsj_2813607,u0045,E,latin,extra32
fzsj_2813607+u0046.png,fzsj_2813607,u0046,F,latin,extra32
fzsj_2813607+u0047.png,fzsj_2813607,u0047,G,latin,extra32
fzsj_2813607+u0048.png,fzsj_2813607,u0048,H,latin,extra32
fzsj_2813607+u0049.png,fzsj_2813607,u0049,I,latin,extra32
fzsj_2813607+u004A.png,fzsj_2813607,u004A,J,latin,extra32
fzsj_2813607+u004B.png,fzsj_2813607,u004B,K,latin,extra32
fzsj_2813607+u004C.png,fzsj_2813607,u004C,L,latin,extra32
fzsj_2813607+u004D.png,fzsj_2813607,u004D,M,latin,extra32
fzsj_2813607+u004E.png,fzsj_2813607,u004E,N,latin,extra32
fzsj_2813607+u004F.png,fzsj_2813607,u004F,O,latin,extra32
fzsj_2813607+u0050.png,fzsj_2813607,u0050,P,latin,extra32
fzsj_2813607+u0051.png,fzsj_2813607,u0051,Q,latin,extra32
fzsj_2813607+u0052.png,fzsj_2813607,u0052,R,latin,extra32
fzsj_2813607+u0053.png,fzsj_2813607,u0053,S,latin,extra32
fzsj_2813607+u0055.png,fzsj_2813607,u0055,U,latin,extra32
fzsj_2813607+u0056.png,fzsj_2813607,u0056,V,latin,extra32
fzsj_2813607+u0057.png,fzsj_2813607,u0057,W,latin,extra32
fzsj_2813607+u0059.png,fzsj_2813607,u0059,Y,latin,extra32
fzsj_2813607+u005A.png,fzsj_2813607,u005A,Z,latin,extra32
fzsj_2813607+u0062.png,fzsj_2813607,u0062,b,latin,extra32
fzsj_2813607+u0063.png,fzsj_2813607,u0063,c,latin,extra32
fzsj_2813607+u0065.png,fzsj_2813607,u0065,e,latin,extra32
fzsj_2813607+u0066.png,fzsj_2813607,u0066,f,latin,extra32
fzsj_2813607+u0067.png,fzsj_2813607,u0067,g,latin,extra32
fzsj_2813607+u0068.png,fzsj_2813607,u0068,h,latin,extra32
fzsj_2813607+u0069.png,fzsj_2813607,u0069,i,latin,extra32
fzsj_2813607+u006A.png,fzsj_2813607,u006A,j,latin,extra32
fzsj_2813607+u006C.png,fzsj_2813607,u006C,l,latin,extra32
fzsj_2813607+u006D.png,fzsj_2813607,u006D,m,latin,extra32
fzsj_2813607+u006E.png,fzsj_2813607,u006E,n,latin,extra32
fzsj_2813607+u006F.png,fzsj_2813607,u006F,o,latin,extra32
fzsj_2813607+u0070.png,fzsj_2813607,u0070,p,latin,extra32
fzsj_2813607+u0071.png,fzsj_2813607,u0071,q,latin,extra32
fzsj_2813607+u0072.png,fzsj_2813607,u0072,r,latin,extra32
fzsj_2813607+u0073.png,fzsj_2813607,u0073,s,latin,extra32
fzsj_2813607+u0074.png,fzsj_2813607,u0074,t,latin,extra32
fzsj_2813607+u0076.png,fzsj_2813607,u0076,v,latin,extra32
fzsj_2813607+u0077.png,fzsj_2813607,u0077,w,latin,extra32
fzsj_2813607+u0078.png,fzsj_2813607,u0078,x,latin,extra32
fzsj_2813607+u007A.png,fzsj_2813607,u007A,z,latin,extra32
