script,k,difficulty,protocol,split,comparison,metric,images_per_arm,fonts,small_font_cell,delta,ci95_low,ci95_high,relative_percent
all,all,all,default128,test,K1-K0,family_s01,7232,16,False,0.002264258398,-0.002999705872,0.007582686731,0.2656709911
all,all,all,default128,test,K1-K0,lpips_alex,7232,16,False,-0.006746820274,-0.01050969887,-0.002883641151,-4.319235401
all,all,all,default128,test,K1-K0,l1,7232,16,False,-0.002428365282,-0.003395916797,-0.001385148428,-3.194620799
all,all,all,default128,test,K1-K0,ssim,7232,16,False,0.005387297146,0.003177553274,0.007421829708,0.7107020096
all,all,all,default128,test,K1-K0,D_region,7232,16,False,-0.01475947574,-0.01916493209,-0.01024185685,-2.900576238
all,all,all,default128,test,K1-K0,D_change,7232,16,False,-0.01495080453,-0.02053106236,-0.009095422247,-3.157427288
all,all,all,default128,test,K1-K0,D_high,7232,16,False,-0.0007756935835,-0.001545482836,4.378475027e-05,-0.4982163394
all,all,all,default128,train,K1-K0,family_s01,2304,5,False,0.004327794884,0.002081861112,0.005952631048,0.4822750521
all,all,all,default128,train,K1-K0,lpips_alex,2304,5,False,-0.005991400148,-0.009078294946,-0.002559979971,-4.585521166
all,all,all,default128,train,K1-K0,l1,2304,5,False,-0.003612640842,-0.005467127002,-0.002369378616,-5.263137948
all,all,all,default128,train,K1-K0,ssim,2304,5,False,0.009306084378,0.005651696406,0.01312159528,1.221638948
all,all,all,default128,train,K1-K0,D_region,2304,5,False,-0.01911607971,-0.0259682782,-0.01241835921,-4.102475399
all,all,all,default128,train,K1-K0,D_change,2304,5,False,-0.0168246183,-0.02727341205,-0.009703988619,-3.844966624
all,all,all,default128,train,K1-K0,D_high,2304,5,False,-0.002258023382,-0.004042972356,-0.0006120276128,-1.399263696
all,all,all,default128,val,K1-K0,family_s01,2112,5,False,-0.003511380145,-0.01184457797,0.003829066269,-0.4116082877
all,all,all,default128,val,K1-K0,lpips_alex,2112,5,False,-0.0002236582524,-0.003650793404,0.003203476899,-0.1610008598
all,all,all,default128,val,K1-K0,l1,2112,5,False,-0.00176203898,-0.003069814863,-0.0002281874447,-2.443102548
all,all,all,default128,val,K1-K0,ssim,2112,5,False,0.004556238457,0.0002016731443,0.008230167694,0.5896113206
all,all,all,default128,val,K1-K0,D_region,2112,5,False,-0.008126602885,-0.01626009806,6.892291713e-06,-1.921301644
all,all,all,default128,val,K1-K0,D_change,2112,5,False,-0.01178833198,-0.02081971407,-0.001892268261,-2.735318535
all,all,all,default128,val,K1-K0,D_high,2112,5,False,-0.002299675902,-0.003802711704,-0.0005811415144,-1.501314535
all,all,all,original47,test,K1-K0,family_s01,2816,16,False,0.003158336013,-0.002602572221,0.009375604838,0.3719937
all,all,all,original47,test,K1-K0,lpips_alex,2816,16,False,-0.007279285337,-0.01243013613,-0.001820884962,-4.556493653
all,all,all,original47,test,K1-K0,l1,2816,16,False,-0.002230867361,-0.003329401752,-0.0009137791602,-2.977299347
all,all,all,original47,test,K1-K0,ssim,2816,16,False,0.004567389302,0.001873127942,0.006986588202,0.5994589058
all,all,all,original47,test,K1-K0,D_region,2816,16,False,-0.01408079808,-0.01936823051,-0.008613676389,-2.807588639
all,all,all,original47,test,K1-K0,D_change,2816,16,False,-0.01444276606,-0.02016826791,-0.008350444539,-3.065580677
all,all,all,original47,test,K1-K0,D_high,2816,16,False,-0.000645857644,-0.001711643501,0.000493821073,-0.4129084693
bopomofo,all,all,default128,test,K1-K0,family_s01,448,7,False,0.007694848946,0.0002884221862,0.01630007359,0.8924253849
bopomofo,all,all,default128,test,K1-K0,lpips_alex,448,7,False,-0.004574708092,-0.012388939,0.002338007001,-3.190574544
bopomofo,all,all,default128,test,K1-K0,l1,448,7,False,-0.00160687064,-0.004409354074,0.000783831599,-2.049473078
bopomofo,all,all,default128,test,K1-K0,ssim,448,7,False,0.004399942905,-0.001558204584,0.01131409549,0.5846248185
bopomofo,all,all,default128,test,K1-K0,D_region,448,7,False,-0.0123588986,-0.03072760823,0.001714295175,-2.455718505
bopomofo,all,all,default128,test,K1-K0,D_change,448,7,False,-0.008227132909,-0.02337912552,0.005948537262,-2.006002767
bopomofo,all,all,default128,test,K1-K0,D_high,448,7,False,-0.0001334952789,-0.002416744921,0.002258140527,-0.09847750461
kana,all,all,default128,test,K1-K0,family_s01,1664,13,False,-0.002727366375,-0.007541874906,0.001912978625,-0.3157055081
kana,all,all,default128,test,K1-K0,lpips_alex,1664,13,False,-0.002472090895,-0.005664597454,0.0008542438406,-1.491096973
kana,all,all,default128,test,K1-K0,l1,1664,13,False,-0.00219934079,-0.00374504239,-0.000677099303,-2.285919754
kana,all,all,default128,test,K1-K0,ssim,1664,13,False,0.00420814474,0.001282661165,0.007340961758,0.602766897
kana,all,all,default128,test,K1-K0,D_region,1664,13,False,-0.009762974384,-0.01693205113,-0.003119809331,-1.851259319
kana,all,all,default128,test,K1-K0,D_change,1664,13,False,-0.01019278194,-0.01775062486,-0.003280013907,-2.122329533
kana,all,all,default128,test,K1-K0,D_high,1664,13,False,-0.0009715170107,-0.002033329994,6.962176009e-06,-0.6714304821
western,all,all,default128,test,K1-K0,family_s01,5120,16,False,0.004064638271,-0.001966226284,0.01027696704,0.4800917148
western,all,all,default128,test,K1-K0,lpips_alex,5120,16,False,-0.008548028801,-0.01308966069,-0.004132934045,-5.565376484
western,all,all,default128,test,K1-K0,l1,5120,16,False,-0.002559421847,-0.003611832775,-0.001386817039,-3.656920245
western,all,all,default128,test,K1-K0,ssim,5120,16,False,0.005683048242,0.003218730568,0.007903552141,0.7316981112
western,all,all,default128,test,K1-K0,D_region,5120,16,False,-0.01643080734,-0.0214170462,-0.01123269059,-3.294949334
western,all,all,default128,test,K1-K0,D_change,5120,16,False,-0.01658828465,-0.02262196149,-0.01043606644,-3.502181785
western,all,all,default128,test,K1-K0,D_high,5120,16,False,-0.0006509716331,-0.001465872783,0.0002090233228,-0.4072067102
bopomofo,all,all,default128,train,K1-K0,family_s01,192,3,True,0.005197884748,0.004137914628,0.007028683554,0.5716427582
bopomofo,all,all,default128,train,K1-K0,lpips_alex,192,3,True,-0.01017139778,-0.01290782291,-0.0087547843,-7.6103653
bopomofo,all,all,default128,train,K1-K0,l1,192,3,True,-0.002685469307,-0.005111215629,0.001506943381,-4.159607832
bopomofo,all,all,default128,train,K1-K0,ssim,192,3,True,0.006923644232,-0.005633265857,0.01683409052,0.9080809445
bopomofo,all,all,default128,train,K1-K0,D_region,192,3,True,-0.01663951778,-0.03204953251,-0.001730866497,-3.362803093
bopomofo,all,all,default128,train,K1-K0,D_change,192,3,True,-0.02289265216,-0.03916752525,-0.002737541217,-5.465960227
bopomofo,all,all,default128,train,K1-K0,D_high,192,3,True,-0.00355707239,-0.01109941467,0.0009957939619,-2.238355131
kana,all,all,default128,train,K1-K0,family_s01,512,4,True,0.002234497835,-0.001811115711,0.005672998232,0.2492478272
kana,all,all,default128,train,K1-K0,lpips_alex,512,4,True,-0.005099304966,-0.0124276638,0.001976856533,-3.392413848
kana,all,all,default128,train,K1-K0,l1,512,4,True,-0.002772410607,-0.004201354648,-0.001343466565,-3.413239482
kana,all,all,default128,train,K1-K0,ssim,512,4,True,0.006580853896,0.002837394238,0.01155627291,0.9266312345
kana,all,all,default128,train,K1-K0,D_region,512,4,True,-0.01365584144,-0.02367882663,-0.006479409029,-2.737561542
kana,all,all,default128,train,K1-K0,D_change,512,4,True,-0.01056444837,-0.01625502954,-0.004468223866,-2.355432673
kana,all,all,default128,train,K1-K0,D_high,512,4,True,3.384292359e-05,-0.002941708866,0.003249267786,0.02072842934
western,all,all,default128,train,K1-K0,family_s01,1600,5,False,0.005035191299,0.003160036933,0.007058631107,0.5638656198
western,all,all,default128,train,K1-K0,lpips_alex,1600,5,False,-0.005905396517,-0.009038355523,-0.002270744201,-4.795210546
western,all,all,default128,train,K1-K0,l1,1600,5,False,-0.003900360573,-0.00624052878,-0.002332013166,-6.204787574
western,all,all,default128,train,K1-K0,ssim,1600,5,False,0.01046667458,0.006191684427,0.01530783767,1.336264312
western,all,all,default128,train,K1-K0,D_region,1600,5,False,-0.02140448954,-0.02970354073,-0.01252154,-4.688685565
western,all,all,default128,train,K1-K0,D_change,1600,5,False,-0.01826778827,-0.03177243814,-0.008873093263,-4.201768112
western,all,all,default128,train,K1-K0,D_high,1600,5,False,-0.003003161172,-0.004743766664,-0.001262555681,-1.819104524
bopomofo,all,all,default128,val,K1-K0,family_s01,128,2,True,-0.01046245918,-0.02373495465,0.002810036298,-1.180570029
bopomofo,all,all,default128,val,K1-K0,lpips_alex,128,2,True,-0.01012411922,-0.02057704329,0.0003288048611,-7.120818922
bopomofo,all,all,default128,val,K1-K0,l1,128,2,True,-0.0032092591,-0.00781909552,0.001400577321,-3.62483765
bopomofo,all,all,default128,val,K1-K0,ssim,128,2,True,0.006616911917,-0.004958973663,0.0181927975,0.8985258768
bopomofo,all,all,default128,val,K1-K0,D_region,128,2,True,-0.007028532447,-0.01274356898,-0.001313495915,-1.423034027
bopomofo,all,all,default128,val,K1-K0,D_change,128,2,True,-0.005056303926,-0.01720592752,0.007093319669,-1.163527722
bopomofo,all,all,default128,val,K1-K0,D_high,128,2,True,-0.0008987974143,-0.002239374677,0.0004417798482,-0.5639985399
kana,all,all,default128,val,K1-K0,family_s01,384,3,True,-0.009515162441,-0.02287023689,-0.00249375822,-1.08735506
kana,all,all,default128,val,K1-K0,lpips_alex,384,3,True,0.00029730807,-0.00818017128,0.00594178855,0.2246975126
kana,all,all,default128,val,K1-K0,l1,384,3,True,-0.002563411184,-0.006824651315,0.0008204241983,-2.594063118
kana,all,all,default128,val,K1-K0,ssim,384,3,True,0.004933186348,-0.003291103917,0.01268096898,0.7187645756
kana,all,all,default128,val,K1-K0,D_region,384,3,True,-0.007768805372,-0.0220480907,0.003682823735,-1.740330192
kana,all,all,default128,val,K1-K0,D_change,384,3,True,-0.003432106537,-0.009657254675,0.004685190041,-0.6971177765
kana,all,all,default128,val,K1-K0,D_high,384,3,True,-0.001297087952,-0.004725820618,0.002054692362,-0.7853177177
western,all,all,default128,val,K1-K0,family_s01,1600,5,False,-0.0002863975777,-0.00994467098,0.00717809835,-0.03381287264
western,all,all,default128,val,K1-K0,lpips_alex,1600,5,False,-0.0003257927133,-0.004113847035,0.003079771694,-0.2444127879
western,all,all,default128,val,K1-K0,l1,1600,5,False,-0.001212807649,-0.002564483177,0.0002306237979,-1.819050334
western,all,all,default128,val,K1-K0,ssim,1600,5,False,0.003566243983,-0.0006801800648,0.00781266803,0.4504118818
western,all,all,default128,val,K1-K0,D_region,1600,5,False,-0.006796643652,-0.01579597771,0.002202690407,-1.657362434
western,all,all,default128,val,K1-K0,D_change,1600,5,False,-0.01192599275,-0.02221375181,-0.00163823368,-2.867149916
western,all,all,default128,val,K1-K0,D_high,1600,5,False,-0.002411143864,-0.004374725441,-0.0005669078766,-1.599244742
bopomofo,all,all,original47,test,K1-K0,family_s01,84,7,False,-0.00311432974,-0.01602084527,0.009046134495,-0.3596916138
bopomofo,all,all,original47,test,K1-K0,lpips_alex,84,7,False,-0.00757609942,-0.021971784,0.006481954917,-5.465725327
bopomofo,all,all,original47,test,K1-K0,l1,84,7,False,-0.001153289097,-0.008545104702,0.003596994982,-1.589143071
bopomofo,all,all,original47,test,K1-K0,ssim,84,7,False,0.00339341581,-0.007045288837,0.01984472415,0.4421463017
bopomofo,all,all,original47,test,K1-K0,D_region,84,7,False,-0.008537376033,-0.05973504965,0.02218526282,-1.67535409
bopomofo,all,all,original47,test,K1-K0,D_change,84,7,False,-0.002223305582,-0.04445291577,0.02689835993,-0.5026967799
bopomofo,all,all,original47,test,K1-K0,D_high,84,7,False,0.0006522740282,-0.004095645533,0.004689620422,0.4698674751
kana,all,all,original47,test,K1-K0,family_s01,364,13,False,-0.002493823664,-0.01073992007,0.006636205881,-0.2886080656
kana,all,all,original47,test,K1-K0,lpips_alex,364,13,False,0.000329889091,-0.004522564538,0.006091603403,0.1993105232
kana,all,all,original47,test,K1-K0,l1,364,13,False,-0.0007259422698,-0.002686117257,0.001531769077,-0.7874752983
kana,all,all,original47,test,K1-K0,ssim,364,13,False,0.001025113237,-0.003833032051,0.005654695875,0.1454796119
kana,all,all,original47,test,K1-K0,D_region,364,13,False,-0.002638055523,-0.01085805175,0.005952982694,-0.5169251548
kana,all,all,original47,test,K1-K0,D_change,364,13,False,-0.004416619397,-0.01587193375,0.007202409448,-0.9555066774
kana,all,all,original47,test,K1-K0,D_high,364,13,False,-0.000270623509,-0.001818425759,0.001289240033,-0.1944672374
western,all,all,original47,test,K1-K0,family_s01,2368,16,False,0.004680205934,-0.001577211106,0.01120112307,0.5536076952
western,all,all,original47,test,K1-K0,lpips_alex,2368,16,False,-0.008760258539,-0.01464458792,-0.002704554903,-5.494227636
western,all,all,original47,test,K1-K0,l1,2368,16,False,-0.00247991661,-0.003700030556,-0.001037583788,-3.4184255
western,all,all,original47,test,K1-K0,ssim,2368,16,False,0.005052739592,0.002264306454,0.007545798935,0.6557874647
western,all,all,original47,test,K1-K0,D_region,2368,16,False,-0.01580097125,-0.0212730393,-0.009968817528,-3.178086864
western,all,all,original47,test,K1-K0,D_change,2368,16,False,-0.01600449349,-0.02135109698,-0.01041212746,-3.390322479
western,all,all,original47,test,K1-K0,D_high,2368,16,False,-0.0006903786829,-0.001730000912,0.0004116380231,-0.4337504055
all,1,all,default128,test,K1-K0,family_s01,1808,16,False,0.001534016335,-0.00531179492,0.007494554997,0.1821936678
all,1,all,default128,test,K1-K0,lpips_alex,1808,16,False,-0.0089034439,-0.01251431,-0.005647939408,-5.778892264
all,1,all,default128,test,K1-K0,l1,1808,16,False,-0.0031041213,-0.004387084341,-0.001750178073,-4.136004423
all,1,all,default128,test,K1-K0,ssim,1808,16,False,0.007346079344,0.004402911967,0.01030248648,0.9670492591
all,1,all,default128,test,K1-K0,D_region,1808,16,False,-0.01791197297,-0.02338063944,-0.01208133241,-3.540325295
all,1,all,default128,test,K1-K0,D_change,1808,16,False,-0.01819996643,-0.02555833715,-0.01098585075,-3.879095869
all,1,all,default128,test,K1-K0,D_high,1808,16,False,-0.001729227841,-0.002708340524,-0.0007124743988,-1.10924704
all,2,all,default128,test,K1-K0,family_s01,1808,16,False,0.002901286347,-0.002792665298,0.009005448334,0.339855173
all,2,all,default128,test,K1-K0,lpips_alex,1808,16,False,-0.007810222848,-0.01174267753,-0.003985944795,-4.920676106
all,2,all,default128,test,K1-K0,l1,1808,16,False,-0.002451912007,-0.003496158707,-0.001295997974,-3.192534094
all,2,all,default128,test,K1-K0,ssim,1808,16,False,0.005350191155,0.003054990498,0.00753934106,0.7068633997
all,2,all,default128,test,K1-K0,D_region,1808,16,False,-0.0147920298,-0.01966663569,-0.009808196154,-2.895354639
all,2,all,default128,test,K1-K0,D_change,1808,16,False,-0.01436411914,-0.01983543528,-0.008697379052,-3.018609372
all,2,all,default128,test,K1-K0,D_high,1808,16,False,-0.0005705134695,-0.001365197531,0.0001867593377,-0.3671851888
all,4,all,default128,test,K1-K0,family_s01,1808,16,False,0.001631946941,-0.004080090822,0.007027393756,0.1908797489
all,4,all,default128,test,K1-K0,lpips_alex,1808,16,False,-0.005717905153,-0.01022791453,-0.0008288886537,-3.634028863
all,4,all,default128,test,K1-K0,l1,1808,16,False,-0.002070615865,-0.003045011569,-0.001100127938,-2.705752487
all,4,all,default128,test,K1-K0,ssim,1808,16,False,0.004512902509,0.002416916995,0.006460077143,0.5960313436
all,4,all,default128,test,K1-K0,D_region,1808,16,False,-0.0136846728,-0.01810464794,-0.009048667906,-2.681683538
all,4,all,default128,test,K1-K0,D_change,1808,16,False,-0.01391362758,-0.01889312756,-0.008618175907,-2.927408839
all,4,all,default128,test,K1-K0,D_high,1808,16,False,-0.0003782027316,-0.001201842389,0.0005057159288,-0.2432233519
all,8,all,default128,test,K1-K0,family_s01,1808,16,False,0.00298978397,-0.001368021174,0.007793942154,0.3482557397
all,8,all,default128,test,K1-K0,lpips_alex,1808,16,False,-0.004555709194,-0.009773143168,0.001827596199,-2.94521256
all,8,all,default128,test,K1-K0,l1,1808,16,False,-0.002086811956,-0.003237031921,-0.0008988008036,-2.757499069
all,8,all,default128,test,K1-K0,ssim,1808,16,False,0.004340015575,0.001521794451,0.006876522577,0.5722518737
all,8,all,default128,test,K1-K0,D_region,1808,16,False,-0.01264922738,-0.01773189333,-0.007168525487,-2.4887612
all,8,all,default128,test,K1-K0,D_change,1808,16,False,-0.01332550499,-0.01941271248,-0.006690240233,-2.812902414
all,8,all,default128,test,K1-K0,D_high,1808,16,False,-0.0004248302925,-0.001317006525,0.0005930863098,-0.2723034578
all,1,all,default128,train,K1-K0,family_s01,576,5,False,0.004176241977,0.002112657749,0.00596480887,0.4692709681
all,1,all,default128,train,K1-K0,lpips_alex,576,5,False,-0.003087859888,-0.01009157704,0.007330343842,-2.131934307
all,1,all,default128,train,K1-K0,l1,576,5,False,-0.003467118084,-0.005827084306,-0.001595572677,-4.949077589
all,1,all,default128,train,K1-K0,ssim,576,5,False,0.009311982808,0.003818213895,0.01516243356,1.229063699
all,1,all,default128,train,K1-K0,D_region,576,5,False,-0.02005038123,-0.03113382536,-0.009572100076,-4.235511015
all,1,all,default128,train,K1-K0,D_change,576,5,False,-0.01654923401,-0.02812060642,-0.007251015534,-3.716493372
all,1,all,default128,train,K1-K0,D_high,576,5,False,-0.002486548125,-0.00452261064,-0.0004549821466,-1.541343176
all,2,all,default128,train,K1-K0,family_s01,576,5,False,0.001720062572,-0.003591638724,0.005846955786,0.1912329394
all,2,all,default128,train,K1-K0,lpips_alex,576,5,False,-0.005341581778,-0.008847849971,-0.001568512185,-4.133494932
all,2,all,default128,train,K1-K0,l1,576,5,False,-0.003072088636,-0.004700292517,-0.001864007688,-4.494955742
all,2,all,default128,train,K1-K0,ssim,576,5,False,0.007962978024,0.004352280425,0.01157367562,1.044426987
all,2,all,default128,train,K1-K0,D_region,576,5,False,-0.01603489735,-0.022498122,-0.01001925055,-3.448137323
all,2,all,default128,train,K1-K0,D_change,576,5,False,-0.01547215348,-0.02524937643,-0.009120654115,-3.545524768
all,2,all,default128,train,K1-K0,D_high,576,5,False,-0.002012922944,-0.003596575576,-0.0004551691387,-1.24791005
all,4,all,default128,train,K1-K0,family_s01,576,5,False,0.006232058945,0.003570000621,0.00889411727,0.6934232729
all,4,all,default128,train,K1-K0,lpips_alex,576,5,False,-0.007497884065,-0.009584903607,-0.004888775691,-6.004590636
all,4,all,default128,train,K1-K0,l1,576,5,False,-0.003876939562,-0.005851531251,-0.002530389923,-5.672669859
all,4,all,default128,train,K1-K0,ssim,576,5,False,0.00982863046,0.006872494619,0.01287937663,1.28871743
all,4,all,default128,train,K1-K0,D_region,576,5,False,-0.01935063254,-0.02462086246,-0.01478974054,-4.174578077
all,4,all,default128,train,K1-K0,D_change,576,5,False,-0.0176644673,-0.02728461191,-0.01075271163,-4.055492712
all,4,all,default128,train,K1-K0,D_high,576,5,False,-0.002287021307,-0.004151722094,-0.0008019789541,-1.416066476
all,8,all,default128,train,K1-K0,family_s01,576,5,False,0.00518281604,0.002611809816,0.007416488156,0.5750105826
all,8,all,default128,train,K1-K0,lpips_alex,576,5,False,-0.008038274861,-0.009933720571,-0.006115968034,-6.498097404
all,8,all,default128,train,K1-K0,l1,576,5,False,-0.004034417084,-0.005857441935,-0.00295651172,-5.949022091
all,8,all,default128,train,K1-K0,ssim,576,5,False,0.01012074622,0.007248609084,0.01328213995,1.324115563
all,8,all,default128,train,K1-K0,D_region,576,5,False,-0.02102840773,-0.02687426802,-0.01518254744,-4.552541704
all,8,all,default128,train,K1-K0,D_change,576,5,False,-0.01761261843,-0.02792590381,-0.01016668058,-4.067066807
all,8,all,default128,train,K1-K0,D_high,576,5,False,-0.00224560115,-0.004345539662,-0.0007164070266,-1.391699015
all,1,all,default128,val,K1-K0,family_s01,528,5,False,-0.002220817837,-0.007969326992,0.003052949281,-0.2607396315
all,1,all,default128,val,K1-K0,lpips_alex,528,5,False,-0.002005794074,-0.006991570813,0.00180424996,-1.444013309
all,1,all,default128,val,K1-K0,l1,528,5,False,-0.002273549103,-0.003870850939,-0.0003170569307,-3.148893346
all,1,all,default128,val,K1-K0,ssim,528,5,False,0.005645004877,0.0009460970269,0.009422383392,0.7311791792
all,1,all,default128,val,K1-K0,D_region,528,5,False,-0.01157300329,-0.02107240274,-0.002059838267,-2.734710024
all,1,all,default128,val,K1-K0,D_change,528,5,False,-0.01615207748,-0.02943495488,-0.004335917182,-3.761177252
all,1,all,default128,val,K1-K0,D_high,528,5,False,-0.002403244128,-0.003895978797,-0.0006998561241,-1.56496565
all,2,all,default128,val,K1-K0,family_s01,528,5,False,-0.003211049614,-0.01247799615,0.003880340142,-0.3770747452
all,2,all,default128,val,K1-K0,lpips_alex,528,5,False,-0.0001376416231,-0.004165257847,0.003889974601,-0.09770912761
all,2,all,default128,val,K1-K0,l1,528,5,False,-0.001845074803,-0.003452315301,-0.0003192203829,-2.559839621
all,2,all,default128,val,K1-K0,ssim,528,5,False,0.004899920458,0.0009714089166,0.008828431999,0.634173288
all,2,all,default128,val,K1-K0,D_region,528,5,False,-0.008278637135,-0.01716245458,0.0006051803054,-1.9587675
all,2,all,default128,val,K1-K0,D_change,528,5,False,-0.01268001095,-0.02465495013,-0.001451427108,-2.956844285
all,2,all,default128,val,K1-K0,D_high,528,5,False,-0.002584031642,-0.004077628133,-0.001165905183,-1.688890177
all,4,all,default128,val,K1-K0,family_s01,528,5,False,-0.00493344149,-0.01452805975,0.004661176765,-0.5787855337
all,4,all,default128,val,K1-K0,lpips_alex,528,5,False,0.001675433336,-0.002136740474,0.005726922513,1.204563038
all,4,all,default128,val,K1-K0,l1,528,5,False,-0.001478484889,-0.002991931867,9.751529735e-05,-2.045295924
all,4,all,default128,val,K1-K0,ssim,528,5,False,0.003920024847,-0.0007028273533,0.007914465127,0.5072404072
all,4,all,default128,val,K1-K0,D_region,528,5,False,-0.006449604738,-0.01489114032,0.001991930841,-1.518061661
all,4,all,default128,val,K1-K0,D_change,528,5,False,-0.009879517057,-0.01967037064,-8.866347838e-05,-2.282055469
all,4,all,default128,val,K1-K0,D_high,528,5,False,-0.002294883403,-0.004035834403,-0.0004143810226,-1.502190429
all,8,all,default128,val,K1-K0,family_s01,528,5,False,-0.003680211639,-0.01270399241,0.00416282367,-0.4295965746
all,8,all,default128,val,K1-K0,lpips_alex,528,5,False,-0.0004266306484,-0.003541400936,0.002957996593,-0.3118501754
all,8,all,default128,val,K1-K0,l1,528,5,False,-0.001451047126,-0.003017250819,0.0001734770731,-2.017426383
all,8,all,default128,val,K1-K0,ssim,528,5,False,0.003760003645,-0.0007736727139,0.008155189363,0.4860967343
all,8,all,default128,val,K1-K0,D_region,528,5,False,-0.006205166376,-0.01389290265,0.001984194716,-1.473201787
all,8,all,default128,val,K1-K0,D_change,528,5,False,-0.008441722416,-0.01667207734,-7.398520995e-05,-1.951077138
all,8,all,default128,val,K1-K0,D_high,528,5,False,-0.001916544433,-0.00383116412,0.0001656693732,-1.24959081
all,1,all,original47,test,K1-K0,family_s01,704,16,False,0.002515741729,-0.005019629211,0.00924762966,0.3001546825
all,1,all,original47,test,K1-K0,lpips_alex,704,16,False,-0.009058148898,-0.01351943204,-0.005199466396,-5.783613543
all,1,all,original47,test,K1-K0,l1,704,16,False,-0.002352041297,-0.003985289091,-0.000513700682,-3.202822463
all,1,all,original47,test,K1-K0,ssim,704,16,False,0.005432863182,0.00157774872,0.009080330977,0.7104745349
all,1,all,original47,test,K1-K0,D_region,704,16,False,-0.0146430439,-0.02167849366,-0.007080436504,-2.954182788
all,1,all,original47,test,K1-K0,D_change,704,16,False,-0.01539526416,-0.02322963721,-0.007428393741,-3.320320939
all,1,all,original47,test,K1-K0,D_high,704,16,False,-0.001563508765,-0.002933237105,-0.0001591215465,-1.000527411
all,2,all,original47,test,K1-K0,family_s01,704,16,False,0.003593811455,-0.0033226455,0.01079235058,0.4228853122
all,2,all,original47,test,K1-K0,lpips_alex,704,16,False,-0.008950612055,-0.01513381745,-0.003316235632,-5.457964224
all,2,all,original47,test,K1-K0,l1,704,16,False,-0.002458649337,-0.003798725909,-0.0008218095871,-3.234317586
all,2,all,original47,test,K1-K0,ssim,704,16,False,0.00529433975,0.001893751432,0.008509557384,0.6965559816
all,2,all,original47,test,K1-K0,D_region,704,16,False,-0.01588248043,-0.02342496761,-0.008418770549,-3.143564742
all,2,all,original47,test,K1-K0,D_change,704,16,False,-0.01564535405,-0.02254690772,-0.008171795128,-3.294169039
all,2,all,original47,test,K1-K0,D_high,704,16,False,-0.0007549680124,-0.001957559097,0.0004426367238,-0.4834078826
all,4,all,original47,test,K1-K0,family_s01,704,16,False,0.002931216339,-0.003024275582,0.009000133782,0.3440852702
all,4,all,original47,test,K1-K0,lpips_alex,704,16,False,-0.00657251361,-0.01332572049,0.0006118489591,-4.080335391
all,4,all,original47,test,K1-K0,l1,704,16,False,-0.002145581329,-0.003238510066,-0.00104541074,-2.837756081
all,4,all,original47,test,K1-K0,ssim,704,16,False,0.004290733048,0.002190600946,0.006372601985,0.5640371343
all,4,all,original47,test,K1-K0,D_region,704,16,False,-0.0140489579,-0.01903492546,-0.009190442753,-2.788258097
all,4,all,original47,test,K1-K0,D_change,704,16,False,-0.01388442355,-0.01915517577,-0.008421073876,-2.933212707
all,4,all,original47,test,K1-K0,D_high,704,16,False,-0.000351105768,-0.001362474155,0.0007424294681,-0.2245162616
all,8,all,original47,test,K1-K0,family_s01,704,16,False,0.003592574528,-0.001775535158,0.01017359203,0.4195700208
all,8,all,original47,test,K1-K0,lpips_alex,704,16,False,-0.004535866783,-0.01206211773,0.005263923646,-2.882877756
all,8,all,original47,test,K1-K0,l1,704,16,False,-0.001967197481,-0.003298205972,-0.0007116620235,-2.635070685
all,8,all,original47,test,K1-K0,ssim,704,16,False,0.003251621228,0.000123734638,0.006442548822,0.426609005
all,8,all,original47,test,K1-K0,D_region,704,16,False,-0.01174871009,-0.01756927764,-0.006328319994,-2.343486489
all,8,all,original47,test,K1-K0,D_change,704,16,False,-0.01284602249,-0.01892017978,-0.006464287186,-2.71847298
all,8,all,original47,test,K1-K0,D_high,704,16,False,8.61519692e-05,-0.001184599458,0.001557504979,0.05493027429
all,all,easy,default128,test,K1-K0,family_s01,1536,4,True,-0.001953222775,-0.006040426948,0.001853804173,-0.2205610185
all,all,easy,default128,test,K1-K0,lpips_alex,1536,4,True,-0.002282129052,-0.007024280486,0.002460022382,-1.346887236
all,all,easy,default128,test,K1-K0,l1,1536,4,True,-0.0006580624668,-0.003075162221,0.001759037287,-0.6852534561
all,all,easy,default128,test,K1-K0,ssim,1536,4,True,0.001341091566,-0.004234164077,0.006916347209,0.1937476099
all,all,easy,default128,test,K1-K0,D_region,1536,4,True,-0.003717443412,-0.01243794724,0.005003060419,-0.8186550459
all,all,easy,default128,test,K1-K0,D_change,1536,4,True,-0.006011536586,-0.0243505349,0.009968858994,-1.229165198
all,all,easy,default128,test,K1-K0,D_high,1536,4,True,0.0007872607606,-0.0006258452278,0.002673530548,0.5309543042
all,all,hard,default128,test,K1-K0,family_s01,3072,9,False,0.009890269286,0.002833796408,0.01744897216,1.162481832
all,all,hard,default128,test,K1-K0,lpips_alex,3072,9,False,-0.009887937747,-0.01760823478,-0.002449486081,-6.60809434
all,all,hard,default128,test,K1-K0,l1,3072,9,False,-0.002840928588,-0.004026300198,-0.001659729426,-4.173569584
all,all,hard,default128,test,K1-K0,ssim,3072,9,False,0.00690970111,0.004448012438,0.009232159754,0.8816022818
all,all,hard,default128,test,K1-K0,D_region,3072,9,False,-0.01977676122,-0.02463988665,-0.01462964003,-3.658504324
all,all,hard,default128,test,K1-K0,D_change,3072,9,False,-0.01699541417,-0.02457967264,-0.008942550387,-3.572725928
all,all,hard,default128,test,K1-K0,D_high,3072,9,False,-0.001316787694,-0.002337350102,-5.004109555e-06,-0.8059839313
all,all,medium,default128,test,K1-K0,family_s01,2624,8,False,-0.00376345479,-0.01155583727,0.004190033878,-0.4450278781
all,all,medium,default128,test,K1-K0,lpips_alex,2624,8,False,-0.00761198034,-0.01005415725,-0.00540563124,-4.638599915
all,all,medium,default128,test,K1-K0,l1,2624,8,False,-0.003195968897,-0.004470110211,-0.001993849511,-3.87899091
all,all,medium,default128,test,K1-K0,ssim,2624,8,False,0.005841424605,0.002913760741,0.008653709841,0.7882530736
all,all,medium,default128,test,K1-K0,D_region,2624,8,False,-0.01448223097,-0.01976071408,-0.009235727773,-2.912727328
all,all,medium,default128,test,K1-K0,D_change,2624,8,False,-0.01469281007,-0.02184937059,-0.006912573669,-3.182045813
all,all,medium,default128,test,K1-K0,D_high,2624,8,False,-0.0006235693517,-0.001994575393,0.0007360215752,-0.4138936449
all,all,easy,default128,train,K1-K0,family_s01,960,3,True,0.00239472494,0.0001833673034,0.004526336212,0.2687089395
all,all,easy,default128,train,K1-K0,lpips_alex,960,3,True,-0.004789213031,-0.009952314905,-0.0008286091809,-3.509586334
all,all,easy,default128,train,K1-K0,l1,960,3,True,-0.004485810142,-0.007272369261,-0.00302220873,-5.574670117
all,all,easy,default128,train,K1-K0,ssim,960,3,True,0.009334670551,0.005377377202,0.01536057835,1.278648581
all,all,easy,default128,train,K1-K0,D_region,960,3,True,-0.01825439755,-0.0300182622,-0.01129579614,-4.401220101
all,all,easy,default128,train,K1-K0,D_change,960,3,True,-0.02139607306,-0.03608973936,-0.009002247569,-5.048132114
all,all,easy,default128,train,K1-K0,D_high,960,3,True,-0.001285359524,-0.00373145306,0.0002453675261,-0.9008518851
all,all,hard,default128,train,K1-K0,family_s01,1024,2,True,0.006076537611,0.00533286744,0.006820207782,0.6664468572
all,all,hard,default128,train,K1-K0,lpips_alex,1024,2,True,-0.00819094657,-0.00910495178,-0.00727694136,-6.624601083
all,all,hard,default128,train,K1-K0,l1,1024,2,True,-0.002691664519,-0.003273873755,-0.002109455283,-4.567075316
all,all,hard,default128,train,K1-K0,ssim,1024,2,True,0.009763120673,0.006118666869,0.01340757448,1.247279805
all,all,hard,default128,train,K1-K0,D_region,1024,2,True,-0.02134750328,-0.0263374701,-0.01635753646,-3.898344331
all,all,hard,default128,train,K1-K0,D_change,1024,2,True,-0.01404892109,-0.01830674941,-0.009791092773,-2.994800868
all,all,hard,default128,train,K1-K0,D_high,1024,2,True,-0.003380918879,-0.005352191889,-0.001409645869,-1.826186532
all,all,medium,default128,train,K1-K0,family_s01,320,1,True,0.006157230306,,,0.7175519386
all,all,medium,default128,train,K1-K0,lpips_alex,320,1,True,0.0004394412041,,,0.3203295043
all,all,medium,default128,train,K1-K0,l1,320,1,True,-0.001778120319,,,-3.186246465
all,all,medium,default128,train,K1-K0,ssim,320,1,True,0.003777647431,,,0.4732184574
all,all,medium,default128,train,K1-K0,D_region,320,1,True,-0.008291315101,,,-2.325398715
all,all,medium,default128,train,K1-K0,D_change,320,1,True,-0.006035480509,,,-1.737716495
all,all,medium,default128,train,K1-K0,D_high,320,1,True,-0.0008301533991,,,-0.5238569449
all,all,easy,default128,val,K1-K0,family_s01,1216,3,True,0.003048672915,-0.001429440361,0.005460836792,0.3486400542
all,all,easy,default128,val,K1-K0,lpips_alex,1216,3,True,0.0007456649536,-0.004614804678,0.005566661709,0.6729195668
all,all,easy,default128,val,K1-K0,l1,1216,3,True,-0.001905220286,-0.003670091626,0.0010628808,-4.077662844
all,all,easy,default128,val,K1-K0,ssim,1216,3,True,0.004961511721,-0.002798406986,0.01007159608,0.6035142098
all,all,easy,default128,val,K1-K0,D_region,1216,3,True,-0.01059686489,-0.01914733851,0.005252294301,-3.823924306
all,all,easy,default128,val,K1-K0,D_change,1216,3,True,-0.01356970862,-0.02592251494,0.003583379672,-4.175259311
all,all,easy,default128,val,K1-K0,D_high,1216,3,True,-0.002152249393,-0.004672096759,0.0007966845213,-1.592687466
all,all,hard,default128,val,K1-K0,family_s01,512,1,True,-0.007597549862,,,-0.9257438426
all,all,hard,default128,val,K1-K0,lpips_alex,512,1,True,-0.005094976936,,,-2.288910854
all,all,hard,default128,val,K1-K0,l1,512,1,True,-0.001347765787,,,-0.9268579796
all,all,hard,default128,val,K1-K0,ssim,512,1,True,0.002381773788,,,0.3845525822
all,all,hard,default128,val,K1-K0,D_region,512,1,True,-0.0008069836185,,,-0.1093098057
all,all,hard,default128,val,K1-K0,D_change,512,1,True,-0.003157717234,,,-0.446112995
all,all,hard,default128,val,K1-K0,D_high,512,1,True,-0.001759864128,,,-0.8346247864
all,all,medium,default128,val,K1-K0,family_s01,384,2,True,-0.008003630029,-0.01881729636,0.002810036298,-0.9193365529
all,all,medium,default128,val,K1-K0,lpips_alex,384,2,True,0.001094018648,0.0003288048611,0.001859232434,1.125775253
all,all,medium,default128,val,K1-K0,l1,384,2,True,-0.0001942015006,-0.001788980322,0.001400577321,-0.3424373234
all,all,medium,default128,val,K1-K0,ssim,384,2,True,0.000412990252,-0.004958973663,0.005784954167,0.05097670333
all,all,medium,default128,val,K1-K0,D_region,384,2,True,-0.004264104133,-0.007214712352,-0.001313495915,-1.078916115
all,all,medium,default128,val,K1-K0,D_change,384,2,True,-0.004210119811,-0.01551355929,0.007093319669,-1.171727191
all,all,medium,default128,val,K1-K0,D_high,384,2,True,-0.001397812134,-0.003237404115,0.0004417798482,-0.9992013988
all,all,easy,original47,test,K1-K0,family_s01,568,4,True,-0.006254778413,-0.008741655599,-0.003767901227,-0.7064019387
all,all,easy,original47,test,K1-K0,lpips_alex,568,4,True,-0.003386396087,-0.007883130576,0.001843113532,-1.999143099
all,all,easy,original47,test,K1-K0,l1,568,4,True,4.921964058e-05,-0.003481935246,0.003691564061,0.0541425986
all,all,easy,original47,test,K1-K0,ssim,568,4,True,-0.00198072733,-0.009709905358,0.005748450698,-0.2807666813
all,all,easy,original47,test,K1-K0,D_region,568,4,True,0.0002785485873,-0.0116177349,0.01217483208,0.06340193744
all,all,easy,original47,test,K1-K0,D_change,568,4,True,0.00044246139,-0.02067078521,0.01695512071,0.09424287897
all,all,easy,original47,test,K1-K0,D_high,568,4,True,0.00181827553,-0.0008733727948,0.004677211557,1.272862777
all,all,hard,original47,test,K1-K0,family_s01,1292,9,False,0.007057776071,0.0006990184361,0.01480787952,0.8284699613
all,all,hard,original47,test,K1-K0,lpips_alex,1292,9,False,-0.01055016826,-0.02015068936,-0.0002840165681,-6.852886958
all,all,hard,original47,test,K1-K0,l1,1292,9,False,-0.001879834787,-0.003719276969,0.0004682295571,-2.70331005
all,all,hard,original47,test,K1-K0,ssim,1292,9,False,0.005194852062,0.0003984445068,0.009224022274,0.6651827663
all,all,hard,original47,test,K1-K0,D_region,1292,9,False,-0.01587148873,-0.02574953875,-0.003591707442,-2.936856708
all,all,hard,original47,test,K1-K0,D_change,1292,9,False,-0.0130359422,-0.02447139555,0.004632682439,-2.679178366
all,all,hard,original47,test,K1-K0,D_high,1292,9,False,-0.001354178713,-0.002799276472,0.0005411005313,-0.8155418577
all,all,medium,original47,test,K1-K0,family_s01,956,8,False,-0.002168842594,-0.01126309946,0.007375628329,-0.2585203643
all,all,medium,original47,test,K1-K0,lpips_alex,956,8,False,-0.006296861801,-0.01235665796,-0.001183417474,-3.778846587
all,all,medium,original47,test,K1-K0,l1,956,8,False,-0.002842636218,-0.004197556803,-0.001574361716,-3.523248109
all,all,medium,original47,test,K1-K0,ssim,956,8,False,0.004710069015,0.00274652891,0.006902067769,0.633419534
all,all,medium,original47,test,K1-K0,D_region,956,8,False,-0.01042308253,-0.01411994339,-0.006147475246,-2.12979848
all,all,medium,original47,test,K1-K0,D_change,956,8,False,-0.01216638859,-0.01934090687,-0.00514894514,-2.65551727
all,all,medium,original47,test,K1-K0,D_high,956,8,False,-0.0002355122772,-0.001897620604,0.001491330113,-0.1573060536
bopomofo,1,all,default128,test,K1-K0,family_s01,112,7,False,0.008379406296,0.001467722069,0.01643193234,0.9782185322
bopomofo,1,all,default128,test,K1-K0,lpips_alex,112,7,False,-0.007494862857,-0.01346396522,-0.002444170582,-5.321712673
bopomofo,1,all,default128,test,K1-K0,l1,112,7,False,-0.002942046502,-0.006207922405,-0.0001395127278,-3.814168643
bopomofo,1,all,default128,test,K1-K0,ssim,112,7,False,0.007189169562,0.0003067325267,0.01536828392,0.9514365578
bopomofo,1,all,default128,test,K1-K0,D_region,112,7,False,-0.02058722145,-0.04325803462,-0.003494787695,-4.133640321
bopomofo,1,all,default128,test,K1-K0,D_change,112,7,False,-0.01474360456,-0.03267241562,0.0002597070166,-3.648067615
bopomofo,1,all,default128,test,K1-K0,D_high,112,7,False,-0.0003236126421,-0.003579483163,0.002482781918,-0.240451557
bopomofo,2,all,default128,test,K1-K0,family_s01,112,7,False,0.008993928321,0.002504815816,0.01570497493,1.044069676
bopomofo,2,all,default128,test,K1-K0,lpips_alex,112,7,False,-0.004440183252,-0.01379546433,0.00393328925,-3.101243524
bopomofo,2,all,default128,test,K1-K0,l1,112,7,False,-0.001451413356,-0.004437056398,0.000966209509,-1.84738414
bopomofo,2,all,default128,test,K1-K0,ssim,112,7,False,0.004423228799,-0.001550428244,0.01146738578,0.5882265016
bopomofo,2,all,default128,test,K1-K0,D_region,112,7,False,-0.01228406706,-0.03078922975,0.002254458497,-2.425852889
bopomofo,2,all,default128,test,K1-K0,D_change,112,7,False,-0.007580097432,-0.0234744125,0.006917137387,-1.842128556
bopomofo,2,all,default128,test,K1-K0,D_high,112,7,False,-0.0007485891027,-0.003091457699,0.001629807454,-0.5501733183
bopomofo,4,all,default128,test,K1-K0,family_s01,112,7,False,0.006113686466,-0.00112210121,0.01464212029,0.7054146977
bopomofo,4,all,default128,test,K1-K0,lpips_alex,112,7,False,-0.002852134839,-0.01184181962,0.006066101204,-1.979240742
bopomofo,4,all,default128,test,K1-K0,l1,112,7,False,-0.0009613312556,-0.003671626528,0.001470164902,-1.223686646
bopomofo,4,all,default128,test,K1-K0,ssim,112,7,False,0.00286765042,-0.002952766519,0.009019721283,0.3812596295
bopomofo,4,all,default128,test,K1-K0,D_region,112,7,False,-0.008170339678,-0.02468553106,0.004844562902,-1.623629545
bopomofo,4,all,default128,test,K1-K0,D_change,112,7,False,-0.005297445027,-0.01947950439,0.00928309959,-1.287557846
bopomofo,4,all,default128,test,K1-K0,D_high,112,7,False,0.0004018233158,-0.001946327077,0.002893081401,0.296237476
bopomofo,8,all,default128,test,K1-K0,family_s01,112,7,False,0.007292374702,-0.003532731107,0.01943483816,0.8437788751
bopomofo,8,all,default128,test,K1-K0,lpips_alex,112,7,False,-0.003511651419,-0.01110928963,0.003592381581,-2.414908387
bopomofo,8,all,default128,test,K1-K0,l1,112,7,False,-0.001072691446,-0.003660889812,0.001180320761,-1.351753384
bopomofo,8,all,default128,test,K1-K0,ssim,112,7,False,0.003119722841,-0.002137462586,0.008990469018,0.4155669536
bopomofo,8,all,default128,test,K1-K0,D_region,112,7,False,-0.008393966194,-0.02392249501,0.003949281094,-1.660711991
bopomofo,8,all,default128,test,K1-K0,D_change,112,7,False,-0.005287384614,-0.01867671395,0.008624884566,-1.278891043
bopomofo,8,all,default128,test,K1-K0,D_high,112,7,False,0.0001363973133,-0.002230582692,0.00274965167,0.1003329139
kana,1,all,default128,test,K1-K0,family_s01,416,13,False,-0.001509073817,-0.00668304403,0.003669110939,-0.1761393128
kana,1,all,default128,test,K1-K0,lpips_alex,416,13,False,-0.004138962034,-0.00691427468,-0.001019949099,-2.509915548
kana,1,all,default128,test,K1-K0,l1,416,13,False,-0.003453597652,-0.005072237133,-0.001766009797,-3.583695634
kana,1,all,default128,test,K1-K0,ssim,416,13,False,0.006706605128,0.003111671427,0.01025494526,0.9608161648
kana,1,all,default128,test,K1-K0,D_region,416,13,False,-0.01406018071,-0.02289829163,-0.005415761263,-2.661166145
kana,1,all,default128,test,K1-K0,D_change,416,13,False,-0.0132384734,-0.02175275997,-0.005469690503,-2.757430692
kana,1,all,default128,test,K1-K0,D_high,416,13,False,-0.001627429335,-0.002690892321,-0.0006259639985,-1.118138883
kana,2,all,default128,test,K1-K0,family_s01,416,13,False,-0.003630531092,-0.009359763309,0.001816348995,-0.420054452
kana,2,all,default128,test,K1-K0,lpips_alex,416,13,False,-0.003059905542,-0.006526592295,0.0005417192731,-1.828856594
kana,2,all,default128,test,K1-K0,l1,416,13,False,-0.002235440471,-0.003895635002,-0.0005651690274,-2.312225088
kana,2,all,default128,test,K1-K0,ssim,416,13,False,0.004119578883,0.0008747454074,0.007441930553,0.5907475041
kana,2,all,default128,test,K1-K0,D_region,416,13,False,-0.01001324279,-0.01763309715,-0.002714924955,-1.895020899
kana,2,all,default128,test,K1-K0,D_change,416,13,False,-0.01003721278,-0.01753348053,-0.00342144608,-2.086697024
kana,2,all,default128,test,K1-K0,D_high,416,13,False,-0.0007722251869,-0.001835694589,0.0002317106423,-0.5346528892
kana,4,all,default128,test,K1-K0,family_s01,416,13,False,-0.003899882762,-0.00879523304,0.001131175486,-0.450315623
kana,4,all,default128,test,K1-K0,lpips_alex,416,13,False,-0.0009236749835,-0.004435656447,0.002726835453,-0.553471301
kana,4,all,default128,test,K1-K0,l1,416,13,False,-0.00144087464,-0.003090299795,0.0001718706323,-1.496717892
kana,4,all,default128,test,K1-K0,ssim,416,13,False,0.002716527714,-0.000742201495,0.00596210179,0.3890811631
kana,4,all,default128,test,K1-K0,D_region,416,13,False,-0.00749720085,-0.01446295771,-0.0007005639141,-1.422725998
kana,4,all,default128,test,K1-K0,D_change,416,13,False,-0.008466747195,-0.01561183716,-0.0009230824519,-1.763515041
kana,4,all,default128,test,K1-K0,D_high,416,13,False,-0.0004885701928,-0.001556710321,0.0006999101396,-0.3389287559
kana,8,all,default128,test,K1-K0,family_s01,416,13,False,-0.001869977828,-0.007397935551,0.003117763559,-0.215311346
kana,8,all,default128,test,K1-K0,lpips_alex,416,13,False,-0.001765821022,-0.005561576902,0.002237031367,-1.076353913
kana,8,all,default128,test,K1-K0,l1,416,13,False,-0.001667450396,-0.003323981105,-8.956661132e-05,-1.745433294
kana,8,all,default128,test,K1-K0,ssim,416,13,False,0.003289867233,-4.805891387e-05,0.006909527283,0.470653382
kana,8,all,default128,test,K1-K0,D_region,416,13,False,-0.007481273192,-0.01482358611,-0.0006580065309,-1.42290915
kana,8,all,default128,test,K1-K0,D_change,416,13,False,-0.009028694377,-0.01809124126,-0.0004793296255,-1.881613813
kana,8,all,default128,test,K1-K0,D_high,416,13,False,-0.0009978433283,-0.002302405542,0.0002518088208,-0.689879509
western,1,all,default128,test,K1-K0,family_s01,1280,16,False,0.002708702044,-0.004831536985,0.009512851663,0.3239364003
western,1,all,default128,test,K1-K0,lpips_alex,1280,16,False,-0.01020160494,-0.01515713798,-0.00594739557,-6.725472877
western,1,all,default128,test,K1-K0,l1,1280,16,False,-0.003043839864,-0.004705044316,-0.001311813953,-4.429889211
western,1,all,default128,test,K1-K0,ssim,1280,16,False,0.007404613931,0.003625072922,0.01111311447,0.9506051306
western,1,all,default128,test,K1-K0,D_region,1280,16,False,-0.01901846144,-0.0256590668,-0.01173116325,-3.848887725
western,1,all,default128,test,K1-K0,D_change,1280,16,False,-0.01981667766,-0.0287844743,-0.01102850891,-4.235410607
western,1,all,default128,test,K1-K0,D_high,1280,16,False,-0.001728892105,-0.002868720068,-0.0005410424374,-1.081103373
western,2,all,default128,test,K1-K0,family_s01,1280,16,False,0.005157163797,-0.001532517808,0.01239296561,0.60823056
western,2,all,default128,test,K1-K0,lpips_alex,1280,16,False,-0.009686515978,-0.01441314832,-0.005215632538,-6.16787866
western,2,all,default128,test,K1-K0,l1,1280,16,False,-0.002614722491,-0.003702115676,-0.001342161058,-3.680821429
western,2,all,default128,test,K1-K0,ssim,1280,16,False,0.005714307055,0.003194663478,0.00802859944,0.7372485269
western,2,all,default128,test,K1-K0,D_region,1280,16,False,-0.01663357915,-0.02182047945,-0.01121124862,-3.315161689
western,2,all,default128,test,K1-K0,D_change,1280,16,False,-0.01600947778,-0.0220445065,-0.009829966757,-3.35465112
western,2,all,default128,test,K1-K0,D_high,1280,16,False,-0.0004451818357,-0.001351379664,0.0004046902816,-0.2790011235
western,4,all,default128,test,K1-K0,family_s01,1280,16,False,0.003844065324,-0.002595404954,0.01001760996,0.45248822
western,4,all,default128,test,K1-K0,lpips_alex,1280,16,False,-0.007994043628,-0.01345088131,-0.002415148071,-5.170746719
western,4,all,default128,test,K1-K0,l1,1280,16,False,-0.002332518002,-0.003275221864,-0.001383962103,-3.303415312
western,4,all,default128,test,K1-K0,ssim,1280,16,False,0.00505797735,0.003058172855,0.006993053984,0.6521541251
western,4,all,default128,test,K1-K0,D_region,1280,16,False,-0.01581649896,-0.02082009809,-0.01088871636,-3.158788852
western,4,all,default128,test,K1-K0,D_change,1280,16,False,-0.01591828007,-0.02113442127,-0.01060746002,-3.34421895
western,4,all,default128,test,K1-K0,D_high,1280,16,False,-0.0002682994644,-0.001142304934,0.0005875787137,-0.1679951051
western,8,all,default128,test,K1-K0,family_s01,1280,16,False,0.004548621917,-0.0006912478543,0.01048785785,0.5332920198
western,8,all,default128,test,K1-K0,lpips_alex,1280,16,False,-0.006309950656,-0.0121389502,0.0004917203084,-4.177756131
western,8,all,default128,test,K1-K0,l1,1280,16,False,-0.00224660703,-0.003509339584,-0.000957168845,-3.228036198
western,8,all,default128,test,K1-K0,ssim,1280,16,False,0.004555294634,0.001474454702,0.007470601478,0.5861390628
western,8,all,default128,test,K1-K0,D_region,1280,16,False,-0.0142546898,-0.02053602386,-0.007773831126,-2.861925243
western,8,all,default128,test,K1-K0,D_change,1280,16,False,-0.01460870309,-0.02097414381,-0.00770334011,-3.085156569
western,8,all,default128,test,K1-K0,D_high,1280,16,False,-0.0001615131274,-0.001184420806,0.0009230758826,-0.1007806041
bopomofo,1,all,default128,train,K1-K0,family_s01,48,3,True,0.00462690151,0.002218557522,0.006541199982,0.5114997652
bopomofo,1,all,default128,train,K1-K0,lpips_alex,48,3,True,-0.001779641025,-0.006942731328,0.0041080378,-1.286341005
bopomofo,1,all,default128,train,K1-K0,l1,48,3,True,0.0005284128625,-0.002301012093,0.002158543539,0.8374357245
bopomofo,1,all,default128,train,K1-K0,ssim,48,3,True,-0.001224842812,-0.006377061157,0.00894615347,-0.1596138698
bopomofo,1,all,default128,train,K1-K0,D_region,48,3,True,-0.005678154218,-0.02906910703,0.009629229084,-1.166113363
bopomofo,1,all,default128,train,K1-K0,D_change,48,3,True,-0.005420406815,-0.01640960388,0.001126137096,-1.33766384
bopomofo,1,all,default128,train,K1-K0,D_high,48,3,True,-0.001204359966,-0.008238861337,0.004299800377,-0.7680037139
bopomofo,2,all,default128,train,K1-K0,family_s01,48,3,True,0.003544230014,-0.001301117241,0.008633561432,0.3890874204
bopomofo,2,all,default128,train,K1-K0,lpips_alex,48,3,True,-0.009520163837,-0.01403596858,-0.006463082274,-7.249556755
bopomofo,2,all,default128,train,K1-K0,l1,48,3,True,-0.002509161036,-0.005861635561,0.001802199287,-3.915518981
bopomofo,2,all,default128,train,K1-K0,ssim,48,3,True,0.006782737808,-0.008571435966,0.02248041462,0.8884628127
bopomofo,2,all,default128,train,K1-K0,D_region,48,3,True,-0.01449771598,-0.04401798174,0.01193363778,-2.940936339
bopomofo,2,all,default128,train,K1-K0,D_change,48,3,True,-0.02392771374,-0.03667141777,0.001280213706,-5.73979402
bopomofo,2,all,default128,train,K1-K0,D_high,48,3,True,-0.004301253318,-0.01326789986,0.0006106724031,-2.711623423
bopomofo,4,all,default128,train,K1-K0,family_s01,48,3,True,0.007670516148,0.00364041701,0.01089843549,0.843901562
bopomofo,4,all,default128,train,K1-K0,lpips_alex,48,3,True,-0.01566307107,-0.02544462658,-0.009741480229,-11.78752468
bopomofo,4,all,default128,train,K1-K0,l1,48,3,True,-0.004443066832,-0.009973463669,0.001531224469,-6.731339385
bopomofo,4,all,default128,train,K1-K0,ssim,48,3,True,0.01177413901,-0.003603960575,0.01963552193,1.554067957
bopomofo,4,all,default128,train,K1-K0,D_region,48,3,True,-0.01968626274,-0.03057712503,-0.002218530513,-3.93601043
bopomofo,4,all,default128,train,K1-K0,D_change,48,3,True,-0.03174810453,-0.06457342952,-0.004575319588,-7.404380585
bopomofo,4,all,default128,train,K1-K0,D_high,48,3,True,-0.004261773545,-0.01139755081,-0.0001887199469,-2.655831982
bopomofo,8,all,default128,train,K1-K0,family_s01,48,3,True,0.004949891319,0.002041537315,0.007161522284,0.54231288
bopomofo,8,all,default128,train,K1-K0,lpips_alex,48,3,True,-0.0137227152,-0.01625873428,-0.01187184337,-10.391312
bopomofo,8,all,default128,train,K1-K0,l1,48,3,True,-0.004318062222,-0.008731059155,0.0005358062279,-6.637507243
bopomofo,8,all,default128,train,K1-K0,ssim,48,3,True,0.01036254292,-0.003980605732,0.0184492962,1.361064838
bopomofo,8,all,default128,train,K1-K0,D_region,48,3,True,-0.02669593816,-0.03219591733,-0.01904398855,-5.347813259
bopomofo,8,all,default128,train,K1-K0,D_change,48,3,True,-0.03047438354,-0.05444750004,-0.008781196084,-7.180149455
bopomofo,8,all,default128,train,K1-K0,D_high,48,3,True,-0.004460902729,-0.01149334665,0.0002717529424,-2.792426978
kana,1,all,default128,train,K1-K0,family_s01,128,4,True,0.001402133144,-0.006012244849,0.009826429421,0.1575290263
kana,1,all,default128,train,K1-K0,lpips_alex,128,4,True,-0.004621253058,-0.01311442419,0.004419823352,-2.929697427
kana,1,all,default128,train,K1-K0,l1,128,4,True,-0.002727729615,-0.005375857551,-0.0008917781522,-3.249823543
kana,1,all,default128,train,K1-K0,ssim,128,4,True,0.007483814707,0.002594759063,0.01105230858,1.063885558
kana,1,all,default128,train,K1-K0,D_region,128,4,True,-0.01571696321,-0.0216900548,-0.008301975438,-3.082565164
kana,1,all,default128,train,K1-K0,D_change,128,4,True,-0.01012288767,-0.01714294008,-0.004364955588,-2.218591542
kana,1,all,default128,train,K1-K0,D_high,128,4,True,-0.0005135472165,-0.001648571459,0.0006214770256,-0.3141585102
kana,2,all,default128,train,K1-K0,family_s01,128,4,True,0.003747959505,-0.003212609561,0.01070852857,0.4181369466
kana,2,all,default128,train,K1-K0,lpips_alex,128,4,True,-0.004186407401,-0.01259542676,0.004222611955,-2.782624785
kana,2,all,default128,train,K1-K0,l1,128,4,True,-0.002102086019,-0.003198056024,-0.00110353956,-2.573272329
kana,2,all,default128,train,K1-K0,ssim,128,4,True,0.005115036838,0.001116306102,0.01132043448,0.7219029735
kana,2,all,default128,train,K1-K0,D_region,128,4,True,-0.01007218508,-0.02337832982,-0.001909672748,-2.013424586
kana,2,all,default128,train,K1-K0,D_change,128,4,True,-0.00777570717,-0.01323522755,-0.002811032464,-1.726961768
kana,2,all,default128,train,K1-K0,D_high,128,4,True,0.0008944895235,-0.00202577759,0.00432290131,0.5472988409
kana,4,all,default128,train,K1-K0,family_s01,128,4,True,0.003755174461,-0.001805376145,0.007301502395,0.4186277327
kana,4,all,default128,train,K1-K0,lpips_alex,128,4,True,-0.006019826193,-0.01262731274,-0.0005222543259,-4.074463984
kana,4,all,default128,train,K1-K0,l1,128,4,True,-0.003122360462,-0.004512692121,-0.00107393618,-3.895291889
kana,4,all,default128,train,K1-K0,ssim,128,4,True,0.007174948295,0.002190548813,0.01258330145,1.00682233
kana,4,all,default128,train,K1-K0,D_region,128,4,True,-0.01459753863,-0.02472592122,-0.006085549016,-2.952490708
kana,4,all,default128,train,K1-K0,D_change,128,4,True,-0.01244104467,-0.01888334192,-0.00336760818,-2.787191292
kana,4,all,default128,train,K1-K0,D_high,128,4,True,6.353278877e-05,-0.003821252729,0.004260904097,0.0388900244
kana,8,all,default128,train,K1-K0,family_s01,128,4,True,3.272423055e-05,-0.004074067925,0.004014353734,0.003625796553
kana,8,all,default128,train,K1-K0,lpips_alex,128,4,True,-0.005569733214,-0.01345361219,0.0003300093522,-3.83252161
kana,8,all,default128,train,K1-K0,l1,128,4,True,-0.003137466331,-0.004832322198,-0.001187313304,-3.965473254
kana,8,all,default128,train,K1-K0,ssim,128,4,True,0.006549615745,-0.0001132892353,0.01374279276,0.9145704605
kana,8,all,default128,train,K1-K0,D_region,128,4,True,-0.01423667884,-0.02896594384,-0.001550845453,-2.900726181
kana,8,all,default128,train,K1-K0,D_change,128,4,True,-0.01191815396,-0.01971475454,-0.002130837878,-2.701533206
kana,8,all,default128,train,K1-K0,D_high,128,4,True,-0.0003091034014,-0.004350192496,0.003935725545,-0.189863839
western,1,all,default128,train,K1-K0,family_s01,400,5,False,0.004709968679,0.002645483464,0.00661639262,0.5330172837
western,1,all,default128,train,K1-K0,lpips_alex,400,5,False,-0.002294162242,-0.01057654166,0.009819657132,-1.608692534
western,1,all,default128,train,K1-K0,l1,400,5,False,-0.004010541131,-0.006415528408,-0.002052997132,-6.237375746
western,1,all,default128,train,K1-K0,ssim,400,5,False,0.01103192619,0.004949143374,0.01779155652,1.416964573
western,1,all,default128,train,K1-K0,D_region,400,5,False,-0.02338201571,-0.03556828629,-0.01130325057,-5.024542494
western,1,all,default128,train,K1-K0,D_change,400,5,False,-0.02003596403,-0.03349616628,-0.008948497847,-4.500069375
western,1,all,default128,train,K1-K0,D_high,400,5,False,-0.003349945061,-0.005649068747,-0.001050821375,-2.028420688
western,2,all,default128,train,K1-K0,family_s01,400,5,False,0.001138825715,-0.004401221648,0.005272192135,0.1271050289
western,2,all,default128,train,K1-K0,lpips_alex,400,5,False,-0.005265436112,-0.008448714344,-0.001354774744,-4.353154992
western,2,all,default128,train,K1-K0,l1,400,5,False,-0.003335086465,-0.005637398514,-0.001724792347,-5.345992926
western,2,all,default128,train,K1-K0,ssim,400,5,False,0.008923078566,0.004407177277,0.01404151555,1.137451973
western,2,all,default128,train,K1-K0,D_region,400,5,False,-0.01810801513,-0.02721406266,-0.009996051379,-3.97871715
western,2,all,default128,train,K1-K0,D_change,400,5,False,-0.01688628649,-0.0315962909,-0.008809130602,-3.897211256
western,2,all,default128,train,K1-K0,D_high,400,5,False,-0.002819820344,-0.004746172968,-0.0008934677206,-1.708308873
western,4,all,default128,train,K1-K0,family_s01,400,5,False,0.007327152863,0.004570410848,0.01008389488,0.8186507983
western,4,all,default128,train,K1-K0,lpips_alex,400,5,False,-0.007563469764,-0.01075689463,-0.004370044898,-6.576855154
western,4,all,default128,train,K1-K0,l1,400,5,False,-0.004009184794,-0.006287096609,-0.002676465269,-6.408285203
western,4,all,default128,train,K1-K0,ssim,400,5,False,0.01056922213,0.007642688083,0.0144969603,1.347287815
western,4,all,default128,train,K1-K0,D_region,400,5,False,-0.02118779361,-0.02776669692,-0.01510565337,-4.671780156
western,4,all,default128,train,K1-K0,D_change,400,5,False,-0.01790955903,-0.03106595041,-0.009403817542,-4.154597721
western,4,all,default128,train,K1-K0,D_high,400,5,False,-0.00302378431,-0.00462456286,-0.001322578285,-1.831574598
western,8,all,default128,train,K1-K0,family_s01,400,5,False,0.006964817941,0.004955369011,0.008974266872,0.7762267731
western,8,all,default128,train,K1-K0,lpips_alex,400,5,False,-0.00849851795,-0.01151855174,-0.006008005459,-7.4522616
western,8,all,default128,train,K1-K0,l1,400,5,False,-0.004246629902,-0.006571294381,-0.002593984035,-6.827800749
western,8,all,default128,train,K1-K0,ssim,400,5,False,0.01134247146,0.007499566521,0.01528454216,1.443809048
western,8,all,default128,train,K1-K0,D_region,400,5,False,-0.0229401337,-0.03167542767,-0.01420483973,-5.074696969
western,8,all,default128,train,K1-K0,D_change,400,5,False,-0.01823934352,-0.03287775028,-0.005921749454,-4.24713147
western,8,all,default128,train,K1-K0,D_high,400,5,False,-0.002819094975,-0.00444454914,-0.001267022491,-1.707995415
bopomofo,1,all,default128,val,K1-K0,family_s01,32,2,True,-0.00718821818,-0.01836939249,0.003992956132,-0.8134739727
bopomofo,1,all,default128,val,K1-K0,lpips_alex,32,2,True,-0.008779018186,-0.02039074805,0.002832711674,-6.371903009
bopomofo,1,all,default128,val,K1-K0,l1,32,2,True,-0.001659983384,-0.005612415322,0.002292448555,-1.867513714
bopomofo,1,all,default128,val,K1-K0,ssim,32,2,True,0.003727029142,-0.006996469256,0.01445052754,0.5072833389
bopomofo,1,all,default128,val,K1-K0,D_region,32,2,True,-0.00213924516,-0.006790090352,0.002511600032,-0.4320847523
bopomofo,1,all,default128,val,K1-K0,D_change,32,2,True,-0.003626724239,-0.01586110331,0.008607654832,-0.8345187342
bopomofo,1,all,default128,val,K1-K0,D_high,32,2,True,-0.0005610708613,-0.001112840138,-9.301584214e-06,-0.348122466
bopomofo,2,all,default128,val,K1-K0,family_s01,32,2,True,-0.006428378168,-0.01568362024,0.0028268639,-0.7237612806
bopomofo,2,all,default128,val,K1-K0,lpips_alex,32,2,True,-0.01172900817,-0.02169658616,-0.001761430176,-8.077348279
bopomofo,2,all,default128,val,K1-K0,l1,32,2,True,-0.004494035841,-0.00899514591,7.07422726e-06,-5.010326405
bopomofo,2,all,default128,val,K1-K0,ssim,32,2,True,0.009861150673,-0.001146325739,0.02086862709,1.345760262
bopomofo,2,all,default128,val,K1-K0,D_region,32,2,True,-0.01143524796,-0.01581028104,-0.007060214877,-2.291644314
bopomofo,2,all,default128,val,K1-K0,D_change,32,2,True,-0.008822949138,-0.01933479682,0.001688898541,-2.008382144
bopomofo,2,all,default128,val,K1-K0,D_high,32,2,True,-0.001566885505,-0.002766499296,-0.0003672717139,-0.9760841781
bopomofo,4,all,default128,val,K1-K0,family_s01,32,2,True,-0.01944036363,-0.04258441459,0.00370368734,-2.186281073
bopomofo,4,all,default128,val,K1-K0,lpips_alex,32,2,True,-0.0124851095,-0.02359828539,-0.001371933613,-8.608311312
bopomofo,4,all,default128,val,K1-K0,l1,32,2,True,-0.003656604243,-0.008123819189,0.0008106107026,-4.142376043
bopomofo,4,all,default128,val,K1-K0,ssim,32,2,True,0.00746961891,-0.00306062705,0.01799986487,1.01336232
bopomofo,4,all,default128,val,K1-K0,D_region,32,2,True,-0.00893250946,-0.01292629912,-0.004938719794,-1.808612335
bopomofo,4,all,default128,val,K1-K0,D_change,32,2,True,-0.004910350777,-0.01578612067,0.005965419114,-1.130605722
bopomofo,4,all,default128,val,K1-K0,D_high,32,2,True,-0.0008445493877,-0.002719299868,0.001030201092,-0.5326655202
bopomofo,8,all,default128,val,K1-K0,family_s01,32,2,True,-0.008792876732,-0.01830239128,0.00071663782,-0.9948368254
bopomofo,8,all,default128,val,K1-K0,lpips_alex,32,2,True,-0.00750334101,-0.01662255358,0.001615871559,-5.33346625
bopomofo,8,all,default128,val,K1-K0,l1,32,2,True,-0.003026412931,-0.00854500166,0.002492175798,-3.467274299
bopomofo,8,all,default128,val,K1-K0,ssim,32,2,True,0.00540984894,-0.008632472607,0.01945217049,0.7299739487
bopomofo,8,all,default128,val,K1-K0,D_region,32,2,True,-0.005607127212,-0.0154476054,0.004233350977,-1.149794124
bopomofo,8,all,default128,val,K1-K0,D_change,32,2,True,-0.002865191549,-0.01784168929,0.01211130619,-0.6662302675
bopomofo,8,all,default128,val,K1-K0,D_high,32,2,True,-0.0006226839032,-0.002358859405,0.001113491599,-0.3961173128
kana,1,all,default128,val,K1-K0,family_s01,96,3,True,-0.01196211173,-0.0249344809,-0.005283754319,-1.367472509
kana,1,all,default128,val,K1-K0,lpips_alex,96,3,True,-0.0002396136018,-0.004704222665,0.003120961774,-0.1813255363
kana,1,all,default128,val,K1-K0,l1,96,3,True,-0.001766912368,-0.004178767319,0.000873520795,-1.778595196
kana,1,all,default128,val,K1-K0,ssim,96,3,True,0.003512516199,-0.003106281436,0.007766840255,0.5128855296
kana,1,all,default128,val,K1-K0,D_region,96,3,True,-0.005353606151,-0.01410701452,0.003186455928,-1.195898036
kana,1,all,default128,val,K1-K0,D_change,96,3,True,-0.0006080271366,-0.006681009196,0.00458120415,-0.123378991
kana,1,all,default128,val,K1-K0,D_high,96,3,True,-0.001010998851,-0.003993549384,0.001046745805,-0.6096680202
kana,2,all,default128,val,K1-K0,family_s01,96,3,True,-0.008108759299,-0.01741938759,-0.00144702848,-0.9275573032
kana,2,all,default128,val,K1-K0,lpips_alex,96,3,True,0.0002546280545,-0.007869898225,0.005839194171,0.1909121426
kana,2,all,default128,val,K1-K0,l1,96,3,True,-0.002493217429,-0.006313176041,0.0004257301879,-2.510694877
kana,2,all,default128,val,K1-K0,ssim,96,3,True,0.004755188125,-0.00228709683,0.01155757894,0.6943537603
kana,2,all,default128,val,K1-K0,D_region,96,3,True,-0.008018172967,-0.02104669157,0.001638878137,-1.787752792
kana,2,all,default128,val,K1-K0,D_change,96,3,True,-0.002837135767,-0.00868887268,0.004983179271,-0.573912259
kana,2,all,default128,val,K1-K0,D_high,96,3,True,-0.001358770843,-0.004631286487,0.001471856143,-0.8220543433
kana,4,all,default128,val,K1-K0,family_s01,96,3,True,-0.009175779608,-0.02700973582,0.0005878414959,-1.04772196
kana,4,all,default128,val,K1-K0,lpips_alex,96,3,True,0.001083180793,-0.009990715305,0.009644284379,0.8207806619
kana,4,all,default128,val,K1-K0,l1,96,3,True,-0.002772241619,-0.007916765068,0.001165877864,-2.818751941
kana,4,all,default128,val,K1-K0,ssim,96,3,True,0.005380039188,-0.004329088102,0.01487905859,0.7824688567
kana,4,all,default128,val,K1-K0,D_region,96,3,True,-0.008279223461,-0.02492278023,0.005318880081,-1.859832525
kana,4,all,default128,val,K1-K0,D_change,96,3,True,-0.00381619654,-0.01431208942,0.008027694654,-0.7762787417
kana,4,all,default128,val,K1-K0,D_high,96,3,True,-0.001481943065,-0.005227823742,0.002584340051,-0.8988838801
kana,8,all,default128,val,K1-K0,family_s01,96,3,True,-0.008813999128,-0.02211734327,-0.0004925625399,-1.006685887
kana,8,all,default128,val,K1-K0,lpips_alex,96,3,True,9.10370339e-05,-0.01015584893,0.007419255562,0.06908802643
kana,8,all,default128,val,K1-K0,l1,96,3,True,-0.003221273318,-0.008889896833,0.0008165679466,-3.27776445
kana,8,all,default128,val,K1-K0,ssim,96,3,True,0.006085001878,-0.003441949302,0.01652039812,0.8843102728
kana,8,all,default128,val,K1-K0,D_region,96,3,True,-0.009424218908,-0.02811587648,0.004587080795,-2.121310429
kana,8,all,default128,val,K1-K0,D_change,96,3,True,-0.006467066705,-0.01590378024,0.001148682088,-1.31833419
kana,8,all,default128,val,K1-K0,D_high,96,3,True,-0.001336639049,-0.005050622858,0.003115827451,-0.8116243018
western,1,all,default128,val,K1-K0,family_s01,400,5,False,0.001113494122,-0.005448993342,0.006272631697,0.1316697519
western,1,all,default128,val,K1-K0,lpips_alex,400,5,False,-0.002690593665,-0.008785195556,0.001384945884,-2.016383168
western,1,all,default128,val,K1-K0,l1,400,5,False,-0.002094124455,-0.003724063649,-0.0002303953482,-3.146275594
western,1,all,default128,val,K1-K0,ssim,400,5,False,0.005310005018,0.0005222673629,0.009159057957,0.6708861791
western,1,all,default128,val,K1-K0,D_region,400,5,False,-0.0117695453,-0.02090606859,-0.001879052669,-2.87314161
western,1,all,default128,val,K1-K0,D_change,400,5,False,-0.01781043358,-0.03038360879,-0.006070237793,-4.304235671
western,1,all,default128,val,K1-K0,D_high,400,5,False,-0.002450465476,-0.004255601466,-0.0006453294866,-1.621147718
western,2,all,default128,val,K1-K0,family_s01,400,5,False,-0.0002350432193,-0.01130544112,0.007669283375,-0.02780503041
western,2,all,default128,val,K1-K0,lpips_alex,400,5,False,-0.0002807861788,-0.004363568526,0.003801996169,-0.2077130606
western,2,all,default128,val,K1-K0,l1,400,5,False,-0.001226598669,-0.002937409578,0.0004842122396,-1.843175283
western,2,all,default128,val,K1-K0,ssim,400,5,False,0.00385286353,-0.0009273258878,0.008633052947,0.4865652319
western,2,all,default128,val,K1-K0,D_region,400,5,False,-0.00676430041,-0.01700240016,0.00347379934,-1.651302689
western,2,all,default128,val,K1-K0,D_change,400,5,False,-0.01255771419,-0.0255809471,0.0004655187204,-3.034825629
western,2,all,default128,val,K1-K0,D_high,400,5,False,-0.002815672504,-0.004859404769,-0.001217812644,-1.868704465
western,4,all,default128,val,K1-K0,family_s01,400,5,False,-0.001643244172,-0.01142685669,0.006971306801,-0.1942021208
western,4,all,default128,val,K1-K0,lpips_alex,400,5,False,0.002133627364,-0.000855902601,0.005726922513,1.60031968
western,4,all,default128,val,K1-K0,l1,400,5,False,-0.0007707407833,-0.002247052228,0.0007055706614,-1.150695549
western,4,all,default128,val,K1-K0,ssim,400,5,False,0.002591888277,-0.002428740518,0.007230422321,0.327457106
western,4,all,default128,val,K1-K0,D_region,400,5,False,-0.00437147148,-0.01409260985,0.005349666886,-1.059855134
western,4,all,default128,val,K1-K0,D_change,400,5,False,-0.009407142065,-0.02059200957,0.001777725443,-2.248716758
western,4,all,default128,val,K1-K0,D_high,400,5,False,-0.002404085724,-0.004765598988,-0.000423003193,-1.599649536
western,8,all,default128,val,K1-K0,family_s01,400,5,False,-0.0003807970416,-0.01141973223,0.008150629681,-0.04475329545
western,8,all,default128,val,K1-K0,lpips_alex,400,5,False,-0.0004654183728,-0.003479758797,0.002970797508,-0.3546237591
western,8,all,default128,val,K1-K0,l1,400,5,False,-0.0007597666888,-0.001975744443,0.0004562110652,-1.140741212
western,8,all,default128,val,K1-K0,ssim,400,5,False,0.002510219105,-0.001771743096,0.006792181307,0.3168526923
western,8,all,default128,val,K1-K0,D_region,400,5,False,-0.004281257419,-0.01217923399,0.003765083132,-1.047740787
western,8,all,default128,val,K1-K0,D_change,400,5,False,-0.00792868115,-0.01735219734,0.001494835038,-1.897257567
western,8,all,default128,val,K1-K0,D_high,400,5,False,-0.001974351751,-0.004442330394,9.598616511e-05,-1.307941811
bopomofo,1,all,original47,test,K1-K0,family_s01,21,7,False,0.008926641373,-0.00226453454,0.01993415185,1.04906429
bopomofo,1,all,original47,test,K1-K0,lpips_alex,21,7,False,-0.009505187472,-0.02434349239,0.006112785212,-6.99178803
bopomofo,1,all,original47,test,K1-K0,l1,21,7,False,-0.00233483554,-0.009956034078,0.002363129754,-3.316215016
bopomofo,1,all,original47,test,K1-K0,ssim,21,7,False,0.006070983818,-0.004471636044,0.02383859131,0.7859841242
bopomofo,1,all,original47,test,K1-K0,D_region,21,7,False,-0.01495590025,-0.07150807338,0.01751177652,-3.007728058
bopomofo,1,all,original47,test,K1-K0,D_change,21,7,False,-0.01236372051,-0.0587997692,0.01716625832,-2.869245353
bopomofo,1,all,original47,test,K1-K0,D_high,21,7,False,0.0002710890202,-0.006171347839,0.004901440016,0.1978296199
bopomofo,2,all,original47,test,K1-K0,family_s01,21,7,False,-0.001046588024,-0.01962549488,0.01608901648,-0.1208261018
bopomofo,2,all,original47,test,K1-K0,lpips_alex,21,7,False,-0.006259835547,-0.02303580443,0.009105898795,-4.496043281
bopomofo,2,all,original47,test,K1-K0,l1,21,7,False,-0.0004957072614,-0.008035673006,0.005116015318,-0.6817572743
bopomofo,2,all,original47,test,K1-K0,ssim,21,7,False,0.002282247782,-0.009478237788,0.01828891308,0.2976219426
bopomofo,2,all,original47,test,K1-K0,D_region,21,7,False,-0.003252534639,-0.05377377357,0.03028918306,-0.6365520591
bopomofo,2,all,original47,test,K1-K0,D_change,21,7,False,0.001387410221,-0.04131150955,0.03583053464,0.3135478593
bopomofo,2,all,original47,test,K1-K0,D_high,21,7,False,0.0003686096697,-0.00408877184,0.004885508191,0.2629169747
bopomofo,4,all,original47,test,K1-K0,family_s01,21,7,False,-0.003812189613,-0.01667641174,0.01039316257,-0.4373908883
bopomofo,4,all,original47,test,K1-K0,lpips_alex,21,7,False,-0.006581119306,-0.02191635022,0.007783047855,-4.706008614
bopomofo,4,all,original47,test,K1-K0,l1,21,7,False,-0.001405729513,-0.008488810399,0.003140683818,-1.907296174
bopomofo,4,all,original47,test,K1-K0,ssim,21,7,False,0.004161647383,-0.005722375773,0.01963198169,0.5442670768
bopomofo,4,all,original47,test,K1-K0,D_region,21,7,False,-0.01121106886,-0.05934374453,0.01968205543,-2.169611028
bopomofo,4,all,original47,test,K1-K0,D_change,21,7,False,-0.002612514865,-0.04056189245,0.02478457774,-0.5832088592
bopomofo,4,all,original47,test,K1-K0,D_high,21,7,False,0.0003986436696,-0.003610078937,0.004048844888,0.2856999841
bopomofo,8,all,original47,test,K1-K0,family_s01,21,7,False,-0.0165251827,-0.03484238968,0.001330163507,-1.889348256
bopomofo,8,all,original47,test,K1-K0,lpips_alex,21,7,False,-0.007958255353,-0.02130271831,0.004797060575,-5.708057777
bopomofo,8,all,original47,test,K1-K0,l1,21,7,False,-0.0003768840716,-0.007823014366,0.004209690683,-0.5129595795
bopomofo,8,all,original47,test,K1-K0,ssim,21,7,False,0.001058784256,-0.009478649213,0.01815114206,0.1382077154
bopomofo,8,all,original47,test,K1-K0,D_region,21,7,False,-0.004730000382,-0.05582104513,0.02577347415,-0.9213029933
bopomofo,8,all,original47,test,K1-K0,D_change,21,7,False,0.004695602826,-0.03810361737,0.03731966161,1.048699317
bopomofo,8,all,original47,test,K1-K0,D_high,21,7,False,0.001570753753,-0.003015084636,0.005725251777,1.133958204
kana,1,all,original47,test,K1-K0,family_s01,91,13,False,-0.0005224851462,-0.01125439075,0.01050107109,-0.06109975341
kana,1,all,original47,test,K1-K0,lpips_alex,91,13,False,-0.002847688129,-0.006372382187,0.001575796738,-1.708158748
kana,1,all,original47,test,K1-K0,l1,91,13,False,-0.002020220467,-0.004023373359,0.0001816133058,-2.185080335
kana,1,all,original47,test,K1-K0,ssim,91,13,False,0.00420498448,-0.0005855230719,0.009387286827,0.5976056808
kana,1,all,original47,test,K1-K0,D_region,91,13,False,-0.008723304494,-0.01861328912,0.0005140501719,-1.698295102
kana,1,all,original47,test,K1-K0,D_change,91,13,False,-0.009026831323,-0.01921207268,0.001596345982,-1.941239766
kana,1,all,original47,test,K1-K0,D_high,91,13,False,-0.0009288675674,-0.002151246764,0.0003218928823,-0.6623687943
kana,2,all,original47,test,K1-K0,family_s01,91,13,False,-0.005712109771,-0.01283197284,0.0015092449,-0.6604596483
kana,2,all,original47,test,K1-K0,lpips_alex,91,13,False,-3.714949548e-05,-0.005491669994,0.006135681753,-0.02228718558
kana,2,all,original47,test,K1-K0,l1,91,13,False,-0.001006644055,-0.003380404816,0.001674487752,-1.084751505
kana,2,all,original47,test,K1-K0,ssim,91,13,False,0.001809494221,-0.003377325068,0.006923850982,0.2571984678
kana,2,all,original47,test,K1-K0,D_region,91,13,False,-0.003024909031,-0.0113958423,0.005916136356,-0.5918773578
kana,2,all,original47,test,K1-K0,D_change,91,13,False,-0.005226756681,-0.01717671828,0.00678553239,-1.130170981
kana,2,all,original47,test,K1-K0,D_high,91,13,False,-0.0005306530294,-0.002325519068,0.001198100286,-0.3820747331
kana,4,all,original47,test,K1-K0,family_s01,91,13,False,-0.005263050834,-0.01392463685,0.004579822261,-0.6069562247
kana,4,all,original47,test,K1-K0,lpips_alex,91,13,False,0.001323298889,-0.004769081694,0.00853951656,0.7977898833
kana,4,all,original47,test,K1-K0,l1,91,13,False,-7.786503532e-05,-0.002409828673,0.002392182496,-0.08420526361
kana,4,all,original47,test,K1-K0,ssim,91,13,False,-0.0006320499101,-0.006605347149,0.005044132741,-0.08969259503
kana,4,all,original47,test,K1-K0,D_region,91,13,False,1.959175199e-05,-0.009858763242,0.01020622583,0.003841991322
kana,4,all,original47,test,K1-K0,D_change,91,13,False,-0.002280192061,-0.01565714615,0.0114193272,-0.4942033712
kana,4,all,original47,test,K1-K0,D_high,91,13,False,-3.221843924e-05,-0.001840296075,0.001749691095,-0.02322362702
kana,8,all,original47,test,K1-K0,family_s01,91,13,False,0.001522351097,-0.008768566681,0.01375600273,0.1751397043
kana,8,all,original47,test,K1-K0,lpips_alex,91,13,False,0.0028810951,-0.002414531466,0.008716974764,1.76978477
kana,8,all,original47,test,K1-K0,l1,91,13,False,0.0002009604781,-0.001962232242,0.002533073087,0.2207897644
kana,8,all,original47,test,K1-K0,ssim,91,13,False,-0.001281975842,-0.007645130115,0.0047676535,-0.1813999412
kana,8,all,original47,test,K1-K0,D_region,91,13,False,0.00117639968,-0.009853906766,0.01186923286,0.2321753251
kana,8,all,original47,test,K1-K0,D_change,91,13,False,-0.001132697522,-0.01495411812,0.01303995496,-0.2462137997
kana,8,all,original47,test,K1-K0,D_high,91,13,False,0.0004092449998,-0.001728014257,0.002632190301,0.2948594664
western,1,all,original47,test,K1-K0,family_s01,592,16,False,0.003306083022,-0.004617137402,0.01039090233,0.3960070083
western,1,all,original47,test,K1-K0,lpips_alex,592,16,False,-0.009893410243,-0.01577705672,-0.005125975988,-6.335890912
western,1,all,original47,test,K1-K0,l1,592,16,False,-0.002422116271,-0.004299295653,-0.0003462036945,-3.419303099
western,1,all,original47,test,K1-K0,ssim,592,16,False,0.005529080975,0.001329580717,0.009439490937,0.71456969
western,1,all,original47,test,K1-K0,D_region,592,16,False,-0.01551921158,-0.023115602,-0.007173551094,-3.167364348
western,1,all,original47,test,K1-K0,D_change,592,16,False,-0.01628746951,-0.02485072344,-0.007620769478,-3.516413724
western,1,all,original47,test,K1-K0,D_high,592,16,False,-0.001636431294,-0.003072415364,-0.0001508324657,-1.029867639
western,2,all,original47,test,K1-K0,family_s01,592,16,False,0.005684979839,-0.002046016083,0.01378450173,0.6720338552
western,2,all,original47,test,K1-K0,lpips_alex,592,16,False,-0.01052295704,-0.01765446448,-0.004164429884,-6.396345757
western,2,all,original47,test,K1-K0,l1,592,16,False,-0.002705815959,-0.004135519026,-0.0009641871575,-3.667163956
western,2,all,original47,test,K1-K0,ssim,592,16,False,0.005733226135,0.002217163795,0.009004563817,0.7461452015
western,2,all,original47,test,K1-K0,D_region,592,16,False,-0.01783865091,-0.02540017371,-0.01002118199,-3.555712885
western,2,all,original47,test,K1-K0,D_change,592,16,False,-0.01728192845,-0.02382616843,-0.01019722057,-3.624495692
western,2,all,original47,test,K1-K0,D_high,592,16,False,-0.0007479946897,-0.002046212703,0.0004900398612,-0.4707760988
western,4,all,original47,test,K1-K0,family_s01,592,16,False,0.004914832301,-0.001602247801,0.01148042788,0.5794365725
western,4,all,original47,test,K1-K0,lpips_alex,592,16,False,-0.008299177818,-0.01589192457,-0.0005530278571,-5.163038876
western,4,all,original47,test,K1-K0,l1,592,16,False,-0.002457307817,-0.00365553078,-0.001279742631,-3.355355362
western,4,all,original47,test,K1-K0,ssim,592,16,False,0.004956217483,0.002771318426,0.007142123883,0.6443353066
western,4,all,original47,test,K1-K0,D_region,592,16,False,-0.016038007,-0.02116255286,-0.0109301384,-3.20948013
western,4,all,original47,test,K1-K0,D_change,592,16,False,-0.01562002907,-0.02042638724,-0.01087868825,-3.291694927
western,4,all,original47,test,K1-K0,D_high,592,16,False,-0.0003795593952,-0.001367618116,0.0006604628065,-0.2384944768
western,8,all,original47,test,K1-K0,family_s01,592,16,False,0.004814928574,-0.0003978009405,0.01097944077,0.5647316948
western,8,all,original47,test,K1-K0,lpips_alex,592,16,False,-0.006325489052,-0.01445090049,0.003947264807,-4.045125065
western,8,all,original47,test,K1-K0,l1,592,16,False,-0.002334426392,-0.00382309171,-0.0009402175639,-3.227671497
western,8,all,original47,test,K1-K0,ssim,592,16,False,0.003992433775,0.0008401473071,0.007367854895,0.5180971026
western,8,all,original47,test,K1-K0,D_region,592,16,False,-0.01380801549,-0.02001098585,-0.008012072731,-2.776203594
western,8,all,original47,test,K1-K0,D_change,592,16,False,-0.01482854692,-0.02062674585,-0.008902774354,-3.130139112
western,8,all,original47,test,K1-K0,D_high,592,16,False,2.470647765e-06,-0.001273518141,0.001434367385,0.001546773844
bopomofo,all,easy,default128,test,K1-K0,family_s01,64,1,True,0.001671551261,,,0.1810029645
bopomofo,all,easy,default128,test,K1-K0,lpips_alex,64,1,True,0.006427763728,,,4.649938149
bopomofo,all,easy,default128,test,K1-K0,l1,64,1,True,0.003756939923,,,4.075602141
bopomofo,all,easy,default128,test,K1-K0,ssim,64,1,True,-0.008763092246,,,-1.252943544
bopomofo,all,easy,default128,test,K1-K0,D_region,64,1,True,0.01619480457,,,3.319580728
bopomofo,all,easy,default128,test,K1-K0,D_change,64,1,True,0.02382133761,,,5.361086486
bopomofo,all,easy,default128,test,K1-K0,D_high,64,1,True,0.005368119688,,,3.867499456
bopomofo,all,hard,default128,test,K1-K0,family_s01,128,2,True,0.01345526171,-0.002438218333,0.02934874175,1.563217349
bopomofo,all,hard,default128,test,K1-K0,lpips_alex,128,2,True,-0.01922235507,-0.02164985245,-0.01679485769,-14.70867171
bopomofo,all,hard,default128,test,K1-K0,l1,128,2,True,-0.004610517913,-0.008799667192,-0.0004213686343,-6.532153698
bopomofo,all,hard,default128,test,K1-K0,ssim,128,2,True,0.01209042397,0.002379341142,0.0218015068,1.538607255
bopomofo,all,hard,default128,test,K1-K0,D_region,128,2,True,-0.03634030384,-0.06088645547,-0.0117941522,-6.834608117
bopomofo,all,hard,default128,test,K1-K0,D_change,128,2,True,-0.01949956879,-0.04503354721,0.006034409627,-4.993928835
bopomofo,all,hard,default128,test,K1-K0,D_high,128,2,True,-0.001054864202,-0.005106613273,0.002996884868,-0.837274242
bopomofo,all,medium,default128,test,K1-K0,family_s01,256,4,True,0.006320466986,-0.002088670502,0.01293423004,0.7456231432
bopomofo,all,medium,default128,test,K1-K0,lpips_alex,256,4,True,-1.502558007e-06,-0.003587043582,0.003385166754,-0.0009949629684
bopomofo,all,medium,default128,test,K1-K0,l1,256,4,True,-0.001445999644,-0.002391260018,-0.0004722212914,-1.833375423
bopomofo,all,medium,default128,test,K1-K0,ssim,256,4,True,0.003845461162,0.003038059879,0.004790921284,0.513196702
bopomofo,all,medium,default128,test,K1-K0,D_region,256,4,True,-0.007506621769,-0.01008131995,-0.005300455261,-1.522939456
bopomofo,all,medium,default128,test,K1-K0,D_change,256,4,True,-0.0106030326,-0.0151933817,-0.006012683501,-2.577287651
bopomofo,all,medium,default128,test,K1-K0,D_high,256,4,True,-0.001048214559,-0.001791674877,-0.0004465690581,-0.7512231097
kana,all,easy,default128,test,K1-K0,family_s01,512,4,True,-0.002043711676,-0.007874222327,0.002858249354,-0.2301471819
kana,all,easy,default128,test,K1-K0,lpips_alex,512,4,True,0.002734432142,-0.0004689001944,0.005937764479,1.401933955
kana,all,easy,default128,test,K1-K0,l1,512,4,True,0.0001683287112,-0.0009620516908,0.001298709113,0.1434254812
kana,all,easy,default128,test,K1-K0,ssim,512,4,True,0.0001544537132,-0.002231184253,0.002540091679,0.02453041808
kana,all,easy,default128,test,K1-K0,D_region,512,4,True,0.0003980971815,-0.002981042984,0.004959447193,0.0855578998
kana,all,easy,default128,test,K1-K0,D_change,512,4,True,-0.001657216664,-0.01289558012,0.008705466695,-0.321450462
kana,all,easy,default128,test,K1-K0,D_high,512,4,True,-1.774830162e-05,-0.001162530098,0.001795009535,-0.01211674106
kana,all,hard,default128,test,K1-K0,family_s01,384,3,True,0.003659687412,-0.004373127944,0.01216154179,0.4328518424
kana,all,hard,default128,test,K1-K0,lpips_alex,384,3,True,-0.001446963821,-0.006968039379,0.006533787528,-1.032548029
kana,all,hard,default128,test,K1-K0,l1,384,3,True,-0.0009678859337,-0.003527941735,0.001943181854,-1.301288759
kana,all,hard,default128,test,K1-K0,ssim,384,3,True,0.001479474442,-0.004101656924,0.007756696515,0.1952357564
kana,all,hard,default128,test,K1-K0,D_region,384,3,True,-0.002947895244,-0.01794070913,0.007110763807,-0.4925247077
kana,all,hard,default128,test,K1-K0,D_change,384,3,True,-0.003862656653,-0.01512487652,0.002337240498,-0.8301041523
kana,all,hard,default128,test,K1-K0,D_high,384,3,True,-0.001252469432,-0.002840101602,0.0006051501259,-0.8867106244
kana,all,medium,default128,test,K1-K0,family_s01,768,6,False,-0.006376663068,-0.01353880053,0.001256858406,-0.7440408147
kana,all,medium,default128,test,K1-K0,lpips_alex,768,6,False,-0.006455669791,-0.009503901039,-0.002701613261,-4.057291624
kana,all,medium,default128,test,K1-K0,l1,768,6,False,-0.004393514551,-0.006064699903,-0.002902375708,-4.722746496
kana,all,medium,default128,test,K1-K0,ssim,768,6,False,0.008274940573,0.005172233883,0.01191672303,1.158992703
kana,all,medium,default128,test,K1-K0,D_region,768,6,False,-0.01994456166,-0.02772502254,-0.01376191277,-3.740731125
kana,all,medium,default128,test,K1-K0,D_change,768,6,False,-0.01904822143,-0.02846731017,-0.01119601903,-4.103317507
kana,all,medium,default128,test,K1-K0,D_high,768,6,False,-0.001466886606,-0.003146234551,-2.247096078e-05,-1.01006695
western,all,easy,default128,test,K1-K0,family_s01,960,3,True,-0.003161919187,-0.007681417,0.001086403499,-0.3622885038
western,all,easy,default128,test,K1-K0,lpips_alex,960,3,True,-0.006535658147,-0.01497778035,0.001847512531,-3.96089514
western,all,easy,default128,test,K1-K0,l1,960,3,True,-0.001797586855,-0.005178594984,0.003399667511,-2.07585684
western,all,easy,default128,test,K1-K0,ssim,960,3,True,0.004256160107,-0.005799703295,0.01041416168,0.5878646635
western,all,easy,default128,test,K1-K0,D_region,960,3,True,-0.009594248685,-0.02183249313,0.007307751849,-2.148982022
western,all,easy,default128,test,K1-K0,D_change,960,3,True,-0.01631453789,-0.03934062812,0.004471784923,-3.309201103
western,all,easy,default128,test,K1-K0,D_high,960,3,True,0.0001750082709,-0.0009030261543,0.001102879294,0.1155650672
western,all,hard,default128,test,K1-K0,family_s01,2560,8,False,0.009571325442,0.00181175395,0.01762453941,1.129721131
western,all,hard,default128,test,K1-K0,lpips_alex,2560,8,False,-0.009223732278,-0.01772988659,-0.001142635009,-6.383217756
western,all,hard,default128,test,K1-K0,l1,2560,8,False,-0.003158408936,-0.004330618744,-0.0019533626,-4.943379359
western,all,hard,default128,test,K1-K0,ssim,2560,8,False,0.007597035506,0.005047069963,0.009777837475,0.9557580543
western,all,hard,default128,test,K1-K0,D_region,2560,8,False,-0.02190637167,-0.02759671836,-0.01597567888,-4.157804281
western,all,hard,default128,test,K1-K0,D_change,2560,8,False,-0.02053347548,-0.02709029555,-0.0143524424,-4.262161533
western,all,hard,default128,test,K1-K0,D_high,2560,8,False,-0.001686813741,-0.002502431205,-0.0008119613951,-0.9924952665
western,all,medium,default128,test,K1-K0,family_s01,1600,5,False,-0.0004101267294,-0.01260404755,0.009887172962,-0.04941184301
western,all,medium,default128,test,K1-K0,lpips_alex,1600,5,False,-0.00867432563,-0.01178272906,-0.005627560135,-5.377916031
western,all,medium,default128,test,K1-K0,l1,1600,5,False,-0.002058143499,-0.00334332661,-0.0009768885527,-2.949501417
western,all,medium,default128,test,K1-K0,ssim,1600,5,False,0.003476801502,5.698323214e-05,0.006245052132,0.4461880132
western,all,medium,default128,test,K1-K0,D_region,1600,5,False,-0.0117718396,-0.01770751773,-0.005331246173,-2.427875878
western,all,medium,default128,test,K1-K0,D_change,1600,5,False,-0.01044022738,-0.01869833866,-0.0001867708657,-2.324824681
western,all,medium,default128,test,K1-K0,D_high,1600,5,False,0.0005107877962,-0.001027775044,0.002049350636,0.3433464399
bopomofo,all,easy,default128,train,K1-K0,family_s01,64,1,True,0.004427056061,,,0.5003222101
bopomofo,all,easy,default128,train,K1-K0,lpips_alex,64,1,True,-0.01290782291,,,-8.746358956
bopomofo,all,easy,default128,train,K1-K0,l1,64,1,True,-0.005111215629,,,-6.762044771
bopomofo,all,easy,default128,train,K1-K0,ssim,64,1,True,0.009570108035,,,1.297154155
bopomofo,all,easy,default128,train,K1-K0,D_region,64,1,True,-0.01613815431,,,-4.315460267
bopomofo,all,easy,default128,train,K1-K0,D_change,64,1,True,-0.03916752525,,,-10.63224389
bopomofo,all,easy,default128,train,K1-K0,D_high,64,1,True,0.0009957939619,,,0.7173970122
bopomofo,all,hard,default128,train,K1-K0,family_s01,128,2,True,0.005583299091,0.004137914628,0.007028683554,0.6058839164
bopomofo,all,hard,default128,train,K1-K0,lpips_alex,128,2,True,-0.008803185221,-0.008851586143,-0.0087547843,-6.948704209
bopomofo,all,hard,default128,train,K1-K0,l1,128,2,True,-0.001472596146,-0.004452135672,0.001506943381,-2.493916261
bopomofo,all,hard,default128,train,K1-K0,ssim,128,2,True,0.00560041233,-0.005633265857,0.01683409052,0.7228360037
bopomofo,all,hard,default128,train,K1-K0,D_region,128,2,True,-0.01689019951,-0.03204953251,-0.001730866497,-3.041987122
bopomofo,all,hard,default128,train,K1-K0,D_change,128,2,True,-0.01475521561,-0.02677289001,-0.002737541217,-3.322939629
bopomofo,all,hard,default128,train,K1-K0,D_high,128,2,True,-0.005833505566,-0.01109941467,-0.000567596464,-3.452420248
kana,all,easy,default128,train,K1-K0,family_s01,256,2,True,-0.001155828184,-0.003809835296,0.001498178928,-0.1317969649
kana,all,easy,default128,train,K1-K0,lpips_alex,256,2,True,-0.005351502303,-0.01591400229,0.005210997682,-3.595584351
kana,all,easy,default128,train,K1-K0,l1,256,2,True,-0.003314365229,-0.004651025178,-0.00197770528,-3.573027265
kana,all,easy,default128,train,K1-K0,ssim,256,2,True,0.004807472803,0.003281011785,0.006333933821,0.694828552
kana,all,easy,default128,train,K1-K0,D_region,256,2,True,-0.01080928865,-0.01274396025,-0.008874617051,-2.585311508
kana,all,easy,default128,train,K1-K0,D_change,256,2,True,-0.01243601763,-0.0158114495,-0.009060585755,-2.964781708
kana,all,easy,default128,train,K1-K0,D_high,256,2,True,-0.0002060301485,-0.0002822146052,-0.0001298456918,-0.1405591285
kana,all,hard,default128,train,K1-K0,family_s01,256,2,True,0.005624823854,0.004185043043,0.007064604666,0.6140526774
kana,all,hard,default128,train,K1-K0,lpips_alex,256,2,True,-0.00484710763,-0.007725566917,-0.001968648343,-3.193203963
kana,all,hard,default128,train,K1-K0,l1,256,2,True,-0.002230455984,-0.003751684118,-0.0007092278508,-3.200553422
kana,all,hard,default128,train,K1-K0,ssim,256,2,True,0.008354234989,0.002393776691,0.01431469329,1.146789289
kana,all,hard,default128,train,K1-K0,D_region,256,2,True,-0.01650239422,-0.02861356316,-0.004391225288,-2.847397036
kana,all,hard,default128,train,K1-K0,D_change,256,2,True,-0.008692879113,-0.01669860957,-0.0006871486548,-1.820230868
kana,all,hard,default128,train,K1-K0,D_high,256,2,True,0.0002737159957,-0.003878996591,0.004426428583,0.1521005099
western,all,easy,default128,train,K1-K0,family_s01,640,2,True,0.003153492277,0.001780648343,0.004526336212,0.3522440077
western,all,easy,default128,train,K1-K0,lpips_alex,640,2,True,-0.005577177479,-0.007567639952,-0.003586715006,-4.373834644
western,all,easy,default128,train,K1-K0,l1,640,2,True,-0.005741879665,-0.008320906895,-0.003162852435,-7.693225857
western,all,easy,default128,train,K1-K0,ssim,640,2,True,0.01311864613,0.0072660561,0.01897123616,1.742183636
western,all,easy,default128,train,K1-K0,D_region,640,2,True,-0.02518855864,-0.03692798298,-0.01344913431,-5.861739831
western,all,easy,default128,train,K1-K0,D_change,640,2,True,-0.02660165144,-0.04420105531,-0.009002247569,-6.0115474
western,all,easy,default128,train,K1-K0,D_high,640,2,True,-0.00274057074,-0.005111148441,-0.0003699930385,-1.915808226
western,all,hard,default128,train,K1-K0,family_s01,640,2,True,0.006355870818,0.004301009327,0.008410732308,0.6998772239
western,all,hard,default128,train,K1-K0,lpips_alex,640,2,True,-0.009406034416,-0.009726739221,-0.00908532961,-8.415107351
western,all,hard,default128,train,K1-K0,l1,640,2,True,-0.003119961608,-0.003392825989,-0.002847097226,-5.712889774
western,all,hard,default128,train,K1-K0,ssim,640,2,True,0.01115921662,0.009959009486,0.01235942374,1.384427871
western,all,hard,default128,train,K1-K0,D_region,640,2,True,-0.02417700766,-0.0242846204,-0.02406939492,-4.5335102
western,all,hard,default128,train,K1-K0,D_change,640,2,True,-0.01605007898,-0.01725677722,-0.01484338073,-3.409539961
western,all,hard,default128,train,K1-K0,D_high,640,2,True,-0.004352255492,-0.004792025452,-0.003912485531,-2.285367193
western,all,medium,default128,train,K1-K0,family_s01,320,1,True,0.006157230306,,,0.7175519386
western,all,medium,default128,train,K1-K0,lpips_alex,320,1,True,0.0004394412041,,,0.3203295043
western,all,medium,default128,train,K1-K0,l1,320,1,True,-0.001778120319,,,-3.186246465
western,all,medium,default128,train,K1-K0,ssim,320,1,True,0.003777647431,,,0.4732184574
western,all,medium,default128,train,K1-K0,D_region,320,1,True,-0.008291315101,,,-2.325398715
western,all,medium,default128,train,K1-K0,D_change,320,1,True,-0.006035480509,,,-1.737716495
western,all,medium,default128,train,K1-K0,D_high,320,1,True,-0.0008301533991,,,-0.5238569449
bopomofo,all,hard,default128,val,K1-K0,family_s01,64,1,True,-0.02373495465,,,-2.801383692
bopomofo,all,hard,default128,val,K1-K0,lpips_alex,64,1,True,-0.02057704329,,,-9.061444462
bopomofo,all,hard,default128,val,K1-K0,l1,64,1,True,-0.00781909552,,,-5.682586964
bopomofo,all,hard,default128,val,K1-K0,ssim,64,1,True,0.0181927975,,,2.867400993
bopomofo,all,hard,default128,val,K1-K0,D_region,64,1,True,-0.01274356898,,,-1.730717317
bopomofo,all,hard,default128,val,K1-K0,D_change,64,1,True,-0.01720592752,,,-2.77573837
bopomofo,all,hard,default128,val,K1-K0,D_high,64,1,True,-0.002239374677,,,-1.19736933
bopomofo,all,medium,default128,val,K1-K0,family_s01,64,1,True,0.002810036298,,,0.3037273943
bopomofo,all,medium,default128,val,K1-K0,lpips_alex,64,1,True,0.0003288048611,,,0.5741392133
bopomofo,all,medium,default128,val,K1-K0,l1,64,1,True,0.001400577321,,,3.548187309
bopomofo,all,medium,default128,val,K1-K0,ssim,64,1,True,-0.004958973663,,,-0.5915037025
bopomofo,all,medium,default128,val,K1-K0,D_region,64,1,True,-0.001313495915,,,-0.5222516045
bopomofo,all,medium,default128,val,K1-K0,D_change,64,1,True,0.007093319669,,,2.84569543
bopomofo,all,medium,default128,val,K1-K0,D_high,64,1,True,0.0004417798482,,,0.3354472443
kana,all,easy,default128,val,K1-K0,family_s01,256,2,True,-0.002837625216,-0.003181492211,-0.00249375822,-0.3160202436
kana,all,easy,default128,val,K1-K0,lpips_alex,256,2,True,-0.00252493217,-0.00818017128,0.003130306941,-2.649752178
kana,all,easy,default128,val,K1-K0,l1,256,2,True,-0.003002113558,-0.006824651315,0.0008204241983,-3.948746422
kana,all,easy,default128,val,K1-K0,ssim,256,2,True,0.00469493253,-0.003291103917,0.01268096898,0.6509785104
kana,all,easy,default128,val,K1-K0,D_region,256,2,True,-0.009182633483,-0.0220480907,0.003682823735,-2.822486194
kana,all,easy,default128,val,K1-K0,D_change,256,2,True,-0.002486032317,-0.009657254675,0.004685190041,-0.6055161801
kana,all,easy,default128,val,K1-K0,D_high,256,2,True,0.0004172783811,-0.0012201356,0.002054692362,0.288131765
kana,all,hard,default128,val,K1-K0,family_s01,128,1,True,-0.02287023689,,,-2.757536651
kana,all,hard,default128,val,K1-K0,lpips_alex,128,1,True,0.00594178855,,,2.87925247
kana,all,hard,default128,val,K1-K0,l1,128,1,True,-0.001686006434,,,-1.167585281
kana,all,hard,default128,val,K1-K0,ssim,128,1,True,0.005409693982,,,0.8773366458
kana,all,hard,default128,val,K1-K0,D_region,128,1,True,-0.004941149149,,,-0.7176498312
kana,all,hard,default128,val,K1-K0,D_change,128,1,True,-0.005324254977,,,-0.8118025071
kana,all,hard,default128,val,K1-K0,D_high,128,1,True,-0.004725820618,,,-2.295673273
western,all,easy,default128,val,K1-K0,family_s01,960,3,True,0.005215434187,-0.001429440361,0.008917768393,0.6001347093
western,all,easy,default128,val,K1-K0,lpips_alex,960,3,True,0.0009750246192,-0.003188658037,0.005566661709,0.9711269406
western,all,easy,default128,val,K1-K0,l1,960,3,True,-0.00145228478,-0.003108450031,0.001159863441,-3.88890176
western,all,easy,default128,val,K1-K0,ssim,960,3,True,0.004679288259,-0.002601328214,0.009027846921,0.5484648017
western,all,easy,default128,val,K1-K0,D_region,960,3,True,-0.01000083519,-0.01798703764,0.005880082527,-3.984561779
western,all,easy,default128,val,K1-K0,D_change,960,3,True,-0.01487831479,-0.02592251494,0.003142655524,-5.16487877
western,all,easy,default128,val,K1-K0,D_high,960,3,True,-0.00278024526,-0.006052881223,0.0002934813849,-2.148964606
western,all,hard,default128,val,K1-K0,family_s01,320,1,True,0.001739005907,,,0.2141858713
western,all,hard,default128,val,K1-K0,lpips_alex,320,1,True,-0.006413269858,,,-2.810528248
western,all,hard,default128,val,K1-K0,l1,320,1,True,8.179641757e-05,,,0.05550043377
western,all,hard,default128,val,K1-K0,ssim,320,1,True,-0.001991599032,,,-0.3225553751
western,all,hard,default128,val,K1-K0,D_region,320,1,True,0.003233999666,,,0.4263480366
western,all,hard,default128,val,K1-K0,D_change,320,1,True,0.0005185399204,,,0.06948977819
western,all,hard,default128,val,K1-K0,D_high,320,1,True,-0.0004775794223,,,-0.2194525657
western,all,medium,default128,val,K1-K0,family_s01,320,1,True,-0.01881729636,,,-2.3060652
western,all,medium,default128,val,K1-K0,lpips_alex,320,1,True,0.001859232434,,,1.356222107
western,all,medium,default128,val,K1-K0,l1,320,1,True,-0.001788980322,,,-2.419173775
western,all,medium,default128,val,K1-K0,ssim,320,1,True,0.005784954167,,,0.7398183947
western,all,medium,default128,val,K1-K0,D_region,320,1,True,-0.007214712352,,,-1.338695928
western,all,medium,default128,val,K1-K0,D_change,320,1,True,-0.01551355929,,,-3.305308348
western,all,medium,default128,val,K1-K0,D_high,320,1,True,-0.003237404115,,,-2.186148518
bopomofo,all,easy,original47,test,K1-K0,family_s01,12,1,True,-0.01247839133,,,-1.35181286
bopomofo,all,easy,original47,test,K1-K0,lpips_alex,12,1,True,-0.002730149155,,,-2.074399624
bopomofo,all,easy,original47,test,K1-K0,l1,12,1,True,0.0009024857233,,,1.016467514
bopomofo,all,easy,original47,test,K1-K0,ssim,12,1,True,-0.007445146674,,,-1.038322118
bopomofo,all,easy,original47,test,K1-K0,D_region,12,1,True,0.02057632059,,,4.083424067
bopomofo,all,easy,original47,test,K1-K0,D_change,12,1,True,0.02802691112,,,6.124731497
bopomofo,all,easy,original47,test,K1-K0,D_high,12,1,True,0.008742637932,,,6.511504268
bopomofo,all,hard,original47,test,K1-K0,family_s01,24,2,True,0.008672182759,-0.002387257914,0.01973162343,0.9987953297
bopomofo,all,hard,original47,test,K1-K0,lpips_alex,24,2,True,-0.03204069038,-0.04069105287,-0.02339032789,-23.94518667
bopomofo,all,hard,original47,test,K1-K0,l1,24,2,True,-0.008106532429,-0.02200357725,0.005790512388,-11.48223294
bopomofo,all,hard,original47,test,K1-K0,ssim,24,2,True,0.02034499939,-0.009461615921,0.05015161471,2.583107138
bopomofo,all,hard,original47,test,K1-K0,D_region,24,2,True,-0.06668201275,-0.156178051,0.02281402548,-11.85256203
bopomofo,all,hard,original47,test,K1-K0,D_change,24,2,True,-0.03255511386,-0.1166977249,0.05158749719,-7.177147601
bopomofo,all,hard,original47,test,K1-K0,D_high,24,2,True,-0.00296436809,-0.01103945822,0.005110722035,-2.247059099
bopomofo,all,medium,original47,test,K1-K0,family_s01,48,4,True,-0.006666570591,-0.02565981448,0.009423286654,-0.7840213655
bopomofo,all,medium,original47,test,K1-K0,lpips_alex,48,4,True,0.003444708496,-0.008111874185,0.0162323198,2.41289924
bopomofo,all,medium,original47,test,K1-K0,l1,48,4,True,0.001809388865,0.0001956316022,0.004066740163,2.603218778
bopomofo,all,medium,original47,test,K1-K0,ssim,48,4,True,-0.002372735361,-0.006789973334,0.002044502613,-0.3081335735
bopomofo,all,medium,original47,test,K1-K0,D_region,48,4,True,0.01325651817,0.003273935368,0.02734562817,2.736103232
bopomofo,all,medium,original47,test,K1-K0,D_change,48,4,True,0.005380044381,7.813548048e-05,0.01068195328,1.243122185
bopomofo,all,medium,original47,test,K1-K0,D_high,48,4,True,0.0004380041113,-0.002423489001,0.002555800447,0.3054223786
kana,all,easy,original47,test,K1-K0,family_s01,112,4,True,-0.007259400828,-0.01083420643,-0.003684595227,-0.8136241752
kana,all,easy,original47,test,K1-K0,lpips_alex,112,4,True,0.00977818016,-0.0006911408688,0.02024750119,5.348170862
kana,all,easy,original47,test,K1-K0,l1,112,4,True,0.003027923438,-0.0008182170069,0.007256697132,2.817573232
kana,all,easy,original47,test,K1-K0,ssim,112,4,True,-0.006752315154,-0.01572292474,0.004774472871,-1.041591556
kana,all,easy,original47,test,K1-K0,D_region,112,4,True,0.008561838019,-0.006595864493,0.02317384391,1.980090322
kana,all,easy,original47,test,K1-K0,D_change,112,4,True,0.01197785525,-0.01535555241,0.03176665532,2.482791026
kana,all,easy,original47,test,K1-K0,D_high,112,4,True,0.0007982512803,-0.001718410025,0.003340706961,0.5754338631
kana,all,hard,original47,test,K1-K0,family_s01,84,3,True,0.009348069983,-0.02729707318,0.02972207165,1.099829563
kana,all,hard,original47,test,K1-K0,lpips_alex,84,3,True,-0.005313332858,-0.008825886196,-0.002825592511,-3.614001151
kana,all,hard,original47,test,K1-K0,l1,84,3,True,-0.001805084602,-0.004115132083,0.0006123676098,-2.390831416
kana,all,hard,original47,test,K1-K0,ssim,84,3,True,0.004796443575,-0.001302787805,0.0105184142,0.634660628
kana,all,hard,original47,test,K1-K0,D_region,84,3,True,-0.004749575896,-0.01737963089,0.0190356427,-0.8032867386
kana,all,hard,original47,test,K1-K0,D_change,84,3,True,-0.01384952771,-0.02807539914,0.009080234383,-3.004914147
kana,all,hard,original47,test,K1-K0,D_high,84,3,True,-0.002045019308,-0.003114116245,-0.0006015545556,-1.484421738
kana,all,medium,original47,test,K1-K0,family_s01,168,6,False,-0.005237719044,-0.01257196273,0.003985251522,-0.6144749195
kana,all,medium,original47,test,K1-K0,lpips_alex,168,6,False,-0.003147360647,-0.008016390593,0.001404277936,-1.928321983
kana,all,medium,original47,test,K1-K0,l1,168,6,False,-0.002688948242,-0.004501925781,-0.0009522910806,-2.976393384
kana,all,medium,original47,test,K1-K0,ssim,168,6,False,0.004324400329,0.0003092506883,0.008591185027,0.6033981177
kana,all,medium,original47,test,K1-K0,D_region,168,6,False,-0.009048891032,-0.01710643406,-0.0002784388406,-1.734068683
kana,all,medium,original47,test,K1-K0,D_change,168,6,False,-0.01062981501,-0.02227867554,0.001065117972,-2.365215817
kana,all,medium,original47,test,K1-K0,D_high,168,6,False,-9.600880245e-05,-0.002569722854,0.002323998771,-0.06850295875
western,all,easy,original47,test,K1-K0,family_s01,444,3,True,-0.00544920416,-0.009970919204,-0.003112424266,-0.6259433823
western,all,easy,original47,test,K1-K0,lpips_alex,444,3,True,-0.006911789378,-0.0162099949,0.002237463521,-3.91330595
western,all,easy,original47,test,K1-K0,l1,444,3,True,-0.001061415935,-0.005514370403,0.005592844764,-1.195470617
western,all,easy,original47,test,K1-K0,ssim,444,3,True,0.001643106377,-0.01033039912,0.009358265215,0.2288378303
western,all,easy,original47,test,K1-K0,D_region,444,3,True,-0.005647519352,-0.01565620142,0.01372194602,-1.283467936
western,all,easy,original47,test,K1-K0,D_change,444,3,True,-0.0100786405,-0.03189583324,0.00940543091,-2.077812692
western,all,easy,original47,test,K1-K0,D_high,444,3,True,0.0006341825634,-0.001798755212,0.002408441811,0.4326893735
western,all,hard,original47,test,K1-K0,family_s01,1184,8,False,0.008916010356,0.001291177959,0.01776473713,1.05054632
western,all,hard,original47,test,K1-K0,lpips_alex,1184,8,False,-0.008630518265,-0.01944615783,0.002228560892,-5.759172148
western,all,hard,original47,test,K1-K0,l1,1184,8,False,-0.002684304126,-0.003988066967,-0.00139654172,-3.994256014
western,all,hard,original47,test,K1-K0,ssim,1184,8,False,0.006688982891,0.003374629979,0.009920835946,0.8502287855
western,all,hard,original47,test,K1-K0,D_region,1184,8,False,-0.02048794364,-0.0276776415,-0.01215441203,-3.886776187
western,all,hard,original47,test,K1-K0,D_change,1184,8,False,-0.02071830264,-0.02572895128,-0.01580138474,-4.273272434
western,all,hard,original47,test,K1-K0,D_high,1184,8,False,-0.002090936697,-0.003029964405,-0.001079761157,-1.22053357
western,all,medium,original47,test,K1-K0,family_s01,740,5,False,0.003980564915,-0.009483006118,0.01538457488,0.482478126
western,all,medium,original47,test,K1-K0,lpips_alex,740,5,False,-0.01007692447,-0.01744190189,-0.004252744141,-6.126590029
western,all,medium,original47,test,K1-K0,l1,740,5,False,-0.003003996987,-0.004372705169,-0.001635288805,-4.2103797
western,all,medium,original47,test,K1-K0,ssim,740,5,False,0.004480530242,0.002779563566,0.006494553655,0.5774082578
western,all,medium,original47,test,K1-K0,D_region,740,5,False,-0.01439388656,-0.01896296772,-0.01008947651,-2.976470378
western,all,medium,original47,test,K1-K0,D_change,740,5,False,-0.01201791063,-0.0193322082,-0.004703613048,-2.707751735
western,all,medium,original47,test,K1-K0,D_high,740,5,False,0.0007557773912,-0.0007159657072,0.002743433678,0.5131359906
all,1,easy,default128,test,K1-K0,family_s01,384,4,True,-0.002301921868,-0.008481604845,0.003877761109,-0.2630587732
all,1,easy,default128,test,K1-K0,lpips_alex,384,4,True,-0.008450446235,-0.01995367625,0.001133204754,-5.204741805
all,1,easy,default128,test,K1-K0,l1,384,4,True,-0.003011018318,-0.007076103146,0.001801301711,-3.223533829
all,1,easy,default128,test,K1-K0,ssim,384,4,True,0.006944746415,-0.002512160609,0.01620783334,0.9959971785
all,1,easy,default128,test,K1-K0,D_region,384,4,True,-0.0134094874,-0.02779512846,0.002135276761,-2.988109816
all,1,easy,default128,test,K1-K0,D_change,384,4,True,-0.01429189104,-0.03789563528,0.00449582686,-2.999485323
all,1,easy,default128,test,K1-K0,D_high,384,4,True,-0.0006618882651,-0.002842489952,0.0008979667133,-0.4471849173
all,1,hard,default128,test,K1-K0,family_s01,768,9,False,0.01047700708,0.003943303505,0.01737618217,1.236122764
all,1,hard,default128,test,K1-K0,lpips_alex,768,9,False,-0.0115277262,-0.01666188725,-0.007064839434,-7.811629954
all,1,hard,default128,test,K1-K0,l1,768,9,False,-0.002927045355,-0.004275822135,-0.001495690847,-4.355854894
all,1,hard,default128,test,K1-K0,ssim,768,9,False,0.007353255553,0.004222762881,0.01024820424,0.9363167735
all,1,hard,default128,test,K1-K0,D_region,768,9,False,-0.02041299155,-0.02639197327,-0.01422631367,-3.803531784
all,1,hard,default128,test,K1-K0,D_change,768,9,False,-0.01865867158,-0.02736105318,-0.009351602831,-3.951886745
all,1,hard,default128,test,K1-K0,D_high,768,9,False,-0.001980301617,-0.003307629008,-0.0004085849782,-1.211010804
all,1,medium,default128,test,K1-K0,family_s01,656,8,False,-0.004743943745,-0.01571253966,0.00468062098,-0.5708039156
all,1,medium,default128,test,K1-K0,lpips_alex,656,8,False,-0.006530033946,-0.007138061567,-0.005887001974,-3.882618696
all,1,medium,default128,test,K1-K0,l1,656,8,False,-0.003579723878,-0.005031319088,-0.002415376468,-4.307768221
all,1,medium,default128,test,K1-K0,ssim,656,8,False,0.007078168696,0.004264173073,0.01049928934,0.9571299421
all,1,medium,default128,test,K1-K0,D_region,656,8,False,-0.01737615655,-0.02446944395,-0.01159805551,-3.471938547
all,1,medium,default128,test,K1-K0,D_change,656,8,False,-0.01707760418,-0.02594031077,-0.008124099206,-3.679170364
all,1,medium,default128,test,K1-K0,D_high,656,8,False,-0.001293967584,-0.002891862921,0.0003471386486,-0.8576184316
all,2,easy,default128,test,K1-K0,family_s01,384,4,True,-0.00136215808,-0.006303906424,0.004201215825,-0.1536280657
all,2,easy,default128,test,K1-K0,lpips_alex,384,4,True,-0.001106685438,-0.004201473502,0.002463911361,-0.6368065803
all,2,easy,default128,test,K1-K0,l1,384,4,True,-0.0001197217349,-0.003307439015,0.002473729428,-0.1215127021
all,2,easy,default128,test,K1-K0,ssim,384,4,True,-8.414680663e-05,-0.004275479897,0.005036306273,-0.01223872121
all,2,easy,default128,test,K1-K0,D_region,384,4,True,-0.0007783078389,-0.006497981226,0.004941365549,-0.1689666415
all,2,easy,default128,test,K1-K0,D_change,384,4,True,-0.002637357584,-0.02108687492,0.01162018338,-0.5312293145
all,2,easy,default128,test,K1-K0,D_high,384,4,True,0.001299611625,0.0002533965744,0.002579835011,0.8769084496
all,2,hard,default128,test,K1-K0,family_s01,768,9,False,0.008815712012,0.0001799800782,0.0178016492,1.035580759
all,2,hard,default128,test,K1-K0,lpips_alex,768,9,False,-0.01255977964,-0.02003706647,-0.005638486285,-8.315018537
all,2,hard,default128,test,K1-K0,l1,768,9,False,-0.002956756107,-0.004110430341,-0.0018233749,-4.326400835
all,2,hard,default128,test,K1-K0,ssim,768,9,False,0.007532906097,0.005115975992,0.009940399212,0.9610418145
all,2,hard,default128,test,K1-K0,D_region,768,9,False,-0.02085073222,-0.02610859659,-0.01556130092,-3.853044225
all,2,hard,default128,test,K1-K0,D_change,768,9,False,-0.01712643439,-0.02419927368,-0.009939576126,-3.591183483
all,2,hard,default128,test,K1-K0,D_high,768,9,False,-0.001351846342,-0.002454748334,-0.0002188294479,-0.8291674396
all,2,medium,default128,test,K1-K0,family_s01,656,8,False,-0.002569181997,-0.01078295767,0.005719425662,-0.3028171175
all,2,medium,default128,test,K1-K0,lpips_alex,656,8,False,-0.008138174407,-0.01215550565,-0.004969173251,-4.901387328
all,2,medium,default128,test,K1-K0,l1,656,8,False,-0.00360134008,-0.004831945261,-0.002536659981,-4.382816783
all,2,medium,default128,test,K1-K0,ssim,656,8,False,0.006522880372,0.004179904053,0.009135088978,0.8796753127
all,2,medium,default128,test,K1-K0,D_region,656,8,False,-0.01652060195,-0.02092389147,-0.01191324502,-3.320215617
all,2,medium,default128,test,K1-K0,D_change,656,8,False,-0.01568714118,-0.0224182039,-0.008786205166,-3.406296416
all,2,medium,default128,test,K1-K0,D_high,656,8,False,-0.0006381624768,-0.001865125342,0.000484940369,-0.4249401999
all,4,easy,default128,test,K1-K0,family_s01,384,4,True,-0.002960256268,-0.007018804218,0.0005163411344,-0.3328805885
all,4,easy,default128,test,K1-K0,lpips_alex,384,4,True,0.002065333654,-0.0005750203106,0.004897774405,1.17916449
all,4,easy,default128,test,K1-K0,l1,384,4,True,0.0007930014363,-0.0007874333001,0.002373436173,0.8093175415
all,4,easy,default128,test,K1-K0,ssim,384,4,True,-0.001787705345,-0.007999600683,0.002456665585,-0.2595635579
all,4,easy,default128,test,K1-K0,D_region,384,4,True,0.001274993643,-0.006707174437,0.01116369239,0.2784542376
all,4,easy,default128,test,K1-K0,D_change,384,4,True,-0.00162063141,-0.01800188346,0.01801307945,-0.3272185503
all,4,easy,default128,test,K1-K0,D_high,384,4,True,0.001723138272,0.0001800488847,0.004282905271,1.163074377
all,4,hard,default128,test,K1-K0,family_s01,768,9,False,0.00897164363,0.001786708039,0.01601633036,1.053039601
all,4,hard,default128,test,K1-K0,lpips_alex,768,9,False,-0.008900380354,-0.0176501277,0.0003491440329,-5.896076731
all,4,hard,default128,test,K1-K0,l1,768,9,False,-0.002699093832,-0.00391670085,-0.001509862119,-3.943954035
all,4,hard,default128,test,K1-K0,ssim,768,9,False,0.006453738952,0.004020071097,0.008833595742,0.8242604223
all,4,hard,default128,test,K1-K0,D_region,768,9,False,-0.01941329626,-0.02458107114,-0.01376274771,-3.576722721
all,4,hard,default128,test,K1-K0,D_change,768,9,False,-0.01644633256,-0.02421385407,-0.008032268,-3.442008208
all,4,hard,default128,test,K1-K0,D_high,768,9,False,-0.001037179836,-0.002190287728,0.0002947223264,-0.6350536144
all,4,medium,default128,test,K1-K0,family_s01,656,8,False,-0.003796483748,-0.01228904144,0.004315882962,-0.447861756
all,4,medium,default128,test,K1-K0,lpips_alex,656,8,False,-0.008591340789,-0.01348336453,-0.004604463181,-5.342303905
all,4,medium,default128,test,K1-K0,l1,656,8,False,-0.00301440208,-0.004355823281,-0.00179666593,-3.696566318
all,4,medium,default128,test,K1-K0,ssim,656,8,False,0.005315184444,0.002631402564,0.007894141037,0.7153945348
all,4,medium,default128,test,K1-K0,D_region,656,8,False,-0.0131174678,-0.01780518931,-0.007983932847,-2.659049074
all,4,medium,default128,test,K1-K0,D_change,656,8,False,-0.01436993768,-0.02062229331,-0.007926697281,-3.13481285
all,4,medium,default128,test,K1-K0,D_high,656,8,False,-0.0003563834652,-0.00162274228,0.001002097119,-0.2372551855
all,8,easy,default128,test,K1-K0,family_s01,384,4,True,-0.001188554884,-0.004622707143,0.001739184439,-0.1333541943
all,8,easy,default128,test,K1-K0,lpips_alex,384,4,True,-0.001636718189,-0.006497057803,0.003223621425,-0.9833119389
all,8,easy,default128,test,K1-K0,l1,384,4,True,-0.0002945112507,-0.002691749171,0.00210272667,-0.3126098816
all,8,easy,default128,test,K1-K0,ssim,384,4,True,0.0002914720011,-0.005649059052,0.006232003054,0.04192678631
all,8,easy,default128,test,K1-K0,D_region,384,4,True,-0.00195697205,-0.0132454357,0.007876019659,-0.4357600811
all,8,easy,default128,test,K1-K0,D_change,384,4,True,-0.005496266309,-0.02329053367,0.01519155635,-1.126092907
all,8,easy,default128,test,K1-K0,D_high,384,4,True,0.0007881814104,-0.001051430557,0.003444334392,0.5299717234
all,8,hard,default128,test,K1-K0,family_s01,768,9,False,0.01129671442,0.003251138012,0.02012738621,1.325394207
all,8,hard,default128,test,K1-K0,lpips_alex,768,9,False,-0.006563864794,-0.01698445143,0.005465399553,-4.406462477
all,8,hard,default128,test,K1-K0,l1,768,9,False,-0.002780819056,-0.004227445261,-0.001423074277,-4.07137602
all,8,hard,default128,test,K1-K0,ssim,768,9,False,0.00629890384,0.003283844561,0.009508875451,0.8045335745
all,8,hard,default128,test,K1-K0,D_region,768,9,False,-0.01843002483,-0.02449432889,-0.01216430553,-3.402408606
all,8,hard,default128,test,K1-K0,D_change,768,9,False,-0.01575021814,-0.02397817009,-0.007100536712,-3.309321911
all,8,hard,default128,test,K1-K0,D_high,768,9,False,-0.0008978229807,-0.002272784008,0.0006794012351,-0.5487151351
all,8,medium,default128,test,K1-K0,family_s01,656,8,False,-0.003944209669,-0.01106514454,0.003232253957,-0.4610672197
all,8,medium,default128,test,K1-K0,lpips_alex,656,8,False,-0.007188372218,-0.009599939774,-0.004663946931,-4.454821962
all,8,medium,default128,test,K1-K0,l1,656,8,False,-0.002588409549,-0.004418961934,-0.0006887063807,-3.127902803
all,8,medium,default128,test,K1-K0,ssim,656,8,False,0.004449464908,-0.0003864759803,0.008638086897,0.6010877043
all,8,medium,default128,test,K1-K0,D_region,656,8,False,-0.01091469757,-0.01821235495,-0.002643107333,-2.194102767
all,8,medium,default128,test,K1-K0,D_change,656,8,False,-0.01163655723,-0.02068708429,-0.001765329453,-2.508625997
all,8,medium,default128,test,K1-K0,D_high,656,8,False,-0.0002057638809,-0.001992590972,0.001699976192,-0.1359343251
all,1,easy,default128,train,K1-K0,family_s01,240,3,True,0.003174927763,-0.002672805761,0.00619503736,0.3580762661
all,1,easy,default128,train,K1-K0,lpips_alex,240,3,True,-0.00299062804,-0.01282642855,0.007529532226,-2.098489112
all,1,easy,default128,train,K1-K0,l1,240,3,True,-0.003688584664,-0.007888340883,0.0002546721814,-4.518010228
all,1,easy,default128,train,K1-K0,ssim,240,3,True,0.007835280787,-0.002183692687,0.01829171834,1.076545459
all,1,easy,default128,train,K1-K0,D_region,240,3,True,-0.01646532516,-0.03738017939,0.000422373414,-3.945411886
all,1,easy,default128,train,K1-K0,D_change,240,3,True,-0.01577170955,-0.03641845964,-0.001760842899,-3.72159851
all,1,easy,default128,train,K1-K0,D_high,240,3,True,-0.001537270421,-0.005696708403,0.001849941288,-1.083210997
all,1,hard,default128,train,K1-K0,family_s01,256,2,True,0.0040153148,0.00260176335,0.00542886625,0.4449866898
all,1,hard,default128,train,K1-K0,lpips_alex,256,2,True,-0.007573994677,-0.008303611772,-0.006844377582,-5.89900755
all,1,hard,default128,train,K1-K0,l1,256,2,True,-0.00273519944,-0.003612124374,-0.001858274506,-4.528489228
all,1,hard,default128,train,K1-K0,ssim,256,2,True,0.0104685064,0.005913260184,0.01502375261,1.347138622
all,1,hard,default128,train,K1-K0,D_region,256,2,True,-0.02339626697,-0.03109041916,-0.01570211479,-4.181164815
all,1,hard,default128,train,K1-K0,D_change,256,2,True,-0.01567382659,-0.02363225853,-0.007715394662,-3.248978921
all,1,hard,default128,train,K1-K0,D_high,256,2,True,-0.003219634935,-0.004757883842,-0.001681386027,-1.730200632
all,1,medium,default128,train,K1-K0,family_s01,80,1,True,0.002648469433,,,0.3158201334
all,1,medium,default128,train,K1-K0,lpips_alex,80,1,True,0.02141845068,,,9.657064498
all,1,medium,default128,train,K1-K0,l1,80,1,True,-0.001024427892,,,-1.691578792
all,1,medium,default128,train,K1-K0,ssim,80,1,True,0.00120360153,,,0.1531092256
all,1,medium,default128,train,K1-K0,D_region,80,1,True,-0.006079061329,,,-1.619346196
all,1,medium,default128,train,K1-K0,D_change,80,1,True,-0.008294264041,,,-2.251101132
all,1,medium,default128,train,K1-K0,D_high,80,1,True,-0.0003607138991,,,-0.2296113163
all,2,easy,default128,train,K1-K0,family_s01,240,3,True,-0.001361783777,-0.008174415545,0.002629969828,-0.1528487973
all,2,easy,default128,train,K1-K0,lpips_alex,240,3,True,-0.004160864666,-0.01031794115,0.00105457264,-3.064561694
all,2,easy,default128,train,K1-K0,l1,240,3,True,-0.003684453768,-0.006163300824,-0.001890423234,-4.626235195
all,2,easy,default128,train,K1-K0,ssim,240,3,True,0.007689300804,0.002906205353,0.01315572123,1.050185156
all,2,easy,default128,train,K1-K0,D_region,240,3,True,-0.01555819712,-0.02571405071,-0.00799026185,-3.772862635
all,2,easy,default128,train,K1-K0,D_change,240,3,True,-0.02070704692,-0.03427936775,-0.009486936778,-4.945320777
all,2,easy,default128,train,K1-K0,D_high,240,3,True,-0.001325957156,-0.003847216256,1.146116604e-05,-0.9348668854
all,2,hard,default128,train,K1-K0,family_s01,256,2,True,0.006651202275,0.005722698988,0.007579705562,0.7276417951
all,2,hard,default128,train,K1-K0,lpips_alex,256,2,True,-0.007311532361,-0.008980302839,-0.005642761884,-5.886072138
all,2,hard,default128,train,K1-K0,l1,256,2,True,-0.002462579066,-0.002913235268,-0.002011922865,-4.150442118
all,2,hard,default128,train,K1-K0,ssim,256,2,True,0.008876404325,0.005477328736,0.01227547991,1.136212122
all,2,hard,default128,train,K1-K0,D_region,256,2,True,-0.01767422893,-0.02292717027,-0.0124212876,-3.219308789
all,2,hard,default128,train,K1-K0,D_change,256,2,True,-0.010660003,-0.0139218421,-0.0073981639,-2.260828728
all,2,hard,default128,train,K1-K0,D_high,256,2,True,-0.002901835789,-0.004484773788,-0.00131889779,-1.561542593
all,2,medium,default128,train,K1-K0,family_s01,80,1,True,0.0004723098129,,,0.05459621165
all,2,medium,default128,train,K1-K0,lpips_alex,80,1,True,0.001690972364,,,1.372977881
all,2,medium,default128,train,K1-K0,l1,80,1,True,-0.0009015012255,,,-1.627629444
all,2,medium,default128,train,K1-K0,ssim,80,1,True,0.001296891853,,,0.1621133939
all,2,medium,default128,train,K1-K0,D_region,80,1,True,-0.005032561906,,,-1.415133772
all,2,medium,default128,train,K1-K0,D_change,80,1,True,-0.008626229223,,,-2.452323343
all,2,medium,default128,train,K1-K0,D_high,80,1,True,-0.0004414535128,,,-0.2780309245
all,4,easy,default128,train,K1-K0,family_s01,240,3,True,0.003823041058,0.002136806558,0.005694388101,0.4280662398
all,4,easy,default128,train,K1-K0,lpips_alex,240,3,True,-0.005987048233,-0.007644027316,-0.002681839187,-4.462164825
all,4,easy,default128,train,K1-K0,l1,240,3,True,-0.005356450631,-0.007431183194,-0.003036231745,-6.655954857
all,4,easy,default128,train,K1-K0,ssim,240,3,True,0.01107418755,0.007120434011,0.0148313597,1.517368535
all,4,easy,default128,train,K1-K0,D_region,240,3,True,-0.02019609069,-0.02783087135,-0.01355349757,-4.873114413
all,4,easy,default128,train,K1-K0,D_change,240,3,True,-0.02546337959,-0.03668163664,-0.009128469508,-5.968763512
all,4,easy,default128,train,K1-K0,D_high,240,3,True,-0.001219877431,-0.002856676267,-0.000250836648,-0.8517288655
all,4,hard,default128,train,K1-K0,family_s01,256,2,True,0.00797417009,0.006300532958,0.009647807223,0.8742622415
all,4,hard,default128,train,K1-K0,lpips_alex,256,2,True,-0.008199180447,-0.009370677872,-0.007027683023,-6.711613682
all,4,hard,default128,train,K1-K0,l1,256,2,True,-0.00249470397,-0.003122074568,-0.001867333373,-4.259611994
all,4,hard,default128,train,K1-K0,ssim,256,2,True,0.009247493289,0.005712616531,0.01278237005,1.179225824
all,4,hard,default128,train,K1-K0,D_region,256,2,True,-0.01991324389,-0.02406939224,-0.01575709553,-3.660353668
all,4,hard,default128,train,K1-K0,D_change,256,2,True,-0.01318907482,-0.0164621392,-0.009916010429,-2.831487823
all,4,hard,default128,train,K1-K0,D_high,256,2,True,-0.00363499482,-0.005876976124,-0.001393013517,-1.963876248
all,4,medium,default128,train,K1-K0,family_s01,80,1,True,0.0116829183,,,1.351584721
all,4,medium,default128,train,K1-K0,lpips_alex,80,1,True,-0.01265189089,,,-12.33259812
all,4,medium,default128,train,K1-K0,l1,80,1,True,-0.002923437713,,,-5.43660178
all,4,medium,default128,train,K1-K0,ssim,80,1,True,0.007151733849,,,0.8900834973
all,4,medium,default128,train,K1-K0,D_region,80,1,True,-0.01334534772,,,-3.845741102
all,4,medium,default128,train,K1-K0,D_change,80,1,True,-0.007466509566,,,-2.257669828
all,4,medium,default128,train,K1-K0,D_high,80,1,True,-0.00136089474,,,-0.8602946786
all,8,easy,default128,train,K1-K0,family_s01,240,3,True,0.003942714717,0.0005760408406,0.005834894814,0.440973634
all,8,easy,default128,train,K1-K0,lpips_alex,240,3,True,-0.006018311184,-0.009029611729,-0.004254514274,-4.512052291
all,8,easy,default128,train,K1-K0,l1,240,3,True,-0.005213751504,-0.007606652144,-0.003183455457,-6.508204981
all,8,easy,default128,train,K1-K0,ssim,240,3,True,0.01073991306,0.007539997857,0.01516351412,1.470542228
all,8,easy,default128,train,K1-K0,D_region,240,3,True,-0.02079797723,-0.02914794734,-0.01483459137,-5.012865486
all,8,easy,default128,train,K1-K0,D_change,240,3,True,-0.02364215618,-0.03697949342,-0.008257757872,-5.546594626
all,8,easy,default128,train,K1-K0,D_high,240,3,True,-0.001058333088,-0.002525211312,-0.0003219749779,-0.7362045875
all,8,hard,default128,train,K1-K0,family_s01,256,2,True,0.005665463279,0.003879371565,0.007451554993,0.6167491279
all,8,hard,default128,train,K1-K0,lpips_alex,256,2,True,-0.009679078794,-0.01122444883,-0.008133708761,-8.079261612
all,8,hard,default128,train,K1-K0,l1,256,2,True,-0.0030741756,-0.003448060811,-0.002700290389,-5.351425164
all,8,hard,default128,train,K1-K0,ssim,256,2,True,0.01046007868,0.007371462026,0.01354869534,1.326592744
all,8,hard,default128,train,K1-K0,D_region,256,2,True,-0.02440627333,-0.02726289874,-0.02154964791,-4.53798379
all,8,hard,default128,train,K1-K0,D_change,256,2,True,-0.01667277995,-0.0192107578,-0.0141348021,-3.650631538
all,8,hard,default128,train,K1-K0,D_high,256,2,True,-0.003767209972,-0.006289133802,-0.001245286141,-2.052604739
all,8,medium,default128,train,K1-K0,family_s01,80,1,True,0.009825223684,,,1.136823094
all,8,medium,default128,train,K1-K0,lpips_alex,80,1,True,-0.008699767338,,,-8.596945011
all,8,medium,default128,train,K1-K0,l1,80,1,True,-0.002263114447,,,-4.229854433
all,8,medium,default128,train,K1-K0,ssim,80,1,True,0.005458362491,,,0.6792676283
all,8,medium,default128,train,K1-K0,D_region,80,1,True,-0.008708289452,,,-2.501122265
all,8,medium,default128,train,K1-K0,D_change,80,1,True,0.0002450807951,,,0.07243165187
all,8,medium,default128,train,K1-K0,D_high,80,1,True,-0.001157551445,,,-0.7243189744
all,1,easy,default128,val,K1-K0,family_s01,304,3,True,0.002683660761,0.0006661670282,0.004677160643,0.3080784889
all,1,easy,default128,val,K1-K0,lpips_alex,304,3,True,0.0001868420824,-0.003713409899,0.00321829142,0.1672081825
all,1,easy,default128,val,K1-K0,l1,304,3,True,-0.002144805658,-0.004756928488,0.001091323031,-4.556518808
all,1,easy,default128,val,K1-K0,ssim,304,3,True,0.005493150358,-0.002791508338,0.01161357451,0.6693885486
all,1,easy,default128,val,K1-K0,D_region,304,3,True,-0.01315512584,-0.02750184108,0.00482257409,-4.707791765
all,1,easy,default128,val,K1-K0,D_change,304,3,True,-0.01688492039,-0.03965024166,0.003107505185,-5.197081005
all,1,easy,default128,val,K1-K0,D_high,304,3,True,-0.002360021875,-0.004523715843,0.0005233453786,-1.74525664
all,1,hard,default128,val,K1-K0,family_s01,128,1,True,-0.007327174069,,,-0.8899279819
all,1,hard,default128,val,K1-K0,lpips_alex,128,1,True,-0.01084074075,,,-4.966146287
all,1,hard,default128,val,K1-K0,l1,128,1,True,-0.0025408643,,,-1.765901379
all,1,hard,default128,val,K1-K0,ssim,128,1,True,0.004930258181,,,0.7908037242
all,1,hard,default128,val,K1-K0,D_region,128,1,True,-0.007114187814,,,-0.9772678224
all,1,hard,default128,val,K1-K0,D_change,128,1,True,-0.01184051204,,,-1.703964696
all,1,hard,default128,val,K1-K0,D_high,128,1,True,-0.001193190576,,,-0.564329245
all,1,medium,default128,val,K1-K0,family_s01,96,2,True,-0.003874707851,-0.01174237183,0.003992956132,-0.4458407464
all,1,medium,default128,val,K1-K0,lpips_alex,96,2,True,0.001430911222,2.911076881e-05,0.002832711674,1.450023455
all,1,medium,default128,val,K1-K0,l1,96,2,True,-0.0001250781888,-0.002542604933,0.002292448555,-0.217512808
all,1,medium,default128,val,K1-K0,ssim,96,2,True,0.0001722329955,-0.006996469256,0.007340935247,0.02135135725
all,1,medium,default128,val,K1-K0,D_region,96,2,True,-0.004242489673,-0.01099657938,0.002511600032,-1.059868899
all,1,medium,default128,val,K1-K0,D_change,96,2,True,-0.005172489025,-0.01895263288,0.008607654832,-1.41892853
all,1,medium,default128,val,K1-K0,D_high,96,2,True,-0.001842842577,-0.00367638357,-9.301584214e-06,-1.302728128
all,2,easy,default128,val,K1-K0,family_s01,304,3,True,0.003169640402,-0.0008875658736,0.00555479287,0.3633551079
all,2,easy,default128,val,K1-K0,lpips_alex,304,3,True,0.0003455978244,-0.00491642922,0.005081290589,0.3026186081
all,2,easy,default128,val,K1-K0,l1,304,3,True,-0.002372011449,-0.004196665645,0.0007876745533,-5.022152956
all,2,easy,default128,val,K1-K0,ssim,304,3,True,0.006095040566,-0.001825465062,0.01033645987,0.7426582055
all,2,easy,default128,val,K1-K0,D_region,304,3,True,-0.01299197641,-0.02204887327,0.003119295529,-4.649482396
all,2,easy,default128,val,K1-K0,D_change,304,3,True,-0.01728300362,-0.03477822617,0.002070289903,-5.325427426
all,2,easy,default128,val,K1-K0,D_high,304,3,True,-0.002645692515,-0.005143364758,-0.0001669975131,-1.955328366
all,2,hard,default128,val,K1-K0,family_s01,128,1,True,-0.003996086423,,,-0.4865021326
all,2,hard,default128,val,K1-K0,lpips_alex,128,1,True,-0.005768096307,,,-2.566361571
all,2,hard,default128,val,K1-K0,l1,128,1,True,-0.001047228312,,,-0.7196298771
all,2,hard,default128,val,K1-K0,ssim,128,1,True,0.0022086017,,,0.3568743308
all,2,hard,default128,val,K1-K0,D_region,128,1,True,0.0004770057276,,,0.0645337259
all,2,hard,default128,val,K1-K0,D_change,128,1,True,0.0002010024618,,,0.02834753469
all,2,hard,default128,val,K1-K0,D_high,128,1,True,-0.002071530907,,,-0.9829605491
all,2,medium,default128,val,K1-K0,family_s01,96,2,True,-0.009244682582,-0.02131622906,0.0028268639,-1.063782742
all,2,medium,default128,val,K1-K0,lpips_alex,96,2,True,0.001305417414,-0.001761430176,0.004372265004,1.352447227
all,2,medium,default128,val,K1-K0,l1,96,2,True,-0.0004787310432,-0.0009645363137,7.07422726e-06,-0.8487820845
all,2,medium,default128,val,K1-K0,ssim,96,2,True,0.001387330368,-0.001146325739,0.003920986475,0.1712503678
all,2,medium,default128,val,K1-K0,D_region,96,2,True,-0.004341019131,-0.007060214877,-0.001621823385,-1.102526647
all,2,medium,default128,val,K1-K0,D_change,96,2,True,-0.005007736944,-0.01170437243,0.001688898541,-1.404408688
all,2,medium,default128,val,K1-K0,D_high,96,2,True,-0.001626893599,-0.002886515483,-0.0003672717139,-1.160818384
all,4,easy,default128,val,K1-K0,family_s01,304,3,True,0.003676954577,-0.001975573972,0.00662935778,0.4197443275
all,4,easy,default128,val,K1-K0,lpips_alex,304,3,True,0.001702091155,-0.004903972881,0.008417143894,1.5516213
all,4,easy,default128,val,K1-K0,l1,304,3,True,-0.001732068696,-0.00400091623,0.001196384044,-3.731701793
all,4,easy,default128,val,K1-K0,ssim,304,3,True,0.004441416504,-0.003281765355,0.01110803107,0.5395015456
all,4,easy,default128,val,K1-K0,D_region,304,3,True,-0.009342778643,-0.01993196478,0.006087041527,-3.388069497
all,4,easy,default128,val,K1-K0,D_change,304,3,True,-0.01243634952,-0.02246988192,0.005233166141,-3.829934249
all,4,easy,default128,val,K1-K0,D_high,304,3,True,-0.002096117583,-0.005304217039,0.001038766865,-1.556614843
all,4,hard,default128,val,K1-K0,family_s01,128,1,True,-0.01440852624,,,-1.751519476
all,4,hard,default128,val,K1-K0,lpips_alex,128,1,True,-0.0002919188701,,,-0.1302945036
all,4,hard,default128,val,K1-K0,l1,128,1,True,-0.0005652367419,,,-0.3864265506
all,4,hard,default128,val,K1-K0,ssim,128,1,True,0.0005207885896,,,0.08441719551
all,4,hard,default128,val,K1-K0,D_region,128,1,True,0.003383479081,,,0.4547343958
all,4,hard,default128,val,K1-K0,D_change,128,1,True,0.001087355427,,,0.1521419439
all,4,hard,default128,val,K1-K0,D_high,128,1,True,-0.001938489848,,,-0.9201303426
all,4,medium,default128,val,K1-K0,family_s01,96,2,True,-0.008610074397,-0.02092383613,0.00370368734,-0.9946610713
all,4,medium,default128,val,K1-K0,lpips_alex,96,2,True,0.00128075399,-0.001371933613,0.003933441592,1.298508095
all,4,medium,default128,val,K1-K0,l1,96,2,True,-0.000386074623,-0.001582759949,0.0008106107026,-0.6754036911
all,4,medium,default128,val,K1-K0,ssim,96,2,True,0.001333408398,-0.00306062705,0.005727443845,0.164627711
all,4,medium,default128,val,K1-K0,D_region,96,2,True,-0.005581833236,-0.006224946678,-0.004938719794,-1.399113324
all,4,medium,default128,val,K1-K0,D_change,96,2,True,-0.003651002329,-0.01326742377,0.005965419114,-1.01186995
all,4,medium,default128,val,K1-K0,D_high,96,2,True,-0.001108151302,-0.003246503696,0.001030201092,-0.7950571911
all,8,easy,default128,val,K1-K0,family_s01,304,3,True,0.002664435921,-0.003520788625,0.007203819762,0.3033395072
all,8,easy,default128,val,K1-K0,lpips_alex,304,3,True,0.0007481287527,-0.004925406713,0.005549920932,0.6952905674
all,8,easy,default128,val,K1-K0,l1,304,3,True,-0.00137199534,-0.004203595501,0.001176141572,-2.971213334
all,8,easy,default128,val,K1-K0,ssim,304,3,True,0.003816439458,-0.003294889189,0.01118450848,0.4632491654
all,8,easy,default128,val,K1-K0,D_region,304,3,True,-0.006897578688,-0.01982492727,0.006980266056,-2.518615536
all,8,easy,default128,val,K1-K0,D_change,304,3,True,-0.007674560935,-0.02015453025,0.003922557458,-2.355121513
all,8,easy,default128,val,K1-K0,D_high,304,3,True,-0.0015071656,-0.005161110079,0.001791623354,-1.113595271
all,8,hard,default128,val,K1-K0,family_s01,128,1,True,-0.004658412712,,,-0.5712892371
all,8,hard,default128,val,K1-K0,lpips_alex,128,1,True,-0.003479151812,,,-1.558202732
all,8,hard,default128,val,K1-K0,l1,128,1,True,-0.001237733795,,,-0.8479455217
all,8,hard,default128,val,K1-K0,ssim,128,1,True,0.00186744668,,,0.302076101
all,8,hard,default128,val,K1-K0,D_region,128,1,True,2.576853149e-05,,,0.003473624498
all,8,hard,default128,val,K1-K0,D_change,128,1,True,-0.002078714781,,,-0.291678664
all,8,hard,default128,val,K1-K0,D_high,128,1,True,-0.001836245181,,,-0.8720235994
all,8,medium,default128,val,K1-K0,family_s01,96,2,True,-0.01028505529,-0.0212867484,0.00071663782,-1.170613387
all,8,medium,default128,val,K1-K0,lpips_alex,96,2,True,0.0003589919652,-0.0008978876285,0.001615871559,0.3783671732
all,8,medium,default128,val,K1-K0,l1,96,2,True,0.0002130778527,-0.002066020093,0.002492175798,0.3820092705
all,8,medium,default128,val,K1-K0,ssim,96,2,True,-0.001241010753,-0.008632472607,0.006150451101,-0.1524795068
all,8,medium,default128,val,K1-K0,D_region,96,2,True,-0.002891074494,-0.01001549996,0.004233350977,-0.7452927635
all,8,medium,default128,val,K1-K0,D_change,96,2,True,-0.003009250946,-0.01812980808,0.01211130619,-0.8469351242
all,8,medium,default128,val,K1-K0,D_high,96,2,True,-0.001013361057,-0.003140213713,0.001113491599,-0.7312419039
all,1,easy,original47,test,K1-K0,family_s01,142,4,True,-0.003593852117,-0.01263985509,0.006043748337,-0.4109062113
all,1,easy,original47,test,K1-K0,lpips_alex,142,4,True,-0.01020826812,-0.02564351032,0.002232279861,-6.471858039
all,1,easy,original47,test,K1-K0,l1,142,4,True,-0.002422833491,-0.00792741469,0.004953990341,-2.77277307
all,1,easy,original47,test,K1-K0,ssim,142,4,True,0.0044437567,-0.009502819109,0.01700203982,0.6247101323
all,1,easy,original47,test,K1-K0,D_region,142,4,True,-0.01012916743,-0.03035925007,0.0124881602,-2.354523496
all,1,easy,original47,test,K1-K0,D_change,142,4,True,-0.01256768273,-0.04051895629,0.01321740398,-2.748336466
all,1,easy,original47,test,K1-K0,D_high,142,4,True,0.000221658625,-0.003121815029,0.002728717317,0.1551859373
all,1,hard,original47,test,K1-K0,family_s01,323,9,False,0.008771624003,0.002188406599,0.01535561281,1.036397152
all,1,hard,original47,test,K1-K0,lpips_alex,323,9,False,-0.01269415012,-0.01803887106,-0.007625519783,-8.491401925
all,1,hard,original47,test,K1-K0,l1,323,9,False,-0.001795476586,-0.003428374145,0.000118377325,-2.640771782
all,1,hard,original47,test,K1-K0,ssim,323,9,False,0.005031659377,0.0008941080827,0.008769223067,0.6416348295
all,1,hard,original47,test,K1-K0,D_region,323,9,False,-0.01527953555,-0.02467214122,-0.005857182501,-2.86984672
all,1,hard,original47,test,K1-K0,D_change,323,9,False,-0.01363978572,-0.0244705688,0.0007233781394,-2.852856947
all,1,hard,original47,test,K1-K0,D_high,323,9,False,-0.00208319164,-0.004290076134,0.0006290882269,-1.25599667
all,1,medium,original47,test,K1-K0,family_s01,239,8,False,-0.00192907131,-0.01357246801,0.007632361084,-0.2342365385
all,1,medium,original47,test,K1-K0,lpips_alex,239,8,False,-0.003225016627,-0.005278636853,-0.0009938412197,-1.866228102
all,1,medium,original47,test,K1-K0,l1,239,8,False,-0.002725568854,-0.003612548253,-0.001915699788,-3.346917801
all,1,medium,original47,test,K1-K0,ssim,239,8,False,0.005025065869,0.003294354152,0.00728397102,0.6769942624
all,1,medium,original47,test,K1-K0,D_region,239,8,False,-0.01181206292,-0.01581755214,-0.007087249729,-2.398645097
all,1,medium,original47,test,K1-K0,D_change,239,8,False,-0.01254591429,-0.02142791492,-0.00408123769,-2.733643975
all,1,medium,original47,test,K1-K0,D_high,239,8,False,-0.0005166057934,-0.0018366454,0.0008568366658,-0.3454415316
all,2,easy,original47,test,K1-K0,family_s01,142,4,True,-0.005868628782,-0.008756389503,-0.00406020464,-0.6628842712
all,2,easy,original47,test,K1-K0,lpips_alex,142,4,True,-0.0001237833153,-0.004344847544,0.004577618791,-0.07090034076
all,2,easy,original47,test,K1-K0,l1,142,4,True,0.0007572704312,-0.003683889814,0.005041687519,0.8089814842
all,2,easy,original47,test,K1-K0,ssim,142,4,True,-0.002953948564,-0.01014090657,0.005408993174,-0.4216133593
all,2,easy,original47,test,K1-K0,D_region,142,4,True,0.003866363452,-0.007929789529,0.01491040677,0.8662994196
all,2,easy,original47,test,K1-K0,D_change,142,4,True,0.00276589182,-0.01758835312,0.01450170052,0.5800623249
all,2,easy,original47,test,K1-K0,D_high,142,4,True,0.002221596884,2.157573842e-05,0.00410898603,1.559025752
all,2,hard,original47,test,K1-K0,family_s01,323,9,False,0.007663732012,0.0001868086978,0.01601727794,0.8994004969
all,2,hard,original47,test,K1-K0,lpips_alex,323,9,False,-0.0145251342,-0.02520566415,-0.005100507611,-9.321171726
all,2,hard,original47,test,K1-K0,l1,323,9,False,-0.001893404392,-0.004330641879,0.001581376788,-2.704592626
all,2,hard,original47,test,K1-K0,ssim,323,9,False,0.005909066503,-0.00125112664,0.01166674002,0.7570790694
all,2,hard,original47,test,K1-K0,D_region,323,9,False,-0.01700777408,-0.03204118835,0.002493879911,-3.135204335
all,2,hard,original47,test,K1-K0,D_change,323,9,False,-0.01308857677,-0.02879851705,0.011426172,-2.675444642
all,2,hard,original47,test,K1-K0,D_high,323,9,False,-0.001656902619,-0.003362413058,0.000168960674,-0.9981481802
all,2,medium,original47,test,K1-K0,family_s01,239,8,False,-0.00235718919,-0.01377322408,0.00985674467,-0.2801026745
all,2,medium,original47,test,K1-K0,lpips_alex,239,8,False,-0.006573711001,-0.01354061365,-0.0008344310767,-3.863729444
all,2,medium,original47,test,K1-K0,l1,239,8,False,-0.003757857731,-0.005956095819,-0.002001569939,-4.662108367
all,2,medium,original47,test,K1-K0,ssim,239,8,False,0.006441606388,0.003115086285,0.01135846195,0.8660973092
all,2,medium,original47,test,K1-K0,D_region,239,8,False,-0.01436569017,-0.02070346764,-0.008195694159,-2.929615309
all,2,medium,original47,test,K1-K0,D_change,239,8,False,-0.01580867687,-0.02664500196,-0.006950037599,-3.453074632
all,2,medium,original47,test,K1-K0,D_high,239,8,False,-0.0009077769623,-0.003227957432,0.0009437403047,-0.6079563713
all,4,easy,original47,test,K1-K0,family_s01,142,4,True,-0.008047252817,-0.01073684376,-0.005357661877,-0.904932102
all,4,easy,original47,test,K1-K0,lpips_alex,142,4,True,-0.0004241172944,-0.004040012856,0.003191778267,-0.237744901
all,4,easy,original47,test,K1-K0,l1,142,4,True,0.001132384726,-0.0007586552634,0.003023424715,1.209109981
all,4,easy,original47,test,K1-K0,ssim,142,4,True,-0.004619280196,-0.01139527127,0.0007041805894,-0.6590644908
all,4,easy,original47,test,K1-K0,D_region,142,4,True,0.003810392286,-0.003189040179,0.01239228669,0.8530937255
all,4,easy,original47,test,K1-K0,D_change,142,4,True,0.006357050924,-0.01235964725,0.02647016519,1.334949825
all,4,easy,original47,test,K1-K0,D_high,142,4,True,0.002220795854,3.802124411e-06,0.005431239527,1.551146111
all,4,hard,original47,test,K1-K0,family_s01,323,9,False,0.005195302619,-0.00150345261,0.01233863946,0.6085070016
all,4,hard,original47,test,K1-K0,lpips_alex,323,9,False,-0.009881093669,-0.02117231692,0.002844582807,-6.301709764
all,4,hard,original47,test,K1-K0,l1,323,9,False,-0.002038578124,-0.003597619577,-0.0002183240611,-2.90601754
all,4,hard,original47,test,K1-K0,ssim,323,9,False,0.005677911512,0.002095758979,0.009055142545,0.7284902125
all,4,hard,original47,test,K1-K0,D_region,323,9,False,-0.01778893207,-0.02579712028,-0.008331603804,-3.267305742
all,4,hard,original47,test,K1-K0,D_change,323,9,False,-0.01372924046,-0.02398163528,0.00136230863,-2.800389211
all,4,hard,original47,test,K1-K0,D_high,323,9,False,-0.001142758022,-0.002536883045,0.0005537655529,-0.6877727176
all,4,medium,original47,test,K1-K0,family_s01,239,8,False,-0.0003151236915,-0.01044368494,0.01038626484,-0.03752092588
all,4,medium,original47,test,K1-K0,lpips_alex,239,8,False,-0.008518150658,-0.01880369667,-0.0005404555914,-5.250883893
all,4,medium,original47,test,K1-K0,l1,239,8,False,-0.002935839297,-0.005196893304,-0.0006464629845,-3.670834821
all,4,medium,original47,test,K1-K0,ssim,239,8,False,0.004995752611,0.001438961412,0.009104983319,0.6704153124
all,4,medium,original47,test,K1-K0,D_region,239,8,False,-0.009722757388,-0.01609207737,-0.002109208319,-2.001346733
all,4,medium,original47,test,K1-K0,D_change,239,8,False,-0.0127578439,-0.02139486875,-0.003883552884,-2.802006186
all,4,medium,original47,test,K1-K0,D_high,239,8,False,-0.0002344728635,-0.002344909129,0.001727445456,-0.1568969512
all,8,easy,original47,test,K1-K0,family_s01,142,4,True,-0.007509379936,-0.0111571822,-0.003515605391,-0.8413229297
all,8,easy,original47,test,K1-K0,lpips_alex,142,4,True,-0.002789415622,-0.006636853669,0.000636115848,-1.671742022
all,8,easy,original47,test,K1-K0,l1,142,4,True,0.0007300568967,-0.002592253319,0.004052367112,0.8203995676
all,8,easy,original47,test,K1-K0,ssim,142,4,True,-0.00479343726,-0.01418772735,0.00378599578,-0.6760474109
all,8,easy,original47,test,K1-K0,D_region,142,4,True,0.003566606038,-0.008430616422,0.01768831506,0.8214454855
all,8,easy,original47,test,K1-K0,D_change,142,4,True,0.00521458555,-0.01972805556,0.03704613564,1.115059932
all,8,easy,original47,test,K1-K0,D_high,142,4,True,0.002609050756,-0.0006313125857,0.007312967256,1.825881964
all,8,hard,original47,test,K1-K0,family_s01,323,9,False,0.006600445652,-0.002676817983,0.01711666166,0.7716298336
all,8,hard,original47,test,K1-K0,lpips_alex,323,9,False,-0.00510029507,-0.01904933764,0.01305445993,-3.318671716
all,8,hard,original47,test,K1-K0,l1,323,9,False,-0.001791880046,-0.00418665817,0.0007099673723,-2.559638536
all,8,hard,original47,test,K1-K0,ssim,323,9,False,0.004160770856,-0.001435143996,0.00981883207,0.5336002431
all,8,hard,original47,test,K1-K0,D_region,323,9,False,-0.01340971321,-0.02484724163,0.0001922363257,-2.472515818
all,8,hard,original47,test,K1-K0,D_change,323,9,False,-0.01168616587,-0.02419471935,0.006746994188,-2.391389235
all,8,hard,original47,test,K1-K0,D_high,323,9,False,-0.0005338625705,-0.0024475805,0.001637982494,-0.3212647803
all,8,medium,original47,test,K1-K0,family_s01,239,8,False,-0.004073986186,-0.01438209676,0.00423620691,-0.478833092
all,8,medium,original47,test,K1-K0,lpips_alex,239,8,False,-0.006870568916,-0.01304740283,-0.001135748901,-4.257743595
all,8,medium,original47,test,K1-K0,l1,239,8,False,-0.001951278991,-0.00367064247,-0.0006194120252,-2.417577204
all,8,medium,original47,test,K1-K0,ssim,239,8,False,0.00237785119,-0.0008039175901,0.005832142721,0.3199516933
all,8,medium,original47,test,K1-K0,D_region,239,8,False,-0.005791819642,-0.01273696959,0.001511063923,-1.184536047
all,8,medium,original47,test,K1-K0,D_change,239,8,False,-0.007553119293,-0.01558957563,-0.0004157963692,-1.640020692
all,8,medium,original47,test,K1-K0,D_high,239,8,False,0.0007168065105,-0.001008847404,0.002904296699,0.4761111464
bopomofo,1,easy,default128,test,K1-K0,family_s01,16,1,True,-0.0001733060926,,,-0.01906175975
bopomofo,1,easy,default128,test,K1-K0,lpips_alex,16,1,True,-0.004928858951,,,-3.628053001
bopomofo,1,easy,default128,test,K1-K0,l1,16,1,True,0.002469995702,,,2.743075635
bopomofo,1,easy,default128,test,K1-K0,ssim,16,1,True,-0.007066654172,,,-1.001143433
bopomofo,1,easy,default128,test,K1-K0,D_region,16,1,True,0.01319455914,,,2.754399846
bopomofo,1,easy,default128,test,K1-K0,D_change,16,1,True,0.01320526563,,,3.084135467
bopomofo,1,easy,default128,test,K1-K0,D_high,16,1,True,0.005030239001,,,3.746006882
bopomofo,1,hard,default128,test,K1-K0,family_s01,32,2,True,0.01445298828,0.0009608659893,0.02794511057,1.669030228
bopomofo,1,hard,default128,test,K1-K0,lpips_alex,32,2,True,-0.01826651522,-0.0222257229,-0.01430730755,-14.73208632
bopomofo,1,hard,default128,test,K1-K0,l1,32,2,True,-0.005063364864,-0.01094928151,0.0008225517855,-7.475656087
bopomofo,1,hard,default128,test,K1-K0,ssim,32,2,True,0.01396432667,8.861300852e-05,0.02784004033,1.762552267
bopomofo,1,hard,default128,test,K1-K0,D_region,32,2,True,-0.04864611058,-0.08052102569,-0.01677119546,-9.296304725
bopomofo,1,hard,default128,test,K1-K0,D_change,32,2,True,-0.02620799839,-0.05920523498,0.006789238192,-6.904332204
bopomofo,1,hard,default128,test,K1-K0,D_high,32,2,True,-0.002772402717,-0.008262837306,0.002718031872,-2.209431935
bopomofo,1,medium,default128,test,K1-K0,family_s01,64,4,True,0.0074807934,-0.0004606039729,0.01442067046,0.8918697757
bopomofo,1,medium,default128,test,K1-K0,lpips_alex,64,4,True,-0.002750537649,-0.005469410273,0.0001203139545,-1.827563488
bopomofo,1,medium,default128,test,K1-K0,l1,64,4,True,-0.003234397872,-0.004832641336,-0.0014218133,-4.114549352
bopomofo,1,medium,default128,test,K1-K0,ssim,64,4,True,0.007365546941,0.004003983402,0.01065321508,0.9824433761
bopomofo,1,medium,default128,test,K1-K0,D_region,64,4,True,-0.01500322204,-0.02224063035,-0.007516635582,-3.060816764
bopomofo,1,medium,default128,test,K1-K0,D_change,64,4,True,-0.0159986252,-0.02344218432,-0.007300999248,-3.898073998
bopomofo,1,medium,default128,test,K1-K0,D_high,64,4,True,-0.0004376805155,-0.002045157831,0.001524907304,-0.3143950059
bopomofo,2,easy,default128,test,K1-K0,family_s01,16,1,True,0.01175588928,,,1.277526654
bopomofo,2,easy,default128,test,K1-K0,lpips_alex,16,1,True,0.004437561147,,,3.44351702
bopomofo,2,easy,default128,test,K1-K0,l1,16,1,True,0.003747452214,,,4.189018813
bopomofo,2,easy,default128,test,K1-K0,ssim,16,1,True,-0.008038075707,,,-1.140352256
bopomofo,2,easy,default128,test,K1-K0,D_region,16,1,True,0.01519773155,,,3.164854395
bopomofo,2,easy,default128,test,K1-K0,D_change,16,1,True,0.02491562348,,,5.746228322
bopomofo,2,easy,default128,test,K1-K0,D_high,16,1,True,0.004645993002,,,3.33765236
bopomofo,2,hard,default128,test,K1-K0,family_s01,32,2,True,0.01264068484,-0.000543425791,0.02582479548,1.466013245
bopomofo,2,hard,default128,test,K1-K0,lpips_alex,32,2,True,-0.02119466092,-0.02306332649,-0.01932599535,-15.81745876
bopomofo,2,hard,default128,test,K1-K0,l1,32,2,True,-0.00528003302,-0.009237371706,-0.001322694334,-7.333135849
bopomofo,2,hard,default128,test,K1-K0,ssim,32,2,True,0.01459294402,0.00570025097,0.02348563706,1.866490188
bopomofo,2,hard,default128,test,K1-K0,D_region,32,2,True,-0.04029797018,-0.06236658804,-0.01822935231,-7.445716276
bopomofo,2,hard,default128,test,K1-K0,D_change,32,2,True,-0.0226217031,-0.0479577533,0.002714347094,-5.686269536
bopomofo,2,hard,default128,test,K1-K0,D_high,32,2,True,-0.001523705665,-0.005118546542,0.002071135212,-1.201993881
bopomofo,2,medium,default128,test,K1-K0,family_s01,64,4,True,0.006480059819,-0.001264191233,0.01123197307,0.7656694132
bopomofo,2,medium,default128,test,K1-K0,lpips_alex,64,4,True,0.001717619481,-0.006397919089,0.007201213681,1.134936804
bopomofo,2,medium,default128,test,K1-K0,l1,64,4,True,-0.0008368199168,-0.001699716073,2.607623996e-05,-1.057601209
bopomofo,2,medium,default128,test,K1-K0,ssim,64,4,True,0.002453697316,7.695224326e-05,0.004943975329,0.3276875639
bopomofo,2,medium,default128,test,K1-K0,D_region,64,4,True,-0.005147565156,-0.01077357121,0.0004784408957,-1.038852686
bopomofo,2,medium,default128,test,K1-K0,D_change,64,4,True,-0.008183224825,-0.01392049203,-0.002299733227,-1.982441915
bopomofo,2,medium,default128,test,K1-K0,D_high,64,4,True,-0.001709676348,-0.003651781473,-0.0004488609266,-1.221807179
bopomofo,4,easy,default128,test,K1-K0,family_s01,16,1,True,-0.004220006987,,,-0.4512458374
bopomofo,4,easy,default128,test,K1-K0,lpips_alex,16,1,True,0.01521650283,,,10.92605186
bopomofo,4,easy,default128,test,K1-K0,l1,16,1,True,0.004620800143,,,4.963668386
bopomofo,4,easy,default128,test,K1-K0,ssim,16,1,True,-0.01077378539,,,-1.546530525
bopomofo,4,easy,default128,test,K1-K0,D_region,16,1,True,0.019930996,,,4.060170207
bopomofo,4,easy,default128,test,K1-K0,D_change,16,1,True,0.02868359908,,,6.360721061
bopomofo,4,easy,default128,test,K1-K0,D_high,16,1,True,0.006136561278,,,4.363679561
bopomofo,4,hard,default128,test,K1-K0,family_s01,32,2,True,0.01237716014,-0.002018807456,0.02677312773,1.43962988
bopomofo,4,hard,default128,test,K1-K0,lpips_alex,32,2,True,-0.01928628644,-0.02104949602,-0.01752307685,-14.58544865
bopomofo,4,hard,default128,test,K1-K0,l1,32,2,True,-0.003925850397,-0.007587507659,-0.0002641931339,-5.508062076
bopomofo,4,hard,default128,test,K1-K0,ssim,32,2,True,0.009941170238,0.001671399897,0.01821094058,1.26721349
bopomofo,4,hard,default128,test,K1-K0,D_region,32,2,True,-0.02790465392,-0.05090196431,-0.004907343537,-5.247558225
bopomofo,4,hard,default128,test,K1-K0,D_change,32,2,True,-0.01447156677,-0.03681197017,0.007868836634,-3.684668388
bopomofo,4,hard,default128,test,K1-K0,D_high,32,2,True,-0.0001851408742,-0.003556924406,0.003186642658,-0.1470070197
bopomofo,4,medium,default128,test,K1-K0,family_s01,64,4,True,0.005565372994,-0.001532240305,0.01266298629,0.6524324449
bopomofo,4,medium,default128,test,K1-K0,lpips_alex,64,4,True,0.0008477815427,-0.004094126634,0.00578968972,0.5605260422
bopomofo,4,medium,default128,test,K1-K0,l1,64,4,True,-0.0008746045347,-0.002311064942,0.0002366275829,-1.113153121
bopomofo,4,medium,default128,test,K1-K0,ssim,64,4,True,0.002741249463,4.689544603e-05,0.005435603481,0.3655684318
bopomofo,4,medium,default128,test,K1-K0,D_region,64,4,True,-0.005328516476,-0.009208728094,-0.001355802175,-1.082986719
bopomofo,4,medium,default128,test,K1-K0,D_change,64,4,True,-0.009205645183,-0.01740518538,-0.002072319621,-2.240382833
bopomofo,4,medium,default128,test,K1-K0,D_high,64,4,True,-0.0007383790798,-0.002662737388,0.001013884787,-0.5302660613
bopomofo,8,easy,default128,test,K1-K0,family_s01,16,1,True,-0.0006763711572,,,-0.07277532951
bopomofo,8,easy,default128,test,K1-K0,lpips_alex,16,1,True,0.01098584989,,,7.375827642
bopomofo,8,easy,default128,test,K1-K0,l1,16,1,True,0.004189511634,,,4.358229651
bopomofo,8,easy,default128,test,K1-K0,ssim,16,1,True,-0.009173853718,,,-1.329111604
bopomofo,8,easy,default128,test,K1-K0,D_region,16,1,True,0.01645593159,,,3.282663489
bopomofo,8,easy,default128,test,K1-K0,D_change,16,1,True,0.02848086227,,,6.129721211
bopomofo,8,easy,default128,test,K1-K0,D_high,16,1,True,0.00565968547,,,4.011318747
bopomofo,8,hard,default128,test,K1-K0,family_s01,32,2,True,0.01435021358,-0.008151506074,0.03685193323,1.678348191
bopomofo,8,hard,default128,test,K1-K0,lpips_alex,32,2,True,-0.0181419577,-0.0202608644,-0.01602305099,-13.68868227
bopomofo,8,hard,default128,test,K1-K0,l1,32,2,True,-0.004172823372,-0.007424507889,-0.0009211388548,-5.850912092
bopomofo,8,hard,default128,test,K1-K0,ssim,32,2,True,0.009863254949,0.002057100693,0.01766940921,1.257099024
bopomofo,8,hard,default128,test,K1-K0,D_region,32,2,True,-0.02851248067,-0.04975624382,-0.007268717512,-5.37395354
bopomofo,8,hard,default128,test,K1-K0,D_change,32,2,True,-0.0146970069,-0.0361592304,0.006765216589,-3.752174336
bopomofo,8,hard,default128,test,K1-K0,D_high,32,2,True,0.0002617924474,-0.003488144837,0.004011729732,0.2081579642
bopomofo,8,medium,default128,test,K1-K0,family_s01,64,4,True,0.005755641731,-0.005443848204,0.01475812402,0.6750838993
bopomofo,8,medium,default128,test,K1-K0,lpips_alex,64,4,True,0.000179126393,-0.001782250358,0.002030965872,0.1186464806
bopomofo,8,medium,default128,test,K1-K0,l1,64,4,True,-0.0008381762536,-0.001626646752,0.0002328112234,-1.058564747
bopomofo,8,medium,default128,test,K1-K0,ssim,64,4,True,0.002821350927,0.001074946593,0.003846719459,0.3767363661
bopomofo,8,medium,default128,test,K1-K0,D_region,64,4,True,-0.004547183402,-0.01103771478,0.002297529951,-0.9206350532
bopomofo,8,medium,default128,test,K1-K0,D_change,64,4,True,-0.00902463519,-0.01482103718,-0.004498970928,-2.193074842
bopomofo,8,medium,default128,test,K1-K0,D_high,64,4,True,-0.001307122293,-0.002983856481,0.0006004421739,-0.9353494746
kana,1,easy,default128,test,K1-K0,family_s01,128,4,True,0.0003667315468,-0.008079734864,0.005659380462,0.04202232095
kana,1,easy,default128,test,K1-K0,lpips_alex,128,4,True,0.0001525180414,-0.002867788484,0.002467803133,0.07957045868
kana,1,easy,default128,test,K1-K0,l1,128,4,True,-0.002624827532,-0.004561952412,-0.0008249054288,-2.255088326
kana,1,easy,default128,test,K1-K0,ssim,128,4,True,0.006140638854,0.002295888327,0.009809778351,0.9730565047
kana,1,easy,default128,test,K1-K0,D_region,128,4,True,-0.01045843412,-0.01732337102,-0.00287704682,-2.228968121
kana,1,easy,default128,test,K1-K0,D_change,128,4,True,-0.00670812407,-0.01346059272,-0.0004433041904,-1.318675859
kana,1,easy,default128,test,K1-K0,D_high,128,4,True,-0.00148979167,-0.002403779596,-0.0007925197133,-1.010890627
kana,1,hard,default128,test,K1-K0,family_s01,96,3,True,0.002729624898,-0.01107702544,0.0193974867,0.3226077632
kana,1,hard,default128,test,K1-K0,lpips_alex,96,3,True,-0.001780162721,-0.009241970722,0.006470164284,-1.30123447
kana,1,hard,default128,test,K1-K0,l1,96,3,True,-0.0005367503447,-0.003313929739,0.002970882906,-0.7370792913
kana,1,hard,default128,test,K1-K0,ssim,96,3,True,4.029878553e-05,-0.006797398068,0.006727432591,0.005288766549
kana,1,hard,default128,test,K1-K0,D_region,96,3,True,0.0023104089,-0.01294488739,0.01685430296,0.3947258226
kana,1,hard,default128,test,K1-K0,D_change,96,3,True,-0.0006766204412,-0.0139531726,0.01011786982,-0.1479378257
kana,1,hard,default128,test,K1-K0,D_high,96,3,True,-0.0009600568252,-0.002820849884,0.001349610509,-0.6767976611
kana,1,medium,default128,test,K1-K0,family_s01,192,6,False,-0.004878960084,-0.01133835975,0.001540668076,-0.5730303749
kana,1,medium,default128,test,K1-K0,lpips_alex,192,6,False,-0.008179348408,-0.01022486455,-0.00660154823,-5.077009922
kana,1,medium,default128,test,K1-K0,l1,192,6,False,-0.005464534718,-0.007341596261,-0.003997585543,-5.764686703
kana,1,medium,default128,test,K1-K0,ssim,192,6,False,0.01041706915,0.006688300591,0.01482176356,1.46582679
kana,1,medium,default128,test,K1-K0,D_region,192,6,False,-0.0246466399,-0.03559063585,-0.01509003023,-4.570222468
kana,1,medium,default128,test,K1-K0,D_change,192,6,False,-0.0238729661,-0.0343088534,-0.0142921734,-5.053526778
kana,1,medium,default128,test,K1-K0,D_high,192,6,False,-0.002052874033,-0.003895301527,-0.0003357463283,-1.404363708
kana,2,easy,default128,test,K1-K0,family_s01,128,4,True,-0.003843353246,-0.008750193287,0.001063486794,-0.431544853
kana,2,easy,default128,test,K1-K0,lpips_alex,128,4,True,0.00177721004,-0.002202976379,0.005757396459,0.8947186077
kana,2,easy,default128,test,K1-K0,l1,128,4,True,0.0003395296649,-0.001182566125,0.002186744042,0.2839015107
kana,2,easy,default128,test,K1-K0,ssim,128,4,True,-0.0004883050664,-0.003639555838,0.002662945705,-0.07803240933
kana,2,easy,default128,test,K1-K0,D_region,128,4,True,0.001545088133,-0.002970348345,0.008528888226,0.3291101988
kana,2,easy,default128,test,K1-K0,D_change,128,4,True,9.250210132e-05,-0.00632895832,0.007257492398,0.01777162453
kana,2,easy,default128,test,K1-K0,D_high,128,4,True,0.0003113665152,-0.0008106628084,0.001791832212,0.2128594054
kana,2,hard,default128,test,K1-K0,family_s01,96,3,True,0.003495758089,-0.006261825096,0.01346849278,0.4156404133
kana,2,hard,default128,test,K1-K0,lpips_alex,96,3,True,-0.003422454271,-0.009636070346,0.00572649762,-2.420406073
kana,2,hard,default128,test,K1-K0,l1,96,3,True,-0.001139269727,-0.003309395318,0.002183250145,-1.529850713
kana,2,hard,default128,test,K1-K0,ssim,96,3,True,0.001765911156,-0.004611647311,0.006476749168,0.2331210684
kana,2,hard,default128,test,K1-K0,D_region,96,3,True,-0.002615218982,-0.01278309431,0.007880191319,-0.4378148413
kana,2,hard,default128,test,K1-K0,D_change,96,3,True,-0.004909014019,-0.01413708087,0.001781605184,-1.053201173
kana,2,hard,default128,test,K1-K0,D_high,96,3,True,-0.001690848575,-0.003167566611,-0.0001033840235,-1.191493224
kana,2,medium,default128,test,K1-K0,family_s01,192,6,False,-0.007051794246,-0.01654080713,0.002776647142,-0.8215160449
kana,2,medium,default128,test,K1-K0,lpips_alex,192,6,False,-0.006103374898,-0.01024445076,-0.0009555158322,-3.82925316
kana,2,medium,default128,test,K1-K0,l1,192,6,False,-0.004500172601,-0.006243794537,-0.002794621176,-4.864659233
kana,2,medium,default128,test,K1-K0,ssim,192,6,False,0.008368335379,0.004637285859,0.01234219322,1.170413055
kana,2,medium,default128,test,K1-K0,D_region,192,6,False,-0.02141780864,-0.02869216787,-0.01420236068,-4.0167601
kana,2,medium,default128,test,K1-K0,D_change,192,6,False,-0.01935445541,-0.0292555131,-0.01068940836,-4.188075847
kana,2,medium,default128,test,K1-K0,D_high,192,6,False,-0.001035307961,-0.002777774624,0.0005957241713,-0.716632265
kana,4,easy,default128,test,K1-K0,family_s01,128,4,True,-0.003586248145,-0.01066804724,0.003579040174,-0.4011064199
kana,4,easy,default128,test,K1-K0,lpips_alex,128,4,True,0.006089026458,0.003396249609,0.008984526852,3.070105478
kana,4,easy,default128,test,K1-K0,l1,128,4,True,0.001922032308,0.001354348841,0.002489715776,1.623570512
kana,4,easy,default128,test,K1-K0,ssim,128,4,True,-0.003275793342,-0.008715053088,0.0002766251752,-0.5215129388
kana,4,easy,default128,test,K1-K0,D_region,128,4,True,0.005726479576,0.0005985060707,0.01085445308,1.232365641
kana,4,easy,default128,test,K1-K0,D_change,128,4,True,0.002896102844,-0.00761736813,0.01753804786,0.5596152817
kana,4,easy,default128,test,K1-K0,D_high,128,4,True,0.0009469248471,-0.0006967631634,0.003744465066,0.6485945215
kana,4,hard,default128,test,K1-K0,family_s01,96,3,True,0.003166158218,-0.002957191318,0.007369787432,0.3738035222
kana,4,hard,default128,test,K1-K0,lpips_alex,96,3,True,-0.001238540824,-0.005170864519,0.005027935375,-0.8760875007
kana,4,hard,default128,test,K1-K0,l1,96,3,True,-0.001034459465,-0.003421652135,0.001222046164,-1.38034151
kana,4,hard,default128,test,K1-K0,ssim,96,3,True,0.001861043275,-0.002305071801,0.007774612783,0.2460778288
kana,4,hard,default128,test,K1-K0,D_region,96,3,True,-0.006152739438,-0.0217015557,0.003415096551,-1.017865666
kana,4,hard,default128,test,K1-K0,D_change,96,3,True,-0.005348106846,-0.01501424331,0.002143800724,-1.141784482
kana,4,hard,default128,test,K1-K0,D_high,96,3,True,-0.0009980732575,-0.0025586267,0.0004763745237,-0.7092028367
kana,4,medium,default128,test,K1-K0,family_s01,192,6,False,-0.007641992997,-0.01443520615,0.001259975135,-0.8918806846
kana,4,medium,default128,test,K1-K0,lpips_alex,192,6,False,-0.005441376357,-0.008681222913,-0.001200958504,-3.429107001
kana,4,medium,default128,test,K1-K0,l1,192,6,False,-0.003886020192,-0.005320344148,-0.002408672435,-4.215249998
kana,4,medium,default128,test,K1-K0,ssim,192,6,False,0.007139150638,0.004304050348,0.01012306527,0.9972973572
kana,4,medium,default128,test,K1-K0,D_region,192,6,False,-0.01698521851,-0.02285137726,-0.01139631767,-3.206406982
kana,4,medium,default128,test,K1-K0,D_change,192,6,False,-0.01760130073,-0.02515708259,-0.01100035656,-3.817906381
kana,4,medium,default128,test,K1-K0,D_high,192,6,False,-0.001190815354,-0.002537031425,-0.0001307806621,-0.8233472431
kana,8,easy,default128,test,K1-K0,family_s01,128,4,True,-0.001111976861,-0.007475461927,0.004056124773,-0.1242974915
kana,8,easy,default128,test,K1-K0,lpips_alex,128,4,True,0.002918974031,-0.00289076427,0.009042866877,1.523905184
kana,8,easy,default128,test,K1-K0,l1,128,4,True,0.001036580404,-0.0007040152622,0.00231723827,0.9007497235
kana,8,easy,default128,test,K1-K0,ssim,128,4,True,-0.001758725594,-0.005727366015,0.001949235836,-0.2775790633
kana,8,easy,default128,test,K1-K0,D_region,128,4,True,0.004779255134,0.0003924206831,0.008167653461,1.043894685
kana,8,easy,default128,test,K1-K0,D_change,128,4,True,-0.002909347531,-0.02664469834,0.01737519202,-0.5644276944
kana,8,easy,default128,test,K1-K0,D_high,128,4,True,0.0001605071011,-0.001891092514,0.002960335289,0.1097398478
kana,8,hard,default128,test,K1-K0,family_s01,96,3,True,0.005247208445,0.002803530078,0.008410400245,0.6189545883
kana,8,hard,default128,test,K1-K0,lpips_alex,96,3,True,0.0006533025298,-0.003823251929,0.008910552831,0.4634550426
kana,8,hard,default128,test,K1-K0,l1,96,3,True,-0.001161064198,-0.004066789748,0.001396548203,-1.542261207
kana,8,hard,default128,test,K1-K0,ssim,96,3,True,0.002250644549,-0.002692510515,0.01004799152,0.2979428711
kana,8,hard,default128,test,K1-K0,D_region,96,3,True,-0.005334031458,-0.02433329914,0.004450884648,-0.8787813145
kana,8,hard,default128,test,K1-K0,D_change,96,3,True,-0.004516885305,-0.01739500929,0.003220988438,-0.9622340127
kana,8,hard,default128,test,K1-K0,D_high,96,3,True,-0.00136089907,-0.002813363215,0.0006979994942,-0.9686032813
kana,8,medium,default128,test,K1-K0,family_s01,192,6,False,-0.005933904943,-0.01488205752,0.003832377726,-0.6888148213
kana,8,medium,default128,test,K1-K0,lpips_alex,192,6,False,-0.006098579499,-0.01032844473,-0.001437813121,-3.877644176
kana,8,medium,default128,test,K1-K0,l1,192,6,False,-0.003723330695,-0.005632842375,-0.001754078141,-4.019792986
kana,8,medium,default128,test,K1-K0,ssim,192,6,False,0.007175207127,0.002918056812,0.01154177788,1.004359304
kana,8,medium,default128,test,K1-K0,D_region,192,6,False,-0.01672857961,-0.0249219165,-0.01113515052,-3.153567557
kana,8,medium,default128,test,K1-K0,D_change,192,6,False,-0.01536416348,-0.02539989512,-0.007066106269,-3.330576722
kana,8,medium,default128,test,K1-K0,D_high,192,6,False,-0.001588549077,-0.003539469082,-9.381511093e-05,-1.09081963
western,1,easy,default128,test,K1-K0,family_s01,240,3,True,-0.005555230627,-0.010597305,0.00314206779,-0.6411325085
western,1,easy,default128,test,K1-K0,lpips_alex,240,3,True,-0.01432301958,-0.03524552863,0.005523426319,-9.406293277
western,1,easy,default128,test,K1-K0,l1,240,3,True,-0.003615820171,-0.01054767816,0.006146460972,-4.397380743
western,1,easy,default128,test,K1-K0,ssim,240,3,True,0.008929927599,-0.01117533005,0.02443498135,1.218945256
western,1,easy,default128,test,K1-K0,D_region,240,3,True,-0.01802255648,-0.03917548619,0.01820984725,-4.148985437
western,1,easy,default128,test,K1-K0,D_change,240,3,True,-0.02364761519,-0.06350481305,0.0159234412,-4.971773736
western,1,easy,default128,test,K1-K0,D_high,240,3,True,-0.0009708705979,-0.004514483362,0.001943063177,-0.6422925425
western,1,hard,default128,test,K1-K0,family_s01,640,8,False,0.01000891446,0.002856863799,0.01700356494,1.188603738
western,1,hard,default128,test,K1-K0,lpips_alex,640,8,False,-0.01129071991,-0.01698832252,-0.006483050284,-7.899986216
western,1,hard,default128,test,K1-K0,l1,640,8,False,-0.003440535801,-0.004634898799,-0.002206103173,-5.426743982
western,1,hard,default128,test,K1-K0,ssim,640,8,False,0.008556313816,0.005545665059,0.01102115526,1.075293711
western,1,hard,default128,test,K1-K0,D_region,640,8,False,-0.02240519084,-0.02885814238,-0.01580181197,-4.284997068
western,1,hard,default128,test,K1-K0,D_change,640,8,False,-0.02296722431,-0.03017062924,-0.01602338885,-4.79732793
western,1,hard,default128,test,K1-K0,D_high,640,8,False,-0.002561349713,-0.00363253915,-0.001314981806,-1.504792095
western,1,medium,default128,test,K1-K0,family_s01,400,5,False,-0.004013278214,-0.0214564673,0.009337728173,-0.4963326616
western,1,medium,default128,test,K1-K0,lpips_alex,400,5,False,-0.005986172217,-0.006636089422,-0.005290842224,-3.62008856
western,1,medium,default128,test,K1-K0,l1,400,5,False,-0.002065938181,-0.002884735839,-0.001401304424,-2.989731465
western,1,medium,default128,test,K1-K0,ssim,400,5,False,0.004646705914,0.002293136709,0.007655391339,0.5958146308
western,1,medium,default128,test,K1-K0,D_region,400,5,False,-0.01419723738,-0.02192298491,-0.008628900871,-2.933429934
western,1,medium,default128,test,K1-K0,D_change,400,5,False,-0.01247724049,-0.02359940663,-0.001555442773,-2.798617211
western,1,medium,default128,test,K1-K0,D_high,400,5,False,-0.0008517728373,-0.003268250842,0.001370998695,-0.5727871799
western,2,easy,default128,test,K1-K0,family_s01,240,3,True,-0.00303549037,-0.007834116556,-0.0006239308976,-0.3473372957
western,2,easy,default128,test,K1-K0,lpips_alex,240,3,True,-0.003230305016,-0.006918025855,0.003544845432,-1.865729844
western,2,easy,default128,test,K1-K0,l1,240,3,True,-0.0008700572605,-0.005869491677,0.0043171775,-0.958809332
western,2,easy,default128,test,K1-K0,ssim,240,3,True,0.001671197437,-0.00754220366,0.01006540118,0.2333279209
western,2,easy,default128,test,K1-K0,D_region,240,3,True,-0.003944933725,-0.01258805208,0.01108216569,-0.8610185387
western,2,easy,default128,test,K1-K0,D_change,240,3,True,-0.01085702591,-0.03818059526,0.007749147713,-2.143625091
western,2,easy,default128,test,K1-K0,D_high,240,3,True,0.001105379872,-0.0001508827321,0.001889339276,0.7302984631
western,2,hard,default128,test,K1-K0,family_s01,640,8,False,0.009189296456,-0.0009812861448,0.01988795139,1.085558663
western,2,hard,default128,test,K1-K0,lpips_alex,640,8,False,-0.01195804671,-0.02017545717,-0.004411455273,-8.206579944
western,2,hard,default128,test,K1-K0,l1,640,8,False,-0.003188570309,-0.004331072639,-0.001957155714,-4.980779057
western,2,hard,default128,test,K1-K0,ssim,640,8,False,0.00793001132,0.005180856914,0.01046014603,0.9969464638
western,2,hard,default128,test,K1-K0,D_region,640,8,False,-0.02260780835,-0.0287563436,-0.01652989046,-4.292848375
western,2,hard,default128,test,K1-K0,D_change,640,8,False,-0.02045031417,-0.0265087463,-0.01482715427,-4.237514475
western,2,hard,default128,test,K1-K0,D_high,640,8,False,-0.001570996922,-0.002617700335,-0.0006361271837,-0.927319312
western,2,medium,default128,test,K1-K0,family_s01,400,5,False,0.003621344045,-0.008834104724,0.01444493026,0.4339523806
western,2,medium,default128,test,K1-K0,lpips_alex,400,5,False,-0.009925793377,-0.01535278649,-0.005103583182,-5.996413346
western,2,medium,default128,test,K1-K0,l1,400,5,False,-0.002743365119,-0.003852350771,-0.001901236341,-3.894484159
western,2,medium,default128,test,K1-K0,ssim,400,5,False,0.004595046002,0.002674320592,0.006454528945,0.5907448187
western,2,medium,default128,test,K1-K0,D_region,400,5,False,-0.01468799967,-0.01914516605,-0.01023083329,-3.009516337
western,2,medium,default128,test,K1-K0,D_change,400,5,False,-0.01199561067,-0.01942270279,-0.003702964634,-2.659233249
western,2,medium,default128,test,K1-K0,D_high,400,5,False,0.000425785277,-0.0009508528188,0.001582280081,0.2862914827
western,4,easy,default128,test,K1-K0,family_s01,240,3,True,-0.00233190159,-0.007552633435,0.0005456671119,-0.2671581647
western,4,easy,default128,test,K1-K0,lpips_alex,240,3,True,-0.002193983582,-0.003699968895,-0.0004198748618,-1.254523449
western,4,easy,default128,test,K1-K0,l1,240,3,True,-0.0007117630038,-0.002188585069,0.001511198555,-0.7907815275
western,4,easy,default128,test,K1-K0,ssim,240,3,True,0.002133041121,-0.001462482401,0.005208272803,0.2972772058
western,4,easy,default128,test,K1-K0,D_region,240,3,True,-0.00604610648,-0.01589121092,-0.0005579618737,-1.328261456
western,4,easy,default128,test,K1-K0,D_change,240,3,True,-0.01343240819,-0.02763846889,-0.003404901363,-2.666248846
western,4,easy,default128,test,K1-K0,D_high,240,3,True,0.0008291256924,0.0002083062194,0.001483727433,0.5478417884
western,4,hard,default128,test,K1-K0,family_s01,640,8,False,0.008866317349,0.0006892343704,0.01662461993,1.043948349
western,4,hard,default128,test,K1-K0,lpips_alex,640,8,False,-0.007999819756,-0.01774631902,0.002058261828,-5.484858089
western,4,hard,default128,test,K1-K0,l1,640,8,False,-0.003020443719,-0.004248699113,-0.001751370282,-4.705301091
western,4,hard,default128,test,K1-K0,ssim,640,8,False,0.007140496267,0.004539888129,0.00946580989,0.8991752685
western,4,hard,default128,test,K1-K0,D_region,640,8,False,-0.02214579047,-0.02762315911,-0.01623416641,-4.180372217
western,4,hard,default128,test,K1-K0,D_change,640,8,False,-0.0199743129,-0.02679674369,-0.01326065178,-4.127201848
western,4,hard,default128,test,K1-K0,D_high,640,8,False,-0.001383322221,-0.002393929693,-0.0004288047319,-0.814139605
western,4,medium,default128,test,K1-K0,family_s01,400,5,False,-0.0004859577678,-0.01475802703,0.01059300233,-0.05813424609
western,4,medium,default128,test,K1-K0,lpips_alex,400,5,False,-0.01146483785,-0.01786102147,-0.006229396299,-7.329133121
western,4,medium,default128,test,K1-K0,l1,400,5,False,-0.002204289854,-0.003864205687,-0.0008933344822,-3.183668311
western,4,medium,default128,test,K1-K0,ssim,400,5,False,0.003480908821,0.0002235419794,0.006513752565,0.4458389659
western,4,medium,default128,test,K1-K0,D_region,400,5,False,-0.01155186802,-0.01796535965,-0.004935822226,-2.398838336
western,4,medium,default128,test,K1-K0,D_change,400,5,False,-0.01092015069,-0.01902036097,-0.002434819862,-2.445414541
western,4,medium,default128,test,K1-K0,D_high,400,5,False,0.0008572818525,-0.0005122701637,0.002226833869,0.5777002204
western,8,easy,default128,test,K1-K0,family_s01,240,3,True,-0.00172505416,-0.004741613008,0.001816215552,-0.1965216058
western,8,easy,default128,test,K1-K0,lpips_alex,240,3,True,-0.006395324413,-0.01464788923,-0.001258346764,-4.00401153
western,8,easy,default128,test,K1-K0,l1,240,3,True,-0.001992706986,-0.004762646378,0.001623833018,-2.389279531
western,8,easy,default128,test,K1-K0,ssim,240,3,True,0.004290474271,-0.003018797069,0.01138728864,0.5880190265
western,8,easy,default128,test,K1-K0,D_region,240,3,True,-0.01036339806,-0.02800781634,0.0004969563335,-2.365655076
western,8,easy,default128,test,K1-K0,D_change,240,3,True,-0.01732110226,-0.02803863529,-0.002380547859,-3.563206404
western,8,easy,default128,test,K1-K0,D_high,240,3,True,-0.000263601883,-0.001731188409,0.0006824647076,-0.1735514164
western,8,hard,default128,test,K1-K0,family_s01,640,8,False,0.01022077351,0.002138517424,0.01808850226,1.200984633
western,8,hard,default128,test,K1-K0,lpips_alex,640,8,False,-0.005646342735,-0.01728892277,0.007926175671,-3.934392783
western,8,hard,default128,test,K1-K0,l1,640,8,False,-0.002984085914,-0.004582002262,-0.001456039528,-4.665747693
western,8,hard,default128,test,K1-K0,ssim,640,8,False,0.006761320621,0.003280630428,0.01038722386,0.8513204819
western,8,hard,default128,test,K1-K0,D_region,640,8,False,-0.02046669702,-0.02762638039,-0.01299855078,-3.874627
western,8,hard,default128,test,K1-K0,D_change,640,8,False,-0.01874205053,-0.02650642942,-0.01059868217,-3.89058244
western,8,hard,default128,test,K1-K0,D_high,640,8,False,-0.001231586107,-0.002516446109,3.120664041e-05,-0.7232300878
western,8,medium,default128,test,K1-K0,family_s01,400,5,False,-0.0007626149803,-0.006987100374,0.008121651188,-0.09067352276
western,8,medium,default128,test,K1-K0,lpips_alex,400,5,False,-0.007320499076,-0.0100510662,-0.004230482588,-4.637212106
western,8,medium,default128,test,K1-K0,l1,400,5,False,-0.001218980843,-0.003781921254,0.001039967788,-1.733067488
western,8,medium,default128,test,K1-K0,ssim,400,5,False,0.001184545271,-0.004882592134,0.006607292035,0.152175306
western,8,medium,default128,test,K1-K0,D_region,400,5,False,-0.006650253311,-0.01733467769,0.004034171067,-1.368778486
western,8,medium,default128,test,K1-K0,D_change,400,5,False,-0.006367907673,-0.01817884445,0.006699262932,-1.406282141
western,8,medium,default128,test,K1-K0,D_high,400,5,False,0.001611856893,-5.74647449e-05,0.003581602927,1.080020654
bopomofo,1,easy,default128,train,K1-K0,family_s01,16,1,True,0.005120947026,,,0.5895530786
bopomofo,1,easy,default128,train,K1-K0,lpips_alex,16,1,True,0.0041080378,,,2.509309849
bopomofo,1,easy,default128,train,K1-K0,l1,16,1,True,0.001727707142,,,2.3320781
bopomofo,1,easy,default128,train,K1-K0,ssim,16,1,True,-0.00624362075,,,-0.840465834
bopomofo,1,easy,default128,train,K1-K0,D_region,16,1,True,0.009629229084,,,2.638730769
bopomofo,1,easy,default128,train,K1-K0,D_change,16,1,True,-0.0009777536616,,,-0.2838914578
bopomofo,1,easy,default128,train,K1-K0,D_high,16,1,True,0.004299800377,,,3.194402274
bopomofo,1,hard,default128,train,K1-K0,family_s01,32,2,True,0.004379878752,0.002218557522,0.006541199982,0.4747549449
bopomofo,1,hard,default128,train,K1-K0,lpips_alex,32,2,True,-0.004723480437,-0.006942731328,-0.002504229546,-3.758706849
bopomofo,1,hard,default128,train,K1-K0,l1,32,2,True,-7.123427713e-05,-0.002301012093,0.002158543539,-0.1236574156
bopomofo,1,hard,default128,train,K1-K0,ssim,32,2,True,0.001284546157,-0.006377061157,0.00894615347,0.1647635789
bopomofo,1,hard,default128,train,K1-K0,D_region,32,2,True,-0.01333184587,-0.02906910703,0.002405415289,-2.433105799
bopomofo,1,hard,default128,train,K1-K0,D_change,32,2,True,-0.007641733391,-0.01640960388,0.001126137096,-1.754235797
bopomofo,1,hard,default128,train,K1-K0,D_high,32,2,True,-0.003956440138,-0.008238861337,0.0003259810619,-2.356099471
bopomofo,2,easy,default128,train,K1-K0,family_s01,16,1,True,0.003300245851,,,0.3722795423
bopomofo,2,easy,default128,train,K1-K0,lpips_alex,16,1,True,-0.01403596858,,,-10.04264701
bopomofo,2,easy,default128,train,K1-K0,l1,16,1,True,-0.003468046832,,,-4.760548809
bopomofo,2,easy,default128,train,K1-K0,ssim,16,1,True,0.006439234767,,,0.8648258504
bopomofo,2,easy,default128,train,K1-K0,D_region,16,1,True,-0.01140880398,,,-3.100757758
bopomofo,2,easy,default128,train,K1-K0,D_change,16,1,True,-0.03667141777,,,-10.33995205
bopomofo,2,easy,default128,train,K1-K0,D_high,16,1,True,0.0006106724031,,,0.4481517127
bopomofo,2,hard,default128,train,K1-K0,family_s01,32,2,True,0.003666222095,-0.001301117241,0.008633561432,0.3971579969
bopomofo,2,hard,default128,train,K1-K0,lpips_alex,32,2,True,-0.007262261468,-0.008061440662,-0.006463082274,-5.713856067
bopomofo,2,hard,default128,train,K1-K0,l1,32,2,True,-0.002029718137,-0.005861635561,0.001802199287,-3.399929391
bopomofo,2,hard,default128,train,K1-K0,ssim,32,2,True,0.006954489328,-0.008571435966,0.02248041462,0.8998488229
bopomofo,2,hard,default128,train,K1-K0,D_region,32,2,True,-0.01604217198,-0.04401798174,0.01193363778,-2.888005101
bopomofo,2,hard,default128,train,K1-K0,D_change,32,2,True,-0.01755586173,-0.03639193717,0.001280213706,-3.918873401
bopomofo,2,hard,default128,train,K1-K0,D_high,32,2,True,-0.006757216179,-0.01326789986,-0.0002465324942,-3.979470577
bopomofo,4,easy,default128,train,K1-K0,family_s01,16,1,True,0.00364041701,,,0.4079752565
bopomofo,4,easy,default128,train,K1-K0,lpips_alex,16,1,True,-0.02544462658,,,-17.61253024
bopomofo,4,easy,default128,train,K1-K0,l1,16,1,True,-0.009973463669,,,-12.73226975
bopomofo,4,easy,default128,train,K1-K0,ssim,16,1,True,0.01963552193,,,2.685767108
bopomofo,4,easy,default128,train,K1-K0,D_region,16,1,True,-0.03057712503,,,-7.991997958
bopomofo,4,easy,default128,train,K1-K0,D_change,16,1,True,-0.06457342952,,,-16.66113244
bopomofo,4,easy,default128,train,K1-K0,D_high,16,1,True,-0.001199049875,,,-0.8456516449
bopomofo,4,hard,default128,train,K1-K0,family_s01,32,2,True,0.009685565718,0.008472695947,0.01089843549,1.055940028
bopomofo,4,hard,default128,train,K1-K0,lpips_alex,32,2,True,-0.01077229332,-0.0118031064,-0.009741480229,-8.47657315
bopomofo,4,hard,default128,train,K1-K0,l1,32,2,True,-0.001677868413,-0.004886961295,0.001531224469,-2.803809964
bopomofo,4,hard,default128,train,K1-K0,ssim,32,2,True,0.007843447558,-0.003603960575,0.01929085569,1.01743708
bopomofo,4,hard,default128,train,K1-K0,D_region,32,2,True,-0.0142408316,-0.02626313269,-0.002218530513,-2.547836045
bopomofo,4,hard,default128,train,K1-K0,D_change,32,2,True,-0.01533544203,-0.02609556448,-0.004575319588,-3.412598356
bopomofo,4,hard,default128,train,K1-K0,D_high,32,2,True,-0.00579313538,-0.01139755081,-0.0001887199469,-3.411585506
bopomofo,8,easy,default128,train,K1-K0,family_s01,16,1,True,0.005646614358,,,0.6330717852
bopomofo,8,easy,default128,train,K1-K0,lpips_alex,16,1,True,-0.01625873428,,,-11.41980256
bopomofo,8,easy,default128,train,K1-K0,l1,16,1,True,-0.008731059155,,,-11.32712335
bopomofo,8,easy,default128,train,K1-K0,ssim,16,1,True,0.0184492962,,,2.518444438
bopomofo,8,easy,default128,train,K1-K0,D_region,16,1,True,-0.03219591733,,,-8.463839602
bopomofo,8,easy,default128,train,K1-K0,D_change,16,1,True,-0.05444750004,,,-14.07277167
bopomofo,8,easy,default128,train,K1-K0,D_high,16,1,True,0.0002717529424,,,0.1906138971
bopomofo,8,hard,default128,train,K1-K0,family_s01,32,2,True,0.004601529799,0.002041537315,0.007161522284,0.4984670181
bopomofo,8,hard,default128,train,K1-K0,lpips_alex,32,2,True,-0.01245470566,-0.01303756796,-0.01187184337,-9.814375949
bopomofo,8,hard,default128,train,K1-K0,l1,32,2,True,-0.002111563755,-0.004758933738,0.0005358062279,-3.576331865
bopomofo,8,hard,default128,train,K1-K0,ssim,32,2,True,0.006319166278,-0.003980605732,0.01661893829,0.8145882091
bopomofo,8,hard,default128,train,K1-K0,D_region,32,2,True,-0.02394594857,-0.0288479086,-0.01904398855,-4.28682963
bopomofo,8,hard,default128,train,K1-K0,D_change,32,2,True,-0.01848782529,-0.0281944545,-0.008781196084,-4.171549859
bopomofo,8,hard,default128,train,K1-K0,D_high,32,2,True,-0.006827230565,-0.01149334665,-0.002161114477,-4.055585663
kana,1,easy,default128,train,K1-K0,family_s01,64,2,True,-0.001928417478,-0.006569682155,0.002712847199,-0.2216938142
kana,1,easy,default128,train,K1-K0,lpips_alex,64,2,True,-0.003473512013,-0.01618730347,0.00924027944,-2.172237092
kana,1,easy,default128,train,K1-K0,l1,64,2,True,-0.003539906088,-0.006597966878,-0.0004818452989,-3.624616567
kana,1,easy,default128,train,K1-K0,ssim,64,2,True,0.005343246782,-0.0001537286557,0.01084022222,0.7841310363
kana,1,easy,default128,train,K1-K0,D_region,64,2,True,-0.01344821276,-0.0227153711,-0.004181054421,-3.082138177
kana,1,easy,default128,train,K1-K0,D_change,64,2,True,-0.01138500799,-0.02061762847,-0.002152387518,-2.642668253
kana,1,easy,default128,train,K1-K0,D_high,64,2,True,-0.0004485691898,-0.001522150123,0.000625011744,-0.3049017783
kana,1,hard,default128,train,K1-K0,family_s01,64,2,True,0.004732683767,-0.005454807542,0.01492017508,0.519902475
kana,1,hard,default128,train,K1-K0,lpips_alex,64,2,True,-0.005768994102,-0.01004154491,-0.001496443292,-3.70825554
kana,1,hard,default128,train,K1-K0,l1,64,2,True,-0.001915553141,-0.002121576712,-0.001709529569,-2.728456075
kana,1,hard,default128,train,K1-K0,ssim,64,2,True,0.009624382631,0.007984370325,0.01126439494,1.326657989
kana,1,hard,default128,train,K1-K0,D_region,64,2,True,-0.01798571367,-0.02066473849,-0.01530668885,-3.082884506
kana,1,hard,default128,train,K1-K0,D_change,64,2,True,-0.008860767353,-0.0110026598,-0.006718874909,-1.839341128
kana,1,hard,default128,train,K1-K0,D_high,64,2,True,-0.0005785252433,-0.001774992794,0.0006179423071,-0.3217320548
kana,2,easy,default128,train,K1-K0,family_s01,64,2,True,-0.003212609561,-0.006963737775,0.0005385186523,-0.3671259619
kana,2,easy,default128,train,K1-K0,lpips_alex,64,2,True,-0.00297201873,-0.01454388071,0.008599843248,-2.016673972
kana,2,easy,default128,train,K1-K0,l1,64,2,True,-0.001703645461,-0.002305679488,-0.001101611435,-1.832585779
kana,2,easy,default128,train,K1-K0,ssim,64,2,True,0.001116306102,0.001092921557,0.001139690647,0.1614993788
kana,2,easy,default128,train,K1-K0,D_region,64,2,True,-0.004614548991,-0.006280990783,-0.002948107198,-1.098188813
kana,2,easy,default128,train,K1-K0,D_change,64,2,True,-0.007280861493,-0.009196545463,-0.005365177523,-1.734353569
kana,2,easy,default128,train,K1-K0,D_high,64,2,True,0.000386344851,-0.0002881444525,0.001060834154,0.2633705414
kana,2,hard,default128,train,K1-K0,family_s01,64,2,True,0.01070852857,0.009829910472,0.01158714667,1.166983572
kana,2,hard,default128,train,K1-K0,lpips_alex,64,2,True,-0.005400796072,-0.01064697281,-0.000154619338,-3.517883979
kana,2,hard,default128,train,K1-K0,l1,64,2,True,-0.002500526578,-0.003895585469,-0.001105467686,-3.551157394
kana,2,hard,default128,train,K1-K0,ssim,64,2,True,0.009113767573,0.003513519392,0.01471401575,1.255540008
kana,2,hard,default128,train,K1-K0,D_region,64,2,True,-0.01552982116,-0.03018840402,-0.0008712382987,-2.676141086
kana,2,hard,default128,train,K1-K0,D_change,64,2,True,-0.008270552848,-0.01585857756,-0.0006825281307,-1.720506457
kana,2,hard,default128,train,K1-K0,D_high,64,2,True,0.001402634196,-0.003054648172,0.005859916564,0.778455177
kana,4,easy,default128,train,K1-K0,family_s01,64,2,True,0.001036873786,-0.004647626076,0.006721373647,0.1179378674
kana,4,easy,default128,train,K1-K0,lpips_alex,64,2,True,-0.007406608842,-0.01606949,0.001256272313,-5.100366674
kana,4,easy,default128,train,K1-K0,l1,64,2,True,-0.004144732573,-0.004873291548,-0.003416173598,-4.570194373
kana,4,easy,default128,train,K1-K0,ssim,64,2,True,0.006750994623,0.006413596787,0.007088392458,0.9695416035
kana,4,easy,default128,train,K1-K0,D_region,64,2,True,-0.01298114564,-0.01351729222,-0.01244499907,-3.172635928
kana,4,easy,default128,train,K1-K0,D_change,64,2,True,-0.01656103367,-0.01953873318,-0.01358333416,-3.983665987
kana,4,easy,default128,train,K1-K0,D_high,64,2,True,-0.0002490530023,-0.0002694518771,-0.0002286541276,-0.1702696239
kana,4,hard,default128,train,K1-K0,family_s01,64,2,True,0.006473475136,0.005065319128,0.007881631143,0.7075837931
kana,4,hard,default128,train,K1-K0,lpips_alex,64,2,True,-0.004633043543,-0.006965306122,-0.002300780965,-3.083078804
kana,4,hard,default128,train,K1-K0,l1,64,2,True,-0.002099988351,-0.004152092695,-4.78840082e-05,-3.016181433
kana,4,hard,default128,train,K1-K0,ssim,64,2,True,0.007598901968,0.0005579342652,0.01463986967,1.042433241
kana,4,hard,default128,train,K1-K0,D_region,64,2,True,-0.01621393161,-0.02881956194,-0.003608301282,-2.797101133
kana,4,hard,default128,train,K1-K0,D_change,64,2,True,-0.008321055677,-0.01822795067,0.001585839316,-1.744432618
kana,4,hard,default128,train,K1-K0,D_high,64,2,True,0.0003761185799,-0.005018785596,0.005771022756,0.2084212804
kana,8,easy,default128,train,K1-K0,family_s01,64,2,True,-0.0005191594828,-0.006340824533,0.005302505568,-0.05874111082
kana,8,easy,default128,train,K1-K0,lpips_alex,64,2,True,-0.007553869626,-0.01685533498,0.001747595728,-5.288073608
kana,8,easy,default128,train,K1-K0,l1,64,2,True,-0.003869176794,-0.004827162799,-0.002911190789,-4.312243913
kana,8,easy,default128,train,K1-K0,ssim,64,2,True,0.006019343705,0.005049692692,0.006988994719,0.861593601
kana,8,easy,default128,train,K1-K0,D_region,64,2,True,-0.01219324721,-0.01286736364,-0.01151913079,-2.997855458
kana,8,easy,default128,train,K1-K0,D_change,64,2,True,-0.01451716735,-0.01772425883,-0.01131007588,-3.527938165
kana,8,easy,default128,train,K1-K0,D_high,64,2,True,-0.0005128432531,-0.0006275959313,-0.0003980905749,-0.3506994052
kana,8,hard,default128,train,K1-K0,family_s01,64,2,True,0.0005846079439,-0.001556986012,0.002726201899,0.06345683317
kana,8,hard,default128,train,K1-K0,lpips_alex,64,2,True,-0.003585596802,-0.003922749776,-0.003248443827,-2.425830551
kana,8,hard,default128,train,K1-K0,l1,64,2,True,-0.002405755868,-0.004837481596,2.59698606e-05,-3.51134405
kana,8,hard,default128,train,K1-K0,ssim,64,2,True,0.007079887784,-0.00248071722,0.01664049279,0.9650182375
kana,8,hard,default128,train,K1-K0,D_region,64,2,True,-0.01628011046,-0.03478154819,0.002221327275,-2.832004243
kana,8,hard,default128,train,K1-K0,D_change,64,2,True,-0.009319140576,-0.02170525026,0.003066969104,-1.979285204
kana,8,hard,default128,train,K1-K0,D_high,64,2,True,-0.0001053635497,-0.005667559803,0.005456832703,-0.05874059763
western,1,easy,default128,train,K1-K0,family_s01,160,2,True,0.006795232557,0.00600255169,0.007587913424,0.7595096596
western,1,easy,default128,train,K1-K0,lpips_alex,160,2,True,-0.007578533189,-0.01148207858,-0.003674987797,-5.941066303
western,1,easy,default128,train,K1-K0,l1,160,2,True,-0.005918287888,-0.008404490485,-0.003432085291,-8.059744954
western,1,easy,default128,train,K1-K0,ssim,160,2,True,0.01433506675,0.007397816707,0.02127231679,1.895894371
western,1,easy,default128,train,K1-K0,D_region,160,2,True,-0.0278421361,-0.04324610271,-0.01243816949,-6.57682571
western,1,easy,default128,train,K1-K0,D_change,160,2,True,-0.02593730912,-0.04273879211,-0.009135826118,-5.937951407
western,1,easy,default128,train,K1-K0,D_high,160,2,True,-0.004065787932,-0.007366531715,-0.000765044149,-2.861154736
western,1,hard,default128,train,K1-K0,family_s01,160,2,True,0.003655454423,0.001409875974,0.005901032872,0.4083759759
western,1,hard,default128,train,K1-K0,lpips_alex,160,2,True,-0.008866097755,-0.01218635561,-0.0055458399,-7.509262339
western,1,hard,default128,train,K1-K0,l1,160,2,True,-0.003595850992,-0.004470565896,-0.002721136089,-6.304540776
western,1,hard,default128,train,K1-K0,ssim,160,2,True,0.01264294795,0.007542880396,0.01774301551,1.585845768
western,1,hard,default128,train,K1-K0,D_region,160,2,True,-0.02757337252,-0.03566495385,-0.01948179118,-4.99199115
western,1,hard,default128,train,K1-K0,D_change,160,2,True,-0.02000546893,-0.03012862895,-0.009882308915,-4.065660944
western,1,hard,default128,train,K1-K0,D_high,160,2,True,-0.004128717771,-0.005254844762,-0.003002590779,-2.147866062
western,1,medium,default128,train,K1-K0,family_s01,80,1,True,0.002648469433,,,0.3158201334
western,1,medium,default128,train,K1-K0,lpips_alex,80,1,True,0.02141845068,,,9.657064498
western,1,medium,default128,train,K1-K0,l1,80,1,True,-0.001024427892,,,-1.691578792
western,1,medium,default128,train,K1-K0,ssim,80,1,True,0.00120360153,,,0.1531092256
western,1,medium,default128,train,K1-K0,D_region,80,1,True,-0.006079061329,,,-1.619346196
western,1,medium,default128,train,K1-K0,D_change,80,1,True,-0.008294264041,,,-2.251101132
western,1,medium,default128,train,K1-K0,D_high,80,1,True,-0.0003607138991,,,-0.2296113163
western,2,easy,default128,train,K1-K0,family_s01,160,2,True,-0.003014358412,-0.008658686653,0.002629969828,-0.3362240308
western,2,easy,default128,train,K1-K0,lpips_alex,160,2,True,-0.005923395406,-0.008627565322,-0.00321922549,-4.59559516
western,2,easy,default128,train,K1-K0,l1,160,2,True,-0.005352993302,-0.007706349358,-0.002999637246,-7.288822593
western,2,easy,default128,train,K1-K0,ssim,160,2,True,0.01249340846,0.007005975825,0.0179808411,1.652210619
western,2,easy,default128,train,K1-K0,D_region,160,2,True,-0.02389535345,-0.03482042812,-0.01297027878,-5.625092287
western,2,easy,default128,train,K1-K0,D_change,160,2,True,-0.02766599031,-0.04584504385,-0.009486936778,-6.362709816
western,2,easy,default128,train,K1-K0,D_high,160,2,True,-0.0029762764,-0.00581043642,-0.000142116379,-2.096321091
western,2,hard,default128,train,K1-K0,family_s01,160,2,True,0.005625267792,0.003497641906,0.007752893679,0.6175846908
western,2,hard,default128,train,K1-K0,lpips_alex,160,2,True,-0.008085681056,-0.008817078965,-0.007354283147,-7.224609205
western,2,hard,default128,train,K1-K0,l1,160,2,True,-0.002533972248,-0.003137329368,-0.001930615128,-4.621746081
western,2,hard,default128,train,K1-K0,ssim,160,2,True,0.009165842025,0.009072605414,0.009259078636,1.138556626
western,2,hard,default128,train,K1-K0,D_region,160,2,True,-0.01885840343,-0.02191229239,-0.01580451448,-3.523661881
western,2,hard,default128,train,K1-K0,D_change,160,2,True,-0.01023661131,-0.01182009373,-0.008653128892,-2.166315616
western,2,hard,default128,train,K1-K0,D_high,160,2,True,-0.003852547705,-0.004404896591,-0.003300198819,-2.013908143
western,2,medium,default128,train,K1-K0,family_s01,80,1,True,0.0004723098129,,,0.05459621165
western,2,medium,default128,train,K1-K0,lpips_alex,80,1,True,0.001690972364,,,1.372977881
western,2,medium,default128,train,K1-K0,l1,80,1,True,-0.0009015012255,,,-1.627629444
western,2,medium,default128,train,K1-K0,ssim,80,1,True,0.001296891853,,,0.1621133939
western,2,medium,default128,train,K1-K0,D_region,80,1,True,-0.005032561906,,,-1.415133772
western,2,medium,default128,train,K1-K0,D_change,80,1,True,-0.008626229223,,,-2.452323343
western,2,medium,default128,train,K1-K0,D_high,80,1,True,-0.0004414535128,,,-0.2780309245
western,4,easy,default128,train,K1-K0,family_s01,160,2,True,0.004244254064,0.003637928516,0.004850579612,0.4740015739
western,4,easy,default128,train,K1-K0,lpips_alex,160,2,True,-0.00347171633,-0.004261593474,-0.002681839187,-2.749390946
western,4,easy,default128,train,K1-K0,l1,160,2,True,-0.005745285799,-0.008454339852,-0.003036231745,-7.596423511
western,4,easy,default128,train,K1-K0,ssim,160,2,True,0.01265944944,0.007120434011,0.01819846487,1.686798659
western,4,easy,default128,train,K1-K0,D_region,160,2,True,-0.02376935892,-0.03398522027,-0.01355349757,-5.482812192
western,4,easy,default128,train,K1-K0,D_change,160,2,True,-0.02633363376,-0.04353879802,-0.009128469508,-5.881533433
western,4,easy,default128,train,K1-K0,D_high,160,2,True,-0.002071201336,-0.003891566023,-0.000250836648,-1.442012111
western,4,hard,default128,train,K1-K0,family_s01,160,2,True,0.008232168946,0.005875037983,0.01058929991,0.90466668
western,4,hard,default128,train,K1-K0,lpips_alex,160,2,True,-0.009111012635,-0.0102586661,-0.00796335917,-8.287517018
western,4,hard,default128,train,K1-K0,l1,160,2,True,-0.002815957329,-0.003274824687,-0.002357089971,-5.225552815
western,4,hard,default128,train,K1-K0,ssim,160,2,True,0.01018773896,0.009637804859,0.01073767307,1.259367423
western,4,hard,default128,train,K1-K0,D_region,160,2,True,-0.02252745125,-0.02332432624,-0.02173057627,-4.276404124
western,4,hard,default128,train,K1-K0,D_change,160,2,True,-0.01470700903,-0.0155848885,-0.01382912956,-3.16550549
western,4,hard,default128,train,K1-K0,D_high,160,2,True,-0.004807812069,-0.005116137397,-0.004499486741,-2.530390825
western,4,medium,default128,train,K1-K0,family_s01,80,1,True,0.0116829183,,,1.351584721
western,4,medium,default128,train,K1-K0,lpips_alex,80,1,True,-0.01265189089,,,-12.33259812
western,4,medium,default128,train,K1-K0,l1,80,1,True,-0.002923437713,,,-5.43660178
western,4,medium,default128,train,K1-K0,ssim,80,1,True,0.007151733849,,,0.8900834973
western,4,medium,default128,train,K1-K0,D_region,80,1,True,-0.01334534772,,,-3.845741102
western,4,medium,default128,train,K1-K0,D_change,80,1,True,-0.007466509566,,,-2.257669828
western,4,medium,default128,train,K1-K0,D_high,80,1,True,-0.00136089474,,,-0.8602946786
western,8,easy,default128,train,K1-K0,family_s01,160,2,True,0.004588840902,0.00334278699,0.005834894814,0.5130620027
western,8,easy,default128,train,K1-K0,lpips_alex,160,2,True,-0.005335064989,-0.005899322429,-0.004770807549,-4.190204403
western,8,easy,default128,train,K1-K0,l1,160,2,True,-0.00595095167,-0.008718447883,-0.003183455457,-7.82615128
western,8,easy,default128,train,K1-K0,ssim,160,2,True,0.01298665987,0.007539997857,0.01843332189,1.733345715
western,8,easy,default128,train,K1-K0,D_region,160,2,True,-0.0252473861,-0.03566018082,-0.01483459137,-5.77500288
western,8,easy,default128,train,K1-K0,D_change,160,2,True,-0.02646967256,-0.04468158726,-0.008257757872,-5.873242263
western,8,easy,default128,train,K1-K0,D_high,160,2,True,-0.001849017292,-0.003376059607,-0.0003219749779,-1.279689412
western,8,hard,default128,train,K1-K0,family_s01,160,2,True,0.007910592109,0.006421481445,0.009399702772,0.8630112475
western,8,hard,default128,train,K1-K0,lpips_alex,160,2,True,-0.01156134622,-0.01428537192,-0.008837320516,-10.78702215
western,8,hard,default128,train,K1-K0,l1,160,2,True,-0.003534065862,-0.004438013812,-0.002630117911,-6.706082985
western,8,hard,default128,train,K1-K0,ssim,160,2,True,0.01264033752,0.01169792777,0.01358274728,1.554822845
western,8,hard,default128,train,K1-K0,D_region,160,2,True,-0.02774880342,-0.03155916985,-0.02393843699,-5.34811812
western,8,hard,default128,train,K1-K0,D_change,160,2,True,-0.01925122663,-0.02208623178,-0.01641622148,-4.242563534
western,8,hard,default128,train,K1-K0,D_high,160,2,True,-0.004619944422,-0.005496920832,-0.003742968012,-2.454331374
western,8,medium,default128,train,K1-K0,family_s01,80,1,True,0.009825223684,,,1.136823094
western,8,medium,default128,train,K1-K0,lpips_alex,80,1,True,-0.008699767338,,,-8.596945011
western,8,medium,default128,train,K1-K0,l1,80,1,True,-0.002263114447,,,-4.229854433
western,8,medium,default128,train,K1-K0,ssim,80,1,True,0.005458362491,,,0.6792676283
western,8,medium,default128,train,K1-K0,D_region,80,1,True,-0.008708289452,,,-2.501122265
western,8,medium,default128,train,K1-K0,D_change,80,1,True,0.0002450807951,,,0.07243165187
western,8,medium,default128,train,K1-K0,D_high,80,1,True,-0.001157551445,,,-0.7243189744
bopomofo,1,hard,default128,val,K1-K0,family_s01,16,1,True,-0.01836939249,,,-2.172355258
bopomofo,1,hard,default128,val,K1-K0,lpips_alex,16,1,True,-0.02039074805,,,-9.411218645
bopomofo,1,hard,default128,val,K1-K0,l1,16,1,True,-0.005612415322,,,-4.079451037
bopomofo,1,hard,default128,val,K1-K0,ssim,16,1,True,0.01445052754,,,2.275612769
bopomofo,1,hard,default128,val,K1-K0,D_region,16,1,True,-0.006790090352,,,-0.926559968
bopomofo,1,hard,default128,val,K1-K0,D_change,16,1,True,-0.01586110331,,,-2.578477676
bopomofo,1,hard,default128,val,K1-K0,D_high,16,1,True,-0.001112840138,,,-0.5904183452
bopomofo,1,medium,default128,val,K1-K0,family_s01,16,1,True,0.003992956132,,,0.4332206711
bopomofo,1,medium,default128,val,K1-K0,lpips_alex,16,1,True,0.002832711674,,,4.81019276
bopomofo,1,medium,default128,val,K1-K0,l1,16,1,True,0.002292448555,,,5.703036406
bopomofo,1,medium,default128,val,K1-K0,ssim,16,1,True,-0.006996469256,,,-0.8385127826
bopomofo,1,medium,default128,val,K1-K0,D_region,16,1,True,0.002511600032,,,0.9758748443
bopomofo,1,medium,default128,val,K1-K0,D_change,16,1,True,0.008607654832,,,3.38826656
bopomofo,1,medium,default128,val,K1-K0,D_high,16,1,True,-9.301584214e-06,,,-0.006948857177
bopomofo,2,hard,default128,val,K1-K0,family_s01,16,1,True,-0.01568362024,,,-1.840189245
bopomofo,2,hard,default128,val,K1-K0,lpips_alex,16,1,True,-0.02169658616,,,-9.359622773
bopomofo,2,hard,default128,val,K1-K0,l1,16,1,True,-0.00899514591,,,-6.490810591
bopomofo,2,hard,default128,val,K1-K0,ssim,16,1,True,0.02086862709,,,3.303737522
bopomofo,2,hard,default128,val,K1-K0,D_region,16,1,True,-0.01581028104,,,-2.137625672
bopomofo,2,hard,default128,val,K1-K0,D_change,16,1,True,-0.01933479682,,,-3.097930314
bopomofo,2,hard,default128,val,K1-K0,D_high,16,1,True,-0.002766499296,,,-1.475663115
bopomofo,2,medium,default128,val,K1-K0,family_s01,16,1,True,0.0028268639,,,0.3059052798
bopomofo,2,medium,default128,val,K1-K0,lpips_alex,16,1,True,-0.001761430176,,,-3.005503865
bopomofo,2,medium,default128,val,K1-K0,l1,16,1,True,7.07422726e-06,,,0.01733532581
bopomofo,2,medium,default128,val,K1-K0,ssim,16,1,True,-0.001146325739,,,-0.1374744317
bopomofo,2,medium,default128,val,K1-K0,D_region,16,1,True,-0.007060214877,,,-2.732532717
bopomofo,2,medium,default128,val,K1-K0,D_change,16,1,True,0.001688898541,,,0.6636331989
bopomofo,2,medium,default128,val,K1-K0,D_high,16,1,True,-0.0003672717139,,,-0.2749442855
bopomofo,4,hard,default128,val,K1-K0,family_s01,16,1,True,-0.04258441459,,,-4.992697609
bopomofo,4,hard,default128,val,K1-K0,lpips_alex,16,1,True,-0.02359828539,,,-10.1496506
bopomofo,4,hard,default128,val,K1-K0,l1,16,1,True,-0.008123819189,,,-5.930364145
bopomofo,4,hard,default128,val,K1-K0,ssim,16,1,True,0.01799986487,,,2.831061056
bopomofo,4,hard,default128,val,K1-K0,D_region,16,1,True,-0.01292629912,,,-1.756079422
bopomofo,4,hard,default128,val,K1-K0,D_change,16,1,True,-0.01578612067,,,-2.547354179
bopomofo,4,hard,default128,val,K1-K0,D_high,16,1,True,-0.002719299868,,,-1.462655523
bopomofo,4,medium,default128,val,K1-K0,family_s01,16,1,True,0.00370368734,,,0.4001988973
bopomofo,4,medium,default128,val,K1-K0,lpips_alex,16,1,True,-0.001371933613,,,-2.383168742
bopomofo,4,medium,default128,val,K1-K0,l1,16,1,True,0.0008106107026,,,2.049099049
bopomofo,4,medium,default128,val,K1-K0,ssim,16,1,True,-0.00306062705,,,-0.3650446166
bopomofo,4,medium,default128,val,K1-K0,D_region,16,1,True,-0.004938719794,,,-1.962251451
bopomofo,4,medium,default128,val,K1-K0,D_change,16,1,True,0.005965419114,,,2.396554601
bopomofo,4,medium,default128,val,K1-K0,D_high,16,1,True,0.001030201092,,,0.7852871643
bopomofo,8,hard,default128,val,K1-K0,family_s01,16,1,True,-0.01830239128,,,-2.183488104
bopomofo,8,hard,default128,val,K1-K0,lpips_alex,16,1,True,-0.01662255358,,,-7.311253005
bopomofo,8,hard,default128,val,K1-K0,l1,16,1,True,-0.00854500166,,,-6.226206251
bopomofo,8,hard,default128,val,K1-K0,ssim,16,1,True,0.01945217049,,,3.061423191
bopomofo,8,hard,default128,val,K1-K0,D_region,16,1,True,-0.0154476054,,,-2.096769856
bopomofo,8,hard,default128,val,K1-K0,D_change,16,1,True,-0.01784168929,,,-2.875311827
bopomofo,8,hard,default128,val,K1-K0,D_high,16,1,True,-0.002358859405,,,-1.266674138
bopomofo,8,medium,default128,val,K1-K0,family_s01,16,1,True,0.00071663782,,,0.07710058715
bopomofo,8,medium,default128,val,K1-K0,lpips_alex,16,1,True,0.001615871559,,,2.991660407
bopomofo,8,medium,default128,val,K1-K0,l1,16,1,True,0.002492175798,,,6.676489259
bopomofo,8,medium,default128,val,K1-K0,ssim,16,1,True,-0.008632472607,,,-1.019414457
bopomofo,8,medium,default128,val,K1-K0,D_region,16,1,True,0.004233350977,,,1.774292931
bopomofo,8,medium,default128,val,K1-K0,D_change,16,1,True,0.01211130619,,,5.054648176
bopomofo,8,medium,default128,val,K1-K0,D_high,16,1,True,0.001113491599,,,0.8687680059
kana,1,easy,default128,val,K1-K0,family_s01,64,2,True,-0.005475927144,-0.00566809997,-0.005283754319,-0.6104806075
kana,1,easy,default128,val,K1-K0,lpips_alex,64,2,True,-0.0007916304457,-0.004704222665,0.003120961774,-0.820972057
kana,1,easy,default128,val,K1-K0,l1,64,2,True,-0.001652623262,-0.004178767319,0.000873520795,-2.152675097
kana,1,easy,default128,val,K1-K0,ssim,64,2,True,0.00233027941,-0.003106281436,0.007766840255,0.3241309977
kana,1,easy,default128,val,K1-K0,D_region,64,2,True,-0.005460279295,-0.01410701452,0.003186455928,-1.662523706
kana,1,easy,default128,val,K1-K0,D_change,64,2,True,0.002428463893,0.0002757236362,0.00458120415,0.5871869925
kana,1,easy,default128,val,K1-K0,D_high,64,2,True,0.0004802764161,-8.619297296e-05,0.001046745805,0.3299781249
kana,1,hard,default128,val,K1-K0,family_s01,32,1,True,-0.0249344809,,,-3.00303449
kana,1,hard,default128,val,K1-K0,lpips_alex,32,1,True,0.0008644200861,,,0.4245998864
kana,1,hard,default128,val,K1-K0,l1,32,1,True,-0.001995490579,,,-1.38107633
kana,1,hard,default128,val,K1-K0,ssim,32,1,True,0.005876989777,,,0.9529757719
kana,1,hard,default128,val,K1-K0,D_region,32,1,True,-0.005140259862,,,-0.7491714644
kana,1,hard,default128,val,K1-K0,D_change,32,1,True,-0.006681009196,,,-1.025818323
kana,1,hard,default128,val,K1-K0,D_high,32,1,True,-0.003993549384,,,-1.934977486
kana,2,easy,default128,val,K1-K0,family_s01,64,2,True,-0.003453445155,-0.00545986183,-0.00144702848,-0.385899491
kana,2,easy,default128,val,K1-K0,lpips_alex,64,2,True,-0.002537655004,-0.007869898225,0.002794588218,-2.638693973
kana,2,easy,default128,val,K1-K0,l1,64,2,True,-0.002943722926,-0.006313176041,0.0004257301879,-3.833642708
kana,2,easy,default128,val,K1-K0,ssim,64,2,True,0.004635241056,-0.00228709683,0.01155757894,0.6447609204
kana,2,easy,default128,val,K1-K0,D_region,64,2,True,-0.009703906719,-0.02104669157,0.001638878137,-2.955375465
kana,2,easy,default128,val,K1-K0,D_change,64,2,True,-0.001852846704,-0.00868887268,0.004983179271,-0.4484193226
kana,2,easy,default128,val,K1-K0,D_high,64,2,True,0.000277486979,-0.0009168821853,0.001471856143,0.1910117077
kana,2,hard,default128,val,K1-K0,family_s01,32,1,True,-0.01741938759,,,-2.09166168
kana,2,hard,default128,val,K1-K0,lpips_alex,32,1,True,0.005839194171,,,2.810254848
kana,2,hard,default128,val,K1-K0,l1,32,1,True,-0.001592206436,,,-1.103105921
kana,2,hard,default128,val,K1-K0,ssim,32,1,True,0.004995082264,,,0.809979329
kana,2,hard,default128,val,K1-K0,D_region,32,1,True,-0.004646705464,,,-0.6745875463
kana,2,hard,default128,val,K1-K0,D_change,32,1,True,-0.004805713892,,,-0.7318419737
kana,2,hard,default128,val,K1-K0,D_high,32,1,True,-0.004631286487,,,-2.255593558
kana,4,easy,default128,val,K1-K0,family_s01,64,2,True,-0.000258801505,-0.001105444506,0.0005878414959,-0.02879470456
kana,4,easy,default128,val,K1-K0,lpips_alex,64,2,True,-0.003197370999,-0.009990715305,0.003595973307,-3.390742653
kana,4,easy,default128,val,K1-K0,l1,64,2,True,-0.003375443602,-0.007916765068,0.001165877864,-4.481073642
kana,4,easy,default128,val,K1-K0,ssim,64,2,True,0.005274985245,-0.004329088102,0.01487905859,0.7294010158
kana,4,easy,default128,val,K1-K0,D_region,64,2,True,-0.009801950073,-0.02492278023,0.005318880081,-3.037289885
kana,4,easy,default128,val,K1-K0,D_change,64,2,True,-0.003142197384,-0.01431208942,0.008027694654,-0.7696403016
kana,4,easy,default128,val,K1-K0,D_high,64,2,True,0.0003909972729,-0.001802345505,0.002584340051,0.2709319005
kana,4,hard,default128,val,K1-K0,family_s01,32,1,True,-0.02700973582,,,-3.255015154
kana,4,hard,default128,val,K1-K0,lpips_alex,32,1,True,0.009644284379,,,4.652004457
kana,4,hard,default128,val,K1-K0,l1,32,1,True,-0.001565837652,,,-1.084400936
kana,4,hard,default128,val,K1-K0,ssim,32,1,True,0.005590147073,,,0.9070074379
kana,4,hard,default128,val,K1-K0,D_region,32,1,True,-0.005233770236,,,-0.7584752887
kana,4,hard,default128,val,K1-K0,D_change,32,1,True,-0.005164194852,,,-0.7845132824
kana,4,hard,default128,val,K1-K0,D_high,32,1,True,-0.005227823742,,,-2.538234639
kana,8,easy,default128,val,K1-K0,family_s01,64,2,True,-0.002162327059,-0.003832091577,-0.0004925625399,-0.2399853047
kana,8,easy,default128,val,K1-K0,lpips_alex,64,2,True,-0.00357307223,-0.01015584893,0.003009704466,-3.790513217
kana,8,easy,default128,val,K1-K0,l1,64,2,True,-0.004036664443,-0.008889896833,0.0008165679466,-5.366185944
kana,8,easy,default128,val,K1-K0,ssim,64,2,True,0.006539224411,-0.003441949302,0.01652039812,0.9034418672
kana,8,easy,default128,val,K1-K0,D_region,64,2,True,-0.01176439784,-0.02811587648,0.004587080795,-3.655210929
kana,8,easy,default128,val,K1-K0,D_change,64,2,True,-0.007377549075,-0.01590378024,0.001148682088,-1.811698505
kana,8,easy,default128,val,K1-K0,D_high,64,2,True,0.0005203528563,-0.002075121738,0.003115827451,0.3609741718
kana,8,hard,default128,val,K1-K0,family_s01,32,1,True,-0.02211734327,,,-2.682227062
kana,8,hard,default128,val,K1-K0,lpips_alex,32,1,True,0.007419255562,,,3.587963835
kana,8,hard,default128,val,K1-K0,l1,32,1,True,-0.001590491068,,,-1.101589789
kana,8,hard,default128,val,K1-K0,ssim,32,1,True,0.005176556814,,,0.839401033
kana,8,hard,default128,val,K1-K0,D_region,32,1,True,-0.004743861035,,,-0.6884275133
kana,8,hard,default128,val,K1-K0,D_change,32,1,True,-0.004646101967,,,-0.7069427006
kana,8,hard,default128,val,K1-K0,D_high,32,1,True,-0.005050622858,,,-2.454666185
western,1,easy,default128,val,K1-K0,family_s01,240,3,True,0.005128550033,0.0006661670282,0.008661526628,0.5927166837
western,1,easy,default128,val,K1-K0,lpips_alex,240,3,True,4.35748448e-05,-0.003317084792,0.00321829142,0.04297219918
western,1,easy,default128,val,K1-K0,l1,240,3,True,-0.001927771253,-0.004756928488,0.001178443925,-5.114421601
western,1,easy,default128,val,K1-K0,ssim,240,3,True,0.005520526057,-0.002665599099,0.01161357451,0.6482814731
western,1,easy,default128,val,K1-K0,D_region,240,3,True,-0.01329418955,-0.02750184108,0.005477021355,-5.238949226
western,1,easy,default128,val,K1-K0,D_change,240,3,True,-0.01899978003,-0.03965024166,0.002518025599,-6.584578907
western,1,easy,default128,val,K1-K0,D_high,240,3,True,-0.002828942224,-0.004523715843,0.000313985208,-2.183535547
western,1,hard,default128,val,K1-K0,family_s01,80,1,True,0.001924192347,,,0.2357766875
western,1,hard,default128,val,K1-K0,lpips_alex,80,1,True,-0.01361280363,,,-6.063560813
western,1,hard,default128,val,K1-K0,l1,80,1,True,-0.002144703585,,,-1.480075972
western,1,hard,default128,val,K1-K0,ssim,80,1,True,0.002647511671,,,0.424392559
western,1,hard,default128,val,K1-K0,D_region,80,1,True,-0.007968578488,,,-1.071432418
western,1,hard,default128,val,K1-K0,D_change,80,1,True,-0.01310019493,,,-1.7988176
western,1,hard,default128,val,K1-K0,D_high,80,1,True,-8.911713958e-05,,,-0.04087104598
western,1,medium,default128,val,K1-K0,family_s01,80,1,True,-0.01174237183,,,-1.438193508
western,1,medium,default128,val,K1-K0,lpips_alex,80,1,True,2.911076881e-05,,,0.02102253726
western,1,medium,default128,val,K1-K0,l1,80,1,True,-0.002542604933,,,-3.398719577
western,1,medium,default128,val,K1-K0,ssim,80,1,True,0.007340935247,,,0.9424371756
western,1,medium,default128,val,K1-K0,D_region,80,1,True,-0.01099657938,,,-2.024408249
western,1,medium,default128,val,K1-K0,D_change,80,1,True,-0.01895263288,,,-3.989803863
western,1,medium,default128,val,K1-K0,D_high,80,1,True,-0.00367638357,,,-2.466332654
western,2,easy,default128,val,K1-K0,family_s01,240,3,True,0.005476757387,-0.0008875658736,0.00996065475,0.6314471322
western,2,easy,default128,val,K1-K0,lpips_alex,240,3,True,0.0004830395434,-0.003735041618,0.005081290589,0.4654708835
western,2,easy,default128,val,K1-K0,l1,240,3,True,-0.001976267829,-0.004196665645,0.0009324522995,-5.230092727
western,2,easy,default128,val,K1-K0,ssim,240,3,True,0.005993775592,-0.001640812355,0.009848012243,0.7035858493
western,2,easy,default128,val,K1-K0,D_region,240,3,True,-0.01266120874,-0.02204887327,0.003711462487,-4.998631163
western,2,easy,default128,val,K1-K0,D_change,240,3,True,-0.01906501579,-0.03477822617,0.0009051341563,-6.625422132
western,2,easy,default128,val,K1-K0,D_high,240,3,True,-0.003427737346,-0.006833957788,-0.0008225389756,-2.642893634
western,2,hard,default128,val,K1-K0,family_s01,80,1,True,0.003710740805,,,0.4577493852
western,2,hard,default128,val,K1-K0,lpips_alex,80,1,True,-0.007225314528,,,-3.13956245
western,2,hard,default128,val,K1-K0,l1,80,1,True,0.0007603464563,,,0.5158908455
western,2,hard,default128,val,K1-K0,ssim,80,1,True,-0.002637995603,,,-0.4274220054
western,2,hard,default128,val,K1-K0,D_region,80,1,True,0.005783947557,,,0.7618484851
western,2,hard,default128,val,K1-K0,D_change,80,1,True,0.006110848859,,,0.8180344236
western,2,hard,default128,val,K1-K0,D_high,80,1,True,-0.0009086349979,,,-0.4176370958
western,2,medium,default128,val,K1-K0,family_s01,80,1,True,-0.02131622906,,,-2.61876761
western,2,medium,default128,val,K1-K0,lpips_alex,80,1,True,0.004372265004,,,3.252243917
western,2,medium,default128,val,K1-K0,l1,80,1,True,-0.0009645363137,,,-1.339706888
western,2,medium,default128,val,K1-K0,ssim,80,1,True,0.003920986475,,,0.4986059272
western,2,medium,default128,val,K1-K0,D_region,80,1,True,-0.001621823385,,,-0.3065300212
western,2,medium,default128,val,K1-K0,D_change,80,1,True,-0.01170437243,,,-2.551904326
western,2,medium,default128,val,K1-K0,D_high,80,1,True,-0.002886515483,,,-1.967353556
western,4,easy,default128,val,K1-K0,family_s01,240,3,True,0.005480160005,-0.001975573972,0.009370089695,0.6296006535
western,4,easy,default128,val,K1-K0,lpips_alex,240,3,True,0.002113274031,-0.002869275911,0.008417143894,2.128304313
western,4,easy,default128,val,K1-K0,l1,240,3,True,-0.001205888027,-0.002434576695,0.001208586516,-3.251628602
western,4,easy,default128,val,K1-K0,ssim,240,3,True,0.004078255867,-0.002862836257,0.009599620056,0.477410928
western,4,easy,default128,val,K1-K0,D_region,240,3,True,-0.008574915056,-0.0179356386,0.006394306105,-3.435388258
western,4,easy,default128,val,K1-K0,D_change,240,3,True,-0.01357698577,-0.02246988192,0.004115354735,-4.721432542
western,4,easy,default128,val,K1-K0,D_high,240,3,True,-0.002769110212,-0.006704965653,0.000420537591,-2.150172982
western,4,hard,default128,val,K1-K0,family_s01,80,1,True,-0.003732864745,,,-0.4587485736
western,4,hard,default128,val,K1-K0,lpips_alex,80,1,True,0.0003948731348,,,0.1723989401
western,4,hard,default128,val,K1-K0,l1,80,1,True,0.001346720112,,,0.9045650503
western,4,hard,default128,val,K1-K0,ssim,80,1,True,-0.00500277006,,,-0.8156009695
western,4,hard,default128,val,K1-K0,D_region,80,1,True,0.01009233445,,,1.315379043
western,4,hard,default128,val,K1-K0,D_change,80,1,True,0.006962670758,,,0.9206611605
western,4,hard,default128,val,K1-K0,D_high,80,1,True,-0.0004665942863,,,-0.2145136152
western,4,medium,default128,val,K1-K0,family_s01,80,1,True,-0.02092383613,,,-2.596665743
western,4,medium,default128,val,K1-K0,lpips_alex,80,1,True,0.003933441592,,,2.815678229
western,4,medium,default128,val,K1-K0,l1,80,1,True,-0.001582759949,,,-2.116987256
western,4,medium,default128,val,K1-K0,ssim,80,1,True,0.005727443845,,,0.7328950555
western,4,medium,default128,val,K1-K0,D_region,80,1,True,-0.006224946678,,,-1.13963319
western,4,medium,default128,val,K1-K0,D_change,80,1,True,-0.01326742377,,,-2.806624113
western,4,medium,default128,val,K1-K0,D_high,80,1,True,-0.003246503696,,,-2.199940655
western,8,easy,default128,val,K1-K0,family_s01,240,3,True,0.004776269322,-0.003520788625,0.01028237268,0.5470087843
western,8,easy,default128,val,K1-K0,lpips_alex,240,3,True,0.001260210058,-0.002833229827,0.005549920932,1.297382108
western,8,easy,default128,val,K1-K0,l1,240,3,True,-0.0006992120126,-0.002329074968,0.001319971022,-1.899393764
western,8,easy,default128,val,K1-K0,ssim,240,3,True,0.003124595521,-0.003236065144,0.009050152627,0.3654723685
western,8,easy,default128,val,K1-K0,D_region,240,3,True,-0.005473027425,-0.01650854759,0.00793754016,-2.213089073
western,8,easy,default128,val,K1-K0,D_change,240,3,True,-0.007871477554,-0.02185483025,0.005032107607,-2.729338507
western,8,easy,default128,val,K1-K0,D_high,240,3,True,-0.002095191258,-0.006395505415,0.001261941716,-1.618352747
western,8,hard,default128,val,K1-K0,family_s01,80,1,True,0.005053955223,,,0.6261136333
western,8,hard,default128,val,K1-K0,lpips_alex,80,1,True,-0.005209834408,,,-2.274403155
western,8,hard,default128,val,K1-K0,l1,80,1,True,0.0003648226869,,,0.2459225525
western,8,hard,default128,val,K1-K0,ssim,80,1,True,-0.002973142136,,,-0.4831481648
western,8,hard,default128,val,K1-K0,D_region,80,1,True,0.005028295144,,,0.658194058
western,8,hard,default128,val,K1-K0,D_change,80,1,True,0.002100834996,,,0.2788880271
western,8,hard,default128,val,K1-K0,D_high,80,1,True,-0.0004459712654,,,-0.2051675719
western,8,medium,default128,val,K1-K0,family_s01,80,1,True,-0.0212867484,,,-2.571721775
western,8,medium,default128,val,K1-K0,lpips_alex,80,1,True,-0.0008978876285,,,-0.6614469259
western,8,medium,default128,val,K1-K0,l1,80,1,True,-0.002066020093,,,-2.783315627
western,8,medium,default128,val,K1-K0,ssim,80,1,True,0.006150451101,,,0.7875431559
western,8,medium,default128,val,K1-K0,D_region,80,1,True,-0.01001549996,,,-1.864289421
western,8,medium,default128,val,K1-K0,D_change,80,1,True,-0.01812980808,,,-3.849101285
western,8,medium,default128,val,K1-K0,D_high,80,1,True,-0.003140213713,,,-2.107630514
bopomofo,1,easy,original47,test,K1-K0,family_s01,3,1,True,0.0087497135,,,0.9814003532
bopomofo,1,easy,original47,test,K1-K0,lpips_alex,3,1,True,0.002760084967,,,2.308126977
bopomofo,1,easy,original47,test,K1-K0,l1,3,1,True,-0.001824902991,,,-2.157491162
bopomofo,1,easy,original47,test,K1-K0,ssim,3,1,True,-0.002372573587,,,-0.3261014363
bopomofo,1,easy,original47,test,K1-K0,D_region,3,1,True,0.0126641194,,,2.629604038
bopomofo,1,easy,original47,test,K1-K0,D_change,3,1,True,-0.002752433221,,,-0.6189713493
bopomofo,1,easy,original47,test,K1-K0,D_high,3,1,True,0.006290741265,,,4.905716316
bopomofo,1,hard,original47,test,K1-K0,family_s01,6,2,True,0.009909113248,0.009213238955,0.01060498754,1.139399852
bopomofo,1,hard,original47,test,K1-K0,lpips_alex,6,2,True,-0.03355788191,-0.04047977924,-0.02663598458,-26.47778762
bopomofo,1,hard,original47,test,K1-K0,l1,6,2,True,-0.01023511309,-0.02418669499,0.003716468811,-15.4163508
bopomofo,1,hard,original47,test,K1-K0,ssim,6,2,True,0.02547158097,-0.006704785002,0.05764794693,3.199932578
bopomofo,1,hard,original47,test,K1-K0,D_region,6,2,True,-0.0888019676,-0.1813723395,0.003768404325,-16.26096206
bopomofo,1,hard,original47,test,K1-K0,D_change,6,2,True,-0.05335950851,-0.1423096657,0.03559064865,-12.32256335
bopomofo,1,hard,original47,test,K1-K0,D_high,6,2,True,-0.005304213613,-0.01736172785,0.006753300627,-4.051609532
bopomofo,1,medium,original47,test,K1-K0,family_s01,12,4,True,0.008479637404,-0.009085704883,0.02604497969,1.019955901
bopomofo,1,medium,original47,test,K1-K0,lpips_alex,12,4,True,-0.0005451583614,-0.01603603239,0.01741512368,-0.3768976145
bopomofo,1,medium,original47,test,K1-K0,l1,12,4,True,0.001487820099,0.0003209086135,0.002905074817,2.160335801
bopomofo,1,medium,original47,test,K1-K0,ssim,12,4,True,-0.001518425404,-0.004852012627,0.002367624453,-0.1967335118
bopomofo,1,medium,original47,test,K1-K0,D_region,12,4,True,0.0150621285,0.007227152586,0.02387179434,3.159442232
bopomofo,1,medium,original47,test,K1-K0,D_change,12,4,True,0.005731351674,-0.00176564604,0.0119925191,1.344117349
bopomofo,1,medium,original47,test,K1-K0,D_high,12,4,True,0.001553827276,-0.0009908843786,0.003656109174,1.092022749
bopomofo,2,easy,original47,test,K1-K0,family_s01,3,1,True,-0.005997995536,,,-0.6540714506
bopomofo,2,easy,original47,test,K1-K0,lpips_alex,3,1,True,0.001907929778,,,1.5337889
bopomofo,2,easy,original47,test,K1-K0,l1,3,1,True,0.0008516038458,,,0.9833904433
bopomofo,2,easy,original47,test,K1-K0,ssim,3,1,True,-0.008118054352,,,-1.124464724
bopomofo,2,easy,original47,test,K1-K0,D_region,3,1,True,0.02486778299,,,5.033088293
bopomofo,2,easy,original47,test,K1-K0,D_change,3,1,True,0.02135528127,,,4.786345008
bopomofo,2,easy,original47,test,K1-K0,D_high,3,1,True,0.01033242792,,,7.710708176
bopomofo,2,hard,original47,test,K1-K0,family_s01,6,2,True,0.0144281139,0.006189018488,0.02266720931,1.667329616
bopomofo,2,hard,original47,test,K1-K0,lpips_alex,6,2,True,-0.02980326489,-0.04334320376,-0.01626332601,-22.47050902
bopomofo,2,hard,original47,test,K1-K0,l1,6,2,True,-0.005293084619,-0.020777734,0.01019156476,-7.403314529
bopomofo,2,hard,original47,test,K1-K0,ssim,6,2,True,0.01422710385,-0.01724288341,0.0456970911,1.810725653
bopomofo,2,hard,original47,test,K1-K0,D_region,6,2,True,-0.04750493169,-0.1428241928,0.04781432947,-8.334046063
bopomofo,2,hard,original47,test,K1-K0,D_change,6,2,True,-0.01563235621,-0.1079031328,0.07663842042,-3.396661887
bopomofo,2,hard,original47,test,K1-K0,D_high,6,2,True,-0.002358842641,-0.008270087341,0.003552402059,-1.761805561
bopomofo,2,medium,original47,test,K1-K0,family_s01,12,4,True,-0.007546087106,-0.03448664149,0.01939446727,-0.8837083881
bopomofo,2,medium,original47,test,K1-K0,lpips_alex,12,4,True,0.003469937791,-0.01728574435,0.01833202193,2.372808622
bopomofo,2,medium,original47,test,K1-K0,l1,12,4,True,0.001566153641,-0.0009786890199,0.004848241806,2.242323133
bopomofo,2,medium,original47,test,K1-K0,ssim,12,4,True,-0.001090104717,-0.007608667249,0.005183295712,-0.1418289648
bopomofo,2,medium,original47,test,K1-K0,D_region,12,4,True,0.01184358448,0.0008052090804,0.03038166215,2.438679897
bopomofo,2,medium,original47,test,K1-K0,D_change,12,4,True,0.004905325671,-0.001190150777,0.01322409262,1.133663114
bopomofo,2,medium,original47,test,K1-K0,D_high,12,4,True,-0.0007586187373,-0.004671500375,0.0031542629,-0.5235251106
bopomofo,4,easy,original47,test,K1-K0,family_s01,3,1,True,-0.02309438586,,,-2.448604218
bopomofo,4,easy,original47,test,K1-K0,lpips_alex,3,1,True,-0.007147962848,,,-5.099635898
bopomofo,4,easy,original47,test,K1-K0,l1,3,1,True,0.001555686196,,,1.712569151
bopomofo,4,easy,original47,test,K1-K0,ssim,3,1,True,-0.008459279847,,,-1.188319956
bopomofo,4,easy,original47,test,K1-K0,D_region,3,1,True,0.02109696468,,,4.081857416
bopomofo,4,easy,original47,test,K1-K0,D_change,3,1,True,0.03542617957,,,7.646931513
bopomofo,4,easy,original47,test,K1-K0,D_high,3,1,True,0.008032619953,,,5.829465269
bopomofo,4,hard,original47,test,K1-K0,family_s01,6,2,True,0.005694021781,-0.01136021813,0.02274826169,0.6536398757
bopomofo,4,hard,original47,test,K1-K0,lpips_alex,6,2,True,-0.03461915068,-0.03922542557,-0.0300128758,-24.84297916
bopomofo,4,hard,original47,test,K1-K0,l1,6,2,True,-0.00899480128,-0.02150068618,0.003511083623,-12.40974009
bopomofo,4,hard,original47,test,K1-K0,ssim,6,2,True,0.02227290282,-0.003580483005,0.04812628864,2.842591079
bopomofo,4,hard,original47,test,K1-K0,D_region,6,2,True,-0.06952444216,-0.1485990981,0.009550213814,-12.20507739
bopomofo,4,hard,original47,test,K1-K0,D_change,6,2,True,-0.03302230686,-0.1061314195,0.04008680582,-7.146108893
bopomofo,4,hard,original47,test,K1-K0,D_high,6,2,True,-0.002484721442,-0.009376267592,0.004406824708,-1.882197732
bopomofo,4,medium,original47,test,K1-K0,family_s01,12,4,True,-0.003744746248,-0.02048592766,0.01299643517,-0.4385450462
bopomofo,4,medium,original47,test,K1-K0,lpips_alex,12,4,True,0.007579607268,-0.002031333745,0.01719054828,5.413566366
bopomofo,4,medium,original47,test,K1-K0,l1,12,4,True,0.001648452443,-0.0007221785684,0.004170069781,2.35395453
bopomofo,4,medium,original47,test,K1-K0,ssim,12,4,True,-0.001738748526,-0.006731227914,0.001869007294,-0.2262905442
bopomofo,4,medium,original47,test,K1-K0,D_region,12,4,True,0.009868609409,-0.009320298831,0.02776191384,2.012970573
bopomofo,4,medium,original47,test,K1-K0,D_change,12,4,True,0.003082707524,-0.008355197807,0.01213140786,0.7053403439
bopomofo,4,medium,original47,test,K1-K0,D_high,12,4,True,-6.816784541e-05,-0.002256318927,0.002330052356,-0.04742861335
bopomofo,8,easy,original47,test,K1-K0,family_s01,3,1,True,-0.02957089742,,,-3.143836577
bopomofo,8,easy,original47,test,K1-K0,lpips_alex,3,1,True,-0.008440648516,,,-5.93135414
bopomofo,8,easy,original47,test,K1-K0,l1,3,1,True,0.003027555843,,,3.251124228
bopomofo,8,easy,original47,test,K1-K0,ssim,3,1,True,-0.01083067891,,,-1.532416695
bopomofo,8,easy,original47,test,K1-K0,D_region,3,1,True,0.02367641528,,,4.526488114
bopomofo,8,easy,original47,test,K1-K0,D_change,3,1,True,0.05807861686,,,12.19405263
bopomofo,8,easy,original47,test,K1-K0,D_high,3,1,True,0.01031476259,,,7.527341054
bopomofo,8,hard,original47,test,K1-K0,family_s01,6,2,True,0.004657482107,-0.01498281956,0.02429778377,0.5372504113
bopomofo,8,hard,original47,test,K1-K0,lpips_alex,6,2,True,-0.03018246405,-0.03971580292,-0.02064912518,-22.11015258
bopomofo,8,hard,original47,test,K1-K0,l1,6,2,True,-0.007903130725,-0.02154919381,0.005742932359,-10.97147622
bopomofo,8,hard,original47,test,K1-K0,ssim,6,2,True,0.01940840995,-0.01031831227,0.04913513216,2.471746034
bopomofo,8,hard,original47,test,K1-K0,D_region,6,2,True,-0.06089670956,-0.1519165734,0.03012315432,-10.78520341
bopomofo,8,hard,original47,test,K1-K0,D_change,6,2,True,-0.02820628385,-0.1104466816,0.05403411388,-6.1448331
bopomofo,8,hard,original47,test,K1-K0,D_high,6,2,True,-0.001709694664,-0.009149750074,0.005730360746,-1.306379128
bopomofo,8,medium,original47,test,K1-K0,family_s01,12,4,True,-0.02385508642,-0.04795066391,-0.007152286669,-2.767308236
bopomofo,8,medium,original47,test,K1-K0,lpips_alex,12,4,True,0.003274447285,-0.006328500186,0.01417042191,2.336282126
bopomofo,8,medium,original47,test,K1-K0,l1,12,4,True,0.002535129276,0.0007017850876,0.004754945325,3.659289892
bopomofo,8,medium,original47,test,K1-K0,ssim,12,4,True,-0.005143662797,-0.01102710751,0.0007397819192,-0.6668431426
bopomofo,8,medium,original47,test,K1-K0,D_region,12,4,True,0.01625175029,0.006898730993,0.0295939669,3.348294819
bopomofo,8,medium,original47,test,K1-K0,D_change,12,4,True,0.007800792654,-0.001002088189,0.0166036735,1.793337998
bopomofo,8,medium,original47,test,K1-K0,D_high,12,4,True,0.001024975752,-0.002502397945,0.00321407492,0.7181968319
kana,1,easy,original47,test,K1-K0,family_s01,28,4,True,-0.006734459528,-0.01650943288,0.003968448511,-0.7681716331
kana,1,easy,original47,test,K1-K0,lpips_alex,28,4,True,0.004345004314,-0.003170008106,0.01395566149,2.365734152
kana,1,easy,original47,test,K1-K0,l1,28,4,True,-0.0002295207232,-0.00524188791,0.004782846464,-0.2159776189
kana,1,easy,original47,test,K1-K0,ssim,28,4,True,0.002504739166,-0.008304887401,0.01557233652,0.3869775743
kana,1,easy,original47,test,K1-K0,D_region,28,4,True,-0.00660218192,-0.02365319112,0.009206825069,-1.50582903
kana,1,easy,original47,test,K1-K0,D_change,28,4,True,0.0002950621503,-0.02114536294,0.02108193082,0.06107208803
kana,1,easy,original47,test,K1-K0,D_high,28,4,True,-0.001309261258,-0.002975307405,0.0003567848887,-0.9286534037
kana,1,hard,original47,test,K1-K0,family_s01,21,3,True,0.007141715004,-0.03686927046,0.03852593473,0.8417240953
kana,1,hard,original47,test,K1-K0,lpips_alex,21,3,True,-0.006638114296,-0.008765693222,-0.00431842144,-4.560996712
kana,1,hard,original47,test,K1-K0,l1,21,3,True,-0.00113876572,-0.004000165101,0.0007017366588,-1.528535582
kana,1,hard,original47,test,K1-K0,ssim,21,3,True,0.001547094468,-0.003986512896,0.008308918423,0.2038082724
kana,1,hard,original47,test,K1-K0,D_region,21,3,True,0.003251480205,-0.007230975798,0.01325365475,0.5585826545
kana,1,hard,original47,test,K1-K0,D_change,21,3,True,-0.006216415337,-0.02191004157,0.006830900908,-1.361919644
kana,1,hard,original47,test,K1-K0,D_high,21,3,True,-0.0008893005905,-0.002254086946,0.0005959112729,-0.6429876705
kana,1,medium,original47,test,K1-K0,family_s01,42,6,False,-0.0002132689669,-0.01219523166,0.01155988766,-0.02526576812
kana,1,medium,original47,test,K1-K0,lpips_alex,42,6,False,-0.005747603341,-0.008779878772,-0.00266397638,-3.462537883
kana,1,medium,original47,test,K1-K0,l1,42,6,False,-0.003654747669,-0.005735892093,-0.001506230661,-3.962975309
kana,1,medium,original47,test,K1-K0,ssim,42,6,False,0.006667426363,0.001743945998,0.01239215425,0.9344686121
kana,1,medium,original47,test,K1-K0,D_region,42,6,False,-0.01612477856,-0.02963547196,-0.002764733774,-3.044892837
kana,1,medium,original47,test,K1-K0,D_change,42,6,False,-0.01664663496,-0.0287820562,-0.003701256854,-3.641050342
kana,1,medium,original47,test,K1-K0,D_high,42,6,False,-0.000695055262,-0.003029477383,0.001639366859,-0.4940084698
kana,2,easy,original47,test,K1-K0,family_s01,28,4,True,-0.006450934069,-0.01264129473,-0.0004123268383,-0.722490763
kana,2,easy,original47,test,K1-K0,lpips_alex,28,4,True,0.009856807334,-0.0008941021349,0.0206077168,5.355237371
kana,2,easy,original47,test,K1-K0,l1,28,4,True,0.002881451643,-0.00152289894,0.008280253437,2.625806626
kana,2,easy,original47,test,K1-K0,ssim,28,4,True,-0.005052872204,-0.01591028541,0.005749415815,-0.7843000346
kana,2,easy,original47,test,K1-K0,D_region,28,4,True,0.007626423346,-0.005455436451,0.02336938786,1.748016133
kana,2,easy,original47,test,K1-K0,D_change,28,4,True,0.01047776693,-0.01392672796,0.03050377007,2.16060793
kana,2,easy,original47,test,K1-K0,D_high,28,4,True,3.802270762e-05,-0.001996864166,0.002072909581,0.02747478554
kana,2,hard,original47,test,K1-K0,family_s01,21,3,True,-0.001882479304,-0.02736211675,0.02199383932,-0.2222845399
kana,2,hard,original47,test,K1-K0,lpips_alex,21,3,True,-0.008242879595,-0.01601877915,-0.003237892474,-5.515791558
kana,2,hard,original47,test,K1-K0,l1,21,3,True,-0.001764477896,-0.00336960916,0.0003593239401,-2.319075252
kana,2,hard,original47,test,K1-K0,ssim,21,3,True,0.004017511379,-0.0005347946496,0.00711433999,0.5323209833
kana,2,hard,original47,test,K1-K0,D_region,21,3,True,-0.003024261622,-0.01877502033,0.01877089058,-0.5101818791
kana,2,hard,original47,test,K1-K0,D_change,21,3,True,-0.01266591464,-0.02452909521,0.008594661951,-2.73393131
kana,2,hard,original47,test,K1-K0,D_high,21,3,True,-0.00180674841,-0.003020924117,-0.0009184777737,-1.307413961
kana,2,medium,original47,test,K1-K0,family_s01,42,6,False,-0.007134375473,-0.0168893834,0.00188774722,-0.8342406841
kana,2,medium,original47,test,K1-K0,lpips_alex,42,6,False,-0.002530255665,-0.007234268245,0.002387649601,-1.545430817
kana,2,medium,original47,test,K1-K0,l1,42,6,False,-0.003219790934,-0.00627348572,-0.0008106950138,-3.582893901
kana,2,medium,original47,test,K1-K0,ssim,42,6,False,0.005280396592,-0.0003090372279,0.01290606314,0.7359672065
kana,2,medium,original47,test,K1-K0,D_region,42,6,False,-0.01012612099,-0.02037760119,-0.0009562111149,-1.947075697
kana,2,medium,original47,test,K1-K0,D_change,42,6,False,-0.01197686011,-0.0290694627,0.00195208717,-2.678853033
kana,2,medium,original47,test,K1-K0,D_high,42,6,False,-0.000271722497,-0.004005271587,0.002915448731,-0.1946921244
kana,4,easy,original47,test,K1-K0,family_s01,28,4,True,-0.009122040655,-0.01177340107,-0.007073800479,-1.014645654
kana,4,easy,original47,test,K1-K0,lpips_alex,28,4,True,0.01144346196,-0.003011634307,0.02589855822,6.203584442
kana,4,easy,original47,test,K1-K0,l1,28,4,True,0.004205551797,-9.903019028e-05,0.008466287915,3.864335586
kana,4,easy,original47,test,K1-K0,ssim,28,4,True,-0.01086367572,-0.01968893046,0.000470650422,-1.676901301
kana,4,easy,original47,test,K1-K0,D_region,28,4,True,0.01450593291,-0.001903996936,0.03004617404,3.364462886
kana,4,easy,original47,test,K1-K0,D_change,28,4,True,0.01797876294,-0.01196766538,0.03639282499,3.736088779
kana,4,easy,original47,test,K1-K0,D_high,28,4,True,0.001469464707,-0.001986618553,0.004840070116,1.065138137
kana,4,hard,original47,test,K1-K0,family_s01,21,3,True,0.007441973402,-0.0322146288,0.03057138835,0.8707828701
kana,4,hard,original47,test,K1-K0,lpips_alex,21,3,True,-0.004872854799,-0.009257646544,-0.0005963258445,-3.306247945
kana,4,hard,original47,test,K1-K0,l1,21,3,True,-0.001632020942,-0.003309978438,0.001619457666,-2.150415058
kana,4,hard,original47,test,K1-K0,ssim,21,3,True,0.005171215078,-0.003981197484,0.009863752116,0.6857077479
kana,4,hard,original47,test,K1-K0,D_region,21,3,True,-0.007198144992,-0.02902720656,0.02500551513,-1.209336795
kana,4,hard,original47,test,K1-K0,D_change,21,3,True,-0.01662491333,-0.0332038658,0.01207632252,-3.589940035
kana,4,hard,original47,test,K1-K0,D_high,21,3,True,-0.001922278177,-0.003293585564,1.922994852e-05,-1.397242326
kana,4,medium,original47,test,K1-K0,family_s01,42,6,False,-0.009042903071,-0.01623554386,6.546080112e-05,-1.061260079
kana,4,medium,original47,test,K1-K0,lpips_alex,42,6,False,-0.002325399646,-0.009355321172,0.004785594131,-1.429099613
kana,4,medium,original47,test,K1-K0,l1,42,6,False,-0.002156398303,-0.00478155503,0.0003778008478,-2.399921594
kana,4,medium,original47,test,K1-K0,ssim,42,6,False,0.003287401467,-0.001649767464,0.009258871429,0.4579507564
kana,4,medium,original47,test,K1-K0,D_region,42,6,False,-0.006029100645,-0.01344747345,0.002321886165,-1.159837296
kana,4,medium,original47,test,K1-K0,D_change,42,6,False,-0.008613801428,-0.02094232397,0.003640421799,-1.925682937
kana,4,medium,original47,test,K1-K0,D_high,42,6,False,-8.831066745e-05,-0.002877595879,0.00246160229,-0.06315896743
kana,8,easy,original47,test,K1-K0,family_s01,28,4,True,-0.006730169058,-0.009952398283,-0.003310245063,-0.7475284986
kana,8,easy,original47,test,K1-K0,lpips_alex,28,4,True,0.01346744703,0.004124226315,0.02281066775,7.51782084
kana,8,easy,original47,test,K1-K0,l1,28,4,True,0.005254211037,0.002515138526,0.007861659064,5.002759573
kana,8,easy,original47,test,K1-K0,ssim,28,4,True,-0.01359745186,-0.02166921565,-0.004673579029,-2.079997828
kana,8,easy,original47,test,K1-K0,D_region,28,4,True,0.01871717774,0.005607222872,0.02936767467,4.417534083
kana,8,easy,original47,test,K1-K0,D_change,28,4,True,0.01915982898,-0.009928465954,0.04238683624,3.987985815
kana,8,easy,original47,test,K1-K0,D_high,28,4,True,0.002994778965,-0.000318992883,0.007230614711,2.177223987
kana,8,hard,original47,test,K1-K0,family_s01,21,3,True,0.02469107083,-0.0127422767,0.0566723517,2.905331397
kana,8,hard,original47,test,K1-K0,lpips_alex,21,3,True,-0.001499482741,-0.003149730286,-8.729206664e-05,-1.029033497
kana,8,hard,original47,test,K1-K0,l1,21,3,True,-0.002685073852,-0.005780775632,0.0005885575499,-3.555353033
kana,8,hard,original47,test,K1-K0,ssim,21,3,True,0.008449953374,-0.001014036964,0.01678664626,1.119131441
kana,8,hard,original47,test,K1-K0,D_region,21,3,True,-0.01202737717,-0.02974658353,0.01911251034,-2.02147189
kana,8,hard,original47,test,K1-K0,D_change,21,3,True,-0.01989086753,-0.03958104764,0.008819052151,-4.317009406
kana,8,hard,original47,test,K1-K0,D_high,21,3,True,-0.003561750054,-0.005499030863,-0.0004972442985,-2.600104806
kana,8,medium,original47,test,K1-K0,family_s01,42,6,False,-0.004560328665,-0.01413918127,0.008076708232,-0.5314014924
kana,8,medium,original47,test,K1-K0,lpips_alex,42,6,False,-0.001986183936,-0.008059433883,0.003179159548,-1.238009531
kana,8,medium,original47,test,K1-K0,l1,42,6,False,-0.001724856063,-0.00337981477,-0.0003568169971,-1.928739804
kana,8,medium,original47,test,K1-K0,ssim,42,6,False,0.002062376895,-0.00175276971,0.007438712034,0.2872906952
kana,8,medium,original47,test,K1-K0,D_region,42,6,False,-0.003915563935,-0.01514557359,0.00633612417,-0.7561033499
kana,8,medium,original47,test,K1-K0,D_change,42,6,False,-0.005281963519,-0.01728451784,0.005416697689,-1.184040112
kana,8,medium,original47,test,K1-K0,D_high,42,6,False,0.0006710532166,-0.001942373457,0.00291486794,0.4775295001
western,1,easy,original47,test,K1-K0,family_s01,111,3,True,-0.004121156829,-0.01652676431,0.01079109835,-0.4770183687
western,1,easy,original47,test,K1-K0,lpips_alex,111,3,True,-0.01636969842,-0.04291435402,0.007095879598,-10.37905959
western,1,easy,original47,test,K1-K0,l1,111,3,True,-0.002712118884,-0.01001727672,0.009442873349,-3.238574096
western,1,easy,original47,test,K1-K0,ssim,111,3,True,0.005809489227,-0.01784391826,0.02183731822,0.7986165522
western,1,easy,original47,test,K1-K0,D_region,111,3,True,-0.01328749874,-0.03647538697,0.02903203062,-3.126340599
western,1,easy,original47,test,K1-K0,D_change,111,3,True,-0.01801838907,-0.05583544841,0.0249133698,-3.867106216
western,1,easy,original47,test,K1-K0,D_high,111,3,True,-0.0002059394846,-0.005311761353,0.00369193566,-0.1405832955
western,1,hard,original47,test,K1-K0,family_s01,296,8,False,0.00929553618,0.001202179851,0.01712639189,1.102466614
western,1,hard,original47,test,K1-K0,lpips_alex,296,8,False,-0.01057293123,-0.01560228249,-0.005923795168,-7.245080876
western,1,hard,original47,test,K1-K0,l1,296,8,False,-0.002347369087,-0.003669155636,-0.0008766146123,-3.544459825
western,1,hard,original47,test,K1-K0,ssim,296,8,False,0.006303058761,0.002781538425,0.009355920283,0.798922336
western,1,hard,original47,test,K1-K0,D_region,296,8,False,-0.0176625177,-0.02663485654,-0.007606146253,-3.395632637
western,1,hard,original47,test,K1-K0,D_change,296,8,False,-0.01969666542,-0.02609099989,-0.01228137078,-4.116874257
western,1,hard,original47,test,K1-K0,D_high,296,8,False,-0.003215604827,-0.004737110057,-0.001434102227,-1.87733823
western,1,medium,original47,test,K1-K0,family_s01,185,5,False,-0.001820698119,-0.02033755475,0.01128387556,-0.2264218969
western,1,medium,original47,test,K1-K0,lpips_alex,185,5,False,-0.004920403755,-0.005925374377,-0.003861545152,-2.868160405
western,1,medium,original47,test,K1-K0,l1,185,5,False,-0.002367710196,-0.002884001526,-0.001909899289,-3.359972934
western,1,medium,original47,test,K1-K0,ssim,185,5,False,0.004122471564,0.00265120388,0.005746999712,0.5303815812
western,1,medium,original47,test,K1-K0,D_region,185,5,False,-0.0134289495,-0.01665806513,-0.01019983388,-2.79388643
western,1,medium,original47,test,K1-K0,D_change,185,5,False,-0.0097942043,-0.01710115591,-0.0005918944204,-2.240593635
western,1,medium,original47,test,K1-K0,D_high,185,5,False,3.19512712e-05,-0.001608799035,0.001672701578,0.02180660274
western,2,easy,original47,test,K1-K0,family_s01,111,3,True,-0.005941423411,-0.01251409666,-0.002390459583,-0.6825548347
western,2,easy,original47,test,K1-K0,lpips_alex,111,3,True,-0.002771890143,-0.006721020148,0.005007894257,-1.486634129
western,2,easy,original47,test,K1-K0,l1,111,3,True,0.0004154210994,-0.005981457092,0.007292699522,0.4464720122
western,2,easy,original47,test,K1-K0,ssim,111,3,True,-0.001665996482,-0.0135722024,0.008696417285,-0.234592571
western,2,easy,original47,test,K1-K0,D_region,111,3,True,0.001777601806,-0.01324890312,0.02046871387,0.3930679473
western,2,easy,original47,test,K1-K0,D_change,111,3,True,-0.002809850214,-0.02823740888,0.01521213957,-0.5641040371
western,2,easy,original47,test,K1-K0,D_high,111,3,True,0.001768042442,-0.0005933733003,0.003223449596,1.207489298
western,2,hard,original47,test,K1-K0,family_s01,296,8,False,0.009414552686,-0.0005814020295,0.02074774851,1.110565882
western,2,hard,original47,test,K1-K0,lpips_alex,296,8,False,-0.01389265215,-0.02638903905,-0.003084417725,-9.101829378
western,2,hard,original47,test,K1-K0,l1,296,8,False,-0.003266045585,-0.004657716868,-0.00182757402,-4.828144086
western,2,hard,original47,test,K1-K0,ssim,296,8,False,0.008553727461,0.004293896837,0.01280668375,1.087768796
western,2,hard,original47,test,K1-K0,D_region,296,8,False,-0.02518008926,-0.03506796052,-0.01457899562,-4.762041253
western,2,hard,original47,test,K1-K0,D_change,296,8,False,-0.02423183852,-0.03088788006,-0.01822923401,-4.970352559
western,2,hard,original47,test,K1-K0,D_high,296,8,False,-0.002276282418,-0.00382462933,-0.0007068950154,-1.332043206
western,2,medium,original47,test,K1-K0,family_s01,185,5,False,0.006693505234,-0.009656493688,0.02109746345,0.8080481577
western,2,medium,original47,test,K1-K0,lpips_alex,185,5,False,-0.009782085014,-0.01914392722,-0.002491268485,-5.742052911
western,2,medium,original47,test,K1-K0,l1,185,5,False,-0.003682190794,-0.004948067454,-0.002316742481,-5.110521317
western,2,medium,original47,test,K1-K0,ssim,185,5,False,0.005659957584,0.00442061839,0.006899296778,0.7307450731
western,2,medium,original47,test,K1-K0,D_region,185,5,False,-0.01786210118,-0.02249207561,-0.01352084408,-3.659980736
western,2,medium,original47,test,K1-K0,D_change,185,5,False,-0.01484531929,-0.02268847308,-0.007002165511,-3.321990846
western,2,medium,original47,test,K1-K0,D_high,185,5,False,0.0001876433959,-0.001370862046,0.001930791301,0.1275087866
western,4,easy,original47,test,K1-K0,family_s01,111,3,True,-0.006237562108,-0.009856958043,-0.0033269146,-0.7158000526
western,4,easy,original47,test,K1-K0,lpips_alex,111,3,True,-0.001648750492,-0.002738053432,-0.001085587047,-0.8688296809
western,4,easy,original47,test,K1-K0,l1,111,3,True,-0.0001804847774,-0.001904374744,0.002837614484,-0.1947914492
western,4,easy,original47,test,K1-K0,ssim,111,3,True,0.0002203067356,-0.003876541517,0.003185723095,0.03099293282
western,4,easy,original47,test,K1-K0,D_region,111,3,True,-0.003507950956,-0.009653445031,0.002220551307,-0.7777172176
western,4,easy,original47,test,K1-K0,D_change,111,3,True,-0.005804554031,-0.01678525838,-7.194844452e-05,-1.170017426
western,4,easy,original47,test,K1-K0,D_high,111,3,True,0.0008395486721,0.0001879096837,0.001398390411,0.571918081
western,4,hard,original47,test,K1-K0,family_s01,296,8,False,0.007848785385,0.001253163363,0.01534112642,0.9225174363
western,4,hard,original47,test,K1-K0,lpips_alex,296,8,False,-0.00707994723,-0.01893582067,0.005484976787,-4.665359016
western,4,hard,original47,test,K1-K0,l1,296,8,False,-0.002600868365,-0.003857223578,-0.001353174297,-3.854225202
western,4,hard,original47,test,K1-K0,ssim,296,8,False,0.006521697668,0.003316887112,0.009705452531,0.8298388084
western,4,hard,original47,test,K1-K0,D_region,296,8,False,-0.02098705896,-0.02772641949,-0.01341797164,-3.958245883
western,4,hard,original47,test,K1-K0,D_change,296,8,False,-0.01997546044,-0.02544448545,-0.01478317868,-4.101076851
western,4,hard,original47,test,K1-K0,D_high,296,8,False,-0.001774163011,-0.002740906108,-0.0007940893238,-1.035535123
western,4,medium,original47,test,K1-K0,family_s01,185,5,False,0.006911944014,-0.01004248346,0.02088431265,0.8326235318
western,4,medium,original47,test,K1-K0,lpips_alex,185,5,False,-0.01424020315,-0.02824272413,-0.00475752543,-9.029612541
western,4,medium,original47,test,K1-K0,l1,185,5,False,-0.003593704764,-0.005719789722,-0.001467619806,-5.076535953
western,4,medium,original47,test,K1-K0,ssim,185,5,False,0.005292995636,0.002804812574,0.007804735978,0.6807721172
western,4,medium,original47,test,K1-K0,D_region,185,5,False,-0.01563755749,-0.02092402102,-0.009900340841,-3.257205464
western,4,medium,original47,test,K1-K0,D_change,185,5,False,-0.01454062389,-0.022479117,-0.007018352844,-3.293455263
western,4,medium,original47,test,K1-K0,D_high,185,5,False,0.001120341549,-0.000341842102,0.003119798649,0.7617655542
western,8,easy,original47,test,K1-K0,family_s01,111,3,True,-0.005496674293,-0.01107150236,-0.0001045183555,-0.627177759
western,8,easy,original47,test,K1-K0,lpips_alex,111,3,True,-0.006856818457,-0.01423749398,-0.002031308775,-3.973777305
western,8,easy,original47,test,K1-K0,l1,111,3,True,-0.001768481179,-0.004154373061,0.0027981917,-2.063549968
western,8,easy,original47,test,K1-K0,ssim,111,3,True,0.002208626026,-0.006028934319,0.007107225673,0.3052065006
western,8,easy,original47,test,K1-K0,D_region,111,3,True,-0.007572229515,-0.01866521545,0.003166488296,-1.753771301
western,8,easy,original47,test,K1-K0,D_change,111,3,True,-0.0136817687,-0.0267252173,-0.002431837288,-2.849871352
western,8,easy,original47,test,K1-K0,D_high,111,3,True,0.0001350786235,-0.00147779588,0.001786036064,0.09216425197
western,8,hard,original47,test,K1-K0,family_s01,296,8,False,0.009105167175,0.0004071624748,0.01907764492,1.067272989
western,8,hard,original47,test,K1-K0,lpips_alex,296,8,False,-0.002976542452,-0.01857666225,0.01662422578,-1.996290831
western,8,hard,original47,test,K1-K0,l1,296,8,False,-0.00252293347,-0.004667394675,-0.0007783607706,-3.739726029
western,8,hard,original47,test,K1-K0,ssim,296,8,False,0.005377447675,0.0005386876196,0.01089199624,0.6844062567
western,8,hard,original47,test,K1-K0,D_region,296,8,False,-0.01812210863,-0.02736474493,-0.009348304867,-3.423496501
western,8,hard,original47,test,K1-K0,D_change,296,8,False,-0.01896924619,-0.02591640439,-0.01249402142,-3.900769542
western,8,hard,original47,test,K1-K0,D_high,296,8,False,-0.001097696531,-0.002774382816,0.0006859080765,-0.6391122225
western,8,medium,original47,test,K1-K0,family_s01,185,5,False,0.004137508531,-0.0008546823585,0.00912969942,0.4940384306
western,8,medium,original47,test,K1-K0,lpips_alex,185,5,False,-0.01136500597,-0.01813919303,-0.005095925454,-7.179536195
western,8,medium,original47,test,K1-K0,l1,185,5,False,-0.002372382194,-0.004945306782,-0.000105193801,-3.291325145
western,8,medium,original47,test,K1-K0,ssim,185,5,False,0.002846696184,-0.001511456206,0.007572488856,0.3675146001
western,8,medium,original47,test,K1-K0,D_region,185,5,False,-0.01064693807,-0.01999742775,-0.001552639861,-2.192657707
western,8,medium,original47,test,K1-K0,D_change,185,5,False,-0.008891495015,-0.02077179068,0.002970011331,-1.976643275
western,8,medium,original47,test,K1-K0,D_high,185,5,False,0.001683173349,-0.0004439715195,0.004699614201,1.134290288
